573 533 333 354 433 231 189 750 428 400 246 629 829 772|0.001 -0.03608327326752314 -0.033685134161905994 0.01960093333219115
2121 1225 2828 943 696 1210 1622 533 1131 653 1508 2345 1373 1328|0.001 0.015697283568187892 0.023403702489070977 -0.1650112349125632
566 738 1061 3000 1600 1200 2250 1720 693 1284 1299 1456 1887 1327|0.001 -0.08630695637096175 0.00916817538831216 -0.02645460739016281
930 581 1744 755 403 329 616 746 697 429 1308 1838 1346 986|0.001 -0.12280384275440315 -0.002754671972927669 0.017607885558348357
988 533 1324 2309 1732 924 1232 816 568 435 770 1782 2449 1823|0.001 -0.015562786021050545 -0.029809646867703377 -0.01616251882816666
354 750 433 573 333 246 428 533 189 400 231 1061 1054 485|0.001 0.00449883058049938 0.02312613880550929 -0.12065618393262811
625 1875 1075 433 354 663 812 750 461 1406 802 1179 1061 494|0.001 0.14763865024431944 0.1302051018440542 0.01530713532243766
755 746 403 930 1744 1308 697 581 616 429 329 595 1097 1849|0.001 0.10204300234662789 0.04826404615511981 0.11943890508484545
1732 816 2309 2483 1853 1066 1443 1875 3248 1531 4330 2449 1477 2034|0.001 -0.018397844922830586 0.06810493074626223 0.06247480967748631
3000 1720 1600 566 1061 1299 693 738 2250 1284 1200 3162 791 2487|0.001 0.06452000846874029 0.1068589053699176 0.033595677476963015
433 750 354 625 1075 802 461 1875 812 1406 663 829 1976 640|0.001 0.08642230235858195 -0.0035560687401470226 0.06330921916514853
1305 1875 1768 2828 2121 3977 5303 1225 2269 2296 3041 1398 2345 4186|0.001 -0.022180591852909437 -0.007441440026186852 0.03894045671250179
943 533 696 2121 2828 1508 1131 1225 1622 653 1210 745 3000 1779|0.001 0.02282099178880559 -0.060629463910697456 0.06559563714250594
577 1333 471 328 570 765 444 533 308 711 251 1414 626 455|0.001 0.06422562537625076 0.05945491691397242 -0.1372777159881744
1625 1739 3048 1437 766 938 1760 1355 2167 2330 4064 1908 1071 2299|0.001 -0.05550302208865432 0.047470173498980195 0.027292193499079964
2309 816 1732 988 1324 770 568 533 1232 435 924 1915 788 2434|0.001 0.020315843669138633 0.06288445093830086 -0.02194213549392865
540 1340 1012 1753 935 1247 2337 575 441 779 826 797 1845 1034|0.001 -0.1906999358724104 0.0370878420001719 0.06092451031372681
328 533 570 577 471 251 308 1333 444 711 765 1052 1106 351|0.001 0.06331486280207965 -0.19508836508202454 0.047876427962363355
2483 1875 1853 1732 2309 4330 3248 816 1443 1531 1066 3342 1915 2723|0.001 -0.003957008393519201 0.024659181500472638 -0.04360108548998931
1753 575 935 540 1012 826 441 1340 2337 779 1247 1098 1804 1938|0.001 0.07690252707243106 -0.09855001363366811 0.025435925804537796
471 1333 577 1070 615 833 1434 1875 884 2500 1083 1106 1174 1213|0.001 -0.03521050740743936 0.021467170794744472 0.043904408424868535
2828 1225 2121 1305 1768 3041 2269 1875 5303 2296 3977 3000 2574 5590|0.001 0.051891775979870935 -0.03477685830906463 0.077618701579929
1437 1355 766 1625 3048 4064 2167 1739 1760 2330 938 1972 3208 4310|0.001 0.1095853530514157 0.033255074896247905 0.018643715147377282
1070 1875 615 471 577 1083 884 1333 1434 2500 833 1973 1414 1929|0.001 0.024682070755250862 0.09384393933413948 0.09701720325089536
1075 1875 625 354 433 812 663 750 802 1406 461 1976 829 640|0.001 0.06908473957357275 0.0725298390305329 0.009424176132806217
2121 1225 2828 1768 1305 2269 3041 1875 3977 2296 5303 2345 1398 4186|0.001 0.005040548145123225 0.11917284048662324 0.1132534148272657
1061 738 566 1600 3000 2250 1200 1720 1299 1284 693 791 3162 2487|0.001 0.03199747848801282 -0.003303334154762805 0.07985507464506769
1744 581 930 403 755 616 329 746 1308 429 697 1097 595 1849|0.001 0.15896267019750887 0.07373927741745279 -7.838860039299789e-05
1853 1875 2483 2309 1732 3248 4330 816 1066 1531 1443 1477 2449 2034|0.001 -0.016043084256451845 0.11025352076732053 0.06614587497387081
354 750 433 1075 625 461 802 1875 663 1406 812 1061 1179 494|0.001 0.06353561509068406 -0.01879194287393582 -0.010955049995329258
333 533 573 433 354 189 231 750 246 400 428 1054 1061 485|0.001 -0.015583055004343427 -0.09900854506005641 0.029197464040349175
403 746 755 1744 930 697 1308 581 329 429 616 1346 1838 986|0.001 -0.0042157704393530615 -0.006219502431679125 -0.019554518637134866
1732 816 2309 1324 988 568 770 533 924 435 1232 2449 1782 1823|0.001 0.0008502851078828755 -0.011565574335951068 -0.051299898873017336
1600 1720 3000 1061 566 693 1299 738 1200 1284 2250 1887 1456 1327|0.001 -0.11449425087743048 -0.01439373901147567 0.04845889812907345
433 750 354 333 573 428 246 533 231 400 189 829 629 772|0.001 -0.027784286081390386 0.02349551383327375 -0.05270557905319273
696 533 943 2828 2121 1131 1508 1225 1210 653 1622 1373 2345 1328|0.001 0.031647260951868095 -0.10979623847910736 -0.020603776614899205
1768 1875 1305 2121 2828 5303 3977 1225 3041 2296 2269 2574 3000 5590|0.001 0.05177322621362723 0.10058656009021671 -0.04602444132618566
577 1333 471 615 1070 1434 833 1875 1083 2500 884 1414 1973 1929|0.001 -0.12822164041423334 -0.04304206403634936 -0.0062555606541214726
3048 1739 1625 766 1437 1760 938 1355 4064 2330 2167 3208 1972 4310|0.001 0.0672441524804479 -0.04874731436098512 0.017185236741470433
2309 816 1732 1853 2483 1443 1066 1875 4330 1531 3248 1915 3342 2723|0.001 0.06878566545098774 0.011211400206561084 0.15164132775636663
1012 1340 540 935 1753 2337 1247 575 826 779 441 1804 1098 1938|0.001 0.13085399746580295 0.09349439819509531 0.011652856658024291
615 1875 1070 577 471 884 1083 1333 833 2500 1434 1174 1106 1213|0.001 -0.0715409725312588 0.05986082743015597 0.019142998539489753
1324 533 988 1732 2309 1232 924 816 770 435 568 788 1915 2434|0.001 0.02262154645343184 -0.06438868557638422 0.08007929357145338
935 575 1753 1012 540 441 826 1340 1247 779 2337 1845 797 1034|0.001 -0.19509752721054152 0.08541052726918297 0.06689501694085553
471 1333 577 570 328 444 765 533 251 711 308 1106 1052 351|0.001 0.04848271753382871 0.007309160840367479 -0.028865762463334832
2828 1225 2121 696 943 1622 1210 533 1508 653 1131 3000 745 1779|0.001 0.04703694181674045 0.06602258457448329 -0.1619386618726537
766 1355 1437 3048 1625 2167 4064 1739 938 2330 1760 1071 1908 2299|0.001 -0.0685048165685298 0.017057759664409478 0.08568928428408285
570 533 328 471 577 308 251 1333 765 711 444 626 1414 455|0.001 0.054545305732249805 -0.0347260302748198 0.011545330412483512
625 1000 625 433 433 354 354 500 375 500 375 1179 829 718|0.001 0.0231137684369509 0.022971925511527935 -0.09937932113340708
1155 1000 2309 1443 866 866 1443 816 1155 816 2309 1915 1658 1443|0.001 -0.19435563832569613 0.058917642273113024 0.013269209710897734
566 600 693 1600 1600 800 800 1000 566 600 693 1149 1887 1265|0.001 0.0712242568003707 -0.14598303702387128 0.02679779226039125
1600 1000 1600 693 566 566 693 600 800 600 800 1887 1149 1265|0.001 0.06640171235214876 0.02935232561825929 -0.149004130117657
866 816 1443 2309 1155 1155 2309 1000 866 816 1443 1658 1915 1443|0.001 -0.1625191791338132 0.07060705889336161 0.031239489640211282
433 500 433 625 625 375 375 1000 354 500 354 829 1179 718|0.001 0.04781907269868935 -0.20474854727224545 0.03893800184505247
625 1000 625 354 354 433 433 500 375 500 375 1179 791 515|0.001 0.015388822089235088 0.08540267160859871 -0.12706240312246986
693 600 566 1600 1600 800 800 1000 693 600 566 825 1887 1327|0.001 0.055921942312422424 -0.19344851524851103 0.046128358276558146
1414 1000 2828 1768 1061 1061 1768 1225 1414 1225 2828 2236 1458 1768|0.001 -0.12368595087024148 0.03754208779277457 -0.0012071173712269179
1600 1000 1600 566 693 693 566 600 800 600 800 1887 825 1327|0.001 0.013560072343925533 0.05547596553740153 -0.19431250405092748
354 500 354 625 625 375 375 1000 433 500 433 791 1179 515|0.001 0.029468030791066635 -0.09870099156232714 0.004509383288326951
1061 1225 1768 2828 1414 1414 2828 1000 1061 1225 1768 1458 2236 1768|0.001 -0.1547739758790967 -0.001939604512118942 0.05118235784259184
1443 816 866 1155 2309 2309 1155 1000 1443 816 866 1190 1915 2723|0.001 0.1490410463984415 0.08058625142785436 0.0818923319641951
866 2000 866 750 750 1250 1250 1000 707 2000 707 1658 1250 1031|0.001 0.07676530432916051 0.13469256076012348 0.05806663256691991
1333 1000 1333 1155 943 943 1155 1667 2667 1667 2667 1667 1374 2108|0.001 -0.07189567184652246 0.018433722249144857 0.10416147955373711
2309 1000 1155 866 1443 1443 866 816 2309 816 1155 1915 1190 2723|0.001 0.10941963632140395 0.023231081848107404 -0.053482130369757463
943 1667 1155 1333 1333 2667 2667 1000 943 1667 1155 1374 1667 2108|0.001 0.03627472650179042 0.1797590975587715 0.0718046225837865
750 1000 750 866 866 707 707 2000 1250 2000 1250 1250 1658 1031|0.001 0.08456955584898562 0.09286761927909559 0.13734142469038702
1768 1225 1061 1414 2828 2828 1414 1000 1768 1225 1061 2031 2236 3335|0.001 0.1820380259290899 0.009659783173754377 0.08302911518683231
1333 1000 1333 943 1155 1155 943 1667 2667 1667 2667 1667 1915 2211|0.001 0.119854524926164 0.08159446052186103 0.11600242399364857
707 2000 707 750 750 1250 1250 1000 866 2000 866 1581 1250 1436|0.001 0.07780070796635563 0.18907491444552615 0.02992751360697099
2828 1000 1414 1061 1768 1768 1061 1225 2828 1225 1414 2236 2031 3335|0.001 0.1460694060033818 0.10289357785935094 0.11666881609126989
1155 1667 943 1333 1333 2667 2667 1000 1155 1667 943 1915 1667 2211|0.001 0.004997711623413448 0.1857443404643644 0.08141415762262572
750 1000 750 707 707 866 866 2000 1250 2000 1250 1250 1581 1436|0.001 0.043526406889577984 -0.006207811379496109 0.11239979380978093
573 533 333 433 354 189 231 750 528 400 272 629 1061 673|0.001 0.010738753206709362 -0.1357225728276923 -0.0016729385345304326
1732 816 2309 770 629 1218 1324 533 924 435 1232 2449 1162 867|0.001 0.0328939731312472 0.018095060428602316 -0.1482689909326751
693 817 1299 3000 1600 1200 2250 1720 566 1583 1061 1510 1887 1697|0.001 -0.023265928758685606 0.02507644074670523 -0.024824641605389886
930 581 1744 616 329 403 755 920 697 475 1308 1838 1174 771|0.001 -0.117258503400538 -0.012233108891771538 0.01307799736512072
1492 533 1622 2828 2121 1131 1508 1225 770 653 943 1904 2345 2548|0.001 0.010702690816659644 -0.15089932280085705 0.01531499555526894
433 750 354 573 333 272 528 533 231 400 189 829 1054 503|0.001 -0.0334596803616094 0.010417856503968093 -0.050185249751825145
625 1875 1075 354 433 812 663 750 511 1406 989 1179 829 681|0.001 0.10325362235108937 0.07201600542584341 0.05873802045701204
616 920 329 930 1744 1308 697 581 755 475 403 935 1097 1446|0.001 0.10770899559759295 0.02340157351915506 0.10676294415212562
2121 1225 2828 3041 2798 1444 1768 1875 3977 2296 5303 2345 2842 1990|0.001 0.05788784635510691 0.10662929517861519 0.08070295260767413
3000 1720 1600 693 1299 1061 566 817 2250 1583 1200 3162 1090 3182|0.001 0.09980278729877723 0.059799643467948194 0.07401578435568767
354 750 433 625 1075 989 511 1875 663 1406 812 1061 1976 1005|0.001 0.09956600528182591 0.07435692213862088 0.12563810536610376
1179 1875 1443 2309 1732 3248 4330 816 2284 1531 2483 1573 2449 3901|0.001 0.020888213820677848 0.1394582947542755 0.12433963701887762
770 533 629 1732 2309 1232 924 816 1324 435 1218 839 1915 1452|0.001 0.011671334587715076 -0.04925527924689699 0.056927099771475476
471 1333 577 363 703 765 444 533 251 711 308 1106 500 715|0.001 0.09765662722231339 0.043862461901624794 -0.12192855885226894
1469 1937 2754 1590 848 692 1298 1224 1958 2106 3672 1378 1334 1624|0.001 -0.026225636686791898 0.0552637540203027 0.018927528174599306
2828 1225 2121 1492 1622 943 770 533 1508 653 1131 3000 1516 2981|0.001 0.06167435884665062 0.05970508423100318 -0.13826692622155745
357 1087 670 1422 758 1011 1895 516 438 632 821 1016 1708 1072|0.001 -0.15148154236154565 0.06903639959519703 0.08101359495401139
363 533 703 471 577 308 251 1333 444 711 765 1201 1414 484|0.001 0.06659463275049848 -0.054679140438937957 -0.0002620737152236874
3041 1875 2798 2121 2828 5303 3977 1225 1768 2296 1444 3571 3000 3335|0.001 0.0773293288919441 0.09106790392917175 -0.047402948237654785
1422 516 758 357 670 821 438 1087 1895 632 1011 711 1276 2010|0.001 -0.021994078594850253 -0.08774746644158893 -0.013429920347929336
577 1333 471 1319 681 833 1434 1875 1083 2500 884 1414 938 1258|0.001 0.008615952510064862 0.05548810990406272 0.07789019696199384
2309 816 1732 1179 1443 2483 2284 1875 4330 1531 3248 1915 2179 4564|0.001 0.01586157542729394 -0.07377968567582549 -0.006566572450138475
1590 1224 848 1469 2754 3672 1958 1937 1298 2106 692 1848 3308 3045|0.001 0.07267515736659735 0.06468223393729433 -0.017829056264453413
1319 1875 681 577 471 884 1083 1333 1434 2500 833 2252 1106 1683|0.001 -0.03875037894570332 0.010909824667353352 0.019191591478302517
1075 1875 625 433 354 663 812 750 989 1406 511 1976 1061 1005|0.001 0.05803962303260857 0.11069979260638796 -0.007090549050527972
1732 816 2309 1443 1179 2284 2483 1875 3248 1531 4330 2449 1573 3901|0.001 0.03244473383467783 0.03952211917369164 0.04294806836108167
1299 817 693 1600 3000 2250 1200 1720 1061 1583 566 1090 3162 3182|0.001 0.09636174959892996 0.047572813175633666 0.0928235787187548
1744 581 930 329 616 755 403 920 1308 475 697 1097 935 1446|0.001 0.10258985478061255 0.10769137561938313 0.08071700645713165
2798 1875 3041 2828 2121 3977 5303 1225 1444 2296 1768 2842 2345 1990|0.001 0.006017252882901669 0.09357271835013892 0.082805839378568
433 750 354 1075 625 511 989 1875 812 1406 663 829 1179 681|0.001 0.1123984339844486 0.05759127459605162 0.12117808574690692
333 533 573 354 433 231 189 750 272 400 528 1054 829 503|0.001 -0.0001526296834508667 -0.1293511282473736 0.03429085507903995
329 920 616 1744 930 697 1308 581 403 475 755 1174 1838 771|0.001 -0.032806038560743156 -0.008487117211720685 -0.01569682626773372
2121 1225 2828 1622 1492 770 943 533 1131 653 1508 2345 1904 2548|0.001 0.008500263520727636 0.01571968915883737 -0.1762866527650142
1600 1720 3000 1299 693 566 1061 817 1200 1583 2250 1887 1510 1697|0.001 -0.1482528000012373 0.008474634806314718 0.013831517218778622
354 750 433 333 573 528 272 533 189 400 231 1061 629 673|0.001 -0.0077325915233883435 -0.012032313825612873 -0.03850520164651483
629 533 770 2309 1732 924 1232 816 1218 435 1324 1162 2449 867|0.001 0.000256471174331363 -0.03882497203601343 -0.021837559702813092
1443 1875 1179 1732 2309 4330 3248 816 2483 1531 2284 2179 1915 4564|0.001 0.03746892705897009 0.09175765939543723 -0.011976344808526385
471 1333 577 681 1319 1434 833 1875 884 2500 1083 1106 2252 1683|0.001 -0.024821854932159937 0.050303085871274966 0.07101579693910676
2754 1937 1469 848 1590 1298 692 1224 3672 2106 1958 3308 1848 3045|0.001 0.13301870971134555 0.06812987507200052 0.1359764523965401
2828 1225 2121 2798 3041 1768 1444 1875 5303 2296 3977 3000 3571 3335|0.001 0.01563656464321994 -0.02500517059243923 0.013797332228502324
670 1087 357 758 1422 1895 1011 516 821 632 438 1276 711 2010|0.001 0.03736428606034625 -0.03393991640530558 -0.13268075017669356
681 1875 1319 471 577 1083 884 1333 833 2500 1434 938 1414 1258|0.001 -0.05563258227608836 0.032789107150030805 -0.015196647114343875
1622 533 1492 2121 2828 1508 1131 1225 943 653 770 1516 3000 2981|0.001 0.00565783809356013 -0.1008610202673188 0.05771252481491462
758 516 1422 670 357 438 821 1087 1011 632 1895 1708 1016 1072|0.001 -0.15894760319185797 0.05816621530386312 0.020372335265790298
577 1333 471 703 363 444 765 533 308 711 251 1414 1201 484|0.001 0.051942731179046575 0.0668340783130672 -0.13078640090042448
2309 816 1732 629 770 1324 1218 533 1232 435 924 1915 839 1452|0.001 0.017118887418057227 0.03682020882441295 -0.020753825623989197
848 1224 1590 2754 1469 1958 3672 1937 692 2106 1298 1334 1378 1624|0.001 -0.1608225619354231 0.07947560365329842 0.07554872710546112
703 533 363 577 471 251 308 1333 765 711 444 500 1106 715|0.001 0.07064919916815127 -0.10085662004336582 0.0022241302066761115
3000 1000 3000 566 1061 1299 693 738 2250 817 2600 3162 791 2487|0.05 0 0 0
1305 1875 1768 5303 4596 3977 5303 1225 1444 2296 1768 1398 4704 4186|0.05 0 0 0
231 867 189 333 333 272 246 1000 433 750 354 887 1054 363|0.05 0 0 0
333 1000 333 354 433 231 189 750 272 867 246 1054 829 503|0.05 0 0 0
2121 1225 2828 943 696 770 943 533 2451 653 2828 2345 1373 2548|0.05 0 0 0
566 738 1061 3000 3000 2600 2250 1000 693 817 1299 1456 3162 2661|0.05 0 0 0
3000 1000 3000 1299 693 566 1061 817 2600 738 2250 3162 1510 3053|0.05 0 0 0
354 750 433 333 333 246 272 1000 189 867 231 1061 1054 485|0.05 0 0 0
629 533 770 2309 1732 2001 2309 816 568 435 770 1162 2449 1823|0.05 0 0 0
333 1000 333 231 189 354 433 867 246 750 272 1054 1018 264|0.05 0 0 0
1299 817 693 3000 3000 2250 2600 1000 1061 738 566 1090 3162 3182|0.05 0 0 0
3753 816 4330 1443 1179 1066 1443 1875 3248 1531 4330 4406 1573 3901|0.05 0 0 0
5303 1225 4596 1305 1768 1768 1444 1875 5303 2296 3977 5397 2574 5590|0.05 0 0 0
1437 1355 766 3522 3048 4064 4064 1107 1760 1355 938 1972 3208 4310|0.05 0 0 0
314 865 284 218 266 500 408 1154 385 1154 385 911 1174 581|0.05 0 0 0
943 533 696 2121 2828 2828 2451 1225 943 653 770 745 3000 2981|0.05 0 0 0
577 1333 471 328 363 444 444 1156 308 1333 251 1414 1201 484|0.05 0 0 0
3522 1107 3048 1437 766 938 1760 1355 4064 1355 4064 3661 1071 4135|0.05 0 0 0
2309 816 1732 629 770 770 568 533 2309 435 2001 1915 839 2434|0.05 0 0 0
328 1156 363 577 471 251 308 1333 444 1333 444 1052 1106 351|0.05 0 0 0
848 1224 1590 2754 3182 3672 3672 904 692 1224 1298 1334 2898 3257|0.05 0 0 0
1443 1875 1179 3753 4330 4330 3248 816 1443 1531 1066 2179 3841 4564|0.05 0 0 0
218 1154 266 314 284 385 385 865 408 1154 500 1023 1040 560|0.05 0 0 0
2754 904 3182 848 1590 1298 692 1224 3672 1224 3672 3308 1848 3045|0.05 0 0 0
2069 1875 1875 3000 1600 3000 5625 1720 2498 3226 3226 2652 1887 3644|0.05 -0.05805748267033173 -0.014104919636894753 0.08504811875315044
573 533 333 625 1075 833 690 1875 1075 1000 625 629 1976 884|0.05 0.08670329859508552 -0.039890141329436135 -0.007507833060201863
3000 1720 1600 533 1000 1720 918 1104 1600 1332 853 3162 1414 1887|0.05 0.10655357756525596 0.12677803106142305 -0.11556350543992622
906 906 483 773 1450 2719 1450 1207 1559 1559 831 1027 1761 2866|0.05 0.013050245122487869 0.10623025233955419 -0.08783224711578663
1561 1875 1293 625 1075 2016 1172 1875 2016 3516 1172 2278 1976 2845|0.05 0.05679023773670133 0.12156116347040946 0.22016050962092581
3000 1720 1600 2069 1875 3226 2498 1875 5625 3226 3000 3162 2125 5929|0.05 0.0018529524573351885 -0.17224049585327306 -0.01159577774642595
1000 533 1104 1600 3000 1600 853 1720 1720 918 1332 1414 3162 1887|0.05 0.08676207075015263 -0.1113740118674389 0.10964418205189119
773 1207 1450 906 483 831 1559 906 1450 1559 2719 1264 1282 1528|0.05 -0.05798242325199987 0.12158550133232415 0.08571691572362594
1075 1875 625 690 833 1075 625 533 573 1000 333 1976 872 884|0.05 0.10968478848632168 0.06768828215446998 -0.048578974800123076
533 1104 1000 3000 1600 853 1600 1720 918 1332 1720 1133 1887 1006|0.05 -0.032726659209090236 -0.020105509467763794 -0.025034327226636233
1600 1720 3000 1000 1104 1332 1720 533 853 918 1600 1887 1133 1395|0.05 -0.05147861000288745 -0.013455306704642789 -0.035777590883987465
573 533 333 333 573 306 178 533 444 284 368 629 629 809|0.05 0.02402451705467934 -0.15044058192529297 -0.04049599051738628
625 1875 1075 573 333 625 1075 533 690 1000 833 1179 1054 884|0.05 0.1264293309224973 0.13240633927565693 -0.11323253922587262
930 581 1744 1875 1452 1203 1090 1875 1744 1090 3269 1838 1541 1520|0.05 -0.10406954462398588 0.12334537030727066 0.09729688494528155
1000 774 533 930 1744 930 496 581 581 641 310 822 1097 1838|0.05 -0.012274706401990132 -0.04262186474070173 0.09713597347309477
625 1875 1075 1561 1293 1172 2016 1875 1172 3516 2016 1179 1635 1328|0.05 -0.053418526806015 0.13592394739829539 0.038959174642709815
1201 828 640 689 1291 751 400 1291 2252 751 1201 1047 1822 1416|0.05 0.07240280735446802 -0.046035392511699635 0.08012992030688393
1875 1875 1452 930 1744 3269 1744 581 1090 1090 1203 2646 1097 2056|0.05 0.14001987136377236 0.05280243845702692 -0.04943843180543195
690 533 833 1075 625 333 573 1875 625 1000 1075 1215 1179 884|0.05 0.09192698360528606 -0.007647210986624353 0.021640117759078592
689 1291 1291 1201 640 1201 2252 828 400 751 751 1061 1459 755|0.05 -0.0227849321664364 -0.02155356357364524 0.07044480479877047
1744 581 930 774 1000 581 641 533 930 310 496 1097 822 1838|0.05 0.09068640621537227 0.12136924945926442 -0.08815861265764835
333 533 573 573 333 368 444 533 178 284 306 1054 1054 378|0.05 -0.019419545427722396 0.0008633868023277813 -0.06636648802829104
930 581 1744 1000 533 310 581 774 496 641 930 1838 1411 980|0.05 0.012804907437580226 -0.047355811878248 0.0004328352493709886
774 533 1000 1744 930 496 930 581 641 310 581 1411 1838 1130|0.05 -0.047015296688648345 -0.05863859676531691 -0.008213613847776191
1075 1875 625 573 333 625 1075 533 1114 1000 802 1976 1054 1244|0.05 0.11060145869678184 0.06139068038768514 -0.10381812827700343
930 581 1744 1090 1398 1943 1875 1875 1744 1090 3269 1838 2169 2734|0.05 -0.07026425118473845 0.09802082839051929 0.025753783586870416
1720 1282 918 1600 3000 1600 853 1720 1000 1783 533 1990 3162 3162|0.05 -0.0070955660008531485 -0.02483230170718942 0.07534100685414602
1744 581 930 310 581 1000 533 1036 930 745 496 1097 1157 1097|0.05 -0.006265930722624269 0.09618232163227436 -0.07568564320441507
3342 1875 3226 3000 1600 3000 5625 1720 2405 3226 1875 3731 1887 2103|0.05 -0.050984708400348966 0.06250961402866295 0.10032997427954049
573 533 333 1075 625 802 1114 1875 1075 1000 625 629 1179 1244|0.05 0.1042649453773481 -0.052590999580069964 0.06795788609475162
333 533 573 333 573 306 178 533 427 284 594 1054 629 452|0.05 -0.040707869067411195 -0.0021310212087344294 -0.006102305549866571
310 1036 581 1744 930 496 930 581 533 745 1000 1047 1838 585|0.05 -0.11549666879104192 -0.027743568694788 0.005466705795447169
1600 1720 3000 1720 1783 1282 1000 533 853 918 1600 1887 1801 2509|0.05 -0.053968378319101395 -0.021152952938779945 -0.03240216327928369
1600 1720 3000 1720 918 533 1000 1282 853 1783 1600 1887 1357 1687|0.05 -0.12788054674388705 0.022482669348435902 -0.05584135773818444
333 533 573 333 573 594 427 533 178 284 306 1054 629 600|0.05 -0.04499524136698407 -0.00738147551820556 0.016112421090259677
745 533 581 1744 930 496 930 581 1036 310 1000 789 1838 652|0.05 -0.025571138616575784 -0.0058797567854274035 -0.037295123532293806
1090 1875 1398 930 1744 3269 1744 581 1875 1090 1943 1479 1097 3446|0.05 -0.021628197444801822 0.02193399466818624 -0.14362191647071976
625 1875 1075 1503 2089 2016 1172 1875 1172 3516 2016 1179 2940 2111|0.05 0.01195414871907774 0.17490026542087422 0.07916943383406538
1248 1390 665 716 1342 780 416 780 2339 1342 1248 1956 1058 1471|0.05 0.057365117511112285 -0.021236893069532803 0.1539755735320658
3000 1720 1600 3342 3226 1875 2405 1875 5625 3226 3000 3162 3377 3538|0.05 0.11946190286247438 -0.05904997042483151 0.05264027939672511
561 965 299 479 898 1683 898 719 965 561 515 1010 629 1774|0.05 0.08131853694768543 0.11502479009567468 -0.02962844754170857
1503 1875 2089 625 1075 2016 1172 1875 1172 3516 2016 1314 1976 1590|0.05 -0.07251222444893402 0.0497218210551198 0.12677265512540892
1720 533 1783 1600 3000 1600 853 1720 1000 918 1282 1990 3162 3162|0.05 0.13220366243448023 -0.1364881384761507 0.1307710057395428
479 719 898 561 299 515 965 965 898 561 1683 1407 1116 946|0.05 0.003978249923588528 0.07914868712799228 0.01295669657396692
1075 1875 625 1114 802 625 1075 533 573 1000 333 1976 1568 1244|0.05 0.07298311600342 -0.018245678370387708 0.016614603410001205
1744 581 930 745 581 1000 1036 533 930 310 496 1097 1157 1097|0.05 -0.006037046729857609 0.08290818380493947 -0.02876316114487687
716 780 1342 1248 665 1248 2339 1390 416 1342 780 1552 875 785|0.05 -0.03606738804115217 0.056119563220082824 0.10117163409907759
1114 533 802 1075 625 333 573 1875 1075 1000 625 701 1179 1244|0.05 0.11190592281415945 -0.09419265975765811 0.0896491672040578
333 1000 333 1000 1000 533 533 1000 573 1000 573 1054 1414 629|0.05 0 0 0
1000 1000 1000 333 573 573 333 533 1000 533 1000 1414 629 1153|0.05 0 0 0
1600 1720 3000 3000 3000 3000 3000 1000 1600 1720 3000 1887 3162 3400|0.05 0 0 0
3000 1000 3000 3000 1600 1600 3000 1720 3000 1720 3000 3162 1887 3400|0.05 0 0 0
573 533 333 1000 1000 1000 1000 1000 573 533 333 629 1414 1153|0.05 0 0 0
1000 1000 1000 333 333 573 573 1000 533 1000 533 1414 1054 629|0.05 0 0 0
333 1000 333 533 533 1000 1000 1000 573 1000 573 1054 1133 1054|0.05 0 0 0
3000 1720 1600 3000 3000 3000 3000 1000 3000 1720 1600 3162 3162 4243|0.05 0 0 0
1875 1000 1875 625 1075 1075 625 1875 1875 1875 1875 2125 1976 2161|0.05 0 0 0
3000 1000 3000 1600 3000 3000 1600 1720 3000 1720 3000 3162 3162 4243|0.05 0 0 0
533 1000 533 333 333 573 573 1000 1000 1000 1000 1133 1054 1054|0.05 0 0 0
1075 1875 625 1875 1875 1875 1875 1000 1075 1875 625 1976 2125 2161|0.05 0 0 0
333 533 573 1000 1000 1000 1000 1000 333 533 573 1054 1414 1054|0.05 0 0 0
1000 1000 1000 573 573 333 333 1000 533 1000 533 1414 1153 1054|0.05 0 0 0
1744 1000 1744 1744 930 930 1744 581 1744 581 1744 2010 1838 1976|0.05 0 0 0
1000 1000 1000 573 333 333 573 533 1000 533 1000 1414 1054 1054|0.05 0 0 0
930 581 1744 1744 1744 1744 1744 1000 930 581 1744 1838 2010 1976|0.05 0 0 0
573 1000 573 1000 1000 533 533 1000 333 1000 333 1153 1414 1054|0.05 0 0 0
625 1875 1075 1875 1875 1875 1875 1000 625 1875 1075 1179 2125 1976|0.05 0 0 0
1744 1000 1744 930 1744 1744 930 581 1744 581 1744 2010 1097 2466|0.05 0 0 0
533 1000 533 573 573 333 333 1000 1000 1000 1000 1133 1153 629|0.05 0 0 0
1875 1000 1875 1075 625 625 1075 1875 1875 1875 1875 2125 1179 1976|0.05 0 0 0
1744 581 930 1744 1744 1744 1744 1000 1744 581 930 1097 2010 2466|0.05 0 0 0
573 1000 573 533 533 1000 1000 1000 333 1000 333 1153 1133 629|0.05 0 0 0
1875 1000 1875 1299 693 566 1061 817 1475 738 1125 2125 1510 1958|0.05 0 0 0
629 533 770 1443 866 1135 1443 816 568 435 770 1162 1658 1036|0.05 0 0 0
566 600 693 533 533 394 436 1000 302 787 370 1149 1133 777|0.05 0 0 0
533 1000 533 370 302 566 693 787 394 600 436 1133 1045 422|0.05 0 0 0
2129 816 2706 1443 1179 1066 1443 1875 1624 1531 2706 2827 1573 2381|0.05 0 0 0
1299 817 693 1875 1875 1125 1475 1000 1061 738 566 1090 2125 2154|0.05 0 0 0
1875 1000 1875 566 1061 1299 693 738 1125 817 1475 2125 791 1546|0.05 0 0 0
370 787 302 533 533 436 394 1000 693 600 566 843 1133 581|0.05 0 0 0
1305 1875 1768 3315 2607 1989 3315 1225 1444 2296 1768 1398 2793 2379|0.05 0 0 0
533 1000 533 566 693 370 302 600 436 787 394 1133 825 805|0.05 0 0 0
566 738 1061 1875 1875 1475 1125 1000 693 817 1299 1456 2125 1580|0.05 0 0 0
1061 1225 1768 943 696 770 943 533 1391 653 1768 1458 1373 1555|0.05 0 0 0
1443 816 866 629 770 770 568 533 1443 435 1135 1190 839 1636|0.05 0 0 0
848 1224 1590 1377 1805 2295 2295 904 692 1224 1298 1334 1647 1934|0.05 0 0 0
656 1311 726 1155 943 503 616 1667 889 1667 889 1196 1374 703|0.05 0 0 0
1443 1875 1179 2129 2706 2706 1624 816 1443 1531 1066 2179 2280 3067|0.05 0 0 0
384 1271 470 554 501 678 678 763 719 1271 881 1071 1118 987|0.05 0 0 0
1377 904 1805 848 1590 1298 692 1224 2295 1224 2295 2019 1848 1892|0.05 0 0 0
3315 1225 2607 1305 1768 1768 1444 1875 3315 2296 1989 3462 2574 3757|0.05 0 0 0
554 763 501 384 470 881 719 1271 678 1271 678 912 1328 1024|0.05 0 0 0
1437 1355 766 1998 1524 2540 2540 1107 1760 1355 938 1972 1823 2918|0.05 0 0 0
943 533 696 1061 1768 1768 1391 1225 943 653 770 745 2031 2003|0.05 0 0 0
1155 1667 943 656 726 889 889 1311 616 1667 503 1915 1466 969|0.05 0 0 0
1998 1107 1524 1437 766 938 1760 1355 2540 1355 2540 2234 1071 2653|0.05 0 0 0
1000 1000 1000 433 433 354 354 500 750 500 750 1414 829 1061|0.05 0 0 0
1155 1000 2309 2309 1732 1732 2309 816 1155 816 2309 1915 2449 2082|0.05 0 0 0
354 750 433 1000 1000 500 500 1000 354 750 433 1061 1414 791|0.05 0 0 0
1000 1000 1000 433 354 354 433 750 500 750 500 1414 1061 791|0.05 0 0 0
1732 816 2309 2309 1155 1155 2309 1000 1732 816 2309 2449 1915 2082|0.05 0 0 0
433 500 433 1000 1000 750 750 1000 354 500 354 829 1414 1061|0.05 0 0 0
1000 1000 1000 354 354 433 433 500 750 500 750 1414 791 829|0.05 0 0 0
433 750 354 1000 1000 500 500 1000 433 750 354 829 1414 829|0.05 0 0 0
1414 1000 2828 2828 2121 2121 2828 1225 1414 1225 2828 2236 2345 2550|0.05 0 0 0
1000 1000 1000 354 433 433 354 750 500 750 500 1414 829 829|0.05 0 0 0
354 500 354 1000 1000 750 750 1000 433 500 433 791 1414 829|0.05 0 0 0
2121 1225 2828 2828 1414 1414 2828 1000 2121 1225 2828 2345 2236 2550|0.05 0 0 0
2309 816 1732 1155 2309 2309 1155 1000 2309 816 1732 1915 1915 3266|0.05 0 0 0
866 2000 866 1500 1500 2000 2000 1000 707 2000 707 1658 1803 1658|0.05 0 0 0
667 1000 667 577 471 471 577 1333 1333 1333 1333 1202 1106 1054|0.05 0 0 0
2309 1000 1155 1732 2309 2309 1732 816 2309 816 1155 1915 1915 3266|0.05 0 0 0
471 1333 577 667 667 1333 1333 1000 471 1333 577 1106 1202 1054|0.05 0 0 0
1500 1000 1500 866 866 707 707 2000 2000 2000 2000 1803 1658 1658|0.05 0 0 0
2828 1225 2121 1414 2828 2828 1414 1000 2828 1225 2121 3000 2236 4000|0.05 0 0 0
667 1000 667 471 577 577 471 1333 1333 1333 1333 1202 1414 1106|0.05 0 0 0
707 2000 707 1500 1500 2000 2000 1000 866 2000 866 1581 1803 2121|0.05 0 0 0
2828 1000 1414 2121 2828 2828 2121 1225 2828 1225 1414 2236 3000 4000|0.05 0 0 0
577 1333 471 667 667 1333 1333 1000 577 1333 471 1414 1202 1106|0.05 0 0 0
1500 1000 1500 707 707 866 866 2000 2000 2000 2000 1803 1581 2121|0.05 0 0 0
1875 1000 1875 1061 566 693 1299 738 1475 817 1125 2125 1456 1580|0.05 0 0 0
696 533 943 1768 1061 1391 1768 1225 770 653 943 1373 1458 1555|0.05 0 0 0
693 600 566 533 533 436 394 1000 370 787 302 825 1133 805|0.05 0 0 0
533 1000 533 302 370 693 566 787 436 600 394 1133 843 581|0.05 0 0 0
2607 1225 3315 1768 1305 1444 1768 1875 1989 2296 3315 2793 1398 2379|0.05 0 0 0
1061 738 566 1875 1875 1125 1475 1000 1299 817 693 791 2125 1546|0.05 0 0 0
1875 1000 1875 693 1299 1061 566 817 1125 738 1475 2125 1090 2154|0.05 0 0 0
302 787 370 533 533 394 436 1000 566 600 693 1045 1133 422|0.05 0 0 0
1179 1875 1443 2706 2129 1624 2706 816 1066 1531 1443 1573 2827 2381|0.05 0 0 0
533 1000 533 693 566 302 370 600 394 787 436 1133 1149 777|0.05 0 0 0
693 817 1299 1875 1875 1475 1125 1000 566 738 1061 1510 2125 1958|0.05 0 0 0
866 816 1443 770 629 568 770 533 1135 435 1443 1658 1162 1036|0.05 0 0 0
1768 1225 1061 696 943 943 770 533 1768 653 1391 2031 745 2003|0.05 0 0 0
766 1355 1437 1524 1998 2540 2540 1107 938 1355 1760 1071 2234 2653|0.05 0 0 0
726 1311 656 943 1155 616 503 1667 889 1667 889 1466 1915 969|0.05 0 0 0
1768 1875 1305 2607 3315 3315 1989 1225 1768 2296 1444 2574 3462 3757|0.05 0 0 0
470 1271 384 501 554 678 678 763 881 1271 719 1328 912 1024|0.05 0 0 0
1524 1107 1998 766 1437 1760 938 1355 2540 1355 2540 1823 1972 2918|0.05 0 0 0
2706 816 2129 1179 1443 1443 1066 1875 2706 1531 1624 2280 2179 3067|0.05 0 0 0
501 763 554 470 384 719 881 1271 678 1271 678 1118 1071 987|0.05 0 0 0
1590 1224 848 1805 1377 2295 2295 904 1298 1224 692 1848 2019 1892|0.05 0 0 0
770 533 629 866 1443 1443 1135 816 770 435 568 839 1190 1636|0.05 0 0 0
943 1667 1155 726 656 889 889 1311 503 1667 616 1374 1196 703|0.05 0 0 0
1805 904 1377 1590 848 692 1298 1224 2295 1224 2295 1647 1334 1934|0.05 0 0 0
2069 1875 1875 1061 566 1061 1989 738 2267 1384 2092 2652 1456 2592|0.05 -0.04465936499602807 0.051680142404935125 0.10640029359139325
696 533 943 1768 1972 2137 1951 1875 1305 1000 1768 1373 2577 2500|0.05 0.09225850317088335 -0.03655531562557379 0.031197761694112813
1061 1116 566 533 1000 738 394 1104 566 1209 302 1458 1414 1456|0.05 0.032574518915340356 0.1101961073348634 -0.1053980907271046
906 906 483 273 513 961 513 1096 669 1011 357 1027 1253 716|0.05 0.014951472918125486 0.04264610930681645 -0.11875610941519343
4007 1875 3658 1768 1305 2447 3315 1875 3698 3516 3315 4582 1398 3762|0.05 -0.053341501693023874 0.0623406174614094 0.09745708969478128
1061 738 566 2069 1875 2092 2267 1875 1989 1384 1061 791 2125 2733|0.05 -0.07187694453932303 -0.17723307187377468 0.0035646244724674148
1000 533 1104 566 1061 566 302 738 1116 394 1209 1414 791 1149|0.05 0.009364660808492964 0.010394998839959868 0.08918588878889189
273 1096 513 906 483 357 669 906 513 1011 961 955 1282 382|0.05 -0.027391097670731446 0.10071361953684299 0.04173245312472096
1305 1875 1768 1951 2137 1972 1768 533 696 1000 943 1398 1862 2500|0.05 0.11473205898693495 0.08370027674401648 -0.08193166297944865
533 1104 1000 1061 566 302 566 1116 394 1209 738 1133 1149 777|0.05 -0.003391504299963266 -0.014757609148882134 -0.038012298365699415
566 738 1061 1000 1104 1209 1116 533 302 394 566 1456 1133 1053|0.05 -0.04391740393521193 0.00014248520256110453 -0.07717248230117435
1052 533 943 943 696 371 503 533 1140 284 1040 1083 1373 1070|0.05 -0.03183369056556251 0.013161692304082262 -0.03447125701110387
1768 1875 1972 696 943 1768 1305 533 1951 1000 2137 2031 745 2500|0.05 0.10530425223831408 0.001694802539276008 -0.07671416617635152
766 1355 1437 2834 3071 2803 2540 1875 1437 2540 2694 1071 3592 2675|0.05 -0.06142610496030709 0.09654375268464577 0.027950655911734845
662 1084 353 507 951 507 270 896 896 989 478 1267 1030 709|0.05 -0.006745292422982718 -0.0502318060765683 0.07882815924953102
1768 1875 1305 4007 3658 3315 3698 1875 3315 3516 2447 2574 3492 3757|0.05 0.12035078572557589 0.2600603125371581 0.16350409200050153
468 913 250 326 611 827 441 923 877 827 468 871 939 1204|0.05 0.018980678712781085 -0.07753852521464544 0.09702777498435955
2834 1875 3071 766 1437 2694 1437 1355 2540 2540 2803 2882 1972 2918|0.05 0.07469837974444227 0.027204142248478114 -0.10302977935068625
1951 533 2137 1305 1768 943 696 1875 1768 1000 1972 2444 2574 2500|0.05 0.10885837408219023 -0.0680059356202023 0.07948569211964296
326 923 611 468 250 468 877 913 441 827 827 1170 1143 642|0.05 -0.09041561490822136 0.08730856371045093 0.11223102699014831
1437 1355 766 1638 1511 1355 1495 533 766 722 409 1972 1916 1975|0.05 0.03331222830403657 0.09327848766156777 -0.03632278816314116
943 533 696 1052 943 1040 1140 533 503 284 371 745 1374 1069|0.05 -0.01723982065003682 -0.015399532321532794 -0.06374840965796769
507 896 951 662 353 478 896 1084 270 989 507 1306 1017 378|0.05 -0.013624947284417432 -0.01943461222664311 -0.06010257639453731
1638 533 1511 1437 766 409 766 1355 1495 722 1355 1537 1071 1873|0.05 0.009110891955916856 -0.018447407486972267 -0.03593385188492837
2069 1875 1875 1299 693 1299 2436 817 1987 1532 1532 2652 1510 2114|0.05 -0.1095568109052103 0.07966276725956734 0.1116111475706072
629 533 770 1443 1179 1530 1593 1875 1179 1000 1443 1162 1573 2041|0.05 0.10504969344195203 -0.024207554254206398 0.11996962686084744
1299 817 693 533 1000 817 436 1104 693 1060 370 1090 1414 1510|0.05 0.07168096340698815 0.12221521985919859 -0.08420152810187154
906 906 483 335 628 1177 628 960 740 740 395 1027 1022 987|0.05 0.08278758312441958 0.15265106876815038 -0.000562621015531839
2868 1875 2987 1443 1179 2211 2706 1875 2211 3516 2706 3051 1573 1919|0.05 -0.027287283329043843 0.05726828974295328 0.1603344480926805
1299 817 693 2069 1875 1532 1987 1875 2436 1532 1299 1090 2125 2043|0.05 0.07412346422345895 -0.10364226807983212 -0.005364897743598274
1000 533 1104 693 1299 693 370 817 817 436 1060 1414 1090 1510|0.05 0.020696984865773427 -0.027710065069386225 0.08720712402538577
335 960 628 906 483 395 740 906 628 740 1177 1140 1282 527|0.05 0.0006173687870347777 0.09433289906052744 0.03949638259212129
1179 1875 1443 1593 1530 1179 1443 533 629 1000 770 1573 1815 2041|0.05 0.07109179393649745 -0.030697126439356293 -0.003647522770007239
533 1104 1000 1299 693 370 693 817 436 1060 817 1133 1510 805|0.05 -0.08745409670702364 -0.03386963673602361 -0.003495223196849917
693 817 1299 1000 1104 1060 817 533 370 436 693 1510 1133 1258|0.05 -0.026109065208244076 -0.02945556166237595 -0.009182719800303607
629 533 770 770 629 335 411 533 816 284 849 1162 1162 546|0.05 -0.010947661002762565 -0.039186987995964984 -0.054693667048965056
1443 1875 1179 629 770 1443 1179 533 1593 1000 1530 2179 839 2041|0.05 0.09378747793669762 0.0010428882169200016 -0.026887849855961043
848 1224 1590 1875 2432 2533 2295 1875 1590 2295 2981 1334 3246 2886|0.05 0.03717010240451124 0.07390083306042072 0.019617691628144307
1000 1297 533 848 1590 848 452 1224 1224 1351 653 1731 1848 1334|0.05 0.014178811108163103 -0.08286250266605566 0.11034134600289347
1443 1875 1179 2868 2987 2706 2211 1875 2706 3516 2211 2179 3404 3067|0.05 0.08707283480187344 0.23078789651117315 0.12553621273021953
654 1041 349 411 771 944 503 771 1226 944 654 1187 669 1425|0.05 0.10121312180443987 0.016619023787622922 0.158891856297545
1875 1875 2432 848 1590 2981 1590 1224 2295 2295 2533 1627 1848 3465|0.05 0.2160322351040067 0.15991581723314496 0.09674614652999791
1593 533 1530 1179 1443 770 629 1875 1443 1000 1179 1627 2179 2041|0.05 0.07697294006813404 0.0145882842312961 -0.0020813039010858514
411 771 771 654 349 654 1226 1041 503 944 944 1334 1064 760|0.05 -0.09265379564995624 0.09511163739230444 0.12408140454627237
1590 1224 848 1297 1000 1224 1351 533 848 653 452 1848 1731 1334|0.05 0.048085446428642875 0.10219556850190159 -0.03775517606532275
770 533 629 629 770 849 816 533 411 284 335 839 839 872|0.05 -0.04718846685770828 -0.012399683926417326 0.002928154971679753
848 1224 1590 1000 533 653 1224 1297 452 1351 848 1334 868 711|0.05 -0.008722476569134052 -0.034189812853071544 -0.05039993628260353
1297 533 1000 1590 848 452 848 1224 1351 653 1224 868 1334 1380|0.05 -0.0526722955314074 -0.014098859530757846 -0.019444937511382543
333 1000 333 333 333 178 178 1000 368 1000 368 1054 1054 378|0.05 0 0 0
3000 1000 3000 1000 1104 1104 1000 533 3000 533 3000 3162 1133 3197|0.05 0 0 0
533 1104 1000 3000 3000 3000 3000 1000 533 1104 1000 1133 3162 3047|0.05 0 0 0
3000 1000 3000 1000 533 533 1000 1104 3000 1104 3000 3162 1133 3047|0.05 0 0 0
1104 533 1000 3000 3000 3000 3000 1000 1104 533 1000 1133 3162 3197|0.05 0 0 0
333 1000 333 333 333 368 368 1000 178 1000 178 1054 1054 378|0.05 0 0 0
333 1000 333 178 178 333 333 1000 368 1000 368 1054 1016 471|0.05 0 0 0
1000 1104 533 3000 3000 3000 3000 1000 1000 1104 533 1414 3162 3162|0.05 0 0 0
5625 1000 5625 1875 2069 2069 1875 1875 5625 1875 5625 5713 2652 5993|0.05 0 0 0
3000 1000 3000 533 1000 1000 533 1104 3000 1104 3000 3162 1414 3162|0.05 0 0 0
178 1000 178 333 333 368 368 1000 333 1000 333 1016 1054 471|0.05 0 0 0
2069 1875 1875 5625 5625 5625 5625 1000 2069 1875 1875 2652 5713 5993|0.05 0 0 0
1000 533 1104 3000 3000 3000 3000 1000 1000 533 1104 1414 3162 3162|0.05 0 0 0
333 1000 333 368 368 333 333 1000 178 1000 178 1054 1066 471|0.05 0 0 0
2719 1000 2719 906 483 483 906 906 2719 906 2719 2897 1282 2761|0.05 0 0 0
3000 1000 3000 1104 1000 1000 1104 533 3000 533 3000 3162 1414 3162|0.05 0 0 0
483 906 906 2719 2719 2719 2719 1000 483 906 906 1282 2897 2761|0.05 0 0 0
368 1000 368 333 333 178 178 1000 333 1000 333 1066 1054 471|0.05 0 0 0
1875 1875 2069 5625 5625 5625 5625 1000 1875 1875 2069 2125 5713 5929|0.05 0 0 0
2719 1000 2719 483 906 906 483 906 2719 906 2719 2897 1027 2866|0.05 0 0 0
178 1000 178 368 368 333 333 1000 333 1000 333 1016 1066 378|0.05 0 0 0
5625 1000 5625 2069 1875 1875 2069 1875 5625 1875 5625 5713 2125 5929|0.05 0 0 0
906 906 483 2719 2719 2719 2719 1000 906 906 483 1027 2897 2866|0.05 0 0 0
368 1000 368 178 178 333 333 1000 333 1000 333 1066 1016 378|0.05 0 0 0
1875 1000 1875 3000 1600 1600 3000 1720 1875 1720 1875 2125 1887 2465|0.05 0 0 0
573 533 333 625 625 625 625 1000 573 533 333 629 1179 848|0.05 0 0 0
1600 1000 1600 533 533 918 918 1000 853 1000 853 1887 1133 1006|0.05 0 0 0
533 1000 533 853 853 1600 1600 1000 918 1000 918 1133 1315 1687|0.05 0 0 0
1172 1000 1172 625 1075 1075 625 1875 1172 1875 1172 1541 1976 1590|0.05 0 0 0
3000 1720 1600 1875 1875 1875 1875 1000 3000 1720 1600 3162 2125 3538|0.05 0 0 0
1875 1000 1875 1600 3000 3000 1600 1720 1875 1720 1875 2125 3162 3538|0.05 0 0 0
853 1000 853 533 533 918 918 1000 1600 1000 1600 1315 1133 1687|0.05 0 0 0
1075 1875 625 1172 1172 1172 1172 1000 1075 1875 625 1976 1541 1590|0.05 0 0 0
533 1000 533 1600 1600 853 853 1000 918 1000 918 1133 1887 1006|0.05 0 0 0
1600 1720 3000 1875 1875 1875 1875 1000 1600 1720 3000 1887 2125 2465|0.05 0 0 0
625 1000 625 333 573 573 333 533 625 533 625 1179 629 848|0.05 0 0 0
625 1000 625 573 333 333 573 533 625 533 625 1179 1054 708|0.05 0 0 0
930 581 1744 1090 1090 1090 1090 1000 930 581 1744 1838 1479 1433|0.05 0 0 0
918 1000 918 1600 1600 853 853 1000 533 1000 533 1357 1887 1687|0.05 0 0 0
625 1875 1075 1172 1172 1172 1172 1000 625 1875 1075 1179 1541 1328|0.05 0 0 0
853 1000 853 918 918 533 533 1000 1600 1000 1600 1315 1357 1006|0.05 0 0 0
1090 1000 1090 930 1744 1744 930 581 1090 581 1090 1479 1097 2056|0.05 0 0 0
1172 1000 1172 1075 625 625 1075 1875 1172 1875 1172 1541 1179 1328|0.05 0 0 0
918 1000 918 853 853 1600 1600 1000 533 1000 533 1357 1315 1006|0.05 0 0 0
1744 581 930 1090 1090 1090 1090 1000 1744 581 930 1097 1479 2056|0.05 0 0 0
333 533 573 625 625 625 625 1000 333 533 573 1054 1179 708|0.05 0 0 0
1600 1000 1600 918 918 533 533 1000 853 1000 853 1887 1357 1687|0.05 0 0 0
1090 1000 1090 1744 930 930 1744 581 1090 581 1090 1479 1838 1433|0.05 0 0 0
1104 533 1000 3000 1600 853 1600 1720 1332 918 1720 1133 1887 1395|0.05 -0.015966181019934078 -0.030380007191916913 -0.03012163174252236
573 533 333 333 573 444 368 533 306 284 178 629 629 809|0.05 0.022874856024250878 -0.07054292168915954 -0.11573534301549837
1600 1720 3000 1000 533 918 1720 1104 853 1332 1600 1887 1133 1006|0.05 -0.15850624435230332 0.031760379654002246 -0.05716415890118065
483 906 906 1450 773 1450 2719 1207 831 1559 1559 1282 1264 1528|0.05 -0.0027460821448466177 -0.031013208426121652 0.07176077799785574
833 533 690 625 1075 573 333 1875 1075 1000 625 872 1976 884|0.05 0.07378092436303607 0.014274840036379022 -0.003297281384444517
3000 1720 1600 1104 1000 1720 1332 533 1600 918 853 3162 1414 1887|0.05 0.049960077595723185 0.09464518205888339 -0.030682403155545268
1875 1875 2069 1600 3000 5625 3000 1720 3226 3226 2498 2125 3162 5929|0.05 0.018547386778051678 0.027539757315171443 -0.11856777993070611
1450 1207 773 483 906 1559 831 906 2719 1559 1450 1761 1027 2866|0.05 0.08715526989865552 0.04069385273125059 0.20292225589665813
1075 1875 625 1293 1561 2016 1172 1875 2016 3516 1172 1976 2278 2845|0.05 0.059259133365678895 0.20573477896101533 0.12635060988031022
1000 1104 533 1600 3000 1600 853 1720 1720 1332 918 1414 3162 1887|0.05 0.03945580796787196 -0.09017300091186398 0.09619348793735938
1600 1720 3000 1875 2069 2498 3226 1875 3000 3226 5625 1887 2652 3644|0.05 -0.027798656537177946 0.08032265165148322 -0.0019404068905226612
1075 1875 625 333 573 1075 625 533 833 1000 690 1976 629 884|0.05 0.09537608387794272 0.010113814371737195 -0.08324824748245141
333 533 573 573 333 178 306 533 368 284 444 1054 1054 378|0.05 -0.04357201131361843 -0.004383058408923279 0.004057995708439677
930 581 1744 1000 774 641 581 533 496 310 930 1838 1411 1130|0.05 -0.03329405850393652 -0.025504838650511896 -0.014984675560764105
533 774 1000 1744 930 496 930 581 310 641 581 1411 1838 980|0.05 -0.1527571860545851 -0.06282315977341635 0.03229770199121296
625 1875 1075 833 690 625 1075 533 333 1000 573 1179 1215 884|0.05 0.11066029546469736 0.056543961999482306 -0.03322584940824047
640 828 1201 1291 689 400 751 1291 1201 751 2252 1459 1061 755|0.05 -0.04580593255331222 0.10633364015228741 0.052470452437305415
1000 533 774 930 1744 930 496 581 581 310 641 822 1097 1838|0.05 -0.018517857696989104 0.013193897232308682 0.06640243386027755
1293 1875 1561 1075 625 1172 2016 1875 1172 3516 2016 1635 1179 1328|0.05 -0.08760188704972971 0.021049075988568422 0.09466893156834466
1291 1291 689 640 1201 2252 1201 828 751 751 400 1822 1047 1416|0.05 0.016718115376657128 0.1290697655951356 -0.05561254201032151
1744 581 930 1452 1875 1090 1203 1875 3269 1090 1744 1097 2646 2056|0.05 0.23360784083446218 0.09720795375905311 0.1451784829821734
333 533 573 1075 625 690 833 1875 625 1000 1075 1054 1179 884|0.05 0.09253110155534205 -0.0060373753352949144 0.02682259143180543
1744 581 930 533 1000 581 310 774 930 641 496 1097 822 1838|0.05 0.07640307663985269 0.10608028750044962 -0.1096448516437809
1452 1875 1875 1744 930 1744 3269 581 1203 1090 1090 1541 1838 1520|0.05 -0.08130333316143545 0.032113544494676294 0.10446098818100769
3000 1000 3000 566 1061 1061 566 1116 1500 1116 2200 3162 1458 2372|0.05 0.07454960558187285 -0.03584782215099502 -0.014886092069377188
1972 1875 1768 5303 3889 2652 5303 1000 1972 1875 1768 2577 4650 3769|0.05 -0.028235015213339265 0.029727155439114306 -0.034805585199000344
189 733 189 333 333 372 372 1000 354 500 354 877 1054 486|0.05 -0.05038101072615486 -0.01642498110438706 0.11427458493532106
333 1000 333 354 354 189 189 500 372 733 372 1054 791 383|0.05 0.027143156004054703 -0.04990398881420832 -0.002099136420968817
1414 1000 2828 943 1052 1052 943 533 2074 533 2828 2236 1083 2010|0.05 0.010387712257606818 0.0401207720014618 -0.13671084599032546
566 1116 1061 3000 3000 2200 1500 1000 566 1116 1061 1149 3162 2631|0.05 -0.12574067923782795 0.019769558810931454 0.07152489178083865
3000 1000 3000 1061 566 566 1061 1116 2200 1116 1500 3162 1149 2631|0.05 0.026369999432600544 0.04678073612757405 -0.02603276490232398
354 500 354 333 333 372 372 1000 189 733 189 791 1054 383|0.05 0.07370191761709721 -0.0469627756801827 0.06063391704319576
1052 533 943 2828 1414 2074 2828 1000 1052 533 943 1083 2236 2010|0.05 -0.01947125183014875 -0.06903422910477963 0.04408024759656737
333 1000 333 189 189 354 354 733 372 500 372 1054 877 486|0.05 -0.050142413517729745 0.0823049210492699 0.028581780076102348
1061 1116 566 3000 3000 1500 2200 1000 1061 1116 566 1458 3162 2372|0.05 0.056564186683336626 -0.03896451530469469 -0.02643971342136897
3889 1000 5303 1768 1972 1972 1768 1875 2652 1875 5303 4650 2577 3769|0.05 -0.043121681811468804 -0.08647987682589453 -0.006861536701400217
5303 1000 3889 1972 1768 1768 1972 1875 5303 1875 2652 4650 2031 5590|0.05 0.0481260580515519 0.05114865345397179 0.050883711805804754
951 896 507 1972 1344 2689 2689 1000 951 896 507 1030 1911 2126|0.05 0.08210706833046144 0.07111718016278745 0.13740039401019866
507 682 507 257 257 482 482 1364 455 1364 455 969 1196 522|0.05 0.11813408360205502 0.10821402440361672 0.10056960231089374
943 533 1052 1414 2828 2828 2074 1000 943 533 1052 1374 2236 2981|0.05 0.038171416408923076 0.000782336779088233 -0.1251975283851381
707 2000 707 744 744 667 667 1467 377 2000 377 1581 1421 972|0.05 -0.05451314348905889 0.043601448587742286 -0.03683909569671684
1972 1000 1344 951 507 507 951 896 2689 896 2689 1911 1306 2358|0.05 -0.017128061171153286 -0.11341331739712746 0.02384054524949386
2828 1000 1414 1052 943 943 1052 533 2828 533 2074 2236 1374 2981|0.05 0.02976220276215802 -0.1003497534658715 -0.08351819872952304
744 1467 744 707 707 377 377 2000 667 2000 667 1421 1581 972|0.05 -0.055835852876422454 -0.008834309863480216 0.014974148807043175
507 896 951 1344 1972 2689 2689 1000 507 896 951 1306 1911 2358|0.05 -0.012731453832943718 0.03251588671294936 -0.21706503116315168
1768 1875 1972 3889 5303 5303 2652 1000 1768 1875 1972 2031 4650 5590|0.05 0.03372429650165154 0.004489701909817789 0.06454128735483788
257 1364 257 507 507 455 455 682 482 1364 482 1196 969 522|0.05 0.07935626066637447 0.011274508138876538 -0.07247803202346748
1344 1000 1972 507 951 951 507 896 2689 896 2689 1911 1030 2126|0.05 -0.045379328261173635 0.1095254645840793 0.022104742153152834
1104 533 1000 1299 693 370 693 817 1060 436 817 1133 1510 1258|0.05 0.0256742787817954 0.033212025931772526 -0.06269927773759454
629 533 770 770 629 816 849 533 335 284 411 1162 1162 546|0.05 -0.05487354269191669 0.010785832119186711 0.010981514751728927
693 817 1299 1000 533 436 817 1104 370 1060 693 1510 1133 805|0.05 -0.02746995726979895 -0.03566464783124945 -0.0032630987213111418
483 906 906 628 335 628 1177 960 395 740 740 1282 1140 527|0.05 0.015383581164312154 -0.02327047878049382 0.08236849004349844
1530 533 1593 1443 1179 629 770 1875 1179 1000 1443 1815 1573 2041|0.05 0.06796522797430704 0.025664280725508082 -0.022814590781788935
1299 817 693 1104 1000 817 1060 533 693 436 370 1090 1414 1510|0.05 0.02487485717866944 0.08068991472454323 0.0021575920284577776
1875 1875 2069 693 1299 2436 1299 817 1532 1532 1987 2125 1090 2043|0.05 0.21815352431372004 0.14214889728450864 0.07441399431887152
628 960 335 483 906 740 395 906 1177 740 628 1022 1027 987|0.05 -0.004872963251507656 -0.11663702476851334 0.06128809392417667
1179 1875 1443 2987 2868 2211 2706 1875 2211 3516 2706 1573 3051 1919|0.05 -0.1346205618821672 0.03774642454364319 -0.014448227573480299
1000 1104 533 693 1299 693 370 817 817 1060 436 1414 1090 1510|0.05 0.11750160587226999 -0.09857215460636226 0.12643765974002852
693 817 1299 1875 2069 1987 1532 1875 1299 1532 2436 1510 2652 2114|0.05 -0.07283703048337253 0.09898268289088907 -0.005085366689954185
1179 1875 1443 770 629 1179 1443 533 1530 1000 1593 1573 1162 2041|0.05 0.11735387820936305 0.08616499998164384 -0.10808997501983164
770 533 629 629 770 411 335 533 849 284 816 839 839 872|0.05 0.0028163631253330657 -0.09940529896620753 -0.024357781776093157
848 1224 1590 1000 1297 1351 1224 533 452 653 848 1334 868 1380|0.05 0.03975413741846623 -0.05213212359003294 -0.007227449585429646
533 1297 1000 1590 848 452 848 1224 653 1351 1224 868 1334 711|0.05 -0.004142252417491665 -0.0007674533887802593 -0.04730707363642561
1443 1875 1179 1530 1593 1443 1179 533 770 1000 629 2179 1627 2041|0.05 0.12804346879902173 0.1235586440810943 -0.12306151419538391
349 1041 654 771 411 503 944 771 654 944 1226 1064 1334 760|0.05 -0.02937615526006243 0.08948372857069398 0.03797058870506742
1000 533 1297 848 1590 848 452 1224 1224 653 1351 1731 1848 1334|0.05 -0.005955880680719172 0.001605853314059491 0.07685425634832876
2987 1875 2868 1179 1443 2706 2211 1875 2706 3516 2211 3404 2179 3067|0.05 -0.043204403358012566 0.053361178616746496 0.13311709764356028
771 771 411 349 654 1226 654 1041 944 944 503 669 1187 1425|0.05 -0.026246766615232175 -0.06938859382887408 -0.2045653415857862
1590 1224 848 2432 1875 2295 2533 1875 2981 2295 1590 1848 1627 3465|0.05 0.14719060067408085 0.00804674749000922 0.10818711602738285
770 533 629 1179 1443 1593 1530 1875 1443 1000 1179 839 2179 2041|0.05 0.10358159593284455 -0.10664225215825218 0.032698608075147906
1590 1224 848 533 1000 1224 653 1297 848 1351 452 1848 1731 1334|0.05 0.03416830032509255 0.1092280305612614 -0.04528126530213061
2432 1875 1875 1590 848 1590 2981 1224 2533 2295 2295 3246 1334 2886|0.05 0.02013371430055866 0.006610614232915868 0.07545740775578125
3000 1000 3000 693 1299 1299 693 817 1500 817 2200 3162 1090 2487|0.05 0.03051847864688373 -0.08124641892483075 -0.031296971392682504
1179 1875 1443 4330 3175 2165 4330 1000 1179 1875 1443 1573 3841 2875|0.05 0.056462330244018144 0.14156856138500373 -0.04358531745892069
231 733 231 333 333 272 272 1000 433 500 433 887 1054 363|0.05 -0.04652343710565665 -0.0658339136419861 -0.005190892986454143
333 1000 333 433 433 231 231 500 272 733 272 1054 829 503|0.05 0.10082019842856615 -0.017564227467297133 -0.024807445600407707
1155 1000 2309 770 629 629 770 533 1694 533 2309 1915 1162 1533|0.05 -0.02400805130059691 0.03658794286193867 0.04626964321646332
693 817 1299 3000 3000 2200 1500 1000 693 817 1299 1510 3162 2661|0.05 -0.020275047785921485 -0.03140107878772169 0.07849773093594248
3000 1000 3000 1299 693 693 1299 817 2200 817 1500 3162 1510 2661|0.05 -0.04971103038881708 0.036851028963516 0.006842554038961612
433 500 433 333 333 272 272 1000 231 733 231 829 1054 503|0.05 0.10337278073673684 -0.04851815089153444 0.06851787803440645
629 533 770 2309 1155 1694 2309 1000 629 533 770 1162 1915 1533|0.05 -0.028634639201857714 -0.029453852132418357 0.05421295460787956
333 1000 333 231 231 433 433 733 272 500 272 1054 887 363|0.05 -0.05107836769304597 0.04933853012996536 -0.03952587747184211
1299 817 693 3000 3000 1500 2200 1000 1299 817 693 1090 3162 2487|0.05 0.09093638063614184 -0.02923196432207731 -0.023504629259887277
3175 1000 4330 1443 1179 1179 1443 1875 2165 1875 4330 3841 1573 2875|0.05 -0.0457193788484378 -0.03275019118851197 -0.030762743492820377
4330 1000 3175 1179 1443 1443 1179 1875 4330 1875 2165 3841 2179 4564|0.05 0.060437265872252954 0.08674979205030686 0.07388802058125865
1590 1224 848 2693 1836 3672 3672 1000 1590 1224 848 1848 2438 3045|0.05 0.050859071145541446 0.0918640118734304 0.09164226896141603
371 682 371 315 315 590 590 1364 455 1364 455 905 1209 686|0.05 0.07476386006798119 0.03928955652263699 0.08635637345251412
770 533 629 1155 2309 2309 1694 1000 770 533 629 839 1915 2434|0.05 0.05543206901270192 -0.09676069423169453 -0.09889467621019166
866 2000 866 545 545 667 667 1467 462 2000 462 1658 1328 726|0.05 -0.10789016013017516 0.016808722988594926 0.06198475488056632
2693 1000 1836 1590 848 848 1590 1224 3672 1224 3672 2438 1334 3257|0.05 0.028276821174970657 0.0015542845175797737 -0.0018031936745399602
2309 1000 1155 629 770 770 629 533 2309 533 1694 1915 839 2434|0.05 0.060461241177844904 -0.09916976894227769 -0.12170437640294351
545 1467 545 866 866 462 462 2000 667 2000 667 1328 1658 726|0.05 -0.08261704071128806 -0.07069204624919556 0.039141110355838116
848 1224 1590 1836 2693 3672 3672 1000 848 1224 1590 1334 2438 3257|0.05 0.10492446368839614 0.005679153051265651 -0.10952916063657447
1443 1875 1179 3175 4330 4330 2165 1000 1443 1875 1179 2179 3841 4564|0.05 0.06509552805305185 0.056421638104460214 0.06379979241992073
315 1364 315 371 371 455 455 682 590 1364 590 1209 905 686|0.05 0.1070668544788056 0.06560435672196219 -0.01769245257225771
1836 1000 2693 848 1590 1590 848 1224 3672 1224 3672 2438 1848 3045|0.05 0.01766511241235058 0.04820486283607872 0.06747850356036089
1104 533 1000 1061 566 302 566 738 1209 394 1116 1133 1456 1053|0.05 -0.030869758481039122 -0.046380705215022244 -0.019386965642853582
696 533 943 943 1052 1140 1040 533 371 284 503 1373 1083 1070|0.05 0.003166376299790219 -0.04996962341209721 -0.10228518218265759
566 1116 1061 1000 533 394 738 1104 302 1209 566 1149 1133 777|0.05 -0.0177958385307031 -0.044001021032906706 0.031085855260892803
483 906 906 513 273 513 961 1096 357 1011 669 1282 955 382|0.05 -0.007744467719678072 -0.007233602056175847 0.08065588349082553
2137 533 1951 1768 1305 696 943 1875 1972 1000 1768 1862 1398 2500|0.05 0.1112581264902901 -0.04958562149357637 0.07726507227860724
1061 738 566 1104 1000 1116 1209 533 566 394 302 791 1414 1149|0.05 0.001535473779552543 0.07479306034546829 0.0234190324628214
1875 1875 2069 566 1061 1989 1061 738 2092 1384 2267 2125 791 2733|0.05 -0.01708076805524983 -0.013710315907843329 -0.17955993343101273
513 1096 273 483 906 669 357 906 961 1011 513 1253 1027 716|0.05 -0.0045069117716523 -0.16032105316223344 0.051594000506229865
1305 1875 1768 3658 4007 3698 3315 1875 2447 3516 3315 1398 4582 3762|0.05 -0.1400951913734083 0.016653184368204954 0.0019039412205645867
1000 1104 533 566 1061 566 302 1116 738 1209 394 1414 1458 1456|0.05 0.04447842104099875 0.010871243471697323 0.08408343284019404
566 738 1061 1875 2069 2267 2092 1875 1061 1384 1989 1456 2652 2592|0.05 0.002441775809221003 0.08728325931872005 0.015401400763863649
1972 1875 1768 943 696 1305 1768 533 2137 1000 1951 2577 1373 2500|0.05 0.09157008573091652 0.042938735671238515 -0.03971194424430835
943 533 1052 696 943 503 371 533 1040 284 1140 1374 745 1069|0.05 0.012451986112245184 -0.10616528029993466 -0.054468626302567325
766 1355 1437 1511 1638 1495 1355 533 409 722 766 1071 1537 1873|0.05 0.038432810895567826 -0.047937047330334215 -0.013447346976346308
353 1084 662 951 507 270 507 896 478 989 896 1017 1306 378|0.05 -0.011311301170852106 0.02425527474077871 -0.04374443209568479
1768 1875 1305 2137 1951 1768 1972 533 943 1000 696 2574 2444 2500|0.05 0.07405716897454395 -0.02589342828946517 0.02838602118592437
250 913 468 611 326 441 827 923 468 827 877 1143 1170 642|0.05 -0.008235069979498633 0.10011731409337976 0.019125474909758022
1511 533 1638 766 1437 766 409 1355 1355 722 1495 1916 1972 1975|0.05 0.07713280994375848 -0.08577472540343134 0.11086447578057657
3658 1875 4007 1305 1768 3315 2447 1875 3315 3516 3698 3492 2574 3757|0.05 -0.14538432836601833 0.006562088396746546 0.05064089613631584
611 923 326 250 468 877 468 913 827 827 441 939 871 1204|0.05 0.022096549585124414 0.08733557073112852 -0.06937006967253301
1437 1355 766 3071 2834 2540 2803 1875 2694 2540 1437 1972 2882 2918|0.05 0.19401263154305903 0.05167696652895515 0.11096250108607375
943 533 696 1972 1768 1951 2137 1875 1768 1000 1305 745 2031 2500|0.05 0.10048583736053329 -0.04759147019020915 0.07276699961342281
951 896 507 353 662 896 478 1084 507 989 270 1030 1267 709|0.05 0.02388377273828013 0.09515847056993376 -0.03078474084465932
3071 1875 2834 1437 766 1437 2694 1355 2803 2540 2540 3592 1071 2675|0.05 -0.028435452076085443 -0.018421753424756604 0.0771305581703885
3000 1000 3000 693 1299 1061 566 817 2250 738 2600 3162 1090 3182|0.05 0 0 0
1179 1875 1443 4330 3753 3248 4330 816 1066 1531 1443 1573 4406 3901|0.05 0 0 0
189 867 231 333 333 246 272 1000 354 750 433 1018 1054 264|0.05 0 0 0
333 1000 333 433 354 189 231 750 246 867 272 1054 1061 485|0.05 0 0 0
1732 816 2309 770 629 568 770 533 2001 435 2309 2449 1162 1823|0.05 0 0 0
693 817 1299 3000 3000 2600 2250 1000 566 738 1061 1510 3162 3053|0.05 0 0 0
3000 1000 3000 1061 566 693 1299 738 2600 817 2250 3162 1456 2661|0.05 0 0 0
433 750 354 333 333 272 246 1000 231 867 189 829 1054 503|0.05 0 0 0
696 533 943 2828 2121 2451 2828 1225 770 653 943 1373 2345 2548|0.05 0 0 0
333 1000 333 189 231 433 354 867 272 750 246 1054 887 363|0.05 0 0 0
1061 738 566 3000 3000 2250 2600 1000 1299 817 693 791 3162 2487|0.05 0 0 0
4596 1225 5303 1768 1305 1444 1768 1875 3977 2296 5303 4704 1398 4186|0.05 0 0 0
4330 816 3753 1179 1443 1443 1066 1875 4330 1531 3248 3841 2179 4564|0.05 0 0 0
1590 1224 848 3182 2754 3672 3672 904 1298 1224 692 1848 3308 3045|0.05 0 0 0
284 865 314 266 218 408 500 1154 385 1154 385 1040 1023 560|0.05 0 0 0
770 533 629 1732 2309 2309 2001 816 770 435 568 839 1915 2434|0.05 0 0 0
471 1333 577 363 328 444 444 1156 251 1333 308 1106 1052 351|0.05 0 0 0
3182 904 2754 1590 848 692 1298 1224 3672 1224 3672 2898 1334 3257|0.05 0 0 0
2828 1225 2121 696 943 943 770 533 2828 653 2451 3000 745 2981|0.05 0 0 0
363 1156 328 471 577 308 251 1333 444 1333 444 1201 1414 484|0.05 0 0 0
766 1355 1437 3048 3522 4064 4064 1107 938 1355 1760 1071 3661 4135|0.05 0 0 0
1768 1875 1305 4596 5303 5303 3977 1225 1768 2296 1444 2574 5397 5590|0.05 0 0 0
266 1154 218 284 314 385 385 865 500 1154 408 1174 911 581|0.05 0 0 0
3048 1107 3522 766 1437 1760 938 1355 4064 1355 4064 3208 1972 4310|0.05 0 0 0
1104 533 1000 1061 566 302 566 1116 956 595 738 1133 1149 1317|0.05 -0.024456290487188115 -0.08438381349095692 -0.007825591985261005
1052 533 943 943 696 901 1040 533 561 284 503 1083 1373 836|0.05 -0.022696911709696455 -0.0479306601981655 -0.008232046074976296
566 738 1061 1000 533 595 1116 1104 302 956 566 1456 1133 613|0.05 -0.03946584715335821 -0.03369165620278336 0.024250865820747425
483 906 906 513 273 513 961 866 539 669 1011 1282 1194 705|0.05 -0.021083626688325197 0.03217324801036092 0.095079543259462
1690 533 1951 1768 1972 1052 943 1875 1305 1000 1768 2329 2577 2500|0.05 0.0925303132167099 -0.0689301383075247 0.03979090369488958
1061 1116 566 1104 1000 738 956 533 566 595 302 1458 1414 1456|0.05 0.022932609171266716 0.09644364441253162 -0.02433267263079575
1875 1875 2069 566 1061 1989 1061 1116 1384 2092 1793 2125 1458 1482|0.05 0.10906982804624876 0.03532409868427289 -0.05480976447968855
513 866 273 483 906 1011 539 906 961 669 513 778 1027 1321|0.05 0.019822099406645588 -0.14285613922608964 -0.021670052973431497
1972 1875 1768 3658 3169 2447 3315 1875 3698 3516 3315 2577 2847 2941|0.05 -0.15865272092043248 0.028482541039609455 -0.006616228930367285
1000 1104 533 566 1061 566 302 738 1116 956 595 1414 791 1149|0.05 0.012894914355734421 -0.030752327965526405 0.08793660680675774
566 1116 1061 1875 2069 1793 1384 1875 1061 2092 1989 1149 2652 1611|0.05 -0.10744493359704066 0.12877272519624006 0.07643344347572967
1305 1875 1768 943 1052 1972 1768 533 1690 1000 1951 1398 1083 2500|0.05 0.09999957498047607 0.05668039872674502 -0.02651219918995862
943 533 696 1052 943 503 561 533 1040 284 901 745 1374 1069|0.05 -0.04989968840974912 0.01907815363535459 -0.0046778602260766355
507 896 951 662 857 989 896 533 270 478 507 1306 795 770|0.05 -0.051938234017208096 -0.01852875739336457 -0.03209127740331108
806 1295 1511 1437 766 409 766 1355 722 1495 1355 1202 1071 1053|0.05 -0.002671683578738815 -0.017141620378239297 -0.038086732256136235
1768 1875 1972 1690 1951 1768 1305 533 943 1000 1052 2031 1518 2500|0.05 0.10128559375858659 0.052603786513178985 -0.07448433101098884
316 1154 592 1167 622 558 1046 772 592 1046 1109 898 1479 641|0.05 -0.06880853979564061 0.1108970331157133 0.07408451224439228
662 533 857 507 951 507 270 896 896 478 989 1267 1030 709|0.05 0.02580689955380855 0.014145013718862565 0.08251329710043498
3658 1875 3169 1972 1768 3315 3698 1875 3315 3516 2447 4367 2031 3757|0.05 -0.1041355897618268 0.018672575981280026 0.0777813707300945
1167 772 622 316 592 1109 592 1154 1046 1046 558 928 1378 1202|0.05 0.14186960702168072 0.21323982261725716 0.08341876402286896
951 896 507 1607 1241 1680 1854 1875 1782 1680 951 1030 1491 2447|0.05 0.0793896624763657 -0.1429453887953147 0.005148699327381934
943 533 1052 1305 1768 1951 1690 1875 1768 1000 1972 1374 2574 2500|0.05 0.09545844463301645 -0.11317976257672724 0.009555368473339598
1437 1355 766 806 1511 1355 722 1295 766 1495 409 1972 1916 1975|0.05 0.010015986988627379 0.09215787309803547 -0.05981445986595113
1607 1875 1241 951 507 951 1782 896 1854 1680 1680 2376 1306 2214|0.05 -0.10736368012018493 0.03137581657288502 0.10599373967299597
2069 1875 1875 1061 566 1061 1989 1116 1793 2092 1384 2652 1149 1611|0.05 0.055536856121463085 -0.03649597327548659 0.06307049108290386
1052 533 943 1768 1305 1690 1951 1875 1972 1000 1768 1083 1398 2500|0.05 0.1208080582804727 -0.13069024178094413 0.12406019142854996
1061 738 566 533 1000 1116 595 1104 566 956 302 791 1414 1149|0.05 0.09891204645529506 0.12650989799515955 -0.11155827172100508
906 906 483 273 513 961 513 866 1011 669 539 1027 778 1321|0.05 0.0019875956718684584 0.10300912367222637 -0.11691046548818584
3169 1875 3658 1768 1972 3698 3315 1875 2447 3516 3315 2847 2577 2941|0.05 0.10866992592909241 0.16367960077906085 0.24788326766527646
1061 1116 566 2069 1875 1384 1793 1875 1989 2092 1061 1458 2125 1482|0.05 -0.0062533978334122775 -0.14122629184457058 0.0028991603506511865
1000 533 1104 566 1061 566 302 1116 738 595 956 1414 1458 1456|0.05 0.0993666219656153 -0.1138305852873589 0.11979802710557541
273 866 513 906 483 539 1011 906 513 669 961 1194 1282 705|0.05 -0.09253958534201412 0.12303621019581934 0.09277990542859715
1972 1875 1768 1951 1690 1305 1768 533 1052 1000 943 2577 2329 2500|0.05 0.08041282733745048 -0.009809973234028435 -0.008456694211551596
533 1104 1000 1061 566 302 566 738 595 956 1116 1133 1456 613|0.05 0.007619779741427912 0.0013895217232184898 -0.04868849345685655
566 1116 1061 1000 1104 956 738 533 302 595 566 1149 1133 1317|0.05 -0.06728404654461562 0.026428930732611544 -0.14295483899256944
696 533 943 943 1052 561 503 533 901 284 1040 1373 1083 836|0.05 -0.048443943405961365 -0.00558432590995972 0.009235545660128963
1768 1875 1305 1052 943 1768 1972 533 1951 1000 1690 2574 1374 2500|0.05 0.09894579355220978 0.059958338722005955 -0.02655850847752328
507 896 951 1241 1607 1854 1680 1875 951 1680 1782 1306 2376 2214|0.05 -0.023810361674949654 0.07483749370061021 -0.01683801475109936
1511 1295 806 766 1437 766 409 1355 1355 1495 722 1916 1972 1975|0.05 -0.005713086699488112 -0.007069170707796335 0.08070022681981204
1768 1875 1972 3169 3658 3315 2447 1875 3315 3516 3698 2031 4367 3757|0.05 -0.15571663546096737 -0.025109187518894682 -0.0035985101841284894
592 1154 316 622 1167 1046 558 772 1109 1046 592 1378 928 1202|0.05 0.029637930342425456 -0.11141603225624852 0.056730537328948394
1241 1875 1607 507 951 1782 951 896 1680 1680 1854 1491 1030 2447|0.05 0.09533064067823505 0.08596257808174856 -0.03065312070115289
1951 533 1690 1972 1768 943 1052 1875 1768 1000 1305 1518 2031 2500|0.05 0.07998876301354985 -0.045914906342119366 -0.00105525193646816
622 772 1167 592 316 592 1109 1154 558 1046 1046 1479 898 641|0.05 -0.06872204011655336 0.0772140602453475 0.11518554303481254
951 896 507 857 662 896 989 533 507 478 270 1030 1267 709|0.05 0.037929053371514865 0.10410979103059548 -0.029692311653699566
943 533 1052 696 943 1040 901 533 503 284 561 1374 745 1069|0.05 -0.023042800365377092 -0.009403969929477896 -0.05016938944836902
766 1355 1437 1511 806 722 1355 1295 409 1495 766 1071 1202 1053|0.05 0.017464434100393778 -0.0502073141416115 0.007222522475105464
857 533 662 951 507 270 507 896 989 478 896 795 1306 770|0.05 -0.020786635646981022 -0.01784620783699231 -0.033190715166901974
3000 1000 3000 566 1061 1061 566 738 3000 738 3000 3162 791 3182|0.05 0 0 0
1305 1875 1768 5303 5303 5303 5303 1000 1305 1875 1768 1398 5397 5462|0.05 0 0 0
189 1000 189 333 333 246 246 1000 354 1000 354 1018 1054 264|0.05 0 0 0
333 1000 333 354 354 189 189 1000 246 1000 246 1054 1061 485|0.05 0 0 0
2828 1000 2828 943 696 696 943 533 2828 533 2828 3000 1373 2913|0.05 0 0 0
566 738 1061 3000 3000 3000 3000 1000 566 738 1061 1456 3162 3053|0.05 0 0 0
3000 1000 3000 1061 566 566 1061 738 3000 738 3000 3162 1456 3053|0.05 0 0 0
354 1000 354 333 333 246 246 1000 189 1000 189 1061 1054 485|0.05 0 0 0
696 533 943 2828 2828 2828 2828 1000 696 533 943 1373 3000 2913|0.05 0 0 0
333 1000 333 189 189 354 354 1000 246 1000 246 1054 1018 264|0.05 0 0 0
1061 738 566 3000 3000 3000 3000 1000 1061 738 566 791 3162 3182|0.05 0 0 0
5303 1000 5303 1768 1305 1305 1768 1875 5303 1875 5303 5397 1398 5462|0.05 0 0 0
5303 1000 5303 1305 1768 1768 1305 1875 5303 1875 5303 5397 2574 5590|0.05 0 0 0
1437 1355 766 4064 4064 4064 4064 1000 1437 1355 766 1972 4185 4310|0.05 0 0 0
246 1000 246 189 189 354 354 1000 333 1000 333 1030 1018 485|0.05 0 0 0
943 533 696 2828 2828 2828 2828 1000 943 533 696 745 3000 2981|0.05 0 0 0
354 1000 354 246 246 333 333 1000 189 1000 189 1061 1030 264|0.05 0 0 0
4064 1000 4064 1437 766 766 1437 1355 4064 1355 4064 4185 1071 4135|0.05 0 0 0
2828 1000 2828 696 943 943 696 533 2828 533 2828 3000 745 2981|0.05 0 0 0
246 1000 246 354 354 189 189 1000 333 1000 333 1030 1061 264|0.05 0 0 0
766 1355 1437 4064 4064 4064 4064 1000 766 1355 1437 1071 4185 4135|0.05 0 0 0
1768 1875 1305 5303 5303 5303 5303 1000 1768 1875 1305 2574 5397 5590|0.05 0 0 0
189 1000 189 246 246 333 333 1000 354 1000 354 1018 1030 485|0.05 0 0 0
4064 1000 4064 766 1437 1437 766 1355 4064 1355 4064 4185 1972 4310|0.05 0 0 0
625 1000 625 354 354 354 354 500 625 500 625 1179 791 718|0.05 0 0 0
1414 1000 2828 1768 1768 1768 1768 1000 1414 1000 2828 2236 2031 2264|0.05 0 0 0
566 1000 566 1600 1600 800 800 1000 566 1000 566 1149 1887 1265|0.05 0 0 0
1600 1000 1600 566 566 566 566 1000 800 1000 800 1887 1149 1265|0.05 0 0 0
1768 1000 1768 2828 1414 1414 2828 1000 1768 1000 1768 2031 2236 2264|0.05 0 0 0
354 500 354 625 625 625 625 1000 354 500 354 791 1179 718|0.05 0 0 0
625 1000 625 354 354 354 354 500 625 500 625 1179 791 718|0.05 0 0 0
566 1000 566 1600 1600 800 800 1000 566 1000 566 1149 1887 1265|0.05 0 0 0
1414 1000 2828 1768 1768 1768 1768 1000 1414 1000 2828 2236 2031 2264|0.05 0 0 0
1600 1000 1600 566 566 566 566 1000 800 1000 800 1887 1149 1265|0.05 0 0 0
354 500 354 625 625 625 625 1000 354 500 354 791 1179 718|0.05 0 0 0
1768 1000 1768 2828 1414 1414 2828 1000 1768 1000 1768 2031 2236 2264|0.05 0 0 0
1768 1000 1768 1414 2828 2828 1414 1000 1768 1000 1768 2031 2236 3335|0.05 0 0 0
707 2000 707 1250 1250 1250 1250 1000 707 2000 707 1581 1601 1436|0.05 0 0 0
800 1000 800 566 566 566 566 1000 1600 1000 1600 1281 1149 1265|0.05 0 0 0
2828 1000 1414 1768 1768 1768 1768 1000 2828 1000 1414 2236 2031 3335|0.05 0 0 0
566 1000 566 800 800 1600 1600 1000 566 1000 566 1149 1281 1265|0.05 0 0 0
1250 1000 1250 707 707 707 707 2000 1250 2000 1250 1601 1581 1436|0.05 0 0 0
1768 1000 1768 1414 2828 2828 1414 1000 1768 1000 1768 2031 2236 3335|0.05 0 0 0
800 1000 800 566 566 566 566 1000 1600 1000 1600 1281 1149 1265|0.05 0 0 0
707 2000 707 1250 1250 1250 1250 1000 707 2000 707 1581 1601 1436|0.05 0 0 0
2828 1000 1414 1768 1768 1768 1768 1000 2828 1000 1414 2236 2031 3335|0.05 0 0 0
566 1000 566 800 800 1600 1600 1000 566 1000 566 1149 1281 1265|0.05 0 0 0
1250 1000 1250 707 707 707 707 2000 1250 2000 1250 1601 1581 1436|0.05 0 0 0
1875 1000 1875 1061 566 566 1061 738 1875 738 1875 2125 1456 1958|0.05 0 0 0
696 533 943 1768 1768 1768 1768 1000 696 533 943 1373 2031 1900|0.05 0 0 0
566 1000 566 533 533 394 394 1000 302 1000 302 1149 1133 777|0.05 0 0 0
533 1000 533 302 302 566 566 1000 394 1000 394 1133 1045 422|0.05 0 0 0
3315 1000 3315 1768 1305 1305 1768 1875 3315 1875 3315 3462 1398 3562|0.05 0 0 0
1061 738 566 1875 1875 1875 1875 1000 1061 738 566 791 2125 2154|0.05 0 0 0
1875 1000 1875 566 1061 1061 566 738 1875 738 1875 2125 791 2154|0.05 0 0 0
302 1000 302 533 533 394 394 1000 566 1000 566 1045 1133 422|0.05 0 0 0
1305 1875 1768 3315 3315 3315 3315 1000 1305 1875 1768 1398 3462 3562|0.05 0 0 0
533 1000 533 566 566 302 302 1000 394 1000 394 1133 1149 777|0.05 0 0 0
566 738 1061 1875 1875 1875 1875 1000 566 738 1061 1456 2125 1958|0.05 0 0 0
1768 1000 1768 943 696 696 943 533 1768 533 1768 2031 1373 1900|0.05 0 0 0
1768 1000 1768 696 943 943 696 533 1768 533 1768 2031 745 2003|0.05 0 0 0
766 1355 1437 2540 2540 2540 2540 1000 766 1355 1437 1071 2730 2653|0.05 0 0 0
394 1000 394 566 566 302 302 1000 533 1000 533 1075 1149 422|0.05 0 0 0
1768 1875 1305 3315 3315 3315 3315 1000 1768 1875 1305 2574 3462 3757|0.05 0 0 0
302 1000 302 394 394 533 533 1000 566 1000 566 1045 1075 777|0.05 0 0 0
2540 1000 2540 766 1437 1437 766 1355 2540 1355 2540 2730 1972 2918|0.05 0 0 0
3315 1000 3315 1305 1768 1768 1305 1875 3315 1875 3315 3462 2574 3757|0.05 0 0 0
394 1000 394 302 302 566 566 1000 533 1000 533 1075 1045 777|0.05 0 0 0
1437 1355 766 2540 2540 2540 2540 1000 1437 1355 766 1972 2730 2918|0.05 0 0 0
943 533 696 1768 1768 1768 1768 1000 943 533 696 745 2031 2003|0.05 0 0 0
566 1000 566 394 394 533 533 1000 302 1000 302 1149 1075 422|0.05 0 0 0
2540 1000 2540 1437 766 766 1437 1355 2540 1355 2540 2730 1071 2653|0.05 0 0 0
812 1000 812 651 651 651 651 2000 1000 2000 1000 1288 1557 1112|0.05 0 0 0
3072 1000 1536 1248 1536 1536 1248 1000 3072 1000 1536 2391 1708 3435|0.05 0 0 0
801 1231 801 1231 1231 2462 2462 1000 801 1231 801 1368 1586 1916|0.05 0 0 0
1231 1000 1231 801 801 801 801 1231 2462 1231 2462 1586 1368 1916|0.05 0 0 0
1536 1000 1248 1536 3072 3072 1536 1000 1536 1000 1248 1708 2391 3435|0.05 0 0 0
651 2000 651 812 812 1000 1000 1000 651 2000 651 1557 1288 1112|0.05 0 0 0
812 1000 812 651 651 651 651 2000 1000 2000 1000 1288 1557 1112|0.05 0 0 0
801 1231 801 1231 1231 2462 2462 1000 801 1231 801 1368 1586 1916|0.05 0 0 0
3072 1000 1536 1248 1536 1536 1248 1000 3072 1000 1536 2391 1708 3435|0.05 0 0 0
1231 1000 1231 801 801 801 801 1231 2462 1231 2462 1586 1368 1916|0.05 0 0 0
651 2000 651 812 812 1000 1000 1000 651 2000 651 1557 1288 1112|0.05 0 0 0
1536 1000 1248 1536 3072 3072 1536 1000 1536 1000 1248 1708 2391 3435|0.05 0 0 0
1248 1000 1536 3072 1536 1536 3072 1000 1248 1000 1536 1708 2391 1979|0.05 0 0 0
326 500 326 500 500 406 406 1000 326 500 326 778 1118 556|0.05 0 0 0
2000 1000 2000 651 651 651 651 812 1000 812 1000 2236 1112 1557|0.05 0 0 0
1536 1000 3072 1536 1248 1248 1536 1000 1536 1000 3072 2391 1708 1979|0.05 0 0 0
651 812 651 2000 2000 1000 1000 1000 651 812 651 1112 2236 1557|0.05 0 0 0
500 1000 500 326 326 326 326 500 406 500 406 1118 778 556|0.05 0 0 0
1248 1000 1536 3072 1536 1536 3072 1000 1248 1000 1536 1708 2391 1979|0.05 0 0 0
2000 1000 2000 651 651 651 651 812 1000 812 1000 2236 1112 1557|0.05 0 0 0
326 500 326 500 500 406 406 1000 326 500 326 778 1118 556|0.05 0 0 0
1536 1000 3072 1536 1248 1248 1536 1000 1536 1000 3072 2391 1708 1979|0.05 0 0 0
651 812 651 2000 2000 1000 1000 1000 651 812 651 1112 2236 1557|0.05 0 0 0
500 1000 500 326 326 326 326 500 406 500 406 1118 778 556|0.05 0 0 0
1000 1000 1000 354 354 354 354 500 1000 500 1000 1414 791 1061|0.05 0 0 0
1414 1000 2828 2828 2828 2828 2828 1000 1414 1000 2828 2236 3000 3162|0.05 0 0 0
354 1000 354 1000 1000 500 500 1000 354 1000 354 1061 1414 791|0.05 0 0 0
1000 1000 1000 354 354 354 354 1000 500 1000 500 1414 1061 791|0.05 0 0 0
2828 1000 2828 2828 1414 1414 2828 1000 2828 1000 2828 3000 2236 3162|0.05 0 0 0
354 500 354 1000 1000 1000 1000 1000 354 500 354 791 1414 1061|0.05 0 0 0
1000 1000 1000 354 354 354 354 500 1000 500 1000 1414 791 1061|0.05 0 0 0
354 1000 354 1000 1000 500 500 1000 354 1000 354 1061 1414 791|0.05 0 0 0
1414 1000 2828 2828 2828 2828 2828 1000 1414 1000 2828 2236 3000 3162|0.05 0 0 0
1000 1000 1000 354 354 354 354 1000 500 1000 500 1414 1061 791|0.05 0 0 0
354 500 354 1000 1000 1000 1000 1000 354 500 354 791 1414 1061|0.05 0 0 0
2828 1000 2828 2828 1414 1414 2828 1000 2828 1000 2828 3000 2236 3162|0.05 0 0 0
2828 1000 2828 1414 2828 2828 1414 1000 2828 1000 2828 3000 2236 4000|0.05 0 0 0
707 2000 707 2000 2000 2000 2000 1000 707 2000 707 1581 2236 2121|0.05 0 0 0
500 1000 500 354 354 354 354 1000 1000 1000 1000 1118 1061 791|0.05 0 0 0
2828 1000 1414 2828 2828 2828 2828 1000 2828 1000 1414 2236 3000 4000|0.05 0 0 0
354 1000 354 500 500 1000 1000 1000 354 1000 354 1061 1118 791|0.05 0 0 0
2000 1000 2000 707 707 707 707 2000 2000 2000 2000 2236 1581 2121|0.05 0 0 0
2828 1000 2828 1414 2828 2828 1414 1000 2828 1000 2828 3000 2236 4000|0.05 0 0 0
500 1000 500 354 354 354 354 1000 1000 1000 1000 1118 1061 791|0.05 0 0 0
707 2000 707 2000 2000 2000 2000 1000 707 2000 707 1581 2236 2121|0.05 0 0 0
2828 1000 1414 2828 2828 2828 2828 1000 2828 1000 1414 2236 3000 4000|0.05 0 0 0
354 1000 354 500 500 1000 1000 1000 354 1000 354 1061 1118 791|0.05 0 0 0
2000 1000 2000 707 707 707 707 2000 2000 2000 2000 2236 1581 2121|0.05 0 0 0
1104 533 1000 1000 533 284 533 1104 1131 589 1104 1133 1133 1140|0.05 -0.06341296057134627 -0.10093747400368058 0.010932544252337806
1104 533 1000 1000 1104 1131 1104 533 589 284 533 1133 1133 1340|0.05 0.002317472454638203 -0.05100985514770895 -0.07109823310811891
533 1104 1000 1000 533 589 1104 1104 284 1131 533 1133 1133 604|0.05 -0.02915978447172063 -0.033171527828598224 0.0017444733396065892
483 906 906 483 258 483 906 1025 533 1000 1000 1282 1033 683|0.05 -0.16723812679738215 0.12227937935963329 0.12507460840000206
2121 533 2069 1875 2069 1104 1000 1875 2069 1000 1875 2137 2652 2652|0.05 0.08499504403773672 -0.04830921061442006 0.022905852620342948
1000 1104 533 1104 1000 1104 1131 533 533 589 284 1414 1414 1133|0.05 0.03815092139592968 0.08562239929200244 -0.005231432490081511
1875 1875 2069 533 1000 1875 1000 1104 2069 2069 2121 2125 1414 2652|0.05 0.25551537357062726 0.14597363069835056 0.1003144277821888
483 1025 258 483 906 1000 533 906 906 1000 483 1111 1027 1282|0.05 0.06233795096466821 -0.04696027826308846 0.11555625621249233
2069 1875 1875 3880 3977 3880 3516 1875 3880 3516 3516 2652 4309 4712|0.05 -0.09860611687662502 0.04362588500467002 0.04071564345360601
1000 1104 533 533 1000 533 284 1104 1104 1131 589 1414 1414 1133|0.05 -0.012802015663742061 -0.041594568008332944 0.09389760601631991
533 1104 1000 1875 2069 2121 2069 1875 1000 2069 1875 1133 2652 2298|0.05 -0.017303146224559862 0.08043305155729152 0.002618389037889468
2069 1875 1875 1000 1104 2069 1875 533 2121 1000 2069 2652 1133 2652|0.05 0.09451246000734326 0.018402411389173423 -0.007422567528810875
1000 533 1104 1104 1000 533 589 533 1104 284 1131 1414 1414 1133|0.05 -0.007663447585704031 -0.07373544745691185 -0.0520394460047513
483 906 906 1000 1025 1000 906 533 258 483 483 1282 1215 1111|0.05 -0.03414461655934731 -0.028268331850391792 -0.008771851897511063
533 1025 1000 906 483 258 483 906 483 1000 906 1215 1282 683|0.05 -0.09273661598403593 -0.034037337531511724 -0.0007059061330827454
1875 1875 2069 2121 2069 1875 2069 533 1000 1000 1104 2125 2298 2652|0.05 0.112510907478236 0.10170824236069409 -0.09100455266796592
251 975 471 975 520 471 884 975 471 884 884 1083 1250 534|0.05 -0.03136707351302781 0.1018152107668513 0.063206032756713
1000 533 1025 483 906 483 258 906 906 483 1000 1282 1027 1282|0.05 0.06911901159760925 -0.03404232290624143 0.11166931457182505
3880 1875 3977 2069 1875 3516 3880 1875 3516 3516 3880 4006 2125 3984|0.05 -0.11604029137774696 0.01336901329028084 0.06619063115042012
975 975 520 251 471 884 471 975 884 884 471 1185 1007 1002|0.05 0.0320009748852601 0.07018968270485981 -0.10528248206108093
906 906 483 1922 1875 1699 1875 1875 1699 1699 906 1027 2277 1926|0.05 0.03816776494826257 -0.07488570335774214 0.059406392636851546
1000 533 1104 2069 1875 2069 2121 1875 1875 1000 2069 1414 2125 2652|0.05 0.11523865501938069 -0.07413590625126143 0.028029044357977817
906 906 483 533 1000 906 483 1025 483 1000 258 1027 1282 1282|0.05 -0.006795539894178804 0.08315449397073849 -0.015745588911819652
1922 1875 1875 906 483 906 1699 906 1875 1699 1699 2403 1282 1936|0.05 -0.029270393166993536 0.05254509080148129 0.0925723282881763
1875 1000 1875 1000 533 533 1000 1104 1875 1104 1875 2125 1133 1949|0.05 0 0 0
1104 533 1000 1875 1875 1875 1875 1000 1104 533 1000 1133 2125 2176|0.05 0 0 0
533 1000 533 533 533 589 589 1000 284 1000 284 1133 1133 604|0.05 0 0 0
533 1000 533 284 284 533 533 1000 589 1000 589 1133 1040 754|0.05 0 0 0
3516 1000 3516 1875 2069 2069 1875 1875 3516 1875 3516 3655 2652 4079|0.05 0 0 0
1000 1104 533 1875 1875 1875 1875 1000 1000 1104 533 1414 2125 2125|0.05 0 0 0
1875 1000 1875 533 1000 1000 533 1104 1875 1104 1875 2125 1414 2125|0.05 0 0 0
284 1000 284 533 533 589 589 1000 533 1000 533 1040 1133 754|0.05 0 0 0
2069 1875 1875 3516 3516 3516 3516 1000 2069 1875 1875 2652 3655 4079|0.05 0 0 0
533 1000 533 533 533 284 284 1000 589 1000 589 1133 1133 604|0.05 0 0 0
533 1104 1000 1875 1875 1875 1875 1000 533 1104 1000 1133 2125 1949|0.05 0 0 0
1875 1000 1875 1000 1104 1104 1000 533 1875 533 1875 2125 1133 2176|0.05 0 0 0
1875 1000 1875 1104 1000 1000 1104 533 1875 533 1875 2125 1414 2125|0.05 0 0 0
483 906 906 1699 1699 1699 1699 1000 483 906 906 1282 1972 1766|0.05 0 0 0
589 1000 589 533 533 284 284 1000 533 1000 533 1160 1133 754|0.05 0 0 0
1875 1875 2069 3516 3516 3516 3516 1000 1875 1875 2069 2125 3655 3984|0.05 0 0 0
284 1000 284 589 589 533 533 1000 533 1000 533 1040 1160 604|0.05 0 0 0
1699 1000 1699 483 906 906 483 906 1699 906 1699 1972 1027 1926|0.05 0 0 0
3516 1000 3516 2069 1875 1875 2069 1875 3516 1875 3516 3655 2125 3984|0.05 0 0 0
589 1000 589 284 284 533 533 1000 533 1000 533 1160 1040 604|0.05 0 0 0
906 906 483 1699 1699 1699 1699 1000 906 906 483 1027 1972 1926|0.05 0 0 0
1000 533 1104 1875 1875 1875 1875 1000 1000 533 1104 1414 2125 2125|0.05 0 0 0
533 1000 533 589 589 533 533 1000 284 1000 284 1133 1160 754|0.05 0 0 0
1699 1000 1699 906 483 483 906 906 1699 906 1699 1972 1282 1766|0.05 0 0 0
2069 1875 1875 1000 533 1000 1875 1104 2121 2069 2069 2652 1133 2298|0.05 0.043920310888203584 -0.013513756175491665 0.0632736584300142
1104 533 1000 1875 2069 2121 2069 1875 2069 1000 1875 1133 2652 2652|0.05 0.08258937688762957 0.028671728372007266 0.03127008823552879
1000 1104 533 533 1000 1104 589 1104 533 1131 284 1414 1414 1133|0.05 0.13160034407804 0.1366380329330963 -0.11964302158955165
906 906 483 258 483 906 483 1025 1000 1000 533 1027 1111 1282|0.05 0.010674663460599199 0.11857081647364653 -0.05647129640199866
3977 1875 3880 1875 2069 3880 3516 1875 3880 3516 3516 4309 2652 4712|0.05 -0.1555530379648684 -0.008033814896430957 0.04589604174806583
1000 1104 533 2069 1875 2069 2121 1875 1875 2069 1000 1414 2125 2652|0.05 0.06625524196351984 -0.0754443029662033 0.050543179127617854
1000 533 1104 533 1000 533 284 1104 1104 589 1131 1414 1414 1133|0.05 0.054787607741257904 -0.02770803052407622 0.11948894485388495
258 1025 483 906 483 533 1000 906 483 1000 906 1033 1282 683|0.05 -0.02649346952920628 0.09746564232525179 0.04299664916652679
2069 1875 1875 2069 2121 2069 1875 533 1104 1000 1000 2652 2137 2652|0.05 0.10099339304469268 0.046961213557874526 -0.054638220367281276
533 1104 1000 1000 533 284 533 1104 589 1131 1104 1133 1133 604|0.05 -0.12007957375938627 -0.06645513781756152 0.02025765728508544
533 1104 1000 1000 1104 1131 1104 533 284 589 533 1133 1133 1140|0.05 -0.04320176686789856 -0.026379119773298765 -0.03158509946809218
1104 533 1000 1000 1104 589 533 533 1131 284 1104 1133 1133 1340|0.05 -0.055347323497754175 0.016947967860054813 0.006340442350232234
1875 1875 2069 1104 1000 1875 2069 533 2069 1000 2121 2125 1414 2652|0.05 0.10633219242421887 0.0030273976287809035 -0.04453571660746114
483 906 906 1875 1922 1875 1699 1875 906 1699 1699 1282 2403 1936|0.05 0.010957682888788067 0.08411538026128262 -0.006194364234367589
1000 1025 533 483 906 483 258 906 906 1000 483 1282 1027 1282|0.05 -0.009166053563208765 -0.026935130159739806 0.08884846034530103
1875 1875 2069 3977 3880 3516 3880 1875 3516 3516 3880 2125 4006 3984|0.05 -0.0017198068035240155 0.16774608008534475 0.07628231060409885
471 975 251 520 975 884 471 975 884 884 471 1007 1185 1002|0.05 0.033700021804774494 -0.13722442226172804 -0.034457224277159026
1875 1875 1922 483 906 1699 906 906 1699 1699 1875 2277 1027 1926|0.05 0.031927251083325725 -0.01262710696728786 -0.1568348901660066
2069 533 2121 2069 1875 1000 1104 1875 1875 1000 2069 2298 2125 2652|0.05 0.09289419109463459 -0.03777269667254002 0.05850869951879778
520 975 975 471 251 471 884 975 471 884 884 1250 1083 534|0.05 -0.002631889962511069 0.03865405010605505 0.08897469987338535
906 906 483 1025 1000 906 1000 533 483 483 258 1027 1282 1282|0.05 0.06933849990845786 0.11007139834454449 -0.06440812670876928
1000 533 1104 1104 1000 1104 1131 533 533 284 589 1414 1414 1133|0.05 -0.048314179363714294 0.006635115549820103 0.0030135160994948507
483 906 906 1000 533 483 906 1025 258 1000 483 1282 1215 683|0.05 -0.028008433703873292 -0.03289878379899136 -0.021367540195780244
1025 533 1000 906 483 258 483 906 1000 483 906 1215 1282 1111|0.05 -0.05216186766567654 -0.1773001398506202 0.03771237084121415
1000 1000 1000 1000 1000 533 533 1000 1104 1000 1104 1414 1414 1133|0.05 0 0 0
1000 1000 1000 1000 1104 1104 1000 533 1000 533 1000 1414 1133 1489|0.05 0 0 0
533 1104 1000 1000 1000 1000 1000 1000 533 1104 1000 1133 1414 1133|0.05 0 0 0
1000 1000 1000 1000 533 533 1000 1104 1000 1104 1000 1414 1133 1133|0.05 0 0 0
1104 533 1000 1000 1000 1000 1000 1000 1104 533 1000 1133 1414 1489|0.05 0 0 0
1000 1000 1000 1000 1000 1104 1104 1000 533 1000 533 1414 1414 1133|0.05 0 0 0
1000 1000 1000 533 533 1000 1000 1000 1104 1000 1104 1414 1133 1414|0.05 0 0 0
1000 1104 533 1000 1000 1000 1000 1000 1000 1104 533 1414 1414 1414|0.05 0 0 0
1875 1000 1875 1875 2069 2069 1875 1875 1875 1875 1875 2125 2652 2792|0.05 0 0 0
1000 1000 1000 533 1000 1000 533 1104 1000 1104 1000 1414 1414 1414|0.05 0 0 0
533 1000 533 1000 1000 1104 1104 1000 1000 1000 1000 1133 1414 1414|0.05 0 0 0
2069 1875 1875 1875 1875 1875 1875 1000 2069 1875 1875 2652 2125 2792|0.05 0 0 0
1000 533 1104 1000 1000 1000 1000 1000 1000 533 1104 1414 1414 1414|0.05 0 0 0
1000 1000 1000 1104 1104 1000 1000 1000 533 1000 533 1414 1489 1414|0.05 0 0 0
906 1000 906 906 483 483 906 906 906 906 906 1350 1282 1027|0.05 0 0 0
1000 1000 1000 1104 1000 1000 1104 533 1000 533 1000 1414 1414 1414|0.05 0 0 0
483 906 906 906 906 906 906 1000 483 906 906 1282 1350 1027|0.05 0 0 0
1104 1000 1104 1000 1000 533 533 1000 1000 1000 1000 1489 1414 1414|0.05 0 0 0
1875 1875 2069 1875 1875 1875 1875 1000 1875 1875 2069 2125 2125 2652|0.05 0 0 0
906 1000 906 483 906 906 483 906 906 906 906 1350 1027 1282|0.05 0 0 0
533 1000 533 1104 1104 1000 1000 1000 1000 1000 1000 1133 1489 1133|0.05 0 0 0
1875 1000 1875 2069 1875 1875 2069 1875 1875 1875 1875 2125 2125 2652|0.05 0 0 0
906 906 483 906 906 906 906 1000 906 906 483 1027 1350 1282|0.05 0 0 0
1104 1000 1104 533 533 1000 1000 1000 1000 1000 1000 1489 1133 1133|0.05 0 0 0
573 533 333 739 573 268 345 533 506 316 317 629 1153 739|0.05 0.028020824343788497 -0.13066815298735324 -0.01933302306780793
721 776 1353 451 429 685 776 467 427 362 721 1559 829 281|0.05 7.603148256318804e-05 -0.008597507547248862 -0.06787118575344642
1035 952 2218 3000 1600 947 1600 1720 803 1519 1720 1838 1887 1790|0.05 -0.002937176815068776 -0.020862193208239788 -0.00594019851162364
930 581 1744 1000 467 602 1289 883 550 553 930 1838 1288 721|0.05 -0.1525306319537445 0.047576689835289177 -0.012374261778150819
883 467 1000 1744 930 550 930 1289 553 602 581 1288 1366 1406|0.05 0.007065171541562609 -0.19157203188769012 0.05368029093401949
739 533 573 573 333 317 506 533 345 316 268 783 1054 613|0.05 0.02141734462445477 -0.012261759287773843 -0.08422171737170303
625 1875 1075 502 647 1386 1075 592 595 1000 950 1179 776 1104|0.05 0.023122908119861396 0.07706877103322851 -0.013838527379561594
1000 883 467 930 1744 930 550 581 1289 553 602 1027 1097 1366|0.05 0.0179140647162912 -0.023352656375535963 0.06528904717037376
1179 1289 1993 2143 1892 1186 1246 2143 1993 2763 3737 1546 2200 776|0.05 0.0022049428628467815 0.04436788564582628 0.12498550701954825
3000 1720 1600 1035 2218 1720 803 952 1600 1519 947 3162 1766 3458|0.05 0.035955638212061825 0.0460466702529394 0.013885666735122815
502 592 647 625 1075 950 595 1875 1075 1000 1386 1119 1976 1104|0.05 0.03983940727223745 0.04013295611251522 0.12051305530010437
920 2143 966 1546 915 1546 2898 776 1468 1662 1662 1706 1729 2338|0.05 0.07721141793097797 0.13925966631083808 0.036259352903911246
451 467 429 721 1353 721 427 776 776 362 685 796 1059 851|0.05 0.056974145222095096 -0.09148592745880313 0.07353818175095617
1075 1875 1386 595 950 1075 625 592 502 1000 647 1468 390 1104|0.05 0.05170041228368172 0.06633980090682057 -0.15992277216447692
994 1596 1681 2330 1087 843 1807 1051 1681 1807 3152 655 1856 1304|0.05 -0.1796022048764856 0.05399113126814736 0.03790014107801998
1744 1289 930 883 1000 581 553 467 930 602 550 2010 1027 1838|0.05 0.08873048754466151 0.07144111745702952 -0.13490488069241802
528 1132 1132 1053 623 1053 1974 626 681 658 1460 1163 1593 1178|0.05 -0.06498966357574631 0.013899216897639288 0.03416202982734262
595 592 950 1075 1386 647 502 1875 625 1000 1075 1512 2161 1104|0.05 0.023528939949157834 0.0024600278689557165 0.013924767812842909
2143 2143 1892 1179 1993 3737 1993 1289 1246 2763 1186 2760 2230 2350|0.05 0.06713656772063814 0.08902468177227396 -0.02134220775414586
1053 626 623 528 1132 1460 681 1132 1974 658 1053 410 1459 2276|0.05 0.15710571197290024 0.10619093706646598 0.12109415993903694
1093 1690 848 1605 1006 1056 1817 1690 2343 3169 1817 1891 659 1942|0.05 0.13175863733542403 0.19949378337415835 0.15838544933595822
1546 776 915 920 966 1662 1468 2143 2898 1662 1546 1199 1776 3055|0.05 0.1791310326323825 0.18489493651558275 0.15030948717945858
2330 1051 1087 994 1681 3152 1681 1596 1807 1807 843 1931 2542 2468|0.05 0.035631834441263166 0.015943282252248725 -0.038655537885835534
1605 1690 1006 1093 848 1817 2343 1690 1817 3169 1056 2556 1311 2341|0.05 0.13756278519353904 0.19527750657935217 0.10333858187657086
1075 1875 625 502 292 625 1075 592 1126 1000 848 1976 1042 1244|0.05 0.06716788306742716 0.13850839759830036 -0.009073009556137546
1179 581 1993 1246 1690 2243 2143 2143 1993 1246 3737 2076 2479 3246|0.05 -0.0013613823067493147 0.056597379413183546 0.09521727293067217
1720 1357 803 1600 3000 1600 947 1720 1000 1801 467 1990 3162 3162|0.05 0.024242642400107428 -0.0020372538803248297 0.030299202300365646
1744 581 930 271 581 1000 467 1047 930 789 550 1097 1157 1097|0.05 0.07621339276685513 0.04452690033452278 -0.026744884222563714
3860 2143 3687 3429 2029 3429 6429 1720 2908 3687 2143 4264 2262 2466|0.05 0.01925051582088111 0.15528215234852372 0.08876519697284868
502 592 292 1075 625 848 1126 1875 1075 1000 625 660 1179 1244|0.05 0.024168044903218888 0.001237270736260676 0.009886248193049507
333 533 573 333 573 268 156 533 452 316 600 1054 629 427|0.05 -0.019127481542211555 -0.0234570037049453 -0.0024027223914846463
271 1047 581 1744 930 550 930 581 467 789 1000 1036 1838 613|0.05 -0.20413727619596256 0.02628355028581275 0.053308439488095605
1600 1720 3000 1720 1801 1357 1000 467 947 803 1600 1887 1783 2606|0.05 -0.005904404613867875 0.04585079308632167 -0.167181042559581
1600 1720 3000 1720 803 467 1000 1357 947 1801 1600 1887 1282 1667|0.05 -0.1823990737051795 0.049057263309639776 0.03311928654464724
333 533 573 333 573 600 452 533 156 316 268 1054 629 594|0.05 0.03315588435809813 0.023731483355031724 -0.12064997886144901
789 467 581 1744 930 550 930 581 1047 271 1000 745 1838 669|0.05 0.052169815793883245 -0.2198808548761888 0.04700734632971271
1246 2143 1690 1179 1993 3737 1993 581 2143 1246 2243 1597 1315 3939|0.05 0.01465570179029374 0.04703282841264533 -0.0324874020687993
493 1690 848 1434 1903 1817 1056 1690 1056 3169 1817 1115 2753 1883|0.05 0.026471585305156697 0.047029204505097955 0.06569724617930595
1179 1327 698 592 1268 737 344 737 2210 1268 1179 1920 945 1390|0.05 0.07431784268206343 0.014106001417431013 0.03349625520221666
3429 1720 2029 3860 3687 2143 2908 2143 6429 3687 3429 3571 3820 4043|0.05 0.16322377089445173 0.1400912287682199 0.1485390725584934
555 955 259 526 888 1666 888 753 955 555 446 990 639 1756|0.05 0.0064965692471563585 0.018970529522730484 -0.10387383382634563
1434 1690 1903 493 848 1817 1056 1690 1056 3169 1817 1216 1761 1355|0.05 0.0663615848809096 0.05244943654080236 0.12414012766482463
1720 467 1801 1600 3000 1600 947 1720 1000 803 1357 1990 3162 3162|0.05 0.045212487657386724 -0.12329155306622486 0.027567935422707635
526 753 888 555 259 446 955 955 888 555 1666 1447 1105 925|0.05 0.008822178874046127 0.019711161227307095 0.01360373929832237
1075 1875 625 1126 848 625 1075 592 502 1000 292 1976 1629 1244|0.05 0.0810941026581724 0.07318994720580063 -0.13628691716901953
1744 581 930 789 581 1000 1047 467 930 271 550 1097 1157 1097|0.05 0.05901339309372977 0.06622764462832942 -0.11127220663649573
592 737 1268 1179 698 1179 2210 1327 344 1268 737 1466 848 778|0.05 0.0008865628725285291 0.037436585496011254 0.01547349735535608
1126 592 848 1075 625 292 502 1875 1075 1000 625 719 1179 1244|0.05 0.06663909164712045 -0.05836962711639804 0.03370836504239305
1075 1875 625 647 502 1075 1386 592 950 1000 595 1976 1119 1104|0.05 0.022691996190471464 0.09750474194165193 0.04865016897703356
915 776 1546 966 920 1468 1662 2143 1546 1662 2898 1729 1706 2338|0.05 -0.038242607403009554 0.02425787911407573 0.09066029887833338
2218 952 1035 1600 3000 1600 947 1720 1720 1519 803 1766 3162 3458|0.05 0.06890983029676834 0.026119829934483363 0.07058108916498274
1744 581 930 467 1000 1289 602 883 930 553 550 1097 1027 1366|0.05 0.09206557972450513 0.043123890892584615 0.017248235941733636
1892 2143 2143 1993 1179 1993 3737 1289 1186 2763 1246 2200 1546 776|0.05 -0.03774790032387565 0.07507972960128617 0.06444181094266366
647 592 502 1075 625 595 950 1875 1386 1000 1075 776 1179 1104|0.05 0.08047904028836594 -0.01711919339187129 0.01693762789539255
333 533 573 573 739 345 268 533 317 316 506 1054 783 613|0.05 0.039572896184305595 -0.16305654277105175 0.025547318765617444
467 883 1000 1744 930 550 930 581 602 553 1289 1288 1838 721|0.05 -0.20539834633012677 0.04840496138142747 0.046739087977549776
930 1289 1744 1000 883 553 581 467 550 602 930 1366 1288 1406|0.05 -0.014932085230872083 0.04258063767928144 -0.11665471659459525
1600 1720 3000 2218 1035 803 1720 952 947 1519 1600 1887 1838 1790|0.05 -0.08971102593232305 0.018557634403391088 -0.008313762672224057
573 533 739 333 573 506 317 533 268 316 345 1153 629 739|0.05 -0.008520132174010264 -0.024992144657890458 -0.03377331782063564
429 467 451 1353 721 427 721 776 685 362 776 829 1559 281|0.05 0.003109499686204664 -0.18811560601134314 0.06419397534890292
966 2143 920 915 1546 2898 1546 776 1662 1662 1468 1776 1199 3055|0.05 0.1394941416626727 0.08546622817249494 0.0820251151012874
848 1690 1093 1006 1605 1817 1056 1690 1817 3169 2343 1311 2556 2341|0.05 -0.03330588265042955 0.062261730289545625 0.0461959702213699
1681 1596 994 1087 2330 1807 843 1051 3152 1807 1681 2542 1931 2468|0.05 0.11062305198511924 0.09458348169260944 0.08601388337992955
1993 1289 1179 1892 2143 1246 1186 2143 3737 2763 1993 2230 2760 2350|0.05 0.06264992829305926 -0.013238470296393912 0.09943112415273792
1132 1132 528 623 1053 1974 1053 626 1460 658 681 1459 410 2276|0.05 0.18036510167131148 0.1323494206862752 0.11102593684428008
1006 1690 1605 848 1093 2343 1817 1690 1056 3169 1817 659 1891 1942|0.05 -0.025636956507805175 0.0355343015930254 0.08700883125411174
1000 467 883 930 1744 930 550 1289 581 602 553 1027 2010 1838|0.05 0.09351738386943032 -0.10389952614513254 0.023895379007901063
623 626 1053 1132 528 681 1460 1132 1053 658 1974 1593 1163 1178|0.05 -0.02242175802094515 0.015567401663620917 0.008587266473161215
1386 1875 1075 950 595 625 1075 592 647 1000 502 2161 1512 1104|0.05 0.06971488245593571 0.04567454669452742 -0.05025385511375324
1353 776 721 429 451 776 685 467 721 362 427 1059 796 851|0.05 0.0449549313201314 0.062191898776924326 -0.06936858216946007
1087 1051 2330 1681 994 1681 3152 1596 843 1807 1807 1856 655 1304|0.05 -0.18400688527423825 0.09209146470831042 0.08970203105338248
950 592 595 1386 1075 502 647 1875 1075 1000 625 390 1468 1104|0.05 0.050491850807004024 -0.04030172953871869 0.008042826572649542
573 533 333 573 333 178 306 533 594 284 427 629 1054 600|0.05 0.002793275497601222 -0.07790631293718597 -0.06312806202716459
930 581 1744 581 745 1036 1000 533 496 310 930 1838 789 652|0.05 0.010946871561652305 -0.050137639679526114 0.017753667518243255
918 1282 1720 3000 1600 853 1600 1720 533 1783 1000 1357 1887 1687|0.05 -0.007989319998998878 -0.041030729294206925 -0.031399861914302996
930 581 1744 581 310 533 1000 1036 496 745 930 1838 1047 585|0.05 0.00547551449839867 -0.05297885730736085 0.03260572320478161
1783 533 1720 3000 1600 853 1600 1720 1282 918 1000 1801 1887 2509|0.05 -0.04981570112035261 0.006660697767453261 -0.028620640646606077
573 533 333 573 333 427 594 533 306 284 178 629 1054 452|0.05 0.02037320035040091 -0.050523542706292224 -0.1257740381681305
625 1875 1075 333 573 1075 625 533 802 1000 1114 1179 629 1244|0.05 0.06453202990248208 -0.012984807121687592 0.051592834846354574
581 1036 310 930 1744 930 496 581 1000 745 533 1157 1097 1097|0.05 0.148942774452272 -0.12773128053251703 0.1308442565787793
1600 1720 3000 3226 3342 2405 1875 1875 3000 3226 5625 1887 3731 2103|0.05 -0.012169614770335402 0.08032284626701136 -0.020784527651872553
3000 1720 1600 918 1720 1000 533 1282 1600 1783 853 3162 1990 3162|0.05 0.10704201268459945 0.12053176518117548 -0.09473599805983501
333 533 573 625 1075 1114 802 1875 625 1000 1075 1054 1976 1244|0.05 0.11355218748829943 -0.09531690878640031 0.08856773217507552
1398 1875 1090 1744 930 1744 3269 581 1943 1090 1875 2169 1838 2734|0.05 -0.06860797831309329 0.030700367982194887 0.09589939936874847
581 533 745 930 1744 930 496 581 1000 310 1036 1157 1097 1097|0.05 0.03833020501902151 -0.07100105886700736 0.09577641658078617
625 1875 1075 802 1114 1075 625 533 333 1000 573 1179 701 1244|0.05 0.12007631706872912 0.1170129275438847 -0.12003680622952762
665 1390 1248 1342 716 416 780 780 1248 1342 2339 875 1552 785|0.05 -0.11027577898792384 0.12149167315255838 0.10088169407114211
3000 1720 1600 1783 1720 1000 1282 533 1600 918 853 3162 1990 3162|0.05 0.053039427131471584 0.09393832172932992 -0.02123505995234698
299 965 561 898 479 898 1683 719 515 561 965 1116 1407 946|0.05 -0.1388303680320424 0.11866819434860787 0.12877905715392712
802 533 1114 625 1075 573 333 1875 625 1000 1075 1568 1976 1244|0.05 0.10301281733333445 0.0026035546754421546 0.019246001608979046
3226 1875 3342 1600 3000 5625 3000 1720 1875 3226 2405 3377 3162 3538|0.05 0.09006473605809084 0.0625105992596997 -0.05312378927958661
898 719 479 299 561 965 515 965 1683 561 898 629 1010 1774|0.05 -0.008736464561797108 -0.18709828687585084 -0.03432130142065559
1075 1875 625 2089 1503 1172 2016 1875 2016 3516 1172 1976 1314 1590|0.05 -0.11654399659378312 0.10246418370270183 0.013057244445007221
1744 581 930 1398 1090 1875 1943 1875 3269 1090 1744 1097 1479 3446|0.05 0.025657290353566786 -0.10927480743848417 0.023198151472323403
1342 780 716 665 1248 2339 1248 1390 780 1342 416 1058 1956 1471|0.05 0.009800839466167499 -0.0021682028207192783 -0.13944176963578414
2089 1875 1503 1075 625 1172 2016 1875 2016 3516 1172 2940 1179 2111|0.05 -0.2029272995113396 -0.011106279557122622 -0.0774821358775113
1000 1000 1000 3000 3000 1600 1600 1000 1720 1000 1720 1414 3162 1887|0.05 0 0 0
333 1000 333 333 573 573 333 533 333 533 333 1054 629 663|0.05 0 0 0
1600 1720 3000 1000 1000 1000 1000 1000 1600 1720 3000 1887 1414 1887|0.05 0 0 0
1000 1000 1000 3000 1600 1600 3000 1720 1000 1720 1000 1414 1887 1887|0.05 0 0 0
573 533 333 333 333 333 333 1000 573 533 333 629 1054 663|0.05 0 0 0
3000 1000 3000 1000 1000 1720 1720 1000 1600 1000 1600 3162 1414 1887|0.05 0 0 0
1000 1000 1000 1600 1600 3000 3000 1000 1720 1000 1720 1414 1887 3162|0.05 0 0 0
3000 1720 1600 1000 1000 1000 1000 1000 3000 1720 1600 3162 1414 3162|0.05 0 0 0
625 1000 625 625 1075 1075 625 1875 625 1875 625 1179 1976 1244|0.05 0 0 0
1000 1000 1000 1600 3000 3000 1600 1720 1000 1720 1000 1414 3162 3162|0.05 0 0 0
1600 1000 1600 1000 1000 1720 1720 1000 3000 1000 3000 1887 1414 3162|0.05 0 0 0
1075 1875 625 625 625 625 625 1000 1075 1875 625 1976 1179 1244|0.05 0 0 0
333 533 573 333 333 333 333 1000 333 533 573 1054 1054 471|0.05 0 0 0
3000 1000 3000 1720 1720 1000 1000 1000 1600 1000 1600 3162 1990 3162|0.05 0 0 0
581 1000 581 1744 930 930 1744 581 581 581 581 1157 1838 1097|0.05 0 0 0
333 1000 333 573 333 333 573 533 333 533 333 1054 1054 471|0.05 0 0 0
930 581 1744 581 581 581 581 1000 930 581 1744 1838 1157 1097|0.05 0 0 0
1720 1000 1720 3000 3000 1600 1600 1000 1000 1000 1000 1990 3162 3162|0.05 0 0 0
625 1875 1075 625 625 625 625 1000 625 1875 1075 1179 1179 884|0.05 0 0 0
581 1000 581 930 1744 1744 930 581 581 581 581 1157 1097 1838|0.05 0 0 0
1600 1000 1600 1720 1720 1000 1000 1000 3000 1000 3000 1887 1990 1887|0.05 0 0 0
625 1000 625 1075 625 625 1075 1875 625 1875 625 1179 1179 884|0.05 0 0 0
1744 581 930 581 581 581 581 1000 1744 581 930 1097 1157 1838|0.05 0 0 0
1720 1000 1720 1600 1600 3000 3000 1000 1000 1000 1000 1990 1887 1887|0.05 0 0 0
573 533 333 573 333 156 268 533 600 316 452 629 1054 594|0.05 -0.021333992752321507 -0.027891002264386344 -0.019706864771327215
930 581 1744 581 789 1047 1000 467 550 271 930 1838 745 669|0.05 0.0021084803730198054 0.01398430725828792 -0.08038007409295167
803 1357 1720 3000 1600 947 1600 1720 467 1801 1000 1282 1887 1667|0.05 -0.07888500463022696 -0.01953751154155081 0.031534577338330205
930 581 1744 581 271 467 1000 1047 550 789 930 1838 1036 613|0.05 -0.04660653265174619 -0.016324906748275136 0.0029200798991135812
1801 467 1720 3000 1600 947 1600 1720 1357 803 1000 1783 1887 2606|0.05 0.0423445812349299 -0.15303705285748426 0.02094453552704767
573 533 333 573 333 452 600 533 268 316 156 629 1054 427|0.05 0.0003185883915457488 -0.008765163991626412 -0.0119399590910374
625 1875 1075 292 502 1075 625 592 848 1000 1126 1179 660 1244|0.05 0.07727070929274271 0.09685181865063841 0.0634861007076215
581 1047 271 930 1744 930 550 581 1000 789 467 1157 1097 1097|0.05 0.02195514790098052 -0.06520885229225892 0.020156920490905783
2029 1720 3429 3687 3860 2908 2143 2143 3429 3687 6429 2262 4264 2466|0.05 -0.061028919635411905 0.05509909961162185 0.06896545108865171
3000 1720 1600 803 1720 1000 467 1357 1600 1801 947 3162 1990 3162|0.05 0.1387963775647605 0.03566012747451497 0.07039695746019703
292 592 502 625 1075 1126 848 1875 625 1000 1075 1042 1976 1244|0.05 0.03742527879670776 0.059386307424269535 0.1332323301396432
1690 2143 1246 1993 1179 1993 3737 581 2243 1246 2143 2479 2076 3246|0.05 -0.013764647684786357 0.1753756166495446 0.0683703693090365
581 467 789 930 1744 930 550 581 1000 271 1047 1157 1097 1097|0.05 0.07791645511211032 -0.1993780430731773 0.07624416913641019
625 1875 1075 848 1126 1075 625 592 292 1000 502 1179 719 1244|0.05 0.05061208325384481 0.02551607293881375 -0.11794567784431331
698 1327 1179 1268 592 344 737 737 1179 1268 2210 848 1466 778|0.05 0.016299298812281204 0.012379800497328564 0.013982598224682175
3000 1720 1600 1801 1720 1000 1357 467 1600 803 947 3162 1990 3162|0.05 0.05590182519494391 0.07103547919076636 -0.13403251561817653
259 955 555 888 526 888 1666 753 446 555 955 1105 1447 925|0.05 -0.19705412903228914 0.06988109989966684 0.033575290699321414
848 592 1126 625 1075 502 292 1875 625 1000 1075 1629 1976 1244|0.05 0.03295310140722263 -0.2075042038821695 0.06300989581921046
3687 2143 3860 2029 3429 6429 3429 1720 2143 3687 2908 3820 3571 4043|0.05 -0.0018352167392976515 0.03664647391776077 -0.0922947609153646
888 753 526 259 555 955 446 955 1666 555 888 639 990 1756|0.05 0.13361463792832318 0.06660971671408111 0.06715595713161937
848 1690 493 1903 1434 1056 1817 1690 1817 3169 1056 1761 1216 1355|0.05 -0.02858419769062759 0.06469350475996949 0.03296878444568385
1993 581 1179 1690 1246 2143 2243 2143 3737 1246 1993 1315 1597 3939|0.05 0.15835728059021115 0.05677302514705662 0.14964712806944558
1268 737 592 698 1179 2210 1179 1327 737 1268 344 945 1920 1390|0.05 -0.0015204951262348665 0.07660318153376977 -0.0003024240500792974
1903 1690 1434 848 493 1056 1817 1690 1817 3169 1056 2753 1115 1883|0.05 0.1553993578507451 0.1676527995260768 0.12243787853195354
573 533 333 739 573 268 345 533 551 316 385 629 1153 710|0.05 0.040601865699609885 -0.14254439155534038 0.007043249131708507
721 776 1353 451 520 746 776 467 427 362 721 1559 781 407|0.05 0.017422804483242516 -0.004264028133040831 -0.05430307733226725
1035 1154 2218 3000 1600 947 1600 1720 803 1654 1720 1733 1887 1790|0.05 -0.1573115725714047 0.008161513910065477 0.020106013395242428
930 581 1744 1000 467 602 1289 961 550 671 930 1838 1238 721|0.05 -0.1163356989700115 0.02403231719802168 -0.009941694067729934
961 467 1000 1744 930 550 930 1289 671 602 581 1238 1366 1457|0.05 -0.022457975499129423 -0.05986890413948509 0.0042327659793439665
739 533 573 573 333 385 551 533 345 316 268 783 1054 578|0.05 0.020963558645221703 0.019799858658917646 -0.09364366666778423
625 1875 1075 502 647 1386 1075 592 722 1000 1034 1179 776 1237|0.05 0.06957777455936398 0.11468766026394128 0.09524367631066566
1000 961 467 930 1744 930 550 581 1289 671 602 1151 1097 1366|0.05 -0.00915178501168401 -0.05879537368933985 0.05847042182119955
1179 1289 1993 2143 2060 1438 1246 2143 1993 2763 3737 1546 2466 1125|0.05 -0.038301168503692695 0.0499506827357199 0.04521300864515965
3000 1720 1600 1035 2218 1720 803 1154 1600 1654 947 3162 1980 3458|0.05 0.0546179496549315 0.04758744546409455 -0.040376667239210295
502 592 647 625 1075 1034 722 1875 1075 1000 1386 1119 1976 1237|0.05 0.035370192191042094 0.05825536490797756 0.19617590815796504
1115 2143 966 1546 915 1546 2898 776 1598 1662 1662 1913 1729 2421|0.05 -0.021181086840423857 0.10080489713481855 0.04354728624361481
451 467 520 721 1353 721 427 776 776 362 746 893 1059 851|0.05 0.023018556523226597 -0.10830292837998523 0.04379792437181118
1075 1875 1386 722 1034 1075 625 592 502 1000 647 1468 564 1237|0.05 0.04028624498850997 0.0180679231717229 -0.05872941220100847
820 1433 1386 1921 897 695 1490 866 1386 1490 2599 782 1715 1075|0.05 -0.14565878034079383 0.056763008458473596 0.06764429961553242
1744 1289 930 961 1000 581 671 467 930 602 550 2010 1151 1838|0.05 0.031995337225905196 0.07284143740306614 -0.060116240727157155
485 1040 1040 967 572 967 1814 698 626 605 1341 1197 1515 1082|0.05 -0.00515211381202807 0.007846185850677312 0.05662772326364918
722 592 1034 1075 1386 647 502 1875 625 1000 1075 1567 2161 1237|0.05 0.08078514698629524 -0.0410292359816089 0.02731032765207031
2143 2143 2060 1179 1993 3737 1993 1289 1246 2763 1438 2653 2230 2350|0.05 0.09436653670752193 0.061863814366072134 0.0267299924011577
967 698 572 485 1040 1341 626 1040 1814 605 967 546 1288 2091|0.05 0.05542613322664147 -0.04319359364737929 0.09353695435857956
1093 1690 848 1747 1220 1056 1817 1690 2343 3169 1817 1891 954 1831|0.05 0.13667767925142682 0.1362396796133014 0.17586368525324358
1546 776 915 1115 966 1662 1598 2143 2898 1662 1546 1199 1675 3055|0.05 0.10978326636885694 -0.02458534395889722 0.06475289159598718
1921 866 897 820 1386 2599 1386 1433 1490 1490 695 1501 2171 2035|0.05 0.04189023786121959 0.013627656347763306 -0.08712079314165955
1747 1690 1220 1093 848 1817 2343 1690 1817 3169 1056 2648 1311 2250|0.05 0.03238063597308605 0.14037458451653384 0.09296711511841194
1075 1875 625 647 502 1075 1386 592 1034 1000 722 1976 1119 1237|0.05 0.07980256761792148 0.1427258426225375 -0.004867575912997912
915 776 1546 966 1115 1598 1662 2143 1546 1662 2898 1729 1913 2421|0.05 -0.023745076214551908 0.07643540564111317 0.05457265435387049
2218 1154 1035 1600 3000 1600 947 1720 1720 1654 803 1980 3162 3458|0.05 0.1475185891392239 -0.05061838242423011 0.026708504112902265
1744 581 930 467 1000 1289 602 961 930 671 550 1097 1151 1366|0.05 0.12648647834878846 0.03377053151680798 0.07854257444709578
2060 2143 2143 1993 1179 1993 3737 1289 1438 2763 1246 2466 1546 1125|0.05 -0.018190945287231974 -0.0008348996102758299 0.04724518200830641
647 592 502 1075 625 722 1034 1875 1386 1000 1075 776 1179 1237|0.05 0.030138525752587686 0.011562659839867706 0.10943511325742117
333 533 573 573 739 345 268 533 385 316 551 1054 783 578|0.05 -0.008380745501647135 -0.044652893609321564 -0.010484175428420173
467 961 1000 1744 930 550 930 581 602 671 1289 1238 1838 721|0.05 -0.09676837310288233 -0.011036901037606572 -0.0023471792208351605
930 1289 1744 1000 961 671 581 467 550 602 930 1366 1238 1457|0.05 -0.022763964559233685 0.008765510370425389 -0.023228258287814052
1600 1720 3000 2218 1035 803 1720 1154 947 1654 1600 1887 1733 1790|0.05 -0.019586134153696255 -0.004838862769472874 -0.010489750106597029
573 533 739 333 573 551 385 533 268 316 345 1153 629 710|0.05 0.0359900927078316 0.0032987333338918567 -0.14522976390741849
520 467 451 1353 721 427 721 776 746 362 776 781 1559 407|0.05 -0.008245474248923523 -0.009249204553789525 -0.03295812145032828
966 2143 1115 915 1546 2898 1546 776 1662 1662 1598 1675 1199 3055|0.05 0.09291567782382604 0.032909272924759314 0.05907602184010541
848 1690 1093 1220 1747 1817 1056 1690 1817 3169 2343 1311 2648 2250|0.05 0.04477002074482872 0.12826048418414393 0.0687161459434793
1386 1433 820 897 1921 1490 695 866 2599 1490 1386 2171 1501 2035|0.05 0.1765742413347704 0.11719014133204197 0.14903902888055764
1993 1289 1179 2060 2143 1246 1438 2143 3737 2763 1993 2230 2653 2350|0.05 0.1217378472780073 0.0701780167537569 0.06825971092399907
1040 1040 485 572 967 1814 967 698 1341 605 626 1288 546 2091|0.05 0.012350381758587936 0.018180302712256236 -0.10535166361361203
1220 1690 1747 848 1093 2343 1817 1690 1056 3169 1817 954 1891 1831|0.05 -0.04484042742607053 0.038769554440940546 0.036940538336411866
1000 467 961 930 1744 930 550 1289 581 602 671 1151 2010 1838|0.05 0.09939983064938707 -0.17715650298825047 0.03042803656839066
572 698 967 1040 485 626 1341 1040 967 605 1814 1515 1197 1082|0.05 -0.22418734512349214 0.03825765123986136 0.05273789447394872
1386 1875 1075 1034 722 625 1075 592 647 1000 502 2161 1567 1237|0.05 0.06752582020508324 0.042573946904918 -0.06648492096609004
1353 776 721 520 451 776 746 467 721 362 427 1059 893 851|0.05 0.022849816562213743 0.05734820194924328 0.012620688240161382
897 866 1921 1386 820 1386 2599 1433 695 1490 1490 1715 782 1075|0.05 -0.12717689400363552 0.07673350058286621 0.060942234355989555
1034 592 722 1386 1075 502 647 1875 1075 1000 625 564 1468 1237|0.05 0.071227353319685 -0.1554421082788704 0.05639726573727133
1875 1000 1875 1299 693 693 1299 817 1075 817 375 2125 1510 1580|0.1 -0.08165377589866796 0.13294606322156177 0.004991464835337744
629 533 770 1443 289 828 1443 1000 629 533 770 1162 1190 797|0.1 -0.034702103070712864 -0.026859262931604455 0.13646220552344213
693 200 693 533 533 436 436 1000 370 573 370 825 1133 805|0.1 0.1378239669155601 -0.03544707157447369 -0.04929912244187151
533 1000 533 370 370 693 693 573 436 200 436 1133 843 581|0.1 -0.10892244346062174 0.027442511627628896 -0.05845958055237244
1552 1000 2706 1443 1179 1179 1443 1875 541 1875 2706 2280 1573 1493|0.1 -0.021707182544101755 -0.11743914445417003 0.06067028125980256
1299 817 693 1875 1875 375 1075 1000 1299 817 693 1090 2125 1546|0.1 0.042370194186547305 -0.0789947847182293 -0.11198074469273234
1875 1000 1875 693 1299 1299 693 817 375 817 1075 2125 1090 1546|0.1 0.07910988089399273 -0.1325682834743469 -0.0068153217266464505
370 573 370 533 533 436 436 1000 693 200 693 843 1133 581|0.1 -0.11273417313974132 -0.05150037244749717 0.04590512337053987
1179 1875 1443 2706 1552 541 2706 1000 1179 1875 1443 1573 2280 1493|0.1 0.01615004963626321 0.08565385573051199 -0.12104532526061584
533 1000 533 693 693 370 370 200 436 573 436 1133 825 805|0.1 0.1497665808478188 -0.03333146472231152 -0.04721331613245061
693 817 1299 1875 1875 1075 375 1000 693 817 1299 1510 2125 1580|0.1 -0.06847835034134442 -0.008959692056814683 0.12511775058623664
289 1000 1443 770 629 629 770 533 828 533 1443 1190 1162 797|0.1 -0.0646957062952147 0.1529986483678969 -0.018141835720048016
1443 1000 289 629 770 770 629 533 1443 533 828 1190 839 1636|0.1 0.07063331942955164 -0.522510738389449 -0.016733644842640283
848 1224 1590 459 1316 2295 2295 1000 848 1224 1590 1334 1266 1934|0.1 -0.06299298634035444 0.043371951025883426 -0.6006294657832056
2179 2867 2179 3464 3464 1848 1848 5000 2667 5000 2667 2759 4123 2906|0.1 -0.5722594145972182 -0.03584409578329839 0.0686884503343621
1443 1875 1179 1552 2706 2706 541 1000 1443 1875 1179 2179 2280 3067|0.1 0.07440723346125111 0.054691288958348405 0.2369531160335825
644 1744 644 760 760 930 930 349 1208 1744 1208 1470 963 1405|0.1 0.2466536462918456 0.0864275629590372 0.05992669202648182
459 1000 1316 848 1590 1590 848 1224 2295 1224 2295 1266 1848 1892|0.1 0.06925399746423366 0.2344846458318539 0.0849636954933275
2706 1000 1552 1179 1443 1443 1179 1875 2706 1875 541 2280 2179 3067|0.1 0.11899768168838865 0.2521300795833503 0.0297895825337946
760 349 760 644 644 1208 1208 1744 930 1744 930 963 1470 1405|0.1 0.2277731533369498 0.06141275303336968 0.06632301955225683
1590 1224 848 1316 459 2295 2295 1000 1590 1224 848 1848 1266 1892|0.1 0.07316694563471504 0.06171106204724941 0.21506636388400002
770 533 629 289 1443 1443 828 1000 770 533 629 839 1190 1636|0.1 0.026566970035546422 -0.026755479267024374 -0.5582687855156876
3464 5000 3464 2179 2179 2667 2667 2867 1848 5000 1848 4123 2759 2906|0.1 -0.5408300764888341 0.06985536906467527 -0.04521783451487904
1316 1000 459 1590 848 848 1590 1224 2295 1224 2295 1266 1334 1934|0.1 -0.06334323753349524 -0.6283795879038978 0.04890679309287771
1875 1000 1875 1061 566 566 1061 1116 1075 1116 375 2125 1149 1528|0.1 -0.03573199908611158 0.12590706958639286 -0.02011589149712001
1052 533 943 1768 354 1014 1768 1000 1052 533 943 1083 1275 1210|0.1 -0.004424593927835341 -0.06669499917223654 0.12235110640963276
566 200 566 533 533 595 595 1000 302 573 302 721 1133 613|0.1 0.12997040235112056 0.00281552276946595 -0.07859300129452351
533 1000 533 302 302 566 566 573 595 200 595 1133 815 777|0.1 -0.1265801289693691 0.05860968329854943 -0.04237916851865364
1900 1000 3315 1768 1972 1972 1768 1875 663 1875 3315 2702 2577 2269|0.1 -0.05582646914043421 -0.11337122176082404 0.03846266418588318
1061 1116 566 1875 1875 375 1075 1000 1061 1116 566 1458 2125 1352|0.1 0.049017204170498374 -0.060893420864882586 -0.12081231095437572
1875 1000 1875 566 1061 1061 566 1116 375 1116 1075 2125 1458 1352|0.1 0.05659232828814309 -0.1104012487781092 -0.05372164441271421
302 573 302 533 533 595 595 1000 566 200 566 815 1133 777|0.1 -0.12249349633430717 0.002565645620240531 0.06727779089179098
1972 1875 1768 3315 1900 663 3315 1000 1972 1875 1768 2577 2702 2269|0.1 -0.04337775801456889 0.06900533188915814 -0.1146704172679125
533 1000 533 566 566 302 302 200 595 573 595 1133 721 613|0.1 0.12329664669115559 -0.07869922722735012 -0.005839688799980092
566 1116 1061 1875 1875 1075 375 1000 566 1116 1061 1149 2125 1528|0.1 -0.05153488991059274 -0.040133816859401206 0.14365488435611695
354 1000 1768 943 1052 1052 943 533 1014 533 1768 1275 1083 1210|0.1 -0.03620581181169813 0.14060219058313894 -0.0352486364438942
1768 1000 354 1052 943 943 1052 533 1768 533 1014 1275 1374 2003|0.1 0.028905647067456464 -0.5882795121238094 -0.04322870632341269
507 896 951 336 963 1680 1680 1000 507 896 951 1306 1151 1370|0.1 -0.059970043977568555 0.0378428958240562 -0.6252407467517862
2975 2867 2975 2828 2828 1508 1508 5000 2667 5000 2667 3423 3606 3887|0.1 -0.5842370356792637 -0.059324272450685944 0.04900853409163908
1768 1875 1972 1900 3315 3315 663 1000 1768 1875 1972 2031 2702 3757|0.1 0.06826827088743492 0.0628396218369609 0.21282669837072943
526 1744 526 1038 1038 930 930 349 987 1744 987 1422 1194 1069|0.1 0.2433161021615038 0.10810895806137699 0.05567296138540234
336 1000 963 507 951 951 507 896 1680 896 1680 1151 1030 1212|0.1 0.040663613388902675 0.25079406072510135 0.11751935702855931
3315 1000 1900 1972 1768 1768 1972 1875 3315 1875 663 2702 2031 3757|0.1 0.062351421472814916 0.21830090745142972 0.06349076950203258
1038 349 1038 526 526 987 987 1744 930 1744 930 1194 1422 1069|0.1 0.24412711161001743 0.022722196647957382 0.09277502152019723
951 896 507 963 336 1680 1680 1000 951 896 507 1030 1151 1212|0.1 0.05144243966222373 0.11883951793209002 0.2467949947433179
943 533 1052 354 1768 1768 1014 1000 943 533 1052 1374 1275 2003|0.1 0.05636980470227426 -0.06728204324354614 -0.5730860622561218
2828 5000 2828 2975 2975 2667 2667 2867 1508 5000 1508 3606 3423 3887|0.1 -0.5492266637025889 0.06339791219989843 -0.04251613393215892
963 1000 336 951 507 507 951 896 1680 896 1680 1151 1306 1370|0.1 -0.0746671345058536 -0.6110055463574138 0.037342527491111
573 533 333 433 433 231 231 500 428 267 272 629 829 772|0.1 0.017600539932829395 -0.17577298321146517 0.0876981670476007
1155 1000 2309 770 629 988 1324 533 616 533 1232 1915 1162 666|0.1 -0.024230089377456077 -0.01747943441388622 0.024137447764605025
693 817 1299 3000 1600 800 1500 1720 693 1284 1299 1510 1887 1327|0.1 -0.0022314107291099283 0.005353679388901966 -0.021270709860683468
930 581 1744 755 403 403 755 746 465 475 872 1838 1346 771|0.1 -0.045544034925261156 0.006184298733442617 -0.024650455851691344
988 533 1324 2309 1155 616 1232 1000 629 533 770 1782 1915 1533|0.1 -0.012412584490756329 -0.21081993062171622 0.047990814327458775
433 500 433 573 333 272 428 533 231 267 231 829 1054 503|0.1 0.001962016858112481 0.014077370879483908 -0.12907297868004708
625 1875 1075 433 433 812 812 500 511 938 802 1179 829 681|0.1 0.08436919914969421 0.1061630568722216 -0.017033902326436534
755 746 403 930 1744 872 465 581 755 475 403 595 1097 1446|0.1 0.16976794634535386 0.02472142576886771 0.0925920900707311
1155 1000 2309 2483 1853 1179 1443 1875 2165 1875 4330 1915 1477 1248|0.1 -0.02115706244382287 0.11656020298097092 0.022180171325689724
3000 1720 1600 693 1299 1299 693 817 1500 1284 800 3162 1090 2487|0.1 0.027605497896716624 0.08109631617434276 0.01089164927420283
433 500 433 625 1075 802 511 1875 812 938 812 829 1976 640|0.1 0.08584245069666707 0.039604927064162965 0.03977529462270146
1179 1875 1443 2309 1155 2165 4330 1000 1853 1875 2483 1573 1915 2875|0.1 0.0028296633056479337 0.1450347388857698 0.08810808076943788
770 533 629 1155 2309 1232 616 1000 1324 533 988 839 1915 1452|0.1 0.0650214485311329 -0.15253980659686528 0.10615349511241323
866 2000 866 545 856 1147 667 533 462 1067 462 1658 576 682|0.1 0.16277110738474265 0.1403727667590382 -0.12169008970307371
979 1571 1836 1590 848 848 1590 1224 1958 2106 3672 1058 1334 1624|0.1 -0.13545909634636755 0.1449255702083896 0.09850432220466443
2309 1000 1155 988 1324 770 629 533 1232 533 616 1915 788 2434|0.1 0.054722337425692213 0.12238812819244549 -0.010210714177283364
540 1340 1012 1169 623 1247 2337 637 540 779 1012 797 1552 1034|0.1 -0.016138795653439786 -0.06491140722091004 0.02103178212214063
545 533 856 866 866 462 462 2000 667 1067 1147 1328 1658 726|0.1 0.12570257461920642 -0.10485487999871923 0.09117844830870414
2483 1875 1853 1155 2309 4330 2165 1000 1443 1875 1179 3342 1915 2723|0.1 0.2756964395136219 0.1146153274892292 0.08058357876928213
1169 637 623 540 1012 1012 540 1340 2337 779 1247 674 1804 1938|0.1 0.19333090800619734 0.17768556924165235 0.24825044559978027
866 2000 866 1604 1021 1250 2151 1875 1624 3750 1624 1658 1081 1887|0.1 -0.10930466712960385 -0.055862655006995166 0.006023818607487907
2309 1000 1155 1179 1443 2483 1853 1875 4330 1875 2165 1915 2179 4564|0.1 0.050498337382731684 0.06089236176113122 0.12914931422930653
1590 1224 848 979 1836 3672 1958 1571 1590 2106 848 1848 2438 3045|0.1 0.02808960793973192 0.016101652352753515 -0.0899217570981592
1604 1875 1021 866 866 1624 1624 2000 2151 3750 1250 2490 1658 2894|0.1 0.02011468081004386 0.10710956348846778 0.019346762692373787
1075 1875 625 354 354 663 663 500 932 938 697 1976 791 881|0.1 0.10742675803554258 0.16669279363944245 -0.12307852297756772
1414 1000 2828 1768 1972 2637 3041 1875 2652 1875 5303 2236 2577 3769|0.1 0.04181373724062576 0.07625405849751354 0.08024854776010448
1061 1116 566 1600 3000 1500 800 1720 1061 1492 566 1458 3162 2372|0.1 0.19167994307963898 -0.1415340973002044 0.1523963472212908
1744 581 930 329 616 616 329 867 872 649 465 1097 819 1379|0.1 0.05737738689141292 0.08453716249318566 -0.15833385308012926
2637 1875 3041 2828 1414 2652 5303 1000 1972 1875 1768 2491 2236 2035|0.1 -0.16394167467130405 -0.012464735453304732 0.08099424766972785
354 500 354 1075 625 697 932 1875 663 938 663 791 1179 911|0.1 0.048484608625485315 0.03226880794847897 0.001620140171836315
333 533 573 354 354 189 189 500 372 267 497 1054 791 383|0.1 0.05240573871197807 -0.07186630200456401 -0.12186423085258413
329 867 616 1744 930 465 872 581 329 649 616 1219 1838 735|0.1 -0.10605797946809936 -0.05534949355486485 0.03385938545724443
1414 1000 2828 1622 1406 1052 943 533 754 533 1508 2236 1978 2010|0.1 -0.07524604120457412 0.0003585258221816545 -0.05083820749457679
1600 1720 3000 1061 566 566 1061 1116 800 1492 1500 1887 1149 1265|0.1 -0.078239919979185 0.012714502237400893 -0.10853884679952852
354 500 354 333 573 497 372 533 189 267 189 791 629 699|0.1 0.05360242283461325 -0.028601226935208723 -0.19624838490420404
1052 533 943 2828 1414 754 1508 1000 1406 533 1622 1083 2236 1085|0.1 -0.017577655765264044 0.01497992753203059 -0.02762424938163255
1768 1875 1972 1414 2828 5303 2652 1000 3041 1875 2637 2031 2236 5590|0.1 0.09227474794744284 0.028410511588630172 -0.001549297628149482
707 2000 707 1395 1865 2151 1250 1875 1326 3750 1326 1581 2665 2622|0.1 0.012904816879324432 -0.011292778539525594 0.13202435191496775
1344 1337 717 507 951 951 507 896 2689 1542 1434 1911 1030 2126|0.1 0.1376551738658116 0.3058541322530295 0.3416727316504242
2828 1000 1414 2637 3041 1768 1972 1875 5303 1875 2652 2236 3708 3335|0.1 0.16809170943518748 -0.09120296823984186 0.020798453399830663
711 1153 379 536 1006 2011 1073 748 711 670 379 1406 772 1590|0.1 -0.03391898791588854 -0.09017037733559108 -0.22123617150173747
1395 1875 1865 707 707 1326 1326 2000 1250 3750 2151 1439 1581 1436|0.1 0.1454676740387706 0.1051451232039069 0.29880958778911504
1622 533 1406 1414 2828 1508 754 1000 943 533 1052 1328 2236 2981|0.1 0.1059957352235763 -0.0696566806424237 0.08888003752706597
536 748 1006 711 379 379 711 1153 1073 670 2011 1429 945 848|0.1 -0.126397305744963 0.0914209778109698 0.13880346693787793
707 2000 707 994 744 667 1147 533 377 1067 377 1581 1421 972|0.1 0.03663099420252447 -0.026926805655674846 0.051755840058151925
2828 1000 1414 1052 943 1622 1406 533 1508 533 754 2236 1374 1779|0.1 0.16685188971208076 0.1630526450048353 -0.11983856719462005
507 896 951 1344 717 1434 2689 1337 507 1542 951 1306 1032 1134|0.1 -0.020646353503435133 -0.019412999830198396 0.08802348368599722
994 533 744 707 707 377 377 2000 1147 1067 667 767 1581 939|0.1 0.10835989565865178 -0.15644770351150195 0.14986634096623153
1075 1875 625 433 433 812 812 500 802 938 511 1976 829 640|0.1 0.05696477116000853 0.1041430361043294 0.10342792332404427
1155 1000 2309 1443 1179 1853 2483 1875 2165 1875 4330 1915 1573 2875|0.1 -0.18323400317922456 0.13068975798932625 0.15522658135975975
1299 817 693 1600 3000 1500 800 1720 1299 1284 693 1090 3162 2487|0.1 0.09780444578269432 -0.14230491435589743 0.08581174179744133
1744 581 930 403 755 755 403 746 872 475 465 1097 595 1446|0.1 0.11463545334981173 0.0815073836630309 -0.22796882410211383
1853 1875 2483 2309 1155 2165 4330 1000 1179 1875 1443 1477 1915 1248|0.1 0.03821914234377166 0.04787607088266421 0.0635233688529957
433 500 433 1075 625 511 802 1875 812 938 812 829 1179 681|0.1 0.062478094003701745 -0.07324261832511336 0.029950194385301998
333 533 573 433 433 231 231 500 272 267 428 1054 829 503|0.1 0.042500407997771994 -0.08252152374647936 -0.11166435965976884
403 746 755 1744 930 465 872 581 403 475 755 1346 1838 771|0.1 -0.09638219691049499 -0.05915350225848659 0.022876054358984543
1155 1000 2309 1324 988 629 770 533 616 533 1232 1915 1782 1533|0.1 -0.010637176498625722 -0.011534851456731499 -0.04428271730593458
1600 1720 3000 1299 693 693 1299 817 800 1284 1500 1887 1510 1327|0.1 -0.06716999561381387 0.005398815773394183 -0.05914552565705278
433 500 433 333 573 428 272 533 231 267 231 829 629 772|0.1 0.022125425051724434 0.02294107159253711 -0.15963769034122333
629 533 770 2309 1155 616 1232 1000 988 533 1324 1162 1915 666|0.1 -0.03993131969106778 -0.050109385525354266 -0.02647812405397576
1443 1875 1179 1155 2309 4330 2165 1000 2483 1875 1853 2179 1915 4564|0.1 0.09774860635730853 -0.015949586950254613 -0.008632202391898325
866 2000 866 1021 1604 2151 1250 1875 1624 3750 1624 1658 2490 2894|0.1 0.11457088547208061 0.3167806143288754 0.09956920905551225
1836 1571 979 848 1590 1590 848 1224 3672 2106 1958 2438 1848 3045|0.1 0.1528360041273369 0.1890894198116877 0.23430066382504888
2309 1000 1155 1853 2483 1443 1179 1875 4330 1875 2165 1915 3342 2723|0.1 0.00249584816061299 -0.027153450033857718 0.07820816587660762
1012 1340 540 623 1169 2337 1247 637 1012 779 540 1804 674 1938|0.1 0.03267971320641605 -0.046487240506316585 -0.15991832997078737
1021 1875 1604 866 866 1624 1624 2000 1250 3750 2151 1081 1658 1887|0.1 0.01542478445024864 0.12603975557933023 0.048209896332915836
1324 533 988 1155 2309 1232 616 1000 770 533 629 788 1915 2434|0.1 0.1474627414432228 -0.18617274973326992 0.16006949724344022
623 637 1169 1012 540 540 1012 1340 1247 779 2337 1552 797 1034|0.1 -0.06680821418872496 0.07384327207082375 0.09602935988083372
866 2000 866 856 545 667 1147 533 462 1067 462 1658 1328 726|0.1 0.07999967016629528 0.0981704552859175 -0.20104530705765344
2309 1000 1155 629 770 1324 988 533 1232 533 616 1915 839 1452|0.1 -0.003677694859011149 0.08443817586813118 -0.055266110824031545
848 1224 1590 1836 979 1958 3672 1571 848 2106 1590 1334 1058 1624|0.1 -0.1270030542316869 -0.009677542662273053 0.06835353221663176
856 533 545 866 866 462 462 2000 1147 1067 667 576 1658 682|0.1 0.08357079752925989 -0.15529708833377565 0.03968819029896098
573 533 333 354 354 189 189 500 497 267 372 629 791 699|0.1 0.011978409383037736 -0.14631353860523055 0.03497108603319088
1414 1000 2828 943 1052 1406 1622 533 754 533 1508 2236 1083 1085|0.1 -0.027409923713349604 -0.008662449635293834 -0.007289151783181902
566 1116 1061 3000 1600 800 1500 1720 566 1492 1061 1149 1887 1265|0.1 -0.12891656857797695 -0.03153744794519242 0.013505849655226498
930 581 1744 616 329 329 616 867 465 649 872 1838 1219 735|0.1 -0.14656001559916865 0.06584855391446265 -0.06613735959790534
1406 533 1622 2828 1414 754 1508 1000 1052 533 943 1978 2236 2010|0.1 0.004909139546611652 -0.14153553567623822 0.030012933412393306
354 500 354 573 333 372 497 533 189 267 189 791 1054 383|0.1 0.011173781197288957 -0.07198307309704943 -0.04398644451203193
625 1875 1075 354 354 663 663 500 697 938 932 1179 791 911|0.1 0.1078047068458643 0.08228750723749068 -0.11972728825439871
616 867 329 930 1744 872 465 581 616 649 329 819 1097 1379|0.1 0.027442673417483743 0.007986861509454712 0.07590592458890821
1414 1000 2828 3041 2637 1972 1768 1875 2652 1875 5303 2236 2491 2035|0.1 -0.10107651593671219 0.06651406464426746 0.08662746631737273
3000 1720 1600 566 1061 1061 566 1116 1500 1492 800 3162 1458 2372|0.1 0.02039151030753139 0.12043050893443263 -0.20624125244138258
354 500 354 625 1075 932 697 1875 663 938 663 791 1976 881|0.1 0.07649427890181304 -0.03990774373336281 0.0802522557795049
1972 1875 1768 2828 1414 2652 5303 1000 2637 1875 3041 2577 2236 3769|0.1 -0.02134913175629305 0.11376315486624655 0.0606292531224617
943 533 1052 1414 2828 1508 754 1000 1622 533 1406 1374 2236 1779|0.1 0.025252803865465356 -0.15220455467331195 0.054481897241100974
707 2000 707 744 994 1147 667 533 377 1067 377 1581 767 939|0.1 0.027805059623386974 -0.033929032322871366 0.012224350650038573
717 1337 1344 951 507 507 951 896 1434 1542 2689 1032 1306 1134|0.1 -0.1652578150572903 0.11840871503020933 0.13474885641804102
2828 1000 1414 1406 1622 943 1052 533 1508 533 754 2236 1328 2981|0.1 -0.01977461396559299 0.07551995406728462 -0.0729559479447317
379 1153 711 1006 536 1073 2011 748 379 670 711 945 1429 848|0.1 0.001196341126956657 0.05864215289172359 0.09999054967292365
744 533 994 707 707 377 377 2000 667 1067 1147 1421 1581 972|0.1 0.0932063616666734 0.0021760197046538643 -0.003300220371500462
3041 1875 2637 1414 2828 5303 2652 1000 1768 1875 1972 3708 2236 3335|0.1 0.2840871144364443 0.11925173517502108 0.09611024005566682
1006 748 536 379 711 711 379 1153 2011 670 1073 772 1406 1590|0.1 0.1291559549598187 0.09965584108060144 0.24771874200967492
707 2000 707 1865 1395 1250 2151 1875 1326 3750 1326 1581 1439 1436|0.1 -0.09520899243669945 0.03894020753168803 0.01928451617811744
2828 1000 1414 1972 1768 3041 2637 1875 5303 1875 2652 2236 2031 5590|0.1 0.27830778151513913 0.19152753426032953 0.06559978769962171
951 896 507 717 1344 2689 1434 1337 951 1542 507 1030 1911 2126|0.1 0.1974767222853857 0.07663302421516249 0.12684762601137267
1865 1875 1395 707 707 1326 1326 2000 2151 3750 1250 2665 1581 2622|0.1 0.10941309938052646 0.12624511615897838 0.16299203606379375
625 1000 625 502 502 647 647 417 217 417 217 1179 818 547|0.1 0 0 0
830 1000 1993 1246 432 432 1246 1289 830 1289 1993 1629 1089 936|0.1 0 0 0
1035 347 803 1600 1600 667 667 1000 1035 347 803 875 1887 1462|0.1 0 0 0
1600 1000 1600 803 1035 1035 803 347 667 347 667 1887 875 1462|0.1 0 0 0
432 1289 1246 1993 830 830 1993 1000 432 1289 1246 1089 1629 936|0.1 0 0 0
502 417 502 625 625 217 217 1000 647 417 647 818 1179 547|0.1 0 0 0
625 1000 625 647 647 502 502 417 217 417 217 1179 914 802|0.1 0 0 0
803 347 1035 1600 1600 667 667 1000 803 347 1035 1282 1887 1308|0.1 0 0 0
644 1000 1546 966 335 335 966 776 644 776 1546 1413 1239 726|0.1 0 0 0
1600 1000 1600 1035 803 803 1035 347 667 347 667 1887 1282 1308|0.1 0 0 0
647 417 647 625 625 217 217 1000 502 417 502 914 1179 802|0.1 0 0 0
335 776 966 1546 644 644 1546 1000 335 776 966 1239 1413 726|0.1 0 0 0
1246 1289 432 830 1993 1993 830 1000 1246 1289 432 1597 1629 2350|0.1 0 0 0
1204 2400 1204 520 520 1500 1500 1000 1553 2400 1553 1962 1127 1924|0.1 0 0 0
1923 1000 1923 2316 2986 2986 2316 2885 4615 2885 4615 2168 3699 4218|0.1 0 0 0
1993 1000 830 432 1246 1246 432 1289 1993 1289 830 1629 1597 2350|0.1 0 0 0
2986 2885 2316 1923 1923 4615 4615 1000 2986 2885 2316 3699 2168 4218|0.1 0 0 0
520 1000 520 1204 1204 1553 1553 2400 1500 2400 1500 1127 1962 1924|0.1 0 0 0
966 776 335 644 1546 1546 644 1000 966 776 335 845 1413 1823|0.1 0 0 0
1923 1000 1923 2986 2316 2316 2986 2885 4615 2885 4615 2168 2523 3774|0.1 0 0 0
1553 2400 1553 520 520 1500 1500 1000 1204 2400 1204 2193 1127 1312|0.1 0 0 0
1546 1000 644 335 966 966 335 776 1546 776 644 1413 845 1823|0.1 0 0 0
2316 2885 2986 1923 1923 4615 4615 1000 2316 2885 2986 2523 2168 3774|0.1 0 0 0
520 1000 520 1553 1553 1204 1204 2400 1500 2400 1500 1127 2193 1312|0.1 0 0 0
1805 904 1377 1875 2432 2775 2561 1875 5967 1694 5164 1647 3246 4387|0.15 -0.04032551354724134 0.03926202767535303 0.17036502969852263
1000 1297 533 734 2754 3182 963 1366 904 1480 482 1731 2050 2898|0.15 0.17437721689087526 -0.033684650046312825 0.04638106701569056
1860 3750 1362 726 656 1230 1362 1311 2015 4333 1766 2791 1196 2357|0.15 0.2420654633761754 0.26459700902439653 0.08482406393515385
501 763 554 1347 1537 1418 1039 3305 938 2860 1039 1118 2430 1443|0.15 0.37263964889511003 0.15413996204190594 0.23887136960865973
2453 1141 742 411 771 697 372 771 2123 1053 566 1804 669 2550|0.15 0.20159881285131576 0.34146504097162467 0.17886958638697825
1875 1875 2432 1805 1377 5164 5967 904 2561 1694 2775 1627 2019 3844|0.15 0.17357960488781687 0.20743783404062688 0.3501839264106388
1524 1107 1998 3071 2834 2075 2692 1875 5715 2075 6604 1823 2882 3415|0.15 0.12229942582602904 0.3684623567249612 0.24935579513447825
1347 3305 1537 501 554 1039 938 763 1039 2860 1418 2210 912 901|0.15 0.2916200373577338 0.13897025379048245 0.2047833408921229
611 923 326 651 2151 1861 496 877 676 676 360 939 1438 1959|0.15 0.1406341831250324 0.1962547352406574 0.291310519025445
726 1311 656 1860 1362 1766 2015 3750 1362 4333 1230 1466 2241 2357|0.15 0.2785402684800786 0.12813317034488625 0.2681527360783642
3071 1875 2834 1524 1998 6604 5715 1107 2692 2075 2075 3592 2234 4415|0.15 0.13551604498950764 0.2836253987884563 0.2954969597336654
2016 732 538 353 662 732 391 1084 2330 950 705 1205 1267 2422|0.15 0.20025114100079122 0.11802081179276946 0.017820143898090723
734 1366 2754 1000 533 482 904 1297 963 1480 3182 1646 868 878|0.15 -0.2288906626286613 0.127339063022065 0.0222107707065633
1297 533 1000 2754 3182 963 734 904 1480 482 1366 868 2898 2128|0.15 0.005203506416364689 -0.19903911197223234 0.11782061239768105
328 1156 363 363 496 537 471 267 175 350 194 1052 598 504|0.15 0.13727044390229315 0.05168859826228722 -0.2674065394362968
411 771 771 2453 742 566 2123 1141 372 1053 697 1334 1640 830|0.15 -0.23316626397411278 0.07795581815334574 0.042999582351792576
465 303 408 314 284 151 168 865 429 231 314 669 1040 544|0.15 -0.01346231251771135 -0.12527656405062593 0.11385174800157216
2754 904 3182 1297 1000 1366 1480 533 734 482 963 3308 1731 1646|0.15 0.07888723806712017 0.05394485723239084 -0.26224896386929375
651 877 2151 611 326 360 676 923 496 676 1861 1581 1170 594|0.15 -0.12628517838287445 -0.011772778044298882 0.1104750267053567
314 865 284 465 408 314 429 303 168 231 151 911 735 544|0.15 0.04963090867158959 0.06777612533453992 -0.2421419043633921
1511 533 1638 3522 3048 813 1066 1107 1107 590 1436 1916 3208 2269|0.15 0.0988217299272276 -0.17005200410966537 0.00944732577129015
353 1084 662 2016 538 705 2330 732 391 950 732 1017 1501 788|0.15 -0.22002726944602036 0.02606945799484839 0.12161826824097277
363 267 496 328 363 194 175 1156 471 350 537 744 1201 315|0.15 0.13811380100100523 -0.28018320793342544 0.07171195479031667
3522 1107 3048 1511 1638 1436 1107 533 1066 590 813 3661 1537 2589|0.15 0.04746632746634116 0.1291785027817527 -0.2487180130248412
2719 1000 906 273 513 628 335 1096 2356 960 713 1861 1253 2411|0.15 0.163922906238696 0.223131927602378 -0.0073452827346998095
4007 1875 3658 3315 2607 8618 9944 1225 3513 2296 3658 4582 2793 5762|0.15 -0.1083316779120791 0.07863861932532634 0.10119514506213845
370 787 302 1104 1104 1060 1209 3000 693 2600 566 843 2054 1127|0.15 0.14987931751493822 -0.0655893452181644 0.11192420950021154
368 333 368 189 231 123 101 867 353 262 403 685 887 419|0.15 -0.008518458586087574 -0.11846833271300206 0.03973461690621072
4596 1225 5303 1951 2137 1873 1951 533 1391 653 1768 4704 1862 3379|0.15 0.05707921026274265 0.03553920342092898 -0.25347566247385545
273 1096 513 2719 906 713 2356 1000 335 960 628 955 1861 763|0.15 -0.21986473238047144 0.0716629857022566 0.03908349724843996
906 1000 2719 628 335 273 513 960 713 1096 2356 1861 1140 947|0.15 -0.14180203871796637 0.013802755578711245 0.043812989991771634
189 867 231 368 368 403 353 333 101 262 123 1018 685 351|0.15 0.0362685878336344 -0.12569999356305095 -0.009667277473457414
1530 533 1593 4330 3753 1135 1443 816 1745 435 1593 1815 4406 2509|0.15 -0.031175179183547952 -0.1900493984974394 0.05713330521877946
1104 3000 1104 370 302 566 693 787 1209 2600 1060 2054 1045 1382|0.15 0.2238550660651195 0.1651193082422786 0.19904738295127178
628 960 335 906 2719 2356 713 1000 513 1096 273 1022 1861 2766|0.15 0.09753971112983484 0.23457615968753398 0.19375573349840858
2129 816 2706 2987 2868 3272 2987 1875 7036 1531 8119 2827 3051 5173|0.15 -0.0640994397180894 0.10585871667152746 0.1110983863151116
3315 1225 2607 4007 3658 3658 3513 1875 9944 2296 8618 3462 3492 6807|0.15 0.12761952842298419 0.28674498147822636 0.2819545733991191
468 913 250 651 2151 2481 827 877 573 913 306 871 1438 2525|0.15 -0.044654031715265496 -0.2991774901426514 -0.40179784798661133
1347 3305 1537 384 470 881 719 1271 1403 3814 1403 2210 1328 1599|0.15 0.11562564682927379 0.17891585704284507 0.11030476294870528
1951 533 2137 4596 5303 1768 1391 1225 1951 653 1873 2444 5397 3631|0.15 0.023061265955854893 -0.19090874096854282 0.13335710053453909
266 1154 218 465 408 424 424 303 142 385 116 1174 735 434|0.15 0.09387404089781004 0.03275779514763766 -0.154829610824897
651 877 2151 468 250 306 573 913 827 913 2481 1581 1143 864|0.15 -0.22613877096147705 0.08879606571932541 0.12275433200378938
4330 816 3753 1530 1593 1593 1745 533 1443 435 1135 3841 1627 2964|0.15 0.0895859557238432 0.05297117591689604 -0.10793965078331857
465 303 408 266 218 116 142 1154 424 385 424 669 1023 532|0.15 0.14857884416222156 -0.282489256164572 0.11982101315777927
349 1041 654 2453 742 944 2831 1141 285 1041 534 1064 1640 795|0.15 0.075123929788532 -0.12798264482428712 0.03483541926027067
2987 1875 2868 2129 2706 8119 7036 816 2987 1531 3272 3404 2280 5558|0.15 0.061654222181477536 0.23417888958290112 0.12049885181189213
384 1271 470 1347 1537 1403 1403 3305 719 3814 881 1071 2430 1339|0.15 -0.07625285384009639 0.028322923991708215 -0.04854817498036845
2453 1141 742 349 654 534 285 1041 2831 1041 944 1804 1187 2511|0.15 0.07802994340891711 0.07644592659955984 0.0852819595494414
1744 1000 581 930 1744 1744 930 1289 1744 1289 581 1419 2010 2466|0.15 0 0 0
1386 1875 1075 625 625 1875 1875 1000 1386 1875 1075 2161 1179 1759|0.15 0 0 0
1600 1000 1600 1720 1720 2218 2218 3000 3000 3000 3000 1887 2441 3458|0.15 0 0 0
573 333 573 1000 1000 533 533 1000 739 333 739 814 1414 783|0.15 0 0 0
1000 1000 1000 573 739 739 573 533 333 533 333 1414 783 938|0.15 0 0 0
930 1289 1744 1744 581 581 1744 1000 930 1289 1744 1366 1419 1097|0.15 0 0 0
581 1000 1744 1744 930 930 1744 1289 581 1289 1744 1419 1366 1097|0.15 0 0 0
1000 1000 1000 573 573 739 739 333 533 333 533 1414 814 783|0.15 0 0 0
739 533 573 1000 1000 333 333 1000 739 533 573 783 1414 938|0.15 0 0 0
1720 3000 1720 1600 1600 3000 3000 1000 2218 3000 2218 2441 1887 3458|0.15 0 0 0
1744 1289 930 581 1744 1744 581 1000 1744 1289 930 2010 1419 2466|0.15 0 0 0
625 1000 625 1075 1386 1386 1075 1875 1875 1875 1875 1179 2161 1759|0.15 0 0 0
625 1000 625 1386 1075 1075 1386 1875 1875 1875 1875 1179 1468 1526|0.15 0 0 0
1353 776 721 451 1353 1353 451 1000 1353 776 721 1059 1269 1913|0.15 0 0 0
2218 3000 2218 1600 1600 3000 3000 1000 1720 3000 1720 2814 1887 2349|0.15 0 0 0
573 533 739 1000 1000 333 333 1000 573 533 739 1153 1414 814|0.15 0 0 0
1000 1000 1000 739 739 573 573 333 533 333 533 1414 938 1153|0.15 0 0 0
451 1000 1353 1353 721 721 1353 776 451 776 1353 1269 1559 851|0.15 0 0 0
1000 1000 1000 739 573 573 739 533 333 533 333 1414 1153 814|0.15 0 0 0
739 333 739 1000 1000 533 533 1000 573 333 573 938 1414 1153|0.15 0 0 0
721 776 1353 1353 451 451 1353 1000 721 776 1353 1559 1269 851|0.15 0 0 0
1075 1875 1386 625 625 1875 1875 1000 1075 1875 1386 1468 1179 1526|0.15 0 0 0
1600 1000 1600 2218 2218 1720 1720 3000 3000 3000 3000 1887 2814 2349|0.15 0 0 0
1353 1000 451 721 1353 1353 721 776 1353 776 451 1269 1059 1913|0.15 0 0 0
1998 1107 1524 2834 3071 2692 2075 1875 6604 2075 5715 2234 3592 4415|0.15 0.06362640168392497 0.2001592740123037 0.2495685663959879
662 1084 353 538 2016 2330 705 732 732 950 391 1267 1205 2422|0.15 0.1902031004604865 -0.014358281356671165 0.0798107746843657
1362 3750 1860 656 726 1362 1230 1311 1766 4333 2015 2241 1466 2357|0.15 -0.011020770943127589 0.14662358226283034 -0.07515196247700695
554 763 501 1537 1347 1039 1418 3305 1039 2860 938 912 2210 901|0.15 0.3447872630038873 0.17314724937573356 0.20232651380402977
2151 877 651 326 611 676 360 923 1861 676 496 1438 939 1959|0.15 0.26655378113035866 0.38419903051434945 0.12015501749069957
2834 1875 3071 1998 1524 5715 6604 1107 2075 2075 2692 2882 1823 3415|0.15 0.19588170368337376 0.14922694206080056 0.29885750336783534
1377 904 1805 2432 1875 2561 2775 1875 5164 1694 5967 2019 1627 3844|0.15 0.1426756121731021 0.3676539112339938 0.23856966677169078
1537 3305 1347 554 501 938 1039 763 1418 2860 1039 2430 1118 1443|0.15 0.3700298617759201 0.23942634382320804 0.15523179800416953
771 771 411 742 2453 2123 566 1141 697 1053 372 669 1804 2550|0.15 0.14739090171144165 0.1964891470038821 0.2965464524284811
656 1311 726 1362 1860 2015 1766 3750 1230 4333 1362 1196 2791 2357|0.15 0.3241427743207881 0.16108096019545437 0.28674858046943585
2432 1875 1875 1377 1805 5967 5164 904 2775 1694 2561 3246 1647 4387|0.15 0.11593410164834062 0.26950058426688184 0.266456054422477
2754 1366 734 533 1000 904 482 1297 3182 1480 963 2050 1731 2898|0.15 0.23758043475905044 0.19408173920733907 0.06528101780761686
538 732 2016 662 353 391 732 1084 705 950 2330 1501 1017 788|0.15 -0.2363078169072308 0.12814045830348286 0.02987807536174447
1638 533 1511 3048 3522 1066 813 1107 1436 590 1107 1537 3661 2589|0.15 0.05864002041212846 -0.26290129966455744 0.13346933440856912
363 1156 328 496 363 471 537 267 194 350 175 1201 744 315|0.15 0.10510196935499927 -0.026656305370952316 -0.15531969046128302
326 923 611 2151 651 496 1861 877 360 676 676 1170 1581 594|0.15 -0.238388541370248 0.07594760969821257 0.04582668991961247
408 303 465 284 314 168 151 865 314 231 429 735 911 544|0.15 0.012964347838837487 -0.17698736738332888 0.09722255126742185
3048 1107 3522 1638 1511 1107 1436 533 813 590 1066 3208 1916 2269|0.15 0.09874415073325649 0.004591611151949504 -0.15705037403843547
742 1141 2453 771 411 372 697 771 566 1053 2123 1640 1334 830|0.15 -0.2881014208372956 0.07542520851455237 0.04820501551126233
284 865 314 408 465 429 314 303 151 231 168 1040 669 544|0.15 0.05898262749026717 0.06700072003550384 -0.26500142122338644
1000 533 1297 3182 2754 734 963 904 1366 482 1480 1731 3308 1646|0.15 0.07666387777465644 -0.2286486313837055 0.041434661615684654
533 1297 1000 2754 734 963 3182 1366 482 1480 904 868 1646 878|0.15 -0.2619753851445039 0.04939279669351482 0.13523754088121454
496 267 363 363 328 175 194 1156 537 350 471 598 1052 504|0.15 0.13162602562349912 -0.2506338774081862 0.04047163557760358
3182 904 2754 1000 1297 1480 1366 533 963 482 734 2898 868 2128|0.15 -0.03518219233759168 0.1062845798708878 -0.1528132148016048
2719 1000 906 773 1450 1450 773 1207 2719 1207 906 1861 1761 3081|0.15 0 0 0
1561 1875 1293 1172 1172 3516 3516 1000 1561 1875 1293 2278 1541 2561|0.15 0 0 0
853 1000 853 1104 1104 1332 1332 3000 1600 3000 1600 1315 2054 1944|0.15 0 0 0
368 333 368 533 533 284 284 1000 444 333 444 685 1133 465|0.15 0 0 0
1875 1000 1875 690 833 833 690 533 625 533 625 2125 872 1366|0.15 0 0 0
773 1207 1450 2719 906 906 2719 1000 773 1207 1450 1264 1861 1191|0.15 0 0 0
906 1000 2719 1450 773 773 1450 1207 906 1207 2719 1861 1264 1191|0.15 0 0 0
533 1000 533 368 368 444 444 333 284 333 284 1133 685 465|0.15 0 0 0
833 533 690 1875 1875 625 625 1000 833 533 690 872 2125 1366|0.15 0 0 0
1104 3000 1104 853 853 1600 1600 1000 1332 3000 1332 2054 1315 1944|0.15 0 0 0
1450 1207 773 906 2719 2719 906 1000 1450 1207 773 1761 1861 3081|0.15 0 0 0
1172 1000 1172 1293 1561 1561 1293 1875 3516 1875 3516 1541 2278 2561|0.15 0 0 0
1172 1000 1172 1561 1293 1293 1561 1875 3516 1875 3516 1541 1635 2407|0.15 0 0 0
1201 828 640 751 2252 2252 751 1000 1201 828 640 1047 1640 2552|0.15 0 0 0
1332 3000 1332 853 853 1600 1600 1000 1104 3000 1104 2185 1315 1395|0.15 0 0 0
690 533 833 1875 1875 625 625 1000 690 533 833 1215 2125 1284|0.15 0 0 0
533 1000 533 444 444 368 368 333 284 333 284 1133 728 648|0.15 0 0 0
751 1000 2252 1201 640 640 1201 828 751 828 2252 1640 1459 987|0.15 0 0 0
1875 1000 1875 833 690 690 833 533 625 533 625 2125 1215 1284|0.15 0 0 0
444 333 444 533 533 284 284 1000 368 333 368 728 1133 648|0.15 0 0 0
640 828 1201 2252 751 751 2252 1000 640 828 1201 1459 1640 987|0.15 0 0 0
1293 1875 1561 1172 1172 3516 3516 1000 1293 1875 1561 1635 1541 2407|0.15 0 0 0
853 1000 853 1332 1332 1104 1104 3000 1600 3000 1600 1315 2185 1395|0.15 0 0 0
2252 1000 751 640 1201 1201 640 828 2252 828 751 1640 1047 2552|0.15 0 0 0
2719 1000 906 335 628 628 335 960 1994 960 520 1861 1022 2411|0.15 -0.045030949210036475 0.14871218767163796 0.2088037654321928
2868 1875 2987 2706 1552 5954 8119 1000 2868 1875 2987 3051 2280 4179|0.15 0.04907655715138626 0.27473469500483017 0.4038262256293046
370 573 370 1104 1104 1060 1060 3000 693 2200 693 843 2054 1127|0.15 0.11515715269843518 0.0715562972066408 -0.017044959374008517
368 333 368 231 231 123 123 733 353 191 353 685 887 419|0.15 -0.057954274243364745 -0.04613893864929608 0.08198088344186116
3175 1000 4330 1593 1530 1530 1593 533 828 533 1443 3841 1815 2229|0.15 0.05053181354836456 -0.05674356527129887 -0.013359992551468247
335 960 628 2719 906 520 1994 1000 335 960 628 1140 1861 763|0.15 0.08311342162203417 0.1275595928059836 -0.12762184263093612
906 1000 2719 628 335 335 628 960 520 960 1994 1861 1140 763|0.15 -0.23636802486399544 0.047345756101235814 -0.0037289393453876496
231 733 231 368 368 353 353 333 123 191 123 887 685 419|0.15 -0.02581160346419309 0.03252393473599513 -0.07386055702329752
1530 533 1593 4330 3175 828 1443 1000 1530 533 1593 1815 3841 2229|0.15 0.10883329439359546 -0.009167890711428983 -0.08201127685429022
1104 3000 1104 370 370 693 693 573 1060 2200 1060 2054 843 1127|0.15 0.18877715549075802 0.05518166782595868 0.05336334292394884
628 960 335 906 2719 1994 520 1000 628 960 335 1022 1861 2411|0.15 0.25783237737764475 -0.014762513087034357 0.37333354176551703
1552 1000 2706 2987 2868 2868 2987 1875 5954 1875 8119 2280 3051 4179|0.15 0.15742541794828036 0.19057403688931274 0.05295145282909752
2706 1000 1552 2868 2987 2987 2868 1875 8119 1875 5954 2280 3404 5558|0.15 0.2898003891969303 0.32978620257896774 0.2413137675239918
654 1041 349 541 2076 2831 944 1000 654 1041 349 1187 1457 2511|0.15 0.12312961131692557 -0.006466291241509214 -0.08238976226159767
1849 3837 1849 644 644 1208 1208 1744 1925 5233 1925 2693 1470 2194|0.15 0.06179663886436204 0.18133224438898532 0.10151573890825105
1593 533 1530 3175 4330 1443 828 1000 1593 533 1530 1627 3841 2964|0.15 -0.06840155822026905 0.033865603046863146 0.05930361785085214
315 1364 315 482 482 502 502 261 168 455 168 1209 702 512|0.15 0.05756186013870401 -0.05741740397416817 0.027430020297740665
541 1000 2076 654 349 349 654 1041 944 1041 2831 1457 1064 795|0.15 -0.20034869538423705 0.1492903882396046 0.07474253968912103
4330 1000 3175 1530 1593 1593 1530 533 1443 533 828 3841 1627 2964|0.15 0.07593094282429158 0.12195749257713384 -0.15427499746147766
482 261 482 315 315 168 168 1364 502 455 502 702 1209 512|0.15 0.04985229107535405 0.04079536668484485 -0.09834338005860643
349 1041 654 2076 541 944 2831 1000 349 1041 654 1064 1457 795|0.15 0.03646881786720568 -0.10635267741151977 0.06112621143140373
2987 1875 2868 1552 2706 8119 5954 1000 2987 1875 2868 3404 2280 5558|0.15 -0.10006756602260691 0.006920055352315213 -0.3561281852954634
644 1744 644 1849 1849 1925 1925 3837 1208 5233 1208 1470 2693 2194|0.15 -0.628445055418223 -0.28242083488035696 -0.06486180202074143
2076 1000 541 349 654 654 349 1041 2831 1041 944 1457 1187 2511|0.15 0.2688706955275655 0.2993953220152501 0.2531056797333875
1090 1000 1090 1875 1452 1452 1875 1875 3269 1875 3269 1479 1541 2382|0.15 0 0 0
1000 774 533 581 1744 1744 581 1000 1000 774 533 822 1419 2010|0.15 0 0 0
1720 3000 1720 918 918 1720 1720 1000 1332 3000 1332 2441 1357 1414|0.15 0 0 0
918 1000 918 1332 1332 1720 1720 3000 1720 3000 1720 1357 2185 2427|0.15 0 0 0
2252 1000 751 689 1291 1291 689 1291 2252 1291 751 1640 1822 2596|0.15 0 0 0
1875 1875 1452 1090 1090 3269 3269 1000 1875 1875 1452 2646 1479 2661|0.15 0 0 0
1090 1000 1090 1452 1875 1875 1452 1875 3269 1875 3269 1479 2646 2661|0.15 0 0 0
1332 3000 1332 918 918 1720 1720 1000 1720 3000 1720 2185 1357 2427|0.15 0 0 0
1291 1291 689 751 2252 2252 751 1000 1291 1291 689 1822 1640 2596|0.15 0 0 0
918 1000 918 1720 1720 1332 1332 3000 1720 3000 1720 1357 2441 1414|0.15 0 0 0
1452 1875 1875 1090 1090 3269 3269 1000 1452 1875 1875 1541 1479 2382|0.15 0 0 0
1744 1000 581 533 1000 1000 533 774 1744 774 581 1419 822 2010|0.15 0 0 0
581 1000 1744 1000 533 533 1000 774 581 774 1744 1419 1411 789|0.15 0 0 0
774 533 1000 1744 1744 581 581 1000 774 533 1000 1411 2010 1270|0.15 0 0 0
573 1000 573 573 573 444 444 333 306 333 306 1153 814 809|0.15 0 0 0
689 1291 1291 2252 751 751 2252 1000 689 1291 1291 1061 1640 1019|0.15 0 0 0
444 333 444 573 573 306 306 1000 573 333 573 728 1153 471|0.15 0 0 0
1744 1000 1744 774 1000 1000 774 533 581 533 581 2010 822 1419|0.15 0 0 0
751 1000 2252 1291 689 689 1291 1291 751 1291 2252 1640 1061 1019|0.15 0 0 0
573 1000 573 444 444 573 573 333 306 333 306 1153 728 471|0.15 0 0 0
1000 533 774 1744 1744 581 581 1000 1000 533 774 822 2010 1419|0.15 0 0 0
533 774 1000 1744 581 581 1744 1000 533 774 1000 1411 1419 789|0.15 0 0 0
573 333 573 573 573 306 306 1000 444 333 444 814 1153 809|0.15 0 0 0
1744 1000 1744 1000 774 774 1000 533 581 533 581 2010 1411 1270|0.15 0 0 0
354 1000 1768 1225 230 187 1000 604 221 921 1061 1275 1195 400|0.15 -0.28200068754463126 0.08585524467798145 0.07835223214810227
493 188 816 1443 866 180 289 816 752 153 816 976 1658 561|0.15 -0.0006916723631689159 -0.009126086527053712 -0.023861323236834542
566 600 693 566 566 521 342 200 106 125 130 1149 721 625|0.15 0.029715950970201632 0.05302157955275444 -0.1621854616666163
2828 5000 2828 650 530 2828 3464 625 2604 3000 1709 3606 1132 2828|0.15 0.37074767037741596 0.13507890335584305 0.19294865288210117
962 816 1540 4355 2632 4009 4355 5333 4619 4355 7698 1743 3079 4788|0.15 0.003827054119061035 0.21979629697421732 0.09710564108782904
1225 604 230 354 1768 1061 221 1000 1000 921 187 707 1275 2031|0.15 0.2427063339067015 0.2808482586502037 0.43232599294190655
1768 1000 354 187 1000 1225 230 921 1061 604 221 1275 1000 1458|0.15 0.16310532187415294 0.4764446267667144 0.3499280862204279
650 625 530 2828 2828 1709 2604 5000 3464 3000 2828 820 3606 2000|0.15 0.33503566070981705 0.2653634345280942 0.1596189181098051
4910 5333 5333 1886 1179 5657 9428 1225 3223 6532 5333 5333 1546 3667|0.15 0.21988382376616933 0.12897124347586608 0.4355079636119674
566 200 566 566 693 130 106 600 342 125 521 721 825 676|0.15 0.022785476651658865 -0.15331028408766212 0.06408673894635175
187 921 1000 1768 354 221 1061 1000 230 604 1225 1106 1275 290|0.15 -0.1864805148372528 -0.012477908878344435 0.10851963578332624
1061 1225 1768 1000 921 604 1000 187 221 230 354 1458 1106 1100|0.15 0.08229454592368901 0.06556426231454138 -0.2222387240548529
1443 816 866 493 816 816 752 188 289 153 180 1190 577 1041|0.15 0.055378548874600586 0.14779123052235388 -0.1605561668217237
380 1655 2027 1755 366 585 2925 1523 310 1655 1655 1170 1138 480|0.15 -0.11332950355907645 0.04716228753212093 0.11276142348802809
868 208 570 1155 943 177 217 1667 943 333 943 648 1374 943|0.15 0.14000105902656879 -0.07381394556544296 0.01784855507093619
4355 5333 2632 962 1540 7698 4619 816 4355 4355 4009 5203 1262 5551|0.15 0.15890362992138973 0.09967172030977967 -0.1303023052899699
849 1600 1039 2735 4167 4525 4525 4800 4525 8000 5543 1311 4976 5004|0.15 -0.3019407049320766 0.09402905252262173 0.10078138049043783
1755 1523 366 380 2027 1655 310 1655 2925 1655 585 1819 1977 2412|0.15 0.21310784475256472 0.6152149104507365 0.7152648764287672
1886 1225 1179 4910 5333 5333 3223 5333 9428 6532 5657 2134 5897 6799|0.15 0.42709682146280903 0.3572801827487537 0.1694724355340549
2735 4800 4167 849 1039 5543 4525 1600 4525 8000 4525 3111 1811 5407|0.15 0.33229422434489564 0.17386955582141983 0.497521264390266
1086 1086 204 240 1152 1920 384 656 1330 1086 249 1201 747 2206|0.15 0.11043544789877346 0.3105354340284361 0.13538024286192663
1000 187 921 1061 1768 354 221 1225 1000 230 604 1000 2031 1275|0.15 0.11776994886181447 -0.1696673580146557 0.10645503845132076
1155 1667 943 868 570 943 943 208 217 333 177 1915 1037 667|0.15 0.053265387705148104 0.008629414192362628 -0.005081280621391793
240 656 1152 1086 204 249 1330 1086 384 1086 1920 1194 1086 435|0.15 -0.11867339712285374 0.1002701956101193 0.06519196179675779
2719 1000 906 273 513 513 273 1096 2719 1096 906 1861 1253 2766|0.15 0 0 0
4007 1875 3658 3315 3315 9944 9944 1000 4007 1875 3658 4582 3462 7001|0.15 0 0 0
302 1000 302 1104 1104 1209 1209 3000 566 3000 566 1045 2054 1382|0.15 0 0 0
368 333 368 189 189 101 101 1000 403 333 403 685 1018 351|0.15 0 0 0
5303 1000 5303 1951 2137 2137 1951 533 1768 533 1768 5397 1862 3734|0.15 0 0 0
273 1096 513 2719 906 906 2719 1000 273 1096 513 955 1861 947|0.15 0 0 0
906 1000 2719 513 273 273 513 1096 906 1096 2719 1861 955 947|0.15 0 0 0
189 1000 189 368 368 403 403 333 101 333 101 1018 685 351|0.15 0 0 0
2137 533 1951 5303 5303 1768 1768 1000 2137 533 1951 1862 5397 3734|0.15 0 0 0
1104 3000 1104 302 302 566 566 1000 1209 3000 1209 2054 1045 1382|0.15 0 0 0
513 1096 273 906 2719 2719 906 1000 513 1096 273 1253 1861 2766|0.15 0 0 0
3315 1000 3315 3658 4007 4007 3658 1875 9944 1875 9944 3462 4582 7001|0.15 0 0 0
3315 1000 3315 4007 3658 3658 4007 1875 9944 1875 9944 3462 3492 6807|0.15 0 0 0
468 913 250 827 2481 2481 827 1000 468 913 250 871 1747 2525|0.15 0 0 0
1209 3000 1209 302 302 566 566 1000 1104 3000 1104 2112 1045 1053|0.15 0 0 0
1951 533 2137 5303 5303 1768 1768 1000 1951 533 2137 2444 5397 3631|0.15 0 0 0
189 1000 189 403 403 368 368 333 101 333 101 1018 704 461|0.15 0 0 0
827 1000 2481 468 250 250 468 913 827 913 2481 1747 1143 864|0.15 0 0 0
5303 1000 5303 2137 1951 1951 2137 533 1768 533 1768 5397 2444 3631|0.15 0 0 0
403 333 403 189 189 101 101 1000 368 333 368 704 1018 461|0.15 0 0 0
250 913 468 2481 827 827 2481 1000 250 913 468 1143 1747 864|0.15 0 0 0
3658 1875 4007 3315 3315 9944 9944 1000 3658 1875 4007 3492 3462 6807|0.15 0 0 0
302 1000 302 1209 1209 1104 1104 3000 566 3000 566 1045 2112 1053|0.15 0 0 0
2481 1000 827 250 468 468 250 913 2481 913 827 1747 871 2525|0.15 0 0 0
2719 1000 906 335 628 513 273 960 2356 1096 713 1861 1022 2766|0.15 0.1449906100505327 0.23982041442597302 0.09995758085678208
2868 1875 2987 2706 2129 7036 8119 816 3272 1531 2987 3051 2827 5173|0.15 0.018267040478705532 0.005021066371102556 0.0702016732117583
302 787 370 1104 1104 1209 1060 3000 566 2600 693 1045 2054 1382|0.15 0.07416575404455283 -0.13718276693062026 0.13444841427531662
368 333 368 231 189 101 123 867 403 262 353 685 1018 351|0.15 -0.04471203632610776 0.005867161976602642 0.05693429956873608
3753 816 4330 1593 1530 1745 1593 533 1135 435 1443 4406 1815 2509|0.15 0.02111356994124014 0.020344501572140405 -0.15807476451637714
335 960 628 2719 906 713 2356 1000 273 1096 513 1140 1861 947|0.15 -0.22700431624137374 0.01055767074958025 0.05485209380785783
906 1000 2719 513 273 335 628 1096 713 960 2356 1861 955 763|0.15 -0.014913304933645843 -0.04915590385226709 0.09412492553211305
231 867 189 368 368 353 403 333 123 262 101 887 685 419|0.15 0.034234436107638544 0.010661336696544677 -0.12887765343628566
2137 533 1951 5303 4596 1391 1768 1225 1873 653 1951 1862 4704 3379|0.15 0.09520133279189436 0.0019302223996886525 -0.055440341964810846
1104 3000 1104 302 370 693 566 787 1060 2600 1209 2054 843 1127|0.15 0.1161245797012711 -0.05029168313279708 0.20030969636931184
513 1096 273 906 2719 2356 713 1000 628 960 335 1253 1861 2411|0.15 0.018318264778092175 0.2191278734525004 0.1708497872760506
2607 1225 3315 3658 4007 3513 3658 1875 8618 2296 9944 2793 4582 5762|0.15 0.23974886578610466 0.20010315571533877 0.03682862775769902
2706 816 2129 2868 2987 2987 3272 1875 8119 1531 7036 2280 3404 5558|0.15 0.11508112791166036 0.24944857175460022 0.21605030787584578
654 1041 349 742 2453 2831 944 1141 534 1041 285 1187 1804 2511|0.15 0.26392099165008176 0.141012677631851 0.1963292137467043
1537 3305 1347 470 384 719 881 1271 1403 3814 1403 2430 1071 1339|0.15 -0.405240165149664 -0.051420826694112964 -0.3075590137569406
1593 533 1530 3753 4330 1443 1135 816 1593 435 1745 1627 3841 2964|0.15 -0.09716370737657631 -0.037438630074875245 0.05523424050210224
218 1154 266 408 465 424 424 303 116 385 142 1023 669 532|0.15 0.08774247134690327 -0.10410217320837911 -0.046146331057457246
742 1141 2453 654 349 285 534 1041 944 1041 2831 1640 1064 795|0.15 -0.11654840601652117 0.07808807105392779 -0.004261145694228752
5303 1225 4596 2137 1951 1951 1873 533 1768 653 1391 5397 2444 3631|0.15 0.12298033180626611 0.10112470385677863 -0.21419900312617202
408 303 465 218 266 142 116 1154 424 385 424 735 1174 434|0.15 0.03647885155294128 -0.11604866979663453 0.13569163215997548
250 913 468 2151 651 827 2481 877 306 913 573 1143 1581 864|0.15 -0.1360113334137414 0.04671230463825227 0.06551221526853945
3658 1875 4007 2607 3315 9944 8618 1225 3658 2296 3513 3492 3462 6807|0.15 0.03902953435340528 0.061587977254022874 -0.02863085476289773
470 1271 384 1537 1347 1403 1403 3305 881 3814 719 1328 2210 1599|0.15 0.13947689987111822 0.15315732304103546 0.14928464652446127
2151 877 651 250 468 573 306 913 2481 913 827 1438 871 2525|0.15 0.25256675316141397 0.16992626661263888 0.1614871949915475
2719 1000 906 273 513 513 273 866 1994 866 520 1861 778 2384|0.15 0.11585182941672878 0.23915203478011682 0.033610029050383794
3169 1875 3658 3315 1900 7292 9944 1000 3169 1875 3658 2847 2702 4889|0.15 0.18455116346717482 0.04254585072234862 0.20419873585473258
302 573 302 1104 1104 956 956 3000 566 2200 566 815 2054 859|0.15 0.26252603670438246 0.12284580350428786 0.12482725899827019
368 333 368 189 189 101 101 733 319 191 319 685 877 439|0.15 -0.03469770306164466 -0.10801883018305536 0.07832147309810411
3889 1000 5303 1951 1690 1690 1951 533 1014 533 1768 4650 2329 2607|0.15 0.07766484573229926 -0.10366958940190019 0.07781076291972333
273 866 513 2719 906 520 1994 1000 273 866 513 1194 1861 739|0.15 -0.1543663195945988 0.04012663067571198 0.003485554371807087
906 1000 2719 513 273 273 513 866 520 866 1994 1861 1194 739|0.15 -0.21848566782355916 0.02647234695314804 0.031024952357066038
189 733 189 368 368 319 319 333 101 191 101 877 685 439|0.15 -0.1167487306684667 0.11757013687182072 0.04083487581570511
1690 533 1951 5303 3889 1014 1768 1000 1690 533 1951 2329 4650 2607|0.15 0.07811979739112962 0.027287236789501623 -0.08700322824833129
1104 3000 1104 302 302 566 566 573 956 2200 956 2054 815 859|0.15 0.18838006729702927 0.04098625051784044 0.18685951463923267
513 866 273 906 2719 1994 520 1000 513 866 273 778 1861 2384|0.15 0.10611549266362985 0.019376820294214614 0.23190463619843893
1900 1000 3315 3658 3169 3169 3658 1875 7292 1875 9944 2702 2847 4889|0.15 0.20638319984399134 0.16836914917260914 -0.011209723223747359
3315 1000 1900 3169 3658 3658 3169 1875 9944 1875 7292 2702 4367 6807|0.15 0.047418212935195214 -0.09118617459123124 0.12598428278709495
592 1154 316 600 2301 3138 1046 1000 592 1154 316 1378 1543 2751|0.15 0.11288837858203227 -0.07088054676553379 -0.1786744660365036
1668 3837 1668 526 526 987 987 1744 1925 5233 1925 2573 1422 2298|0.15 -0.3868053057464116 0.012035793633231595 -0.15974888269975174
1951 533 1690 3889 5303 1768 1014 1000 1951 533 1690 1518 4650 3631|0.15 -0.01932614260928167 -0.12201964198089943 0.13333145919959266
257 1364 257 435 435 502 502 261 137 455 137 1196 670 390|0.15 0.04022633887364124 -0.15191869612218523 0.06618465452152167
600 1000 2301 592 316 316 592 1154 1046 1154 3138 1543 898 853|0.15 -0.23247449579528068 0.16006307246441587 0.069552834673825
5303 1000 3889 1690 1951 1951 1690 533 1768 533 1014 4650 1518 3631|0.15 -0.07174914679638267 0.10027529295687954 -0.05465871948500345
435 261 435 257 257 137 137 1364 502 455 502 670 1196 390|0.15 0.11042850316998809 -0.12102872052925706 -0.017989999006806645
316 1154 592 2301 600 1046 3138 1000 316 1154 592 898 1543 853|0.15 0.012368018501764944 -0.12288824740409265 0.05944547227633823
3658 1875 3169 1900 3315 9944 7292 1000 3658 1875 3169 4367 2702 6807|0.15 -0.013507572399835688 0.14532369032854264 -0.17321103968011897
526 1744 526 1668 1668 1925 1925 3837 987 5233 987 1422 2573 2298|0.15 0.13004660266054513 0.15151563555050318 0.22374799012992996
2301 1000 600 316 592 592 316 1154 3138 1154 1046 1543 1378 2751|0.15 0.0394564081482085 -0.34003304346026053 -0.17467416611479436
2540 1000 2540 2834 3071 3071 2834 1875 7619 1875 7619 2730 3592 5365|0.15 0 0 0
662 1084 353 896 2689 2689 896 1000 662 1084 353 1267 1847 2769|0.15 0 0 0
1116 3000 1116 394 394 738 738 1000 1209 3000 1209 2060 1075 1414|0.15 0 0 0
394 1000 394 1209 1209 1116 1116 3000 738 3000 738 1075 2112 1135|0.15 0 0 0
2481 1000 827 326 611 611 326 923 2481 923 827 1747 939 2555|0.15 0 0 0
2834 1875 3071 2540 2540 7619 7619 1000 2834 1875 3071 2882 2730 5233|0.15 0 0 0
2540 1000 2540 3071 2834 2834 3071 1875 7619 1875 7619 2730 2882 5233|0.15 0 0 0
1209 3000 1209 394 394 738 738 1000 1116 3000 1116 2112 1075 1135|0.15 0 0 0
611 923 326 827 2481 2481 827 1000 611 923 326 939 1747 2555|0.15 0 0 0
394 1000 394 1116 1116 1209 1209 3000 738 3000 738 1075 2060 1414|0.15 0 0 0
3071 1875 2834 2540 2540 7619 7619 1000 3071 1875 2834 3592 2730 5365|0.15 0 0 0
2689 1000 896 353 662 662 353 1084 2689 1084 896 1847 1267 2769|0.15 0 0 0
896 1000 2689 662 353 353 662 1084 896 1084 2689 1847 1017 963|0.15 0 0 0
1638 533 1511 4064 4064 1355 1355 1000 1638 533 1511 1537 4185 2861|0.15 0 0 0
246 1000 246 372 372 403 403 333 131 333 131 1030 687 378|0.15 0 0 0
326 923 611 2481 827 827 2481 1000 326 923 611 1170 1747 889|0.15 0 0 0
403 333 403 246 246 131 131 1000 372 333 372 704 1030 471|0.15 0 0 0
4064 1000 4064 1638 1511 1511 1638 533 1355 533 1355 4185 1916 2791|0.15 0 0 0
827 1000 2481 611 326 326 611 923 827 923 2481 1747 1170 889|0.15 0 0 0
246 1000 246 403 403 372 372 333 131 333 131 1030 704 471|0.15 0 0 0
1511 533 1638 4064 4064 1355 1355 1000 1511 533 1638 1916 4185 2791|0.15 0 0 0
353 1084 662 2689 896 896 2689 1000 353 1084 662 1017 1847 963|0.15 0 0 0
372 333 372 246 246 131 131 1000 403 333 403 687 1030 378|0.15 0 0 0
4064 1000 4064 1511 1638 1638 1511 533 1355 533 1355 4185 1537 2861|0.15 0 0 0
1744 1000 581 403 755 616 329 746 1308 867 349 1419 595 1849|0.15 0.20648473315608706 0.33886224690229616 0.08543369396472711
1853 1875 2483 1443 866 3248 4330 816 2153 1531 2483 1477 1658 2808|0.15 0.09128882139185501 0.147635259375698 0.291031511704436
566 600 693 1720 1720 1492 1284 3000 1061 2250 1299 1149 2441 1409|0.15 0.31840755067659376 0.07050392895945112 0.22865290560106777
573 333 573 433 354 189 231 750 497 200 428 814 1061 699|0.15 -0.004095285386611636 -0.10963497411403345 0.019622046334226706
1732 816 2309 1324 988 1148 1324 533 462 435 770 2449 1782 1285|0.15 0.004707920587783132 -0.03497296664555671 -0.022451181696628852
403 746 755 1744 581 349 1308 1000 329 867 616 1346 1419 668|0.15 -0.2509847147232569 0.041323180835943774 0.026469633909969037
581 1000 1744 616 329 403 755 867 349 746 1308 1419 1219 479|0.15 -0.04083430408825639 -0.062204799870065886 0.08237201170112396
433 750 354 573 573 428 497 333 231 200 189 829 814 772|0.15 -0.07389989768531002 0.07321620432024778 0.02053300086460652
1406 533 1622 2828 2121 566 943 1225 1210 653 1622 1978 2345 1834|0.15 0.05181613348811176 -0.034964838163331624 -0.045377330226142876
1720 3000 1720 566 693 1299 1061 600 1284 2250 1492 2441 825 1023|0.15 0.20823743435799624 0.00024370668071149737 0.20821813969516212
616 867 329 581 1744 1308 349 1000 755 746 403 819 1419 1446|0.15 0.03773115817533812 0.19119887734294183 0.22416659186104804
1061 1225 1768 3041 2637 2269 3041 1875 3977 2296 5303 1458 2491 2951|0.15 0.1501402433400001 0.20767521835162173 0.061366314056618965
1443 816 866 1853 2483 2483 2153 1875 4330 1531 3248 1190 3342 3524|0.15 0.20762288676290153 0.188681252094145 0.20798354090783677
1012 1340 540 467 1753 2337 779 1162 826 1340 441 1804 1516 1938|0.15 -0.04556216168322691 -0.2160449578672341 -0.4330821394013906
2486 3750 2139 1155 943 1768 2165 1667 2867 5000 2867 3243 1374 3496|0.15 -0.27354293156624965 0.05294714118868171 -0.13728063762638243
1324 533 988 1732 2309 770 462 816 1324 435 1148 788 1915 1879|0.15 -0.019369952966996618 -0.0008129877818785491 0.057946163757114366
471 1333 577 570 663 765 765 267 251 444 308 1106 742 626|0.15 0.033587574570947965 -0.1002830357798068 0.08282800810129443
467 1162 1753 1012 540 441 826 1340 779 1340 2337 1301 797 642|0.15 -0.16723670498939414 0.13917239164869422 0.04498314329451247
2828 1225 2121 1406 1622 1622 1210 533 943 653 566 3000 1328 2302|0.15 -0.08157884977215812 0.061134220004039896 -0.001759908963441248
570 267 663 471 577 308 251 1333 765 444 765 865 1414 455|0.15 0.1719527415062938 -0.2762329842210076 0.128871269034061
379 1153 711 1508 402 670 2011 860 464 1153 871 945 1304 770|0.15 0.07487369640117203 -0.15103423178166042 0.061368708233733305
3041 1875 2637 1061 1768 5303 3977 1225 3041 2296 2269 3708 2031 4316|0.15 0.0351255396984973 0.08478666110269373 -0.08157129700066768
1155 1667 943 2486 2139 2867 2867 3750 2165 5000 1768 1915 2783 3859|0.15 -0.36838009425038676 -0.128936989103261 -0.020261063359754417
1508 860 402 379 711 871 464 1153 2011 1153 670 1119 1406 2133|0.15 0.25385178692396204 0.3367976933725969 0.26502322456346095
1744 1000 581 329 616 755 403 867 1308 746 349 1419 819 1446|0.15 0.045142784225016275 0.17490458342555915 0.06715848248036949
2637 1875 3041 1768 1061 3977 5303 1225 2269 2296 3041 2491 1458 2951|0.15 0.0448405263849061 0.236109442996828 0.33900771839499466
693 600 566 1720 1720 1284 1492 3000 1299 2250 1061 825 2441 1023|0.15 0.1615554575861311 0.20060422246576115 0.009619230947517377
573 333 573 354 433 231 189 750 428 200 497 814 829 772|0.15 0.03021714741088921 -0.2239242813270248 0.03931702333826781
2121 1225 2828 1622 1406 1210 1622 533 566 653 943 2345 1978 1834|0.15 0.006834026963686846 0.02160322826568084 -0.17365157459562353
329 867 616 1744 581 349 1308 1000 403 746 755 1219 1419 479|0.15 -0.16924297506375696 0.028609133754722293 0.012701940236712339
581 1000 1744 755 403 329 616 746 349 867 1308 1419 1346 668|0.15 -0.05048523806641336 -0.05997149300285387 0.09762887580916368
354 750 433 573 573 497 428 333 189 200 231 1061 814 699|0.15 -0.05543439702808017 0.08491126134332339 -0.03376547317146095
988 533 1324 2309 1732 462 770 816 1148 435 1324 1782 2449 1285|0.15 0.054665134775988555 -0.22779414287346866 0.0147939786669804
1720 3000 1720 693 566 1061 1299 600 1492 2250 1284 2441 1149 1409|0.15 0.2660367621358284 0.10459924504073292 0.1362055145899399
755 746 403 581 1744 1308 349 1000 616 867 329 595 1419 1849|0.15 0.12335160288404756 -0.028921218584225805 0.22765190945604585
866 816 1443 2483 1853 2153 2483 1875 3248 1531 4330 1658 1477 2808|0.15 0.14927701074548994 0.18553446587995515 0.02467218961607731
1768 1225 1061 2637 3041 3041 2269 1875 5303 2296 3977 2031 3708 4316|0.15 0.2281002016745215 0.3145651827767937 0.28073576676292955
711 1153 379 402 1508 2011 670 860 871 1153 464 1406 1119 2133|0.15 0.031027970007428962 -0.16298171748716062 -0.3430256339434179
2139 3750 2486 943 1155 2165 1768 1667 2867 5000 2867 2783 1915 3859|0.15 0.12579143543254512 0.16180853321431155 0.16283724081697315
1622 533 1406 2121 2828 943 566 1225 1622 653 1210 1328 3000 2302|0.15 0.1272205852394559 -0.20546559383923801 0.12344314051342842
577 1333 471 663 570 765 765 267 308 444 251 1414 865 455|0.15 0.043401470248689566 -0.1191997248965615 0.08182467795165405
402 860 1508 711 379 464 871 1153 670 1153 2011 1304 945 770|0.15 0.05214081569155038 0.0545686755573227 -0.136774618135157
2309 816 1732 988 1324 1324 1148 533 770 435 462 1915 788 1879|0.15 0.08007714774822539 0.08231317270435135 -0.09426989671564967
663 267 570 577 471 251 308 1333 765 444 765 742 1106 626|0.15 0.11673746898772652 -0.12330565863263976 -0.01643719380702624
540 1340 1012 1753 467 779 2337 1162 441 1340 826 797 1301 642|0.15 -0.18053940358183196 0.11932947881162059 0.12039018390342715
2483 1875 1853 866 1443 4330 3248 816 2483 1531 2153 3342 1190 3524|0.15 0.24279735526805624 0.26401062083188487 0.24846080528799996
943 1667 1155 2139 2486 2867 2867 3750 1768 5000 2165 1374 3243 3496|0.15 0.21631778298389914 0.13585660945387934 0.25404100491682513
1753 1162 467 540 1012 826 441 1340 2337 1340 779 1516 1804 1938|0.15 0.20610829105630168 0.05252068785142061 0.05536324006615745
354 1000 1768 1000 187 230 1225 921 221 604 1061 1275 1106 290|0.15 -0.2353264498558305 0.09634249106981185 0.040518591082319144
921 187 1000 1768 1061 221 354 1225 604 230 1000 1106 1458 1100|0.15 0.04490612565130725 -0.12364070200674981 0.0049806451539469165
693 600 566 566 566 342 521 200 130 125 106 825 721 676|0.15 0.011318699880171756 0.02844727200804531 -0.11580156427732247
2828 5000 2828 530 650 3464 2828 625 1709 3000 2604 3606 820 2000|0.15 0.4311709694926047 0.26341442270538584 0.27036032727834947
1179 1225 1886 5333 4910 3223 5333 5333 5657 6532 9428 1546 5333 3667|0.15 0.04030158133176531 0.22050811186770325 0.10911714523875737
1000 921 187 354 1768 1061 221 1000 1225 604 230 1000 1275 1458|0.15 0.15733076860936945 0.18279700374802976 0.3537550182463445
1768 1000 354 230 1225 1000 187 604 1061 921 221 1275 707 2031|0.15 -0.016406245650107953 0.134789315559789 -0.06955258984121748
530 625 650 2828 2828 2604 1709 5000 2828 3000 3464 1132 3606 2828|0.15 0.40914442128005213 0.4876251943621335 0.27723302941991435
2632 5333 4355 1540 962 4619 7698 816 4009 4355 4355 3079 1743 4788|0.15 0.1818797884404555 0.15858636518987668 0.3549106769291632
566 200 566 693 566 106 130 600 521 125 342 721 1149 625|0.15 0.006855170484481032 -0.15527555014365424 0.07153387893201524
230 604 1225 1768 354 221 1061 1000 187 921 1000 1195 1275 400|0.15 -0.28232225108735354 0.06712312581463653 0.09760555761179512
866 816 1443 816 493 752 816 188 180 153 289 1658 976 561|0.15 0.028229909821377852 0.06649463604973871 -0.15658569639666942
1768 1225 1061 921 1000 1000 604 187 354 230 221 2031 1000 1275|0.15 0.14757544001160472 0.13943606107048145 -0.2593844684907054
204 1086 1086 1152 240 384 1920 656 249 1086 1330 1086 1194 435|0.15 -0.22777657563956 0.11853693589849446 0.1538746680226155
570 208 868 943 1155 217 177 1667 943 333 943 1037 1915 667|0.15 0.11804886800876435 -0.12731478191836954 0.04198096961604003
5333 5333 4910 1179 1886 9428 5657 1225 5333 6532 3223 5897 2134 6799|0.15 0.4349053243354173 0.18801135332134233 0.21821545924506358
1039 1600 849 4167 2735 4525 4525 4800 5543 8000 4525 1811 3111 5407|0.15 0.23400835634132866 0.3663834561613122 0.09187803738786471
1152 656 240 204 1086 1330 249 1086 1920 1086 384 747 1201 2206|0.15 0.1874792685328064 0.33334125367002976 0.5858818068154892
1540 816 962 2632 4355 4355 4009 5333 7698 4355 4619 1262 5203 5551|0.15 0.4101855831621304 0.2727740237894971 0.17008707064559037
4167 4800 2735 1039 849 4525 5543 1600 4525 8000 4525 4976 1311 5004|0.15 0.7283112127943059 0.2291539746910809 0.7719920850437823
2027 1655 380 366 1755 2925 585 1523 1655 1655 310 1977 1819 2412|0.15 0.09059393438544339 0.04009473287954535 -0.3424892367846988
816 188 493 866 1443 289 180 816 816 153 752 577 1190 1041|0.15 0.14172767806483133 -0.19923156226461347 0.09935858513331564
943 1667 1155 570 868 943 943 208 177 333 217 1374 648 943|0.15 0.1407818122095139 0.11001992790403481 -0.18810122646297556
366 1523 1755 2027 380 310 1655 1655 585 1655 2925 1138 1170 480|0.15 -0.02428785412101231 0.028130503430168208 0.04172686074789045
1744 1000 581 310 581 581 310 1036 1744 1036 581 1419 1157 1838|0.15 0 0 0
3342 1875 3226 1875 1875 5625 5625 1000 3342 1875 3226 3731 2125 4660|0.15 0 0 0
533 1000 533 1720 1720 1783 1783 3000 1000 3000 1000 1133 2441 1990|0.15 0 0 0
573 333 573 333 333 178 178 1000 594 333 594 814 1054 600|0.15 0 0 0
3000 1000 3000 1720 1783 1783 1720 533 1000 533 1000 3162 1801 2486|0.15 0 0 0
310 1036 581 1744 581 581 1744 1000 310 1036 581 1047 1419 659|0.15 0 0 0
581 1000 1744 581 310 310 581 1036 581 1036 1744 1419 1047 659|0.15 0 0 0
333 1000 333 573 573 594 594 333 178 333 178 1054 814 600|0.15 0 0 0
1783 533 1720 3000 3000 1000 1000 1000 1783 533 1720 1801 3162 2486|0.15 0 0 0
1720 3000 1720 533 533 1000 1000 1000 1783 3000 1783 2441 1133 1990|0.15 0 0 0
581 1036 310 581 1744 1744 581 1000 581 1036 310 1157 1419 1838|0.15 0 0 0
1875 1000 1875 3226 3342 3342 3226 1875 5625 1875 5625 2125 3731 4660|0.15 0 0 0
1875 1000 1875 3342 3226 3226 3342 1875 5625 1875 5625 2125 3377 4577|0.15 0 0 0
561 965 299 561 1683 1683 561 1000 561 965 299 1010 1394 1774|0.15 0 0 0
1783 3000 1783 533 533 1000 1000 1000 1720 3000 1720 2486 1133 1801|0.15 0 0 0
1720 533 1783 3000 3000 1000 1000 1000 1720 533 1783 1990 3162 2441|0.15 0 0 0
333 1000 333 594 594 573 573 333 178 333 178 1054 829 663|0.15 0 0 0
561 1000 1683 561 299 299 561 965 561 965 1683 1394 1116 636|0.15 0 0 0
3000 1000 3000 1783 1720 1720 1783 533 1000 533 1000 3162 1990 2441|0.15 0 0 0
594 333 594 333 333 178 178 1000 573 333 573 829 1054 663|0.15 0 0 0
299 965 561 1683 561 561 1683 1000 299 965 561 1116 1394 636|0.15 0 0 0
3226 1875 3342 1875 1875 5625 5625 1000 3226 1875 3342 3377 2125 4577|0.15 0 0 0
533 1000 533 1783 1783 1720 1720 3000 1000 3000 1000 1133 2486 1801|0.15 0 0 0
1683 1000 561 299 561 561 299 965 1683 965 561 1394 1010 1774|0.15 0 0 0
625 1000 625 690 1114 1114 690 1875 1875 1875 1875 1179 1998 1553|0.15 0 0 0
2719 1615 1450 906 2719 2719 906 1000 2719 1615 1450 2897 1861 3845|0.15 0 0 0
1104 3000 1104 1600 1600 3000 3000 1000 1783 3000 1783 2054 1887 3197|0.15 0 0 0
1600 1000 1600 1783 1783 1104 1104 3000 3000 3000 3000 1887 2486 1944|0.15 0 0 0
1683 1000 561 898 1683 1683 898 619 1683 619 561 1394 1090 2380|0.15 0 0 0
690 1875 1114 625 625 1875 1875 1000 690 1875 1114 1215 1179 1284|0.15 0 0 0
625 1000 625 1114 690 690 1114 1875 1875 1875 1875 1179 1215 1284|0.15 0 0 0
1783 3000 1783 1600 1600 3000 3000 1000 1104 3000 1104 2486 1887 1944|0.15 0 0 0
1683 619 898 561 1683 1683 561 1000 1683 619 898 1090 1394 2380|0.15 0 0 0
1600 1000 1600 1104 1104 1783 1783 3000 3000 3000 3000 1887 2054 3197|0.15 0 0 0
1114 1875 690 625 625 1875 1875 1000 1114 1875 690 1998 1179 1553|0.15 0 0 0
2719 1000 906 1450 2719 2719 1450 1615 2719 1615 906 1861 2897 3845|0.15 0 0 0
906 1000 2719 2719 1450 1450 2719 1615 906 1615 2719 1861 1761 1710|0.15 0 0 0
594 533 368 1000 1000 333 333 1000 594 533 368 648 1414 829|0.15 0 0 0
1000 1000 1000 368 368 594 594 333 533 333 533 1414 685 648|0.15 0 0 0
898 619 1683 1683 561 561 1683 1000 898 619 1683 1793 1394 1058|0.15 0 0 0
594 333 594 1000 1000 533 533 1000 368 333 368 829 1414 1066|0.15 0 0 0
1000 1000 1000 594 368 368 594 533 333 533 333 1414 1066 685|0.15 0 0 0
561 1000 1683 1683 898 898 1683 619 561 619 1683 1394 1793 1058|0.15 0 0 0
1000 1000 1000 594 594 368 368 333 533 333 533 1414 829 1066|0.15 0 0 0
368 533 594 1000 1000 333 333 1000 368 533 594 1066 1414 685|0.15 0 0 0
1450 1615 2719 2719 906 906 2719 1000 1450 1615 2719 1761 1861 1710|0.15 0 0 0
368 333 368 1000 1000 533 533 1000 594 333 594 685 1414 648|0.15 0 0 0
1000 1000 1000 368 594 594 368 533 333 533 333 1414 648 829|0.15 0 0 0
354 1000 1768 943 177 177 943 1260 354 1260 1768 1275 1016 395|0.15 0 0 0
1336 188 1061 1875 1875 375 375 1000 1336 188 1061 1077 2125 1577|0.15 0 0 0
533 1000 533 566 566 713 713 200 100 200 100 1133 721 574|0.15 0 0 0
2828 5000 2828 500 500 2667 2667 1000 3563 5000 3563 3606 1118 3887|0.15 0 0 0
2000 1000 2000 5657 7126 7126 5657 5333 10000 5333 10000 2236 7775 8413|0.15 0 0 0
943 1260 177 354 1768 1768 354 1000 943 1260 177 1374 1275 2003|0.15 0 0 0
1768 1000 354 177 943 943 177 1260 1768 1260 354 1275 1374 2003|0.15 0 0 0
500 1000 500 2828 2828 3563 3563 5000 2667 5000 2667 1118 3606 3887|0.15 0 0 0
7126 5333 5657 2000 2000 10000 10000 1000 7126 5333 5657 7775 2236 8413|0.15 0 0 0
566 200 566 533 533 100 100 1000 713 200 713 721 1133 574|0.15 0 0 0
177 1260 943 1768 354 354 1768 1000 177 1260 943 1016 1275 395|0.15 0 0 0
1875 1000 1875 1061 1336 1336 1061 188 375 188 375 2125 1077 1577|0.15 0 0 0
1875 1000 1875 1336 1061 1061 1336 188 375 188 375 2125 1458 1352|0.15 0 0 0
140 794 748 1403 281 281 1403 1000 140 794 748 1091 1181 314|0.15 0 0 0
713 200 713 533 533 100 100 1000 566 200 566 841 1133 777|0.15 0 0 0
5657 5333 7126 2000 2000 10000 10000 1000 5657 5333 7126 5745 2236 7211|0.15 0 0 0
500 1000 500 3563 3563 2828 2828 5000 2667 5000 2667 1118 4206 2872|0.15 0 0 0
1403 1000 281 140 748 748 140 794 1403 794 281 1181 806 1590|0.15 0 0 0
2000 1000 2000 7126 5657 5657 7126 5333 10000 5333 10000 2236 5745 7211|0.15 0 0 0
3563 5000 3563 500 500 2667 2667 1000 2828 5000 2828 4206 1118 2872|0.15 0 0 0
748 794 140 281 1403 1403 281 1000 748 794 140 806 1181 1590|0.15 0 0 0
1061 188 1336 1875 1875 375 375 1000 1061 188 1336 1458 2125 1352|0.15 0 0 0
533 1000 533 713 713 566 566 200 100 200 100 1133 841 777|0.15 0 0 0
281 1000 1403 748 140 140 748 794 281 794 1403 1181 1091 314|0.15 0 0 0
1744 1000 581 329 616 616 329 867 1744 867 581 1419 819 1849|0.15 0 0 0
2637 1875 3041 1768 1768 5303 5303 1000 2637 1875 3041 2491 2031 4041|0.15 0 0 0
566 1000 566 1720 1720 1492 1492 3000 1061 3000 1061 1149 2441 1409|0.15 0 0 0
573 333 573 354 354 189 189 1000 497 333 497 814 1061 699|0.15 0 0 0
2828 1000 2828 1622 1406 1406 1622 533 943 533 943 3000 1978 2155|0.15 0 0 0
329 867 616 1744 581 581 1744 1000 329 867 616 1219 1419 668|0.15 0 0 0
581 1000 1744 616 329 329 616 867 581 867 1744 1419 1219 668|0.15 0 0 0
354 1000 354 573 573 497 497 333 189 333 189 1061 814 699|0.15 0 0 0
1406 533 1622 2828 2828 943 943 1000 1406 533 1622 1978 3000 2155|0.15 0 0 0
1720 3000 1720 566 566 1061 1061 1000 1492 3000 1492 2441 1149 1409|0.15 0 0 0
616 867 329 581 1744 1744 581 1000 616 867 329 819 1419 1849|0.15 0 0 0
1768 1000 1768 3041 2637 2637 3041 1875 5303 1875 5303 2031 2491 4041|0.15 0 0 0
1768 1000 1768 2637 3041 3041 2637 1875 5303 1875 5303 2031 3708 4316|0.15 0 0 0
711 1153 379 670 2011 2011 670 1000 711 1153 379 1406 1532 2133|0.15 0 0 0
1492 3000 1492 566 566 1061 1061 1000 1720 3000 1720 2286 1149 2098|0.15 0 0 0
1622 533 1406 2828 2828 943 943 1000 1622 533 1406 1328 3000 2302|0.15 0 0 0
354 1000 354 497 497 573 573 333 189 333 189 1061 762 470|0.15 0 0 0
670 1000 2011 711 379 379 711 1153 670 1153 2011 1532 945 770|0.15 0 0 0
2828 1000 2828 1406 1622 1622 1406 533 943 533 943 3000 1328 2302|0.15 0 0 0
497 333 497 354 354 189 189 1000 573 333 573 762 1061 470|0.15 0 0 0
379 1153 711 2011 670 670 2011 1000 379 1153 711 945 1532 770|0.15 0 0 0
3041 1875 2637 1768 1768 5303 5303 1000 3041 1875 2637 3708 2031 4316|0.15 0 0 0
566 1000 566 1492 1492 1720 1720 3000 1061 3000 1061 1149 2286 2098|0.15 0 0 0
2011 1000 670 379 711 711 379 1153 2011 1153 670 1532 1406 2133|0.15 0 0 0
1250 1000 1250 1395 1865 1865 1395 1875 3750 1875 3750 1601 2665 2857|0.15 0 0 0
1344 1337 717 896 2689 2689 896 1000 1344 1337 717 1911 1847 3006|0.15 0 0 0
1116 3000 1116 800 800 1500 1500 1000 1492 3000 1492 2060 1281 2132|0.15 0 0 0
800 1000 800 1492 1492 1116 1116 3000 1500 3000 1500 1281 2286 1151|0.15 0 0 0
2011 1000 670 536 1006 1006 536 748 2011 748 670 1532 772 2249|0.15 0 0 0
1395 1875 1865 1250 1250 3750 3750 1000 1395 1875 1865 1439 1601 2575|0.15 0 0 0
1250 1000 1250 1865 1395 1395 1865 1875 3750 1875 3750 1601 1439 2575|0.15 0 0 0
1492 3000 1492 800 800 1500 1500 1000 1116 3000 1116 2286 1281 1151|0.15 0 0 0
1006 748 536 670 2011 2011 670 1000 1006 748 536 772 1532 2249|0.15 0 0 0
800 1000 800 1116 1116 1492 1492 3000 1500 3000 1500 1281 2060 2132|0.15 0 0 0
1865 1875 1395 1250 1250 3750 3750 1000 1865 1875 1395 2665 1601 2857|0.15 0 0 0
2689 1000 896 717 1344 1344 717 1337 2689 1337 896 1847 1911 3006|0.15 0 0 0
896 1000 2689 1344 717 717 1344 1337 896 1337 2689 1847 1032 1148|0.15 0 0 0
994 533 744 2000 2000 667 667 1000 994 533 744 767 2236 1524|0.15 0 0 0
500 1000 500 372 372 497 497 333 267 333 267 1118 687 384|0.15 0 0 0
536 748 1006 2011 670 670 2011 1000 536 748 1006 1429 1532 859|0.15 0 0 0
497 333 497 500 500 267 267 1000 372 333 372 762 1118 711|0.15 0 0 0
2000 1000 2000 994 744 744 994 533 667 533 667 2236 1421 1374|0.15 0 0 0
670 1000 2011 1006 536 536 1006 748 670 748 2011 1532 1429 859|0.15 0 0 0
500 1000 500 497 497 372 372 333 267 333 267 1118 762 711|0.15 0 0 0
744 533 994 2000 2000 667 667 1000 744 533 994 1421 2236 1374|0.15 0 0 0
717 1337 1344 2689 896 896 2689 1000 717 1337 1344 1032 1847 1148|0.15 0 0 0
372 333 372 500 500 267 267 1000 497 333 497 687 1118 384|0.15 0 0 0
2000 1000 2000 744 994 994 744 533 667 533 667 2236 767 1524|0.15 0 0 0
354 1000 1768 1000 187 187 1000 921 354 921 1768 1275 1106 400|0.15 0 0 0
921 187 1000 1768 1768 354 354 1000 921 187 1000 1106 2031 1214|0.15 0 0 0
566 1000 566 566 566 521 521 200 106 200 106 1149 721 625|0.15 0 0 0
2828 5000 2828 530 530 2828 2828 1000 2604 5000 2604 3606 1132 2828|0.15 0 0 0
1886 1000 1886 5333 4910 4910 5333 5333 9428 5333 9428 2134 5333 6472|0.15 0 0 0
1000 921 187 354 1768 1768 354 1000 1000 921 187 1000 1275 2031|0.15 0 0 0
1768 1000 354 187 1000 1000 187 921 1768 921 354 1275 1000 2031|0.15 0 0 0
530 1000 530 2828 2828 2604 2604 5000 2828 5000 2828 1132 3606 2828|0.15 0 0 0
4910 5333 5333 1886 1886 9428 9428 1000 4910 5333 5333 5333 2134 6472|0.15 0 0 0
566 200 566 566 566 106 106 1000 521 200 521 721 1149 625|0.15 0 0 0
187 921 1000 1768 354 354 1768 1000 187 921 1000 1106 1275 400|0.15 0 0 0
1768 1000 1768 1000 921 921 1000 187 354 187 354 2031 1106 1214|0.15 0 0 0
1768 1000 1768 921 1000 1000 921 187 354 187 354 2031 1000 1275|0.15 0 0 0
204 1086 1086 1920 384 384 1920 1000 204 1086 1086 1086 1318 435|0.15 0 0 0
521 200 521 566 566 106 106 1000 566 200 566 686 1149 566|0.15 0 0 0
5333 5333 4910 1886 1886 9428 9428 1000 5333 5333 4910 5897 2134 6799|0.15 0 0 0
530 1000 530 2604 2604 2828 2828 5000 2828 5000 2828 1132 3432 3127|0.15 0 0 0
1920 1000 384 204 1086 1086 204 1086 1920 1086 384 1318 1201 2206|0.15 0 0 0
1886 1000 1886 4910 5333 5333 4910 5333 9428 5333 9428 2134 5897 6799|0.15 0 0 0
2604 5000 2604 530 530 2828 2828 1000 2828 5000 2828 3432 1132 3127|0.15 0 0 0
1086 1086 204 384 1920 1920 384 1000 1086 1086 204 1201 1318 2206|0.15 0 0 0
1000 187 921 1768 1768 354 354 1000 1000 187 921 1000 2031 1275|0.15 0 0 0
566 1000 566 521 521 566 566 200 106 200 106 1149 686 566|0.15 0 0 0
384 1000 1920 1086 204 204 1086 1086 384 1086 1920 1318 1086 435|0.15 0 0 0
1699 1000 1699 1875 1922 1922 1875 1875 5097 1875 5097 1972 2403 3515|0.15 0 0 0
1000 1025 533 906 2719 2719 906 1000 1000 1025 533 1282 1861 2897|0.15 0 0 0
1104 3000 1104 589 589 1104 1104 1000 1131 3000 1131 2054 1160 1414|0.15 0 0 0
589 1000 589 1131 1131 1104 1104 3000 1104 3000 1104 1160 2069 1340|0.15 0 0 0
2652 1000 884 520 975 975 520 975 2652 975 884 1829 1185 2826|0.15 0 0 0
1875 1875 1922 1699 1699 5097 5097 1000 1875 1875 1922 2277 1972 3489|0.15 0 0 0
1699 1000 1699 1922 1875 1875 1922 1875 5097 1875 5097 1972 2277 3489|0.15 0 0 0
1131 3000 1131 589 589 1104 1104 1000 1104 3000 1104 2069 1160 1340|0.15 0 0 0
975 975 520 884 2652 2652 884 1000 975 975 520 1185 1829 2826|0.15 0 0 0
589 1000 589 1104 1104 1131 1131 3000 1104 3000 1104 1160 2054 1414|0.15 0 0 0
1922 1875 1875 1699 1699 5097 5097 1000 1922 1875 1875 2403 1972 3515|0.15 0 0 0
2719 1000 906 533 1000 1000 533 1025 2719 1025 906 1861 1282 2897|0.15 0 0 0
906 1000 2719 1000 533 533 1000 1025 906 1025 2719 1861 1215 1051|0.15 0 0 0
1025 533 1000 2719 2719 906 906 1000 1025 533 1000 1215 2897 1875|0.15 0 0 0
368 1000 368 368 368 377 377 333 196 333 196 1066 685 447|0.15 0 0 0
520 975 975 2652 884 884 2652 1000 520 975 975 1250 1829 1026|0.15 0 0 0
377 333 377 368 368 196 196 1000 368 333 368 690 1066 471|0.15 0 0 0
2719 1000 2719 1025 1000 1000 1025 533 906 533 906 2897 1282 1861|0.15 0 0 0
884 1000 2652 975 520 520 975 975 884 975 2652 1829 1250 1026|0.15 0 0 0
368 1000 368 377 377 368 368 333 196 333 196 1066 690 471|0.15 0 0 0
1000 533 1025 2719 2719 906 906 1000 1000 533 1025 1282 2897 1861|0.15 0 0 0
533 1025 1000 2719 906 906 2719 1000 533 1025 1000 1215 1861 1051|0.15 0 0 0
368 333 368 368 368 196 196 1000 377 333 377 685 1066 447|0.15 0 0 0
2719 1000 2719 1000 1025 1025 1000 533 906 533 906 2897 1215 1875|0.15 0 0 0
2719 1000 906 258 483 483 258 1025 2719 1025 906 1861 1111 2761|0.15 0 0 0
3977 1875 3880 3516 3516 10547 10547 1000 3977 1875 3880 4309 3655 7273|0.15 0 0 0
284 1000 284 1104 1104 1131 1131 3000 533 3000 533 1040 2054 1226|0.15 0 0 0
368 333 368 178 178 95 95 1000 377 333 377 685 1016 380|0.15 0 0 0
5625 1000 5625 2069 2121 2121 2069 533 1875 533 1875 5713 2137 3879|0.15 0 0 0
258 1025 483 2719 906 906 2719 1000 258 1025 483 1033 1861 942|0.15 0 0 0
906 1000 2719 483 258 258 483 1025 906 1025 2719 1861 1033 942|0.15 0 0 0
178 1000 178 368 368 377 377 333 95 333 95 1016 685 380|0.15 0 0 0
2121 533 2069 5625 5625 1875 1875 1000 2121 533 2069 2137 5713 3879|0.15 0 0 0
1104 3000 1104 284 284 533 533 1000 1131 3000 1131 2054 1040 1226|0.15 0 0 0
483 1025 258 906 2719 2719 906 1000 483 1025 258 1111 1861 2761|0.15 0 0 0
3516 1000 3516 3880 3977 3977 3880 1875 10547 1875 10547 3655 4309 7273|0.15 0 0 0
3516 1000 3516 3977 3880 3880 3977 1875 10547 1875 10547 3655 4006 7220|0.15 0 0 0
471 975 251 884 2652 2652 884 1000 471 975 251 1007 1829 2694|0.15 0 0 0
1131 3000 1131 284 284 533 533 1000 1104 3000 1104 2069 1040 1140|0.15 0 0 0
2069 533 2121 5625 5625 1875 1875 1000 2069 533 2121 2298 5713 3851|0.15 0 0 0
178 1000 178 377 377 368 368 333 95 333 95 1016 690 409|0.15 0 0 0
884 1000 2652 471 251 251 471 975 884 975 2652 1829 1083 919|0.15 0 0 0
5625 1000 5625 2121 2069 2069 2121 533 1875 533 1875 5713 2298 3851|0.15 0 0 0
377 333 377 178 178 95 95 1000 368 333 368 690 1016 409|0.15 0 0 0
251 975 471 2652 884 884 2652 1000 251 975 471 1083 1829 919|0.15 0 0 0
3880 1875 3977 3516 3516 10547 10547 1000 3880 1875 3977 4006 3655 7220|0.15 0 0 0
284 1000 284 1131 1131 1104 1104 3000 533 3000 533 1040 2069 1140|0.15 0 0 0
2652 1000 884 251 471 471 251 975 2652 975 884 1829 1007 2694|0.15 0 0 0
2719 1000 906 483 906 906 483 1086 2719 1086 906 1861 1350 2866|0.15 0 0 0
2247 1875 2069 1875 1875 5625 5625 1000 2247 1875 2069 2792 2125 3949|0.15 0 0 0
533 1000 533 1104 1104 1198 1198 3000 1000 3000 1000 1133 2054 1489|0.15 0 0 0
368 333 368 333 333 178 178 1000 399 333 399 685 1054 409|0.15 0 0 0
3000 1000 3000 1104 1198 1198 1104 533 1000 533 1000 3162 1226 2106|0.15 0 0 0
483 1086 906 2719 906 906 2719 1000 483 1086 906 1111 1861 1027|0.15 0 0 0
906 1000 2719 906 483 483 906 1086 906 1086 2719 1861 1111 1027|0.15 0 0 0
333 1000 333 368 368 399 399 333 178 333 178 1054 685 409|0.15 0 0 0
1198 533 1104 3000 3000 1000 1000 1000 1198 533 1104 1226 3162 2106|0.15 0 0 0
1104 3000 1104 533 533 1000 1000 1000 1198 3000 1198 2054 1133 1489|0.15 0 0 0
906 1086 483 906 2719 2719 906 1000 906 1086 483 1350 1861 2866|0.15 0 0 0
1875 1000 1875 2069 2247 2247 2069 1875 5625 1875 5625 2125 2792 3949|0.15 0 0 0
1875 1000 1875 2247 2069 2069 2247 1875 5625 1875 5625 2125 2298 3851|0.15 0 0 0
835 921 445 835 2504 2504 835 1000 835 921 445 1023 1758 2639|0.15 0 0 0
1198 3000 1198 533 533 1000 1000 1000 1104 3000 1104 2106 1133 1226|0.15 0 0 0
1104 533 1198 3000 3000 1000 1000 1000 1104 533 1198 1489 3162 2054|0.15 0 0 0
333 1000 333 399 399 368 368 333 178 333 178 1054 702 496|0.15 0 0 0
835 1000 2504 835 445 445 835 921 835 921 2504 1758 1243 946|0.15 0 0 0
3000 1000 3000 1198 1104 1104 1198 533 1000 533 1000 3162 1489 2054|0.15 0 0 0
399 333 399 333 333 178 178 1000 368 333 368 702 1054 496|0.15 0 0 0
445 921 835 2504 835 835 2504 1000 445 921 835 1243 1758 946|0.15 0 0 0
2069 1875 2247 1875 1875 5625 5625 1000 2069 1875 2247 2298 2125 3851|0.15 0 0 0
533 1000 533 1198 1198 1104 1104 3000 1000 3000 1000 1133 2106 1226|0.15 0 0 0
2504 1000 835 445 835 835 445 921 2504 921 835 1758 1023 2639|0.15 0 0 0
625 1000 625 647 502 292 502 592 217 592 217 1179 1119 690|0.15 0 0 0
915 776 1546 966 335 335 966 776 915 451 1546 1729 1239 974|0.15 0 0 0
803 347 1035 1600 1600 947 947 1000 467 347 803 1282 1887 1667|0.15 0 0 0
1600 1000 1600 803 467 803 1035 347 947 347 947 1887 1104 1055|0.15 0 0 0
432 581 1246 1993 1179 1179 1993 1289 432 1000 1246 1374 1546 1256|0.15 0 0 0
647 592 502 625 625 217 217 1000 502 592 292 776 1179 802|0.15 0 0 0
625 1000 625 292 502 647 502 592 217 592 217 1179 660 547|0.15 0 0 0
803 347 467 1600 1600 947 947 1000 1035 347 803 581 1887 1241|0.15 0 0 0
2029 1720 3429 2143 743 743 2143 1720 2029 2218 3429 2262 1246 2160|0.15 0 0 0
1600 1000 1600 803 1035 803 467 347 947 347 947 1887 875 1790|0.15 0 0 0
292 592 502 625 625 217 217 1000 502 592 647 1042 1179 363|0.15 0 0 0
432 1289 1246 1993 1179 1179 1993 581 432 1000 1246 1089 2076 1256|0.15 0 0 0
966 776 335 915 1546 1546 915 776 966 451 335 845 1199 1823|0.15 0 0 0
848 1690 1093 366 366 1056 1056 1000 493 1690 848 1311 1065 614|0.15 0 0 0
2731 1000 2731 2986 2316 1346 2316 2885 4615 2885 4615 2908 2523 3045|0.15 0 0 0
1993 1289 1179 432 1246 1246 432 581 1993 1000 1179 2230 724 2350|0.15 0 0 0
1346 2885 2316 2731 2731 4615 4615 1000 2316 2885 2986 1677 2908 4808|0.15 0 0 0
366 1000 366 848 1093 848 493 1690 1056 1690 1056 1065 1891 924|0.15 0 0 0
2143 1720 743 2029 3429 3429 2029 1720 2143 2218 743 2365 3571 4043|0.15 0 0 0
2731 1000 2731 1346 2316 2986 2316 2885 4615 2885 4615 2908 3183 5164|0.15 0 0 0
848 1690 493 366 366 1056 1056 1000 1093 1690 848 1761 1065 1355|0.15 0 0 0
1993 581 1179 432 1246 1246 432 1289 1993 1000 1179 1315 1597 2350|0.15 0 0 0
2986 2885 2316 2731 2731 4615 4615 1000 2316 2885 1346 3699 2908 3581|0.15 0 0 0
366 1000 366 848 493 848 1093 1690 1056 1690 1056 1065 1115 1166|0.15 0 0 0
1744 1000 581 467 1000 581 271 883 930 1047 201 1419 1027 1838|0.15 -0.004477378318384906 0.2327994292761626 0.11434123675246655
1892 2143 2143 1246 432 1993 3737 581 2243 1246 2143 2200 1374 2509|0.15 0.1400232640047916 -0.010180476234717961 0.2087027013862186
467 347 803 1720 1720 1801 1519 3000 1000 1600 1720 1104 2441 1990|0.15 0.19688502574815914 0.10984394545856091 -0.03706429600194516
573 333 573 573 333 156 268 533 600 116 506 814 1054 594|0.15 -0.11256790354703172 0.032758395810121854 0.04847846663373456
930 581 1744 1000 883 1047 1000 467 201 271 581 1838 1288 938|0.15 0.045076372702055334 -0.10522070442881448 0.02470896113187626
467 883 1000 1744 581 201 930 1000 271 1047 581 1288 1419 641|0.15 0.03294902920571108 0.055061955722126577 -0.11676344072668599
581 1000 1744 581 271 467 1000 1047 201 883 930 1419 1036 338|0.15 0.004021687920394701 -0.10227061789474412 0.05510658142845015
573 533 333 573 573 506 600 333 268 116 156 629 814 739|0.15 -0.11679442919773075 0.08145790870066838 0.024675362020722957
1801 467 1720 3000 1600 347 1000 1720 1519 803 1720 1783 1887 2014|0.15 0.049532387471122874 0.012794416377615025 -0.10482483838145762
1720 3000 1720 467 803 1720 1000 347 1519 1600 1801 2441 581 1766|0.15 0.20311647988662473 -0.022897559371554133 0.14973811125340353
581 1047 271 581 1744 930 201 1000 1000 883 467 1157 1419 1097|0.15 -0.025254599302633185 0.12950350058328564 0.21422106073601288
743 1720 2143 3687 3860 3256 3687 2143 3429 3687 6429 1246 4264 3458|0.15 0.11839625060470427 0.21000116925429912 -0.016804985833623887
1246 581 432 1892 2143 2143 2243 2143 3737 1246 1993 724 2760 3041|0.15 -0.18144669231235477 -0.985392085809782 -0.029129576096198484
1132 1132 528 228 1053 1974 658 1185 658 1132 307 1459 1326 1242|0.15 -0.037498695547972805 -0.1988748603111956 -1.1001677931141995
5196 4615 4383 2316 1346 2885 4963 2885 4963 8654 4963 5811 1677 5142|0.15 -1.0090218131078377 -0.023179654268835614 -0.1845213670042778
1000 467 883 930 1744 581 201 581 1000 271 1047 1027 1097 1419|0.15 -0.07487847033346706 0.029898957204221865 0.1320710122501434
625 1875 1075 950 1126 1075 1075 217 292 625 502 1179 1009 1244|0.15 0.12699986621846904 -0.07454402762249623 0.023666763089260634
228 1185 1053 1132 528 307 658 1132 658 1132 1974 1062 1163 383|0.15 0.01912876674404096 0.12624296630078025 -0.07681816388528162
3000 1720 1600 1801 1720 1720 1519 467 1000 803 347 3162 1990 2441|0.15 -0.07563646139035929 0.13161996884227145 0.004271294479318843
950 217 1126 625 1075 502 292 1875 1075 625 1075 1259 1976 1104|0.15 0.1339052961331344 0.025238320802190017 -0.08131193433127293
259 955 555 888 192 555 1666 844 446 955 955 1105 1118 613|0.15 0.03408286269154681 -0.07446298075589386 0.12570047704735465
3687 2143 3860 743 2143 6429 3429 1720 3687 3687 3256 3820 2365 5231|0.15 -0.1380536908105079 -0.027612750896095495 -0.9597595630299183
2316 2885 1346 5196 4383 4963 4963 4615 4963 8654 2885 3183 4655 6393|0.15 -1.0364764701865725 -0.21701024161786986 -0.028480239769028692
888 844 192 259 555 955 446 955 1666 955 555 896 990 1756|0.15 -0.04946108110206349 -1.096555092335313 -0.2311307617002878
573 533 333 573 573 268 268 333 506 222 452 629 814 739|0.15 0.00626976546971747 0.024646532076555427 -0.07306521206777439
581 1000 1744 581 789 883 1000 467 387 467 930 1419 745 730|0.15 -0.14701854285436466 0.08899052055313383 -0.11185851422661708
803 1357 1720 3000 1600 667 1000 1720 803 1519 1720 1282 1887 1308|0.15 -0.08033805771903824 -0.09171970280386965 0.053629390068594684
930 581 1744 1000 467 467 1000 883 387 789 581 1838 1288 760|0.15 0.01274673811312299 -0.0040983025259333505 -0.04796394259602765
883 467 1000 1744 581 387 930 1000 789 467 581 1288 1419 1149|0.15 -0.10049951147568015 -0.15473753854302608 0.0898674152224177
573 333 573 573 333 452 506 533 268 222 268 814 1054 427|0.15 0.04119588399297047 -0.10406726294449054 -0.03979298133837794
625 1875 1075 502 502 1075 1075 417 848 625 950 1179 818 1244|0.15 0.10707867896989631 0.11632005597696171 -0.2779491919332
1000 883 467 930 1744 581 387 581 1000 789 467 1027 1097 1419|0.15 0.126981326906479 -0.15189259348772577 0.07606913854034225
830 1000 1993 2143 1892 1690 1246 2143 1246 2143 3737 1629 2200 1563|0.15 -0.33704911324203835 0.10033095251675839 0.03321484763367133
3000 1720 1600 803 1720 1720 803 1357 1000 1519 667 3162 1990 2441|0.15 0.14353925349078756 0.06316000598232563 -0.17053125098052124
502 417 502 625 1075 950 848 1875 1075 625 1075 818 1976 1104|0.15 0.07020667945060621 -0.1578678791115884 0.10856400754712503
1690 2143 1246 1993 830 1246 3737 1000 1892 2143 2143 2479 1629 2462|0.15 -0.251374634400614 -0.002576937801916923 0.06546917867528368
581 467 789 581 1744 930 387 1000 1000 467 883 1157 1419 1097|0.15 0.06852282310917834 0.017796474254034855 0.08403464034331565
1720 3000 1720 1357 1519 1720 1000 667 803 1600 803 2441 1255 1766|0.15 0.12180820169930939 0.15567928782017626 -0.1696470272371331
491 1120 737 1268 592 592 1268 737 1179 1268 2210 925 1466 964|0.15 -0.1287513456935041 0.07250680132141474 0.09222769925088858
1744 1000 581 883 1000 581 789 467 930 467 387 1419 1027 1838|0.15 0.20897831166438507 0.1636433672291604 -0.07367163763947415
528 1132 1132 658 439 1053 1974 893 528 658 1132 1163 1301 861|0.15 0.029031075820564745 0.0022372697827077737 0.03970493602002634
1357 667 1519 1720 1720 803 803 3000 1000 1600 1720 1977 2441 1990|0.15 0.05157995869734089 0.003750586302364578 0.004140941344861204
2143 2143 1892 830 1993 3737 1246 1000 1246 2143 1690 2760 1629 2350|0.15 0.2795617140755935 0.09688929212325448 0.269247466532454
658 893 439 528 1132 1132 528 1132 1974 658 1053 826 1459 1607|0.15 0.007962227178497372 -0.10508443284959923 -0.06555620704716825
1204 2400 1204 2279 2036 1500 2581 1500 2581 4500 2581 1962 1883 1924|0.15 0.34291145702911363 0.3851127540379018 0.09820217662394715
1993 1000 830 1690 1246 2143 1892 2143 3737 2143 1246 1629 1597 3939|0.15 0.3696460629625786 0.2706010074577314 0.041457886112012954
1268 737 592 491 737 2210 1179 1120 1268 1268 592 945 1457 1799|0.15 0.0739056148003625 0.3526414774220066 0.30234152395697045
2279 1500 2036 1204 1204 2581 2581 2400 2581 4500 1500 2966 1962 3324|0.15 0.3503849950705895 0.15341317475601413 0.3244982365836546
1744 1000 581 467 1000 1289 602 883 930 681 201 1419 1027 1366|0.15 -0.019461315389847078 0.19345988128724123 0.14800780119377022
1892 2143 2143 1246 432 1993 3737 1289 1459 2763 2143 2200 1089 1609|0.15 0.14010241149426284 -0.0417459395293307 0.1742719213521826
1035 347 803 1720 1720 1172 1519 3000 2218 1600 1720 875 2441 1510|0.15 0.2435858163605098 0.10731300634576835 0.015060337192955853
573 333 573 573 739 345 268 533 391 116 506 814 783 859|0.15 -0.11112599804258827 0.010933977977551912 0.0622293167804866
930 1289 1744 1000 883 681 1000 467 201 602 581 1366 1288 1027|0.15 0.06690624852117244 -0.11980841112758878 0.037330376286617284
467 883 1000 1744 581 201 930 1000 602 681 1289 1288 1419 508|0.15 0.039548070819031 0.053325788649221106 -0.11169619024361865
581 1000 1744 1289 602 467 1000 681 201 883 930 1419 1498 745|0.15 -0.008925127422059198 -0.09964207816203219 0.04854225925057243
573 533 739 573 573 506 391 333 268 116 345 1153 814 739|0.15 -0.10427565737111011 0.056457487224412795 0.00458191556425902
528 467 776 1353 721 156 451 776 685 362 776 1162 1559 582|0.15 0.07652769145379379 0.03218803108483659 -0.1172860428736644
1720 3000 1720 1035 803 1720 2218 347 1519 1600 1172 2441 1282 1766|0.15 0.23148367082651555 0.004392554183805242 0.10545969879950157
1289 681 602 581 1744 930 201 1000 1000 883 467 878 1419 2010|0.15 -0.0377042122866289 0.16770938814988146 0.17446575108696516
335 776 966 1662 1132 1468 1662 2143 1546 1662 2898 1239 1459 1707|0.15 0.13222838107912027 0.20611150707486203 -0.018673357168816906
1246 1289 432 1892 2143 2143 1459 2143 3737 2763 1993 1597 2760 3041|0.15 -0.15066980277198327 -0.9703585726306851 -0.023871499370738958
1132 1132 528 228 1053 1974 658 771 1460 1132 681 1459 850 2276|0.15 -0.024695839773031247 -0.20633790988906386 -1.0232654153674026
3380 4615 4383 2316 2986 6398 4963 2885 4963 8654 4963 3726 3699 7436|0.15 -1.0103165851973006 -0.030220512922863874 -0.18323420844742588
1000 467 883 930 1744 581 201 1289 1000 602 681 1027 2010 1419|0.15 -0.07412295297336557 0.02090248163045816 0.13589019756983678
1386 1875 1075 950 732 1075 1075 217 647 625 502 2161 1104 944|0.15 0.10180522200174735 -0.10793677188169704 0.045280425351403863
228 771 1053 1132 528 681 1460 1132 658 1132 1974 1163 1163 844|0.15 0.03832107644827332 0.11688302560140418 -0.10009669836648971
1353 776 721 528 776 776 685 467 451 362 156 1059 681 1101|0.15 -0.09265665552750879 0.12341909729728151 0.03403654075610607
950 217 732 1386 1075 502 647 1875 1075 625 1075 807 1468 1104|0.15 0.14760737210375519 -0.005811603373976348 -0.046484956273147304
883 1468 1893 1366 296 853 2560 1297 685 1468 1468 1289 1102 746|0.15 0.015443347690391462 -0.0819351976593119 0.12861353707076528
1662 2143 1132 335 966 2898 1546 776 1662 1662 1468 2490 845 2358|0.15 -0.09281993833215596 0.005795736638365412 -0.8444592434236664
2316 2885 2986 3380 4383 4963 4963 4615 4963 8654 6398 2523 5097 6393|0.15 -1.006946495706481 -0.1655207365450595 -0.03757476733816767
1366 1297 296 883 1893 1468 685 1468 2560 1468 853 1508 2200 2005|0.15 -0.04470003426958358 -1.032518244633115 -0.19031952800228513
1075 1875 625 647 647 1386 1386 417 732 625 595 1976 914 944|0.15 0.09506424150127035 0.016583292376008973 -0.2491311185391598
644 1000 1546 966 920 1132 1662 2143 966 2143 2898 1413 1706 1666|0.15 -0.1966560437267495 0.06323913534493242 0.07294039960943577
2218 952 1035 1600 3000 1000 667 1720 2218 1172 1035 1766 3162 2814|0.15 0.13239274698663817 -0.14099023608523775 0.07410472792588108
1744 581 930 602 1289 1289 602 681 581 553 387 1097 878 1636|0.15 0.051942968892413344 0.08067123442480728 -0.2913375922159367
1132 2143 1662 1546 644 966 2898 1000 920 2143 966 1459 1413 773|0.15 -0.20668876465088415 0.021748193325501486 0.06365204734678276
647 417 647 1075 625 595 732 1875 1386 625 1386 914 1179 1104|0.15 0.06396052120040574 -0.1085988549419048 0.051111666571632686
333 533 573 739 739 345 345 333 317 222 391 1054 938 613|0.15 0.09601928258494263 -0.15363344955449998 -0.09325399679250168
602 681 1289 1744 930 387 581 581 602 553 1289 1498 1838 850|0.15 -0.03186384734300107 -0.1355871070219894 0.05367839373886074
451 1000 1353 776 528 429 451 467 301 467 721 1269 1162 777|0.15 -0.1251012603030932 0.07241797050180576 -0.10156509063501962
1600 1720 3000 2218 1035 1035 2218 952 667 1172 1000 1887 1838 1462|0.15 -0.11606052859900018 0.08517782388221207 -0.1257200219392629
739 333 739 333 573 391 317 533 345 222 345 938 629 859|0.15 0.07233879447107627 -0.1229360036886884 -0.10656470666793538
429 467 451 1353 451 301 721 1000 528 467 776 829 1269 361|0.15 -0.1426264403053601 -0.05752401209049629 0.061755982559261735
966 2143 920 644 1546 2898 966 1000 1662 2143 1132 1776 1413 3055|0.15 0.33752834300451395 0.0410593160756445 0.27464122447256933
1553 2400 1553 1428 1757 2581 1500 1500 3327 4500 3327 2193 2586 3867|0.15 0.2739755613946615 0.3158631381150312 0.017760436825462467
1051 1231 700 1087 2330 2330 1087 1051 3152 1807 1681 1811 1931 2956|0.15 0.01419237508313076 0.10966732595126372 0.17047888100699682
1546 1000 644 1132 1662 966 920 2143 2898 2143 966 1413 2490 1823|0.15 0.34449292598992765 0.2904226065525428 0.039298126136881883
1893 1468 883 569 853 2560 1366 812 1893 853 883 2200 683 2402|0.15 0.12187809072631284 0.2963671325397721 0.29863977655805396
1428 1500 1757 1553 1553 3327 3327 2400 1500 4500 2581 1199 2193 2757|0.15 0.25995188126499036 0.059790988094379216 0.3574751016338862
776 467 528 451 1353 721 301 1000 451 467 429 681 1269 1426|0.15 0.14243547559384728 -0.04497905722760542 0.15375343576724543
569 812 853 1893 883 883 1893 1468 1366 853 2560 1472 1289 1248|0.15 -0.012628239138441355 0.08421436766479884 0.05728375210139136
2218 3000 2218 1172 952 1000 1720 667 1035 1600 1035 2814 1724 1766|0.15 0.05723042508681386 0.010797403121745042 0.04231388096273436
1353 1000 451 429 451 776 528 467 721 467 301 1269 796 851|0.15 0.1211261332418867 0.1094970901581549 -0.06426520574778216
1087 1051 2330 1051 700 1681 3152 1231 1087 1807 2330 1856 840 1536|0.15 -0.006906065918664828 0.06695396694605726 0.08355882686883698
1172 667 952 2218 2218 1035 1035 3000 1720 1600 1000 800 2814 1510|0.15 0.15705362053119343 -0.057110903720062334 0.19284558766801352
573 533 333 739 739 345 345 333 391 222 317 629 938 859|0.15 0.08858088755931082 -0.17125736144216974 -0.059455755725893455
451 1000 1353 451 429 528 776 467 301 467 721 1269 829 361|0.15 0.00956710785633641 -0.03378703602172739 0.03961971004231346
1035 952 2218 3000 1600 667 1000 1720 1035 1172 2218 1838 1887 1462|0.15 -0.0832112448972333 -0.11525110152745155 0.06234117016055363
930 581 1744 1289 602 602 1289 681 387 553 581 1838 1498 850|0.15 0.006589835540888878 0.008041284606612464 -0.07314145826454177
528 467 776 1353 451 301 721 1000 429 467 451 1162 1269 777|0.15 -0.03400404718455485 -0.022086864616023272 0.011826492611686223
739 333 739 573 333 317 391 533 345 222 345 938 1054 613|0.15 0.03620486662003097 -0.12935274655492934 0.0011447244031104198
625 1875 1075 647 647 1386 1386 417 595 625 732 1179 914 1104|0.15 0.09535389177399489 0.06993966382849326 -0.29554413824269044
1289 681 602 930 1744 581 387 581 1289 553 602 878 1097 1636|0.15 0.05018336656451572 -0.2171543235186879 0.09128302316822268
644 1000 1546 1662 1132 920 966 2143 966 2143 2898 1413 1459 773|0.15 -0.3405909307866495 0.10132046630152436 0.08289638345369443
3000 1720 1600 1035 2218 2218 1035 952 1000 1172 667 3162 1766 2814|0.15 -0.03274047516727219 0.07211084019900893 -0.1748372887317584
647 417 647 625 1075 732 595 1875 1386 625 1386 914 1976 944|0.15 0.06366562552883703 -0.20261385372679963 -0.02590316372845347
920 2143 966 1546 644 966 2898 1000 1132 2143 1662 1706 1413 1666|0.15 -0.05885831955474541 0.16917333492144193 0.04924501566814232
451 467 429 451 1353 721 301 1000 776 467 528 796 1269 851|0.15 0.12303222011151638 -0.000277906695428376 0.11291420204506464
2218 3000 2218 952 1172 1720 1000 667 1035 1600 1035 2814 800 1510|0.15 0.18301888471892624 0.19154400471434796 -0.10589900526284834
700 1231 1051 2330 1087 1087 2330 1051 1681 1807 3152 840 1856 1536|0.15 -0.09677842162204908 0.1980151382930706 0.20382000800741595
1353 1000 451 528 776 451 429 467 721 467 301 1269 681 1426|0.15 0.1663443876911086 0.17482960122527924 -0.02600959807109393
883 1468 1893 853 569 1366 2560 812 883 853 1893 1289 1472 1248|0.15 -0.06066199718574139 0.03034189997139558 0.04228147794569592
952 667 1172 2218 2218 1035 1035 3000 1000 1600 1720 1724 2814 1766|0.15 0.15768719620706806 -0.11293817496455083 0.18960128726787318
1662 2143 1132 644 1546 2898 966 1000 966 2143 920 2490 1413 1823|0.15 0.2764154531324081 -0.004058591276457912 0.15768248396017315
853 812 569 883 1893 1893 883 1468 2560 853 1366 683 2200 2402|0.15 0.11012816670430192 0.29661583096560307 0.27169801838104135
1553 2400 1553 1757 1428 1500 2581 1500 3327 4500 3327 2193 1199 2757|0.15 -0.019959420477717593 0.09100740807900909 -0.04396424616964656
1546 1000 644 920 966 1662 1132 2143 2898 2143 966 1413 1776 3055|0.15 0.3683477104673005 0.24515007879457817 0.040958996841859996
2330 1051 1087 700 1051 3152 1681 1231 2330 1807 1087 1931 1811 2956|0.15 0.1589122351818606 0.32686047827475306 0.36697698364544395
1757 1500 1428 1553 1553 3327 3327 2400 2581 4500 1500 2586 2193 3867|0.15 0.27177255927415267 0.062384459010420557 0.3564069132365777
1744 1000 581 602 1289 1000 467 681 930 883 201 1419 878 2010|0.15 -0.03580197161395682 0.19274750348554415 0.09412067212888342
1132 2143 1662 966 335 1546 2898 776 1468 1662 1662 1459 1239 1707|0.15 0.1403675129995463 -0.03654179629954957 0.18127558122795984
803 347 1035 1720 1720 1519 1172 3000 1720 1600 2218 1282 2441 1766|0.15 0.23530981423158126 0.11237131134112399 0.009320565296486727
573 333 573 739 573 268 345 533 506 116 391 814 1153 739|0.15 -0.10689028410911794 0.03047197715962735 0.04710870745007423
721 776 1353 776 528 685 776 467 156 362 451 1559 1162 582|0.15 0.08484299250306249 -0.1219029114515835 0.03966011283497384
602 681 1289 1744 581 201 930 1000 467 883 1000 1498 1419 745|0.15 0.010282832958945498 0.04587071302086354 -0.1040922741830752
581 1000 1744 1000 467 602 1289 883 201 681 930 1419 1288 508|0.15 0.03349799075752946 -0.11478261427072978 0.05152960601699341
739 533 573 573 573 391 506 333 345 116 268 783 814 859|0.15 -0.12169748262183311 0.08348968763056686 0.03499406872103705
883 467 1000 1744 930 201 581 1289 681 602 1000 1288 1366 1027|0.15 0.07575716451487802 0.04313170535638955 -0.12420679214748875
1720 3000 1720 803 1035 2218 1720 347 1172 1600 1519 2441 875 1510|0.15 0.2205927655599793 -0.007276700478120457 0.1426774540673703
1000 883 467 581 1744 930 201 1000 1289 681 602 1027 1419 1366|0.15 -0.0006447926676511617 0.0840878769326392 0.2332490618646288
432 1289 1246 2143 1892 1459 2143 2143 1993 2763 3737 1089 2200 1609|0.15 0.08940851522032611 0.2162597164157387 -0.01639563037323266
966 776 335 1132 1662 1662 1468 2143 2898 1662 1546 845 2490 2358|0.15 -0.13546422761575916 -0.9564985356252065 -0.032514674902095475
1893 1468 883 296 1366 2560 853 1297 1468 1468 685 2200 1508 2005|0.15 -0.013819106475395637 -0.14834202523394513 -0.9864184805818543
4383 4615 3380 2986 2316 4963 6398 2885 4963 8654 4963 5097 2523 6393|0.15 -0.9715008361050725 -0.03435030955235785 -0.1657444357202753
776 467 528 721 1353 451 156 776 776 362 685 681 1059 1101|0.15 -0.07693398330992918 0.005206317862327392 0.13314733392057354
1075 1875 1386 732 950 1075 1075 217 502 625 647 1468 807 1104|0.15 0.13521481771441968 -0.07563124178901148 0.014305391934830158
296 1297 1366 1893 883 685 1468 1468 853 1468 2560 1102 1289 746|0.15 0.038164915807494815 0.12214826754979313 -0.09655896589624402
1744 1289 930 883 1000 1000 681 467 581 602 201 2010 1027 1419|0.15 -0.08225386384328681 0.13219037946251788 0.034786965228952305
732 217 950 1075 1386 647 502 1875 1075 625 1075 1104 2161 944|0.15 0.11876698813597875 0.03759884136026015 -0.07968539229784688
528 1132 1132 1053 228 658 1974 771 681 1132 1460 1163 1163 844|0.15 0.03681135851002271 -0.10142421567907123 0.10924217400626768
2143 2143 1892 432 1246 3737 1993 1289 2143 2763 1459 2760 1597 3041|0.15 -0.1560329141246719 -0.010629298382557328 -0.9454942687803547
2986 2885 2316 4383 3380 4963 4963 4615 6398 8654 4963 3699 3726 7436|0.15 -0.9948330747633072 -0.19429984887862517 -0.016734961389111014
1053 771 228 528 1132 1460 681 1132 1974 1132 658 850 1459 2276|0.15 -0.03482583176385612 -0.946914414491663 -0.14619600160893365
1075 1875 625 502 502 1075 1075 417 950 625 848 1976 818 1104|0.15 0.09679193612792236 0.03711154857375387 -0.38853585651158484
830 1000 1993 1246 1690 1892 2143 2143 1246 2143 3737 1629 2479 2462|0.15 -0.1666585384840047 0.0577450107483779 0.00761911512378477
1720 1357 803 1600 3000 1000 667 1720 1720 1519 803 1990 3162 2441|0.15 0.18998451212035805 -0.08037017152916714 0.05408866697530934
1744 581 930 467 1000 1000 467 883 581 789 387 1097 1027 1419|0.15 0.10802896263520045 0.046626312412341164 -0.07761142386580988
1892 2143 2143 1993 830 1246 3737 1000 1690 2143 1246 2200 1629 1563|0.15 -0.002624601254517245 0.016238549482254783 0.028226648616742622
502 417 502 1075 625 848 950 1875 1075 625 1075 818 1179 1244|0.15 0.06983942133417687 -0.12030928485883163 0.10394853000067261
333 533 573 573 573 268 268 333 452 222 506 1054 814 427|0.15 0.057500220564250526 -0.04489621929712251 -0.1600145520273888
467 883 1000 1744 930 387 581 581 467 789 1000 1288 1838 760|0.15 0.03345166767227292 0.012919187948086108 -0.03404569844396854
581 1000 1744 1000 883 789 581 467 387 467 930 1419 1288 1149|0.15 -0.0505807168633754 0.08276781346955753 -0.1769597663595901
1600 1720 3000 1720 803 803 1720 1357 667 1519 1000 1887 1282 1308|0.15 0.006960270309466221 0.01856142887415313 -0.0903176328589328
573 333 573 333 573 506 452 533 268 222 268 814 629 739|0.15 0.04328203302064626 0.00929610583379592 -0.13853923175618732
789 467 581 1744 581 387 930 1000 883 467 1000 745 1419 730|0.15 -0.09605098949677426 -0.035657450302070126 0.04307031758237212
1246 2143 1690 830 1993 3737 1246 1000 2143 2143 1892 1597 1629 3939|0.15 0.20013542482707702 0.1438446370767399 0.25419465727657187
1204 2400 1204 2036 2279 2581 1500 1500 2581 4500 2581 1962 2966 3324|0.15 0.1595594572973802 0.23899366272937872 0.03570238406490622
737 1120 491 592 1268 1268 592 737 2210 1268 1179 1457 945 1799|0.15 0.036494925530301536 0.1399762196206411 0.1879556967066942
1993 1000 830 1892 2143 1246 1690 2143 3737 2143 1246 1629 2760 2350|0.15 0.3550966668935085 0.2704927186274353 0.07290691330809285
1132 1132 528 439 658 1974 1053 893 1132 658 528 1459 826 1607|0.15 -0.0026886745085952235 0.19430737177081214 0.1110943953042276
2036 1500 2279 1204 1204 2581 2581 2400 1500 4500 2581 1883 1962 1924|0.15 0.06680850734840593 0.004189630183333293 0.1433573214504258
1000 467 883 581 1744 930 387 1000 581 467 789 1027 1419 1838|0.15 0.17367409305198533 -0.16894040715527137 0.12596288977633208
439 893 658 1132 528 528 1132 1132 1053 658 1974 1301 1163 861|0.15 0.016695324974873582 0.06957787294731066 0.014357125808381888
1720 3000 1720 1519 1357 1000 1720 667 803 1600 803 2441 1977 1990|0.15 0.169517134719821 0.1739716936592295 -0.05768925572047112
1744 1000 581 789 581 1000 883 467 930 467 387 1419 1157 1097|0.15 0.2017121686025214 0.19519629964542595 -0.08189333132496812
592 737 1268 737 491 1179 2210 1120 592 1268 1268 1466 925 964|0.15 -0.08888902638630958 0.18026574509391935 0.13015288117101065
1519 667 1357 1720 1720 803 803 3000 1720 1600 1000 1255 2441 1766|0.15 0.09274860844425303 -0.010518133652559492 0.09877083961679523
1744 1000 581 533 1000 1000 533 881 1744 881 581 1419 1027 2010|0.15 0 0 0
1652 1875 1875 1090 1090 3269 3269 1000 1652 1875 1875 1925 1479 2508|0.15 0 0 0
918 1000 918 1720 1720 1516 1516 3000 1720 3000 1720 1357 2441 1766|0.15 0 0 0
573 333 573 573 573 306 306 1000 505 333 505 814 1153 767|0.15 0 0 0
1744 1000 1744 1000 881 881 1000 533 581 533 581 2010 1338 1338|0.15 0 0 0
533 881 1000 1744 581 581 1744 1000 533 881 1000 1338 1419 789|0.15 0 0 0
581 1000 1744 1000 533 533 1000 881 581 881 1744 1419 1338 789|0.15 0 0 0
573 1000 573 573 573 505 505 333 306 333 306 1153 814 767|0.15 0 0 0
881 533 1000 1744 1744 581 581 1000 881 533 1000 1338 2010 1338|0.15 0 0 0
1720 3000 1720 918 918 1720 1720 1000 1516 3000 1516 2441 1357 1766|0.15 0 0 0
1000 881 533 581 1744 1744 581 1000 1000 881 533 1027 1419 2010|0.15 0 0 0
1090 1000 1090 1875 1652 1652 1875 1875 3269 1875 3269 1479 1925 2508|0.15 0 0 0
1090 1000 1090 1652 1875 1875 1652 1875 3269 1875 3269 1479 2508 2661|0.15 0 0 0
1135 1135 605 660 1979 1979 660 1000 1135 1135 605 1518 1518 2281|0.15 0 0 0
1516 3000 1516 918 918 1720 1720 1000 1720 3000 1720 2302 1357 2301|0.15 0 0 0
1000 533 881 1744 1744 581 581 1000 1000 533 881 1027 2010 1419|0.15 0 0 0
573 1000 573 505 505 573 573 333 306 333 306 1153 767 589|0.15 0 0 0
660 1000 1979 1135 605 605 1135 1135 660 1135 1979 1518 1165 895|0.15 0 0 0
1744 1000 1744 881 1000 1000 881 533 581 533 581 2010 1027 1419|0.15 0 0 0
505 333 505 573 573 306 306 1000 573 333 573 767 1153 589|0.15 0 0 0
605 1135 1135 1979 660 660 1979 1000 605 1135 1135 1165 1518 895|0.15 0 0 0
1875 1875 1652 1090 1090 3269 3269 1000 1875 1875 1652 2508 1479 2661|0.15 0 0 0
918 1000 918 1516 1516 1720 1720 3000 1720 3000 1720 1357 2302 2301|0.15 0 0 0
1979 1000 660 605 1135 1135 605 1135 1979 1135 660 1518 1518 2281|0.15 0 0 0
1875 1000 1875 2405 2842 2842 2405 1875 5625 1875 5625 2125 3547 4316|0.15 0 0 0
780 1182 416 780 2339 2339 780 1000 780 1182 416 1475 1681 2466|0.15 0 0 0
1282 3000 1282 533 533 1000 1000 1000 1516 3000 1516 2155 1133 1892|0.15 0 0 0
533 1000 533 1516 1516 1282 1282 3000 1000 3000 1000 1133 2302 1196|0.15 0 0 0
1979 1000 660 352 660 660 352 846 1979 846 660 1518 789 2086|0.15 0 0 0
2405 1875 2842 1875 1875 5625 5625 1000 2405 1875 2842 2243 2125 4041|0.15 0 0 0
1875 1000 1875 2842 2405 2405 2842 1875 5625 1875 5625 2125 2243 4041|0.15 0 0 0
1516 3000 1516 533 533 1000 1000 1000 1282 3000 1282 2302 1133 1196|0.15 0 0 0
660 846 352 660 1979 1979 660 1000 660 846 352 789 1518 2086|0.15 0 0 0
533 1000 533 1282 1282 1516 1516 3000 1000 3000 1000 1133 2155 1892|0.15 0 0 0
2842 1875 2405 1875 1875 5625 5625 1000 2842 1875 2405 3547 2125 4316|0.15 0 0 0
2339 1000 780 416 780 780 416 1182 2339 1182 780 1681 1475 2466|0.15 0 0 0
780 1000 2339 780 416 416 780 1182 780 1182 2339 1681 933 884|0.15 0 0 0
1516 533 1282 3000 3000 1000 1000 1000 1516 533 1282 1196 3162 2302|0.15 0 0 0
333 1000 333 427 427 505 505 333 178 333 178 1054 718 399|0.15 0 0 0
352 846 660 1979 660 660 1979 1000 352 846 660 1248 1518 748|0.15 0 0 0
505 333 505 333 333 178 178 1000 427 333 427 767 1054 631|0.15 0 0 0
3000 1000 3000 1516 1282 1282 1516 533 1000 533 1000 3162 1892 2155|0.15 0 0 0
660 1000 1979 660 352 352 660 846 660 846 1979 1518 1248 748|0.15 0 0 0
333 1000 333 505 505 427 427 333 178 333 178 1054 767 631|0.15 0 0 0
1282 533 1516 3000 3000 1000 1000 1000 1282 533 1516 1892 3162 2155|0.15 0 0 0
416 1182 780 2339 780 780 2339 1000 416 1182 780 933 1681 884|0.15 0 0 0
427 333 427 333 333 178 178 1000 505 333 505 718 1054 399|0.15 0 0 0
3000 1000 3000 1282 1516 1516 1282 533 1000 533 1000 3162 1196 2302|0.15 0 0 0
1172 1000 1172 1503 2089 2089 1503 1875 3516 1875 3516 1541 2940 2913|0.15 0 0 0
1248 1390 665 780 2339 2339 780 1000 1248 1390 665 1956 1681 2651|0.15 0 0 0
1282 3000 1282 853 853 1600 1600 1000 1783 3000 1783 2155 1315 2509|0.15 0 0 0
853 1000 853 1783 1783 1282 1282 3000 1600 3000 1600 1315 2486 1122|0.15 0 0 0
1683 1000 561 479 898 898 479 719 1683 719 561 1394 629 1907|0.15 0 0 0
1503 1875 2089 1172 1172 3516 3516 1000 1503 1875 2089 1314 1541 2526|0.15 0 0 0
1172 1000 1172 2089 1503 1503 2089 1875 3516 1875 3516 1541 1314 2526|0.15 0 0 0
1783 3000 1783 853 853 1600 1600 1000 1282 3000 1282 2486 1315 1122|0.15 0 0 0
898 719 479 561 1683 1683 561 1000 898 719 479 629 1394 1907|0.15 0 0 0
853 1000 853 1282 1282 1783 1783 3000 1600 3000 1600 1315 2155 2509|0.15 0 0 0
2089 1875 1503 1172 1172 3516 3516 1000 2089 1875 1503 2940 1541 2913|0.15 0 0 0
2339 1000 780 665 1248 1248 665 1390 2339 1390 780 1681 1956 2651|0.15 0 0 0
780 1000 2339 1248 665 665 1248 1390 780 1390 2339 1681 875 1025|0.15 0 0 0
1114 533 802 1875 1875 625 625 1000 1114 533 802 701 2125 1553|0.15 0 0 0
533 1000 533 427 427 594 594 333 284 333 284 1133 718 374|0.15 0 0 0
479 719 898 1683 561 561 1683 1000 479 719 898 1407 1394 737|0.15 0 0 0
594 333 594 533 533 284 284 1000 427 333 427 829 1133 836|0.15 0 0 0
1875 1000 1875 1114 802 802 1114 533 625 533 625 2125 1568 1347|0.15 0 0 0
561 1000 1683 898 479 479 898 719 561 719 1683 1394 1407 737|0.15 0 0 0
533 1000 533 594 594 427 427 333 284 333 284 1133 829 836|0.15 0 0 0
802 533 1114 1875 1875 625 625 1000 802 533 1114 1568 2125 1347|0.15 0 0 0
665 1390 1248 2339 780 780 2339 1000 665 1390 1248 875 1681 1025|0.15 0 0 0
427 333 427 533 533 284 284 1000 594 333 594 718 1133 374|0.15 0 0 0
1875 1000 1875 802 1114 1114 802 533 625 533 625 2125 701 1553|0.15 0 0 0
625 1000 625 502 292 502 647 592 217 592 217 1179 1042 363|0.15 0 0 0
1179 581 1993 1246 432 432 1246 1289 1179 1000 1993 2076 1089 1256|0.15 0 0 0
1035 347 803 1600 1600 947 947 1000 803 347 467 875 1887 1790|0.15 0 0 0
1600 1000 1600 467 803 1035 803 347 947 347 947 1887 581 1241|0.15 0 0 0
743 1720 2143 3429 2029 2029 3429 1720 743 2218 2143 1246 2262 2160|0.15 0 0 0
502 592 292 625 625 217 217 1000 647 592 502 660 1179 547|0.15 0 0 0
625 1000 625 502 647 502 292 592 217 592 217 1179 776 802|0.15 0 0 0
467 347 803 1600 1600 947 947 1000 803 347 1035 1104 1887 1055|0.15 0 0 0
1179 1289 1993 1246 432 432 1246 581 1179 1000 1993 1546 1374 1256|0.15 0 0 0
1600 1000 1600 1035 803 467 803 347 947 347 947 1887 1282 1667|0.15 0 0 0
502 592 647 625 625 217 217 1000 292 592 502 1119 1179 690|0.15 0 0 0
335 776 966 1546 915 915 1546 776 335 451 966 1239 1729 974|0.15 0 0 0
1246 1289 432 1179 1993 1993 1179 581 1246 1000 432 1597 1315 2350|0.15 0 0 0
493 1690 848 366 366 1056 1056 1000 848 1690 1093 1115 1065 1166|0.15 0 0 0
2731 1000 2731 2316 2986 2316 1346 2885 4615 2885 4615 2908 3699 3581|0.15 0 0 0
3429 1720 2029 743 2143 2143 743 1720 3429 2218 2029 3571 2365 4043|0.15 0 0 0
2316 2885 1346 2731 2731 4615 4615 1000 2986 2885 2316 3183 2908 5164|0.15 0 0 0
366 1000 366 493 848 1093 848 1690 1056 1690 1056 1065 1761 1355|0.15 0 0 0
1246 581 432 1179 1993 1993 1179 1289 1246 1000 432 724 2230 2350|0.15 0 0 0
2731 1000 2731 2316 1346 2316 2986 2885 4615 2885 4615 2908 1677 4808|0.15 0 0 0
1093 1690 848 366 366 1056 1056 1000 848 1690 493 1891 1065 924|0.15 0 0 0
1546 776 915 335 966 966 335 776 1546 451 915 1199 845 1823|0.15 0 0 0
2316 2885 2986 2731 2731 4615 4615 1000 1346 2885 2316 2523 2908 3045|0.15 0 0 0
366 1000 366 1093 848 493 848 1690 1056 1690 1056 1065 1311 614|0.15 0 0 0
1744 1000 581 271 581 1000 467 1047 930 883 201 1419 1157 1097|0.15 -0.0385219144933191 0.17440946128289392 0.17447486678334734
3860 2143 3687 2143 743 3429 6429 1720 3256 3687 3687 4264 1246 3458|0.15 0.11276185261969163 -0.014294013342835976 0.22883311080408308
803 347 467 1720 1720 1519 1801 3000 1720 1600 1000 581 2441 1766|0.15 0.22532042287338738 0.12108585546897199 -0.017818774986489982
573 333 573 333 573 268 156 533 506 116 600 814 629 739|0.15 -0.10538694131246862 0.02686708308296204 0.039698320386838404
1600 1720 3000 1720 1801 1519 1720 467 347 803 1000 1887 1783 2014|0.15 0.07405549232701203 -0.12059290670721201 0.03863420367191228
271 1047 581 1744 581 201 930 1000 467 883 1000 1036 1419 338|0.15 0.0229147553501452 0.06837313411298895 -0.11512015470189096
581 1000 1744 1000 467 271 581 883 201 1047 930 1419 1288 641|0.15 -0.0014518495494642014 -0.09465312102634571 0.03794906560560252
333 533 573 573 573 600 506 333 156 116 268 1054 814 594|0.15 -0.11408782375299742 0.0628144929682195 0.02370430199894802
883 467 1000 1744 930 201 581 581 1047 271 1000 1288 1838 938|0.15 0.05437928920134727 0.01816895697429821 -0.10822349819473165
1720 3000 1720 803 467 1000 1720 347 1801 1600 1519 2441 1104 1990|0.15 0.19954239234333038 -0.020789637403150207 0.1420827244738998
1000 883 467 581 1744 930 201 1000 581 1047 271 1027 1419 1838|0.15 -0.03771334986233055 0.17248949729367968 0.17920386804366695
432 581 1246 2143 1892 2243 2143 2143 1993 1246 3737 1374 2200 2509|0.15 0.15817813093819577 0.21159497654351433 -0.007508170812053905
2143 1720 743 3860 3687 3687 3256 2143 6429 3687 3429 2365 3820 5231|0.15 -0.11685455865942829 -0.886482639662054 -0.012197245589503636
555 955 259 192 888 1666 555 844 955 955 446 990 896 1756|0.15 -0.02295591047303147 -0.137403655710705 -0.9575851015222969
4383 4615 5196 1346 2316 4963 2885 2885 4963 8654 4963 4655 3183 6393|0.15 -1.0246541269311438 -0.02898413257189203 -0.17775209660644276
1720 467 1801 1600 3000 1000 347 1720 1720 803 1519 1990 3162 2441|0.15 -0.08337283726331579 0.031720857109285294 0.1260719272063815
1075 1875 625 1126 950 1075 1075 217 502 625 292 1976 1259 1104|0.15 0.14399146824328968 -0.06436326314513297 0.013852286121127655
192 844 888 555 259 446 955 955 555 955 1666 1118 1105 613|0.15 0.024017125352495672 0.12526717490408235 -0.08205347768943327
1744 581 930 883 1000 1000 1047 467 581 271 201 1097 1027 1419|0.15 -0.08381143536536406 0.12520085451328988 0.028165014585723736
1126 217 950 1075 625 292 502 1875 1075 625 1075 1009 1179 1244|0.15 0.13327212964353796 0.021557604809152586 -0.0683599941585078
528 1132 1132 1053 228 658 1974 1185 307 1132 658 1163 1062 383|0.15 0.01703189341344391 -0.06534979131021856 0.14126086706139684
2143 2143 1892 432 1246 3737 1993 581 2143 1246 2243 2760 724 3041|0.15 -0.13349398770529874 -0.021105683124270636 -0.9165388233702843
1346 2885 2316 4383 5196 4963 4963 4615 2885 8654 4963 1677 5811 5142|0.15 -0.916239284086533 -0.12253135999827913 -0.033542217523970796
1053 1185 228 528 1132 658 307 1132 1974 1132 658 1326 1459 1242|0.15 -0.01635418118584031 -0.971037210865553 -0.15265382389468285
333 1000 333 573 573 573 573 1000 1000 1000 1000 1054 1153 814|0.2 0 0 0
1744 1000 1744 581 1744 1744 581 1000 1744 1000 1744 2010 1419 2466|0.2 0 0 0
1720 3000 1720 3000 3000 3000 3000 1000 1720 3000 1720 2441 3162 3458|0.2 0 0 0
3000 1000 3000 1720 1720 1720 1720 3000 3000 3000 3000 3162 2441 3458|0.2 0 0 0
1744 1000 581 1744 1744 1744 1744 1000 1744 1000 581 1419 2010 2466|0.2 0 0 0
573 1000 573 333 333 1000 1000 1000 573 1000 573 1153 1054 814|0.2 0 0 0
333 1000 333 573 573 573 573 1000 1000 1000 1000 1054 1153 814|0.2 0 0 0
1720 3000 1720 3000 3000 3000 3000 1000 1720 3000 1720 2441 3162 3458|0.2 0 0 0
1744 1000 1744 581 1744 1744 581 1000 1744 1000 1744 2010 1419 2466|0.2 0 0 0
3000 1000 3000 1720 1720 1720 1720 3000 3000 3000 3000 3162 2441 3458|0.2 0 0 0
573 1000 573 333 333 1000 1000 1000 573 1000 573 1153 1054 814|0.2 0 0 0
1744 1000 581 1744 1744 1744 1744 1000 1744 1000 581 1419 2010 2466|0.2 0 0 0
581 1000 1744 1744 1744 1744 1744 1000 581 1000 1744 1419 2010 1838|0.2 0 0 0
573 1000 573 1000 1000 333 333 1000 573 1000 573 1153 1414 814|0.2 0 0 0
1000 1000 1000 573 573 573 573 333 1000 333 1000 1414 814 1153|0.2 0 0 0
1744 1000 1744 1744 581 581 1744 1000 1744 1000 1744 2010 1419 1838|0.2 0 0 0
573 333 573 1000 1000 1000 1000 1000 573 333 573 814 1414 1153|0.2 0 0 0
1000 1000 1000 573 573 573 573 1000 333 1000 333 1414 1153 814|0.2 0 0 0
581 1000 1744 1744 1744 1744 1744 1000 581 1000 1744 1419 2010 1838|0.2 0 0 0
1000 1000 1000 573 573 573 573 333 1000 333 1000 1414 814 1153|0.2 0 0 0
573 1000 573 1000 1000 333 333 1000 573 1000 573 1153 1414 814|0.2 0 0 0
1744 1000 1744 1744 581 581 1744 1000 1744 1000 1744 2010 1419 1838|0.2 0 0 0
573 333 573 1000 1000 1000 1000 1000 573 333 573 814 1414 1153|0.2 0 0 0
1000 1000 1000 573 573 573 573 1000 333 1000 333 1414 1153 814|0.2 0 0 0
1744 1000 581 403 755 755 403 746 872 746 116 1419 595 1446|0.2 -0.0357693778977386 0.21881344085682652 0.10542537316595046
1853 1875 2483 1443 289 2165 4330 1000 1853 1875 2483 1477 1190 2014|0.2 0.1090878317248567 -0.026873352482552626 0.2593382431119462
693 200 693 1720 1720 1284 1284 3000 1299 1500 1299 825 2441 1023|0.2 0.23316426172205196 0.10590070261300877 -0.014577878571447878
573 333 573 433 433 231 231 500 428 67 428 814 829 772|0.2 -0.12792307792117485 0.030106857550862287 0.07712848644923387
1155 1000 2309 1324 988 988 1324 533 154 533 770 1915 1782 1074|0.2 0.019651067402037814 -0.10268071261383849 -0.007497925151633833
403 746 755 1744 581 116 872 1000 403 746 755 1346 1419 479|0.2 0.01829806877920115 0.019155574399831732 -0.10771264668982372
581 1000 1744 755 403 403 755 746 116 746 872 1419 1346 479|0.2 0.021528666306951383 -0.12368497975172144 0.03770107087368357
433 500 433 573 573 428 428 333 231 67 231 829 814 772|0.2 -0.13252961681144093 0.07884021651659356 0.043670699684497105
988 533 1324 2309 1155 154 770 1000 988 533 1324 1782 1915 1074|0.2 0.03304975063200599 0.020607239800107813 -0.11187675045587375
1720 3000 1720 693 693 1299 1299 200 1284 1500 1284 2441 825 1023|0.2 0.29482125506761436 0.005502677640922826 0.03279840747849594
755 746 403 581 1744 872 116 1000 755 746 403 595 1419 1446|0.2 0.03538720083400282 0.056882365458368334 0.3083655705924926
289 1000 1443 2483 1853 1853 2483 1875 2165 1875 4330 1190 1477 2014|0.2 0.030730846248288035 0.2868210600951704 0.00017666643588487574
1443 1000 289 1853 2483 2483 1853 1875 4330 1875 2165 1190 3342 3524|0.2 -0.17941130473200895 -1.8703126906112666 -0.02150921590683752
1012 1340 540 156 1169 2337 779 1000 1012 1340 540 1804 1087 1938|0.2 -0.028117248277755857 -0.16206593807532532 -1.929086094093786
6418 7500 6418 3464 3464 6495 6495 5000 8602 15000 8602 6978 4123 11576|0.2 -1.7718078583603603 -0.010840680957163729 -0.11138553589369327
1324 533 988 1155 2309 770 154 1000 1324 533 988 788 1915 1879|0.2 -0.08007321002479806 0.01912833035753625 0.1551278185003846
866 2000 866 856 856 1147 1147 133 462 667 462 1658 930 682|0.2 0.15341238396707535 -0.06548196429568498 0.03776176686828503
156 1000 1169 1012 540 540 1012 1340 779 1340 2337 1087 797 642|0.2 -0.007095650075621407 0.2009937018125485 -0.02124943692277448
2309 1000 1155 988 1324 1324 988 533 770 533 154 1915 788 1879|0.2 -0.023747783926689747 0.1945242313065565 -0.023333340008837578
856 133 856 866 866 462 462 2000 1147 667 1147 930 1658 682|0.2 0.1411801501815746 0.02754303255336321 -0.08723978511018915
540 1340 1012 1169 156 779 2337 1000 540 1340 1012 797 1087 642|0.2 0.02090253015295751 -0.07074569160706146 0.1668832121152053
2483 1875 1853 289 1443 4330 2165 1000 2483 1875 1853 3342 1190 3524|0.2 -0.0833430317372219 -0.020421744764794747 -1.8070359295248917
3464 5000 3464 6418 6418 8602 8602 7500 6495 15000 6495 4123 6978 11576|0.2 -1.6750608782379794 -0.039894649126488435 0.0023009998757084205
1169 1000 156 540 1012 1012 540 1340 2337 1340 779 1087 1804 1938|0.2 -0.013346077120145461 -1.6112777127596212 -0.055479369771987974
1316 1000 459 1875 2432 2432 1875 1875 5049 1875 3442 1266 3246 3544|0.2 -0.29831511541651645 -1.4830646778775225 -0.08056528602862989
1000 1297 533 245 1836 2693 702 1000 1000 1297 533 1731 1204 2438|0.2 -0.017134745837178444 -0.23457786881020737 -1.2227354836828364
4085 7500 4085 2179 2179 4085 4085 2867 5299 11000 5299 4918 2759 7071|0.2 -1.4126578535639378 -0.061686366324186226 -0.28289755589475885
760 349 760 1849 1849 1425 1425 3837 1425 2616 1425 963 2693 1237|0.2 0.13048643550853223 0.23086170221204405 -0.08877819609683923
2076 1000 541 411 771 771 411 771 1415 771 189 1457 669 1879|0.2 -0.07193715481320528 0.15146154050542426 0.21385638045255728
1875 1875 2432 1316 459 3442 5049 1000 1875 1875 2432 1627 1266 2257|0.2 0.22621060595048093 -0.059827930067439805 0.17281955080240108
459 1000 1316 2432 1875 1875 2432 1875 3442 1875 5049 1266 1627 2257|0.2 0.23944546277703704 0.09999825327412282 -0.10783655664303504
1849 3837 1849 760 760 1425 1425 349 1425 2616 1425 2693 963 1237|0.2 0.11624768561118382 -0.10391071496736237 0.217046186150609
771 771 411 541 2076 1415 189 1000 771 771 411 669 1457 1879|0.2 -0.09852904004975627 0.23436714729885288 0.10852383253794784
2179 2867 2179 4085 4085 5299 5299 7500 4085 11000 4085 2759 4918 7071|0.2 -1.4833801047848916 -0.28511248728424365 -0.0895797359796402
2432 1875 1875 459 1316 5049 3442 1000 2432 1875 1875 3246 1266 3544|0.2 -0.28938076366173293 -0.07890207505873215 -1.4442243472069582
1836 1000 245 533 1000 1000 533 1297 2693 1297 702 1204 1731 2438|0.2 -0.07323583633251474 -1.418354818366705 -0.28016390144324665
245 1000 1836 1000 533 533 1000 1297 702 1297 2693 1204 868 675|0.2 0.09994741584359534 0.045896228032151765 -0.16352536148838248
1297 533 1000 1836 2693 702 245 1000 1297 533 1000 868 2438 1890|0.2 -0.16093375477596705 0.09732627582192288 0.04460686740510589
545 1467 545 545 545 707 707 133 290 382 290 1328 656 473|0.2 0.04548668880887119 -0.15367130599487466 0.09215212440117693
411 771 771 2076 541 189 1415 1000 411 771 771 1334 1457 521|0.2 0.10603732665318777 0.1093451053408323 -0.14078604909507741
482 261 482 371 371 198 198 682 371 91 371 702 905 643|0.2 -0.13045724614056953 0.08853382248830144 0.10194727774428314
1836 1000 2693 1297 1000 1000 1297 533 245 533 702 2438 1731 1204|0.2 0.1235360400026364 -0.13741018029543972 0.0921163864097374
541 1000 2076 771 411 411 771 771 189 771 1415 1457 1334 521|0.2 0.04851037355453558 -0.12193364955015662 0.11999891660619655
371 682 371 482 482 371 371 261 198 91 198 905 702 643|0.2 -0.13547510172207455 0.12057739043337401 0.07822871633350825
1000 533 1297 2693 1836 245 702 1000 1000 533 1297 1731 2438 1204|0.2 0.10996865087338437 0.08667631437171197 -0.13276432339327848
533 1297 1000 1836 245 702 2693 1000 533 1297 1000 868 1204 675|0.2 0.06620107456478896 -0.14773041829401867 0.0601891577433622
545 133 545 545 545 290 290 1467 707 382 707 656 1328 473|0.2 0.04784283783713983 0.09366403845512794 -0.16082541934615668
2693 1000 1836 1000 1297 1297 1000 533 702 533 245 2438 868 1890|0.2 -0.16112380443845886 0.058185279536768775 0.07386998204315542
625 1000 625 573 573 573 573 333 625 333 625 1179 814 848|0.2 0 0 0
581 1000 1744 1090 1090 1090 1090 1000 581 1000 1744 1419 1479 1235|0.2 0 0 0
918 1000 918 1600 1600 533 533 1000 918 1000 918 1357 1887 1302|0.2 0 0 0
1600 1000 1600 918 918 918 918 1000 533 1000 533 1887 1357 1302|0.2 0 0 0
1090 1000 1090 1744 581 581 1744 1000 1090 1000 1090 1479 1419 1235|0.2 0 0 0
573 333 573 625 625 625 625 1000 573 333 573 814 1179 848|0.2 0 0 0
625 1000 625 573 573 573 573 333 625 333 625 1179 814 848|0.2 0 0 0
918 1000 918 1600 1600 533 533 1000 918 1000 918 1357 1887 1302|0.2 0 0 0
581 1000 1744 1090 1090 1090 1090 1000 581 1000 1744 1419 1479 1235|0.2 0 0 0
1600 1000 1600 918 918 918 918 1000 533 1000 533 1887 1357 1302|0.2 0 0 0
573 333 573 625 625 625 625 1000 573 333 573 814 1179 848|0.2 0 0 0
1090 1000 1090 1744 581 581 1744 1000 1090 1000 1090 1479 1419 1235|0.2 0 0 0
1090 1000 1090 581 1744 1744 581 1000 1090 1000 1090 1479 1419 2056|0.2 0 0 0
1720 3000 1720 1875 1875 1875 1875 1000 1720 3000 1720 2441 2125 2545|0.2 0 0 0
533 1000 533 918 918 918 918 1000 1600 1000 1600 1133 1357 1302|0.2 0 0 0
1744 1000 581 1090 1090 1090 1090 1000 1744 1000 581 1419 1479 2056|0.2 0 0 0
918 1000 918 533 533 1600 1600 1000 918 1000 918 1357 1133 1302|0.2 0 0 0
1875 1000 1875 1720 1720 1720 1720 3000 1875 3000 1875 2125 2441 2545|0.2 0 0 0
1090 1000 1090 581 1744 1744 581 1000 1090 1000 1090 1479 1419 2056|0.2 0 0 0
533 1000 533 918 918 918 918 1000 1600 1000 1600 1133 1357 1302|0.2 0 0 0
1720 3000 1720 1875 1875 1875 1875 1000 1720 3000 1720 2441 2125 2545|0.2 0 0 0
1744 1000 581 1090 1090 1090 1090 1000 1744 1000 581 1419 1479 2056|0.2 0 0 0
918 1000 918 533 533 1600 1600 1000 918 1000 918 1357 1133 1302|0.2 0 0 0
1875 1000 1875 1720 1720 1720 1720 3000 1875 3000 1875 2125 2441 2545|0.2 0 0 0
1000 1000 1000 1299 693 87 693 817 817 817 817 1414 1510 1052|0.2 0.025005445829187067 0.028581995924281678 -0.13911813982025345
629 533 770 770 629 629 770 533 629 67 770 1162 1162 630|0.2 -0.11977037780866229 -0.009687766480067639 0.02887214159368101
693 817 1299 1000 1000 817 817 1000 87 817 693 1510 1414 1052|0.2 -0.004833412760952838 -0.1189651421381488 0.010693016393572563
1000 1000 1000 693 87 693 1299 817 817 817 817 1414 1052 825|0.2 -0.02880989261090483 0.02721691975262175 0.24791234070079993
1179 125 1443 1443 1179 1179 1443 1875 1179 1000 1443 1519 1573 2041|0.2 0.20720834289228218 0.030876103391885845 -0.036890359055177235
1299 817 693 1000 1000 817 817 1000 693 817 87 1090 1414 1510|0.2 0.02816489059997318 0.23206664275998046 0.00066116364737967
1000 1000 1000 87 693 1299 693 817 817 817 817 1414 825 1090|0.2 0.044509684116480486 0.02465381651682863 -1.557678945177119
693 817 87 1000 1000 817 817 1000 1299 817 693 825 1414 1090|0.2 -0.061572305175655595 -1.9668549378873446 -0.014383647137348188
9434 8000 11547 11547 9434 9434 11547 8000 9434 15000 11547 9522 9522 9452|0.2 -2.0150566718906426 -0.020431828008743436 0.00872177578810307
1000 1000 1000 693 1299 693 87 817 817 817 817 1414 1090 1510|0.2 -0.03325451271208535 0.030337752615527958 0.19506603274778156
87 817 693 1000 1000 817 817 1000 693 817 1299 1052 1414 825|0.2 -0.013174704276972538 0.19865343523122192 -0.03408127656285731
1179 1875 1443 1443 1179 1179 1443 125 1179 1000 1443 1573 1519 2041|0.2 0.22208739586816906 -0.025769432900326628 0.0042447769135200986
770 533 629 629 770 770 629 533 770 67 629 839 839 1089|0.2 -0.09103635619818085 -0.05151939246271997 -0.06350805652614477
848 1224 1590 1000 1000 1224 1224 1000 106 1224 848 1334 1002 1009|0.2 0.058095529290882464 -0.1418277998205708 0.036859473839299106
1000 1000 1000 1590 848 106 848 1224 1224 1224 1224 1002 1334 1009|0.2 0.03638508106173388 0.05266537186572329 -0.1390416291418528
1443 1875 1179 1179 1443 1443 1179 125 1443 1000 1179 2179 1190 2041|0.2 0.24381716658701036 0.007260528160992763 0.002573412436426281
106 1224 848 1000 1000 1224 1224 1000 848 1224 1590 1009 1731 1288|0.2 -0.03479142947494518 0.2502451867137734 -0.002753802578567832
1000 1000 1000 848 1590 848 106 1224 1224 1224 1224 1731 1848 1334|0.2 0.004331317850769789 0.04613696339725415 0.19431110797751616
11547 8000 9434 9434 11547 11547 9434 8000 11547 15000 9434 12152 12152 16330|0.2 -1.4003363488199327 0.06589347671027479 0.06242830573141456
1000 1000 1000 106 848 1590 848 1224 1224 1224 1224 1002 1288 1848|0.2 -0.06223358728965067 -0.05112938742530826 -2.2645542664828753
848 1224 106 1000 1000 1224 1224 1000 1590 1224 848 1288 1002 1848|0.2 -0.039028634511186766 -1.9125824120961676 -0.056037293078322614
1443 125 1179 1179 1443 1443 1179 1875 1443 1000 1179 1190 2179 2041|0.2 0.2367038535206878 -0.037678047691982464 0.004559148872544938
1590 1224 848 1000 1000 1224 1224 1000 848 1224 106 1848 1731 1334|0.2 -0.029221175699561952 0.21435459887525266 -0.003676810964280408
1000 1000 1000 848 106 848 1590 1224 1224 1224 1224 1731 1009 1288|0.2 0.011554991767763756 0.02240029862275339 0.21491455678389393
1102 1000 245 1000 1000 1000 1000 1000 2693 1000 1836 1127 1731 1992|0.2 -0.11374423528711763 -1.5716835567524423 -0.11641562908028424
1000 1000 1000 245 1836 2693 1102 1000 1000 1000 1000 1731 1204 2438|0.2 -0.11988299165022642 -0.12168463996788503 -1.6571350084177605
4085 7500 4085 4085 4085 4085 4085 4500 4085 11000 4085 4918 4603 7071|0.2 -1.402781372986035 -0.04952977718524987 -0.10108614611962108
908 222 908 908 908 908 908 2444 908 1667 908 1023 1808 909|0.2 0.08167291031732082 0.10470357999474489 -0.12628694694630238
2693 1000 1102 1000 1000 1000 1000 1000 1836 1000 245 1992 1002 2438|0.2 -0.05040994375767438 0.15911622932548664 0.0827830223411885
1000 1000 1000 1102 245 1836 2693 1000 1000 1000 1000 1002 1127 1204|0.2 0.12480250669740567 -0.0985286729332513 0.11176089064122374
245 1000 1102 1000 1000 1000 1000 1000 1836 1000 2693 1127 1002 1204|0.2 0.15334335231623308 0.037345515019173714 -0.1548515486026958
908 2444 908 908 908 908 908 222 908 1667 908 1808 1023 909|0.2 0.11571527772852752 -0.09948931477505862 0.11592736382524782
1000 1000 1000 1102 2693 1836 245 1000 1000 1000 1000 1002 1992 2438|0.2 -0.061705319268766656 0.10341748852090271 0.15268672434861852
4085 4500 4085 4085 4085 4085 4085 7500 4085 11000 4085 4603 4918 7071|0.2 -1.590076879545379 -0.11494632113413505 -0.1065951374063645
1000 1000 1000 245 1102 2693 1836 1000 1000 1000 1000 1731 1127 1992|0.2 -0.09914418522250723 -0.04275468060525922 -1.3432823021573737
1836 1000 245 1000 1000 1000 1000 1000 2693 1000 1102 1204 1731 2438|0.2 -0.0306558877115648 -1.2745208927994867 -0.0764745390056698
245 1000 1836 1000 1000 1000 1000 1000 1102 1000 2693 1204 1002 1127|0.2 0.08371389154096187 0.07465089477914244 -0.11206036654955343
1000 1000 1000 1836 2693 1102 245 1000 1000 1000 1000 1002 2438 1992|0.2 -0.10811620786148723 0.12429753990083059 0.052587920574438396
545 1467 545 545 545 545 545 133 545 600 545 1328 656 546|0.2 0.07056354225607464 -0.12350728125911203 0.09396927570166413
1000 1000 1000 2693 1102 245 1836 1000 1000 1000 1000 1731 1992 1127|0.2 0.11438376094163205 0.10458327692142388 -0.1416599668986973
371 409 371 371 371 371 371 682 371 91 371 740 905 643|0.2 -0.12683220314219423 0.04266871479564838 0.09626458706000207
1836 1000 2693 1000 1000 1000 1000 1000 245 1000 1102 2438 1731 1204|0.2 0.1136884398707072 -0.14000771623783215 0.09166363180458381
1102 1000 2693 1000 1000 1000 1000 1000 245 1000 1836 1992 1731 1127|0.2 0.04277731923922001 -0.11887179135878445 0.07844054259957156
371 682 371 371 371 371 371 409 371 91 371 905 740 643|0.2 -0.1212086979053395 0.09488493468312376 0.03600058202464229
1000 1000 1000 2693 1836 245 1102 1000 1000 1000 1000 1731 2438 1204|0.2 0.1077497385165227 0.08302602888131894 -0.13444062566720816
1000 1000 1000 1836 245 1102 2693 1000 1000 1000 1000 1002 1204 1127|0.2 0.11263298822665968 -0.12449925659731464 0.060382593035912535
545 133 545 545 545 545 545 1467 545 600 545 656 1328 546|0.2 0.0668481646286967 0.10240361317046975 -0.10042482634925909
2693 1000 1836 1000 1000 1000 1000 1000 1102 1000 245 2438 1002 1992|0.2 -0.11484907031376501 0.0631405275369179 0.10725761881869245
963 1000 336 1241 1607 1607 1241 1875 3697 1875 2521 1151 2376 2479|0.2 -0.22153307883743922 -1.1631267840125714 -0.000465225004039338
1511 1295 806 271 2032 2980 777 1000 1511 1295 806 1916 1245 2888|0.2 -0.04820378826343452 -0.26256693880954973 -1.3383336686204106
3691 7500 3691 2975 2975 5579 5579 2867 4781 11000 4781 4596 3423 7071|0.2 -1.498640212202389 -0.09223855893462196 -0.28910188145269355
1038 349 1038 1668 1668 1288 1288 3837 1946 2616 1946 1194 2573 1547|0.2 0.09884575242127713 0.22503637780535657 -0.10568832510275294
2301 1000 600 622 1167 1167 622 772 1569 772 209 1543 928 2230|0.2 -0.01688850942982656 0.2341904572349196 0.22669445500051566
1241 1875 1607 963 336 2521 3697 1000 1241 1875 1607 1491 1151 1545|0.2 0.24157355940664926 -0.10445452419779011 0.11151967904976079
336 1000 963 1607 1241 1241 1607 1875 2521 1875 3697 1151 1491 1545|0.2 0.24333562695582955 0.11738892581175886 -0.09093977844072954
1668 3837 1668 1038 1038 1946 1946 349 1288 2616 1288 2573 1194 1547|0.2 0.14096700165994402 -0.07580360978823975 0.24520043003323444
1167 772 622 600 2301 1569 209 1000 1167 772 622 928 1543 2230|0.2 -0.06012052999599837 0.22666198109078106 0.17292434593861428
2975 2867 2975 3691 3691 4781 4781 7500 5579 11000 5579 3423 4596 7071|0.2 -1.4157447344834273 -0.2936712629206961 -0.061742458295699354
1607 1875 1241 336 963 3697 2521 1000 1607 1875 1241 2376 1151 2479|0.2 -0.2768723880752588 -0.06812675422486758 -1.424694075490418
2032 1000 271 806 1511 1511 806 1295 2980 1295 777 1245 1916 2888|0.2 -0.04536059271760817 -1.341731817191486 -0.2733595667309707
271 1000 2032 1511 806 806 1511 1295 777 1295 2980 1245 1202 927|0.2 0.09794760006588632 0.045471503553817794 -0.17473497245772407
857 533 662 1344 1972 514 179 1000 857 533 662 795 1911 1322|0.2 -0.12986215651057953 0.026851358667563385 0.08396737240394359
744 1467 744 492 492 637 637 133 397 382 397 1421 613 591|0.2 0.06634067378350483 -0.14884073634781725 0.0634022977821802
622 772 1167 2301 600 209 1569 1000 622 772 1167 1479 1543 716|0.2 0.09847473301378251 0.10483506861498126 -0.1356277865998312
435 261 435 507 507 270 270 682 336 91 336 670 969 643|0.2 -0.13523216549086392 0.07338467612641786 0.12195377675685792
1344 1000 1972 857 662 662 857 533 179 533 514 1911 1267 824|0.2 0.11699202369112705 -0.1393286478259259 0.09199523404899379
600 1000 2301 1167 622 622 1167 772 209 772 1569 1543 1479 716|0.2 0.06642869669413187 -0.1337929143649863 0.12515636855137346
507 682 507 435 435 336 336 261 270 91 270 969 670 643|0.2 -0.1283084249384736 0.11691566341370807 0.06870039457733235
662 533 857 1972 1344 179 514 1000 662 533 857 1267 1911 824|0.2 0.12393416354474773 0.057712050320264385 -0.13100582297580599
806 1295 1511 2032 271 777 2980 1000 806 1295 1511 1202 1245 927|0.2 0.08251931761361186 -0.16339885494003448 0.05645888867761961
492 133 492 744 744 397 397 1467 637 382 637 613 1421 591|0.2 0.04532685309267537 0.09266645282659303 -0.15463660370498844
1972 1000 1344 662 857 857 662 533 514 533 179 1911 795 1322|0.2 -0.17390322940882386 0.04875554161922535 0.09616306873275526
1000 1000 1000 566 71 566 1061 738 1116 738 1116 1414 1051 1149|0.2 0.03226228940268028 -0.01486999538148237 0.21310874219855558
1305 125 1768 1768 1972 1972 1768 1875 1305 1000 1768 1858 2577 2500|0.2 0.237135421303869 0.007077648152806759 -0.012522485551802465
1061 1116 566 1000 1000 738 738 1000 566 1116 71 1458 1414 1456|0.2 0.0066062546800282895 0.21814200058935418 0.01714886436082308
1000 1000 1000 71 566 1061 566 1116 738 1116 738 1414 1149 791|0.2 0.05859798893907975 0.060857114338046525 -1.4401668232019837
15780 8000 14142 14142 10440 10440 14142 8000 15780 15000 14142 16248 10198 17776|0.2 -1.8922591391281196 -0.005019717152374703 0.0012181877854056111
566 738 71 1000 1000 1116 1116 1000 1061 738 566 721 1414 1458|0.2 -0.03396119829097821 -2.0039219470671856 -0.07791327869669074
1000 1000 1000 566 1061 566 71 738 1116 738 1116 1414 791 1149|0.2 0.05924295776091437 -0.07909880464233021 0.29281569736636426
71 1116 566 1000 1000 738 738 1000 566 1116 1061 1002 1414 721|0.2 -0.10975287711003423 0.33093768993855743 0.10858749809788737
1305 1875 1768 1768 1972 1972 1768 125 1305 1000 1768 1398 1772 2500|0.2 0.2458914893200137 0.006119931600501172 -0.019850433801563705
1000 1000 1000 1061 566 71 566 1116 738 1116 738 1414 1149 1051|0.2 0.07105213638094021 0.07838416692070194 -0.14645861786614311
566 738 1061 1000 1000 1116 1116 1000 71 738 566 1456 1414 1002|0.2 0.03065019516752976 -0.11258366504227846 -0.03377373530408789
1052 533 943 943 696 696 943 533 1052 67 943 1083 1373 1185|0.2 -0.10966247565146747 -0.025972561723541787 -0.0121908050580255
1768 1875 1972 1305 1768 1768 1305 125 1768 1000 1972 2031 1275 2500|0.2 0.15352176195231326 -0.07461392411432066 0.03756751905503286
96 1355 766 1511 1511 1355 1355 1000 766 1355 1437 977 1916 1358|0.2 -0.05204845788023271 0.27521108074930023 0.039171616182094304
662 1000 662 507 951 507 63 896 896 896 896 1267 1030 709|0.2 0.026144986551877025 -0.04132923372539454 0.25221012998465797
14142 8000 10440 15780 14142 14142 15780 8000 14142 15000 10440 14866 14177 20000|0.2 -2.069876524200435 -0.02894749952972342 -0.0215467427015148
507 896 63 662 662 896 896 1000 951 896 507 898 1127 1305|0.2 -0.013616217475912462 -1.998216499840988 -0.027974631273782746
1511 1000 1511 96 766 1437 766 1355 1355 1355 1355 1703 1424 1556|0.2 0.0174379660329671 -0.0292640775633235 -1.9187584810010805
1768 125 1972 1305 1768 1768 1305 1875 1768 1000 1972 2031 2574 2500|0.2 0.21278068603143296 -0.0027765628582332447 -0.03741445982368474
662 1000 662 507 63 507 951 896 896 896 896 1267 1030 942|0.2 0.038995502563319295 -0.03203662302700305 0.2082953223902062
1437 1355 766 1511 1511 1355 1355 1000 766 1355 96 1972 1916 1975|0.2 -0.0012364070742010291 0.2016745957842403 0.01915349038547065
943 533 696 1052 943 943 1052 533 943 67 696 745 1374 1333|0.2 -0.144207083324559 0.06559087226482019 0.055521320274773966
507 896 951 662 662 896 896 1000 63 896 507 1306 1127 646|0.2 -0.0007484461063700376 -0.13816858898566875 -0.006288443694679735
1511 1000 1511 1437 766 96 766 1355 1355 1355 1355 1703 1071 1556|0.2 0.01636586448879429 -0.01061634681489787 -0.12130601121978168
1000 1000 1000 71 566 1061 566 738 1116 738 1116 1414 721 1458|0.2 -0.020414550756894245 -0.039051697242372674 -2.1460916143290074
10440 8000 14142 14142 15780 15780 14142 8000 10440 15000 14142 10198 16248 17776|0.2 -1.8815458543654484 0.010211994788300593 0.027696290704788407
566 1116 71 1000 1000 738 738 1000 1061 1116 566 1149 1414 791|0.2 0.005863854938512603 -1.9315626933451047 -0.031678912930460656
1000 1000 1000 566 1061 566 71 1116 738 1116 738 1414 1458 1456|0.2 0.04766363346443869 0.025557134866140974 0.2209906831741848
1972 1875 1768 1768 1305 1305 1768 125 1972 1000 1768 2577 1858 2500|0.2 0.3085395325032758 0.08245435453172689 -0.09686934867908503
71 738 566 1000 1000 1116 1116 1000 566 738 1061 1051 1414 1149|0.2 -0.04310627308274473 0.2805333569872137 0.08390758655932862
1000 1000 1000 1061 566 71 566 738 1116 738 1116 1414 1456 1002|0.2 -0.004218092337907597 -0.026063392285122777 -0.1141317825993804
566 1116 1061 1000 1000 738 738 1000 71 1116 566 1149 1414 1051|0.2 0.020228623975757642 -0.12158745787404945 0.00554978024321473
696 533 943 943 1052 1052 943 533 696 67 943 1373 1083 1185|0.2 -0.10932645158159171 -0.004480078197435233 -0.03719524421111231
1000 1000 1000 566 71 566 1061 1116 738 1116 738 1414 1002 721|0.2 -0.07474160077063474 0.06288141258721458 0.2948327286361052
1061 738 566 1000 1000 1116 1116 1000 566 738 71 791 1414 1149|0.2 -0.10245828843765459 0.1170850919632116 0.09232966165934497
1972 125 1768 1768 1305 1305 1768 1875 1972 1000 1768 1772 1398 2500|0.2 0.18432579119467718 0.03662709630744665 -0.03317067452069056
14142 8000 15780 10440 14142 14142 10440 8000 14142 15000 15780 14177 14866 20000|0.2 -2.202286972154207 -0.08507141027748077 -0.0945399834297933
766 1355 96 1511 1511 1355 1355 1000 1437 1355 766 1424 1703 1556|0.2 -0.06412433423885089 -2.154897955946611 -0.06358887852350392
662 1000 662 63 507 951 507 896 896 896 896 1127 898 1305|0.2 -0.05644224407575393 -0.05959559057809982 -2.0638143335317602
1768 125 1305 1972 1768 1768 1972 1875 1768 1000 1305 1275 2031 2500|0.2 0.23246809631382703 0.0028607540274006027 -0.02771805030896024
951 896 507 662 662 896 896 1000 507 896 63 1030 1267 709|0.2 -0.039459966660416734 0.18952879387028387 0.0013346698544802749
1511 1000 1511 766 96 766 1437 1355 1355 1355 1355 1916 977 1358|0.2 0.11464622154130577 -0.11197831360727495 0.09030262516974918
943 533 1052 696 943 943 696 533 943 67 1052 1374 745 1333|0.2 -0.09198322233556322 -0.030219996521413384 -0.07476453182552523
662 1000 662 951 507 63 507 896 896 896 896 1127 1306 646|0.2 -0.07529508216618463 -0.08622538466324436 -0.08460946353069154
766 1355 1437 1511 1511 1355 1355 1000 96 1355 766 1071 1703 1556|0.2 0.07917564864254878 -0.14230263952016098 0.06959569296503654
1768 1875 1305 1972 1768 1768 1972 125 1768 1000 1305 2574 2031 2500|0.2 0.2242935794927492 -0.0019805745237311267 0.026634821096087613
63 896 507 662 662 896 896 1000 507 896 951 1030 1267 942|0.2 0.05293335864102744 0.18899974440938827 -0.052905820379690605
1511 1000 1511 766 1437 766 96 1355 1355 1355 1355 1916 1972 1975|0.2 0.029482718217910264 -0.0452684288866545 0.2802802356335077
1163 904 734 1000 1000 1366 1366 1000 3182 904 2754 1164 1731 2462|0.2 0.05632589643794317 0.0790611737551905 0.1688715930045448
1000 1000 1000 734 2754 3182 1163 1366 904 1366 904 1731 2050 2898|0.2 -0.048036510011028044 -0.09863840041272387 -0.3111936230640089
1860 3750 1362 1362 1230 1230 1362 1583 1860 4333 1362 2791 1586 2357|0.2 -0.19149939945816707 -0.031278919724566645 -0.02216722131797577
777 632 860 860 1175 1175 860 2737 777 2368 860 1266 2118 1323|0.2 0.2920167982338606 -0.05401494283162167 0.18567660641172212
3182 1366 1163 1000 1000 904 904 1000 2754 1366 734 2462 1002 3308|0.2 0.2078373136441125 0.2889590865942049 0.010114692857006169
1000 1000 1000 1163 734 2754 3182 904 1366 904 1366 1002 1473 2050|0.2 0.09657977541638774 -0.004083779051767822 0.1073374153572626
813 1107 1287 1511 1511 1107 1107 1000 3048 1107 3522 1289 1703 1821|0.2 0.03090107556958266 0.28114280908649425 0.13984709508808812
860 2737 1175 777 860 860 777 632 860 2368 1175 1763 1001 862|0.2 0.1887645035346508 0.10400071001013256 0.023830449178521285
662 1000 662 851 2330 2016 538 732 732 732 732 1127 1501 2122|0.2 0.044278889248874354 -0.05067606522874746 0.1258804948903669
1362 1583 1230 1860 1362 1362 1860 3750 1362 4333 1230 2005 2241 2357|0.2 0.02816829527130471 0.03897470597571839 0.09069834846255898
1511 1000 1511 813 1287 3522 3048 1107 1107 1107 1107 1916 1630 2269|0.2 0.003872791819174992 0.03134548133038928 -0.08886978325100214
2016 732 538 662 662 732 732 1000 2330 732 851 1205 1267 2422|0.2 0.20174048833077052 0.07090054280455726 0.026430050441634823
734 1366 2754 1000 1000 904 904 1000 1163 1366 3182 1646 1002 1164|0.2 0.11823772720626957 0.01484427545169309 -0.10884498880911253
1000 1000 1000 2754 3182 1163 734 904 1366 904 1366 1002 2898 2050|0.2 -0.15093308503955405 0.10474377667934132 0.01496667764846249
328 1156 363 363 496 496 363 267 328 422 363 1052 598 559|0.2 0.02264081565651388 0.008142563976900608 0.02926614254967097
1000 1000 1000 3182 1163 734 2754 1366 904 1366 904 1731 2050 1473|0.2 -0.08268683682098987 -0.07616656844662728 0.007225132710584337
429 365 314 314 284 284 314 865 429 231 314 644 1040 544|0.2 -0.08150497939556245 0.04684569182210607 0.14732145303696154
2754 904 3182 1000 1000 1366 1366 1000 734 904 1163 3308 1731 1646|0.2 -0.030638363971448035 0.04771311824547819 -0.27974095564021084
851 732 2330 662 662 732 732 1000 538 732 2016 1803 1267 853|0.2 -0.23741924694936856 0.03334374375430382 -0.05095301187346801
314 865 284 429 314 314 429 365 314 231 284 911 774 544|0.2 -0.09398218358009469 0.0599512082351783 0.15869876800423954
1511 1000 1511 3522 3048 813 1287 1107 1107 1107 1107 1916 3208 2269|0.2 0.035651051636040876 -0.022624719950909977 -0.025236860236922398
662 1000 662 2016 538 851 2330 732 732 732 732 1127 1501 1078|0.2 -0.12820426843595079 -0.011469622769021415 0.08388083949775638
363 267 496 328 363 363 328 1156 363 422 496 744 1201 364|0.2 0.08379827129356032 -0.1310655269441685 -0.003042999856304185
3522 1107 3048 1511 1511 1107 1107 1000 1287 1107 813 3661 1703 2725|0.2 -0.10203164528048148 0.020983201533228968 0.07069462656321024
734 904 1163 1000 1000 1366 1366 1000 2754 904 3182 1473 1002 2050|0.2 -0.12371098502679478 0.1626908236403679 0.15169178468218414
1000 1000 1000 1163 3182 2754 734 1366 904 1366 904 1002 2462 3308|0.2 0.17436375480112787 -0.06467528930113597 0.24573021196841127
1175 2737 860 860 777 777 860 632 1175 2368 860 2118 1266 1323|0.2 0.022431328277607854 -0.1049594351720684 0.0935320110023885
1230 1583 1362 1362 1860 1860 1362 3750 1230 4333 1362 1586 2791 2357|0.2 -0.13136252028047912 -0.048315996802493766 0.07519895498895313
2754 1366 734 1000 1000 904 904 1000 3182 1366 1163 2050 1731 2898|0.2 0.08859940966286395 -0.08202813091813921 0.008954052209506624
1000 1000 1000 734 1163 3182 2754 904 1366 904 1366 1731 1164 2462|0.2 0.05834160730451288 0.17586906504300837 0.15126137822251806
1287 1107 813 1511 1511 1107 1107 1000 3522 1107 3048 1630 1916 2269|0.2 0.023189918749777494 0.18597305228603478 0.26551070331342075
1362 3750 1860 1230 1362 1362 1230 1583 1362 4333 1860 2241 2005 2357|0.2 0.011910086885273952 0.16368820575288323 0.002427181248696453
662 1000 662 538 2016 2330 851 732 732 732 732 1267 1205 2422|0.2 0.1848151323159808 0.11800216974686695 0.20576336525448546
860 632 777 1175 860 860 1175 2737 860 2368 777 1001 1763 862|0.2 0.1625112240078863 0.0034641504171095683 0.10521182433720133
1511 1000 1511 1287 813 3048 3522 1107 1107 1107 1107 1703 1289 1821|0.2 -0.06281623872019249 0.2446281640667003 0.26265426407031667
2330 732 851 662 662 732 732 1000 2016 732 538 1501 1127 2122|0.2 -0.0007611004293839319 0.11680184126033666 0.10575977151197069
1163 1366 3182 1000 1000 904 904 1000 734 1366 2754 2050 1731 1473|0.2 -0.08628330734961609 -0.026731259070151836 0.019782149617801892
1000 1000 1000 3182 2754 734 1163 904 1366 904 1366 1731 3308 1646|0.2 -0.07274154062929084 -0.07740809996803599 0.011418553229856077
284 865 314 314 429 429 314 365 284 231 314 1040 644 544|0.2 0.03876164867719023 0.01755891513369745 -0.22826271991447045
1000 1000 1000 2754 734 1163 3182 1366 904 1366 904 1002 1646 1164|0.2 -0.17830179009109437 -0.01588391297035807 0.12871709953792054
496 267 363 363 328 328 363 1156 496 422 363 598 1052 559|0.2 0.03201970014823807 0.008182509887351141 0.03390534394869693
3182 904 2754 1000 1000 1366 1366 1000 1163 904 734 2898 1002 2050|0.2 -0.032771357572105586 0.01202834387505236 0.08012765007369582
538 732 2016 662 662 732 732 1000 851 732 2330 1501 1127 1078|0.2 -0.08691394617413861 0.06737499258877788 0.03480838660763208
363 1156 328 496 363 363 496 267 363 422 328 1201 744 364|0.2 0.08020530350318245 -0.036567381204341 -0.08532370425898939
1511 1000 1511 3048 3522 1287 813 1107 1107 1107 1107 1703 3661 2725|0.2 0.002915116964599118 -0.1686586843951754 0.10048799020492716
662 1000 662 2330 851 538 2016 732 732 732 732 1267 1803 853|0.2 -0.12359511691539593 -0.09975726107483207 0.035473463404480654
314 365 429 284 314 314 284 865 314 231 429 774 911 544|0.2 0.0032931697490767853 -0.04698784873417461 -0.07248126185272041
3048 1107 3522 1511 1511 1107 1107 1000 813 1107 1287 3208 1916 2269|0.2 0.014685444998303598 -0.027468748063842474 -0.07448402900633644
750 1000 750 1021 1604 1865 1395 1875 2812 1875 2812 1250 2490 2432|0.2 0 0 0
1836 1571 979 734 2754 2754 734 1366 1836 1826 979 2438 2050 3310|0.2 0 0 0
1860 3750 1362 1333 1333 2500 2500 1000 2486 3750 2139 2791 1667 3553|0.2 0 0 0
1333 1000 1333 2139 2486 1860 1362 3750 2500 3750 2500 1667 3243 1918|0.2 0 0 0
1753 1162 467 623 1169 1169 623 637 1753 869 467 1516 674 2107|0.2 0 0 0
1021 1875 1604 750 750 2812 2812 1000 1395 1875 1865 1081 1250 2094|0.2 0 0 0
750 1000 750 1865 1395 1021 1604 1875 2812 1875 2812 1250 1439 1681|0.2 0 0 0
2139 3750 2486 1333 1333 2500 2500 1000 1362 3750 1860 2783 1667 1441|0.2 0 0 0
1006 748 536 402 1508 1508 402 860 1006 548 536 772 1119 1813|0.2 0 0 0
1333 1000 1333 1860 1362 2139 2486 3750 2500 3750 2500 1667 2241 3320|0.2 0 0 0
1865 1875 1395 750 750 2812 2812 1000 1604 1875 1021 2665 1250 2087|0.2 0 0 0
2016 732 538 717 1344 1344 717 1337 2016 1150 538 1205 1911 2424|0.2 0 0 0
734 1366 2754 1836 979 979 1836 1571 734 1826 2754 1646 1058 1224|0.2 0 0 0
856 533 545 1500 1500 400 400 1000 994 533 744 576 1803 1113|0.2 0 0 0
667 1000 667 363 496 663 570 267 356 267 356 1202 598 512|0.2 0 0 0
623 637 1169 1753 467 467 1753 1162 623 869 1169 1552 1301 779|0.2 0 0 0
663 267 570 667 667 356 356 1000 496 267 363 742 1202 948|0.2 0 0 0
1500 1000 1500 856 545 744 994 533 400 533 400 1803 1328 896|0.2 0 0 0
402 860 1508 1006 536 536 1006 748 402 548 1508 1304 1429 670|0.2 0 0 0
667 1000 667 663 570 363 496 267 356 267 356 1202 865 885|0.2 0 0 0
744 533 994 1500 1500 400 400 1000 545 533 856 1421 1803 1117|0.2 0 0 0
717 1337 1344 2016 538 538 2016 732 717 1150 1344 1032 1501 896|0.2 0 0 0
363 267 496 667 667 356 356 1000 570 267 663 744 1202 384|0.2 0 0 0
1500 1000 1500 744 994 856 545 533 400 533 400 1803 767 1297|0.2 0 0 0
281 1000 1403 1549 1043 1043 1549 1875 2105 1875 4210 1181 1211 1296|0.2 0.04519306520611277 0.2736602285097911 -0.008674683163486518
1211 674 646 906 2719 1359 181 1000 1211 674 646 782 1861 2272|0.2 -0.00832172761900174 0.1252450552923956 0.2561444845291483
1104 3000 1104 713 713 1336 1336 200 743 1500 743 2054 841 863|0.2 0.2270350508379826 -0.015005036318889164 0.13572655330851058
3563 5000 3563 3717 3717 5518 5518 7500 6680 15000 6680 4206 4617 8559|0.2 -1.640595932812221 -0.09754030117569146 0.00013525160463379038
2018 1000 269 959 1797 1797 959 1484 4035 1484 1345 1242 2303 3372|0.2 0.013574410775429868 -1.6429297839965273 -0.05608808360074713
1549 1875 1043 281 1403 4210 2105 1000 1549 1875 1043 2402 1181 2882|0.2 -0.16572905997540244 -0.03248288481290551 -1.9204441751014623
1403 1000 281 1043 1549 1549 1043 1875 4210 1875 2105 1181 2402 2882|0.2 -0.1100238389907715 -1.799609411135401 -0.04053834356904207
3717 7500 3717 3563 3563 6680 6680 5000 5518 15000 5518 4617 4206 8559|0.2 -1.6878190391306003 7.97251605844096e-06 -0.079245624961507
1797 1484 959 269 2018 4035 1345 1000 1797 1484 959 2303 1242 3372|0.2 -0.019726626043311546 -0.12482099324983453 -1.7972512228756454
713 200 713 1104 1104 743 743 3000 1336 1500 1336 841 2054 863|0.2 0.3038284464191854 0.03780872824498127 0.008467832208665094
1043 1875 1549 1403 281 2105 4210 1000 1043 1875 1549 1211 1181 1296|0.2 0.12003002501105531 -0.015043988676851638 0.24480727054355
2719 1000 906 646 1211 1211 646 674 1359 674 181 1861 782 2272|0.2 -0.02241522515866623 0.25772769710826093 0.015688910127440447
906 1000 2719 1211 646 646 1211 674 181 674 1359 1861 1551 762|0.2 0.010714867101371262 -0.12089650786905493 0.05695386137268166
556 533 826 2245 1123 150 748 1000 556 533 826 1281 1876 691|0.2 0.031270806037442256 0.0058048687653067255 -0.11409771413491421
445 500 445 368 368 248 248 333 238 67 238 836 685 571|0.2 -0.11439826745759607 0.022390783941839132 0.017643700362539594
959 1484 1797 2018 269 1345 4035 1000 959 1484 1797 1161 1242 1132|0.2 -0.00612201147063729 -0.009516556056669012 0.20097693091262858
496 133 496 891 891 475 475 2000 736 667 736 616 1671 575|0.2 0.1708332806785018 0.028535947455814448 -0.033112441352831645
2245 1000 1123 556 826 826 556 533 748 533 150 1876 646 1537|0.2 -0.07164990535813542 0.15380628844792632 0.009697772880297162
269 1000 2018 1797 959 959 1797 1484 1345 1484 4035 1242 1161 1132|0.2 -0.004534661808824891 0.2067716731901248 -0.020963577006697376
891 2000 891 496 496 736 736 133 475 667 475 1671 616 575|0.2 0.20368709370203852 -0.016828706386821102 -0.028022242858637414
826 533 556 1123 2245 748 150 1000 826 533 556 646 1876 1537|0.2 -0.08240526635452827 0.02786146908809073 0.15649054607444146
646 674 1211 2719 906 181 1359 1000 646 674 1211 1551 1861 762|0.2 0.014784362622606295 0.04996875256732203 -0.11503725054024194
368 333 368 445 445 238 238 500 248 67 248 685 836 571|0.2 -0.10534132025743936 0.010456383202090969 0.02471358081748143
1123 1000 2245 826 556 556 826 533 150 533 748 1876 1281 691|0.2 0.04636616432295071 -0.11801443824632774 0.0063488004425527045
1744 1000 581 329 616 616 329 920 872 920 116 1419 935 1379|0.2 -0.0569965079318957 0.1692010253223386 0.15521500845714353
2798 1875 3041 1768 354 2652 5303 1000 2798 1875 3041 2842 1275 2961|0.2 0.11186937624335203 -0.014401098862562023 0.23877922858664524
566 200 566 1720 1720 1583 1583 3000 1061 1500 1061 721 2441 1608|0.2 0.16242606241720248 0.13051557529502045 -0.061726490038598314
573 333 573 354 354 189 189 500 528 67 528 814 791 673|0.2 -0.12375314628583323 0.034765559882792285 0.05293010905051965
1414 1000 2828 1622 1492 1492 1622 533 189 533 943 2236 1904 1579|0.2 0.040128707516340345 -0.1154021509264469 0.027299945047811747
329 920 616 1744 581 116 872 1000 329 920 616 1174 1419 419|0.2 0.04379410795453342 0.07320434992305946 -0.13445422720085642
581 1000 1744 616 329 329 616 920 116 920 872 1419 1174 419|0.2 0.008805509206213369 -0.11345682356841191 0.05305630501834635
354 500 354 573 573 528 528 333 189 67 189 791 814 673|0.2 -0.09805291791249116 0.0244061363991932 -0.014790959746802113
1492 533 1622 2828 1414 189 943 1000 1492 533 1622 1904 2236 1579|0.2 0.06262000654981836 -0.010249647342687185 -0.11049216897930814
1720 3000 1720 566 566 1061 1061 200 1583 1500 1583 2441 721 1608|0.2 0.2441658976020067 -0.01441796684206853 0.08720505675669621
616 920 329 581 1744 872 116 1000 616 920 329 935 1419 1379|0.2 0.01612763718741972 0.0515512861990719 0.3129961059644182
354 1000 1768 3041 2798 2798 3041 1875 2652 1875 5303 1275 2842 2961|0.2 0.08494654581151284 0.26563866819059534 -0.0010153970494586328
1768 1000 354 2798 3041 3041 2798 1875 5303 1875 2652 1275 3571 4316|0.2 -0.17599043118096014 -1.9435409478102106 -0.038995373043971826
670 1087 357 126 948 1895 632 1000 670 1087 357 1276 1058 1499|0.2 -0.02169163649864525 -0.11471490423167419 -1.8036339959574976
7914 7500 7914 2828 2828 5303 5303 5000 8602 15000 8602 8374 3606 10100|0.2 -1.9678304719861395 -0.027984678152292997 -0.13162483850377216
1622 533 1492 1414 2828 943 189 1000 1622 533 1492 1516 2236 2302|0.2 -0.057790758593408986 -0.012694481811397207 0.17554506238172785
707 2000 707 1055 1055 1147 1147 133 377 667 377 1581 1117 1072|0.2 0.19742415479663933 -0.019541701900218644 0.002935465765390166
126 1000 948 670 357 357 670 1087 632 1087 1895 1058 1016 456|0.2 -0.003706139554067178 0.1707708661283247 -0.05362369343246076
2828 1000 1414 1492 1622 1622 1492 533 943 533 189 2236 1516 2302|0.2 -0.05859313801113153 0.16970138479476704 0.021767931072760316
1055 133 1055 707 707 377 377 2000 1147 667 1147 1117 1581 1072|0.2 0.18303511234318837 -0.0005091914653176932 -0.05487048917776627
357 1087 670 948 126 632 1895 1000 357 1087 670 1016 1058 456|0.2 0.007326283653286136 -0.04530525448176448 0.17312469181415713
3041 1875 2798 354 1768 5303 2652 1000 3041 1875 2798 3571 1275 4316|0.2 -0.09349095395582707 -0.025894727301651876 -1.6944804763188082
2828 5000 2828 7914 7914 8602 8602 7500 5303 15000 5303 3606 8374 10100|0.2 -1.9965955763716792 -0.1697001657693442 -0.042370182232951414
948 1000 126 357 670 670 357 1087 1895 1087 632 1058 1276 1499|0.2 -0.017538294999333015 -1.8834706788418676 -0.1459326081212864
750 1000 750 1395 1865 1604 1021 1875 2812 1875 2812 1250 2665 2087|0.2 0 0 0
1344 1337 717 538 2016 2016 538 732 1344 1150 717 1911 1205 2424|0.2 0 0 0
1362 3750 1860 1333 1333 2500 2500 1000 2139 3750 2486 2241 1667 3320|0.2 0 0 0
1333 1000 1333 2486 2139 1362 1860 3750 2500 3750 2500 1667 2783 1441|0.2 0 0 0
1508 860 402 536 1006 1006 536 748 1508 548 402 1119 772 1813|0.2 0 0 0
1395 1875 1865 750 750 2812 2812 1000 1021 1875 1604 1439 1250 1681|0.2 0 0 0
750 1000 750 1604 1021 1395 1865 1875 2812 1875 2812 1250 1081 2094|0.2 0 0 0
2486 3750 2139 1333 1333 2500 2500 1000 1860 3750 1362 3243 1667 1918|0.2 0 0 0
1169 637 623 467 1753 1753 467 1162 1169 869 623 674 1516 2107|0.2 0 0 0
1333 1000 1333 1362 1860 2486 2139 3750 2500 3750 2500 1667 2791 3553|0.2 0 0 0
1604 1875 1021 750 750 2812 2812 1000 1865 1875 1395 2490 1250 2432|0.2 0 0 0
2754 1366 734 979 1836 1836 979 1571 2754 1826 734 2050 2438 3310|0.2 0 0 0
538 732 2016 1344 717 717 1344 1337 538 1150 2016 1501 1032 896|0.2 0 0 0
994 533 744 1500 1500 400 400 1000 856 533 545 767 1803 1297|0.2 0 0 0
667 1000 667 496 363 570 663 267 356 267 356 1202 744 384|0.2 0 0 0
536 748 1006 1508 402 402 1508 860 536 548 1006 1429 1304 670|0.2 0 0 0
570 267 663 667 667 356 356 1000 363 267 496 865 1202 885|0.2 0 0 0
1500 1000 1500 994 744 545 856 533 400 533 400 1803 1421 1117|0.2 0 0 0
467 1162 1753 1169 623 623 1169 637 467 869 1753 1301 1552 779|0.2 0 0 0
667 1000 667 570 663 496 363 267 356 267 356 1202 742 948|0.2 0 0 0
545 533 856 1500 1500 400 400 1000 744 533 994 1328 1803 896|0.2 0 0 0
979 1571 1836 2754 734 734 2754 1366 979 1826 1836 1058 1646 1224|0.2 0 0 0
496 267 363 667 667 356 356 1000 663 267 570 598 1202 512|0.2 0 0 0
1500 1000 1500 545 856 994 744 533 400 533 400 1803 576 1113|0.2 0 0 0
906 1000 906 1000 1000 1000 1000 1000 2719 1000 2719 1350 1282 1861|0.2 0 0 0
1000 1000 1000 906 2719 2719 906 1000 1000 1000 1000 1282 1861 2897|0.2 0 0 0
1104 3000 1104 1104 1104 1104 1104 1000 1104 3000 1104 2054 1489 1414|0.2 0 0 0
1104 1000 1104 1104 1104 1104 1104 3000 1104 3000 1104 1489 2054 1694|0.2 0 0 0
2719 1000 906 1000 1000 1000 1000 1000 2719 1000 906 1861 1535 2897|0.2 0 0 0
1000 1000 1000 906 906 2719 2719 1000 1000 1000 1000 1535 1350 1861|0.2 0 0 0
906 1000 906 1000 1000 1000 1000 1000 2719 1000 2719 1350 1535 1861|0.2 0 0 0
1104 3000 1104 1104 1104 1104 1104 1000 1104 3000 1104 2054 1489 1694|0.2 0 0 0
1000 1000 1000 906 2719 2719 906 1000 1000 1000 1000 1535 1861 2897|0.2 0 0 0
1104 1000 1104 1104 1104 1104 1104 3000 1104 3000 1104 1489 2054 1414|0.2 0 0 0
1000 1000 1000 906 906 2719 2719 1000 1000 1000 1000 1282 1350 1861|0.2 0 0 0
2719 1000 906 1000 1000 1000 1000 1000 2719 1000 906 1861 1282 2897|0.2 0 0 0
906 1000 2719 1000 1000 1000 1000 1000 906 1000 2719 1861 1535 1350|0.2 0 0 0
1000 1000 1000 2719 2719 906 906 1000 1000 1000 1000 1535 2897 1861|0.2 0 0 0
368 1000 368 368 368 368 368 333 368 333 368 1066 685 565|0.2 0 0 0
1000 1000 1000 2719 906 906 2719 1000 1000 1000 1000 1282 1861 1350|0.2 0 0 0
368 333 368 368 368 368 368 1000 368 333 368 685 1066 471|0.2 0 0 0
2719 1000 2719 1000 1000 1000 1000 1000 906 1000 906 2897 1282 1861|0.2 0 0 0
906 1000 2719 1000 1000 1000 1000 1000 906 1000 2719 1861 1282 1350|0.2 0 0 0
368 1000 368 368 368 368 368 333 368 333 368 1066 685 471|0.2 0 0 0
1000 1000 1000 2719 2719 906 906 1000 1000 1000 1000 1282 2897 1861|0.2 0 0 0
1000 1000 1000 2719 906 906 2719 1000 1000 1000 1000 1535 1861 1350|0.2 0 0 0
368 333 368 368 368 368 368 1000 368 333 368 685 1066 565|0.2 0 0 0
2719 1000 2719 1000 1000 1000 1000 1000 906 1000 906 2897 1535 1861|0.2 0 0 0
333 1000 333 368 368 368 368 1000 1000 1000 1000 1054 1066 685|0.2 0 0 0
2719 1000 2719 906 2719 2719 906 1000 2719 1000 2719 2897 1861 3845|0.2 0 0 0
1104 3000 1104 3000 3000 3000 3000 1000 1104 3000 1104 2054 3162 3197|0.2 0 0 0
3000 1000 3000 1104 1104 1104 1104 3000 3000 3000 3000 3162 2054 3197|0.2 0 0 0
2719 1000 906 2719 2719 2719 2719 1000 2719 1000 906 1861 2897 3845|0.2 0 0 0
368 1000 368 333 333 1000 1000 1000 368 1000 368 1066 1054 685|0.2 0 0 0
333 1000 333 368 368 368 368 1000 1000 1000 1000 1054 1066 685|0.2 0 0 0
1104 3000 1104 3000 3000 3000 3000 1000 1104 3000 1104 2054 3162 3197|0.2 0 0 0
2719 1000 2719 906 2719 2719 906 1000 2719 1000 2719 2897 1861 3845|0.2 0 0 0
3000 1000 3000 1104 1104 1104 1104 3000 3000 3000 3000 3162 2054 3197|0.2 0 0 0
368 1000 368 333 333 1000 1000 1000 368 1000 368 1066 1054 685|0.2 0 0 0
2719 1000 906 2719 2719 2719 2719 1000 2719 1000 906 1861 2897 3845|0.2 0 0 0
906 1000 2719 2719 2719 2719 2719 1000 906 1000 2719 1861 2897 2866|0.2 0 0 0
368 1000 368 1000 1000 333 333 1000 368 1000 368 1066 1414 685|0.2 0 0 0
1000 1000 1000 368 368 368 368 333 1000 333 1000 1414 685 1066|0.2 0 0 0
2719 1000 2719 2719 906 906 2719 1000 2719 1000 2719 2897 1861 2866|0.2 0 0 0
368 333 368 1000 1000 1000 1000 1000 368 333 368 685 1414 1066|0.2 0 0 0
1000 1000 1000 368 368 368 368 1000 333 1000 333 1414 1066 685|0.2 0 0 0
906 1000 2719 2719 2719 2719 2719 1000 906 1000 2719 1861 2897 2866|0.2 0 0 0
1000 1000 1000 368 368 368 368 333 1000 333 1000 1414 685 1066|0.2 0 0 0
368 1000 368 1000 1000 333 333 1000 368 1000 368 1066 1414 685|0.2 0 0 0
2719 1000 2719 2719 906 906 2719 1000 2719 1000 2719 2897 1861 2866|0.2 0 0 0
368 333 368 1000 1000 1000 1000 1000 368 333 368 685 1414 1066|0.2 0 0 0
1000 1000 1000 368 368 368 368 1000 333 1000 333 1414 1066 685|0.2 0 0 0
2200 1000 2200 1116 1116 1116 1116 3000 1500 3000 1500 2417 2060 2132|0.2 0.2229537517885083 -0.013268737296577848 0.20460968228604548
2689 1000 896 1972 1344 1344 1972 1000 2689 1000 896 1847 1911 3006|0.2 0.14001464311089062 0.13351552035013814 -0.04057679784821411
507 682 507 455 455 1364 1364 1000 507 682 507 969 1098 937|0.2 -0.04488410341899507 0.05953984154003056 0.03140218561121788
455 1000 455 507 507 507 507 682 1364 682 1364 1098 969 937|0.2 -0.06839020380875138 0.026371827149227478 0.0716798299859378
1344 1000 1972 896 2689 2689 896 1000 1344 1000 1972 1911 1847 3006|0.2 0.2713817118802675 -0.03275198659985157 0.26698866394085474
1116 3000 1116 2200 2200 1500 1500 1000 1116 3000 1116 2060 2417 2132|0.2 0.0912443155791931 0.05362769324957384 0.05072519430508571
2200 1000 2200 1116 1116 1116 1116 3000 1500 3000 1500 2417 2060 2132|0.2 0.2989354461302818 -0.02959066541819655 0.27986842492482733
507 682 507 455 455 1364 1364 1000 507 682 507 969 1098 937|0.2 -0.023094480927032812 0.18164139131895185 0.18267865309383513
2689 1000 896 1972 1344 1344 1972 1000 2689 1000 896 1847 1911 3006|0.2 0.05204787938962063 -0.009559895552614384 -0.08833104628582555
455 1000 455 507 507 507 507 682 1364 682 1364 1098 969 937|0.2 -0.04741308242772413 0.2968378463123367 0.30073775039228146
1116 3000 1116 2200 2200 1500 1500 1000 1116 3000 1116 2060 2417 2132|0.2 0.2395120707260645 0.21126534903474825 -0.01691261579387482
1344 1000 1972 896 2689 2689 896 1000 1344 1000 1972 1911 1847 3006|0.2 0.1290312660673787 -0.039620954965469135 0.11663465311884558
1972 1000 1344 2689 896 896 2689 1000 1972 1000 1344 1911 1847 2166|0.2 -0.2041814736170644 -0.02535863649545389 0.06436396367514696
372 333 372 500 500 733 733 1000 372 333 372 687 1118 711|0.2 0.062159389952074484 -0.2119542906426486 -0.029155898945485426
2000 1000 2000 744 744 744 744 1467 667 1467 667 2236 1421 1374|0.2 0.05145139588179193 0.007365154139633567 -0.057623350442409516
896 1000 2689 1344 1972 1972 1344 1000 896 1000 2689 1847 1911 2166|0.2 -0.1280287362445398 0.042288043411546905 -0.01732840119140211
744 1467 744 2000 2000 667 667 1000 744 1467 744 1421 2236 1374|0.2 -0.07896510928708689 -0.28351849711721555 0.0944132966060085
500 1000 500 372 372 372 372 333 733 333 733 1118 687 711|0.2 0.02757048734437717 -0.020754952493492462 -0.083126189702587
1972 1000 1344 2689 896 896 2689 1000 1972 1000 1344 1911 1847 2166|0.2 -0.12738269770103838 0.036056984081440646 0.027790584872831037
2000 1000 2000 744 744 744 744 1467 667 1467 667 2236 1421 1374|0.2 0.0804099413065007 0.014791177136028733 -0.09953865306812415
372 333 372 500 500 733 733 1000 372 333 372 687 1118 711|0.2 0.04476696725125073 -0.1511101045580321 -0.018329911410295274
896 1000 2689 1344 1972 1972 1344 1000 896 1000 2689 1847 1911 2166|0.2 -0.2634389123577141 0.0976566653281119 -0.0846121303057934
744 1467 744 2000 2000 667 667 1000 744 1467 744 1421 2236 1374|0.2 -0.05687036404345869 -0.1752106386571639 0.062259301577298753
500 1000 500 372 372 372 372 333 733 333 733 1118 687 711|0.2 0.06757970868403129 -0.08370360478370364 -0.17740110902548234
384 1000 1920 2142 1487 1487 2142 1875 2880 1875 5760 1318 1169 1821|0.2 0.05165235989268879 0.2909743485967242 0.013563963876037644
875 694 467 896 2689 1344 179 1000 875 694 467 546 1847 2093|0.2 -0.017530311423057388 0.10870891133697658 0.2507910691651838
1116 3000 1116 521 521 977 977 200 774 1500 774 2060 686 609|0.2 0.2969228606420149 0.0038723450089972467 0.025017826445494773
2604 5000 2604 3872 3872 5579 5579 7500 4883 15000 4883 3432 4742 7892|0.2 -1.6935582634594892 -0.08757063890494576 -0.0234579938430457
1937 1000 258 673 1261 1261 673 1441 3874 1441 1291 1225 2038 3016|0.2 -0.01701792965494886 -1.6359590401595137 -0.07332320629307998
2142 1875 1487 384 1920 5760 2880 1000 2142 1875 1487 3031 1318 3956|0.2 -0.08067965340993632 -0.022023800669123128 -1.7227099972700521
1920 1000 384 1487 2142 2142 1487 1875 5760 1875 2880 1318 3031 3956|0.2 -0.05298572311613792 -1.6878183720445428 -0.008179613070846692
3872 7500 3872 2604 2604 4883 4883 5000 5579 15000 5579 4742 3432 7892|0.2 -1.6737796020262719 -0.023656345087302855 -0.07697929756807165
1261 1441 673 258 1937 3874 1291 1000 1261 1441 673 2038 1225 3016|0.2 -0.04452923425923405 -0.17069414949259842 -1.9631779989072373
521 200 521 1116 1116 774 774 3000 977 1500 977 686 2060 609|0.2 0.3026566006839304 0.01364989387212967 0.012673368319349176
1487 1875 2142 1920 384 2880 5760 1000 1487 1875 2142 1169 1318 1821|0.2 0.05863354698254275 -0.0012975841590434634 0.26520343777502786
2689 1000 896 467 875 875 467 694 1344 694 179 1847 546 2093|0.2 -0.04460364210985723 0.20225518748016258 0.11281354575364722
896 1000 2689 875 467 467 875 694 179 694 1344 1847 1415 615|0.2 -0.03594673477388066 -0.09411320197004192 0.014411017383604285
793 533 1143 3072 1536 205 1024 1000 793 533 1143 1616 2391 971|0.2 0.05602630153976218 -0.000693444882823302 -0.11641172602848138
326 500 326 372 372 258 258 333 174 67 174 778 687 526|0.2 -0.12729189512204364 0.04606630976619508 0.01403593265437042
673 1441 1261 1937 258 1291 3874 1000 673 1441 1261 786 1225 887|0.2 -0.007397335796154314 -0.02124950131627279 0.20788701185605607
516 133 516 651 651 347 347 2000 744 667 744 632 1557 406|0.2 0.15477003078310236 0.009478265550846299 -0.06364027075432044
3072 1000 1536 793 1143 1143 793 533 1024 533 205 2391 623 2110|0.2 -0.032697316394180165 0.17679495609423057 0.007153476338503939
258 1000 1937 1261 673 673 1261 1441 1291 1441 3874 1225 786 887|0.2 0.022802569913413784 0.17717175196585666 -0.03239316973773221
651 2000 651 516 516 744 744 133 347 667 347 1557 632 406|0.2 0.1809949101329189 -0.02166342031348578 0.013764828404427831
1143 533 793 1536 3072 1024 205 1000 1143 533 793 623 2391 2110|0.2 -0.06796075165760862 0.007211731862559745 0.1535193718162109
467 694 875 2689 896 179 1344 1000 467 694 875 1415 1847 615|0.2 -0.031293314899658586 0.01936439533129164 -0.0921751076447741
372 333 372 326 326 174 174 500 258 67 258 687 778 526|0.2 -0.08742093435328169 -0.04321517358032767 0.009153764992246849
1536 1000 3072 1143 793 793 1143 533 205 533 1024 2391 1616 971|0.2 0.07046679444964621 -0.13161028173116596 0.0352740481366598
1355 1000 1355 1511 1511 1511 1511 1000 4064 1000 4064 1684 1916 2791|0.2 0 0 0
662 1000 662 896 2689 2689 896 1000 662 1000 662 1267 1847 2769|0.2 0 0 0
1116 3000 1116 738 738 738 738 1000 1116 3000 1116 2060 1243 1414|0.2 0 0 0
738 1000 738 1116 1116 1116 1116 3000 738 3000 738 1243 2060 1257|0.2 0 0 0
2689 1000 896 662 662 662 662 1000 2689 1000 896 1847 1127 2769|0.2 0 0 0
1511 1000 1511 1355 1355 4064 4064 1000 1511 1000 1511 1703 1684 2791|0.2 0 0 0
1355 1000 1355 1511 1511 1511 1511 1000 4064 1000 4064 1684 1703 2791|0.2 0 0 0
1116 3000 1116 738 738 738 738 1000 1116 3000 1116 2060 1243 1257|0.2 0 0 0
662 1000 662 896 2689 2689 896 1000 662 1000 662 1127 1847 2769|0.2 0 0 0
738 1000 738 1116 1116 1116 1116 3000 738 3000 738 1243 2060 1414|0.2 0 0 0
1511 1000 1511 1355 1355 4064 4064 1000 1511 1000 1511 1916 1684 2791|0.2 0 0 0
2689 1000 896 662 662 662 662 1000 2689 1000 896 1847 1267 2769|0.2 0 0 0
896 1000 2689 662 662 662 662 1000 896 1000 2689 1847 1127 1114|0.2 0 0 0
1511 1000 1511 4064 4064 1355 1355 1000 1511 1000 1511 1703 4185 2791|0.2 0 0 0
246 1000 246 372 372 372 372 333 246 333 246 1030 687 419|0.2 0 0 0
662 1000 662 2689 896 896 2689 1000 662 1000 662 1267 1847 1114|0.2 0 0 0
372 333 372 246 246 246 246 1000 372 333 372 687 1030 471|0.2 0 0 0
4064 1000 4064 1511 1511 1511 1511 1000 1355 1000 1355 4185 1916 2791|0.2 0 0 0
896 1000 2689 662 662 662 662 1000 896 1000 2689 1847 1267 1114|0.2 0 0 0
246 1000 246 372 372 372 372 333 246 333 246 1030 687 471|0.2 0 0 0
1511 1000 1511 4064 4064 1355 1355 1000 1511 1000 1511 1916 4185 2791|0.2 0 0 0
662 1000 662 2689 896 896 2689 1000 662 1000 662 1127 1847 1114|0.2 0 0 0
372 333 372 246 246 246 246 1000 372 333 372 687 1030 419|0.2 0 0 0
4064 1000 4064 1511 1511 1511 1511 1000 1355 1000 1355 4185 1703 2791|0.2 0 0 0
1000 1000 1000 3000 1600 200 1600 1720 1720 1720 1720 1414 1887 1020|0.2 -0.018344874215995288 -0.023635453000757645 -0.11328518273326038
573 533 333 333 573 573 333 533 573 67 333 629 629 1046|0.2 -0.14695895630513323 0.007710012708064262 0.014936613088905037
1600 1720 3000 1000 1000 1720 1720 1000 200 1720 1600 1887 1414 1020|0.2 0.021151931116807354 -0.1325566172479875 -0.007085617734954308
1000 1000 1000 1600 200 1600 3000 1720 1720 1720 1720 1414 1020 1887|0.2 -0.017475061370154643 0.01933023070417761 0.26337173356885346
1075 125 625 625 1075 1075 625 1875 1075 1000 625 637 1976 884|0.2 0.28677163674017736 -0.07920379744104644 0.06484857772302677
3000 1720 1600 1000 1000 1720 1720 1000 1600 1720 200 3162 1414 1887|0.2 -0.017209712461777604 0.23029598703813603 0.00030909541518742145
1000 1000 1000 200 1600 3000 1600 1720 1720 1720 1720 1414 1887 3162|0.2 -0.0429316649131084 -0.03590700209566311 -1.9546489011758872
1600 1720 200 1000 1000 1720 1720 1000 3000 1720 1600 1887 1414 3162|0.2 0.05697609978876139 -1.4537124414797231 0.021550855417742376
8602 8000 5000 5000 8602 8602 5000 8000 8602 15000 5000 9434 9434 15684|0.2 -1.346224242115237 0.08555187154076327 0.05126652023577982
1000 1000 1000 1600 3000 1600 200 1720 1720 1720 1720 1414 3162 1887|0.2 0.03861855203699749 -0.02054302056382129 0.26586440600429695
200 1720 1600 1000 1000 1720 1720 1000 1600 1720 3000 1020 1414 1887|0.2 -0.05579090742607984 0.27751271725526827 0.05822625217781763
1075 1875 625 625 1075 1075 625 125 1075 1000 625 1976 637 884|0.2 0.21453577825637282 -0.00466207383028161 0.03574057957173249
333 533 573 573 333 333 573 533 333 67 573 1054 1054 471|0.2 -0.13436711447731065 0.018681290866440214 0.05197941140558493
930 581 1744 1000 1000 581 581 1000 116 581 930 1838 1823 1097|0.2 -0.0004610072298083523 -0.13150393227070678 0.021531417214766257
1000 1000 1000 1744 930 116 930 581 581 581 581 1823 1838 1097|0.2 -0.005256080089353077 0.021462939481116106 -0.1334278040370085
625 1875 1075 1075 625 625 1075 125 625 1000 1075 1179 1179 884|0.2 0.24509133783168213 0.003718597793154199 -0.03588907732828717
116 581 930 1000 1000 581 581 1000 930 581 1744 1097 822 593|0.2 0.04517037259418766 0.19800428153899263 -0.0072389002635542266
1000 1000 1000 930 1744 930 116 581 581 581 581 822 1097 1838|0.2 -0.10879284039798764 0.08931770119670057 0.10453937831555793
5000 8000 8602 8602 5000 5000 8602 8000 5000 15000 8602 5099 5099 7071|0.2 -1.5335489755551146 0.013207205713112735 0.037576121423874564
1000 1000 1000 116 930 1744 930 581 581 581 581 1823 593 1097|0.2 0.02193496146481122 0.04457360369072294 -1.5706307027079902
930 581 116 1000 1000 581 581 1000 1744 581 930 593 1823 1097|0.2 0.017169974520943043 -1.4855138720690697 0.05646904555014709
625 125 1075 1075 625 625 1075 1875 625 1000 1075 1179 1179 884|0.2 0.1395042890875331 0.08578974719142263 -0.062151910086849504
1744 581 930 1000 1000 581 581 1000 930 581 116 1097 822 1838|0.2 -0.09946560239685209 0.11606665294089158 0.08852584302226907
1000 1000 1000 930 116 930 1744 581 581 581 581 822 1097 593|0.2 0.035323706552983225 -0.04158481051097063 0.21867538590967683
1000 1000 1000 1720 1720 1720 1720 1000 3000 1000 3000 1414 1990 2441|0.2 0 0 0
581 1000 581 581 1744 1744 581 1000 581 1000 581 1157 1419 1838|0.2 0 0 0
1720 3000 1720 1000 1000 1000 1000 1000 1720 3000 1720 2441 1414 1990|0.2 0 0 0
1000 1000 1000 1720 1720 1720 1720 3000 1000 3000 1000 1414 2441 1990|0.2 0 0 0
1744 1000 581 581 581 581 581 1000 1744 1000 581 1419 1157 1838|0.2 0 0 0
1720 1000 1720 1000 1000 3000 3000 1000 1720 1000 1720 1990 1414 2441|0.2 0 0 0
1000 1000 1000 1720 1720 1720 1720 1000 3000 1000 3000 1414 1990 2441|0.2 0 0 0
1720 3000 1720 1000 1000 1000 1000 1000 1720 3000 1720 2441 1414 1990|0.2 0 0 0
581 1000 581 581 1744 1744 581 1000 581 1000 581 1157 1419 1838|0.2 0 0 0
1000 1000 1000 1720 1720 1720 1720 3000 1000 3000 1000 1414 2441 1990|0.2 0 0 0
1720 1000 1720 1000 1000 3000 3000 1000 1720 1000 1720 1990 1414 2441|0.2 0 0 0
1744 1000 581 581 581 581 581 1000 1744 1000 581 1419 1157 1838|0.2 0 0 0
581 1000 1744 581 581 581 581 1000 581 1000 1744 1419 1157 822|0.2 0 0 0
1720 1000 1720 3000 3000 1000 1000 1000 1720 1000 1720 1990 3162 2441|0.2 0 0 0
333 1000 333 573 573 573 573 333 333 333 333 1054 814 663|0.2 0 0 0
581 1000 581 1744 581 581 1744 1000 581 1000 581 1157 1419 822|0.2 0 0 0
573 333 573 333 333 333 333 1000 573 333 573 814 1054 663|0.2 0 0 0
3000 1000 3000 1720 1720 1720 1720 1000 1000 1000 1000 3162 1990 2441|0.2 0 0 0
581 1000 1744 581 581 581 581 1000 581 1000 1744 1419 1157 822|0.2 0 0 0
333 1000 333 573 573 573 573 333 333 333 333 1054 814 663|0.2 0 0 0
1720 1000 1720 3000 3000 1000 1000 1000 1720 1000 1720 1990 3162 2441|0.2 0 0 0
581 1000 581 1744 581 581 1744 1000 581 1000 581 1157 1419 822|0.2 0 0 0
573 333 573 333 333 333 333 1000 573 333 573 814 1054 663|0.2 0 0 0
3000 1000 3000 1720 1720 1720 1720 1000 1000 1000 1000 3162 1990 2441|0.2 0 0 0
581 1000 581 1000 1000 1000 1000 1000 1744 1000 1744 1157 822 1419|0.2 0 0 0
1000 1000 1000 581 1744 1744 581 1000 1000 1000 1000 822 1419 2010|0.2 0 0 0
1720 3000 1720 1720 1720 1720 1720 1000 1720 3000 1720 2441 1990 1414|0.2 0 0 0
1720 1000 1720 1720 1720 1720 1720 3000 1720 3000 1720 1990 2441 3137|0.2 0 0 0
1744 1000 581 1000 1000 1000 1000 1000 1744 1000 581 1419 1823 2010|0.2 0 0 0
1000 1000 1000 581 581 1744 1744 1000 1000 1000 1000 1823 1157 1419|0.2 0 0 0
581 1000 581 1000 1000 1000 1000 1000 1744 1000 1744 1157 1823 1419|0.2 0 0 0
1720 3000 1720 1720 1720 1720 1720 1000 1720 3000 1720 2441 1990 3137|0.2 0 0 0
1000 1000 1000 581 1744 1744 581 1000 1000 1000 1000 1823 1419 2010|0.2 0 0 0
1720 1000 1720 1720 1720 1720 1720 3000 1720 3000 1720 1990 2441 1414|0.2 0 0 0
1000 1000 1000 581 581 1744 1744 1000 1000 1000 1000 822 1157 1419|0.2 0 0 0
1744 1000 581 1000 1000 1000 1000 1000 1744 1000 581 1419 822 2010|0.2 0 0 0
581 1000 1744 1000 1000 1000 1000 1000 581 1000 1744 1419 1823 1157|0.2 0 0 0
1000 1000 1000 1744 1744 581 581 1000 1000 1000 1000 1823 2010 1419|0.2 0 0 0
573 1000 573 573 573 573 573 333 573 333 573 1153 814 1046|0.2 0 0 0
1000 1000 1000 1744 581 581 1744 1000 1000 1000 1000 822 1419 1157|0.2 0 0 0
573 333 573 573 573 573 573 1000 573 333 573 814 1153 471|0.2 0 0 0
1744 1000 1744 1000 1000 1000 1000 1000 581 1000 581 2010 822 1419|0.2 0 0 0
581 1000 1744 1000 1000 1000 1000 1000 581 1000 1744 1419 822 1157|0.2 0 0 0
573 1000 573 573 573 573 573 333 573 333 573 1153 814 471|0.2 0 0 0
1000 1000 1000 1744 1744 581 581 1000 1000 1000 1000 822 2010 1419|0.2 0 0 0
1000 1000 1000 1744 581 581 1744 1000 1000 1000 1000 1823 1419 1157|0.2 0 0 0
573 333 573 573 573 573 573 1000 573 333 573 814 1153 1046|0.2 0 0 0
1744 1000 1744 1000 1000 1000 1000 1000 581 1000 581 2010 1823 1419|0.2 0 0 0
1075 1875 625 573 573 1075 1075 333 947 625 802 1976 814 1104|0.2 0.1120134654070215 0.10105315237521006 -0.12083113372680199
581 1000 1744 1090 1398 1652 1875 1875 1090 1875 3269 1419 2169 2061|0.2 -0.03552033394781717 0.07525744095249864 0.1887206311833789
1720 1282 918 1600 3000 1000 533 1720 1720 1516 918 1990 3162 2441|0.2 -0.027915768144087805 -0.09518954602677154 0.07635051096333889
1744 581 930 533 1000 1000 533 881 581 745 310 1097 1027 1419|0.2 0.11625754436897395 0.15341976743977082 -0.20676412887362883
1652 1875 1875 1744 581 1090 3269 1000 1398 1875 1090 1925 1419 1304|0.2 -0.2576614858696413 0.044830459087603636 0.13866706380220917
573 333 573 1075 625 802 947 1875 1075 625 1075 814 1179 1244|0.2 0.12272640076657959 -0.19662052832485677 0.16376559615220776
333 533 573 573 573 306 306 333 427 178 505 1054 814 452|0.2 -0.0063919279735236145 -0.07991627957108394 0.029186698164456182
533 881 1000 1744 930 310 581 581 533 745 1000 1338 1838 757|0.2 0.04077744195529753 -0.01607608477068423 -0.04363061983020389
581 1000 1744 1000 881 745 581 533 310 533 930 1419 1338 1099|0.2 -0.025006875600265266 -0.029864698255620548 0.01468338114412715
1600 1720 3000 1720 918 918 1720 1282 533 1516 1000 1887 1357 1302|0.2 -0.027850438939153177 -0.03366307616123887 0.05409856240316424
573 333 573 333 573 505 427 533 306 178 306 814 629 767|0.2 0.0076771807998365915 -0.10813661803302677 -0.041620861756412886
745 533 581 1744 581 310 930 1000 881 533 1000 789 1419 695|0.2 -0.1113067939181378 -0.14144554493475625 0.08779773964066484
1090 1875 1398 581 1744 3269 1090 1000 1875 1875 1652 1479 1419 3446|0.2 -0.13024654485107479 0.0727913539412528 -0.18643213932882596
1720 3000 1720 2405 2842 3226 1875 1875 3226 5625 3226 2441 3547 4315|0.2 -0.044725786664213674 0.026286812342593002 0.009188304580558526
780 1182 416 716 1342 1342 716 780 2339 1342 1248 1475 1058 1904|0.2 0.006126047058852002 0.32425454370963 0.3206039067170363
1744 1000 581 1652 1875 1090 1398 1875 3269 1875 1090 1419 2508 2056|0.2 -0.18659496980723667 -0.4017957360747759 -0.01610212810409961
1135 1135 605 352 660 1979 1055 846 1135 660 605 1518 789 1610|0.2 0.2366939112941946 0.19809241115198217 0.3949504527783976
2405 1875 2842 1720 1720 3226 3226 3000 1875 5625 3226 2243 2441 2545|0.2 0.21579011323711317 0.09541188149593038 0.3234786112382859
1000 533 881 581 1744 930 310 1000 581 533 745 1027 1419 1838|0.2 0.011543997668490569 -0.01090572626981201 0.0565624966509648
352 846 660 1135 605 605 1135 1135 1055 660 1979 1248 1165 859|0.2 -0.21384889031731857 0.21102039178605203 0.17645244008064553
1720 3000 1720 1516 1282 1000 1720 533 918 1600 918 2441 1892 1990|0.2 0.16211578386514214 0.10321469737465616 -0.02376790240087967
1744 1000 581 745 581 1000 881 533 930 533 310 1419 1157 1097|0.2 0.004849017214201279 0.05808074253839557 -0.0014543583688109152
716 780 1342 780 416 1248 2339 1182 716 1342 1342 1552 933 1015|0.2 -0.019797880780306754 0.02323016524338639 0.11586049725774483
1516 533 1282 1720 1720 918 918 3000 1720 1600 1000 1196 2441 1766|0.2 0.1498896700895358 -0.16882954744672607 0.12852674730178482
1000 1000 1000 1104 1104 1104 1104 1000 3000 1000 3000 1414 1489 2054|0.2 0 0 0
906 1000 906 906 2719 2719 906 1000 906 1000 906 1350 1861 2866|0.2 0 0 0
1104 3000 1104 1000 1000 1000 1000 1000 1104 3000 1104 2054 1414 1489|0.2 0 0 0
1000 1000 1000 1104 1104 1104 1104 3000 1000 3000 1000 1414 2054 1489|0.2 0 0 0
2719 1000 906 906 906 906 906 1000 2719 1000 906 1861 1350 2866|0.2 0 0 0
1104 1000 1104 1000 1000 3000 3000 1000 1104 1000 1104 1489 1414 2054|0.2 0 0 0
1000 1000 1000 1104 1104 1104 1104 1000 3000 1000 3000 1414 1489 2054|0.2 0 0 0
1104 3000 1104 1000 1000 1000 1000 1000 1104 3000 1104 2054 1414 1489|0.2 0 0 0
906 1000 906 906 2719 2719 906 1000 906 1000 906 1350 1861 2866|0.2 0 0 0
1000 1000 1000 1104 1104 1104 1104 3000 1000 3000 1000 1414 2054 1489|0.2 0 0 0
1104 1000 1104 1000 1000 3000 3000 1000 1104 1000 1104 1489 1414 2054|0.2 0 0 0
2719 1000 906 906 906 906 906 1000 2719 1000 906 1861 1350 2866|0.2 0 0 0
906 1000 2719 906 906 906 906 1000 906 1000 2719 1861 1350 1282|0.2 0 0 0
1104 1000 1104 3000 3000 1000 1000 1000 1104 1000 1104 1489 3162 2054|0.2 0 0 0
333 1000 333 368 368 368 368 333 333 333 333 1054 685 496|0.2 0 0 0
906 1000 906 2719 906 906 2719 1000 906 1000 906 1350 1861 1282|0.2 0 0 0
368 333 368 333 333 333 333 1000 368 333 368 685 1054 496|0.2 0 0 0
3000 1000 3000 1104 1104 1104 1104 1000 1000 1000 1000 3162 1489 2054|0.2 0 0 0
906 1000 2719 906 906 906 906 1000 906 1000 2719 1861 1350 1282|0.2 0 0 0
333 1000 333 368 368 368 368 333 333 333 333 1054 685 496|0.2 0 0 0
1104 1000 1104 3000 3000 1000 1000 1000 1104 1000 1104 1489 3162 2054|0.2 0 0 0
906 1000 906 2719 906 906 2719 1000 906 1000 906 1350 1861 1282|0.2 0 0 0
368 333 368 333 333 333 333 1000 368 333 368 685 1054 496|0.2 0 0 0
3000 1000 3000 1104 1104 1104 1104 1000 1000 1000 1000 3162 1489 2054|0.2 0 0 0
573 533 333 573 573 306 306 333 505 178 427 629 814 767|0.2 -0.036292033845241045 -0.023486890666265525 0.05487208213600159
581 1000 1744 581 745 881 1000 533 310 533 930 1419 789 695|0.2 0.025069432854740725 0.014102167530964937 -0.1018819158166584
918 1282 1720 3000 1600 533 1000 1720 918 1516 1720 1357 1887 1302|0.2 -0.003059937020418735 -0.19199255297709605 0.06340724942928588
930 581 1744 1000 533 533 1000 881 310 745 581 1838 1338 757|0.2 -0.10986075380644333 0.0783244276263817 -0.14052000577828294
881 533 1000 1744 581 310 930 1000 745 533 581 1338 1419 1099|0.2 -0.009938604483978875 0.07146926043987589 -0.06518714303441198
573 333 573 573 333 427 505 533 306 178 306 814 1054 452|0.2 -0.0803673474052613 0.07752593761858773 0.045354601994940236
625 1875 1075 573 573 1075 1075 333 802 625 947 1179 814 1244|0.2 0.051416433618520774 -0.03798247057701043 -0.06504243712922353
1000 881 533 930 1744 581 310 581 1000 745 533 1027 1097 1419|0.2 -0.07514956250775251 0.13629165636716456 0.012665775719962191
581 1000 1744 1875 1652 1398 1090 1875 1090 1875 3269 1419 1925 1304|0.2 0.1822174816129274 -0.0024603874144579763 0.0014644642584826784
3000 1720 1600 918 1720 1720 918 1282 1000 1516 533 3162 1990 2441|0.2 0.2513080170504889 0.0694024938682114 0.017508337826113163
573 333 573 625 1075 947 802 1875 1075 625 1075 814 1976 1104|0.2 0.07281955649261374 -0.06539236987045172 0.0559101187884381
1398 1875 1090 1744 581 1090 3269 1000 1652 1875 1875 2169 1419 2061|0.2 -0.36963836928219473 0.05750679591553842 0.20376028450206585
581 533 745 581 1744 930 310 1000 1000 533 881 1157 1419 1097|0.2 0.2011297464857842 -0.035853871422778516 0.2427682024246791
1720 3000 1720 1282 1516 1720 1000 533 918 1600 918 2441 1196 1766|0.2 0.2419763831219779 0.1867005612448902 -0.07074390631513494
416 1182 780 1342 716 716 1342 780 1248 1342 2339 933 1552 1015|0.2 -0.1659299024162597 0.25028443762021624 0.18740479093998452
1744 1000 581 881 1000 581 745 533 930 533 310 1419 1027 1838|0.2 0.05818130530079735 0.13773698542967283 0.004794839733537337
605 1135 1135 660 352 1055 1979 846 605 660 1135 1165 1248 859|0.2 -0.1234630891351407 0.08197743146895586 0.11519471349420884
1282 533 1516 1720 1720 918 918 3000 1000 1600 1720 1892 2441 1990|0.2 0.08890648825424341 -0.10068414816827409 0.050963039839857505
1875 1875 1652 581 1744 3269 1090 1000 1090 1875 1398 2508 1419 2056|0.2 0.33641854600445775 0.0954521793990093 0.3434698600946251
660 846 352 605 1135 1135 605 1135 1979 660 1055 789 1518 1610|0.2 0.08779710206346492 0.29076967262259057 0.33096264051869495
1720 3000 1720 2842 2405 1875 3226 1875 3226 5625 3226 2441 2243 2545|0.2 0.0770425105692496 0.20977515997281593 0.06082945100528425
1744 1000 581 1398 1090 1875 1652 1875 3269 1875 1090 1419 1479 3446|0.2 0.269436444007376 0.22939825867642982 0.05623430199688251
1342 780 716 416 780 2339 1248 1182 1342 1342 716 1058 1475 1904|0.2 0.03643808101196466 0.3204669105714575 0.19772085279166962
2842 1875 2405 1720 1720 3226 3226 3000 3226 5625 1875 3547 2441 4315|0.2 0.16525922561963613 0.08423708838070976 0.15306146682511956
1000 1000 1000 1000 533 67 533 1104 1104 1104 1104 1414 1133 1002|0.2 0.04164803405755535 0.06039696009757067 -0.14017919007165536
1104 533 1000 1000 1104 1104 1000 533 1104 67 1000 1133 1133 1694|0.2 -0.12510305986502157 -0.014800585014842493 -0.006198909562200594
533 1104 1000 1000 1000 1104 1104 1000 67 1104 533 1133 1414 1002|0.2 0.027252560607957665 -0.12942401282660776 -0.0075123660133036285
1000 1000 1000 533 67 533 1000 1104 1104 1104 1104 1414 1002 1133|0.2 -0.019591004950301194 0.010799140091577453 0.25195965744474025
2069 125 1875 1875 2069 2069 1875 1875 2069 1000 1875 1879 2652 2652|0.2 0.2193488533770016 0.03497705100991233 -0.04053597488616667
1000 1104 533 1000 1000 1104 1104 1000 533 1104 67 1414 1414 1133|0.2 0.08642334261161233 0.31287377709326325 -0.10558238071583292
1000 1000 1000 67 533 1000 533 1104 1104 1104 1104 1414 1133 1414|0.2 0.039177080032091194 -0.012798998921512705 -1.6589123797410343
533 1104 67 1000 1000 1104 1104 1000 1000 1104 533 1133 1414 1414|0.2 0.021139894172033102 -1.671349657819181 -0.004496056928878778
16553 8000 15000 15000 16553 16553 15000 8000 16553 15000 15000 17000 17000 25417|0.2 -2.022108177408475 -0.0524954671343103 -0.011572481065387219
1000 1000 1000 533 1000 533 67 1104 1104 1104 1104 1414 1414 1133|0.2 0.018605810102760856 -0.0282706056190396 0.2665261746201275
67 1104 533 1000 1000 1104 1104 1000 533 1104 1000 1002 1414 1133|0.2 0.08533470821823874 0.14217618972951707 -0.07395001500490661
2069 1875 1875 1875 2069 2069 1875 125 2069 1000 1875 2652 1879 2652|0.2 0.1710970196343431 -0.01383296952927604 0.05846114010910286
1000 533 1104 1104 1000 1000 1104 533 1000 67 1104 1414 1414 1414|0.2 -0.13185585547534906 -0.006310086141241289 -0.008769520602630587
483 906 906 1000 1000 906 906 1000 60 906 483 1282 1535 1027|0.2 -0.02444726428438959 -0.11935092797002111 0.012946881162161361
1000 1000 1000 906 483 60 483 906 906 906 906 1535 1282 1027|0.2 0.09386261919688277 0.08523583009242497 -0.15146784313736728
1875 1875 2069 2069 1875 1875 2069 125 1875 1000 2069 2125 2125 2652|0.2 0.24789409630648684 0.007474257536304041 -0.0004374696193520933
60 906 483 1000 1000 906 906 1000 483 906 906 1027 1282 908|0.2 0.0328612742302381 0.21887843022808662 0.022901952028315797
1000 1000 1000 483 906 483 60 906 906 906 906 1282 1027 1282|0.2 0.09652095508857261 -0.10401823797039578 0.3227420728868924
15000 8000 16553 16553 15000 15000 16553 8000 15000 15000 16553 15033 15033 21213|0.2 -1.9079934413437827 0.01274992453078605 -0.03263971850488323
1000 1000 1000 60 483 906 483 906 906 906 906 1535 908 1027|0.2 0.011231597285379369 0.0031469679550277796 -1.6800381342775017
483 906 60 1000 1000 906 906 1000 906 906 483 908 1535 1027|0.2 -0.013418770640586386 -2.105308082374606 0.0007869338613852861
1875 125 2069 2069 1875 1875 2069 1875 1875 1000 2069 2125 2125 2652|0.2 0.20944417518609093 0.004283614061040275 -0.009722940137482095
906 906 483 1000 1000 906 906 1000 483 906 60 1027 1282 1282|0.2 0.08553286615838207 0.3081343389878288 -0.0791635356615017
1000 1000 1000 483 60 483 906 906 906 906 906 1282 1027 908|0.2 0.10056380274982901 -0.10381521061816001 0.09514044431361057
625 1000 625 354 433 433 354 750 125 750 125 1179 829 515|0.25 -0.03970237466694004 0.12118616128217408 -0.2498199831606429
2121 1225 2828 1768 354 354 1768 1000 2121 1225 2828 2345 1275 2151|0.25 -0.24858488412574098 -0.037297535468577836 0.11920233640015043
566 200 566 1600 1600 1200 1200 1000 693 200 693 721 1887 1327|0.25 0.12181513431705149 -0.28465872101775536 0.005435757127549845
1600 1000 1600 693 693 566 566 200 1200 200 1200 1887 825 1697|0.25 0.10849573965749704 0.03365573129895161 -0.26887061416170366
289 1000 1443 2309 1732 1732 2309 816 289 816 1443 1190 2449 1756|0.25 -0.19640373400771072 0.06675410843524521 0.06286034555855524
354 750 433 625 625 125 125 1000 354 750 433 1061 1179 451|0.25 0.03832846461460537 -0.20920895705705322 0.08199677605619682
625 1000 625 433 354 354 433 750 125 750 125 1179 1061 451|0.25 -0.0043601903949941345 0.11173492508688154 -0.2649873804244729
693 200 693 1600 1600 1200 1200 1000 566 200 566 825 1887 1697|0.25 0.03540685841240787 -0.1377395587810215 0.0921355605528329
1732 816 2309 1443 289 289 1443 1000 1732 816 2309 2449 1190 1756|0.25 -0.22836147933761874 0.03114347700382547 0.0893476410199101
1600 1000 1600 566 566 693 693 200 1200 200 1200 1887 721 1327|0.25 0.08671372511617648 0.07476272335073864 -0.24538285303368879
433 750 354 625 625 125 125 1000 433 750 354 829 1179 515|0.25 -0.05081005588738252 -0.22236713659780638 0.11153862300643524
354 1000 1768 2828 2121 2121 2828 1225 354 1225 1768 1275 2345 2151|0.25 -0.20766197413772614 0.07241358781332252 0.06615321676128438
1768 1000 354 2121 2828 2828 2121 1225 1768 1225 354 1275 3000 3335|0.25 0.21763066149146804 0.3800780644969426 -0.033731824176295166
577 1333 471 167 167 833 833 1000 577 1333 471 1414 1014 687|0.25 0.039778108199166606 0.24887781154227406 0.4938386353289026
6000 1000 6000 2828 2828 3464 3464 5000 8000 5000 8000 6083 3606 8485|0.25 0.5621050313481368 0.0682062651377846 0.26691733846828436
2309 816 1732 289 1443 1443 289 1000 2309 816 1732 1915 1190 2723|0.25 0.23367677021534083 -0.048392771801308854 0.39625546070790385
3464 5000 3464 6000 6000 8000 8000 1000 2828 5000 2828 4123 6083 6633|0.25 0.5170149791692791 0.22851116994099696 0.10799798657588511
167 1000 167 577 471 471 577 1333 833 1333 833 1014 1106 601|0.25 0.08121221268622136 0.40816640034005314 0.17728131801038938
1443 1000 289 1732 2309 2309 1732 816 1443 816 289 1190 1915 2723|0.25 0.17694390756999745 0.4255648374209908 0.10870131072552969
6000 1000 6000 3464 3464 2828 2828 5000 8000 5000 8000 6083 4123 6633|0.25 0.5249341193596924 0.05008450394030417 0.26431778486722735
471 1333 577 167 167 833 833 1000 471 1333 577 1106 1014 601|0.25 -0.09122741791918187 0.15188259713029506 0.18366954613438846
2828 1225 2121 354 1768 1768 354 1000 2828 1225 2121 3000 1275 3335|0.25 0.17052107253788806 -0.10518519763042411 0.21314300399313035
2828 5000 2828 6000 6000 8000 8000 1000 3464 5000 3464 3606 6083 8485|0.25 0.5450290673866331 0.29250668522966317 0.005256796628909655
167 1000 167 471 577 577 471 1333 833 1333 833 1014 1414 687|0.25 -0.07136493388272713 0.1879624929117929 0.14161257901711632
354 1000 1768 1000 187 187 1000 921 88 921 354 1275 1106 258|0.25 -0.040625303083376973 0.0436691894226815 -0.10701547220292151
921 187 1000 1768 354 88 354 1000 921 187 1000 1106 1275 938|0.25 -0.08266626809962596 -0.0037303107446384765 0.010505518106644907
566 200 566 566 566 521 521 200 106 50 106 721 721 625|0.25 -0.0004232277375737503 -0.06925761738013736 0.005448339125280199
2828 5000 2828 530 530 2828 2828 250 2604 1000 2604 3606 729 2828|0.25 0.3151879706953853 0.009515530160331132 -0.5096254205111583
471 1000 1886 5333 4910 4910 5333 5333 1886 5333 9428 1374 5333 5000|0.25 -0.5761342635277178 0.33260386704756506 0.011303276754630609
1000 921 187 354 1768 354 88 1000 1000 921 187 1000 1275 1275|0.25 0.00589185319173291 -0.5080606555730605 0.3139615410985308
1768 1000 354 187 1000 1000 187 921 354 921 88 1275 1000 1275|0.25 -0.0005067879786668783 0.28884639839408477 -0.457303964986997
530 250 530 2828 2828 2604 2604 5000 2828 1000 2828 729 3606 2828|0.25 0.2800151759339342 -0.4156878572308442 0.001719222340672566
4910 5333 5333 1886 471 1886 9428 1000 4910 5333 5333 5333 1374 5000|0.25 -0.4115424602397255 0.0033589388439936307 0.27925780427886293
566 200 566 566 566 106 106 200 521 50 521 721 721 625|0.25 0.031523514355515925 -0.026294248619127547 -0.09793376974909784
187 921 1000 1768 354 88 354 1000 187 921 1000 1106 1275 258|0.25 -0.015257422421646183 -0.10919362784163389 0.03189683468542093
354 1000 1768 1000 921 921 1000 187 88 187 354 1275 1106 938|0.25 -0.09572948203388831 0.01686488146614984 -0.003249014913788706
1768 1000 354 921 1000 1000 921 187 354 187 88 1275 1000 1275|0.25 0.11778580984531883 0.3452649119631013 -0.012131444090250909
204 1086 1086 384 96 384 1920 1000 204 1086 1086 1086 1018 280|0.25 -0.016584603363763994 0.1167975029146251 0.33423738884396315
2604 250 2604 2828 2828 530 530 5000 2828 1000 2828 2652 3606 2828|0.25 0.3283633747821124 -0.013346629315853509 0.11471736902606944
5333 5333 4910 471 1886 9428 1886 1000 5333 5333 4910 5897 1374 6799|0.25 0.4163615787929609 -0.0026996580999050224 0.11699854468959714
2121 4000 2121 10416 10416 11314 11314 4000 11314 20000 11314 2915 10607 12510|0.25 0.4598425115898719 0.5661575696456467 0.011581921959349373
384 1000 96 204 1086 1086 204 1086 1920 1086 384 1018 1201 1385|0.25 -0.009596134321894212 -0.020418021427139887 0.34137098934336363
1886 1000 471 4910 5333 5333 4910 5333 9428 5333 1886 1374 5897 6799|0.25 0.7037053316422037 0.7734549116943223 0.026150512051525965
10416 4000 10416 2121 2121 11314 11314 4000 11314 20000 11314 10607 2915 12510|0.25 0.30458840164135026 0.0029038381626667054 0.4984121372277639
1086 1086 204 96 384 1920 384 1000 1086 1086 204 1201 1018 1385|0.25 0.02733846179568289 0.6889949697248277 0.7328585347810335
1000 187 921 354 1768 354 88 1000 1000 187 921 1000 1275 1275|0.25 0.11576879512321447 -0.009792981311910198 0.3382032926296774
2828 5000 2828 2604 2604 2828 2828 250 530 1000 530 3606 2652 2828|0.25 0.3112832896399942 0.10063126372207298 -0.005368095273626805
96 1000 384 1086 204 204 1086 1086 384 1086 1920 1018 1086 280|0.25 -0.007985023010792514 0.3261986581219456 0.1102961216876297
3667 1000 3667 1362 1860 1860 1362 3750 2500 3750 2500 3801 2791 3553|0.25 0 0 0
2754 1366 734 2693 1836 1836 2693 1000 2754 1366 734 2050 2438 3310|0.25 0 0 0
371 682 371 273 273 1023 1023 1000 507 682 507 905 1037 761|0.25 0 0 0
273 1000 273 507 507 371 371 682 1023 682 1023 1037 969 611|0.25 0 0 0
1344 1000 1972 538 2016 2016 538 732 1344 732 1972 1911 1205 2424|0.25 0 0 0
1362 3750 1860 3667 3667 2500 2500 1000 1362 3750 1860 2241 3801 3320|0.25 0 0 0
3667 1000 3667 1860 1362 1362 1860 3750 2500 3750 2500 3801 2241 3320|0.25 0 0 0
507 682 507 273 273 1023 1023 1000 371 682 371 969 1037 611|0.25 0 0 0
2016 732 538 1972 1344 1344 1972 1000 2016 732 538 1205 1911 2424|0.25 0 0 0
273 1000 273 371 371 507 507 682 1023 682 1023 1037 905 761|0.25 0 0 0
1860 3750 1362 3667 3667 2500 2500 1000 1860 3750 1362 2791 3801 3553|0.25 0 0 0
1836 1000 2693 734 2754 2754 734 1366 1836 1366 2693 2438 2050 3310|0.25 0 0 0
2693 1000 1836 2754 734 734 2754 1366 2693 1366 1836 2438 1646 2791|0.25 0 0 0
496 267 363 667 667 978 978 1000 496 267 363 598 1202 948|0.25 0 0 0
1500 1000 1500 545 545 744 744 1467 400 1467 400 1803 1328 896|0.25 0 0 0
538 732 2016 1344 1972 1972 1344 1000 538 732 2016 1501 1911 2044|0.25 0 0 0
744 1467 744 1500 1500 400 400 1000 545 1467 545 1421 1803 1117|0.25 0 0 0
667 1000 667 496 363 363 496 267 978 267 978 1202 744 885|0.25 0 0 0
1972 1000 1344 2016 538 538 2016 732 1972 732 1344 1911 1501 2044|0.25 0 0 0
1500 1000 1500 744 744 545 545 1467 400 1467 400 1803 1421 1117|0.25 0 0 0
363 267 496 667 667 978 978 1000 363 267 496 744 1202 885|0.25 0 0 0
734 1366 2754 1836 2693 2693 1836 1000 734 1366 2754 1646 2438 2791|0.25 0 0 0
545 1467 545 1500 1500 400 400 1000 744 1467 744 1328 1803 896|0.25 0 0 0
667 1000 667 363 496 496 363 267 978 267 978 1202 598 948|0.25 0 0 0
354 500 354 433 433 81 81 500 214 406 214 791 829 422|0.25 0.12320085635553646 -0.05561810805926659 -0.03631360388593463
1155 1000 2309 816 493 493 816 188 938 188 1155 1915 976 1152|0.25 0.0820983652865559 -0.005677920557582983 -0.1822436519367554
230 604 1225 2828 1414 1149 1414 1000 230 604 1225 1195 2236 1295|0.25 -0.13855708305011927 0.018411093889376673 0.09133366407214183
1414 1000 2828 1225 230 230 1225 604 1149 604 1414 2236 1195 1295|0.25 -0.058032928222430114 0.08120125241348308 -0.009696135779906356
493 188 816 2309 1155 938 1155 1000 493 188 816 976 1915 1152|0.25 -0.018802192519978833 -0.07624526850029123 0.13307674683953774
433 500 433 354 354 214 214 500 81 406 81 829 791 422|0.25 0.08496669498073928 0.11414367063310227 -0.3122598155166445
707 2000 707 162 162 866 866 812 427 1000 427 1581 916 500|0.25 0.10163704353417291 0.1390798313441599 0.28700443440194956
1225 604 230 1414 2828 1414 1149 1000 1225 604 230 707 2236 2345|0.25 0.25540947817913384 0.5078658957423299 0.0543713992175876
5004 1000 6158 4355 2632 2632 4355 5333 6158 5333 12317 5640 3079 6143|0.25 0.11883041215352108 -0.0393373366660843 0.1544121724323677
2828 1000 1414 230 1225 1225 230 604 1414 604 1149 2236 707 2345|0.25 0.04059474716906708 -0.21220374854419854 -0.2899355339380483
162 812 162 707 707 427 427 2000 866 1000 866 916 1581 500|0.25 -0.1432985628950667 -0.05839833647145354 0.11019787995495411
2632 5333 4355 6158 5004 6158 12317 1000 2632 5333 4355 3079 5640 6143|0.25 0.38565229038210136 0.2271249836471334 0.010618519922063197
816 188 493 1155 2309 1155 938 1000 816 188 493 577 1915 1826|0.25 0.0699977366161364 0.04208685896238906 -0.2843435203248301
866 2000 866 427 427 707 707 812 162 1000 162 1658 998 500|0.25 -0.027480429080456448 0.11848143277789713 -0.17662798315003947
1901 1000 2340 2027 380 380 2027 1655 2340 1655 4680 2334 1170 2143|0.25 -0.20993630875445923 0.017227502755550184 0.12730426229984992
2309 1000 1155 493 816 816 493 188 1155 188 938 1915 577 1826|0.25 0.055514477558948894 0.059900595531448 -0.1102385148687679
380 1655 2027 2340 1901 2340 4680 1000 380 1655 2027 1170 2334 2143|0.25 -0.3075845334123184 0.13853634237781742 0.0071897625729366865
427 812 427 866 866 162 162 2000 707 1000 707 998 1658 500|0.25 0.10927447879453656 -0.22869405512814578 0.11287626430958042
4355 5333 2632 5004 6158 12317 6158 1000 4355 5333 2632 5203 5640 9737|0.25 0.5791061234788297 0.24845006090873145 0.09707310474019293
2340 1000 1901 380 2027 2027 380 1655 4680 1655 2340 2334 1977 3881|0.25 0.031221980909923452 -0.016079619593051264 0.1130432928740488
200 1231 200 526 526 870 870 1231 1066 2462 1066 1127 1228 1040|0.25 0.4627972641510536 0.3974243859416804 -0.021792558422862873
6158 1000 5004 2632 4355 4355 2632 5333 12317 5333 6158 5640 5203 9737|0.25 0.188843339672502 0.2766842717741347 -0.046404338713874616
2027 1655 380 1901 2340 4680 2340 1000 2027 1655 380 1977 2334 3881|0.25 0.2469244561370032 0.6255286251377168 0.14601167757041678
526 1231 526 200 200 1066 1066 1231 870 2462 870 1228 1127 1040|0.25 0.09606074489016514 -0.05864496407072539 0.032422694180787026
366 1523 1755 2390 2106 2265 3264 1875 3976 2856 6581 1138 2203 2580|0.25 0.10240339668974086 0.5436200509639422 0.15121192734891098
785 881 418 734 2754 1664 153 1366 1195 948 637 922 2050 1989|0.25 0.06885899321389832 0.13198964714117523 0.3647973626364953
1860 3750 1362 570 868 1628 1068 208 1291 2266 1200 2791 648 1014|0.25 0.2732867203624867 -0.033460731783454545 0.07422152619113387
4167 4800 2735 5761 6194 8926 6536 10875 7812 18000 5128 4976 7055 12627|0.25 0.29047417819913157 0.2739707261566027 0.26151627322766435
1888 1075 174 475 890 1356 723 1135 3125 1549 833 1225 1428 3055|0.25 0.07983276506630999 -1.4053207970131953 -0.013047978659708193
2390 1875 2106 366 1755 6581 3976 1523 3264 2856 2265 3007 1819 4899|0.25 0.02122904917233992 0.16641619460568524 -0.6938157873063822
1152 656 240 1487 2142 1569 1383 1875 4320 1231 2610 747 3031 2581|0.25 -0.1077988811425945 -1.7576164686875473 0.017591361839237596
5761 10875 6194 4167 2735 5128 7812 4800 6536 18000 8926 6598 3111 8224|0.25 -0.3144033045824046 0.20685348185004226 0.12710275783768044
1261 1441 673 161 1756 2906 775 930 828 1055 442 2038 1065 2099|0.25 0.05213061016958731 -0.04531285084681036 -1.4459858043511464
570 208 868 1860 1362 1200 1291 3750 1068 2266 1628 1037 2241 1255|0.25 0.07208204220945813 0.1585203862954354 -0.11209406915041242
1487 1875 2142 1152 240 2610 4320 656 1383 1231 1569 1169 1194 1584|0.25 0.13554445478061616 0.05892835979616429 0.3749222058487556
2016 732 538 467 875 574 306 694 1218 645 112 1205 546 1972|0.25 -0.0033890253319524 0.33609843514955884 0.11448870184306958
734 1366 2754 785 418 637 1195 881 153 948 1664 1646 1258 476|0.25 -0.1360152021737504 -0.051318039276743166 0.0380138273391184
1123 533 1275 3510 2121 195 936 1523 1208 812 1741 1604 2535 1287|0.25 -0.0013226274846234176 -0.2474858561771376 0.014073707454134166
434 604 285 363 496 344 320 267 231 56 152 722 598 701|0.25 -0.07080722899731717 0.04050240718610043 -0.059293932045475506
475 1135 890 1888 174 833 3125 1075 723 1549 1356 1046 1145 864|0.25 -0.06291766618723993 0.012717757170672694 0.174610637901218
570 92 530 472 718 383 251 1655 821 441 601 607 1618 448|0.25 0.17780360454910937 -0.05272094413399597 -0.003866731880403096
3510 1523 2121 1123 1275 1741 1208 533 936 812 195 3432 1175 2097|0.25 -0.100857128594255 0.053780575672577324 0.07716245585075665
161 930 1756 1261 673 442 828 1441 775 1055 2906 1139 786 502|0.25 0.021480960159412366 0.11839649380827044 -0.005136549231373744
472 1655 718 570 530 601 821 92 251 441 383 1196 649 554|0.25 0.16328503089569013 -0.03725929916916115 -0.08050697818074104
1143 533 793 1392 2304 614 128 656 837 350 737 623 1664 1715|0.25 -0.0077139445091845005 0.015473600774289498 0.11767295741145434
467 694 875 2016 538 112 1218 732 306 645 574 1415 1501 557|0.25 0.06039744531993074 0.030461000995987142 -0.10867864756845202
363 267 496 434 285 152 231 604 320 56 344 744 978 457|0.25 -0.104479699704777 0.03246167693793378 0.021276980588331718
1392 656 2304 1143 793 737 837 533 128 350 614 2253 1616 903|0.25 -0.017012757074655882 -0.07131538726165787 0.0017428866957192035
354 500 354 433 354 66 81 750 326 453 214 791 1061 391|0.25 0 0 0
1732 816 2309 816 493 752 816 188 1046 153 1155 2449 976 1251|0.25 0 0 0
230 604 1225 2828 1414 1282 2121 1000 187 921 1000 1195 2236 1427|0.25 0 0 0
1414 1000 2828 1000 187 230 1225 921 1282 604 2121 2236 1106 1295|0.25 0 0 0
921 187 1000 2828 2121 1282 1414 1225 604 230 1000 1106 2345 2074|0.25 0 0 0
433 750 354 354 354 214 326 500 81 453 66 829 791 422|0.25 0 0 0
707 2000 707 133 162 866 707 906 427 1500 651 1581 916 500|0.25 0 0 0
1000 921 187 1414 2828 2121 1282 1000 1225 604 230 1000 2236 2345|0.25 0 0 0
6835 1225 7542 5333 4910 3223 5333 5333 11314 6532 15085 6908 5333 8172|0.25 0 0 0
2828 1000 1414 230 1225 1000 187 604 2121 921 1282 2236 707 3000|0.25 0 0 0
133 906 162 707 707 651 427 2000 707 1500 866 1009 1581 707|0.25 0 0 0
2632 5333 4355 6158 5581 9238 12317 816 4009 4355 4355 3079 6212 9033|0.25 0 0 0
816 188 493 1732 2309 1155 1046 816 816 153 752 577 1915 1826|0.25 0 0 0
471 1333 577 285 434 471 471 604 88 667 108 1106 722 471|0.25 0 0 0
2121 1523 3510 2027 380 310 1655 1655 2340 1655 4680 2535 1170 2143|0.25 0 0 0
2828 1225 2121 921 1000 1000 604 187 1414 230 1282 3000 1000 2236|0.25 0 0 0
204 1086 1086 2304 1392 1536 3072 656 249 1086 1330 1086 2253 1549|0.25 0 0 0
285 604 434 471 577 108 88 1333 471 667 471 978 1414 333|0.25 0 0 0
5333 5333 4910 6835 7542 15085 11314 1225 5333 6532 3223 5897 7608 11926|0.25 0 0 0
2304 656 1392 204 1086 1330 249 1086 3072 1086 1536 1664 1201 3258|0.25 0 0 0
179 1103 146 718 472 780 780 1655 956 2207 780 1113 1196 932|0.25 0 0 0
6158 816 5581 2632 4355 4355 4009 5333 12317 4355 9238 5640 5203 9737|0.25 0 0 0
2027 1655 380 2121 3510 4680 2340 1523 1655 1655 310 1977 3432 3881|0.25 0 0 0
718 1655 472 179 146 780 956 1103 780 2207 780 1618 1011 863|0.25 0 0 0
366 1000 366 1006 1605 1903 1434 1690 1690 1690 1690 1065 2556 2128|0.25 0 0 0
1681 1596 994 364 1681 1681 364 1426 1681 1892 994 2542 1712 2377|0.25 0 0 0
3915 4615 2746 2731 2731 4615 4615 1000 5196 4615 4383 4701 2908 7517|0.25 0 0 0
2731 1000 2731 4383 5196 3915 2746 4615 4615 4615 4615 2908 5811 3320|0.25 0 0 0
1053 1185 228 623 1053 1053 623 626 1053 893 228 1326 410 1489|0.25 0 0 0
1006 1690 1605 366 366 1690 1690 1000 1434 1690 1903 659 1065 1721|0.25 0 0 0
366 1000 366 1903 1434 1006 1605 1690 1690 1690 1690 1065 1216 1158|0.25 0 0 0
4383 4615 5196 2731 2731 4615 4615 1000 2746 4615 3915 4655 2908 1798|0.25 0 0 0
888 753 526 192 888 888 192 844 888 528 526 639 896 1256|0.25 0 0 0
2731 1000 2731 3915 2746 4383 5196 4615 4615 4615 4615 2908 3163 6980|0.25 0 0 0
1903 1690 1434 366 366 1690 1690 1000 1605 1690 1006 2753 1065 1705|0.25 0 0 0
1179 701 255 698 1179 1179 698 1327 1179 1120 255 808 1920 1667|0.25 0 0 0
364 1426 1681 1681 994 994 1681 1596 364 1892 1681 1152 655 1059|0.25 0 0 0
950 592 595 1000 1000 217 217 1000 1126 592 848 390 1414 1009|0.25 0 0 0
1000 1000 1000 595 848 1126 950 217 592 217 592 1414 685 719|0.25 0 0 0
623 626 1053 1053 228 228 1053 1185 623 893 1053 1593 1062 664|0.25 0 0 0
1126 217 950 1000 1000 592 592 1000 848 217 595 1009 1414 1629|0.25 0 0 0
1000 1000 1000 950 595 848 1126 592 217 592 217 1414 1512 685|0.25 0 0 0
192 844 888 888 526 526 888 753 192 528 888 1118 1447 560|0.25 0 0 0
1000 1000 1000 1126 950 595 848 217 592 217 592 1414 1259 1512|0.25 0 0 0
848 592 1126 1000 1000 217 217 1000 595 592 950 1629 1414 1018|0.25 0 0 0
698 1327 1179 1179 255 255 1179 701 698 1120 1179 848 1201 743|0.25 0 0 0
595 217 848 1000 1000 592 592 1000 950 217 1126 1018 1414 390|0.25 0 0 0
1000 1000 1000 848 1126 950 595 592 217 592 217 1414 719 1259|0.25 0 0 0
3000 1000 3000 693 693 693 693 200 2200 200 2200 3162 825 2661|0.25 0.11787043504203565 0.05313823863670297 -0.28763943200298403
289 1000 1443 4330 3175 3175 4330 1000 289 1000 1443 1190 3841 3189|0.25 -0.16936313892533472 0.058481070783222844 0.055888164504052096
231 733 231 333 333 67 67 1000 231 733 231 887 1054 275|0.25 -0.010341901421075939 -0.28002315682888357 0.11842705553830823
333 1000 333 231 231 231 231 733 67 733 67 1054 887 275|0.25 0.06240441906512739 0.07222374774791707 -0.20612591338688424
3175 1000 4330 1443 289 289 1443 1000 3175 1000 4330 3841 1190 3189|0.25 -0.2799392860990413 0.006183062574827147 0.11359207318110576
693 200 693 3000 3000 2200 2200 1000 693 200 693 825 3162 2661|0.25 0.037982112990531114 -0.15882397272152904 0.11098827186244664
3000 1000 3000 693 693 693 693 200 2200 200 2200 3162 825 2661|0.25 0.13092036476884283 0.01824977915982906 -0.2946711709136629
231 733 231 333 333 67 67 1000 231 733 231 887 1054 275|0.25 0.03225978941533203 -0.18182498738725017 0.07235240102986706
289 1000 1443 4330 3175 3175 4330 1000 289 1000 1443 1190 3841 3189|0.25 -0.11404481545897793 0.06269946535245818 -0.044460179128024135
333 1000 333 231 231 231 231 733 67 733 67 1054 887 275|0.25 0.059284072746754735 0.07494983441354464 -0.20575985789300533
693 200 693 3000 3000 2200 2200 1000 693 200 693 825 3162 2661|0.25 0.08623306994177238 -0.1670759509213693 -0.047204710669743744
3175 1000 4330 1443 289 289 1443 1000 3175 1000 4330 3841 1190 3189|0.25 -0.21047304399227973 0.05695767998243895 0.07243546740232976
4330 1000 3175 289 1443 1443 289 1000 4330 1000 3175 3841 1190 4564|0.25 0.22056533265024658 0.058789263112937196 0.44485087165596626
3464 5000 3464 11000 11000 15000 15000 1000 3464 5000 3464 4123 11045 13304|0.25 0.525736480145842 0.23630595455984782 0.10152391042657083
91 1000 91 315 315 315 315 1364 455 1364 455 1004 1209 375|0.25 0.09445164717124532 0.6586177095958989 0.31059627689874914
1443 1000 289 3175 4330 4330 3175 1000 1443 1000 289 1190 3841 4564|0.25 0.27247109849807494 0.5618987892872296 0.04596569283414009
315 1364 315 91 91 455 455 1000 315 1364 315 1209 1004 375|0.25 0.050280098036361576 0.21894236025228553 0.4411943149241626
11000 1000 11000 3464 3464 3464 3464 5000 15000 5000 15000 11045 4123 13304|0.25 0.4732134778630992 0.03593832524259266 0.23525725468289238
4330 1000 3175 289 1443 1443 289 1000 4330 1000 3175 3841 1190 4564|0.25 0.22011894658676256 0.1471117121290355 0.5217394569899403
91 1000 91 315 315 315 315 1364 455 1364 455 1004 1209 375|0.25 0.07174452977297463 0.3542011847765547 0.1549545273229569
3464 5000 3464 11000 11000 15000 15000 1000 3464 5000 3464 4123 11045 13304|0.25 0.41684824841752954 0.22527799459477027 0.02559745070955799
1443 1000 289 3175 4330 4330 3175 1000 1443 1000 289 1190 3841 4564|0.25 0.2971984166478525 0.5478782096227475 0.03636569323604233
315 1364 315 91 91 455 455 1000 315 1364 315 1209 1004 375|0.25 -0.05840335837828503 0.13877774795021613 0.1945109998736183
11000 1000 11000 3464 3464 3464 3464 5000 15000 5000 15000 11045 4123 13304|0.25 0.43851663777482397 0.10986363037368108 0.1861145281347465
354 500 354 354 354 66 66 1000 326 500 326 791 1061 391|0.25 0 0 0
2828 1000 2828 1000 921 921 1000 187 1414 187 1414 3000 1106 2202|0.25 0 0 0
187 921 1000 2828 1414 1414 2828 1000 187 921 1000 1106 2236 1427|0.25 0 0 0
1414 1000 2828 1000 187 187 1000 921 1414 921 2828 2236 1106 1427|0.25 0 0 0
921 187 1000 2828 2828 1414 1414 1000 921 187 1000 1106 3000 2202|0.25 0 0 0
354 1000 354 354 354 326 326 500 66 500 66 1061 791 391|0.25 0 0 0
707 2000 707 133 133 707 707 1000 651 2000 651 1581 1009 707|0.25 0 0 0
1000 921 187 1414 2828 2828 1414 1000 1000 921 187 1000 2236 3000|0.25 0 0 0
7542 1000 7542 5333 4910 4910 5333 5333 15085 5333 15085 7608 5333 11743|0.25 0 0 0
2828 1000 1414 187 1000 1000 187 921 2828 921 1414 2236 1000 3000|0.25 0 0 0
133 1000 133 707 707 651 651 2000 707 2000 707 1009 1581 707|0.25 0 0 0
4910 5333 5333 7542 7542 15085 15085 1000 4910 5333 5333 5333 7608 11743|0.25 0 0 0
1000 187 921 2828 2828 1414 1414 1000 1000 187 921 1000 3000 2236|0.25 0 0 0
354 1000 354 326 326 354 354 500 66 500 66 1061 778 354|0.25 0 0 0
1536 1000 3072 1086 204 204 1086 1086 1536 1086 3072 2391 1086 1549|0.25 0 0 0
2828 1000 2828 921 1000 1000 921 187 1414 187 1414 3000 1000 2236|0.25 0 0 0
204 1086 1086 3072 1536 1536 3072 1000 204 1086 1086 1086 2391 1549|0.25 0 0 0
326 500 326 354 354 66 66 1000 354 500 354 778 1061 354|0.25 0 0 0
5333 5333 4910 7542 7542 15085 15085 1000 5333 5333 4910 5897 7608 11926|0.25 0 0 0
3072 1000 1536 204 1086 1086 204 1086 3072 1086 1536 2391 1201 3258|0.25 0 0 0
133 1000 133 651 651 707 707 2000 707 2000 707 1009 1557 782|0.25 0 0 0
7542 1000 7542 4910 5333 5333 4910 5333 15085 5333 15085 7608 5897 11926|0.25 0 0 0
1086 1086 204 1536 3072 3072 1536 1000 1086 1086 204 1201 2391 3258|0.25 0 0 0
651 2000 651 133 133 707 707 1000 707 2000 707 1557 1009 782|0.25 0 0 0
625 1000 625 433 433 433 433 500 125 500 125 1179 829 515|0.25 0 0 0
1155 1000 2309 1443 289 289 1443 1000 1155 1000 2309 1915 1190 1190|0.25 0 0 0
693 200 693 1600 1600 800 800 1000 693 200 693 825 1887 1327|0.25 0 0 0
1600 1000 1600 693 693 693 693 200 800 200 800 1887 825 1327|0.25 0 0 0
289 1000 1443 2309 1155 1155 2309 1000 289 1000 1443 1190 1915 1190|0.25 0 0 0
433 500 433 625 625 125 125 1000 433 500 433 829 1179 515|0.25 0 0 0
625 1000 625 433 433 433 433 500 125 500 125 1179 829 515|0.25 0 0 0
693 200 693 1600 1600 800 800 1000 693 200 693 825 1887 1327|0.25 0 0 0
1155 1000 2309 1443 289 289 1443 1000 1155 1000 2309 1915 1190 1190|0.25 0 0 0
1600 1000 1600 693 693 693 693 200 800 200 800 1887 825 1327|0.25 0 0 0
433 500 433 625 625 125 125 1000 433 500 433 829 1179 515|0.25 0 0 0
289 1000 1443 2309 1155 1155 2309 1000 289 1000 1443 1190 1915 1190|0.25 0 0 0
1443 1000 289 1155 2309 2309 1155 1000 1443 1000 289 1190 1915 2723|0.25 0 0 0
866 2000 866 250 250 1250 1250 1000 866 2000 866 1658 1031 1031|0.25 0 0 0
4000 1000 4000 3464 3464 3464 3464 5000 8000 5000 8000 4123 4123 6633|0.25 0 0 0
2309 1000 1155 289 1443 1443 289 1000 2309 1000 1155 1915 1190 2723|0.25 0 0 0
3464 5000 3464 4000 4000 8000 8000 1000 3464 5000 3464 4123 4123 6633|0.25 0 0 0
250 1000 250 866 866 866 866 2000 1250 2000 1250 1031 1658 1031|0.25 0 0 0
1443 1000 289 1155 2309 2309 1155 1000 1443 1000 289 1190 1915 2723|0.25 0 0 0
4000 1000 4000 3464 3464 3464 3464 5000 8000 5000 8000 4123 4123 6633|0.25 0 0 0
866 2000 866 250 250 1250 1250 1000 866 2000 866 1658 1031 1031|0.25 0 0 0
2309 1000 1155 289 1443 1443 289 1000 2309 1000 1155 1915 1190 2723|0.25 0 0 0
3464 5000 3464 4000 4000 8000 8000 1000 3464 5000 3464 4123 4123 6633|0.25 0 0 0
250 1000 250 866 866 866 866 2000 1250 2000 1250 1031 1658 1031|0.25 0 0 0
354 1000 1768 1225 230 230 1225 604 88 604 354 1275 1195 290|0.25 -0.034015266122201515 0.040076662405559293 -0.10681954576336028
493 188 816 1443 289 72 289 1000 493 188 816 976 1190 514|0.25 -0.11215175332516591 -0.018310291421642644 0.03388342324826432
693 200 693 566 566 342 342 200 130 50 130 825 721 676|0.25 0.015392232395683436 -0.09233719798441675 -0.002619024376327994
2828 5000 2828 650 650 3464 3464 250 1709 1000 1709 3606 820 2000|0.25 0.30303696180463024 0.00020194802036410664 -0.49161889888216126
385 1000 1540 4355 2632 2632 4355 5333 1540 5333 7698 1262 3079 2742|0.25 -0.5217059773947808 0.31182164792149525 0.004580422312279175
1225 604 230 354 1768 354 88 1000 1225 604 230 707 1275 1458|0.25 0.014298174084259596 -0.5094733818974606 0.3183490933036115
1768 1000 354 230 1225 1225 230 604 354 604 88 1275 707 1458|0.25 0.027816075552691277 0.36261932478599546 -0.5896084479253128
650 250 650 2828 2828 1709 1709 5000 3464 1000 3464 820 3606 2000|0.25 0.3587320441295394 -0.5657158726289457 0.02744163784444531
2632 5333 4355 1540 385 1540 7698 1000 2632 5333 4355 3079 1262 2742|0.25 -0.4327884921131242 0.002094400982246558 0.28624178852072024
566 200 566 693 693 130 130 200 342 50 342 721 825 676|0.25 0.03767583009871345 -0.027267167127363878 -0.10972412223505645
230 604 1225 1768 354 88 354 1000 230 604 1225 1195 1275 290|0.25 -0.017923907241618187 -0.1020868128784147 0.028662260587282162
289 1000 1443 816 493 493 816 188 72 188 289 1190 976 514|0.25 -0.11081888332792111 0.03997299291734979 -0.030225890922731535
1443 1000 289 493 816 816 493 188 289 188 72 1190 577 1041|0.25 0.12368763064352084 0.3456859338535567 -0.02703747101587828
380 1655 2027 585 146 585 2925 1000 380 1655 2027 1170 1042 480|0.25 -0.017540122535671943 0.11812004827638445 0.33932359377940813
1709 250 1709 3464 3464 650 650 5000 2828 1000 2828 1781 4123 2000|0.25 0.3378311413504953 -0.013070493744308243 0.11761460360800058
4355 5333 2632 385 1540 7698 1540 1000 4355 5333 2632 5203 1262 5551|0.25 0.6757897764306664 0.027731261996541967 0.709667703023209
2598 4000 2598 6837 6837 11314 11314 4000 13856 20000 13856 3279 7124 13519|0.25 0.4782220647210811 0.5730549426492804 0.015274922307744188
585 1000 146 380 2027 2027 380 1655 2925 1655 585 1042 1977 2412|0.25 0.007576473589041566 0.40017211051315504 0.5495073255444161
1540 1000 385 2632 4355 4355 2632 5333 7698 5333 1540 1262 5203 5551|0.25 0.5510131533368612 0.44677805783463365 0.015862894737095345
6837 4000 6837 2598 2598 13856 13856 4000 11314 20000 11314 7124 3279 13519|0.25 0.23929922150923932 0.002050471250285568 0.46133133868083487
2027 1655 380 146 585 2925 585 1000 2027 1655 380 1977 1042 2412|0.25 0.03312007865466482 0.7003625888802101 0.7680084979444657
816 188 493 289 1443 289 72 1000 816 188 493 577 1190 1041|0.25 0.1307122667769689 -0.03170797834908923 0.358662558037357
3464 5000 3464 1709 1709 2828 2828 250 650 1000 650 4123 1781 2000|0.25 0.31426262254957704 0.10118641450464816 -0.010358149870715039
146 1000 585 2027 380 380 2027 1655 585 1655 2925 1042 1170 480|0.25 -0.008366585453204456 0.299377293090175 0.09281050368113108
354 500 354 354 354 66 66 500 326 406 326 791 791 391|0.25 0.07978146245794848 -0.2062743347979723 0.06002378081141568
1414 1000 2828 1000 921 921 1000 187 1149 187 1414 2236 1106 1572|0.25 -0.06971735819633396 0.10391665034169328 0.02998002821022583
187 921 1000 2828 1414 1149 1414 1000 187 921 1000 1106 2236 1288|0.25 -0.1260527739622208 0.021129919471705172 0.06296692782587598
1414 1000 2828 1000 187 187 1000 921 1149 921 1414 2236 1106 1288|0.25 -0.013464082349404771 0.14732913517810253 -0.06295895050028921
921 187 1000 2828 1414 1149 1414 1000 921 187 1000 1106 2236 1572|0.25 -0.03467822265167397 0.003622159753857712 0.05982023424046856
354 500 354 354 354 326 326 500 66 406 66 791 791 391|0.25 0.11154132248394566 -0.032723510114193166 -0.05314150923948713
707 2000 707 133 133 707 707 812 651 1000 651 1581 911 707|0.25 -0.13439415724190718 0.08759724670255986 -0.08494120728769095
1000 921 187 1414 2828 1414 1149 1000 1000 921 187 1000 2236 2236|0.25 -0.028010446438583303 -0.46739214342904845 -0.24197227875890515
6128 1000 7542 5333 4910 4910 5333 5333 7542 5333 15085 6872 5333 8386|0.25 0.35555887618412774 0.040884457853433975 0.20283473267825647
2828 1000 1414 187 1000 1000 187 921 1414 921 1149 2236 1000 2236|0.25 0.15232353538770393 -0.013105996454484403 0.22989079777967047
133 812 133 707 707 651 651 2000 707 1000 707 911 1581 707|0.25 -0.12274158027049009 -0.1839195348729794 0.027817334758637458
4910 5333 5333 7542 6128 7542 15085 1000 4910 5333 5333 5333 6872 8386|0.25 0.642209575922057 0.2973231363257445 0.08072258219313344
1000 187 921 1414 2828 1414 1149 1000 1000 187 921 1000 2236 2236|0.25 0.033388640196783115 -0.010937970901320204 -0.07611027221852584
707 2000 707 651 651 707 707 812 133 1000 133 1581 1112 707|0.25 0.10588319506757982 0.12508642339295717 -0.2782478972366109
1248 1000 1536 1086 204 204 1086 1086 1536 1086 3072 1708 1086 1399|0.25 -0.045050416357124146 -0.23248247502521413 0.09793340397792116
2828 1000 1414 921 1000 1000 921 187 1414 187 1149 2236 1000 2236|0.25 0.10033007705864572 -0.194788726068561 -0.09465401503707893
204 1086 1086 1536 1248 1536 3072 1000 204 1086 1086 1086 1708 1399|0.25 -0.164935931162693 0.10968557989804228 -0.009548029261661206
651 812 651 707 707 133 133 2000 707 1000 707 1112 1581 707|0.25 -0.05091528674045831 -0.19337947537887756 0.10760130106360011
5333 5333 4910 6128 7542 15085 7542 1000 5333 5333 4910 5897 6872 11926|0.25 0.06366675610713468 -0.09699580232804483 0.21553453659787447
1536 1000 1248 204 1086 1086 204 1086 3072 1086 1536 1708 1201 2429|0.25 0.27306446084241376 0.1305387042620909 0.684642799953763
163 1231 163 801 801 870 870 1231 870 2462 870 1121 1368 962|0.25 0.2867677429863025 0.6170896054049102 0.13816056272620614
7542 1000 6128 4910 5333 5333 4910 5333 15085 5333 7542 6872 5897 11926|0.25 0.22792537981020988 0.25214768983416347 -0.012948686118373631
1086 1086 204 1248 1536 3072 1536 1000 1086 1086 204 1201 1708 2429|0.25 0.0992248637065396 0.31621907457742404 0.07673957119140207
801 1231 801 163 163 870 870 1231 870 2462 870 1368 1121 962|0.25 0.47611308975418654 -0.02625065546176364 0.4167203345988546
240 656 1152 2142 1487 1383 1569 1875 2610 1231 4320 1194 1169 1584|0.25 0.09270749224349784 0.5347181588038419 0.12633098425119949
875 694 467 538 2016 1218 112 732 574 645 306 546 1205 1972|0.25 0.0027420373421582767 0.07194898978703845 0.3360980698499372
1362 3750 1860 868 570 1068 1628 208 1200 2266 1291 2241 1037 1255|0.25 0.24578173310669138 -0.050296109437988346 0.048287073415445025
2735 4800 4167 6194 5761 6536 8926 10875 5128 18000 7812 3111 6598 8224|0.25 -0.4107631517057042 0.1290257446447507 0.1391341407311053
1756 930 161 673 1261 828 442 1441 2906 1055 775 1065 2038 2099|0.25 0.12949955542735703 -0.8729237842217863 0.096193249937635
2142 1875 1487 240 1152 4320 2610 656 1569 1231 1383 3031 747 2581|0.25 0.3399060675342036 0.2847595614453935 0.6413144864385423
1755 1523 366 2106 2390 3264 2265 1875 6581 2856 3976 1819 3007 4899|0.25 0.0069812967155136185 -1.3771240939922769 0.05744401394619736
6194 10875 5761 2735 4167 7812 5128 4800 8926 18000 6536 7055 4976 12627|0.25 -0.37075492053652237 0.1860800301856269 0.1836178303298408
890 1135 475 174 1888 3125 833 1075 1356 1549 723 1428 1225 3055|0.25 -0.019663021854559037 -0.037500018696655646 -1.443999282197842
868 208 570 1362 1860 1291 1200 3750 1628 2266 1068 648 2791 1014|0.25 0.2960157894163262 0.192043221626077 -0.022019992301495206
2106 1875 2390 1755 366 3976 6581 1523 2265 2856 3264 2203 1138 2580|0.25 0.1400975800820703 -0.03173352343741498 0.24475087077619362
2754 1366 734 418 785 1195 637 881 1664 948 153 2050 922 1989|0.25 0.09577402158513992 0.36654207335260036 0.1684424754983227
538 732 2016 875 467 306 574 694 112 645 1218 1501 1415 557|0.25 -0.16279444089274397 -0.04013069102396294 0.035467910242226175
793 533 1143 2304 1392 128 614 656 737 350 837 1616 2253 903|0.25 0.0022521560467536617 -0.03528056591972861 -0.07430206903896064
285 604 434 496 363 320 344 267 152 56 231 978 744 457|0.25 -0.10513972814780059 0.08611602852905742 0.014048690487331594
673 1441 1261 1756 161 775 2906 930 442 1055 828 786 1139 502|0.25 -0.028006854078835852 0.04666681344029033 0.15012818947826911
530 92 570 718 472 251 383 1655 601 441 821 649 1196 554|0.25 0.09457339648036855 0.06966781548560785 -0.08976355249621815
2304 656 1392 793 1143 837 737 533 614 350 128 1664 623 1715|0.25 0.034628656079880304 0.23774696653588334 -0.1791554474363488
174 1075 1888 890 475 723 1356 1135 833 1549 3125 1145 1046 864|0.25 -0.15517852364188456 0.2288632879344088 0.09570430910171845
718 1655 472 530 570 821 601 92 383 441 251 1618 607 448|0.25 0.14206255111448796 -0.08731689312759028 -0.01941317903516593
1275 533 1123 2121 3510 936 195 1523 1741 812 1208 1175 3432 2097|0.25 0.008182039781243766 -0.034694134667265786 0.17467095503202135
418 881 785 2754 734 153 1664 1366 637 948 1195 1258 1646 476|0.25 -0.0324143044795 0.11682925596816496 -0.0975450003921774
496 267 363 285 434 231 152 604 344 56 320 598 722 701|0.25 -0.08238788101182948 -0.04724187979582961 0.056093826373460054
2121 1523 3510 1275 1123 1208 1741 533 195 812 936 2535 1604 1287|0.25 0.03331161486026302 -0.07306428796543418 -0.12281113667900079
354 500 354 354 433 81 66 750 214 453 326 791 829 422|0.25 0 0 0
2121 1225 2828 1000 921 604 1000 187 1282 230 1414 2345 1106 2074|0.25 0 0 0
187 921 1000 2828 1414 1282 2121 1000 230 604 1225 1106 2236 1295|0.25 0 0 0
1414 1000 2828 1225 230 187 1000 604 1282 921 2121 2236 1195 1427|0.25 0 0 0
493 188 816 2309 1732 1046 1155 816 752 153 816 976 2449 1251|0.25 0 0 0
354 750 433 354 354 326 214 500 66 453 81 1061 791 391|0.25 0 0 0
707 2000 707 162 133 707 866 906 651 1500 427 1581 1009 707|0.25 0 0 0
1225 604 230 1414 2828 2121 1282 1000 1000 921 187 707 2236 3000|0.25 0 0 0
5581 816 6158 4355 2632 4009 4355 5333 9238 4355 12317 6212 3079 9033|0.25 0 0 0
2828 1000 1414 187 1000 1225 230 921 2121 604 1282 2236 1000 2345|0.25 0 0 0
162 906 133 707 707 427 651 2000 866 1500 707 916 1581 500|0.25 0 0 0
4910 5333 5333 7542 6835 11314 15085 1225 3223 6532 5333 5333 6908 8172|0.25 0 0 0
1000 187 921 2121 2828 1414 1282 1225 1000 230 604 1000 3000 2236|0.25 0 0 0
577 1333 471 434 285 471 471 604 108 667 88 1414 978 333|0.25 0 0 0
1392 656 2304 1086 204 249 1330 1086 1536 1086 3072 2253 1086 1549|0.25 0 0 0
2309 816 1732 493 816 816 752 188 1155 153 1046 1915 577 1826|0.25 0 0 0
380 1655 2027 3510 2121 2340 4680 1523 310 1655 1655 1170 2535 2143|0.25 0 0 0
434 604 285 577 471 88 108 1333 471 667 471 722 1106 471|0.25 0 0 0
4355 5333 2632 5581 6158 12317 9238 816 4355 4355 4009 5203 5640 9737|0.25 0 0 0
3510 1523 2121 380 2027 1655 310 1655 4680 1655 2340 3432 1977 3881|0.25 0 0 0
146 1103 179 472 718 780 780 1655 780 2207 956 1011 1618 863|0.25 0 0 0
7542 1225 6835 4910 5333 5333 3223 5333 15085 6532 11314 7608 5897 11926|0.25 0 0 0
1086 1086 204 1392 2304 3072 1536 656 1330 1086 249 1201 1664 3258|0.25 0 0 0
472 1655 718 146 179 956 780 1103 780 2207 780 1196 1113 932|0.25 0 0 0
354 500 354 333 333 62 62 1000 445 500 445 791 1054 359|0.25 0 0 0
3000 1000 3000 1061 1336 1336 1061 188 1500 188 1500 3162 1077 2507|0.25 0 0 0
177 1260 943 2828 1414 1414 2828 1000 177 1260 943 1016 2236 1425|0.25 0 0 0
1414 1000 2828 943 177 177 943 1260 1414 1260 2828 2236 1016 1425|0.25 0 0 0
1336 188 1061 3000 3000 1500 1500 1000 1336 188 1061 1077 3162 2507|0.25 0 0 0
333 1000 333 354 354 445 445 500 62 500 62 1054 791 359|0.25 0 0 0
707 2000 707 125 125 667 667 1000 891 2000 891 1581 1008 972|0.25 0 0 0
943 1260 177 1414 2828 2828 1414 1000 943 1260 177 1374 2236 2981|0.25 0 0 0
8000 1000 8000 5657 7126 7126 5657 5333 16000 5333 16000 8062 7775 13371|0.25 0 0 0
2828 1000 1414 177 943 943 177 1260 2828 1260 1414 2236 1374 2981|0.25 0 0 0
125 1000 125 707 707 891 891 2000 667 2000 667 1008 1581 972|0.25 0 0 0
7126 5333 5657 8000 8000 16000 16000 1000 7126 5333 5657 7775 8062 13371|0.25 0 0 0
1061 188 1336 3000 3000 1500 1500 1000 1061 188 1336 1458 3162 2372|0.25 0 0 0
333 1000 333 445 445 354 354 500 62 500 62 1054 836 486|0.25 0 0 0
1123 1000 2245 748 140 140 748 794 1123 794 2245 1876 1091 1131|0.25 0 0 0
3000 1000 3000 1336 1061 1061 1336 188 1500 188 1500 3162 1458 2372|0.25 0 0 0
140 794 748 2245 1123 1123 2245 1000 140 794 748 1091 1876 1131|0.25 0 0 0
445 500 445 333 333 62 62 1000 354 500 354 836 1054 486|0.25 0 0 0
5657 5333 7126 8000 8000 16000 16000 1000 5657 5333 7126 5745 8062 12649|0.25 0 0 0
2245 1000 1123 140 748 748 140 794 2245 794 1123 1876 806 2367|0.25 0 0 0
125 1000 125 891 891 707 707 2000 667 2000 667 1008 1671 718|0.25 0 0 0
8000 1000 8000 7126 5657 5657 7126 5333 16000 5333 16000 8062 5745 12649|0.25 0 0 0
748 794 140 1123 2245 2245 1123 1000 748 794 140 806 1876 2367|0.25 0 0 0
891 2000 891 125 125 667 667 1000 707 2000 707 1671 1008 718|0.25 0 0 0
520 1000 520 2036 2279 1757 1428 1500 2400 1500 2400 1127 2966 1938|0.25 0 0 0
737 1120 491 255 1179 1179 255 701 737 863 491 1457 808 1390|0.25 0 0 0
2746 4615 3915 1923 1923 2885 2885 1000 3380 4615 4383 3163 2168 4974|0.25 0 0 0
1923 1000 1923 4383 3380 2746 3915 4615 2885 4615 2885 2168 3726 2307|0.25 0 0 0
1053 771 228 439 658 658 439 893 1053 626 228 850 826 1242|0.25 0 0 0
2036 1500 2279 520 520 2400 2400 1000 1428 1500 1757 1883 1127 1645|0.25 0 0 0
520 1000 520 1757 1428 2036 2279 1500 2400 1500 2400 1127 1199 2444|0.25 0 0 0
4383 4615 3380 1923 1923 2885 2885 1000 3915 4615 2746 5097 2168 3620|0.25 0 0 0
853 812 569 296 1366 1366 296 1297 853 1158 569 683 1508 1610|0.25 0 0 0
1923 1000 1923 2746 3915 4383 3380 4615 2885 4615 2885 2168 4701 5703|0.25 0 0 0
1757 1500 1428 520 520 2400 2400 1000 2279 1500 2036 2586 1127 2650|0.25 0 0 0
1681 1426 364 700 1051 1051 700 1231 1681 1596 364 1712 1811 1982|0.25 0 0 0
255 701 1179 737 491 491 737 1120 255 863 1179 1201 925 554|0.25 0 0 0
1519 667 1357 1600 1600 347 347 1000 1172 667 952 1255 1887 1767|0.25 0 0 0
625 1000 625 848 595 732 950 217 417 217 417 1179 1018 500|0.25 0 0 0
439 893 658 1053 228 228 1053 771 439 626 658 1301 1163 495|0.25 0 0 0
732 217 950 625 625 417 417 1000 595 217 848 1104 1179 1078|0.25 0 0 0
1600 1000 1600 1519 1357 952 1172 667 347 667 347 1887 1977 1630|0.25 0 0 0
296 1297 1366 853 569 569 853 812 296 1158 1366 1102 1472 641|0.25 0 0 0
625 1000 625 732 950 848 595 217 417 217 417 1179 807 1236|0.25 0 0 0
952 667 1172 1600 1600 347 347 1000 1357 667 1519 1724 1887 1096|0.25 0 0 0
700 1231 1051 1681 364 364 1681 1426 700 1596 1051 840 1152 789|0.25 0 0 0
848 217 595 625 625 417 417 1000 950 217 732 685 1179 784|0.25 0 0 0
1600 1000 1600 952 1172 1519 1357 667 347 667 347 1887 800 1292|0.25 0 0 0
520 1000 520 1428 1757 2279 2036 1500 2400 1500 2400 1127 2586 2650|0.25 0 0 0
1051 1231 700 364 1681 1681 364 1426 1051 1596 700 1811 1712 1982|0.25 0 0 0
3915 4615 2746 1923 1923 2885 2885 1000 4383 4615 3380 4701 2168 5703|0.25 0 0 0
1923 1000 1923 3380 4383 3915 2746 4615 2885 4615 2885 2168 5097 3620|0.25 0 0 0
1366 1297 296 569 853 853 569 812 1366 1158 296 1508 683 1610|0.25 0 0 0
1428 1500 1757 520 520 2400 2400 1000 2036 1500 2279 1199 1127 2444|0.25 0 0 0
520 1000 520 2279 2036 1428 1757 1500 2400 1500 2400 1127 1883 1645|0.25 0 0 0
3380 4615 4383 1923 1923 2885 2885 1000 2746 4615 3915 3726 2168 2307|0.25 0 0 0
658 893 439 228 1053 1053 228 771 658 626 439 826 850 1242|0.25 0 0 0
1923 1000 1923 3915 2746 3380 4383 4615 2885 4615 2885 2168 3163 4974|0.25 0 0 0
2279 1500 2036 520 520 2400 2400 1000 1757 1500 1428 2966 1127 1938|0.25 0 0 0
1179 701 255 491 737 737 491 1120 1179 863 255 808 1457 1390|0.25 0 0 0
364 1426 1681 1051 700 700 1051 1231 364 1596 1681 1152 840 789|0.25 0 0 0
1172 667 952 1600 1600 347 347 1000 1519 667 1357 800 1887 1292|0.25 0 0 0
625 1000 625 595 848 950 732 217 417 217 417 1179 685 784|0.25 0 0 0
569 812 853 1366 296 296 1366 1297 569 1158 853 1472 1102 641|0.25 0 0 0
950 217 732 625 625 417 417 1000 848 217 595 807 1179 1236|0.25 0 0 0
1600 1000 1600 1172 952 1357 1519 667 347 667 347 1887 1724 1096|0.25 0 0 0
228 771 1053 658 439 439 658 893 228 626 1053 1163 1301 495|0.25 0 0 0
625 1000 625 950 732 595 848 217 417 217 417 1179 1104 1078|0.25 0 0 0
1357 667 1519 1600 1600 347 347 1000 952 667 1172 1977 1887 1630|0.25 0 0 0
491 1120 737 1179 255 255 1179 701 491 863 737 925 1201 554|0.25 0 0 0
595 217 848 625 625 417 417 1000 732 217 950 1018 1179 500|0.25 0 0 0
1600 1000 1600 1357 1519 1172 952 667 347 667 347 1887 1255 1767|0.25 0 0 0
366 1000 366 1434 1903 1605 1006 1690 1690 1690 1690 1065 2753 1705|0.25 0 0 0
1179 1327 698 255 1179 1179 255 701 1179 1120 698 1920 808 1667|0.25 0 0 0
2746 4615 3915 2731 2731 4615 4615 1000 4383 4615 5196 3163 2908 6980|0.25 0 0 0
2731 1000 2731 5196 4383 2746 3915 4615 4615 4615 4615 2908 4655 1798|0.25 0 0 0
888 844 192 526 888 888 526 753 888 528 192 896 639 1256|0.25 0 0 0
1434 1690 1903 366 366 1690 1690 1000 1006 1690 1605 1216 1065 1158|0.25 0 0 0
366 1000 366 1605 1006 1434 1903 1690 1690 1690 1690 1065 659 1721|0.25 0 0 0
5196 4615 4383 2731 2731 4615 4615 1000 3915 4615 2746 5811 2908 3320|0.25 0 0 0
1053 626 623 228 1053 1053 228 1185 1053 893 623 410 1326 1489|0.25 0 0 0
2731 1000 2731 2746 3915 5196 4383 4615 4615 4615 4615 2908 4701 7517|0.25 0 0 0
1605 1690 1006 366 366 1690 1690 1000 1903 1690 1434 2556 1065 2128|0.25 0 0 0
1681 1426 364 994 1681 1681 994 1596 1681 1892 364 1712 2542 2377|0.25 0 0 0
255 701 1179 1179 698 698 1179 1327 255 1120 1179 1201 848 743|0.25 0 0 0
1126 592 848 1000 1000 217 217 1000 950 592 595 719 1414 1259|0.25 0 0 0
1000 1000 1000 848 595 950 1126 217 592 217 592 1414 1018 390|0.25 0 0 0
526 753 888 888 192 192 888 844 526 528 888 1447 1118 560|0.25 0 0 0
950 217 1126 1000 1000 592 592 1000 595 217 848 1259 1414 1512|0.25 0 0 0
1000 1000 1000 1126 848 595 950 592 217 592 217 1414 1629 1018|0.25 0 0 0
228 1185 1053 1053 623 623 1053 626 228 893 1053 1062 1593 664|0.25 0 0 0
1000 1000 1000 950 1126 848 595 217 592 217 592 1414 1009 1629|0.25 0 0 0
595 592 950 1000 1000 217 217 1000 848 592 1126 1512 1414 685|0.25 0 0 0
994 1596 1681 1681 364 364 1681 1426 994 1892 1681 655 1152 1059|0.25 0 0 0
848 217 595 1000 1000 592 592 1000 1126 217 950 685 1414 719|0.25 0 0 0
1000 1000 1000 595 950 1126 848 592 217 592 217 1414 390 1009|0.25 0 0 0
2032 1000 271 144 269 269 144 927 1651 927 68 1245 859 1851|0.3 -0.08837839883775844 0.19852162854388844 0.2933480602902172
6452 1875 6960 1886 471 11490 14142 1000 6452 1875 6960 5976 1374 6859|0.3 0.26248388987037075 -0.11191493627830451 0.09878874207699395
530 250 530 3691 3691 3422 3422 7500 994 6094 994 729 4596 3169|0.3 0.42072945965676345 0.31000632704184516 -0.02750595991036109
492 133 492 133 133 71 71 812 456 33 456 613 911 539|0.3 -0.08242689618655041 -0.028026746509388634 0.14463275686068755
6128 1000 7542 3712 3441 3441 3712 533 251 533 1006 6872 4066 3658|0.3 0.16557428069313707 -0.12774671002819593 0.06532764913691258
144 927 269 2032 271 68 1651 1000 144 927 269 1095 1245 197|0.3 0.06671143861621376 0.1702194663882617 -0.13378620685847387
271 1000 2032 269 144 144 269 927 68 927 1651 1245 1095 197|0.3 0.013478153295964912 -0.10038460069366262 0.16215329875079565
133 812 133 492 492 456 456 133 71 33 71 911 613 539|0.3 -0.10855854138238308 0.160997030989245 0.01729261094490786
3441 533 3712 7542 6128 251 1006 1000 3441 533 3712 4066 6872 3658|0.3 0.15887347380216577 0.05692322301130259 -0.12116286733061532
3691 7500 3691 530 530 994 994 250 3422 6094 3422 4596 729 3169|0.3 0.5328395666602859 0.015634049699901897 0.2946093230841096
269 927 144 271 2032 1651 68 1000 269 927 144 859 1245 1851|0.3 0.023632858597661954 0.29010766830614987 0.5665790928472747
471 1000 1886 6960 6452 6452 6960 1875 11490 1875 14142 1374 5976 6859|0.3 0.30880784572093756 0.3422722973229497 -0.04407807231762928
1886 1000 471 6452 6960 6960 6452 1875 14142 1875 11490 1374 7623 8667|0.3 -0.3395367234878588 -3.8088317461882393 -0.09121072268737818
291 1079 155 73 1781 2192 292 1000 291 1079 155 1182 1063 1997|0.3 -0.0061475917208841935 -0.22571732100276964 -2.5668421637173844
13687 24375 13687 2121 2121 3977 3977 4000 14765 30000 14765 14550 2915 16171|0.3 -3.8106437747227795 -0.09816189896326821 -0.32122583296830487
3712 533 3441 6128 7542 1006 251 1000 3712 533 3441 3187 6872 4622|0.3 -0.13150092843653094 0.02725889136991011 0.06129561226599467
163 1231 163 561 561 606 606 41 87 164 87 1121 597 520|0.3 0.03931325192301438 -0.19048424582542745 0.08829792606214859
73 1000 1781 291 155 155 291 1079 292 1079 2192 1063 926 213|0.3 0.0306982323487226 0.06538137755333295 -0.17378169320059422
7542 1000 6128 3441 3712 3712 3441 533 1006 533 251 6872 3187 4622|0.3 -0.1784018374714924 0.02430119026664901 0.10216292019411766
561 41 561 163 163 87 87 1231 606 164 606 597 1121 520|0.3 0.030236193448660575 0.09573014178267725 -0.2211812228220844
155 1079 291 1781 73 292 2192 1000 155 1079 291 926 1063 213|0.3 0.08020177365207992 -0.14742869883601406 0.030036614347555002
6960 1875 6452 471 1886 14142 11490 1000 6960 1875 6452 7623 1374 8667|0.3 -0.4041617185904267 -0.10105181885303183 -4.37803970726161
2121 4000 2121 13687 13687 14765 14765 24375 3977 30000 3977 2915 14550 16171|0.3 -3.630724953876421 -0.37748583053502593 -0.05423862186405781
1781 1000 73 155 291 291 155 1079 2192 1079 292 1063 1182 1997|0.3 -0.09994609881360361 -4.529520519971909 -0.404681485167685
167 1000 167 615 1070 1070 615 1875 1250 1875 1250 1014 1973 1163|0.3 0 0 0
3048 1739 1625 271 2032 2032 271 1000 3048 1739 1625 3208 1245 3663|0.3 0 0 0
3691 7500 3691 6000 6000 11250 11250 1000 6418 7500 6418 4596 6083 11840|0.3 0 0 0
6000 1000 6000 6418 6418 3691 3691 7500 11250 7500 11250 6083 6978 7045|0.3 0 0 0
1169 1000 156 935 1753 1753 935 575 1169 575 156 1087 1098 2107|0.3 0 0 0
615 1875 1070 167 167 1250 1250 1000 615 1875 1070 1174 1014 766|0.3 0 0 0
167 1000 167 1070 615 615 1070 1875 1250 1875 1250 1014 1174 766|0.3 0 0 0
6418 7500 6418 6000 6000 11250 11250 1000 3691 7500 3691 6978 6083 7045|0.3 0 0 0
1753 575 935 156 1169 1169 156 1000 1753 575 935 1098 1087 2107|0.3 0 0 0
6000 1000 6000 3691 3691 6418 6418 7500 11250 7500 11250 6083 4596 11840|0.3 0 0 0
1070 1875 615 167 167 1250 1250 1000 1070 1875 615 1973 1014 1163|0.3 0 0 0
2032 1000 271 1625 3048 3048 1625 1739 2032 1739 271 1245 3208 3663|0.3 0 0 0
271 1000 2032 3048 1625 1625 3048 1739 271 1739 2032 1245 1908 1648|0.3 0 0 0
570 533 328 667 667 89 89 1000 570 533 328 626 1202 620|0.3 0 0 0
1500 1000 1500 492 492 856 856 133 800 133 800 1803 613 939|0.3 0 0 0
935 575 1753 1169 156 156 1169 1000 935 575 1753 1845 1087 948|0.3 0 0 0
856 133 856 1500 1500 800 800 1000 492 133 492 930 1803 1579|0.3 0 0 0
667 1000 667 570 328 328 570 533 89 533 89 1202 1052 409|0.3 0 0 0
156 1000 1169 1753 935 935 1753 575 156 575 1169 1087 1845 948|0.3 0 0 0
1500 1000 1500 856 856 492 492 133 800 133 800 1803 930 1579|0.3 0 0 0
328 533 570 667 667 89 89 1000 328 533 570 1052 1202 409|0.3 0 0 0
1625 1739 3048 2032 271 271 2032 1000 1625 1739 3048 1908 1245 1648|0.3 0 0 0
492 133 492 1500 1500 800 800 1000 856 133 856 613 1803 939|0.3 0 0 0
667 1000 667 328 570 570 328 533 89 533 89 1202 626 620|0.3 0 0 0
1305 1875 1768 1225 230 431 2296 604 1273 1133 1444 1398 1195 1275|0.3 -0.1943482454799106 0.12916568257454353 0.1487653942147249
493 188 816 1443 1179 1039 1066 1875 925 352 1531 976 1573 1087|0.3 -0.031151406856517738 0.15463505684093715 -0.052660694754296244
1299 817 693 566 1061 641 342 738 244 720 130 1090 791 1267|0.3 0.13034940216628987 0.15707554522959466 -0.34730836610370464
1437 1355 766 176 330 1760 938 975 868 1107 463 1972 977 1016|0.3 -0.06288569012981138 0.144760421109138 0.1334613122890449
5543 1875 5683 4355 2632 4934 8165 5333 6289 10000 7698 5551 3079 7914|0.3 1.1190371814322453 0.055896963655044374 0.4507162040147139
1225 604 230 1305 1768 1444 1273 1875 2296 1133 431 707 2574 1926|0.3 0.34741820232053966 0.6466432147447532 -0.006056421837007386
943 533 696 230 1225 653 122 604 770 322 679 745 707 1424|0.3 0.016945534558125974 0.026316350413857492 0.1414085733655801
176 975 330 1437 766 463 868 1355 938 1107 1760 1055 1071 542|0.3 -0.014498716871605977 0.37659735240019865 0.17100211255977937
2632 5333 4355 3031 2956 3354 4106 533 1404 2844 2322 3079 3198 3093|0.3 0.15183802032619376 0.048783353916865835 -0.04495605419206461
566 738 1061 1299 693 130 244 817 342 720 641 1456 1510 676|0.3 -0.020108799175061476 -0.033348880415898785 0.010969914030818373
230 604 1225 943 696 679 770 533 122 322 653 1195 1373 734|0.3 -0.13659138153005568 0.03736443158291136 0.03323852802284755
629 533 770 816 493 263 435 188 554 100 568 1162 976 791|0.3 0.07513253471423509 -0.028199601268144026 -0.17781509019540676
1443 1875 1179 493 816 1531 925 188 1066 352 1039 2179 577 1141|0.3 0.10790647057406844 0.02952810759025981 -0.18831869398187706
380 1655 2027 2390 2106 2159 2925 1875 712 3103 3800 1170 2203 2279|0.3 -0.2810896078587011 0.13390572447654625 0.037517600083658564
785 881 418 848 1590 298 159 1224 1298 904 692 922 1848 918|0.3 -0.06939879439895602 0.1057412917195455 0.005991033729517703
4355 5333 2632 5543 5683 7698 6289 1875 8165 10000 4934 5203 5997 11208|0.3 0.8332795530267045 0.36649370098040146 0.0038854892328399337
338 1025 180 475 890 1473 786 1135 1804 1389 962 1082 1428 1760|0.3 0.07026113658108457 0.25931441426135127 0.1576314895668829
2390 1875 2106 380 2027 3800 712 1655 2925 3103 2159 3007 1977 4417|0.3 -0.22413410113431675 -0.016164702822311083 -0.7509945004653029
3031 533 2956 2632 4355 2322 1404 5333 4106 2844 3354 2960 5203 3246|0.3 0.4917284996032478 -0.18373442831795317 0.22735337874353556
475 1135 890 338 180 962 1804 1025 786 1389 1473 1046 1001 939|0.3 -0.008815602451320848 0.05448635790043177 0.2017727997875185
2027 1655 380 1123 1275 1560 1152 533 1081 882 203 1977 1175 1700|0.3 0.0673636599166283 0.18729707303005716 -0.05136412142646707
816 188 493 629 770 568 554 533 435 100 263 577 839 1121|0.3 -0.03377323913528407 0.029288082343064126 -0.007670311669405461
848 1224 1590 785 418 692 1298 881 159 904 298 1334 1258 490|0.3 -0.0807417923195397 0.06325147845428702 -0.09346776222188158
1123 533 1275 2027 380 203 1081 1655 1152 882 1560 1604 1170 1125|0.3 -0.04274299856428243 -0.23891827736707283 0.09801011531153314
696 533 943 1225 230 122 653 604 679 322 770 1373 1195 734|0.3 0.04418928932939936 -0.07305692294823252 -0.00979746795364611
493 188 816 770 629 554 568 533 263 100 435 976 1162 791|0.3 0.06525435047171069 -0.0931546373373815 -0.12225922482210327
693 817 1299 1061 566 342 641 738 130 720 244 1510 1456 676|0.3 -0.13626981376085867 0.10831914305921897 -0.17016611405312076
766 1355 1437 330 176 938 1760 975 463 1107 868 1071 1055 542|0.3 -0.03113443314581632 0.025081972956761955 0.15501525576909092
2956 533 3031 4355 2632 1404 2322 5333 3354 2844 4106 3198 3079 3093|0.3 0.27360902032657286 -0.03775279106771334 0.06589552363968298
1225 604 230 696 943 770 679 533 653 322 122 707 745 1424|0.3 0.2092447058619218 0.5856656350424316 -0.04334085341486604
1768 1875 1305 230 1225 2296 431 604 1444 1133 1273 2574 707 1926|0.3 0.1327870986296631 -0.06618695273290509 -0.06354291422609792
330 975 176 766 1437 868 463 1355 1760 1107 938 977 1972 1016|0.3 -0.1316944911576845 -0.7048497829591593 -0.13794130443889774
2632 5333 4355 5683 5543 6289 7698 1875 4934 10000 8165 3079 5551 7914|0.3 -0.768954501764324 -0.18121659525224043 -0.05728646691976813
1061 738 566 693 1299 244 130 817 641 720 342 791 1090 1267|0.3 -0.04493462629399647 -0.24750998424862392 0.12944553726980335
230 604 1225 1768 1305 1273 1444 1875 431 1133 2296 1195 1398 1275|0.3 -0.11365348022913113 0.07384096543114893 0.09137530364993873
1179 1875 1443 816 493 925 1531 188 1039 352 1066 1573 976 1087|0.3 0.1809495840902775 0.04472912731781742 -0.3236015757619404
770 533 629 493 816 435 263 188 568 100 554 839 577 1121|0.3 -0.05646642397199253 0.024693022203454706 0.044186150787302036
380 1655 2027 1275 1123 1152 1560 533 203 882 1081 1170 1604 1125|0.3 0.07096172984498494 -0.05328129245542823 0.005543717178511098
418 881 785 1590 848 159 298 1224 692 904 1298 1258 1334 490|0.3 0.11910647098045013 -0.0016231727821858222 -0.07596049121750048
4355 5333 2632 2956 3031 4106 3354 533 2322 2844 1404 5203 2960 3246|0.3 0.4756811317427312 0.23703766801203896 -0.05402611663004375
180 1025 338 890 475 786 1473 1135 962 1389 1804 1001 1046 939|0.3 -0.08187166808258817 0.4149244498369242 0.14238855070981993
1275 533 1123 380 2027 1081 203 1655 1560 882 1152 1175 1977 1700|0.3 0.19691226892878833 -0.05385140266669253 0.5760982426052697
5683 1875 5543 2632 4355 8165 4934 5333 7698 10000 6289 5997 5203 11208|0.3 0.6874523741351135 0.12559791401099307 0.3198954765922535
890 1135 475 180 338 1804 962 1025 1473 1389 786 1428 1082 1760|0.3 0.01917394723990995 0.19237529790201435 0.3933314016454159
2027 1655 380 2106 2390 2925 2159 1875 3800 3103 712 1977 3007 4417|0.3 0.2767810226460954 0.5389115828718971 0.06230736270189441
816 188 493 1179 1443 1066 1039 1875 1531 352 925 577 2179 1141|0.3 0.12269966367117746 -0.19178176846987416 0.06698615940496255
1590 1224 848 418 785 1298 692 881 298 904 159 1848 922 918|0.3 0.13168480937309157 0.09333647910197973 -0.09200474096256683
2106 1875 2390 2027 380 712 3800 1655 2159 3103 2925 2203 1170 2279|0.3 -0.23693506334226622 0.15577801848681405 0.15457298828652988
167 1000 167 681 1319 1319 681 1875 1250 1875 1250 1014 2252 1396|0.3 0 0 0
2754 1937 1469 245 1836 1836 245 1000 2754 1937 1469 3308 1204 3310|0.3 0 0 0
4085 7500 4085 6000 6000 11250 11250 1000 7914 7500 7914 4918 6083 13514|0.3 0 0 0
6000 1000 6000 7914 7914 4085 4085 7500 11250 7500 11250 6083 8374 5629|0.3 0 0 0
948 1000 126 758 1422 1422 758 516 948 516 126 1058 711 1709|0.3 0 0 0
681 1875 1319 167 167 1250 1250 1000 681 1875 1319 938 1014 820|0.3 0 0 0
167 1000 167 1319 681 681 1319 1875 1250 1875 1250 1014 938 820|0.3 0 0 0
7914 7500 7914 6000 6000 11250 11250 1000 4085 7500 4085 8374 6083 5629|0.3 0 0 0
1422 516 758 126 948 948 126 1000 1422 516 758 711 1058 1709|0.3 0 0 0
6000 1000 6000 4085 4085 7914 7914 7500 11250 7500 11250 6083 4918 13514|0.3 0 0 0
1319 1875 681 167 167 1250 1250 1000 1319 1875 681 2252 1014 1396|0.3 0 0 0
1836 1000 245 1469 2754 2754 1469 1937 1836 1937 245 1204 3308 3310|0.3 0 0 0
245 1000 1836 2754 1469 1469 2754 1937 245 1937 1836 1204 1378 1489|0.3 0 0 0
703 533 363 667 667 89 89 1000 703 533 363 500 1202 744|0.3 0 0 0
1500 1000 1500 545 545 1055 1055 133 800 133 800 1803 656 751|0.3 0 0 0
758 516 1422 948 126 126 948 1000 758 516 1422 1708 1058 769|0.3 0 0 0
1055 133 1055 1500 1500 800 800 1000 545 133 545 1117 1803 1802|0.3 0 0 0
667 1000 667 703 363 363 703 533 89 533 89 1202 1201 437|0.3 0 0 0
126 1000 948 1422 758 758 1422 516 126 516 948 1058 1708 769|0.3 0 0 0
1500 1000 1500 1055 1055 545 545 133 800 133 800 1803 1117 1802|0.3 0 0 0
363 533 703 667 667 89 89 1000 363 533 703 1201 1202 437|0.3 0 0 0
1469 1937 2754 1836 245 245 1836 1000 1469 1937 2754 1378 1204 1489|0.3 0 0 0
545 133 545 1500 1500 800 800 1000 1055 133 1055 656 1803 751|0.3 0 0 0
667 1000 667 363 703 703 363 533 89 533 89 1202 500 744|0.3 0 0 0
2032 1000 271 176 330 269 144 975 1841 1049 169 1245 977 2050|0.3 0.09704668104499659 0.6002187975845574 0.1935515025413359
5543 1875 5683 1540 962 10464 11547 816 5961 1531 5683 5551 1743 6789|0.3 0.014613544925683453 0.2148892472096331 0.7461132926913705
530 625 650 3691 3691 3872 3601 7500 994 6797 1218 1132 4596 4132|0.3 0.48537743453085813 0.3218851073645257 0.003434762460823304
492 133 492 162 133 71 87 906 516 83 480 613 1009 473|0.3 -0.08926792867656075 0.02811600625885813 0.13254746087068447
5581 816 6158 3031 2956 3179 3031 533 513 435 821 6212 3198 3386|0.3 0.020607648910746512 0.10716909198211111 -0.27846313487502106
176 975 330 2032 271 169 1841 1000 144 1049 269 1055 1245 307|0.3 0.07285819062407217 0.13516219976983823 -0.09696833185213638
271 1000 2032 269 144 176 330 1049 169 975 1841 1245 961 222|0.3 -0.08748515793109868 -0.021415616807003435 0.1275474602369875
162 906 133 492 492 480 516 133 87 83 71 916 613 519|0.3 -0.05175292504696394 0.045854013123018955 0.021020182881681393
3893 533 3712 7542 6835 629 1006 1225 3621 653 3712 3569 6908 4434|0.3 0.04584661229601439 -0.23635463534295353 0.06458172198850365
3691 7500 3691 530 650 1218 994 625 3601 6797 3872 4596 820 3605|0.3 0.41845217572761495 0.025520747884766326 0.15524252244705217
269 1049 144 271 2032 1841 169 1000 330 975 176 1119 1245 1861|0.3 -0.06541648812787404 0.24447783228063846 0.1982239991155188
1179 1225 1886 6960 7300 6789 6960 1875 12816 2296 14142 1546 7792 7776|0.3 0.15116994343604473 0.9828188058729959 0.23430578087423548
1540 816 962 5543 5683 5683 5961 1875 11547 1531 10464 1262 5997 7076|0.3 0.2779631764221113 1.6632888084825614 0.31114885219055255
338 1025 180 174 1888 2083 278 1075 276 1025 147 1082 1225 1908|0.3 0.2087448369441569 0.2342634387874143 1.161526908839845
6194 10875 5761 1039 849 1591 1949 1600 5906 12000 5906 7055 1311 5678|0.3 1.1740656886850576 0.29364181384302857 0.20330286852236812
3031 533 2956 5581 6158 821 513 816 3031 435 3179 2960 5640 3774|0.3 -0.18946153344297167 0.012979714815057886 0.06548732665978108
146 1103 179 530 570 543 543 92 78 147 96 1011 607 608|0.3 0.051283871898666344 0.050403537099641404 -0.0874897990732093
174 1075 1888 338 180 147 276 1025 278 1025 2083 1145 1001 228|0.3 -0.1245216464987664 0.08200907136902691 0.02583078486689372
7542 1225 6835 3893 3712 3712 3621 533 1006 653 629 7608 4156 4622|0.3 0.009896720813775683 0.14928804535946139 -0.24795059362571092
530 92 570 146 179 96 78 1103 543 147 543 649 1113 530|0.3 0.05798677811430286 -0.1306831997987623 0.12739133090912125
137 953 257 1756 161 258 1937 930 168 953 315 1067 1139 292|0.3 -0.08803558393283506 -0.028681106159721415 0.0821455881741473
6960 1875 7300 1179 1886 14142 12816 1225 6960 2296 6789 6692 2134 8667|0.3 -0.23859460745119798 0.009046204507137112 -0.7924440492449036
1039 1600 849 6194 5761 5906 5906 10875 1949 12000 1591 1811 6598 6232|0.3 0.0258340332399154 0.0033683178842403017 0.07976659956477228
1756 930 161 137 257 315 168 953 1937 953 258 1065 917 1954|0.3 0.21372918121789208 0.9495354834896719 0.18381956289400758
1305 1875 1768 1000 187 352 1875 921 1369 1726 1972 1398 1106 1461|0.3 -0.2603139394379972 0.12837995279720182 0.14490531218444902
921 187 1000 1768 1972 1369 1305 1875 1726 352 1875 1106 2577 1076|0.3 0.07655474663289974 -0.12064147515380208 0.12151047834636275
1061 1116 566 566 1061 977 521 738 199 774 106 1458 791 1173|0.3 0.09258121961685184 0.08451493435047919 -0.1408507542314541
1437 1355 766 144 269 1437 766 1049 1323 1511 705 1972 1119 1437|0.3 0.08298024854900943 0.24488278039004774 0.5630716953602399
7300 1875 6960 5333 4910 9207 10000 5333 10520 10000 9428 7792 5333 14881|0.3 0.3881377381802742 0.011421809530236526 0.20832205296884343
1000 921 187 1305 1768 1972 1369 1875 1875 1726 352 1000 2574 2577|0.3 0.11926619586848375 0.5021266313156469 0.1944456033405184
943 533 696 188 1000 533 100 921 1052 491 730 745 1000 1083|0.3 0.10381971818927971 -0.07902549421253346 0.25723357003924585
144 1049 269 1437 766 705 1323 1355 766 1511 1437 961 1071 766|0.3 -0.029954190621416243 0.03170770236731402 -0.01974908803910047
4910 5333 5333 3712 3893 5611 5028 533 2619 2844 2844 5333 3569 3061|0.3 0.14624201629310551 -0.007082876921582493 0.03809680760221257
566 738 1061 1061 566 106 199 1116 521 774 977 1456 1149 625|0.3 -0.06495247301558149 -0.16539934323803296 0.06654510798692614
188 921 1000 943 696 730 1052 533 100 491 533 1106 1373 669|0.3 -0.08910092237564227 0.036985972645895426 -0.07348299195393593
1052 533 943 1000 921 491 533 188 730 100 696 1083 1106 1488|0.3 0.03631747100681704 -0.016787890976299735 -0.14177512405048054
1768 1875 1972 921 1000 1875 1726 187 1305 352 1369 2031 1000 1398|0.3 0.1307452486631422 0.07483498666730704 -0.25056987280864695
204 1086 1086 2142 1487 1417 1920 1875 382 2037 2037 1086 1169 1363|0.3 -0.16424533615490233 0.08157279970582243 -0.025862036210151373
875 694 467 507 951 178 95 896 951 662 507 546 1030 951|0.3 0.1724274835284234 -0.29815762096958687 0.18796101183589764
5333 5333 4910 7300 6960 9428 10520 1875 10000 10000 9207 5897 6692 13728|0.3 0.7750930928294775 0.4259967200825643 0.04048885722182982
257 953 137 673 1261 1370 731 1441 1370 1291 731 917 2038 1515|0.3 0.12237226711942162 0.8024617058723504 0.30839424405393334
2142 1875 1487 204 1086 2037 382 1086 1920 2037 1417 3031 1201 2206|0.3 0.3863316174031284 0.14577775013115524 0.9035527983696778
3712 533 3893 4910 5333 2844 2619 5333 5028 2844 5611 4156 5897 3975|0.3 0.5434037876712106 0.004842181082034269 0.16710093997961417
673 1441 1261 257 137 731 1370 953 731 1291 1370 786 1067 808|0.3 -0.0029015219499217704 0.13012124166391192 0.46446242197503373
1086 1086 204 793 1143 1024 756 533 579 579 109 1201 623 1493|0.3 0.07066050144960423 0.33501701902656666 -0.0009520979867549961
1000 188 921 1052 943 696 730 533 533 100 491 1000 1374 1373|0.3 0.033038910837766 -0.06431477585092327 -0.05475020069417136
507 896 951 875 467 507 951 694 95 662 178 1306 1415 507|0.3 -0.02321932035160512 0.02326952373062241 -0.11450846564943551
793 533 1143 1086 204 109 579 1086 756 579 1024 1616 1086 846|0.3 -0.11961776135350766 0.025397923954721957 0.0102816108208037
696 533 943 1000 188 100 533 921 645 491 696 1373 1106 762|0.3 -0.014553546203548429 0.09889381542409703 -0.05243276955311127
921 188 1000 943 696 645 696 533 491 100 533 1106 1373 1007|0.3 0.06832806278170178 -0.04975788008045767 -0.1440202364760068
566 738 1061 1061 566 521 977 738 106 684 199 1456 1456 625|0.3 -0.08225252477115919 0.023713230874164992 -0.010856687548710386
766 1355 1437 269 144 766 1437 927 705 1000 1323 1071 1095 766|0.3 -0.12789722484920718 0.24848526127464465 0.5946881412719529
3441 533 3712 5333 4910 2619 2844 5333 3712 2844 5028 4066 5333 4742|0.3 0.28022735453114844 -0.0012944268148140647 0.09467255554853171
1000 921 188 696 943 696 645 533 533 491 100 1000 745 1373|0.3 0.21137001697960622 0.5791760803012447 -0.012982874985003612
1768 1875 1305 187 1000 1875 352 921 1305 1726 1210 2574 1000 1398|0.3 0.3448151843274405 0.09927195845111036 0.8778993771498933
269 927 144 766 1437 1323 705 1355 1437 1000 766 859 1972 1437|0.3 -0.11855746767922226 -0.6796395229172425 -0.12818383885934592
4910 5333 5333 6960 6452 6960 9428 1875 9207 10000 10000 5333 5976 10072|0.3 0.619522837939519 0.22767687800787195 0.10695332156450688
1061 738 566 566 1061 199 106 738 977 684 521 791 791 1173|0.3 -0.05125857034002257 -0.24406312573681643 0.10961618101097415
187 921 1000 1768 1305 1210 1305 1875 352 1726 1875 1106 1398 1120|0.3 -0.2272760630658721 0.11787052335124004 0.1369181624956184
1305 1875 1768 1000 921 1726 1875 187 1210 352 1305 1398 1106 1667|0.3 0.07277493410604796 0.05485865611588148 -0.06212599038827871
943 533 696 921 1000 533 491 188 696 100 645 745 1000 1373|0.3 0.0189305611732693 0.04245937491534679 -0.11415377917176728
204 1086 1086 756 701 756 1024 533 109 579 579 1086 1094 649|0.3 -0.13687709510614265 0.04652825158936613 -0.011467334830547182
705 927 1323 1437 766 144 269 1355 766 1000 1437 1447 1071 766|0.3 -0.18818688247087767 -0.10082315954003773 0.10206903351585916
5333 5333 4910 3441 3712 5028 3712 533 2844 2844 2619 5897 3187 3975|0.3 0.46224894652335813 0.20244473023215193 -0.17278683555333907
155 1079 291 1427 761 827 1550 1079 827 1461 1550 926 1378 914|0.3 -0.07113606720720589 0.07204581256366804 0.018156109602165404
756 533 701 204 1086 579 109 1086 1024 579 756 966 1201 810|0.3 0.1369439384112714 -0.1079082873142223 0.3328876678501169
6960 1875 6452 4910 5333 10000 9207 5333 9428 10000 6960 7623 5897 13728|0.3 1.212514585283393 0.2148663288877195 0.3959867836690578
1427 1079 761 155 291 1550 827 1079 1550 1461 827 1561 1182 1714|0.3 0.023260190260283586 0.22041395570594036 0.36508264655726874
1086 1086 204 1314 1417 1920 1417 1875 2037 2037 382 1201 2051 2796|0.3 0.07457237515976267 0.2116104414004072 0.09262174888675645
1000 187 921 1305 1768 1305 1210 1875 1875 352 1726 1000 2574 1398|0.3 -0.012045025385036823 0.10599358082370669 -0.015241949501015872
1437 1355 766 705 1323 1437 766 927 269 1000 144 1972 1277 1437|0.3 -0.00625868513857375 0.1904402148503581 -0.40578522513392
1314 1875 1417 1086 204 382 2037 1086 1417 2037 1920 1811 1086 1552|0.3 -0.02709814311482872 0.028463302683892078 0.06049670748521585
1305 1875 1768 1000 187 352 1875 921 1210 1726 1305 1398 1106 1120|0.3 -0.08194359761683256 0.06306504589545403 0.08678094593983277
921 187 1000 1768 1305 1210 1305 1875 1726 352 1875 1106 1398 1667|0.3 0.08605189842802341 -0.12978544519150592 0.1570031149817508
1061 738 566 566 1061 977 521 738 199 684 106 791 791 1173|0.3 -0.0402081071718452 0.0050448777859823934 0.03810899235049847
1437 1355 766 144 269 1437 766 927 1323 1000 705 1972 859 1437|0.3 0.06115532116242717 0.10128763509768435 0.0880695988927771
6452 1875 6960 5333 4910 9207 10000 5333 6960 10000 9428 5976 5333 10072|0.3 0.4686046377921915 0.008249926582974965 0.3849189166208977
1000 921 187 1305 1768 1305 1210 1875 1875 1726 352 1000 2574 1398|0.3 0.12912084810772884 0.27178834787615846 0.10022107099076694
943 533 696 188 1000 533 100 921 696 491 645 745 1000 1373|0.3 -0.07766310684011679 0.07772491959649797 0.04403309708464587
144 927 269 1437 766 705 1323 1355 766 1000 1437 1095 1071 766|0.3 0.012775904057049647 0.03807949342232719 -0.04536437571567076
4910 5333 5333 3712 3441 3712 5028 533 2619 2844 2844 5333 4066 4742|0.3 -0.06553832965713102 -0.12817589435672017 0.15086399320310306
566 738 1061 1061 566 106 199 738 521 684 977 1456 1456 625|0.3 -0.1741343788810379 -0.15596455900488415 0.11894069338574953
188 921 1000 943 696 645 696 533 100 491 533 1106 1373 762|0.3 0.00020989187705877654 -0.07009203082828153 0.12992580973525847
696 533 943 1000 921 491 533 188 645 100 696 1373 1106 1007|0.3 0.10681487066670492 -0.17083922514416705 -0.1358220183299086
1768 1875 1305 921 1000 1875 1726 187 1305 352 1210 2574 1000 1398|0.3 0.09518192350980614 0.049265962833857646 -0.1441516699067047
204 1086 1086 1417 1314 1417 1920 1875 382 2037 2037 1086 1811 1552|0.3 -0.0040460093428462685 0.03675459767413125 0.0321003982362833
1323 927 705 766 1437 269 144 1355 1437 1000 766 1277 1972 1437|0.3 0.039435590407654875 -0.12616637791217022 0.09672196489370011
5333 5333 4910 6452 6960 9428 6960 1875 10000 10000 9207 5897 7623 13728|0.3 0.71248522702416 0.36591505282683734 0.026796296861180124
291 1079 155 761 1427 1550 827 1079 1550 1461 827 1182 1561 1714|0.3 0.020202595625746778 0.30066108617734955 0.15107467404920527
1417 1875 1314 204 1086 2037 382 1086 1920 2037 1417 2051 1201 2796|0.3 0.5032661856524379 0.08754311845086349 1.006734510239673
3712 533 3441 4910 5333 2844 2619 5333 5028 2844 3712 3187 5897 3975|0.3 0.201435723198502 -0.11092330221007196 0.08100837908240122
761 1079 1427 291 155 827 1550 1079 827 1461 1550 1378 926 914|0.3 -0.23171690383684496 0.14627163929138653 0.23357184454183777
1086 1086 204 701 756 1024 756 533 579 579 109 1201 966 810|0.3 -0.013078810683417874 0.16615490168188973 0.05609514187202347
1000 188 921 696 943 696 645 533 533 100 491 1000 745 1373|0.3 0.09675969472235924 -0.19802779935153114 -0.09240224442116918
766 1355 1437 1323 705 766 1437 927 144 1000 269 1071 1447 766|0.3 -0.02612418297694763 -0.0031058124147409494 -0.03554253441148569
701 533 756 1086 204 109 579 1086 756 579 1024 1094 1086 649|0.3 -0.10326693504022488 -0.011511424514671909 0.013031990941776428
96 1000 384 1417 1314 1314 1417 1875 2340 1875 2880 1018 1811 1397|0.3 0.31349357996159677 0.25702857220363473 -0.06935631544909948
1323 927 705 271 2032 1651 68 1000 1323 927 705 1277 1245 2259|0.3 -0.023847453796183027 0.23630839218465427 0.3992967667716707
3691 7500 3691 2604 2604 4883 4883 250 3422 6094 3422 4596 2652 4715|0.3 0.32473049800424647 -0.050849208313361594 0.28126298633808
10416 4000 10416 13687 13687 14765 14765 24375 19531 30000 19531 10607 14550 21366|0.3 -4.279070517066666 -0.3597969236547438 -0.11243420455305575
1781 1000 73 761 1427 1427 761 1079 2192 1079 292 1063 1561 2437|0.3 0.0039597001105873275 -2.8633617520195296 -0.30422823975447044
1417 1875 1314 96 384 2880 2340 1000 1417 1875 1314 2051 1018 1765|0.3 -0.26396199404038145 0.0018904964936017343 -2.7325100732040584
384 1000 96 1314 1417 1417 1314 1875 2880 1875 2340 1018 2051 1765|0.3 -0.32365058449606465 -3.241980751439538 -0.02213857973120681
13687 24375 13687 10416 10416 19531 19531 4000 14765 30000 14765 14550 10607 21366|0.3 -3.6747023032472703 -0.07262180681642638 -0.31420297559395016
1427 1079 761 73 1781 2192 292 1000 1427 1079 761 1561 1063 2437|0.3 -0.04370813787900829 -0.3557758126783128 -3.4250935456667975
2604 250 2604 3691 3691 3422 3422 7500 4883 6094 4883 2652 4596 4715|0.3 0.4253461023147498 0.2570309567288498 -0.013441458676989315
1314 1875 1417 384 96 2340 2880 1000 1314 1875 1417 1811 1018 1397|0.3 0.27346598735377814 -0.054368928877497336 0.28817991234473483
2032 1000 271 705 1323 1323 705 927 1651 927 68 1245 1277 2259|0.3 -0.003036559457798571 0.45026183872602266 0.24402142273496352
271 1000 2032 1323 705 705 1323 927 68 927 1651 1245 1447 718|0.3 0.06698112118210586 -0.13630668511724897 0.18018943032305224
701 533 756 1536 1248 51 205 1000 701 533 756 1094 1708 745|0.3 0.144596518818354 0.08510797060729214 -0.12792118133700403
651 812 651 492 492 456 456 133 347 33 347 1112 613 712|0.3 -0.13580510092091824 0.16082932717569332 0.08136705207544503
761 1079 1427 1781 73 292 2192 1000 761 1079 1427 1378 1063 775|0.3 0.037056584755450483 -0.16897472105026234 0.05923841948613395
561 41 561 801 801 427 427 1231 606 164 606 597 1368 774|0.3 0.07405552133088689 0.005209455551211661 -0.1609387688681363
1536 1000 1248 701 756 756 701 533 205 533 51 1708 966 941|0.3 -0.13353811517155423 0.040849051163021066 0.057180896114179536
73 1000 1781 1427 761 761 1427 1079 292 1079 2192 1063 1378 775|0.3 0.014824056319064915 0.07257574554261792 -0.14632943961722988
801 1231 801 561 561 606 606 41 427 164 427 1368 597 774|0.3 0.06543541190109803 -0.1461035144928724 0.017029943564197403
756 533 701 1248 1536 205 51 1000 756 533 701 966 1708 941|0.3 -0.2132631377692018 0.09154373687339845 0.03398010638040683
705 927 1323 2032 271 68 1651 1000 705 927 1323 1447 1245 718|0.3 0.03787339575085813 0.15441877387535108 -0.11650916097048936
492 133 492 651 651 347 347 812 456 33 456 613 1112 712|0.3 -0.13389935633652206 0.07652022262433888 0.15505634922570177
1248 1000 1536 756 701 701 756 533 51 533 205 1708 1094 745|0.3 0.15613753463904478 -0.11853777161196954 0.05861150327430398
3000 1000 3000 566 566 693 693 200 2600 200 2600 3162 721 2661|0.3 0 0 0
354 1000 1768 5303 4596 4596 5303 1225 354 1225 1768 1275 4704 4610|0.3 0 0 0
231 867 189 333 333 67 67 1000 231 867 189 887 1054 275|0.3 0 0 0
333 1000 333 189 231 231 189 867 67 867 67 1054 887 275|0.3 0 0 0
4596 1225 5303 1768 354 354 1768 1000 4596 1225 5303 4704 1275 4610|0.3 0 0 0
566 200 566 3000 3000 2600 2600 1000 693 200 693 721 3162 2661|0.3 0 0 0
3000 1000 3000 693 693 566 566 200 2600 200 2600 3162 825 3053|0.3 0 0 0
189 867 231 333 333 67 67 1000 189 867 231 1018 1054 240|0.3 0 0 0
289 1000 1443 4330 3753 3753 4330 816 289 816 1443 1190 4406 3764|0.3 0 0 0
333 1000 333 231 189 189 231 867 67 867 67 1054 1018 240|0.3 0 0 0
693 200 693 3000 3000 2600 2600 1000 566 200 566 825 3162 3053|0.3 0 0 0
3753 816 4330 1443 289 289 1443 1000 3753 816 4330 4406 1190 3764|0.3 0 0 0
5303 1225 4596 354 1768 1768 354 1000 5303 1225 4596 5397 1275 5590|0.3 0 0 0
2828 5000 2828 13000 13000 15000 15000 1000 3464 5000 3464 3606 13038 15264|0.3 0 0 0
77 1000 77 218 266 266 218 1154 385 1154 385 1003 1174 317|0.3 0 0 0
1768 1000 354 4596 5303 5303 4596 1225 1768 1225 354 1275 5397 5590|0.3 0 0 0
266 1154 218 77 77 385 385 1000 266 1154 218 1174 1003 317|0.3 0 0 0
13000 1000 13000 2828 2828 3464 3464 5000 15000 5000 15000 13038 3606 15264|0.3 0 0 0
4330 816 3753 289 1443 1443 289 1000 4330 816 3753 3841 1190 4564|0.3 0 0 0
77 1000 77 266 218 218 266 1154 385 1154 385 1003 1023 277|0.3 0 0 0
3464 5000 3464 13000 13000 15000 15000 1000 2828 5000 2828 4123 13038 13304|0.3 0 0 0
1443 1000 289 3753 4330 4330 3753 816 1443 816 289 1190 3841 4564|0.3 0 0 0
218 1154 266 77 77 385 385 1000 218 1154 266 1023 1003 277|0.3 0 0 0
13000 1000 13000 3464 3464 2828 2828 5000 15000 5000 15000 13038 4123 13304|0.3 0 0 0
1000 1000 1000 908 908 908 908 222 2444 222 2444 1414 1023 1808|0.3 0.05826589245021774 -0.048128158570737156 -0.17313444994479066
245 1000 1102 1102 2693 2693 1102 1000 245 1000 1102 1127 1992 2704|0.3 -0.2113388170306607 0.08674380735629539 -0.20446638554835972
908 2444 908 1000 1000 222 222 1000 908 2444 908 1808 1414 1023|0.3 -0.22276626922317022 -0.2968160054915381 0.1180909024108523
1000 1000 1000 908 908 908 908 2444 222 2444 222 1414 1808 1023|0.3 -0.17220929080153824 0.0758854156867339 -0.1824253009542831
2693 1000 1102 1102 245 245 1102 1000 2693 1000 1102 1992 1127 2704|0.3 -0.2666935298771844 -0.2101710102973009 0.10583608832449354
908 222 908 1000 1000 2444 2444 1000 908 222 908 1023 1414 1808|0.3 0.09647383595682513 -0.24082348748972526 -0.20405731244135583
1000 1000 1000 908 908 908 908 222 2444 222 2444 1414 1023 1808|0.3 0.0766634457458415 -0.1450362167687813 -0.1978003336133216
908 2444 908 1000 1000 222 222 1000 908 2444 908 1808 1414 1023|0.3 -0.18038397153140595 -0.23546158690323726 0.0938959277044793
245 1000 1102 1102 2693 2693 1102 1000 245 1000 1102 1127 1992 2704|0.3 -0.24608214526734562 0.09645035124951518 -0.18894923067049652
1000 1000 1000 908 908 908 908 2444 222 2444 222 1414 1808 1023|0.3 -0.12596887185705063 0.07122881167036077 -0.18416234124805753
908 222 908 1000 1000 2444 2444 1000 908 222 908 1023 1414 1808|0.3 0.09787511342225885 -0.2543703615055404 -0.19416068447559387
2693 1000 1102 1102 245 245 1102 1000 2693 1000 1102 1992 1127 2704|0.3 -0.1778293845355794 -0.076370776393766 0.06292121395873096
1102 1000 2693 245 1102 1102 245 1000 1102 1000 2693 1992 1127 1558|0.3 0.2993547267097818 -0.09065265621060137 0.5291735539734699
4085 4500 4085 11000 11000 4500 4500 1000 4085 4500 4085 4603 11045 8136|0.3 0.33850149892329817 0.19762573128101257 -0.06446619785111851
91 1000 91 371 371 371 371 409 409 409 409 1004 740 418|0.3 -0.08037063885812268 0.3187389409188124 0.19592019790387827
1102 1000 245 2693 1102 1102 2693 1000 1102 1000 245 1127 1992 1558|0.3 0.2721152151595474 0.47229638474934 -0.07771494561130687
371 409 371 91 91 409 409 1000 371 409 371 740 1004 418|0.3 -0.08557482940605876 0.2559011664093025 0.4255173203397411
11000 1000 11000 4085 4085 4085 4085 4500 4500 4500 4500 11045 4603 8136|0.3 0.46801182647123074 -0.06598410434279556 0.26368551685608477
1102 1000 2693 245 1102 1102 245 1000 1102 1000 2693 1992 1127 1558|0.3 0.18755730547378224 -0.05781898242897321 0.325279611297542
91 1000 91 371 371 371 371 409 409 409 409 1004 740 418|0.3 -0.08246376191326621 0.4511578926672999 0.25993320677604403
4085 4500 4085 11000 11000 4500 4500 1000 4085 4500 4085 4603 11045 8136|0.3 0.3220187035899813 0.1956418946959526 -0.0705676497907548
1102 1000 245 2693 1102 1102 2693 1000 1102 1000 245 1127 1992 1558|0.3 0.29363533531512775 0.5018309698210732 -0.0943494970199854
371 409 371 91 91 409 409 1000 371 409 371 740 1004 418|0.3 -0.05849403775090356 0.2531834003053679 0.45764877024141226
11000 1000 11000 4085 4085 4085 4085 4500 4500 4500 4500 11045 4603 8136|0.3 0.5288734504438986 -0.08303054245813679 0.30646184478936966
250 1000 250 1021 1604 1604 1021 1875 1875 1875 1875 1031 2490 1744|0.3 0 0 0
1836 1571 979 245 1836 1836 245 1000 1836 1571 979 2438 1204 2596|0.3 0 0 0
4085 7500 4085 4000 4000 7500 7500 1000 6418 7500 6418 4918 4123 9959|0.3 0 0 0
4000 1000 4000 6418 6418 4085 4085 7500 7500 7500 7500 4123 6978 4323|0.3 0 0 0
1169 1000 156 623 1169 1169 623 637 1169 637 156 1087 674 1653|0.3 0 0 0
1021 1875 1604 250 250 1875 1875 1000 1021 1875 1604 1081 1031 1230|0.3 0 0 0
250 1000 250 1604 1021 1021 1604 1875 1875 1875 1875 1031 1081 1230|0.3 0 0 0
6418 7500 6418 4000 4000 7500 7500 1000 4085 7500 4085 6978 4123 4323|0.3 0 0 0
1169 637 623 156 1169 1169 156 1000 1169 637 623 674 1087 1653|0.3 0 0 0
4000 1000 4000 4085 4085 6418 6418 7500 7500 7500 7500 4123 4918 9959|0.3 0 0 0
1604 1875 1021 250 250 1875 1875 1000 1604 1875 1021 2490 1031 1744|0.3 0 0 0
1836 1000 245 979 1836 1836 979 1571 1836 1571 245 1204 2438 2596|0.3 0 0 0
245 1000 1836 1836 979 979 1836 1571 245 1571 1836 1204 1058 1009|0.3 0 0 0
856 533 545 1000 1000 133 133 1000 856 533 545 576 1414 930|0.3 0 0 0
1000 1000 1000 545 545 856 856 133 533 133 533 1414 656 576|0.3 0 0 0
623 637 1169 1169 156 156 1169 1000 623 637 1169 1552 1087 642|0.3 0 0 0
856 133 856 1000 1000 533 533 1000 545 133 545 930 1414 1328|0.3 0 0 0
1000 1000 1000 856 545 545 856 533 133 533 133 1414 1328 656|0.3 0 0 0
156 1000 1169 1169 623 623 1169 637 156 637 1169 1087 1552 642|0.3 0 0 0
1000 1000 1000 856 856 545 545 133 533 133 533 1414 930 1328|0.3 0 0 0
545 533 856 1000 1000 133 133 1000 545 533 856 1328 1414 656|0.3 0 0 0
979 1571 1836 1836 245 245 1836 1000 979 1571 1836 1058 1204 1009|0.3 0 0 0
545 133 545 1000 1000 533 533 1000 856 133 856 656 1414 576|0.3 0 0 0
1000 1000 1000 545 856 856 545 533 133 533 133 1414 576 930|0.3 0 0 0
2032 1000 271 176 330 330 176 975 1651 975 68 1245 977 1861|0.3 -0.055860099210457426 0.3450449220462848 0.32296833816103154
5543 1875 5683 1540 385 9382 11547 1000 5543 1875 5683 5551 1262 5860|0.3 0.2567502485820694 0.0039155341140029165 0.4987609547363725
650 250 650 3691 3691 3601 3601 7500 1218 6094 1218 820 4596 3605|0.3 0.1647144298090586 0.28384603462324964 -0.0979430825056471
492 133 492 162 162 87 87 812 480 33 480 613 916 519|0.3 -0.13342453705394552 0.0882985746608056 0.15438449930529563
5004 1000 6158 3031 2956 2956 3031 533 205 533 821 5640 3198 3125|0.3 0.14311849270661536 -0.08024263379169172 -0.021031533543006686
176 975 330 2032 271 68 1651 1000 176 975 330 1055 1245 222|0.3 0.0626623046112873 0.16119323288180887 -0.12181556994196097
271 1000 2032 330 176 176 330 975 68 975 1651 1245 1055 222|0.3 0.046717824032596056 -0.11456917349606632 0.1461099806280286
162 812 162 492 492 480 480 133 87 33 87 916 613 519|0.3 -0.09657053796886861 0.14994076954979452 0.011466488662810193
2956 533 3031 6158 5004 205 821 1000 2956 533 3031 3198 5640 3125|0.3 0.13948966020316034 -0.023866197603064077 -0.08042423997512982
3691 7500 3691 650 650 1218 1218 250 3601 6094 3601 4596 820 3605|0.3 0.15962236003822294 -0.08903344026622739 0.2327362105948283
330 975 176 271 2032 1651 68 1000 330 975 176 977 1245 1861|0.3 -0.0073050519755524235 0.26374433667876396 0.4471773348430874
385 1000 1540 5683 5543 5543 5683 1875 9382 1875 11547 1262 5551 5860|0.3 0.3035066612189219 0.3896647729718783 -0.04007762068865994
1540 1000 385 5543 5683 5683 5543 1875 11547 1875 9382 1262 5997 7076|0.3 -0.3163377062051209 -3.4388424108077165 -0.047694832644864515
338 1025 180 69 1692 2083 278 1000 338 1025 180 1082 1057 1908|0.3 0.02416887069827789 -0.25011498789690667 -2.4684171719852444
14402 24375 14402 2598 2598 4871 4871 4000 14765 30000 14765 15225 3279 15580|0.3 -2.729451235917532 -0.002945952670115881 -0.2802671104097154
3031 533 2956 5004 6158 821 205 1000 3031 533 2956 2960 5640 3774|0.3 -0.1561907930585682 0.04306804325892477 0.05749320655584089
200 1231 200 591 591 606 606 41 107 164 107 1127 625 592|0.3 0.07629407177268677 -0.17376971880502357 0.022106228157847685
69 1000 1692 338 180 180 338 1025 278 1025 2083 1057 1001 228|0.3 -0.03718782240268226 0.09944799990423636 -0.13392977639110404
6158 1000 5004 2956 3031 3031 2956 533 821 533 205 5640 2960 3774|0.3 -0.22839264282870642 0.03641620944949686 0.08155784704349411
591 41 591 200 200 107 107 1231 606 164 606 625 1127 592|0.3 0.008743915739519714 0.11996749786209238 -0.17953360421339104
180 1025 338 1692 69 278 2083 1000 180 1025 338 1001 1057 228|0.3 -0.043286390701382516 -0.12569783478444285 0.10491882623661963
5683 1875 5543 385 1540 11547 9382 1000 5683 1875 5543 5997 1262 7076|0.3 -0.3365260317438723 -0.07728326594279133 -3.8024896374626938
2598 4000 2598 14402 14402 14765 14765 24375 4871 30000 4871 3279 15225 15580|0.3 -3.8176709195059044 -0.3424363859170876 -0.06567669069999948
1692 1000 69 180 338 338 180 1025 2083 1025 278 1057 1082 1908|0.3 -0.09842157925853412 -3.9333261270013264 -0.338059571512489
146 1000 585 2390 2106 2106 2390 1875 3565 1875 4388 1042 2203 2227|0.3 0.3186099025739808 0.4465429925076392 -0.024833707910566494
785 881 418 245 1836 1492 61 1000 785 881 418 922 1204 1831|0.3 -0.01961477470888151 0.2799732247143849 0.42399510195319845
4085 7500 4085 1709 1709 3205 3205 250 3601 6094 3601 4918 1781 3766|0.3 0.44428463709299537 -0.0203403711703265 0.26959761691471185
6837 4000 6837 14402 14402 16340 16340 24375 12820 30000 12820 7124 15225 20561|0.3 -3.0504324499007596 -0.3160783084385921 -0.012475765107229364
1692 1000 69 475 890 890 475 1135 2083 1135 278 1057 1428 2078|0.3 -0.06909418527989208 -4.075387034445905 -0.38338811386557037
2390 1875 2106 146 585 4388 3565 1000 2390 1875 2106 3007 1042 2877|0.3 -0.35581105107486133 -0.06477357791637273 -3.717300704520473
585 1000 146 2106 2390 2390 2106 1875 4388 1875 3565 1042 3007 2877|0.3 -0.24905152356625715 -2.4811698148992054 0.016541971296799574
14402 24375 14402 6837 6837 12820 12820 4000 16340 30000 16340 15225 7124 20561|0.3 -3.972076490108143 -0.09320264881798712 -0.38353479730516726
890 1135 475 69 1692 2083 278 1000 890 1135 475 1428 1057 2078|0.3 -0.0730989432834428 -0.34248616003158094 -3.671843475523863
1709 250 1709 4085 4085 3601 3601 7500 3205 6094 3205 1781 4918 3766|0.3 0.21580377378811688 0.22425768168697013 -0.07172586872289388
2106 1875 2390 585 146 3565 4388 1000 2106 1875 2390 2203 1042 2227|0.3 0.28283465009935727 -0.09964773664550175 0.16406601624718853
1836 1000 245 418 785 785 418 881 1492 881 61 1204 922 1831|0.3 -0.07682443530970584 0.23949935962877644 0.3085891426360621
245 1000 1836 785 418 418 785 881 61 881 1492 1204 1258 436|0.3 0.09060009159727711 -0.1379394316272653 0.17207474856425042
1123 533 1275 2340 1901 78 312 1000 1123 533 1275 1604 2334 1188|0.3 0.12600352078395938 0.05847619449528496 -0.11064286655893318
427 812 427 545 545 480 480 133 228 33 228 998 656 685|0.3 -0.08942810395158762 0.15462909787171242 -0.0063758751697140514
475 1135 890 1692 69 278 2083 1000 475 1135 890 1046 1057 495|0.3 0.07939963759179491 -0.19206400934984602 0.03800061933174392
591 41 591 526 526 281 281 1231 670 164 670 625 1228 618|0.3 0.07849589273822621 -0.0010696438869983727 -0.14125127823963357
2340 1000 1901 1123 1275 1275 1123 533 312 533 78 2334 1175 1534|0.3 -0.16282860903402807 0.06432472605022 0.026294536080608832
69 1000 1692 890 475 475 890 1135 278 1135 2083 1057 1046 495|0.3 0.08500102845287794 0.03924392534619958 -0.21029622184594365
526 1231 526 591 591 670 670 41 281 164 281 1228 625 618|0.3 0.04603458857582288 -0.19526865463899368 0.0734385491907763
1275 533 1123 1901 2340 312 78 1000 1275 533 1123 1175 2334 1534|0.3 -0.20838419305566958 0.08138707003784162 0.040105979835205474
418 881 785 1836 245 61 1492 1000 418 881 785 1258 1204 436|0.3 0.0653341151539677 0.1626635941082366 -0.13078293771231264
545 133 545 427 427 228 228 812 480 33 480 656 998 685|0.3 -0.14578644314943046 0.11047359513271404 0.14452274161327772
1901 1000 2340 1275 1123 1123 1275 533 78 533 312 2334 1604 1188|0.3 0.18318481440176893 -0.12349512921704608 0.053038366164872564
696 533 943 1000 188 100 533 921 730 491 1052 1373 1106 669|0.3 -0.05738446991581325 -0.21522823202821617 0.09570000901381492
921 188 1000 943 1052 730 696 533 491 100 533 1106 1083 1488|0.3 -0.05902543765859081 0.027467130297562647 0.05063293598262186
566 1116 1061 1061 566 521 977 738 106 774 199 1149 1456 625|0.3 0.028179429324817207 -0.05174391066189221 0.03741441479440555
766 1355 1437 269 144 766 1437 1049 705 1511 1323 1071 961 766|0.3 0.06875660016852025 0.055729891680602606 0.1854437131133202
3893 533 3712 5333 4910 2619 2844 5333 5611 2844 5028 3569 5333 3061|0.3 -0.03947070891916038 0.046232052567245496 -0.09836220894903991
1000 921 188 696 943 1052 730 533 533 491 100 1000 745 1083|0.3 0.12252332919301612 0.2088654162976078 -0.21136996969728816
1768 1875 1305 187 1000 1875 352 921 1972 1726 1369 2574 1000 2577|0.3 -0.1020391033545387 0.0043376560563235245 -0.470039059663383
269 1049 144 766 1437 1323 705 1355 1437 1511 766 1119 1972 1437|0.3 0.04193328139726393 0.8131989262092154 0.4124742601947706
4910 5333 5333 6960 7300 10520 9428 1875 9207 10000 10000 5333 7792 14881|0.3 1.2104366634464259 0.4888358501406498 0.13635055128539575
1061 738 566 566 1061 199 106 1116 977 774 521 791 1458 1173|0.3 -0.006072124199206774 -0.31647490043191895 0.12549551636912293
187 921 1000 1768 1305 1369 1972 1875 352 1726 1875 1106 1398 1461|0.3 0.2288480883635513 -0.04709183999604072 -0.009673755777312998
1972 1875 1768 1000 921 1726 1875 187 1369 352 1305 2577 1106 1076|0.3 0.17586114509568818 0.025807399033710432 -0.31746981364850324
943 533 1052 921 1000 533 491 188 696 100 730 1374 1000 1373|0.3 -0.024509987461769356 0.03671458287881846 -0.011881388372615431
204 1086 1086 1143 793 756 1024 533 109 579 579 1086 1616 846|0.3 -0.036581869068165185 0.004296222640984837 0.002057141530860118
467 694 875 951 507 95 178 896 507 662 951 1415 1306 507|0.3 -0.17322876306467894 -0.025724555806496685 0.06324814771693665
5333 5333 4910 3893 3712 5028 5611 533 2844 2844 2619 5897 4156 3975|0.3 0.19936409982744818 0.03281574733518866 -0.015021245991760912
137 953 257 1261 673 731 1370 1441 731 1291 1370 1067 786 808|0.3 -0.18600486879217226 0.32797241532119603 0.17439614580337492
1143 533 793 204 1086 579 109 1086 1024 579 756 623 1201 1493|0.3 -0.003585244666238774 0.059970057919087605 0.11785192931286659
6960 1875 7300 4910 5333 10000 9207 5333 9428 10000 10520 6692 5897 13728|0.3 0.5577636543561426 0.06623583646953479 0.2843994040634734
1261 1441 673 137 257 1370 731 953 1370 1291 731 2038 917 1515|0.3 0.004858432542211855 0.2828036512648091 0.31505404953622085
1086 1086 204 1487 2142 1920 1417 1875 2037 2037 382 1201 3031 2206|0.3 0.3716466553964648 0.5599512372155302 0.04731115689259102
1000 187 921 1972 1768 1305 1369 1875 1875 352 1726 1000 2031 1398|0.3 0.039174607487766355 -0.02733850343614508 0.012469962550736291
951 896 507 467 875 951 507 694 178 662 95 1030 546 951|0.3 0.015745852277875283 -0.015570490559110306 0.14405979230545318
1487 1875 2142 1086 204 382 2037 1086 1417 2037 1920 1169 1086 1363|0.3 0.053137057516077224 -0.05894619178163474 0.020577471530653924
2032 1000 271 144 269 330 176 1049 1841 975 169 1245 1119 1861|0.3 0.12353149808179698 0.532806690585006 -0.01737348561583474
7300 1875 6960 1886 1179 12816 14142 1225 6789 2296 6960 7792 1546 7776|0.3 0.12222316469877148 -0.1254760119612086 -0.10640954482786347
650 625 530 3691 3691 3601 3872 7500 1218 6797 994 820 4596 3605|0.3 0.6674101730382143 0.14747745003492518 0.14199771710279085
492 133 492 133 162 87 71 906 480 83 516 613 916 519|0.3 -0.09307224107818146 0.08762075169195471 0.09251510284352227
6835 1225 7542 3712 3893 3621 3712 533 629 653 1006 6908 3569 4434|0.3 0.08845209089800354 -0.11423927324902494 0.12416606050996926
144 1049 269 2032 271 169 1841 1000 176 975 330 961 1245 222|0.3 -0.1502142983018595 0.06008727011008297 0.028773037426506054
271 1000 2032 330 176 144 269 975 169 1049 1841 1245 1055 307|0.3 0.021795732449088057 -0.04854717280402099 0.045206434368652015
133 906 162 492 492 516 480 133 71 83 87 1009 613 473|0.3 0.08184607367288654 -0.021856922214423813 -0.18648282112717074
2956 533 3031 6158 5581 513 821 816 3179 435 3031 3198 6212 3386|0.3 0.09950632236035872 -0.14642527621325563 0.0035180365889475596
3691 7500 3691 650 530 994 1218 625 3872 6797 3601 4596 1132 4132|0.3 0.4647713393133879 0.15427069225638412 -0.09621173917070847
330 975 176 271 2032 1841 169 1000 269 1049 144 977 1245 2050|0.3 0.04281216184607528 0.036856641454112715 0.32326851660203104
962 816 1540 5683 5543 5961 5683 1875 10464 1531 11547 1743 5551 6789|0.3 -0.004948971058649221 0.7022760010605333 0.22005255872494134
1886 1225 1179 7300 6960 6960 6789 1875 14142 2296 12816 2134 6692 8667|0.3 -0.3585625980242946 -0.9612818552144875 -0.006115166318272358
257 953 137 161 1756 1937 258 930 315 953 168 917 1065 1954|0.3 0.2821402662672057 0.18061839849514927 1.3733442234305038
5761 10875 6194 849 1039 1949 1591 1600 5906 12000 5906 6598 1811 6232|0.3 0.19642928164228302 0.17370633544507852 -0.07729982607534103
3712 533 3893 6835 7542 1006 629 1225 3712 653 3621 4156 7608 4622|0.3 0.054070480754520034 -0.08595362862567901 0.05254298176194272
179 1103 146 570 530 543 543 92 96 147 78 1113 649 530|0.3 0.16429903876147067 0.07730922818262043 -0.2857026014364539
161 930 1756 257 137 168 315 953 258 953 1937 1139 1067 292|0.3 -0.01760211324620231 0.05385192821579565 -0.09404982937527673
6158 816 5581 2956 3031 3031 3179 533 821 435 513 5640 2960 3774|0.3 -0.017981760216999598 0.12282771371702417 -0.15432409124752744
570 92 530 179 146 78 96 1103 543 147 543 607 1011 608|0.3 0.13373077567163882 -0.270047635004933 0.12811542055847003
180 1025 338 1888 174 278 2083 1075 147 1025 276 1001 1145 228|0.3 -0.24970230979263985 0.14689130277865337 0.11275501880269934
5683 1875 5543 962 1540 11547 10464 816 5683 1531 5961 5997 1262 7076|0.3 0.11887636525093281 0.05550880942591263 0.20652922394364337
849 1600 1039 5761 6194 5906 5906 10875 1591 12000 1949 1311 7055 5678|0.3 0.2461899446030591 0.1326795830515648 0.0472126098116199
1888 1075 174 180 338 276 147 1025 2083 1025 278 1225 1082 1908|0.3 0.18716216136603236 0.4576811279117443 0.03588024939088941
696 533 943 943 177 94 503 1260 701 672 1040 1373 1016 702|0.3 0.03450495813292154 0.045922639454361036 -0.05410502861276534
1336 188 1061 1000 1104 743 738 533 713 100 566 1077 1133 1712|0.3 0.10963978209050262 -0.13093821406698347 -0.1700518680800145
533 1104 1000 1061 566 713 1336 738 100 743 188 1133 1456 574|0.3 -0.056531521895156756 0.05074405088655087 -0.14561653722303225
766 1355 1437 254 135 722 1355 1007 965 1495 1810 1071 1009 1053|0.3 -0.024316879005606973 0.12770284542238608 0.31404314173711034
3965 533 3937 5657 7126 3800 3017 5333 5885 2844 5333 3973 7775 4602|0.3 0.13274867858795059 0.08793556730315233 0.014604839623943988
943 1260 177 696 943 1040 701 533 503 672 94 1374 745 1069|0.3 0.08865371128766508 0.22531574994476333 -0.034035962627660954
1768 1875 1305 177 943 1768 331 1260 1951 2362 1314 2574 1374 2500|0.3 0.22418138626094208 -0.02309771300167962 0.186442354895342
254 1007 135 766 1437 1810 965 1355 1355 1495 722 1032 1972 1975|0.3 0.10555979898432488 0.6274664570303079 0.24201029424514298
7126 5333 5657 7382 7434 11035 10000 1875 13361 10000 10607 7775 7617 17117|0.3 -0.33129013661263973 -0.10865732856191967 0.04752814053101684
1061 738 566 533 1000 188 100 1104 1336 743 713 791 1414 1077|0.3 -0.0829851423812955 -0.07036670168141912 0.07339142158779177
177 1260 943 1768 1305 1314 1951 1875 331 2362 1768 1016 1398 1346|0.3 -0.13541607291645552 0.079083711251966 0.009511080265742766
2069 1875 1875 1061 1336 2505 1989 188 1394 352 1384 2652 1077 1618|0.3 0.1295360869215756 0.12855875022528718 -0.2129696499040068
1000 533 1104 1336 1061 566 713 188 738 100 743 1414 1458 1456|0.3 0.04391656106806252 -0.012273412205942025 -0.12134851080075393
140 794 748 826 556 553 748 533 75 423 399 1091 1281 570|0.3 -0.18435290779415525 0.06942155467430933 -0.0003751351959302429
646 674 1211 906 483 91 170 906 513 669 961 1551 1282 705|0.3 0.0065530821794235194 -0.16211240705742647 0.06600083412309887
5657 5333 7126 3965 3937 5333 5885 533 3017 2844 3800 5745 4062 4216|0.3 0.542880021952743 0.2285318003738257 -0.017780810340924935
135 993 252 1797 959 761 1427 1484 717 1345 1345 1025 1161 773|0.3 -0.05591166479196663 0.1786222600238463 0.07704402352354922
826 533 556 140 748 399 75 794 748 423 553 646 806 1058|0.3 -0.05587025851114036 0.06584964076178368 0.07951285156360344
7382 1875 7434 7126 5657 10607 13361 5333 10000 10000 11035 7450 5745 14560|0.3 1.0354678112943727 0.1466949308794141 0.39176923572729727
1797 1484 959 135 252 1345 717 993 1427 1345 761 2303 1002 1449|0.3 -0.058120759897357654 0.0727077578942037 -0.07340809269171467
748 794 140 1043 1549 1403 1036 1875 1403 1488 263 806 2402 1590|0.3 0.42978429135152263 0.9929526433050628 0.08501838983592025
1061 188 1336 2069 1875 1384 1394 1875 1989 352 2505 1458 2125 1482|0.3 -0.022381483740293584 0.10821312666895233 -0.059472662680387645
906 906 483 646 1211 961 513 674 170 669 91 1027 782 1321|0.3 0.14226085135143895 0.193621946781648 -0.3046506018406758
1043 1875 1549 748 140 263 1403 794 1036 1488 1403 1211 1091 1045|0.3 0.027307251641635055 0.04065901962921448 0.038202016915995785
2032 1000 271 135 254 254 135 1007 2032 1007 271 1245 1032 2048|0.3 0 0 0
7434 1875 7382 2000 2000 15000 15000 1000 7434 1875 7382 7617 2236 9234|0.3 0 0 0
500 1000 500 3691 3691 3717 3717 7500 938 7500 938 1118 4596 3808|0.3 0 0 0
492 133 492 125 125 67 67 1000 496 133 496 613 1008 497|0.3 0 0 0
8000 1000 8000 3937 3965 3965 3937 533 1067 533 1067 8062 3973 4925|0.3 0 0 0
135 1007 254 2032 271 271 2032 1000 135 1007 254 1009 1245 303|0.3 0 0 0
271 1000 2032 254 135 135 254 1007 271 1007 2032 1245 1009 303|0.3 0 0 0
125 1000 125 492 492 496 496 133 67 133 67 1008 613 497|0.3 0 0 0
3965 533 3937 8000 8000 1067 1067 1000 3965 533 3937 3973 8062 4925|0.3 0 0 0
3691 7500 3691 500 500 938 938 1000 3717 7500 3717 4596 1118 3808|0.3 0 0 0
254 1007 135 271 2032 2032 271 1000 254 1007 135 1032 1245 2048|0.3 0 0 0
2000 1000 2000 7382 7434 7434 7382 1875 15000 1875 15000 2236 7617 9234|0.3 0 0 0
2000 1000 2000 7434 7382 7382 7434 1875 15000 1875 15000 2236 7450 9192|0.3 0 0 0
252 993 135 269 2018 2018 269 1000 252 993 135 1002 1242 2033|0.3 0 0 0
3717 7500 3717 500 500 938 938 1000 3691 7500 3691 4617 1118 3725|0.3 0 0 0
3937 533 3965 8000 8000 1067 1067 1000 3937 533 3965 4062 8062 4903|0.3 0 0 0
125 1000 125 496 496 492 492 133 67 133 67 1008 616 508|0.3 0 0 0
269 1000 2018 252 135 135 252 993 269 993 2018 1242 1025 301|0.3 0 0 0
8000 1000 8000 3965 3937 3937 3965 533 1067 533 1067 8062 4062 4903|0.3 0 0 0
496 133 496 125 125 67 67 1000 492 133 492 616 1008 508|0.3 0 0 0
135 993 252 2018 269 269 2018 1000 135 993 252 1025 1242 301|0.3 0 0 0
7382 1875 7434 2000 2000 15000 15000 1000 7382 1875 7434 7450 2236 9192|0.3 0 0 0
500 1000 500 3717 3717 3691 3691 7500 938 7500 938 1118 4617 3725|0.3 0 0 0
2018 1000 269 135 252 252 135 993 2018 993 269 1242 1002 2033|0.3 0 0 0
1305 1875 1768 943 177 331 1768 1260 1314 2362 1951 1398 1016 1346|0.3 0.07727238409601211 0.0031410945336651785 -0.0028896487418050842
1336 188 1061 1875 2069 1394 1384 1875 2505 352 1989 1077 2652 1618|0.3 0.07522392131068534 -0.16794774717657113 -0.08545756180238007
1000 1104 533 566 1061 1336 713 738 188 743 100 1414 791 1077|0.3 0.01806198601512099 0.11606596904677913 -0.20732724517086076
1437 1355 766 135 254 1355 722 1007 1810 1495 965 1972 1032 1975|0.3 0.06390145448861295 0.37313702176751784 0.8476690805171638
7434 1875 7382 5657 7126 13361 10607 5333 11035 10000 10000 7617 7775 17117|0.3 0.685172307432993 0.10518882526928008 0.2477328764001152
943 1260 177 1305 1768 1951 1314 1875 1768 2362 331 1374 2574 2500|0.3 0.47169345794662254 1.267555670319389 0.10917473230030561
943 533 696 177 943 503 94 1260 1040 672 701 745 1374 1069|0.3 0.1807845989951895 -0.009304858047745057 0.4779717314992671
135 1007 254 1437 766 965 1810 1355 722 1495 1355 1009 1071 1053|0.3 -0.013656505006726105 0.2845242473171328 0.10091424608291044
7126 5333 5657 3937 3965 5885 5333 533 3800 2844 3017 7775 3973 4602|0.3 0.04963656653821147 -0.08495325664549136 0.10150871361296332
566 738 1061 1000 533 100 188 1104 713 743 1336 1456 1133 574|0.3 -0.003780331775302681 -0.20861851225692396 0.05796188378702771
177 1260 943 943 696 701 1040 533 94 672 503 1016 1373 702|0.3 0.07236062566542412 -0.10322641004552158 0.13006114115300837
1104 533 1000 1061 1336 713 566 188 743 100 738 1133 1077 1712|0.3 0.09178686319561535 -0.060537122608198546 -0.22954192513067628
1875 1875 2069 1336 1061 1989 2505 188 1384 352 1394 2125 1458 1482|0.3 0.04478987835888404 0.08392996244932727 -0.0021206427245290538
140 794 748 1549 1043 1036 1403 1875 263 1488 1403 1091 1211 1045|0.3 -0.29710620656607456 0.1637194100631434 0.08052929556685351
1211 674 646 483 906 170 91 906 961 669 513 782 1027 1321|0.3 -0.007215032620990769 -0.09379591778201024 0.09395994933659724
5657 5333 7126 7434 7382 10000 11035 1875 10607 10000 13361 5745 7450 14560|0.3 0.0159359041946594 0.09980584795955094 -0.021249360245073623
252 993 135 959 1797 1427 761 1484 1345 1345 717 1002 2303 1449|0.3 0.08514231062877853 0.2665844424038655 0.10188272868962622
1549 1875 1043 140 748 1403 263 794 1403 1488 1036 2402 806 1590|0.3 0.18147798550524064 0.006383313281543845 0.17246416434159473
3937 533 3965 7126 5657 3017 3800 5333 5333 2844 5885 4062 5745 4216|0.3 0.0614728304201817 -0.07518269392398746 0.0026865227672367986
959 1484 1797 252 135 717 1345 993 761 1345 1427 1161 1025 773|0.3 0.025975993616167425 -0.07516804334850802 -0.059950374596521305
748 794 140 556 826 748 553 533 399 423 75 806 646 1058|0.3 0.20401650638214974 0.5026986149657886 -0.10745753909885858
1061 188 1336 1104 1000 738 743 533 566 100 713 1458 1414 1456|0.3 0.1039253383759764 -0.22930052784472021 -0.0979084680655884
483 906 906 1211 646 513 961 674 91 669 170 1282 1551 705|0.3 0.07539830485393084 -0.02305555160640349 -0.04048767971385647
556 533 826 748 140 75 399 794 553 423 748 1281 1091 570|0.3 -0.005573517338406386 -0.214594573657525 0.07006678319737336
625 1000 625 354 354 354 354 1000 125 1000 125 1179 1061 451|0.3 0 0 0
2828 1000 2828 1768 354 354 1768 1000 2828 1000 2828 3000 1275 2850|0.3 0 0 0
566 200 566 1600 1600 1600 1600 1000 566 200 566 721 1887 1697|0.3 0 0 0
1600 1000 1600 566 566 566 566 200 1600 200 1600 1887 721 1697|0.3 0 0 0
354 1000 1768 2828 2828 2828 2828 1000 354 1000 1768 1275 3000 2850|0.3 0 0 0
354 1000 354 625 625 125 125 1000 354 1000 354 1061 1179 451|0.3 0 0 0
625 1000 625 354 354 354 354 1000 125 1000 125 1179 1061 451|0.3 0 0 0
566 200 566 1600 1600 1600 1600 1000 566 200 566 721 1887 1697|0.3 0 0 0
2828 1000 2828 1768 354 354 1768 1000 2828 1000 2828 3000 1275 2850|0.3 0 0 0
1600 1000 1600 566 566 566 566 200 1600 200 1600 1887 721 1697|0.3 0 0 0
354 1000 354 625 625 125 125 1000 354 1000 354 1061 1179 451|0.3 0 0 0
354 1000 1768 2828 2828 2828 2828 1000 354 1000 1768 1275 3000 2850|0.3 0 0 0
1768 1000 354 2828 2828 2828 2828 1000 1768 1000 354 1275 3000 3335|0.3 0 0 0
354 1000 354 125 125 625 625 1000 354 1000 354 1061 1008 451|0.3 0 0 0
8000 1000 8000 2828 2828 2828 2828 5000 8000 5000 8000 8062 3606 8485|0.3 0 0 0
2828 1000 2828 354 1768 1768 354 1000 2828 1000 2828 3000 1275 3335|0.3 0 0 0
2828 5000 2828 8000 8000 8000 8000 1000 2828 5000 2828 3606 8062 8485|0.3 0 0 0
125 1000 125 354 354 354 354 1000 625 1000 625 1008 1061 451|0.3 0 0 0
1768 1000 354 2828 2828 2828 2828 1000 1768 1000 354 1275 3000 3335|0.3 0 0 0
8000 1000 8000 2828 2828 2828 2828 5000 8000 5000 8000 8062 3606 8485|0.3 0 0 0
354 1000 354 125 125 625 625 1000 354 1000 354 1061 1008 451|0.3 0 0 0
2828 1000 2828 354 1768 1768 354 1000 2828 1000 2828 3000 1275 3335|0.3 0 0 0
2828 5000 2828 8000 8000 8000 8000 1000 2828 5000 2828 3606 8062 8485|0.3 0 0 0
125 1000 125 354 354 354 354 1000 625 1000 625 1008 1061 451|0.3 0 0 0
125 1000 125 461 989 989 461 1875 938 1875 938 1008 1931 1047|0.3 0 0 0
4064 2144 2167 271 2032 2032 271 1000 4064 2144 2167 4185 1245 4543|0.3 0 0 0
3691 7500 3691 8000 8000 15000 15000 1000 7914 7500 7914 4596 8062 15447|0.3 0 0 0
8000 1000 8000 7914 7914 3691 3691 7500 15000 7500 15000 8062 8374 8811|0.3 0 0 0
948 1000 126 1011 1895 1895 1011 466 948 466 126 1058 1113 2119|0.3 0 0 0
461 1875 989 125 125 938 938 1000 461 1875 989 1101 1008 575|0.3 0 0 0
125 1000 125 989 461 461 989 1875 938 1875 938 1008 1101 575|0.3 0 0 0
7914 7500 7914 8000 8000 15000 15000 1000 3691 7500 3691 8374 8062 8811|0.3 0 0 0
1895 466 1011 126 948 948 126 1000 1895 466 1011 1113 1058 2119|0.3 0 0 0
8000 1000 8000 3691 3691 7914 7914 7500 15000 7500 15000 8062 4596 15447|0.3 0 0 0
989 1875 461 125 125 938 938 1000 989 1875 461 1931 1008 1047|0.3 0 0 0
2032 1000 271 2167 4064 4064 2167 2144 2032 2144 271 1245 4185 4543|0.3 0 0 0
271 1000 2032 4064 2167 2167 4064 2144 271 2144 2032 1245 2387 2184|0.3 0 0 0
528 533 246 500 500 67 67 1000 528 533 246 587 1118 558|0.3 0 0 0
2000 1000 2000 492 492 1055 1055 133 1067 133 1067 2236 613 1175|0.3 0 0 0
1011 466 1895 948 126 126 948 1000 1011 466 1895 1952 1058 1019|0.3 0 0 0
1055 133 1055 2000 2000 1067 1067 1000 492 133 492 1117 2236 2060|0.3 0 0 0
500 1000 500 528 246 246 528 533 67 533 67 1118 1030 306|0.3 0 0 0
126 1000 948 1895 1011 1011 1895 466 126 466 948 1058 1952 1019|0.3 0 0 0
2000 1000 2000 1055 1055 492 492 133 1067 133 1067 2236 1117 2060|0.3 0 0 0
246 533 528 500 500 67 67 1000 246 533 528 1030 1118 306|0.3 0 0 0
2167 2144 4064 2032 271 271 2032 1000 2167 2144 4064 2387 1245 2184|0.3 0 0 0
492 133 492 2000 2000 1067 1067 1000 1055 133 1055 613 2236 1175|0.3 0 0 0
500 1000 500 246 528 528 246 533 67 533 67 1118 587 558|0.3 0 0 0
3000 1000 3000 566 566 566 566 200 3000 200 3000 3162 721 3053|0.3 0 0 0
354 1000 1768 5303 5303 5303 5303 1000 354 1000 1768 1275 5397 5315|0.3 0 0 0
189 1000 189 333 333 67 67 1000 189 1000 189 1018 1054 240|0.3 0 0 0
333 1000 333 189 189 189 189 1000 67 1000 67 1054 1018 240|0.3 0 0 0
5303 1000 5303 1768 354 354 1768 1000 5303 1000 5303 5397 1275 5315|0.3 0 0 0
566 200 566 3000 3000 3000 3000 1000 566 200 566 721 3162 3053|0.3 0 0 0
3000 1000 3000 566 566 566 566 200 3000 200 3000 3162 721 3053|0.3 0 0 0
189 1000 189 333 333 67 67 1000 189 1000 189 1018 1054 240|0.3 0 0 0
354 1000 1768 5303 5303 5303 5303 1000 354 1000 1768 1275 5397 5315|0.3 0 0 0
333 1000 333 189 189 189 189 1000 67 1000 67 1054 1018 240|0.3 0 0 0
566 200 566 3000 3000 3000 3000 1000 566 200 566 721 3162 3053|0.3 0 0 0
5303 1000 5303 1768 354 354 1768 1000 5303 1000 5303 5397 1275 5315|0.3 0 0 0
5303 1000 5303 354 1768 1768 354 1000 5303 1000 5303 5397 1275 5590|0.3 0 0 0
2828 5000 2828 15000 15000 15000 15000 1000 2828 5000 2828 3606 15033 15264|0.3 0 0 0
67 1000 67 189 189 189 189 1000 333 1000 333 1002 1018 240|0.3 0 0 0
1768 1000 354 5303 5303 5303 5303 1000 1768 1000 354 1275 5397 5590|0.3 0 0 0
189 1000 189 67 67 333 333 1000 189 1000 189 1018 1002 240|0.3 0 0 0
15000 1000 15000 2828 2828 2828 2828 5000 15000 5000 15000 15033 3606 15264|0.3 0 0 0
5303 1000 5303 354 1768 1768 354 1000 5303 1000 5303 5397 1275 5590|0.3 0 0 0
67 1000 67 189 189 189 189 1000 333 1000 333 1002 1018 240|0.3 0 0 0
2828 5000 2828 15000 15000 15000 15000 1000 2828 5000 2828 3606 15033 15264|0.3 0 0 0
1768 1000 354 5303 5303 5303 5303 1000 1768 1000 354 1275 5397 5590|0.3 0 0 0
189 1000 189 67 67 333 333 1000 189 1000 189 1018 1002 240|0.3 0 0 0
15000 1000 15000 2828 2828 2828 2828 5000 15000 5000 15000 15033 3606 15264|0.3 0 0 0
2032 1000 271 144 269 269 144 1049 2032 1049 271 1245 1119 2050|0.3 0 0 0
7300 1875 6960 1886 1886 14142 14142 1000 7300 1875 6960 7792 2134 8942|0.3 0 0 0
530 1000 530 3691 3691 3872 3872 7500 994 7500 994 1132 4596 4132|0.3 0 0 0
492 133 492 133 133 71 71 1000 516 133 516 613 1009 473|0.3 0 0 0
7542 1000 7542 3712 3893 3893 3712 533 1006 533 1006 7608 3569 4769|0.3 0 0 0
144 1049 269 2032 271 271 2032 1000 144 1049 269 961 1245 307|0.3 0 0 0
271 1000 2032 269 144 144 269 1049 271 1049 2032 1245 961 307|0.3 0 0 0
133 1000 133 492 492 516 516 133 71 133 71 1009 613 473|0.3 0 0 0
3893 533 3712 7542 7542 1006 1006 1000 3893 533 3712 3569 7608 4769|0.3 0 0 0
3691 7500 3691 530 530 994 994 1000 3872 7500 3872 4596 1132 4132|0.3 0 0 0
269 1049 144 271 2032 2032 271 1000 269 1049 144 1119 1245 2050|0.3 0 0 0
1886 1000 1886 6960 7300 7300 6960 1875 14142 1875 14142 2134 7792 8942|0.3 0 0 0
1886 1000 1886 7300 6960 6960 7300 1875 14142 1875 14142 2134 6692 8667|0.3 0 0 0
257 953 137 258 1937 1937 258 1000 257 953 137 917 1225 1954|0.3 0 0 0
3872 7500 3872 530 530 994 994 1000 3691 7500 3691 4742 1132 3549|0.3 0 0 0
3712 533 3893 7542 7542 1006 1006 1000 3712 533 3893 4156 7608 4622|0.3 0 0 0
133 1000 133 516 516 492 492 133 71 133 71 1009 632 551|0.3 0 0 0
258 1000 1937 257 137 137 257 953 258 953 1937 1225 1067 292|0.3 0 0 0
7542 1000 7542 3893 3712 3712 3893 533 1006 533 1006 7608 4156 4622|0.3 0 0 0
516 133 516 133 133 71 71 1000 492 133 492 632 1009 551|0.3 0 0 0
137 953 257 1937 258 258 1937 1000 137 953 257 1067 1225 292|0.3 0 0 0
6960 1875 7300 1886 1886 14142 14142 1000 6960 1875 7300 6692 2134 8667|0.3 0 0 0
530 1000 530 3872 3872 3691 3691 7500 994 7500 994 1132 4742 3549|0.3 0 0 0
1937 1000 258 137 257 257 137 953 1937 953 258 1225 917 1954|0.3 0 0 0
1744 1000 581 467 1000 1000 467 961 581 961 39 1419 1151 1419|0.3 0.0707129848305943 0.38194252483185975 -0.13718370169026883
2060 2143 2143 1246 83 1246 3737 1000 2060 2143 2143 2466 1050 2085|0.3 0.2717003656686501 0.003406012581579354 0.07885062372575913
803 67 803 1720 1720 1654 1654 3000 1720 1000 1720 843 2441 1980|0.3 0.21978229535423832 0.05969518862054102 -0.023068479865617775
573 333 573 573 573 268 268 333 551 22 551 814 814 710|0.3 -0.10646337363378833 0.03215960854176858 0.04535594513439989
581 1000 1744 1000 961 961 1000 467 39 467 581 1419 1238 973|0.3 0.026132329649160013 -0.11098382538535123 0.02751716466176557
467 961 1000 1744 581 39 581 1000 467 961 1000 1238 1419 490|0.3 -0.16995999481615898 -0.05522678379796475 0.009502338995626136
581 1000 1744 1000 467 467 1000 961 39 961 581 1419 1238 490|0.3 -0.012232397330350642 -0.045095285053199374 -0.0805957705238447
573 333 573 573 573 551 551 333 268 22 268 814 814 710|0.3 -0.07384971983583677 -0.005872114916026794 0.000656523259263686
961 467 1000 1744 581 39 581 1000 961 467 1000 1238 1419 973|0.3 0.0022758466428451918 0.013239948779246724 -0.07221161611447036
1720 3000 1720 803 803 1720 1720 67 1654 1000 1654 2441 843 1980|0.3 0.07948976041473932 0.005544684211957751 0.2760842329306934
1000 961 467 581 1744 581 39 1000 1000 961 467 1151 1419 1419|0.3 0.00491738471721348 -0.08254131952912358 0.28062235297977356
83 1000 1246 2143 2060 2060 2143 2143 1246 2143 3737 1050 2466 2085|0.3 -0.027474863711575148 0.3195561030274341 0.07024723262266441
1246 1000 83 2060 2143 2143 2060 2143 3737 2143 1246 1050 2653 3041|0.3 0.1800212491656228 -2.920504009643363 0.03681194839943558
1040 1040 485 40 605 1814 605 1000 1040 1040 485 1288 1012 1476|0.3 0.0711155954472864 0.12113846254085958 -2.2520665053477362
24808 15000 24808 12043 12043 25807 25807 15000 25807 45000 25807 25109 12651 31954|0.3 -1.9324085597843144 0.08928949570351064 0.16791681120739588
1000 467 961 581 1744 581 39 1000 1000 467 961 1151 1419 1419|0.3 -0.09586087994521097 0.06832792312209346 0.14552010339173638
1720 3000 1720 1654 1654 1720 1720 67 803 1000 803 2441 1674 1980|0.3 0.33397561343297744 0.04600229704316172 -0.0011773965439787482
40 1000 605 1040 485 485 1040 1040 605 1040 1814 1012 1197 510|0.3 0.08061050061576758 0.08657147151209577 -0.13234439258036135
1744 1000 581 961 1000 1000 961 467 581 467 39 1419 1151 1419|0.3 0.09439474392925806 0.3421558782399359 -0.023594928294178308
1654 67 1654 1720 1720 803 803 3000 1720 1000 1720 1674 2441 1980|0.3 0.18902583803131368 0.031907327809517216 -0.012441033974450733
485 1040 1040 605 40 605 1814 1000 485 1040 1040 1197 1012 510|0.3 0.0711463915543975 -0.08007843156169092 0.11532089587638295
2143 2143 2060 83 1246 3737 1246 1000 2143 2143 2060 2653 1050 3041|0.3 -0.29328518738251486 -0.10260223078745523 -6.085856035608765
12043 15000 12043 24808 24808 25807 25807 15000 25807 45000 25807 12651 25109 31954|0.3 -2.833952712502621 0.08539882768177076 -0.014109538211942718
605 1000 40 485 1040 1040 485 1040 1814 1040 605 1012 1288 1476|0.3 0.029781124195682462 -2.4604022607431086 0.07889387716096374
11000 1000 11000 4085 4085 4085 4085 7500 7500 7500 7500 11045 4918 9959|0.35 0 0 0
1836 1000 245 2693 1836 1836 2693 1000 1836 1000 245 1204 2438 2596|0.35 0 0 0
371 682 371 91 91 682 682 1000 371 682 371 905 1004 447|0.35 0 0 0
91 1000 91 371 371 371 371 682 682 682 682 1004 905 447|0.35 0 0 0
1836 1000 2693 245 1836 1836 245 1000 1836 1000 2693 2438 1204 2596|0.35 0 0 0
4085 7500 4085 11000 11000 7500 7500 1000 4085 7500 4085 4918 11045 9959|0.35 0 0 0
11000 1000 11000 4085 4085 4085 4085 7500 7500 7500 7500 11045 4918 9959|0.35 0 0 0
371 682 371 91 91 682 682 1000 371 682 371 905 1004 447|0.35 0 0 0
1836 1000 245 2693 1836 1836 2693 1000 1836 1000 245 1204 2438 2596|0.35 0 0 0
91 1000 91 371 371 371 371 682 682 682 682 1004 905 447|0.35 0 0 0
4085 7500 4085 11000 11000 7500 7500 1000 4085 7500 4085 4918 11045 9959|0.35 0 0 0
1836 1000 2693 245 1836 1836 245 1000 1836 1000 2693 2438 1204 2596|0.35 0 0 0
2693 1000 1836 1836 245 245 1836 1000 2693 1000 1836 2438 1204 2704|0.35 0 0 0
545 133 545 1000 1000 1467 1467 1000 545 133 545 656 1414 1328|0.35 0 0 0
1000 1000 1000 545 545 545 545 1467 133 1467 133 1414 1328 656|0.35 0 0 0
245 1000 1836 1836 2693 2693 1836 1000 245 1000 1836 1204 2438 2704|0.35 0 0 0
545 1467 545 1000 1000 133 133 1000 545 1467 545 1328 1414 656|0.35 0 0 0
1000 1000 1000 545 545 545 545 133 1467 133 1467 1414 656 1328|0.35 0 0 0
2693 1000 1836 1836 245 245 1836 1000 2693 1000 1836 2438 1204 2704|0.35 0 0 0
1000 1000 1000 545 545 545 545 1467 133 1467 133 1414 1328 656|0.35 0 0 0
545 133 545 1000 1000 1467 1467 1000 545 133 545 656 1414 1328|0.35 0 0 0
245 1000 1836 1836 2693 2693 1836 1000 245 1000 1836 1204 2438 2704|0.35 0 0 0
545 1467 545 1000 1000 133 133 1000 545 1467 545 1328 1414 656|0.35 0 0 0
1000 1000 1000 545 545 545 545 133 1467 133 1467 1414 656 1328|0.35 0 0 0
1000 1000 1000 71 71 566 566 900 1116 200 1116 1414 951 1149|0.35 -0.1092367537036465 0.17498935324911757 0.3679021825885065
12728 1000 14142 14142 15780 15780 14142 8000 2828 8000 14142 13454 16248 16882|0.35 0.6672890339447934 -0.10896277916349395 0.2584796921825272
566 1116 71 1000 1000 200 900 1000 566 1116 71 1149 1414 721|0.35 0.09026369662788802 -0.05015942156582187 -0.1450202655231303
1000 1000 1000 71 566 566 71 1116 200 1116 900 1414 1149 721|0.35 -0.03877859509098358 -0.18393559954019478 -0.6722162238470519
15780 8000 14142 14142 12728 2828 14142 1000 15780 8000 14142 16248 13454 16882|0.35 1.0788237295460368 0.3463279223784377 -0.09240411099748047
71 900 71 1000 1000 1116 1116 1000 566 200 566 951 1414 1149|0.35 -0.16637720171102766 -0.5467356371738841 -0.019836429863947513
1000 1000 1000 566 566 71 71 200 1116 900 1116 1414 721 1002|0.35 0.19610936402492563 -0.05764823138504682 -0.03277906773679118
71 1116 566 1000 1000 900 200 1000 71 1116 566 1002 1414 951|0.35 -0.04577245943904962 -0.01934105588117241 0.12535686601382823
354 1000 1768 1768 1972 1972 1768 125 1591 125 1768 1275 1772 2110|0.35 -0.06275732652818222 0.22764337603122353 0.0032914328281741234
1000 1000 1000 566 71 71 566 1116 900 1116 200 1414 1002 951|0.35 -0.05995385355659688 0.1544551173681885 -0.020944131230936636
566 200 566 1000 1000 1116 1116 1000 71 900 71 721 1414 1002|0.35 0.2573023060932478 -0.09822641787744057 0.07336929146067428
1972 125 1768 1768 354 1591 1768 1000 1972 125 1768 1772 1275 2110|0.35 0.03048131220911854 -0.15749747889055254 0.09803059226852762
14142 8000 15780 12728 14142 14142 2828 1000 14142 8000 15780 14177 13454 20000|0.35 1.0519598160947674 0.2561012309528965 0.011192381255855643
79 1111 79 1240 1240 1111 1111 222 629 1111 629 1057 1326 1114|0.35 0.16390817224411602 0.8089525074509996 0.12307292255399727
179 1000 807 63 507 507 63 896 896 896 896 1070 898 646|0.35 0.24674153291459833 0.02030610092546903 1.0286478512122588
14142 1000 12728 15780 14142 14142 15780 8000 14142 8000 2828 13454 14177 20000|0.35 0.8809532541463816 0.14789891840196523 0.15182382028174457
507 896 63 807 179 896 896 1000 507 896 63 898 1070 646|0.35 0.0406129585073578 0.586400078169087 0.21834796924214084
1240 222 1240 79 79 629 629 1111 1111 1111 1111 1326 1057 1114|0.35 0.007036685603987181 0.24417027524165302 1.0100947657408854
1768 125 1972 354 1768 1768 1591 1000 1768 125 1972 2031 1275 2500|0.35 0.042128327981765246 0.05876124836085683 -0.92617690288606
807 1000 179 507 63 63 507 896 896 896 896 1070 1030 853|0.35 -0.1862461831526696 -0.6757044133053014 0.1217252352204734
2828 5000 2828 5579 5579 5000 5000 4500 354 5000 354 3606 5969 5745|0.35 -0.568068175265839 0.12322631013590657 -0.21249534184695773
1768 1000 354 1972 1768 1768 1972 125 1768 125 1591 1275 2031 2500|0.35 0.10354787756104322 -0.7475141887974301 -0.1328877791044758
63 896 507 179 807 896 896 1000 63 896 507 1030 1070 853|0.35 -0.260398528321103 0.14219963358770737 -0.5787779331978826
5579 4500 5579 2828 2828 354 354 5000 5000 5000 5000 5969 3606 5745|0.35 -0.6232801267193033 -0.26391638619773006 0.14497618223269226
1000 1000 1000 693 693 87 87 200 817 900 817 1414 825 1052|0.35 0.05213739394430705 -0.25450162559728984 0.07923369634595057
289 1000 1443 1443 1179 1179 1443 125 1299 125 1443 1190 1519 1329|0.35 -0.10283417347773383 0.26137276113196384 0.08321973733345311
87 817 693 1000 1000 900 200 1000 87 817 693 1052 1414 953|0.35 -0.228317106942596 0.06897551728242801 0.0674853371641504
1000 1000 1000 693 87 87 693 817 900 817 200 1414 1052 953|0.35 -0.2949433956194325 0.01933772890961638 0.10625347709659616
1179 125 1443 1443 289 1299 1443 1000 1179 125 1443 1519 1190 1329|0.35 0.013698269704724986 -0.10759272429405331 0.09129900485226106
693 200 693 1000 1000 817 817 1000 87 900 87 825 1414 1052|0.35 0.18350658643879303 -0.023777958009297828 -0.06864399696338674
1000 1000 1000 87 87 693 693 900 817 200 817 1414 953 825|0.35 -0.17977218163730102 -0.02066506524786904 -0.5784182743308341
693 817 87 1000 1000 200 900 1000 693 817 87 825 1414 825|0.35 -0.05431841862840847 -0.6983431281833608 -0.17107526840568488
10392 1000 11547 11547 9434 9434 11547 8000 2309 8000 11547 11000 9522 10630|0.35 0.22068303715411908 -0.09716479474233597 0.13323413937008644
1000 1000 1000 87 693 693 87 817 200 817 900 1414 825 825|0.35 0.030324831384913598 -0.17102907357126051 -0.36570698704378457
87 900 87 1000 1000 817 817 1000 693 200 693 953 1414 825|0.35 -0.12270403608466207 0.42307174310514783 0.2050171858121108
9434 8000 11547 11547 10392 2309 11547 1000 9434 8000 11547 9522 11000 10630|0.35 -0.00823087380649623 0.09557720532696656 -0.13154699429498873
1443 125 1179 289 1443 1443 1299 1000 1443 125 1179 1190 1190 2041|0.35 0.03531640774985467 0.07413888860798856 -0.9329229464696032
3464 5000 3464 4085 4085 5000 5000 4500 433 5000 433 4123 4603 4123|0.35 -0.6812130577455933 0.05088284341782545 -0.003992548897809867
1102 1000 245 848 106 106 848 1224 1224 1224 1224 1127 1009 1166|0.35 0.017781688073494895 -0.8975725439676729 0.05381671986601777
1443 1000 289 1179 1443 1443 1179 125 1443 125 1299 1190 1190 2041|0.35 0.11775888801055956 -0.2844981534975177 -0.23865879173102567
106 1224 848 245 1102 1224 1224 1000 106 1224 848 1009 1127 1166|0.35 -0.0944174708164347 0.08495448813651718 -0.6847874307262591
4085 4500 4085 3464 3464 433 433 5000 5000 5000 5000 4603 4123 4123|0.35 -0.6332230649351711 -0.16409712381649455 0.10816961347776433
11547 8000 9434 10392 11547 11547 2309 1000 11547 8000 9434 12152 11000 16330|0.35 1.1972316485812518 0.26855494480642506 0.0641021096257055
245 1000 1102 106 848 848 106 1224 1224 1224 1224 1127 1288 1009|0.35 0.3412410568251345 0.008481376879423408 1.3802592890108056
96 1111 96 908 908 1111 1111 222 770 1111 770 1058 1023 1169|0.35 0.23341022073698037 0.5420761316065925 0.022791636469088328
11547 1000 10392 9434 11547 11547 9434 8000 11547 8000 2309 11000 12152 16330|0.35 0.4693812811524256 0.25484687320453947 -0.004564963155305746
848 1224 106 1102 245 1224 1224 1000 848 1224 106 1288 1127 1009|0.35 0.2224473537712246 0.9591044449674646 0.026651559968906557
908 222 908 96 96 770 770 1111 1111 1111 1111 1023 1058 1169|0.35 0.07424296747042813 0.2159835797875953 1.0137504792778262
15000 1000 15000 3691 3691 3691 3691 7500 15000 7500 15000 15033 4596 15447|0.35 0 0 0
2032 1000 271 4064 4064 4064 4064 1000 2032 1000 271 1245 4185 4543|0.35 0 0 0
246 1000 246 67 67 500 500 1000 246 1000 246 1030 1002 306|0.35 0 0 0
67 1000 67 246 246 246 246 1000 500 1000 500 1002 1030 306|0.35 0 0 0
4064 1000 4064 271 2032 2032 271 1000 4064 1000 4064 4185 1245 4543|0.35 0 0 0
3691 7500 3691 15000 15000 15000 15000 1000 3691 7500 3691 4596 15033 15447|0.35 0 0 0
15000 1000 15000 3691 3691 3691 3691 7500 15000 7500 15000 15033 4596 15447|0.35 0 0 0
246 1000 246 67 67 500 500 1000 246 1000 246 1030 1002 306|0.35 0 0 0
2032 1000 271 4064 4064 4064 4064 1000 2032 1000 271 1245 4185 4543|0.35 0 0 0
67 1000 67 246 246 246 246 1000 500 1000 500 1002 1030 306|0.35 0 0 0
3691 7500 3691 15000 15000 15000 15000 1000 3691 7500 3691 4596 15033 15447|0.35 0 0 0
4064 1000 4064 271 2032 2032 271 1000 4064 1000 4064 4185 1245 4543|0.35 0 0 0
4064 1000 4064 2032 271 271 2032 1000 4064 1000 4064 4185 1245 4073|0.35 0 0 0
492 133 492 2000 2000 2000 2000 1000 492 133 492 613 2236 2060|0.35 0 0 0
500 1000 500 246 246 246 246 1000 67 1000 67 1118 1030 306|0.35 0 0 0
271 1000 2032 4064 4064 4064 4064 1000 271 1000 2032 1245 4185 4073|0.35 0 0 0
246 1000 246 500 500 67 67 1000 246 1000 246 1030 1118 306|0.35 0 0 0
2000 1000 2000 492 492 492 492 133 2000 133 2000 2236 613 2060|0.35 0 0 0
4064 1000 4064 2032 271 271 2032 1000 4064 1000 4064 4185 1245 4073|0.35 0 0 0
500 1000 500 246 246 246 246 1000 67 1000 67 1118 1030 306|0.35 0 0 0
492 133 492 2000 2000 2000 2000 1000 492 133 492 613 2236 2060|0.35 0 0 0
271 1000 2032 4064 4064 4064 4064 1000 271 1000 2032 1245 4185 4073|0.35 0 0 0
246 1000 246 500 500 67 67 1000 246 1000 246 1030 1118 306|0.35 0 0 0
2000 1000 2000 492 492 492 492 133 2000 133 2000 2236 613 2060|0.35 0 0 0
13000 1000 13000 3691 3691 4085 4085 7500 11250 7500 11250 13038 4596 11840|0.35 0 0 0
2032 1000 271 3522 3048 3048 3522 1107 2032 1107 271 1245 3208 3663|0.35 0 0 0
314 865 284 77 77 577 577 1000 314 865 284 911 1003 378|0.35 0 0 0
77 1000 77 284 314 314 284 865 577 865 577 1003 911 378|0.35 0 0 0
3048 1107 3522 271 2032 2032 271 1000 3048 1107 3522 3208 1245 3663|0.35 0 0 0
3691 7500 3691 13000 13000 11250 11250 1000 4085 7500 4085 4596 13038 11840|0.35 0 0 0
13000 1000 13000 4085 4085 3691 3691 7500 11250 7500 11250 13038 4918 13514|0.35 0 0 0
284 865 314 77 77 577 577 1000 284 865 314 1040 1003 354|0.35 0 0 0
1836 1000 245 3182 2754 2754 3182 904 1836 904 245 1204 3308 3310|0.35 0 0 0
77 1000 77 314 284 284 314 865 577 865 577 1003 1040 354|0.35 0 0 0
4085 7500 4085 13000 13000 11250 11250 1000 3691 7500 3691 4918 13038 13514|0.35 0 0 0
2754 904 3182 245 1836 1836 245 1000 2754 904 3182 3308 1204 3310|0.35 0 0 0
3522 1107 3048 2032 271 271 2032 1000 3522 1107 3048 3661 1245 3532|0.35 0 0 0
492 133 492 1500 1500 1733 1733 1000 545 133 545 613 1803 1802|0.35 0 0 0
667 1000 667 328 363 363 328 1156 89 1156 89 1202 1201 437|0.35 0 0 0
271 1000 2032 3048 3522 3522 3048 1107 271 1107 2032 1245 3661 3532|0.35 0 0 0
363 1156 328 667 667 89 89 1000 363 1156 328 1201 1202 437|0.35 0 0 0
1500 1000 1500 492 492 545 545 133 1733 133 1733 1803 613 1802|0.35 0 0 0
3182 904 2754 1836 245 245 1836 1000 3182 904 2754 2898 1204 3192|0.35 0 0 0
667 1000 667 363 328 328 363 1156 89 1156 89 1202 1052 409|0.35 0 0 0
545 133 545 1500 1500 1733 1733 1000 492 133 492 656 1803 1579|0.35 0 0 0
245 1000 1836 2754 3182 3182 2754 904 245 904 1836 1204 2898 3192|0.35 0 0 0
328 1156 363 667 667 89 89 1000 328 1156 363 1052 1202 409|0.35 0 0 0
1500 1000 1500 545 545 492 492 133 1733 133 1733 1803 656 1579|0.35 0 0 0
1000 1000 1000 693 87 71 566 817 950 738 600 1414 1052 1002|0.35 0 0 0
1179 125 1443 1443 866 1371 1443 816 1066 102 1443 1519 1658 1373|0.35 0 0 0
566 600 693 1000 1000 738 817 1000 71 950 87 1149 1414 1051|0.35 0 0 0
1000 1000 1000 87 71 566 693 950 738 600 817 1414 1002 721|0.35 0 0 0
10970 816 11547 11547 9434 8524 11547 8000 6928 6532 11547 11576 9522 13892|0.35 0 0 0
693 817 87 1000 1000 600 950 1000 566 738 71 825 1414 1149|0.35 0 0 0
1000 1000 1000 71 566 693 87 738 600 817 950 1414 721 825|0.35 0 0 0
87 950 71 1000 1000 817 738 1000 693 600 566 953 1414 825|0.35 0 0 0
10440 8000 14142 14142 13435 8485 14142 1225 11554 9798 14142 10198 13472 13454|0.35 0 0 0
1000 1000 1000 566 693 87 71 600 817 950 738 1414 825 1052|0.35 0 0 0
71 738 566 1000 1000 950 600 1000 87 817 693 1051 1414 953|0.35 0 0 0
1061 1225 1768 1768 1305 1444 1768 125 1679 153 1768 1458 1858 2127|0.35 0 0 0
1443 816 866 1179 1443 1443 1066 125 1443 102 1371 1190 1190 2041|0.35 0 0 0
106 1224 848 734 1163 1224 1224 904 87 1224 692 1009 1164 1166|0.35 0 0 0
1230 1583 1362 1155 943 118 144 1667 1667 1667 1667 1586 1374 1202|0.35 0 0 0
11547 8000 9434 10970 11547 11547 6928 816 11547 6532 8524 12152 11000 16330|0.35 0 0 0
74 1053 91 860 777 1053 1053 632 595 1053 729 1003 1266 1107|0.35 0 0 0
734 904 1163 106 848 692 87 1224 1224 1224 1224 1473 1288 1009|0.35 0 0 0
14142 1225 13435 10440 14142 14142 11554 8000 14142 9798 8485 14177 14866 20000|0.35 0 0 0
860 632 777 74 91 729 595 1053 1053 1053 1053 1001 1055 1108|0.35 0 0 0
766 1355 96 1287 813 1355 1355 1107 938 1355 117 1424 1289 1556|0.35 0 0 0
1768 125 1305 1061 1768 1768 1679 1225 1768 153 1444 1275 2031 2500|0.35 0 0 0
1155 1667 943 1230 1362 1667 1667 1583 144 1667 118 1915 2005 1374|0.35 0 0 0
1287 1107 813 766 96 117 938 1355 1355 1355 1355 1630 977 1358|0.35 0 0 0
1000 1000 1000 87 693 566 71 817 600 738 950 1414 825 1149|0.35 0 0 0
9434 8000 11547 11547 10970 6928 11547 816 8524 6532 11547 9522 11576 13892|0.35 0 0 0
71 950 87 1000 1000 738 817 1000 566 600 693 1002 1414 721|0.35 0 0 0
1000 1000 1000 693 566 71 87 600 738 950 817 1414 1149 1051|0.35 0 0 0
866 816 1443 1443 1179 1066 1443 125 1371 102 1443 1658 1519 1373|0.35 0 0 0
87 817 693 1000 1000 950 600 1000 71 738 566 1052 1414 1002|0.35 0 0 0
1000 1000 1000 566 71 87 693 738 950 817 600 1414 1051 953|0.35 0 0 0
693 600 566 1000 1000 817 738 1000 87 950 71 825 1414 1052|0.35 0 0 0
1305 125 1768 1768 1061 1679 1768 1225 1444 153 1768 1858 1458 2127|0.35 0 0 0
1000 1000 1000 71 87 693 566 950 817 600 738 1414 953 825|0.35 0 0 0
566 738 71 1000 1000 600 950 1000 693 817 87 721 1414 825|0.35 0 0 0
13435 1225 14142 14142 10440 11554 14142 8000 8485 9798 14142 13472 10198 13454|0.35 0 0 0
11547 816 10970 9434 11547 11547 8524 8000 11547 6532 6928 11000 12152 16330|0.35 0 0 0
848 1224 106 1163 734 1224 1224 904 692 1224 87 1288 1473 1009|0.35 0 0 0
777 632 860 91 74 595 729 1053 1053 1053 1053 1266 1003 1107|0.35 0 0 0
1443 125 1179 866 1443 1443 1371 816 1443 102 1066 1190 1190 2041|0.35 0 0 0
943 1667 1155 1362 1230 1667 1667 1583 118 1667 144 1374 1586 1202|0.35 0 0 0
1163 904 734 848 106 87 692 1224 1224 1224 1224 1164 1009 1166|0.35 0 0 0
1768 1225 1061 1305 1768 1768 1444 125 1768 153 1679 2031 1275 2500|0.35 0 0 0
1362 1583 1230 943 1155 144 118 1667 1667 1667 1667 2005 1915 1374|0.35 0 0 0
96 1355 766 813 1287 1355 1355 1107 117 1355 938 977 1630 1358|0.35 0 0 0
14142 8000 10440 13435 14142 14142 8485 1225 14142 9798 11554 14866 14177 20000|0.35 0 0 0
91 1053 74 777 860 1053 1053 632 729 1053 595 1055 1001 1108|0.35 0 0 0
813 1107 1287 96 766 938 117 1355 1355 1355 1355 1289 1424 1556|0.35 0 0 0
1056 1000 1056 908 908 1240 1240 222 2889 222 2889 1454 1023 2235|0.35 0 0 0
245 1000 1102 1163 3182 3182 1163 1366 245 1366 1102 1127 2462 3192|0.35 0 0 0
1175 2737 860 947 947 211 211 1000 1175 2737 860 2118 1378 1257|0.35 0 0 0
947 1000 947 860 1175 1175 860 2737 211 2737 211 1378 2118 1257|0.35 0 0 0
3182 1366 1163 1102 245 245 1102 1000 3182 1366 1163 2462 1127 3192|0.35 0 0 0
908 222 908 1056 1056 2889 2889 1000 1240 222 1240 1023 1454 2235|0.35 0 0 0
1056 1000 1056 1240 1240 908 908 222 2889 222 2889 1454 1326 1861|0.35 0 0 0
860 2737 1175 947 947 211 211 1000 860 2737 1175 1763 1378 969|0.35 0 0 0
179 1000 807 851 2330 2330 851 732 179 732 807 1070 1501 2337|0.35 0 0 0
947 1000 947 1175 860 860 1175 2737 211 2737 211 1378 1763 969|0.35 0 0 0
1240 222 1240 1056 1056 2889 2889 1000 908 222 908 1326 1454 1861|0.35 0 0 0
2330 732 851 807 179 179 807 1000 2330 732 851 1501 1070 2337|0.35 0 0 0
1163 1366 3182 245 1102 1102 245 1000 1163 1366 3182 2050 1127 1602|0.35 0 0 0
4085 4500 4085 13000 13000 4750 4750 1000 5579 4500 5579 4603 13038 8374|0.35 0 0 0
77 1000 77 314 429 429 314 365 346 365 346 1003 644 459|0.35 0 0 0
1102 1000 245 3182 1163 1163 3182 1366 1102 1366 245 1127 2050 1602|0.35 0 0 0
429 365 314 77 77 346 346 1000 429 365 314 644 1003 459|0.35 0 0 0
13000 1000 13000 4085 4085 5579 5579 4500 4750 4500 4750 13038 4603 8374|0.35 0 0 0
851 732 2330 179 807 807 179 1000 851 732 2330 1803 1070 1173|0.35 0 0 0
77 1000 77 429 314 314 429 365 346 365 346 1003 774 354|0.35 0 0 0
5579 4500 5579 13000 13000 4750 4750 1000 4085 4500 4085 5969 13038 10059|0.35 0 0 0
807 1000 179 2330 851 851 2330 732 807 732 179 1070 1803 1173|0.35 0 0 0
314 365 429 77 77 346 346 1000 314 365 429 774 1003 354|0.35 0 0 0
13000 1000 13000 5579 5579 4085 4085 4500 4750 4500 4750 13038 5969 10059|0.35 0 0 0
1000 1000 1000 533 533 67 67 1000 1104 1000 1104 1414 1133 1002|0.35 0 0 0
1875 1000 1875 1875 2069 2069 1875 125 1875 125 1875 2125 1879 2792|0.35 0 0 0
67 1104 533 1000 1000 1000 1000 1000 67 1104 533 1002 1414 1002|0.35 0 0 0
1000 1000 1000 533 67 67 533 1104 1000 1104 1000 1414 1002 1002|0.35 0 0 0
2069 125 1875 1875 1875 1875 1875 1000 2069 125 1875 1879 2125 2792|0.35 0 0 0
533 1000 533 1000 1000 1104 1104 1000 67 1000 67 1133 1414 1002|0.35 0 0 0
1000 1000 1000 67 67 533 533 1000 1104 1000 1104 1414 1002 1133|0.35 0 0 0
533 1104 67 1000 1000 1000 1000 1000 533 1104 67 1133 1414 1133|0.35 0 0 0
15000 1000 15000 15000 16553 16553 15000 8000 15000 8000 15000 15033 17000 22338|0.35 0 0 0
1000 1000 1000 67 533 533 67 1104 1000 1104 1000 1414 1133 1133|0.35 0 0 0
67 1000 67 1000 1000 1104 1104 1000 533 1000 533 1002 1414 1133|0.35 0 0 0
16553 8000 15000 15000 15000 15000 15000 1000 16553 8000 15000 17000 15033 22338|0.35 0 0 0
1875 125 2069 1875 1875 1875 1875 1000 1875 125 2069 2125 2125 2652|0.35 0 0 0
533 1000 533 1104 1104 1000 1000 1000 67 1000 67 1133 1489 1133|0.35 0 0 0
906 1000 906 483 60 60 483 906 906 906 906 1350 1027 908|0.35 0 0 0
1875 1000 1875 2069 1875 1875 2069 125 1875 125 1875 2125 2125 2652|0.35 0 0 0
60 906 483 906 906 906 906 1000 60 906 483 1027 1350 908|0.35 0 0 0
1104 1000 1104 533 533 67 67 1000 1000 1000 1000 1489 1133 1133|0.35 0 0 0
15000 8000 16553 15000 15000 15000 15000 1000 15000 8000 16553 15033 15033 21213|0.35 0 0 0
906 1000 906 60 483 483 60 906 906 906 906 1350 908 1027|0.35 0 0 0
67 1000 67 1104 1104 1000 1000 1000 533 1000 533 1002 1489 1002|0.35 0 0 0
15000 1000 15000 16553 15000 15000 16553 8000 15000 8000 15000 15033 15033 21213|0.35 0 0 0
483 906 60 906 906 906 906 1000 483 906 60 908 1350 1027|0.35 0 0 0
1104 1000 1104 67 67 533 533 1000 1000 1000 1000 1489 1002 1002|0.35 0 0 0
1000 1000 1000 566 71 71 566 738 1000 738 1000 1414 1051 1002|0.35 0 0 0
1305 125 1768 1768 1768 1768 1768 1000 1305 125 1768 1858 2031 2197|0.35 0 0 0
566 1000 566 1000 1000 738 738 1000 71 1000 71 1149 1414 1051|0.35 0 0 0
1000 1000 1000 71 71 566 566 1000 738 1000 738 1414 1002 721|0.35 0 0 0
14142 1000 14142 14142 10440 10440 14142 8000 14142 8000 14142 14177 10198 17578|0.35 0 0 0
566 738 71 1000 1000 1000 1000 1000 566 738 71 721 1414 1149|0.35 0 0 0
1000 1000 1000 71 566 566 71 738 1000 738 1000 1414 721 1149|0.35 0 0 0
71 1000 71 1000 1000 738 738 1000 566 1000 566 1002 1414 721|0.35 0 0 0
10440 8000 14142 14142 14142 14142 14142 1000 10440 8000 14142 10198 14177 17578|0.35 0 0 0
1000 1000 1000 566 566 71 71 1000 738 1000 738 1414 1149 1051|0.35 0 0 0
71 738 566 1000 1000 1000 1000 1000 71 738 566 1051 1414 1002|0.35 0 0 0
1768 1000 1768 1768 1305 1305 1768 125 1768 125 1768 2031 1858 2197|0.35 0 0 0
1768 1000 1768 1305 1768 1768 1305 125 1768 125 1768 2031 1275 2500|0.35 0 0 0
96 1355 766 1355 1355 1355 1355 1000 96 1355 766 977 1684 1358|0.35 0 0 0
738 1000 738 566 566 71 71 1000 1000 1000 1000 1243 1149 721|0.35 0 0 0
14142 8000 10440 14142 14142 14142 14142 1000 14142 8000 10440 14866 14177 20000|0.35 0 0 0
71 1000 71 738 738 1000 1000 1000 566 1000 566 1002 1243 1051|0.35 0 0 0
1355 1000 1355 96 766 766 96 1355 1355 1355 1355 1684 1424 1556|0.35 0 0 0
14142 1000 14142 10440 14142 14142 10440 8000 14142 8000 14142 14177 14866 20000|0.35 0 0 0
738 1000 738 71 71 566 566 1000 1000 1000 1000 1243 1002 1051|0.35 0 0 0
766 1355 96 1355 1355 1355 1355 1000 766 1355 96 1424 1684 1556|0.35 0 0 0
1768 125 1305 1768 1768 1768 1768 1000 1768 125 1305 1275 2031 2500|0.35 0 0 0
566 1000 566 738 738 1000 1000 1000 71 1000 71 1149 1243 721|0.35 0 0 0
1355 1000 1355 766 96 96 766 1355 1355 1355 1355 1684 977 1358|0.35 0 0 0
1111 1000 1111 1240 1240 1240 1240 222 3333 222 3333 1495 1326 2289|0.35 0 0 0
179 1000 807 896 2689 2689 896 1000 179 1000 807 1070 1847 2695|0.35 0 0 0
1116 3000 1116 900 900 200 200 1000 1116 3000 1116 2060 1345 1194|0.35 0 0 0
900 1000 900 1116 1116 1116 1116 3000 200 3000 200 1345 2060 1194|0.35 0 0 0
2689 1000 896 807 179 179 807 1000 2689 1000 896 1847 1070 2695|0.35 0 0 0
1240 222 1240 1111 1111 3333 3333 1000 1240 222 1240 1326 1495 2289|0.35 0 0 0
1111 1000 1111 1240 1240 1240 1240 222 3333 222 3333 1495 1326 2289|0.35 0 0 0
1116 3000 1116 900 900 200 200 1000 1116 3000 1116 2060 1345 1194|0.35 0 0 0
179 1000 807 896 2689 2689 896 1000 179 1000 807 1070 1847 2695|0.35 0 0 0
900 1000 900 1116 1116 1116 1116 3000 200 3000 200 1345 2060 1194|0.35 0 0 0
1240 222 1240 1111 1111 3333 3333 1000 1240 222 1240 1326 1495 2289|0.35 0 0 0
2689 1000 896 807 179 179 807 1000 2689 1000 896 1847 1070 2695|0.35 0 0 0
896 1000 2689 179 807 807 179 1000 896 1000 2689 1847 1070 1206|0.35 0 0 0
5579 4500 5579 15000 15000 5000 5000 1000 5579 4500 5579 5969 15033 10302|0.35 0 0 0
67 1000 67 372 372 372 372 333 300 333 300 1002 687 398|0.35 0 0 0
807 1000 179 2689 896 896 2689 1000 807 1000 179 1070 1847 1206|0.35 0 0 0
372 333 372 67 67 300 300 1000 372 333 372 687 1002 398|0.35 0 0 0
15000 1000 15000 5579 5579 5579 5579 4500 5000 4500 5000 15033 5969 10302|0.35 0 0 0
896 1000 2689 179 807 807 179 1000 896 1000 2689 1847 1070 1206|0.35 0 0 0
67 1000 67 372 372 372 372 333 300 333 300 1002 687 398|0.35 0 0 0
5579 4500 5579 15000 15000 5000 5000 1000 5579 4500 5579 5969 15033 10302|0.35 0 0 0
807 1000 179 2689 896 896 2689 1000 807 1000 179 1070 1847 1206|0.35 0 0 0
372 333 372 67 67 300 300 1000 372 333 372 687 1002 398|0.35 0 0 0
15000 1000 15000 5579 5579 5579 5579 4500 5000 4500 5000 15033 5969 10302|0.35 0 0 0
1000 1000 1000 1600 1600 200 200 1000 1720 1000 1720 1414 1887 1020|0.35 0 0 0
625 1000 625 625 1075 1075 625 125 625 125 625 1179 637 1244|0.35 0 0 0
200 1720 1600 1000 1000 1000 1000 1000 200 1720 1600 1020 1414 1020|0.35 0 0 0
1000 1000 1000 1600 200 200 1600 1720 1000 1720 1000 1414 1020 1020|0.35 0 0 0
1075 125 625 625 625 625 625 1000 1075 125 625 637 1179 1244|0.35 0 0 0
1600 1000 1600 1000 1000 1720 1720 1000 200 1000 200 1887 1414 1020|0.35 0 0 0
1000 1000 1000 200 200 1600 1600 1000 1720 1000 1720 1414 1020 1887|0.35 0 0 0
1600 1720 200 1000 1000 1000 1000 1000 1600 1720 200 1887 1414 1887|0.35 0 0 0
5000 1000 5000 5000 8602 8602 5000 8000 5000 8000 5000 5099 9434 9950|0.35 0 0 0
1000 1000 1000 200 1600 1600 200 1720 1000 1720 1000 1414 1887 1887|0.35 0 0 0
200 1000 200 1000 1000 1720 1720 1000 1600 1000 1600 1020 1414 1887|0.35 0 0 0
8602 8000 5000 5000 5000 5000 5000 1000 8602 8000 5000 9434 5099 9950|0.35 0 0 0
625 125 1075 625 625 625 625 1000 625 125 1075 1179 1179 884|0.35 0 0 0
1600 1000 1600 1720 1720 1000 1000 1000 200 1000 200 1887 1990 1887|0.35 0 0 0
581 1000 581 930 116 116 930 581 581 581 581 1157 1097 593|0.35 0 0 0
625 1000 625 1075 625 625 1075 125 625 125 625 1179 1179 884|0.35 0 0 0
116 581 930 581 581 581 581 1000 116 581 930 1097 1157 593|0.35 0 0 0
1720 1000 1720 1600 1600 200 200 1000 1000 1000 1000 1990 1887 1887|0.35 0 0 0
5000 8000 8602 5000 5000 5000 5000 1000 5000 8000 8602 5099 5099 7071|0.35 0 0 0
581 1000 581 116 930 930 116 581 581 581 581 1157 593 1097|0.35 0 0 0
200 1000 200 1720 1720 1000 1000 1000 1600 1000 1600 1020 1990 1020|0.35 0 0 0
5000 1000 5000 8602 5000 5000 8602 8000 5000 8000 5000 5099 5099 7071|0.35 0 0 0
930 581 116 581 581 581 581 1000 930 581 116 593 1157 1097|0.35 0 0 0
1720 1000 1720 200 200 1600 1600 1000 1000 1000 1000 1990 1020 1020|0.35 0 0 0
70 1000 70 1220 1747 1747 1220 1690 1056 1690 1056 1002 2648 1768|0.35 0 0 0
1386 1433 820 58 866 866 58 1000 1386 1433 820 2171 1025 1634|0.35 0 0 0
17317 15000 17317 14200 14200 24000 24000 1000 24808 15000 24808 17745 14235 37596|0.35 0 0 0
14200 1000 14200 24808 24808 17317 17317 15000 24000 15000 24000 14235 25109 13544|0.35 0 0 0
605 1000 40 572 967 967 572 698 605 698 40 1012 546 1141|0.35 0 0 0
1220 1690 1747 70 70 1056 1056 1000 1220 1690 1747 954 1002 1250|0.35 0 0 0
70 1000 70 1747 1220 1220 1747 1690 1056 1690 1056 1002 954 1250|0.35 0 0 0
24808 15000 24808 14200 14200 24000 24000 1000 17317 15000 17317 25109 14235 13544|0.35 0 0 0
967 698 572 40 605 605 40 1000 967 698 572 546 1012 1141|0.35 0 0 0
14200 1000 14200 17317 17317 24808 24808 15000 24000 15000 24000 14235 17745 37596|0.35 0 0 0
1747 1690 1220 70 70 1056 1056 1000 1747 1690 1220 2648 1002 1768|0.35 0 0 0
866 1000 58 820 1386 1386 820 1433 866 1433 58 1025 2171 1634|0.35 0 0 0
58 1000 866 1386 820 820 1386 1433 58 1433 866 1025 782 822|0.35 0 0 0
1034 592 722 625 625 42 42 1000 1034 592 722 564 1179 1046|0.35 0 0 0
1600 1000 1600 1154 1154 1654 1654 67 947 67 947 1887 1183 903|0.35 0 0 0
572 698 967 605 40 40 605 1000 572 698 967 1515 1012 574|0.35 0 0 0
1654 67 1654 1600 1600 947 947 1000 1154 67 1154 1674 1887 2506|0.35 0 0 0
625 1000 625 1034 722 722 1034 592 42 592 42 1179 1567 739|0.35 0 0 0
40 1000 605 967 572 572 967 698 40 698 605 1012 1515 574|0.35 0 0 0
1600 1000 1600 1654 1654 1154 1154 67 947 67 947 1887 1674 2506|0.35 0 0 0
722 592 1034 625 625 42 42 1000 722 592 1034 1567 1179 739|0.35 0 0 0
820 1433 1386 866 58 58 866 1000 820 1433 1386 782 1025 822|0.35 0 0 0
1154 67 1154 1600 1600 947 947 1000 1654 67 1654 1183 1887 903|0.35 0 0 0
625 1000 625 722 1034 1034 722 592 42 592 42 1179 564 1046|0.35 0 0 0
625 1000 625 647 502 502 647 592 42 592 42 1179 1119 527|0.35 0 0 0
915 776 1546 966 64 64 966 1000 915 776 1546 1729 1031 917|0.35 0 0 0
1035 67 1035 1600 1600 947 947 1000 803 67 803 1067 1887 1790|0.35 0 0 0
1600 1000 1600 803 803 1035 1035 67 947 67 947 1887 843 1241|0.35 0 0 0
83 1000 1246 1993 1179 1179 1993 1289 83 1289 1246 1050 1546 1182|0.35 0 0 0
647 592 502 625 625 42 42 1000 647 592 502 776 1179 667|0.35 0 0 0
625 1000 625 502 647 647 502 592 42 592 42 1179 776 667|0.35 0 0 0
803 67 803 1600 1600 947 947 1000 1035 67 1035 843 1887 1241|0.35 0 0 0
1179 1289 1993 1246 83 83 1246 1000 1179 1289 1993 1546 1050 1182|0.35 0 0 0
1600 1000 1600 1035 1035 803 803 67 947 67 947 1887 1067 1790|0.35 0 0 0
502 592 647 625 625 42 42 1000 502 592 647 1119 1179 527|0.35 0 0 0
64 1000 966 1546 915 915 1546 776 64 776 966 1031 1729 917|0.35 0 0 0
966 1000 64 915 1546 1546 915 776 966 776 64 1031 1199 1823|0.35 0 0 0
848 1690 1093 70 70 1056 1056 1000 848 1690 1093 1311 1002 891|0.35 0 0 0
14200 1000 14200 15527 15527 12043 12043 15000 24000 15000 24000 14235 16002 18619|0.35 0 0 0
1993 1289 1179 83 1246 1246 83 1000 1993 1289 1179 2230 1050 2350|0.35 0 0 0
12043 15000 12043 14200 14200 24000 24000 1000 15527 15000 15527 12651 14235 26852|0.35 0 0 0
70 1000 70 848 1093 1093 848 1690 1056 1690 1056 1002 1891 1127|0.35 0 0 0
1246 1000 83 1179 1993 1993 1179 1289 1246 1289 83 1050 2230 2350|0.35 0 0 0
14200 1000 14200 12043 12043 15527 15527 15000 24000 15000 24000 14235 12651 26852|0.35 0 0 0
1093 1690 848 70 70 1056 1056 1000 1093 1690 848 1891 1002 1127|0.35 0 0 0
1546 776 915 64 966 966 64 1000 1546 776 915 1199 1031 1823|0.35 0 0 0
15527 15000 15527 14200 14200 24000 24000 1000 12043 15000 12043 16002 14235 18619|0.35 0 0 0
70 1000 70 1093 848 848 1093 1690 1056 1690 1056 1002 1311 891|0.35 0 0 0