573 533 333 1000 1000 533 533 1000 739 533 573 629 1414 783|0.001 -0.06016848669777031 -0.03283278692159386 -0.027859316966649672
1000 1000 1000 333 573 739 573 533 533 533 533 1414 629 783|0.001 -0.07141114247070979 -0.0035400525702833363 -0.03951551954962662
1600 1720 3000 3000 1600 1600 3000 1720 1600 2218 3000 1887 1887 2263|0.001 -0.04627836902438842 -0.10823702443212069 0.07305985342562105
930 581 1744 1744 930 930 1744 1289 930 1000 1744 1838 1366 1315|0.001 -0.10803872458225561 -0.04552124471140728 0.023112527724149512
739 533 573 1000 1000 533 533 1000 573 533 333 783 1414 1153|0.001 -0.08045231157034038 -0.026443374037261602 -0.01006323492311556
1000 1000 1000 573 333 573 739 533 533 533 533 1414 1054 629|0.001 -0.07690973003067758 -0.007830639140976592 -0.04278622176579705
625 1875 1075 1000 1000 1875 1875 1000 1075 1875 1386 1179 1414 1976|0.001 -0.08339737660518542 -0.09212631905924584 -0.015736361081367667
1744 1289 930 930 1744 1744 930 581 1744 1000 930 2010 1097 2466|0.001 -0.06370291222321356 -0.1115492987179012 -0.056920655722341174
1000 1000 1000 1075 1386 1075 625 1875 1875 1875 1875 1414 2161 1468|0.001 -0.18689388640051763 -0.027535238068875367 -0.02154540722620224
3000 1720 1600 1600 3000 3000 1600 1720 3000 2218 1600 3162 3162 4243|0.001 -0.10122728254699287 -0.056965977102902965 -0.07985555470298111
1000 1000 1000 625 1075 1386 1075 1875 1875 1875 1875 1414 1976 2161|0.001 -0.18363230829815946 -0.0184942440978908 -0.015798787351886112
1075 1875 625 1000 1000 1875 1875 1000 1386 1875 1075 1976 1414 2161|0.001 -0.081318534280993 -0.07059408551040258 0.02091101595759204
333 533 573 1000 1000 533 533 1000 573 533 739 1054 1414 629|0.001 -0.10142760518940586 -0.07318926002602422 -0.02336911171597733
1000 1000 1000 573 739 573 333 533 533 533 533 1414 783 1153|0.001 -0.0890798251640057 -0.0017378085965324974 -0.034431098003367966
930 1289 1744 1744 930 930 1744 581 930 1000 1744 1366 1838 1315|0.001 -0.03942931348466572 -0.049827517102756236 0.012919417681400702
1000 1000 1000 739 573 333 573 533 533 533 533 1414 1153 1054|0.001 -0.020777798144799853 -0.11019772323053956 0.024725019136428994
721 776 1353 1353 721 721 1353 776 721 451 1353 1559 1559 1020|0.001 -0.0700226958649508 -0.0414200181372848 0.015569190459148174
573 533 739 1000 1000 533 533 1000 333 533 573 1153 1414 1054|0.001 0.0013410478203890186 -0.13047129259579626 0.012646617181062414
1075 1875 1386 1000 1000 1875 1875 1000 625 1875 1075 1468 1414 1179|0.001 -0.07697493972662173 -0.09476063985999539 -0.007459092510646581
1353 776 721 721 1353 1353 721 776 1353 451 721 1059 1059 1913|0.001 -0.053067465021178206 -0.12809221608860444 -0.03288761087306802
1000 1000 1000 1386 1075 625 1075 1875 1875 1875 1875 1414 1468 1179|0.001 -0.18318777423495303 -0.022234098608029385 -0.011754305274682686
1000 1000 1000 1075 625 1075 1386 1875 1875 1875 1875 1414 1179 1976|0.001 -0.13233397601355668 -0.08013671171902881 0.005501211838836451
1744 581 930 930 1744 1744 930 1289 1744 1000 930 1097 2010 2466|0.001 -0.06490030462973251 -0.11194385594597955 -0.04499938589216934
1386 1875 1075 1000 1000 1875 1875 1000 1075 1875 625 2161 1414 1468|0.001 -0.04872949623716094 -0.101366022019177 -0.000427464445443837
3000 1000 3000 566 1061 1299 693 738 2250 817 2600 3162 791 2487|0.001 -0.1320977370838483 -0.012170546510500424 -0.13820603126445286
1305 1875 1768 5303 4596 3977 5303 1225 1444 2296 1768 1398 4704 4186|0.001 -0.057936283753976525 -0.04678882905405746 0.0018601687413344337
231 867 189 333 333 272 246 1000 433 750 354 887 1054 363|0.001 0.008922195173475256 -0.13560080246962758 0.043244441474679096
333 1000 333 354 433 231 189 750 272 867 246 1054 829 503|0.001 -0.05182029971865232 -0.04586758622579956 -0.017899854360498013
2121 1225 2828 943 696 770 943 533 2451 653 2828 2345 1373 2548|0.001 -0.05777838546027536 -0.006845856412279749 -0.03395139893966004
566 738 1061 3000 3000 2600 2250 1000 693 817 1299 1456 3162 2661|0.001 -0.09226826623630946 -0.011892112224197726 -0.010522839751668789
3000 1000 3000 1299 693 566 1061 817 2600 738 2250 3162 1510 3053|0.001 -0.04530428238526785 -0.10968562262353321 0.048890390001192774
354 750 433 333 333 246 272 1000 189 867 231 1061 1054 485|0.001 -0.022067275722049695 -0.12764906627369288 0.002642823721958898
629 533 770 2309 1732 2001 2309 816 568 435 770 1162 2449 1823|0.001 -0.05124358636890092 -0.050172778267157936 0.007182307590021253
333 1000 333 231 189 354 433 867 246 750 272 1054 1018 264|0.001 -0.0223062845276234 -0.12314520498856618 0.015479069885648844
1299 817 693 3000 3000 2250 2600 1000 1061 738 566 1090 3162 3182|0.001 -0.00038291410674684556 -0.13650087510842734 0.02724334324540223
3753 816 4330 1443 1179 1066 1443 1875 3248 1531 4330 4406 1573 3901|0.001 -0.14122086032771097 -0.0900832416477293 -0.029788068152661884
5303 1225 4596 1305 1768 1768 1444 1875 5303 2296 3977 5397 2574 5590|0.001 -0.10365812729634327 -0.06426540176366236 0.005653986936184907
1437 1355 766 3522 3048 4064 4064 1107 1760 1355 938 1972 3208 4310|0.001 0.010694698967776972 -0.1397398457176946 0.033828381182725575
314 865 284 218 266 500 408 1154 385 1154 385 911 1174 581|0.001 -0.03009840876036396 -0.12046226726506015 0.034918291387247
943 533 696 2121 2828 2828 2451 1225 943 653 770 745 3000 2981|0.001 -0.07448463796723148 -0.09181559705590758 0.014971875291529546
577 1333 471 328 363 444 444 1156 308 1333 251 1414 1201 484|0.001 -0.119959861065565 -0.021738671660790354 -0.021930842318370614
3522 1107 3048 1437 766 938 1760 1355 4064 1355 4064 3661 1071 4135|0.001 0.012373698043182113 -0.1484638552002404 0.01727874812689656
2309 816 1732 629 770 770 568 533 2309 435 2001 1915 839 2434|0.001 -0.0322931486483613 -0.0779459223852208 0.014664559578416725
328 1156 363 577 471 251 308 1333 444 1333 444 1052 1106 351|0.001 -0.18718878706561193 -0.0036591927279894243 -0.01690247401249123
848 1224 1590 2754 3182 3672 3672 904 692 1224 1298 1334 2898 3257|0.001 -0.09599500704025932 -0.03695086726140384 -0.03144279992561394
1443 1875 1179 3753 4330 4330 3248 816 1443 1531 1066 2179 3841 4564|0.001 -0.08420259191326052 -0.07335091004267436 -0.02357260172520581
218 1154 266 314 284 385 385 865 408 1154 500 1023 1040 560|0.001 -0.04815546486412359 -0.026668732639218984 -0.0023754863571767704
2754 904 3182 848 1590 1298 692 1224 3672 1224 3672 3308 1848 3045|0.001 -0.07609348451631082 -0.11667353690953619 -0.04613292644268352
333 1000 333 573 573 573 573 1000 1000 1000 1000 1054 1153 814|0.001 -0.08680565415391972 -0.06868275372833077 -0.001873202064078816
1744 1000 1744 581 1744 1744 581 1000 1744 1000 1744 2010 1419 2466|0.001 -0.0800590472908902 -0.09572804076597441 -0.16286540797441185
1720 3000 1720 3000 3000 3000 3000 1000 1720 3000 1720 2441 3162 3458|0.001 -0.14895746596464976 -0.006226386810458395 -0.029156306979193358
3000 1000 3000 1720 1720 1720 1720 3000 3000 3000 3000 3162 2441 3458|0.001 -0.21794591654559325 -0.08770611788802896 -0.0018234004106143509
1744 1000 581 1744 1744 1744 1744 1000 1744 1000 581 1419 2010 2466|0.001 -0.028313338844050406 -0.1385773680915403 0.012921882253005279
573 1000 573 333 333 1000 1000 1000 573 1000 573 1153 1054 814|0.001 -0.11235321001472287 -0.061931829871517685 -0.013298329507808182
333 1000 333 573 573 573 573 1000 1000 1000 1000 1054 1153 814|0.001 -0.06275235218599295 -0.057817219750945226 -0.01708964939108104
1720 3000 1720 3000 3000 3000 3000 1000 1720 3000 1720 2441 3162 3458|0.001 -0.129720015029422 0.001605053999409467 -0.017298183885543494
1744 1000 1744 581 1744 1744 581 1000 1744 1000 1744 2010 1419 2466|0.001 -0.10586698080614965 -0.0798471428889691 -0.2152504681905587
3000 1000 3000 1720 1720 1720 1720 3000 3000 3000 3000 3162 2441 3458|0.001 -0.2506575020379542 -0.09169133959056719 0.017988306803295995
573 1000 573 333 333 1000 1000 1000 573 1000 573 1153 1054 814|0.001 -0.0989953211593908 -0.09074642293257273 0.009953430769262805
1744 1000 581 1744 1744 1744 1744 1000 1744 1000 581 1419 2010 2466|0.001 -0.023235583145115868 -0.12640182951994205 0.021484446882402697
581 1000 1744 1744 1744 1744 1744 1000 581 1000 1744 1419 2010 1838|0.001 -0.09930528022443652 -0.023790948331315898 -0.016101599450484283
1000 1000 1000 573 573 573 573 333 1000 333 1000 1414 814 1153|0.001 -0.029360684242408785 -0.04244709513491984 -0.023474742291770267
573 333 573 1000 1000 1000 1000 1000 573 333 573 814 1414 1153|0.001 -0.046733433721432016 -0.07325781790600172 -0.017559191660533324
1000 1000 1000 573 573 573 573 1000 333 1000 333 1414 1153 814|0.001 -0.08521225607010074 -0.07869703200708345 0.016542997742527987
581 1000 1744 1744 1744 1744 1744 1000 581 1000 1744 1419 2010 1838|0.001 -0.05536642466735908 -0.10242948900663129 0.02375877910309132
1000 1000 1000 573 573 573 573 333 1000 333 1000 1414 814 1153|0.001 -0.030031264794859736 -0.07151636491288249 -0.02768118579119294
573 333 573 1000 1000 1000 1000 1000 573 333 573 814 1414 1153|0.001 -0.0434735205558856 -0.10619276228206243 -0.0016310248313156084
1000 1000 1000 573 573 573 573 1000 333 1000 333 1414 1153 814|0.001 -0.1387850725301265 -0.027008818412487257 0.0013194527995064043
1805 904 1377 1875 2432 2775 2561 1875 5967 1694 5164 1647 3246 4387|0.001 -0.10196603962381645 -0.06744494327817652 -0.014836073288522211
1000 1297 533 734 2754 3182 963 1366 904 1480 482 1731 2050 2898|0.001 -0.07496883873320814 -0.08015075700235852 -0.2098113122704126
1860 3750 1362 726 656 1230 1362 1311 2015 4333 1766 2791 1196 2357|0.001 -0.16106762762748472 -0.04793375726126814 0.006313211615867065
501 763 554 1347 1537 1418 1039 3305 938 2860 1039 1118 2430 1443|0.001 -0.2747320411874199 -0.07828192513019805 0.0125583902647608
2453 1141 742 411 771 697 372 771 2123 1053 566 1804 669 2550|0.001 -0.0426489408992603 -0.1305446204512739 -0.04588177554605832
1875 1875 2432 1805 1377 5164 5967 904 2561 1694 2775 1627 2019 3844|0.001 -0.09432589336622055 -0.08361801436952421 0.0445217470884085
1524 1107 1998 3071 2834 2075 2692 1875 5715 2075 6604 1823 2882 3415|0.001 -0.16328971926455105 -0.031717135197043556 -0.014580707797888781
1347 3305 1537 501 554 1039 938 763 1039 2860 1418 2210 912 901|0.001 -0.0998411175946734 -0.044094311983514656 0.008336168620224349
611 923 326 651 2151 1861 496 877 676 676 360 939 1438 1959|0.001 -0.09596013843082618 -0.04784129446526286 -0.23344166399726363
726 1311 656 1860 1362 1766 2015 3750 1362 4333 1230 1466 2241 2357|0.001 -0.11952935488221406 -0.1544700216220074 0.014624234359861266
3071 1875 2834 1524 1998 6604 5715 1107 2692 2075 2075 3592 2234 4415|0.001 -0.0871214532920217 -0.0731405468186741 0.001408262994000431
2016 732 538 353 662 732 391 1084 2330 950 705 1205 1267 2422|0.001 -0.04435251936913853 -0.13088417393799956 -0.04712476167415214
734 1366 2754 1000 533 482 904 1297 963 1480 3182 1646 868 878|0.001 -0.03900971758435956 -0.09116190202153707 0.03561914600120675
1297 533 1000 2754 3182 963 734 904 1480 482 1366 868 2898 2128|0.001 -0.09492375113517637 -0.061459841567239604 -0.05831047295492886
328 1156 363 363 496 537 471 267 175 350 194 1052 598 504|0.001 -0.011368865540113404 -0.08367315215730309 0.01949182353444101
465 303 408 314 284 151 168 865 429 231 314 669 1040 544|0.001 -0.045870290533138736 -0.11743867023548571 0.025483554501823935
2754 904 3182 1297 1000 1366 1480 533 734 482 963 3308 1731 1646|0.001 -0.07038827537846237 -0.023620721332535677 -0.03761354641226844
651 877 2151 611 326 360 676 923 496 676 1861 1581 1170 594|0.001 -0.0668124395886116 -0.05893333752040042 0.06048234238399841
314 865 284 465 408 314 429 303 168 231 151 911 735 544|0.001 -0.028276049463065167 -0.017506643417848355 -0.016450668179548433
353 1084 662 2016 538 705 2330 732 391 950 732 1017 1501 788|0.001 -0.0680304623398087 -0.11356036337067166 0.07588820035068666
363 267 496 328 363 194 175 1156 471 350 537 744 1201 315|0.001 -0.14751398822704487 -0.026832075013026868 -0.028905722392861266
3522 1107 3048 1511 1638 1436 1107 533 1066 590 813 3661 1537 2589|0.001 -0.025451433858896255 -0.1070032576741542 0.029560611656473945
1000 1000 1000 125 125 125 125 1000 1000 1000 1000 1414 1008 1008|0.001 -0.024471992160243206 -0.11166493222857787 0.00038360898207301375
8000 1000 8000 8000 8000 8000 8000 1000 8000 1000 8000 8062 8062 11314|0.001 -0.11050656821546934 -0.01624609777992614 -0.010267267362158439
125 1000 125 1000 1000 1000 1000 1000 125 1000 125 1008 1414 1008|0.001 -0.12595818025697758 -0.01934963722679428 -0.039908554966607834
1000 1000 1000 125 125 125 125 1000 1000 1000 1000 1414 1008 1008|0.001 -0.08945036497343573 -0.09380753781825457 0.005121360715734102
8000 1000 8000 8000 8000 8000 8000 1000 8000 1000 8000 8062 8062 11314|0.001 -0.0007373270203769877 -0.15760681431812085 0.05834852253095324
125 1000 125 1000 1000 1000 1000 1000 125 1000 125 1008 1414 1008|0.001 -0.06677007286414849 -0.09961824465044233 0.019739946390187058
1000 1000 1000 125 125 125 125 1000 1000 1000 1000 1414 1008 1008|0.001 -0.11048041334782432 -0.07572445548667539 -0.006330170313049166
125 1000 125 1000 1000 1000 1000 1000 125 1000 125 1008 1414 1008|0.001 -0.08715319372591401 -0.06417492431395999 0.005949261648998672
8000 1000 8000 8000 8000 8000 8000 1000 8000 1000 8000 8062 8062 11314|0.001 -0.11107805210914257 -0.014636600567288216 -0.015198433194448802
1000 1000 1000 125 125 125 125 1000 1000 1000 1000 1414 1008 1008|0.001 0.014508368304362307 -0.16575036933295983 0.0482034618649263
125 1000 125 1000 1000 1000 1000 1000 125 1000 125 1008 1414 1008|0.001 -0.01163012402907282 -0.11463725474442299 0.025978982907282067
8000 1000 8000 8000 8000 8000 8000 1000 8000 1000 8000 8062 8062 11314|0.001 -0.04062514246811921 -0.11971807174146254 0.03416385694871016
8000 1000 8000 8000 8000 8000 8000 1000 8000 1000 8000 8062 8062 11314|0.001 -0.12627261262040723 -0.04406227392275697 -0.02545139797857754
125 1000 125 1000 1000 1000 1000 1000 125 1000 125 1008 1414 1008|0.001 -0.1593181264873489 0.00264126414848187 -0.045994959737925
1000 1000 1000 125 125 125 125 1000 1000 1000 1000 1414 1008 1008|0.001 -0.12909978715103576 -0.03769685960173352 -0.03189250272654376
8000 1000 8000 8000 8000 8000 8000 1000 8000 1000 8000 8062 8062 11314|0.001 -0.09841503749913438 -0.07026809587115546 0.007163071117146647
125 1000 125 1000 1000 1000 1000 1000 125 1000 125 1008 1414 1008|0.001 -0.060956610638213116 -0.05078594613592613 0.008541065454641394
1000 1000 1000 125 125 125 125 1000 1000 1000 1000 1414 1008 1008|0.001 0.010480804077259709 -0.16361578392513176 0.047132582127684675
8000 1000 8000 8000 8000 8000 8000 1000 8000 1000 8000 8062 8062 11314|0.001 -0.04605463086211681 -0.11115477520279415 0.013241773022989456
1000 1000 1000 125 125 125 125 1000 1000 1000 1000 1414 1008 1008|0.001 -0.13044854774983516 -0.04091360170541569 -0.015501028912848769
125 1000 125 1000 1000 1000 1000 1000 125 1000 125 1008 1414 1008|0.001 -0.10588115318023172 -0.0108613391322121 -0.024147817172531783
8000 1000 8000 8000 8000 8000 8000 1000 8000 1000 8000 8062 8062 11314|0.001 -0.025982826044584906 -0.14247589421242268 0.015086986411392278
125 1000 125 1000 1000 1000 1000 1000 125 1000 125 1008 1414 1008|0.001 -0.016465777934904224 -0.15613077859992108 0.051040211999515694
1000 1000 1000 125 125 125 125 1000 1000 1000 1000 1414 1008 1008|0.001 -0.08818400552718209 -0.038801391220382175 -0.016075863227966725
2069 1875 1875 3000 1600 3000 5625 1720 2498 3226 3226 2652 1887 3644|0.001 -0.0731654989467112 -0.0844562912585034 0.052419887237720175
573 533 333 625 1075 833 690 1875 1075 1000 625 629 1976 884|0.001 -0.19789166899883637 -0.013283699276871452 -0.023123328361482898
3000 1720 1600 533 1000 1720 918 1104 1600 1332 853 3162 1414 1887|0.001 -0.038089109656450626 -0.11560427599894729 -0.027363795042006922
906 906 483 773 1450 2719 1450 1207 1559 1559 831 1027 1761 2866|0.001 -0.09265159547542479 -0.09493495070393876 -0.09018371004129055
1561 1875 1293 625 1075 2016 1172 1875 2016 3516 1172 2278 1976 2845|0.001 -0.22290961977692314 -0.03365236225533752 0.006177380790584053
3000 1720 1600 2069 1875 3226 2498 1875 5625 3226 3000 3162 2125 5929|0.001 -0.05781298408120139 -0.13479859600302624 0.019881998102133647
1000 533 1104 1600 3000 1600 853 1720 1720 918 1332 1414 3162 1887|0.001 -0.12475244730864365 -0.026580314537077987 -0.17055801769400247
773 1207 1450 906 483 831 1559 906 1450 1559 2719 1264 1282 1528|0.001 -0.08211772954459962 -0.1032187426798914 0.04368659755171311
1075 1875 625 690 833 1075 625 533 573 1000 333 1976 872 884|0.001 -0.03579133789693101 -0.09851365906343945 -0.012774834801567714
1600 1720 3000 1000 1104 1332 1720 533 853 918 1600 1887 1133 1395|0.001 -0.07065707033979574 -0.034438578264398556 -0.040350800401466325
573 533 333 333 573 306 178 533 444 284 368 629 629 809|0.001 -0.04014772951403511 -0.07028146552245818 -0.005282899431334753
625 1875 1075 573 333 625 1075 533 690 1000 833 1179 1054 884|0.001 -0.01983408275044729 -0.10636907068806489 0.00900427313362373
930 581 1744 1875 1452 1203 1090 1875 1744 1090 3269 1838 1541 1520|0.001 -0.18303657857536737 -0.041543002907928894 -0.03724304005088719
1000 774 533 930 1744 930 496 581 581 641 310 822 1097 1838|0.001 -0.10135051113543625 -0.07801746682932209 -0.08457222984377122
625 1875 1075 1561 1293 1172 2016 1875 1172 3516 2016 1179 1635 1328|0.001 -0.18753577467587323 -0.06329235035273273 -0.017756278654778024
1201 828 640 689 1291 751 400 1291 2252 751 1201 1047 1822 1416|0.001 -0.0774954172274267 -0.09710307107221983 -0.04275845407356704
1875 1875 1452 930 1744 3269 1744 581 1090 1090 1203 2646 1097 2056|0.001 -0.07077206305371897 -0.09730186350828895 -0.03472970370311801
690 533 833 1075 625 333 573 1875 625 1000 1075 1215 1179 884|0.001 -0.27477505544102 -0.00019996633084051751 -0.027919783653214125
689 1291 1291 1201 640 1201 2252 828 400 751 751 1061 1459 755|0.001 -0.13400031257035927 -0.037493963003869535 0.06183335383771693
1744 581 930 774 1000 581 641 533 930 310 496 1097 822 1838|0.001 -0.036450672076070445 -0.11447240306060813 0.01896628218359453
333 533 573 573 333 368 444 533 178 284 306 1054 1054 378|0.001 -0.023011395205340124 -0.09151412630513667 0.020836986772336807
930 581 1744 1000 533 310 581 774 496 641 930 1838 1411 980|0.001 -0.02643826082014633 -0.10450476226504968 0.009974888960144757
1075 1875 625 573 333 625 1075 533 1114 1000 802 1976 1054 1244|0.001 -0.02995033578949924 -0.09630542416016796 0.00823048587507591
930 581 1744 1090 1398 1943 1875 1875 1744 1090 3269 1838 2169 2734|0.001 -0.13337273350170542 -0.08864169009073164 0.006492714472612349
1720 1282 918 1600 3000 1600 853 1720 1000 1783 533 1990 3162 3162|0.001 -0.09094621289714389 -0.06775890587834899 -0.07075597972048375
1744 581 930 310 581 1000 533 1036 930 745 496 1097 1157 1097|0.001 -0.07195685078811076 -0.09150020709011497 -0.05055841652287785
3342 1875 3226 3000 1600 3000 5625 1720 2405 3226 1875 3731 1887 2103|0.001 -0.09486431517655713 -0.07951795318016597 0.04594530194831803
573 533 333 1075 625 802 1114 1875 1075 1000 625 629 1179 1244|0.001 -0.17130576805612918 -0.04102682455014328 -0.014172589333183438
333 533 573 333 573 306 178 533 427 284 594 1054 629 452|0.001 -0.036368674500909526 -0.02476554355428706 0.0011278378902179753
1600 1720 3000 1720 1783 1282 1000 533 853 918 1600 1887 1801 2509|0.001 -0.06400543225173694 -0.0411568485421443 -0.005442151423667996
1600 1720 3000 1720 918 533 1000 1282 853 1783 1600 1887 1357 1687|0.001 -0.09772844474098985 -0.052874456207138154 0.04107726123448119
333 533 573 333 573 594 427 533 178 284 306 1054 629 600|0.001 -0.038264603635784766 -0.06691330226313075 -0.03247901739910852
1090 1875 1398 930 1744 3269 1744 581 1875 1090 1943 1479 1097 3446|0.001 -0.0988502552742454 -0.06083779664309619 -0.07311167081007319
625 1875 1075 1503 2089 2016 1172 1875 1172 3516 2016 1179 2940 2111|0.001 -0.20231646558514393 -0.020402337275907678 -0.0016986542410157845
1248 1390 665 716 1342 780 416 780 2339 1342 1248 1956 1058 1471|0.001 -0.08941136414379658 -0.07004035376561135 -0.08403514158138004
3000 1720 1600 3342 3226 1875 2405 1875 5625 3226 3000 3162 3377 3538|0.001 -0.15996630617656216 -0.10072396491286995 -0.014193618364540805
561 965 299 479 898 1683 898 719 965 561 515 1010 629 1774|0.001 -0.04871165701081592 -0.09792978307360256 -0.042184867186511044
1503 1875 2089 625 1075 2016 1172 1875 1172 3516 2016 1314 1976 1590|0.001 -0.17081162073564138 -0.05384954075099868 0.009636972497963914
1720 533 1783 1600 3000 1600 853 1720 1000 918 1282 1990 3162 3162|0.001 -0.09004101299908585 -0.06959603514504087 -0.06965640620377633
479 719 898 561 299 515 965 965 898 561 1683 1407 1116 946|0.001 -0.06396799677159559 -0.07769272292710849 0.04623187580882204
1075 1875 625 1114 802 625 1075 533 573 1000 333 1976 1568 1244|0.001 -0.0505256585081415 -0.06677410999871292 -0.009306641571572571
1744 581 930 745 581 1000 1036 533 930 310 496 1097 1157 1097|0.001 -0.04636759663064094 -0.08597135312824244 1.5361773679778423e-05
716 780 1342 1248 665 1248 2339 1390 416 1342 780 1552 875 785|0.001 -0.060737882448800296 -0.097968034137913 0.06984570343621987
1114 533 802 1075 625 333 573 1875 1075 1000 625 701 1179 1244|0.001 -0.020182255451701714 -0.11302454201430168 0.0060771147580740426
333 1000 333 1000 1000 533 533 1000 573 1000 573 1054 1414 629|0.001 -0.11023239543183627 -0.040229795569615145 -0.012318023200971195
1000 1000 1000 333 573 573 333 533 1000 533 1000 1414 629 1153|0.001 -0.0724238904463248 -0.005344136075582373 -0.03869888059023219
1600 1720 3000 3000 3000 3000 3000 1000 1600 1720 3000 1887 3162 3400|0.001 -0.12627141224192617 -0.007729466055560463 -0.02583846900151565
3000 1000 3000 3000 1600 1600 3000 1720 3000 1720 3000 3162 1887 3400|0.001 -0.06008290003669203 -0.059598265083368185 0.038997783342533676
573 533 333 1000 1000 1000 1000 1000 573 533 333 629 1414 1153|0.001 -0.014896368539581983 -0.12542513428058122 0.036840268427613676
1000 1000 1000 333 333 573 573 1000 533 1000 533 1414 1054 629|0.001 -0.0590974006623779 -0.10248339608963652 0.010262141918540024
333 1000 333 533 533 1000 1000 1000 573 1000 573 1054 1133 1054|0.001 -0.051292275423416855 -0.12528344365674404 0.010330892109873258
3000 1720 1600 3000 3000 3000 3000 1000 3000 1720 1600 3162 3162 4243|0.001 -0.03693897172525329 -0.1235599357897521 0.02390823924470542
1875 1000 1875 625 1075 1075 625 1875 1875 1875 1875 2125 1976 2161|0.001 -0.18676779282117084 -0.07187361071044007 0.0075749969958449626
3000 1000 3000 1600 3000 3000 1600 1720 3000 1720 3000 3162 3162 4243|0.001 -0.04679660272805086 -0.08837518019056523 -0.025258295656148677
533 1000 533 333 333 573 573 1000 1000 1000 1000 1133 1054 1054|0.001 -0.07900540455249239 -0.06196253613590441 -0.013519920190685486
1075 1875 625 1875 1875 1875 1875 1000 1075 1875 625 1976 2125 2161|0.001 -0.11840495984008492 -0.03112795838026816 -0.01627539369020825
333 533 573 1000 1000 1000 1000 1000 333 533 573 1054 1414 1054|0.001 -0.0032099259773088473 -0.16614552393486304 0.06777620821358799
1000 1000 1000 573 573 333 333 1000 533 1000 533 1414 1153 1054|0.001 -0.008528804806059442 -0.10826485807803321 0.017141187627367493
1744 1000 1744 1744 930 930 1744 581 1744 581 1744 2010 1838 1976|0.001 -0.005613688855432564 -0.11010457406865348 0.03074418303686377
1000 1000 1000 573 333 333 573 533 1000 533 1000 1414 1054 1054|0.001 -0.0344386717521894 -0.05140379925154703 0.008474109685285836
930 581 1744 1744 1744 1744 1744 1000 930 581 1744 1838 2010 1976|0.001 -0.06580317723494766 -0.07142664588670744 -0.012267857692901396
573 1000 573 1000 1000 533 533 1000 333 1000 333 1153 1414 1054|0.001 -0.08008920203895542 -0.0944864304473747 -0.026593739505688108
625 1875 1075 1875 1875 1875 1875 1000 625 1875 1075 1179 2125 1976|0.001 -0.13959972936359977 -0.02835421205758859 -0.021264247446903806
1744 1000 1744 930 1744 1744 930 581 1744 581 1744 2010 1097 2466|0.001 -0.10061511883610708 -0.05615730999801949 -0.07939294673373398
533 1000 533 573 573 333 333 1000 1000 1000 1000 1133 1153 629|0.001 0.02029891919141491 -0.13945299165285197 0.04039923338545304
1875 1000 1875 1075 625 625 1075 1875 1875 1875 1875 2125 1179 1976|0.001 -0.10215234625604919 -0.11334407380122258 0.02499552147705364
1744 581 930 1744 1744 1744 1744 1000 1744 581 930 1097 2010 2466|0.001 -0.09004071274277603 -0.08535631852218395 -0.0026732923925965046
573 1000 573 533 533 1000 1000 1000 333 1000 333 1153 1133 629|0.001 -0.06464281348725787 -0.08395614872926394 0.005003085916004402
1875 1000 1875 1299 693 566 1061 817 1475 738 1125 2125 1510 1958|0.001 -0.04518112667149077 -0.11579316027094944 0.057145623973360316
629 533 770 1443 866 1135 1443 816 568 435 770 1162 1658 1036|0.001 -0.06351269210004284 -0.09150814571843413 0.05615814007204012
566 600 693 533 533 394 436 1000 302 787 370 1149 1133 777|0.001 -0.15391061609439816 0.00589385133449305 -0.03631895768635762
533 1000 533 370 302 566 693 787 394 600 436 1133 1045 422|0.001 -0.03980840358013826 -0.09122895904820405 0.030702378893752158
2129 816 2706 1443 1179 1066 1443 1875 1624 1531 2706 2827 1573 2381|0.001 -0.10767418400267403 -0.10098977924843822 -0.027855430495228317
1299 817 693 1875 1875 1125 1475 1000 1061 738 566 1090 2125 2154|0.001 -0.055871621144285566 -0.0965380214831868 0.019347850437023695
1875 1000 1875 566 1061 1299 693 738 1125 817 1475 2125 791 1546|0.001 -0.07174035041386362 -0.09149382552219754 -0.09582548355171805
370 787 302 533 533 436 394 1000 693 600 566 843 1133 581|0.001 -0.11928101730733331 -0.053583736293846274 -0.015602206495219928
1305 1875 1768 3315 2607 1989 3315 1225 1444 2296 1768 1398 2793 2379|0.001 -0.1034098546037121 -0.0569928763682237 0.004229464819744955
533 1000 533 566 693 370 302 600 436 787 394 1133 825 805|0.001 -0.08042849242595129 -0.011716596648870814 -0.021561917041437173
566 738 1061 1875 1875 1475 1125 1000 693 817 1299 1456 2125 1580|0.001 -0.1284207855174202 -0.02805679514927495 -0.02415018553995063
1061 1225 1768 943 696 770 943 533 1391 653 1768 1458 1373 1555|0.001 -0.07079017210786853 0.007444042699189524 -0.025670369655120817
1443 816 866 629 770 770 568 533 1443 435 1135 1190 839 1636|0.001 -0.02760209989148943 -0.09742134316323758 -0.008220628783048856
848 1224 1590 1377 1805 2295 2295 904 692 1224 1298 1334 1647 1934|0.001 -0.0997693287086232 -0.024649310023697746 -0.04550377836178621
656 1311 726 1155 943 503 616 1667 889 1667 889 1196 1374 703|0.001 -0.18925324515702058 -0.012253323953373974 -0.025399247054493923
1443 1875 1179 2129 2706 2706 1624 816 1443 1531 1066 2179 2280 3067|0.001 -0.0823169203951768 -0.046228272313484364 -0.01598767501339693
384 1271 470 554 501 678 678 763 719 1271 881 1071 1118 987|0.001 -0.0600132013723198 -0.057065949887092904 -0.002453969803888345
1377 904 1805 848 1590 1298 692 1224 2295 1224 2295 2019 1848 1892|0.001 -0.03153951066048433 -0.11498023308820104 -0.015660708955406166
3315 1225 2607 1305 1768 1768 1444 1875 3315 2296 1989 3462 2574 3757|0.001 -0.16825269198392445 -0.044736983583788525 0.0017965361460592355
554 763 501 384 470 881 719 1271 678 1271 678 912 1328 1024|0.001 -0.16686677586974397 -0.029480578943712477 -0.025699799658678302
1437 1355 766 1998 1524 2540 2540 1107 1760 1355 938 1972 1823 2918|0.001 -0.052618038128235955 -0.06023434866286759 0.01095796914353464
943 533 696 1061 1768 1768 1391 1225 943 653 770 745 2031 2003|0.001 -0.039886871583491024 -0.07632676817034056 -0.022441774136122694
1155 1667 943 656 726 889 889 1311 616 1667 503 1915 1466 969|0.001 -0.16198899198043404 -0.03394110755835067 -0.010037543329223242
1998 1107 1524 1437 766 938 1760 1355 2540 1355 2540 2234 1071 2653|0.001 -0.02019727206493016 -0.14544922280402606 0.043776260713017656
1000 1000 1000 533 533 533 533 1000 1000 1000 1000 1414 1133 1133|0.001 -0.12326785194549328 -0.057882327134122225 -0.03345176311385423
1875 1000 1875 1875 1875 1875 1875 1000 1875 1000 1875 2125 2125 2652|0.001 -0.036616426107964894 -0.08497323954594682 0.007020672130362282
533 1000 533 1000 1000 1000 1000 1000 533 1000 533 1133 1414 1133|0.001 -0.008171247375171609 -0.15446844425876405 0.02394040146313614
1000 1000 1000 533 533 533 533 1000 1000 1000 1000 1414 1133 1133|0.001 -0.07521260285463627 -0.08708080685889574 0.016311375293487362
1875 1000 1875 1875 1875 1875 1875 1000 1875 1000 1875 2125 2125 2652|0.001 -0.05972885908415715 -0.10781629741906551 -0.01510266536139171
533 1000 533 1000 1000 1000 1000 1000 533 1000 533 1133 1414 1133|0.001 0.0003966948295031081 -0.13475970381044644 0.023142573378363007
1000 1000 1000 533 533 533 533 1000 1000 1000 1000 1414 1133 1133|0.001 -0.06614032705228645 -0.05545528634747887 -0.008167461113780528
533 1000 533 1000 1000 1000 1000 1000 533 1000 533 1133 1414 1133|0.001 -0.11714013650789945 -0.05211487412250748 0.008464716740057554
1875 1000 1875 1875 1875 1875 1875 1000 1875 1000 1875 2125 2125 2652|0.001 -0.06387355376834547 -0.10930834945251044 0.01285959238210621
1000 1000 1000 533 533 533 533 1000 1000 1000 1000 1414 1133 1133|0.001 -0.07383112002610881 -0.0761897819242352 0.0067113110489880334
533 1000 533 1000 1000 1000 1000 1000 533 1000 533 1133 1414 1133|0.001 -0.10037781277301927 -0.07612020657779883 -0.008595612315790424
1875 1000 1875 1875 1875 1875 1875 1000 1875 1000 1875 2125 2125 2652|0.001 -0.10191820346790448 -0.04367504164029312 -0.008550736122062697
1875 1000 1875 1875 1875 1875 1875 1000 1875 1000 1875 2125 2125 2652|0.001 -0.005496005443532681 -0.15196805049325746 0.05189329397697895
533 1000 533 1000 1000 1000 1000 1000 533 1000 533 1133 1414 1133|0.001 -0.041285368995992444 -0.06479103369074313 0.00414798023979035
1000 1000 1000 533 533 533 533 1000 1000 1000 1000 1414 1133 1133|0.001 -0.09495057908872062 -0.06041077713734855 0.016684858702233907
1875 1000 1875 1875 1875 1875 1875 1000 1875 1000 1875 2125 2125 2652|0.001 -0.06364307159837046 -0.11256868607847692 0.039328308374551035
533 1000 533 1000 1000 1000 1000 1000 533 1000 533 1133 1414 1133|0.001 -0.088771531716616 -0.012535477089822278 -0.015020603881586991
1000 1000 1000 533 533 533 533 1000 1000 1000 1000 1414 1133 1133|0.001 -0.07209547125098137 -0.06090663293411014 0.011597710860216104
1875 1000 1875 1875 1875 1875 1875 1000 1875 1000 1875 2125 2125 2652|0.001 -0.09206314984298469 -0.005862079950609278 -0.006656692858914015
1000 1000 1000 533 533 533 533 1000 1000 1000 1000 1414 1133 1133|0.001 -0.10354311146733797 -0.0213139598672607 -0.010678706097223545
533 1000 533 1000 1000 1000 1000 1000 533 1000 533 1133 1414 1133|0.001 -0.10455525809452415 -0.012298623542611464 -0.03021492122403102
1875 1000 1875 1875 1875 1875 1875 1000 1875 1000 1875 2125 2125 2652|0.001 -0.01241656695722515 -0.10454074601260022 0.027396044780179096
533 1000 533 1000 1000 1000 1000 1000 533 1000 533 1133 1414 1133|0.001 -0.11160915822040263 -0.021090668266924295 0.001179448192414334
1000 1000 1000 533 533 533 533 1000 1000 1000 1000 1414 1133 1133|0.001 -0.03389859485854574 -0.08527150974243725 -0.003990536077852491
1875 1000 1875 1000 1000 1000 1000 1000 1875 1000 1875 2125 1414 2125|0.001 -0.14496011644019147 0.013856048743898786 -0.04288001721906132
1000 1000 1000 1875 1875 1875 1875 1000 1000 1000 1000 1414 2125 2125|0.001 -0.057017061137421 -0.07360159703541203 -0.005533426628197002
533 1000 533 533 533 533 533 1000 533 1000 533 1133 1133 754|0.001 -0.14190086659445988 0.0041890532590938 -0.02991306623426726
533 1000 533 533 533 533 533 1000 533 1000 533 1133 1133 754|0.001 -0.1347692636014597 -0.0337944365202647 -0.03555066094893533
1875 1000 1875 1000 1000 1000 1000 1000 1875 1000 1875 2125 1414 2125|0.001 -0.10525611510696864 -0.033583761197381046 -0.0012969211562152694
1000 1000 1000 1875 1875 1875 1875 1000 1000 1000 1000 1414 2125 2125|0.001 -0.1319885805244836 -0.00014640533700371883 -0.023204067282170948
1875 1000 1875 1000 1000 1000 1000 1000 1875 1000 1875 2125 1414 2125|0.001 -0.14437159231712293 -0.013031839852057914 -0.014387860575473255
533 1000 533 533 533 533 533 1000 533 1000 533 1133 1133 754|0.001 -0.09323846134462355 -0.09337058975743662 0.006021180813877702
1000 1000 1000 1875 1875 1875 1875 1000 1000 1000 1000 1414 2125 2125|0.001 -0.05154123109114672 -0.05204556392890636 0.00929399032803202
533 1000 533 533 533 533 533 1000 533 1000 533 1133 1133 754|0.001 -0.12392000453110841 -0.026690769523408653 -0.019937133467291535
1000 1000 1000 1875 1875 1875 1875 1000 1000 1000 1000 1414 2125 2125|0.001 -0.07820128991100628 -0.07671820709667654 0.014222488192856542
1875 1000 1875 1000 1000 1000 1000 1000 1875 1000 1875 2125 1414 2125|0.001 -0.066236123522746 -0.09800816635867071 -0.01252860174812409
1875 1000 1875 1000 1000 1000 1000 1000 1875 1000 1875 2125 1414 2125|0.001 -0.12194914447487548 -0.01425332244083588 -0.04020440800139857
1000 1000 1000 1875 1875 1875 1875 1000 1000 1000 1000 1414 2125 2125|0.001 -0.1183875378831789 -0.0020951488493548 -0.03735057519063334
533 1000 533 533 533 533 533 1000 533 1000 533 1133 1133 754|0.001 -0.00740302296718065 -0.08755562160734476 0.011124142011553761
1000 1000 1000 1875 1875 1875 1875 1000 1000 1000 1000 1414 2125 2125|0.001 -0.0402954764301644 -0.11006215067155378 0.016730967783320505
533 1000 533 533 533 533 533 1000 533 1000 533 1133 1133 754|0.001 -0.10354367999661163 -0.06139577744410096 -0.033601236985802974
1875 1000 1875 1000 1000 1000 1000 1000 1875 1000 1875 2125 1414 2125|0.001 -0.03705220041345325 -0.0981668957577031 0.01825409401952971
1875 1000 1875 1000 1000 1000 1000 1000 1875 1000 1875 2125 1414 2125|0.001 -0.0025254919883255234 -0.14672731994077703 0.05252866308974591
533 1000 533 533 533 533 533 1000 533 1000 533 1133 1133 754|0.001 -0.13071191194593323 -0.017716922909494226 -0.0099835133769266
1000 1000 1000 1875 1875 1875 1875 1000 1000 1000 1000 1414 2125 2125|0.001 -0.020245110013997758 -0.1303760442239965 0.01963960327087566
1000 1000 1000 1875 1875 1875 1875 1000 1000 1000 1000 1414 2125 2125|0.001 -0.13688560563037244 0.0017057921756502559 -0.042138954689879826
533 1000 533 533 533 533 533 1000 533 1000 533 1133 1133 754|0.001 -0.08245274716622286 -0.06810135635466619 -0.0015887218676113868
1875 1000 1875 1000 1000 1000 1000 1000 1875 1000 1875 2125 1414 2125|0.001 -0.03664858280545302 -0.05001416549491822 0.0035441383410694804
2719 1000 906 273 513 628 335 1096 2356 960 713 1861 1253 2411|0.001 -0.050557168264611096 -0.12892124210708844 -0.04196318439471658
4007 1875 3658 3315 2607 8618 9944 1225 3513 2296 3658 4582 2793 5762|0.001 -0.09781312075643589 -0.06842075414959403 0.01613844504974482
370 787 302 1104 1104 1060 1209 3000 693 2600 566 843 2054 1127|0.001 -0.22015778398094543 -0.0848560038370072 0.027805710742407896
368 333 368 189 231 123 101 867 353 262 403 685 887 419|0.001 -0.0643900194251057 -0.05695918579459058 0.011204785424323571
4596 1225 5303 1951 2137 1873 1951 533 1391 653 1768 4704 1862 3379|0.001 -0.10322198997983811 0.01258843758534356 -0.06579632030130234
906 1000 2719 628 335 273 513 960 713 1096 2356 1861 1140 947|0.001 -0.016403312791698488 -0.08194873680559267 0.043744922815043275
189 867 231 368 368 403 353 333 101 262 123 1018 685 351|0.001 -0.012611644610689421 -0.10704487061067525 0.014796433871449022
1104 3000 1104 370 302 566 693 787 1209 2600 1060 2054 1045 1382|0.001 -0.0909996785174505 -0.04942639144169925 0.010031749602303908
628 960 335 906 2719 2356 713 1000 513 1096 273 1022 1861 2766|0.001 -0.11162836207186166 -0.05743791815675747 -0.23889580538637323
2129 816 2706 2987 2868 3272 2987 1875 7036 1531 8119 2827 3051 5173|0.001 0.020347858786482487 -0.17207076421495437 0.05047913014926353
3315 1225 2607 4007 3658 3658 3513 1875 9944 2296 8618 3462 3492 6807|0.001 -0.02738427372355301 -0.10416301506121606 0.024681377471842403
468 913 250 651 2151 2481 827 877 573 913 306 871 1438 2525|0.001 -0.09898082353207438 -0.0897036145158503 -0.22273094802887194
1347 3305 1537 384 470 881 719 1271 1403 3814 1403 2210 1328 1599|0.001 -0.14275456779516138 -0.054264875903157206 0.007951017425458229
1951 533 2137 4596 5303 1768 1391 1225 1951 653 1873 2444 5397 3631|0.001 -0.08615780727824873 -0.0042697110776457325 -0.050240342993158604
266 1154 218 465 408 424 424 303 142 385 116 1174 735 434|0.001 -0.02584986041863302 -0.09045026437623283 -0.0022637398522074026
651 877 2151 468 250 306 573 913 827 913 2481 1581 1143 864|0.001 -0.03930609188175227 -0.09538074533992469 0.01850790165275562
4330 816 3753 1530 1593 1593 1745 533 1443 435 1135 3841 1627 2964|0.001 -0.02461790193783564 -0.05626588294194046 0.00027668308711037426
465 303 408 266 218 116 142 1154 424 385 424 669 1023 532|0.001 -0.10238653028629252 -0.08073924171511315 0.007653755512939675
349 1041 654 2453 742 944 2831 1141 285 1041 534 1064 1640 795|0.001 -0.03413523114767725 -0.1280259125721217 0.043540606589016484
2987 1875 2868 2129 2706 8119 7036 816 2987 1531 3272 3404 2280 5558|0.001 -0.06364192000823166 -0.08953786489148241 -0.01994046579977593
384 1271 470 1347 1537 1403 1403 3305 719 3814 881 1071 2430 1339|0.001 -0.09009373317039882 -0.1462835171065846 -0.0015497125093610897
2453 1141 742 349 654 534 285 1041 2831 1041 944 1804 1187 2511|0.001 -0.042345428421595166 -0.12405793827171552 -0.04678640221665531
625 1000 625 1000 1000 1000 1000 1000 625 1000 625 1179 1414 1179|0.001 -0.12748079070326934 -0.03495859588682704 -0.04678208328707134
1000 1000 1000 625 625 625 625 1000 1000 1000 1000 1414 1179 1179|0.001 -0.09799745841324925 -0.06552004936839273 -0.02256821200549597
1600 1000 1600 1600 1600 1600 1600 1000 1600 1000 1600 1887 1887 2263|0.001 -0.05487287932613105 -0.05689018062362439 0.00799835621470013
1600 1000 1600 1600 1600 1600 1600 1000 1600 1000 1600 1887 1887 2263|0.001 -0.138852115866398 0.02070667539453286 -0.03616259606443517
625 1000 625 1000 1000 1000 1000 1000 625 1000 625 1179 1414 1179|0.001 -0.08833017441776225 -0.04743830034943275 -0.018745178519702366
1000 1000 1000 625 625 625 625 1000 1000 1000 1000 1414 1179 1179|0.001 -0.1077413803965066 -0.043514778585431735 -0.014785440096832803
625 1000 625 1000 1000 1000 1000 1000 625 1000 625 1179 1414 1179|0.001 -0.13462327065427826 -0.026333053047379318 -0.05189920219395905
1600 1000 1600 1600 1600 1600 1600 1000 1600 1000 1600 1887 1887 2263|0.001 -0.04041076538938815 -0.12859724278371232 0.035987873412279825
1000 1000 1000 625 625 625 625 1000 1000 1000 1000 1414 1179 1179|0.001 -0.13159434777413992 -0.013812481797701448 -0.03207174948762548
1600 1000 1600 1600 1600 1600 1600 1000 1600 1000 1600 1887 1887 2263|0.001 -0.09386304088748743 -0.035196900037889334 -0.015741092661600842
1000 1000 1000 625 625 625 625 1000 1000 1000 1000 1414 1179 1179|0.001 -0.13635397964568474 0.003386625687871181 -0.023590002415903033
625 1000 625 1000 1000 1000 1000 1000 625 1000 625 1179 1414 1179|0.001 -0.08039898633778852 -0.10184765789690298 0.019401995775354397
625 1000 625 1000 1000 1000 1000 1000 625 1000 625 1179 1414 1179|0.001 -0.06650544240977885 -0.07276201722973386 -0.01011156335807839
1000 1000 1000 625 625 625 625 1000 1000 1000 1000 1414 1179 1179|0.001 -0.06660529627812495 -0.083836828355629 0.013693005647295031
1600 1000 1600 1600 1600 1600 1600 1000 1600 1000 1600 1887 1887 2263|0.001 -0.08960704225362992 -0.03257013118293406 -0.0026508663670421484
1000 1000 1000 625 625 625 625 1000 1000 1000 1000 1414 1179 1179|0.001 0.0031755087597606924 -0.13058453269790382 0.03519017570026595
1600 1000 1600 1600 1600 1600 1600 1000 1600 1000 1600 1887 1887 2263|0.001 -0.03015215362312529 -0.11086282805261582 0.030318076669195726
625 1000 625 1000 1000 1000 1000 1000 625 1000 625 1179 1414 1179|0.001 -0.09348693200620928 -0.04993292923972659 -0.009796129339788573
625 1000 625 1000 1000 1000 1000 1000 625 1000 625 1179 1414 1179|0.001 -0.05046866560075469 -0.05917105218146257 0.01432736280235325
1600 1000 1600 1600 1600 1600 1600 1000 1600 1000 1600 1887 1887 2263|0.001 -0.0495822929284373 -0.09454181746062162 0.006784871291292127
1000 1000 1000 625 625 625 625 1000 1000 1000 1000 1414 1179 1179|0.001 -0.12858908559912008 -0.031867019707806366 -0.03917523606639772
1000 1000 1000 625 625 625 625 1000 1000 1000 1000 1414 1179 1179|0.001 -0.048532647031932497 -0.09914972651454468 0.01895129540024909
1600 1000 1600 1600 1600 1600 1600 1000 1600 1000 1600 1887 1887 2263|0.001 -0.03837351629251917 -0.10634862220335384 0.019238571250494996
625 1000 625 1000 1000 1000 1000 1000 625 1000 625 1179 1414 1179|0.001 -0.14030940852279628 0.008357547936745924 -0.03485303992345701
1000 1000 1000 433 433 354 354 500 750 500 750 1414 829 1061|0.001 -0.05372623126698839 -0.03606165406487172 0.00034959675815571245
1155 1000 2309 2309 1732 1732 2309 816 1155 816 2309 1915 2449 2082|0.001 -0.10973156947476248 -0.038198046980280065 0.006265392732720532
354 750 433 1000 1000 500 500 1000 354 750 433 1061 1414 791|0.001 -0.13324022950217174 -0.03407027611883717 -0.016896600788037786
1000 1000 1000 433 354 354 433 750 500 750 500 1414 1061 791|0.001 -0.03452887748275568 -0.09039639057151216 0.013789121754594902
1732 816 2309 2309 1155 1155 2309 1000 1732 816 2309 2449 1915 2082|0.001 -0.05342486055447737 -0.06348517830239264 0.03296912702192234
433 500 433 1000 1000 750 750 1000 354 500 354 829 1414 1061|0.001 -0.1226916267643996 -0.06302476387807343 -0.014372602242352928
1000 1000 1000 354 354 433 433 500 750 500 750 1414 791 829|0.001 -0.002261619115955238 -0.09659239962765742 0.012305934192289314
433 750 354 1000 1000 500 500 1000 433 750 354 829 1414 829|0.001 -0.11299788258587795 -0.008098789375501347 -0.029026100266625887
1414 1000 2828 2828 2121 2121 2828 1225 1414 1225 2828 2236 2345 2550|0.001 -0.09713778946653262 -0.033422414690200686 0.018930992301005034
1000 1000 1000 354 433 433 354 750 500 750 500 1414 829 829|0.001 -0.09380279389517798 -0.06398018086022472 -0.015419480453917611
354 500 354 1000 1000 750 750 1000 433 500 433 791 1414 829|0.001 -0.12508459984506004 -0.030189381186772613 -0.023267764609873343
2121 1225 2828 2828 1414 1414 2828 1000 2121 1225 2828 2345 2236 2550|0.001 -0.044250491735979836 -0.10941164939751724 0.05085141941647331
2309 816 1732 1155 2309 2309 1155 1000 2309 816 1732 1915 1915 3266|0.001 -0.06588338935695548 -0.11430727476577474 -0.06720120642703886
866 2000 866 1500 1500 2000 2000 1000 707 2000 707 1658 1803 1658|0.001 -0.06176896946691768 -0.08250934688368017 -0.003642405939078275
667 1000 667 577 471 471 577 1333 1333 1333 1333 1202 1106 1054|0.001 -0.07714512743881019 -0.11055637281990882 -0.008088782969434272
2309 1000 1155 1732 2309 2309 1732 816 2309 816 1155 1915 1915 3266|0.001 -0.04339603164447592 -0.12161174434230371 -0.028926901513104397
471 1333 577 667 667 1333 1333 1000 471 1333 577 1106 1202 1054|0.001 -0.08184986664028782 -0.07257055773092325 0.0027626569138239354
1500 1000 1500 866 866 707 707 2000 2000 2000 2000 1803 1658 1658|0.001 -0.17633150213849813 -0.05522751480252608 -0.02059025495064759
2828 1225 2121 1414 2828 2828 1414 1000 2828 1225 2121 3000 2236 4000|0.001 -0.08031755371927018 -0.07296908549058401 -0.0673245221267127
667 1000 667 471 577 577 471 1333 1333 1333 1333 1202 1414 1106|0.001 -0.11706595198139103 -0.036483849882686936 -0.014073252986983587
707 2000 707 1500 1500 2000 2000 1000 866 2000 866 1581 1803 2121|0.001 -0.05082655152644833 -0.062082894140976785 0.0024068177419689363
2828 1000 1414 2121 2828 2828 2121 1225 2828 1225 1414 2236 3000 4000|0.001 -0.05316254556625766 -0.12089173814662901 -0.01425611509302982
577 1333 471 667 667 1333 1333 1000 577 1333 471 1414 1202 1106|0.001 -0.05717480591666768 -0.08411027924947745 0.003218916192828658
1500 1000 1500 707 707 866 866 2000 2000 2000 2000 1803 1581 2121|0.001 -0.1452683824917378 -0.07692648459185158 -0.008922610080783766
1744 1000 581 930 1744 1744 930 1289 1744 1289 581 1419 2010 2466|0.001 -0.05517172087549649 -0.12150347398585892 -0.061100767238541076
1386 1875 1075 625 625 1875 1875 1000 1386 1875 1075 2161 1179 1759|0.001 -0.08346496099622236 -0.073812648222632 0.014835489884335029
1600 1000 1600 1720 1720 2218 2218 3000 3000 3000 3000 1887 2441 3458|0.001 -0.25340166949073706 -0.05088799467085958 0.000512157617118536
573 333 573 1000 1000 533 533 1000 739 333 739 814 1414 783|0.001 -0.0902261929851711 -0.013136538002225251 -0.020285684082225197
1000 1000 1000 573 739 739 573 533 333 533 333 1414 783 938|0.001 -0.04887527040499107 -0.0706846789358373 -0.002205506327002116
930 1289 1744 1744 581 581 1744 1000 930 1289 1744 1366 1419 1097|0.001 -0.07558744668200723 -0.0874965685921314 0.07276577849303134
581 1000 1744 1744 930 930 1744 1289 581 1289 1744 1419 1366 1097|0.001 -0.07490222030285376 -0.064483054550879 0.06139099930811742
1000 1000 1000 573 573 739 739 333 533 333 533 1414 814 783|0.001 -0.029647786003936805 -0.011679096584518156 -0.015152645161570222
739 533 573 1000 1000 333 333 1000 739 533 573 783 1414 938|0.001 -0.1005158811212925 -0.04928910882326498 -0.018020800036598894
1720 3000 1720 1600 1600 3000 3000 1000 2218 3000 2218 2441 1887 3458|0.001 -0.11629161340283023 -0.07082012166001461 -0.008652539377780322
1744 1289 930 581 1744 1744 581 1000 1744 1289 930 2010 1419 2466|0.001 -0.08528421481910464 -0.087914966946262 -0.19878595480644523
625 1000 625 1075 1386 1386 1075 1875 1875 1875 1875 1179 2161 1759|0.001 -0.10623217668502494 -0.09542828619354071 0.005884283044290672
625 1000 625 1386 1075 1075 1386 1875 1875 1875 1875 1179 1468 1526|0.001 -0.04641709281226536 -0.0904836148175936 0.000296755395945425
1353 776 721 451 1353 1353 451 1000 1353 776 721 1059 1269 1913|0.001 -0.08828366467591997 -0.06740057930497922 -0.16427458149882335
2218 3000 2218 1600 1600 3000 3000 1000 1720 3000 1720 2814 1887 2349|0.001 -0.13670871904587267 -0.04413362226341366 -0.00016208603230039031
573 533 739 1000 1000 333 333 1000 573 533 739 1153 1414 814|0.001 -0.0879987274184224 -0.04340587501156401 -0.02453561047050523
1000 1000 1000 739 739 573 573 333 533 333 533 1414 938 1153|0.001 -0.02703361968096174 -0.09755409874132148 -0.0007041593070444829
451 1000 1353 1353 721 721 1353 776 451 776 1353 1269 1559 851|0.001 -0.10728838838695354 -0.07082799021249753 0.029326789116277396
1000 1000 1000 739 573 573 739 533 333 533 333 1414 1153 814|0.001 -0.062330631902893785 -0.035811179082381184 -0.009397073598242933
739 333 739 1000 1000 533 533 1000 573 333 573 938 1414 1153|0.001 -0.0786208753596429 -0.0695060396322944 -0.0030684247677559284
721 776 1353 1353 451 451 1353 1000 721 776 1353 1559 1269 851|0.001 -0.06357147373632355 -0.09640739764565809 0.0636062239437063
1075 1875 1386 625 625 1875 1875 1000 1075 1875 1386 1468 1179 1526|0.001 -0.10446219224069964 -0.07391337450453062 0.001624311028136649
1600 1000 1600 2218 2218 1720 1720 3000 3000 3000 3000 1887 2814 2349|0.001 0.020372864562645532 -0.14873125227204742 0.04351201314057862
1353 1000 451 721 1353 1353 721 776 1353 776 451 1269 1059 1913|0.001 -0.05609572796205442 -0.10628940695235345 -0.05146250396491636
333 1000 333 533 533 533 533 1000 333 1000 333 1054 1133 629|0.001 -0.03348500638863716 -0.08023153348323597 0.015544997322938237
1875 1000 1875 625 625 625 625 1000 1875 1000 1875 2125 1179 1976|0.001 -0.025959165606771473 -0.128793258006914 0.029677624729778085
1600 1000 1600 3000 3000 3000 3000 1000 1600 1000 1600 1887 3162 3400|0.001 -0.052515844047590354 -0.1070019280993062 0.005925146542951065
3000 1000 3000 1600 1600 1600 1600 1000 3000 1000 3000 3162 1887 3400|0.001 -0.07358580571522944 -0.037382456480354875 -0.0014112954947342882
625 1000 625 1875 1875 1875 1875 1000 625 1000 625 1179 2125 1976|0.001 -0.05477714418353874 -0.09781001193811312 -0.0019966163616669252
533 1000 533 333 333 333 333 1000 533 1000 533 1133 1054 629|0.001 -0.04276933089485735 -0.06506641513422728 0.007268982573256366
333 1000 333 533 533 533 533 1000 333 1000 333 1054 1133 629|0.001 -0.10573055031878664 -0.07200774186224335 -0.007901882410281669
1600 1000 1600 3000 3000 3000 3000 1000 1600 1000 1600 1887 3162 3400|0.001 -0.02968139092823785 -0.12132801083459044 0.030698284174432988
1875 1000 1875 625 625 625 625 1000 1875 1000 1875 2125 1179 1976|0.001 -0.03144990169827944 -0.098078821235551 0.008028481346171734
3000 1000 3000 1600 1600 1600 1600 1000 3000 1000 3000 3162 1887 3400|0.001 -0.04890238165756622 -0.06416097416335087 0.014407442078281374
533 1000 533 333 333 333 333 1000 533 1000 533 1133 1054 629|0.001 -0.0036420844686535503 -0.15349536464703495 0.04466344461601324
625 1000 625 1875 1875 1875 1875 1000 625 1000 625 1179 2125 1976|0.001 -0.07068746271589266 -0.0404404196111352 -0.019065878043654783
625 1000 625 1875 1875 1875 1875 1000 625 1000 625 1179 2125 1976|0.001 -0.13367653506848876 -0.028525911336961807 -0.007952591656867902
533 1000 533 333 333 333 333 1000 533 1000 533 1133 1054 629|0.001 -0.11537630478849703 -0.03922481561227098 -0.0215602711508045
3000 1000 3000 1600 1600 1600 1600 1000 3000 1000 3000 3162 1887 3400|0.001 -0.12405906554059154 -0.0010582531591918354 -0.036215456032219207
1875 1000 1875 625 625 625 625 1000 1875 1000 1875 2125 1179 1976|0.001 -0.07441075303816103 -0.09408116026031199 0.014203836810151582
1600 1000 1600 3000 3000 3000 3000 1000 1600 1000 1600 1887 3162 3400|0.001 -0.08902581763403639 -0.07791818235873715 0.008875972929245357
333 1000 333 533 533 533 533 1000 333 1000 333 1054 1133 629|0.001 -0.07977031130052326 -0.10062010399004673 0.013131155248189419
625 1000 625 1875 1875 1875 1875 1000 625 1000 625 1179 2125 1976|0.001 -0.10332539278912978 -0.04870881370549918 -0.03340033156410405
3000 1000 3000 1600 1600 1600 1600 1000 3000 1000 3000 3162 1887 3400|0.001 -0.07716549860652622 -0.08090942294583847 -0.029088601413472803
533 1000 533 333 333 333 333 1000 533 1000 533 1133 1054 629|0.001 0.00627277639170476 -0.1546375423908386 0.035117325352573836
1875 1000 1875 625 625 625 625 1000 1875 1000 1875 2125 1179 1976|0.001 -0.13339176263095998 -0.014243386732644137 -0.04448059048620445
1600 1000 1600 3000 3000 3000 3000 1000 1600 1000 1600 1887 3162 3400|0.001 -0.026641164110051685 -0.09182103588183055 -0.004487503367296419
333 1000 333 533 533 533 533 1000 333 1000 333 1054 1133 629|0.001 -0.041702535387534434 -0.03246922777654593 -0.001771990351749908
6452 1875 6960 1886 471 11490 14142 1000 6452 1875 6960 5976 1374 6859|0.001 -0.06940124386982327 -0.09677140017885666 0.039028543773012014
530 250 530 3691 3691 3422 3422 7500 994 6094 994 729 4596 3169|0.001 -0.09299618561760536 -0.16861596096292786 0.02676568006392932
492 133 492 133 133 71 71 812 456 33 456 613 911 539|0.001 -0.0556707792593103 -0.08941206351718911 0.003006068311433019
6128 1000 7542 3712 3441 3441 3712 533 251 533 1006 6872 4066 3658|0.001 -0.03949401242104078 -0.0637175464342643 -0.023122871812046863
271 1000 2032 269 144 144 269 927 68 927 1651 1245 1095 197|0.001 -0.03537251859371704 -0.08285869889696151 0.002865890471417387
133 812 133 492 492 456 456 133 71 33 71 911 613 539|0.001 -0.005000530694554417 -0.05660318576468648 0.009796404691748695
269 927 144 271 2032 1651 68 1000 269 927 144 859 1245 1851|0.001 -0.09610322299572926 -0.07210158803775846 -0.6109419129523208
471 1000 1886 6960 6452 6452 6960 1875 11490 1875 14142 1374 5976 6859|0.001 -0.10810757397572313 -0.04711720128329322 -0.009501998020089442
73 1000 1781 291 155 155 291 1079 292 1079 2192 1063 926 213|0.001 -0.07868374305601611 -0.07453250738892137 0.03309834573213433
7542 1000 6128 3441 3712 3712 3441 533 1006 533 251 6872 3187 4622|0.001 -0.05878752190015657 -0.06929902695137269 -0.026914574650065415
561 41 561 163 163 87 87 1231 606 164 606 597 1121 520|0.001 -0.026923874878260756 -0.15448590281910257 0.04152917489209873
2121 4000 2121 13687 13687 14765 14765 24375 3977 30000 3977 2915 14550 16171|0.001 -1.463608511738017 -0.09024003566576733 0.009922416932204303
167 1000 167 615 1070 1070 615 1875 1250 1875 1250 1014 1973 1163|0.001 -0.1164685375984087 -0.026483059226435346 -0.002972602819978354
3048 1739 1625 271 2032 2032 271 1000 3048 1739 1625 3208 1245 3663|0.001 -0.09916774822957497 -0.08541973763108501 -0.6484803664774019
6000 1000 6000 6418 6418 3691 3691 7500 11250 7500 11250 6083 6978 7045|0.001 -0.8194765085823685 -0.05599136766447632 -0.040071677011195295
615 1875 1070 167 167 1250 1250 1000 615 1875 1070 1174 1014 766|0.001 -0.0830419297166396 -0.09072726744855375 0.007196011627603749
167 1000 167 1070 615 615 1070 1875 1250 1875 1250 1014 1174 766|0.001 -0.1174544082646578 -0.02816063046912176 -0.017086982844179976
1753 575 935 156 1169 1169 156 1000 1753 575 935 1098 1087 2107|0.001 -0.1046663635846734 -0.06540413972338954 -0.7185298668940776
6000 1000 6000 3691 3691 6418 6418 7500 11250 7500 11250 6083 4596 11840|0.001 -0.5931313875560185 -0.021886024563357864 -0.012014020322715924
1070 1875 615 167 167 1250 1250 1000 1070 1875 615 1973 1014 1163|0.001 -0.07962856046152544 -0.09164603754786227 0.02887435228382973
271 1000 2032 3048 1625 1625 3048 1739 271 1739 2032 1245 1908 1648|0.001 -0.08258738210816019 -0.06554429845429421 0.019236084606502057
1500 1000 1500 492 492 856 856 133 800 133 800 1803 613 939|0.001 -0.007467975471810995 -0.06380615846738769 0.020474713340781214
856 133 856 1500 1500 800 800 1000 492 133 492 930 1803 1579|0.001 -0.04055407518081866 -0.11892013550884206 0.008934738213621785
667 1000 667 570 328 328 570 533 89 533 89 1202 1052 409|0.001 -0.016963424858160714 -0.0829061383336005 0.0003191193801788117
156 1000 1169 1753 935 935 1753 575 156 575 1169 1087 1845 948|0.001 -0.03774428970625965 -0.07449866878420974 0.046595133962690216
1500 1000 1500 856 856 492 492 133 800 133 800 1803 930 1579|0.001 -0.0037251261795567814 -0.0556414520836257 0.004693649784937026
492 133 492 1500 1500 800 800 1000 856 133 856 613 1803 939|0.001 -0.03742561856884041 -0.12442225029753451 0.029964447089427804
667 1000 667 328 570 570 328 533 89 533 89 1202 626 620|0.001 -0.09350498417306286 -0.005165376392018972 -0.04902037026355055
573 533 333 354 433 231 189 750 428 400 246 629 829 772|0.001 -0.057939644884433816 -0.04513634318525028 -0.006040395562830758
2121 1225 2828 943 696 1210 1622 533 1131 653 1508 2345 1373 1328|0.001 -0.02246220399369281 -0.0897818711922338 0.028849604682876784
566 738 1061 3000 1600 1200 2250 1720 693 1284 1299 1456 1887 1327|0.001 -0.03522350180496958 -0.10176993433220871 0.006283311922046231
930 581 1744 755 403 329 616 746 697 429 1308 1838 1346 986|0.001 0.006991328051422219 -0.09668023141444548 0.030243802020020194
988 533 1324 2309 1732 924 1232 816 568 435 770 1782 2449 1823|0.001 -0.06791837790649957 -0.07554780563134189 0.011075571609360235
354 750 433 573 333 246 428 533 189 400 231 1061 1054 485|0.001 -0.020017342354037293 -0.09032846598101996 0.030786821198505177
625 1875 1075 433 354 663 812 750 461 1406 802 1179 1061 494|0.001 -0.08053710277204362 -0.0699379296619207 -0.019614934654580418
755 746 403 930 1744 1308 697 581 616 429 329 595 1097 1849|0.001 -0.0636503747501116 -0.11951769414905167 -0.04714665366644666
1732 816 2309 2483 1853 1066 1443 1875 3248 1531 4330 2449 1477 2034|0.001 -0.14507434684395748 -0.06380083799943814 0.030069908403451695
3000 1720 1600 566 1061 1299 693 738 2250 1284 1200 3162 791 2487|0.001 -0.06419688806547752 -0.11935524221189042 -0.06124450640907164
433 750 354 625 1075 802 461 1875 812 1406 663 829 1976 640|0.001 -0.2520100738843567 -0.034525952087949285 -0.04944427974382992
1305 1875 1768 2828 2121 3977 5303 1225 2269 2296 3041 1398 2345 4186|0.001 -0.061463937794269397 -0.0983597856599927 0.014146151537974827
943 533 696 2121 2828 1508 1131 1225 1622 653 1210 745 3000 1779|0.001 -0.07801553442501885 -0.04775333286281325 -0.012167336903684545
577 1333 471 328 570 765 444 533 308 711 251 1414 626 455|0.001 -0.01915595265897574 -0.10224084814486112 0.03017331095937381
1625 1739 3048 1437 766 938 1760 1355 2167 2330 4064 1908 1071 2299|0.001 -0.08388369568349874 -0.045008208066180666 0.052000341214908374
2309 816 1732 988 1324 770 568 533 1232 435 924 1915 788 2434|0.001 -0.0659433805984444 -0.058190540730613804 -0.03929280372434785
540 1340 1012 1753 935 1247 2337 575 441 779 826 797 1845 1034|0.001 -0.05448850856909493 -0.061011109551284415 0.0412339154576391
328 533 570 577 471 251 308 1333 444 711 765 1052 1106 351|0.001 -0.029072056722492245 -0.1282473250410443 0.020126049032955784
2483 1875 1853 1732 2309 4330 3248 816 1443 1531 1066 3342 1915 2723|0.001 -0.057827057672253934 -0.07613179625048705 -0.00016855857743358627
1753 575 935 540 1012 826 441 1340 2337 779 1247 1098 1804 1938|0.001 -0.07864911289799936 -0.05259743626054636 -0.07332118188204562
471 1333 577 1070 615 833 1434 1875 884 2500 1083 1106 1174 1213|0.001 -0.17860618367608438 -0.07838627140296595 0.013646850348161266
2828 1225 2121 1305 1768 3041 2269 1875 5303 2296 3977 3000 2574 5590|0.001 -0.0941935274471295 -0.11663762862411442 0.010468186571144233
1437 1355 766 1625 3048 4064 2167 1739 1760 2330 938 1972 3208 4310|0.001 -0.06615597490038039 -0.07405912724394725 -0.0666717224493596
1070 1875 615 471 577 1083 884 1333 1434 2500 833 1973 1414 1929|0.001 -0.135846780148684 -0.05999602509586088 0.01808765868713591
625 1000 625 354 433 433 354 750 125 750 125 1179 829 515|0.001 -0.04223897016775613 -0.09871159727627865 0.036086291264110226
566 200 566 1600 1600 1200 1200 1000 693 200 693 721 1887 1327|0.001 -0.11171466027522947 -0.0120178676785887 -0.015083716347412679
1600 1000 1600 693 693 566 566 200 1200 200 1200 1887 825 1697|0.001 -0.011561241606541373 -0.059196655782455254 -0.004031994509228198
289 1000 1443 2309 1732 1732 2309 816 289 816 1443 1190 2449 1756|0.001 -0.08339318622312408 -0.04367609542693551 0.0009460278611750361
625 1000 625 433 354 354 433 750 125 750 125 1179 1061 451|0.001 -0.08814399710846521 -0.03742275185595889 -0.02058792402435561
693 200 693 1600 1600 1200 1200 1000 566 200 566 825 1887 1697|0.001 -0.10995201585446757 -0.056801990688473136 -0.03515816113431658
1600 1000 1600 566 566 693 693 200 1200 200 1200 1887 721 1327|0.001 -0.02042319775625523 -0.039496180634590594 -0.01770798705755694
354 1000 1768 2828 2121 2121 2828 1225 354 1225 1768 1275 2345 2151|0.001 -0.09477039699891665 -0.05571863210692807 0.008298066023886275
577 1333 471 167 167 833 833 1000 577 1333 471 1414 1014 687|0.001 -0.0792639859255373 -0.09804343333231658 -0.0021173893250425735
6000 1000 6000 2828 2828 3464 3464 5000 8000 5000 8000 6083 3606 8485|0.001 -0.2568477721640172 -0.12058973817258622 0.01600233522446981
2309 816 1732 289 1443 1443 289 1000 2309 816 1732 1915 1190 2723|0.001 -0.09243673331249092 -0.07723656102590293 -0.3434686213858096
167 1000 167 577 471 471 577 1333 833 1333 833 1014 1106 601|0.001 -0.056794919462066495 -0.04329759594647764 -0.0023598868924923355
6000 1000 6000 3464 3464 2828 2828 5000 8000 5000 8000 6083 4123 6633|0.001 -0.0911028924871804 -0.1544675438936094 0.0007949759913450372
471 1333 577 167 167 833 833 1000 471 1333 577 1106 1014 601|0.001 -0.06607754682487088 -0.09866524280368161 -0.01462966480805683
2828 1225 2121 354 1768 1768 354 1000 2828 1225 2121 3000 1275 3335|0.001 -0.09749316037686695 -0.08546736793242027 -0.39421939945610607
167 1000 167 471 577 577 471 1333 833 1333 833 1014 1414 687|0.001 -0.09600507963365534 -0.10506905440179959 0.0010228292713265752
1998 1107 1524 2834 3071 2692 2075 1875 6604 2075 5715 2234 3592 4415|0.001 -0.131329927957341 -0.09356296573349243 0.0010227370975424144
662 1084 353 538 2016 2330 705 732 732 950 391 1267 1205 2422|0.001 -0.09740043416104016 -0.07334790298231142 -0.29414974783175896
1362 3750 1860 656 726 1362 1230 1311 1766 4333 2015 2241 1466 2357|0.001 -0.16858010402709733 -0.04696362177669444 0.003497154376066458
554 763 501 1537 1347 1039 1418 3305 1039 2860 938 912 2210 901|0.001 -0.09859690210874739 -0.12119368426577015 0.03008965973805733
2151 877 651 326 611 676 360 923 1861 676 496 1438 939 1959|0.001 -0.04859435179734972 -0.12594461455631034 -0.04529796024058008
2834 1875 3071 1998 1524 5715 6604 1107 2075 2075 2692 2882 1823 3415|0.001 -0.11095332928169666 -0.06552452987621082 0.03308255676358396
1377 904 1805 2432 1875 2561 2775 1875 5164 1694 5967 2019 1627 3844|0.001 -0.13523368647114675 -0.04495434944243648 0.00887100049095535
1537 3305 1347 554 501 938 1039 763 1418 2860 1039 2430 1118 1443|0.001 -0.10043990468957542 -0.04372824307402157 0.00984220864513663
771 771 411 742 2453 2123 566 1141 697 1053 372 669 1804 2550|0.001 -0.09056736502222495 -0.08429336506678764 -0.19584456336336986
656 1311 726 1362 1860 2015 1766 3750 1230 4333 1362 1196 2791 2357|0.001 -0.1864149211639754 -0.10051905382409743 -0.0015906591877978826
2432 1875 1875 1377 1805 5967 5164 904 2775 1694 2561 3246 1647 4387|0.001 -0.05795160239913999 -0.12047234630058301 -0.006884325589945339
2754 1366 734 533 1000 904 482 1297 3182 1480 963 2050 1731 2898|0.001 -0.0456344855443247 -0.13284530984374432 -0.0464737872429688
538 732 2016 662 353 391 732 1084 705 950 2330 1501 1017 788|0.001 -0.05948032235392975 -0.06868621672495245 0.047510130871526446
1638 533 1511 3048 3522 1066 813 1107 1436 590 1107 1537 3661 2589|0.001 -0.09043902922275415 -0.04540286082405087 -0.05991656950876778
363 1156 328 496 363 471 537 267 194 350 175 1201 744 315|0.001 -0.039353466567829676 -0.02827054652201011 -0.016990963324571284
408 303 465 284 314 168 151 865 314 231 429 735 911 544|0.001 -0.08176142894156913 -0.043439896717496485 0.010855455091809407
3048 1107 3522 1638 1511 1107 1436 533 813 590 1066 3208 1916 2269|0.001 -0.04017121143785385 -0.08741208832891312 0.008118402171839456
742 1141 2453 771 411 372 697 771 566 1053 2123 1640 1334 830|0.001 -0.04622659018460484 -0.06865539586689562 0.008272234363591036
284 865 314 408 465 429 314 303 151 231 168 1040 669 544|0.001 -0.01743713263501201 -0.0788274571881753 -0.017007152431179895
533 1297 1000 2754 734 963 3182 1366 482 1480 904 868 1646 878|0.001 -0.042496442484886154 -0.1010067716240115 0.07027066668359616
496 267 363 363 328 175 194 1156 537 350 471 598 1052 504|0.001 -0.09448472331535673 -0.01711020398613483 0.00023275377561526867
3182 904 2754 1000 1297 1480 1366 533 963 482 734 2898 868 2128|0.001 -0.05281658765465269 -0.0947054201983466 -0.0004892615589058291
1875 1000 1875 1061 566 693 1299 738 1475 817 1125 2125 1456 1580|0.001 -0.06032744157718928 -0.11567473657632443 0.05415233949333853
696 533 943 1768 1061 1391 1768 1225 770 653 943 1373 1458 1555|0.001 -0.08734878987695649 -0.05593093570394503 0.058528533382409265
693 600 566 533 533 436 394 1000 370 787 302 825 1133 805|0.001 -0.013613816927228184 -0.11938110366663923 0.010379425822715227
533 1000 533 302 370 693 566 787 436 600 394 1133 843 581|0.001 -0.027653581741816646 -0.09078801483174304 0.004953057297232277
2607 1225 3315 1768 1305 1444 1768 1875 1989 2296 3315 2793 1398 2379|0.001 -0.06999511115024282 -0.11834354225049082 0.012776703117747257
1061 738 566 1875 1875 1125 1475 1000 1299 817 693 791 2125 1546|0.001 -0.029832928629676125 -0.13826369324251853 0.011125446619224544
1875 1000 1875 693 1299 1061 566 817 1125 738 1475 2125 1090 2154|0.001 -0.12062064853263776 -0.03301920034122885 -0.11678073159716917
302 787 370 533 533 394 436 1000 566 600 693 1045 1133 422|0.001 -0.11055575526731531 -0.06639028827609472 -0.03350002428905374
1179 1875 1443 2706 2129 1624 2706 816 1066 1531 1443 1573 2827 2381|0.001 -0.08221145771301175 -0.017567265285879374 0.005026654645876594
533 1000 533 693 566 302 370 600 394 787 436 1133 1149 777|0.001 -0.08252203429073957 0.005663203246706328 -0.013070840359474811
693 817 1299 1875 1875 1475 1125 1000 566 738 1061 1510 2125 1958|0.001 -0.11614964006821937 -0.04117578352730078 -0.03303989684694475
866 816 1443 770 629 568 770 533 1135 435 1443 1658 1162 1036|0.001 -0.08227254363857739 -0.018207216256577174 -0.037709106151839755
1768 1225 1061 696 943 943 770 533 1768 653 1391 2031 745 2003|0.001 -0.04713904722258411 -0.06543919414050858 0.0007170800804479072
766 1355 1437 1524 1998 2540 2540 1107 938 1355 1760 1071 2234 2653|0.001 -0.0886736559150747 -0.07504020340936446 -0.026285750129516616
726 1311 656 943 1155 616 503 1667 889 1667 889 1466 1915 969|0.001 -0.22866001863204755 0.0020427443779169607 -0.029199491926028553
1768 1875 1305 2607 3315 3315 1989 1225 1768 2296 1444 2574 3462 3757|0.001 -0.1052767464213844 -0.025556784600847537 -0.02761731486067842
470 1271 384 501 554 678 678 763 881 1271 719 1328 912 1024|0.001 -0.03042891267842074 -0.06811202210043943 -0.0020137734590708334
1524 1107 1998 766 1437 1760 938 1355 2540 1355 2540 1823 1972 2918|0.001 -0.07871566465252555 -0.041282165500897694 -0.07513205450543126
2706 816 2129 1179 1443 1443 1066 1875 2706 1531 1624 2280 2179 3067|0.001 -0.21488561238391268 -0.05075794105098508 0.012413456974211812
501 763 554 470 384 719 881 1271 678 1271 678 1118 1071 987|0.001 -0.16693972335708684 -0.049614926852245 -0.039535472165909136
1590 1224 848 1805 1377 2295 2295 904 1298 1224 692 1848 2019 1892|0.001 -0.033828393372824506 -0.10719666477870149 0.0047192602140633255
770 533 629 866 1443 1443 1135 816 770 435 568 839 1190 1636|0.001 -0.08913669321262807 -0.07661822611216507 -0.08819936711947474
943 1667 1155 726 656 889 889 1311 503 1667 616 1374 1196 703|0.001 -0.17935906257881218 -0.04691986287983729 -0.0283221945564327
1805 904 1377 1590 848 692 1298 1224 2295 1224 2295 1647 1334 1934|0.001 -1.308130968435961e-05 -0.08670810085773306 0.022016253290066956
2719 1000 906 773 1450 1450 773 1207 2719 1207 906 1861 1761 3081|0.001 -0.05849179004621563 -0.10157070590069428 -0.053590643533883986
1561 1875 1293 1172 1172 3516 3516 1000 1561 1875 1293 2278 1541 2561|0.001 -0.08975574329182723 -0.08308490167132754 -0.005161423737987114
853 1000 853 1104 1104 1332 1332 3000 1600 3000 1600 1315 2054 1944|0.001 -0.2008011958958844 -0.06831654730343084 -0.016566985381722965
368 333 368 533 533 284 284 1000 444 333 444 685 1133 465|0.001 -0.08903257250084451 -0.09469952111225921 0.010077463696815947
1875 1000 1875 690 833 833 690 533 625 533 625 2125 872 1366|0.001 -0.08824969173911734 -0.002341223640851542 -0.032767435639214915
773 1207 1450 2719 906 906 2719 1000 773 1207 1450 1264 1861 1191|0.001 -0.08315970481351687 -0.10121798420880235 0.07009747569259872
906 1000 2719 1450 773 773 1450 1207 906 1207 2719 1861 1264 1191|0.001 -0.0981767883586071 -0.0981289728676249 0.04923623410902023
533 1000 533 368 368 444 444 333 284 333 284 1133 685 465|0.001 -0.01177537928624739 -0.10033547052662573 -0.012891606272426026
833 533 690 1875 1875 625 625 1000 833 533 690 872 2125 1366|0.001 -0.07836743574976435 -0.07646675499037858 -0.025793912137688224
1104 3000 1104 853 853 1600 1600 1000 1332 3000 1332 2054 1315 1944|0.001 -0.11620807737278027 -0.05951108074621514 0.0024717507902005664
1450 1207 773 906 2719 2719 906 1000 1450 1207 773 1761 1861 3081|0.001 -0.07615781250096765 -0.09151359965361094 -0.15651472789538046
1172 1000 1172 1293 1561 1561 1293 1875 3516 1875 3516 1541 2278 2561|0.001 -0.06750335814995179 -0.11229010284204644 0.030228872626925085
1172 1000 1172 1561 1293 1293 1561 1875 3516 1875 3516 1541 1635 2407|0.001 -0.15659719222975155 -0.07597846728922719 -0.0031814213531544677
1201 828 640 751 2252 2252 751 1000 1201 828 640 1047 1640 2552|0.001 -0.12917194945883725 -0.04205923480158358 -0.272317437139733
1332 3000 1332 853 853 1600 1600 1000 1104 3000 1104 2185 1315 1395|0.001 -0.1211606617327099 -0.0508195106294107 0.01431936316744764
690 533 833 1875 1875 625 625 1000 690 533 833 1215 2125 1284|0.001 -0.11188122814457468 -0.044431001179714436 -0.013475996935834456
533 1000 533 444 444 368 368 333 284 333 284 1133 728 648|0.001 -0.030418275845737197 -0.039294836824057544 -0.003427435727302308
751 1000 2252 1201 640 640 1201 828 751 828 2252 1640 1459 987|0.001 -0.09129136505913071 -0.0742275813132598 0.057034099912693925
1875 1000 1875 833 690 690 833 533 625 533 625 2125 1215 1284|0.001 -0.07065651233562065 -0.04199277073057228 0.004816333615322854
444 333 444 533 533 284 284 1000 368 333 368 728 1133 648|0.001 -0.00707551384065086 -0.15859188984645667 0.03296821070791989
640 828 1201 2252 751 751 2252 1000 640 828 1201 1459 1640 987|0.001 -0.03479783037144246 -0.12089686668629307 0.029226040072394266
1293 1875 1561 1172 1172 3516 3516 1000 1293 1875 1561 1635 1541 2407|0.001 -0.05259057525321409 -0.09996259529573726 0.027176491985896334
853 1000 853 1332 1332 1104 1104 3000 1600 3000 1600 1315 2185 1395|0.001 -0.10086501079927146 -0.1463477276061731 0.03681207410386245
2252 1000 751 640 1201 1201 640 828 2252 828 751 1640 1047 2552|0.001 -0.05869174617268769 -0.11523549254557008 -0.05404188776211072
1744 1000 581 403 755 755 403 746 872 746 116 1419 595 1446|0.001 -0.03787865313621741 -0.12576610441819014 -0.041564999093013366
693 200 693 1720 1720 1284 1284 3000 1299 1500 1299 825 2441 1023|0.001 -0.23081375011544614 -0.07576264718659798 -0.019176311548964042
573 333 573 433 433 231 231 500 428 67 428 814 829 772|0.001 -0.014605444635923392 -0.111184865696069 0.024871986171115523
1155 1000 2309 1324 988 988 1324 533 154 533 770 1915 1782 1074|0.001 -0.032164380479874355 -0.07373902086051154 -0.009562456905288785
581 1000 1744 755 403 403 755 746 116 746 872 1419 1346 479|0.001 0.009574235790519303 -0.12842880481771957 0.039294737012243175
433 500 433 573 573 428 428 333 231 67 231 829 814 772|0.001 -0.014358409314266796 -0.04986268412997541 0.0024684364447691287
289 1000 1443 2483 1853 1853 2483 1875 2165 1875 4330 1190 1477 2014|0.001 -0.06423059112499963 -0.10294568995598774 0.03309661201129854
1012 1340 540 156 1169 2337 779 1000 1012 1340 540 1804 1087 1938|0.001 -0.10002139648212838 -0.08460994574980618 -0.6491353591065918
6418 7500 6418 3464 3464 6495 6495 5000 8602 15000 8602 6978 4123 11576|0.001 -0.6090777331761255 -0.0393098486373189 0.011887786357058783
1324 533 988 1155 2309 770 154 1000 1324 533 988 788 1915 1879|0.001 -0.10499925338750993 -0.08391232643835456 -0.12077926027786123
156 1000 1169 1012 540 540 1012 1340 779 1340 2337 1087 797 642|0.001 -0.10454543020161022 -0.024965914778596332 0.02705303169897144
2309 1000 1155 988 1324 1324 988 533 770 533 154 1915 788 1879|0.001 -0.01051575134664251 -0.11725571977726057 0.021610696351355152
856 133 856 866 866 462 462 2000 1147 667 1147 930 1658 682|0.001 -0.1217304215149817 -0.06931537145783984 -0.014673880169389086
540 1340 1012 1169 156 779 2337 1000 540 1340 1012 797 1087 642|0.001 -0.033132354524082475 -0.11954212033116196 0.046088323050923474
2483 1875 1853 289 1443 4330 2165 1000 2483 1875 1853 3342 1190 3524|0.001 -0.07725146320405663 -0.09974749898325252 -0.35675669040000857
3464 5000 3464 6418 6418 8602 8602 7500 6495 15000 6495 4123 6978 11576|0.001 -0.8232577413524655 -0.02802324388079036 -0.0007323282094251482
1075 1875 625 354 433 812 663 750 802 1406 461 1976 829 640|0.001 -0.06109162589461592 -0.08144460601060999 0.025331511369852677
2121 1225 2828 1768 1305 2269 3041 1875 3977 2296 5303 2345 1398 4186|0.001 -0.07475703252500243 -0.14455220378686517 0.04381128147508573
1061 738 566 1600 3000 2250 1200 1720 1299 1284 693 791 3162 2487|0.001 -0.0942562157846083 -0.0830762279204722 -0.07793513062333557
1744 581 930 403 755 616 329 746 1308 429 697 1097 595 1849|0.001 -0.06756775238842438 -0.0833305241089588 -0.07343512972607713
1853 1875 2483 2309 1732 3248 4330 816 1066 1531 1443 1477 2449 2034|0.001 -0.04033976583497689 -0.10013040519819882 0.01936740092251865
354 750 433 1075 625 461 802 1875 663 1406 812 1061 1179 494|0.001 -0.058782286782046445 -0.12591029457865943 0.011483476303588702
333 533 573 433 354 189 231 750 246 400 428 1054 1061 485|0.001 -0.026846207522390753 -0.07055535252503353 0.01610179549001778
403 746 755 1744 930 697 1308 581 329 429 616 1346 1838 986|0.001 -0.036295672324924144 -0.09616897555307258 0.003960092954307104
1732 816 2309 1324 988 568 770 533 924 435 1232 2449 1782 1823|0.001 -0.08431202946242777 0.015116427834049873 -0.03647385859503971
1600 1720 3000 1061 566 693 1299 738 1200 1284 2250 1887 1456 1327|0.001 -0.0009535982074027061 -0.10630136237069987 0.023918762262029603
433 750 354 333 573 428 246 533 231 400 189 829 629 772|0.001 -0.10119184129168568 0.013961230790906498 -0.0533470619144083
696 533 943 2828 2121 1131 1508 1225 1210 653 1622 1373 2345 1328|0.001 -0.08313218884468787 -0.08788139681746854 0.02410371488629215
1768 1875 1305 2121 2828 5303 3977 1225 3041 2296 2269 2574 3000 5590|0.001 -0.08458020395926913 -0.0771655125711812 0.003638297955597114
577 1333 471 615 1070 1434 833 1875 1083 2500 884 1414 1973 1929|0.001 -0.20258349425340882 -0.0356233300813269 -0.01575332972017951
3048 1739 1625 766 1437 1760 938 1355 4064 2330 2167 3208 1972 4310|0.001 -0.07580206849420401 -0.09700148456153301 -0.06876791488668044
2309 816 1732 1853 2483 1443 1066 1875 4330 1531 3248 1915 3342 2723|0.001 -0.19747848859291484 -0.0644392081919043 0.010630415081671618
1012 1340 540 935 1753 2337 1247 575 826 779 441 1804 1098 1938|0.001 -0.0409330871946445 -0.12883321229922973 -0.03238172906290138
615 1875 1070 577 471 884 1083 1333 833 2500 1434 1174 1106 1213|0.001 -0.10447844438919884 -0.08414040697774405 0.01383025404837257
1324 533 988 1732 2309 1232 924 816 770 435 568 788 1915 2434|0.001 -0.12894352138531406 -0.036636411035466665 -0.10371767325902614
935 575 1753 1012 540 441 826 1340 1247 779 2337 1845 797 1034|0.001 -0.0613851428703549 -0.06328055333181037 0.013237866556849998
471 1333 577 570 328 444 765 533 251 711 308 1106 1052 351|0.001 -0.10113650552002196 0.02400762993997496 -0.0437831717702819
2828 1225 2121 696 943 1622 1210 533 1508 653 1131 3000 745 1779|0.001 -0.039794866239116766 -0.0966495228070674 -0.012219383468776712
766 1355 1437 3048 1625 2167 4064 1739 938 2330 1760 1071 1908 2299|0.001 0.004463925456494877 -0.12771944820363368 0.03016836436006587
570 533 328 471 577 308 251 1333 765 711 444 626 1414 455|0.001 -0.11249432465040288 -0.03242782635294983 -0.00930407783606424
2069 1875 1875 1061 566 1061 1989 738 2267 1384 2092 2652 1456 2592|0.001 -0.10042340462670163 -0.08630966095066861 0.03524312578982336
696 533 943 1768 1972 2137 1951 1875 1305 1000 1768 1373 2577 2500|0.001 -0.2691364612413849 -0.015115264063200184 -0.05003132985488379
1061 1116 566 533 1000 738 394 1104 566 1209 302 1458 1414 1456|0.001 -0.06754366435402392 -0.07605858308509128 -0.05794947853047572
906 906 483 273 513 961 513 1096 669 1011 357 1027 1253 716|0.001 -0.10859456567093861 -0.061433595602278235 -0.07900998298964734
4007 1875 3658 1768 1305 2447 3315 1875 3698 3516 3315 4582 1398 3762|0.001 -0.13850249162716266 -0.09509122183574581 0.029707816269821663
1061 738 566 2069 1875 2092 2267 1875 1989 1384 1061 791 2125 2733|0.001 -0.08045063056395407 -0.08639083523954816 0.0011403698723722044
1000 533 1104 566 1061 566 302 738 1116 394 1209 1414 791 1149|0.001 -0.07458756686451018 -0.08367071919563651 -0.07763070259898863
273 1096 513 906 483 357 669 906 513 1011 961 955 1282 382|0.001 -0.09103058814304954 -0.09161460672535093 0.028376276696560065
1305 1875 1768 1951 2137 1972 1768 533 696 1000 943 1398 1862 2500|0.001 -0.05456014173393253 -0.0490764840793656 -0.008562252587747121
566 738 1061 1000 1104 1209 1116 533 302 394 566 1456 1133 1053|0.001 0.00013531587768289555 -0.10493080544080491 0.03322282861567771
1052 533 943 943 696 371 503 533 1140 284 1040 1083 1373 1070|0.001 -0.04248170491394476 -0.0390603362073938 -0.0005568652002796437
1768 1875 1972 696 943 1768 1305 533 1951 1000 2137 2031 745 2500|0.001 -0.0450461114608669 -0.0892024718202078 -0.0021207167184322806
766 1355 1437 2834 3071 2803 2540 1875 1437 2540 2694 1071 3592 2675|0.001 -0.050188117082974326 -0.09702650667297363 0.026793259755011345
662 1084 353 507 951 507 270 896 896 989 478 1267 1030 709|0.001 -0.08945419510178687 -0.06320080236148162 -0.08771595896503115
1768 1875 1305 4007 3658 3315 3698 1875 3315 3516 2447 2574 3492 3757|0.001 -0.24005400888734707 0.0036258533755462174 -0.027419934113570577
468 913 250 326 611 827 441 923 877 827 468 871 939 1204|0.001 -0.08523094360240457 -0.05140194511534246 -0.0912951068199419
2834 1875 3071 766 1437 2694 1437 1355 2540 2540 2803 2882 1972 2918|0.001 -0.05619099487461754 -0.10266142413923318 -0.028853149029680614
1951 533 2137 1305 1768 943 696 1875 1768 1000 1972 2444 2574 2500|0.001 -0.199594594174487 -0.06648573110335065 -0.009637097837250641
326 923 611 468 250 468 877 913 441 827 827 1170 1143 642|0.001 -0.1039212809164336 -0.06351737044064887 0.02477483061283481
1437 1355 766 1638 1511 1355 1495 533 766 722 409 1972 1916 1975|0.001 -0.02955079526764881 -0.10554364510010905 0.02299647171416286
943 533 696 1052 943 1040 1140 533 503 284 371 745 1374 1069|0.001 -0.014140588999007608 -0.11845850478494624 0.02865660391909497
507 896 951 662 353 478 896 1084 270 989 507 1306 1017 378|0.001 -0.11002949775547277 -0.05175223866340284 0.04941958754547393
2719 1000 906 335 628 628 335 960 1994 960 520 1861 1022 2411|0.001 -0.042720860675550254 -0.12185290962089312 -0.04678654222665557
2868 1875 2987 2706 1552 5954 8119 1000 2868 1875 2987 3051 2280 4179|0.001 -0.07276878326506031 -0.09727917283201437 0.02818541194855806
370 573 370 1104 1104 1060 1060 3000 693 2200 693 843 2054 1127|0.001 -0.017948756817454115 -0.17489185770172555 0.049277943813816893
368 333 368 231 231 123 123 733 353 191 353 685 887 419|0.001 -0.010667271640376619 -0.12759424787265772 0.040563889679230414
3175 1000 4330 1593 1530 1530 1593 533 828 533 1443 3841 1815 2229|0.001 -0.03438294285994736 -0.09182680971680957 0.01049341430497952
906 1000 2719 628 335 335 628 960 520 960 1994 1861 1140 763|0.001 -0.02690533597951794 -0.08890401048017083 0.03879706914247327
231 733 231 368 368 353 353 333 123 191 123 887 685 419|0.001 -0.02791014917036483 -0.001907160578039635 -0.01114819970236769
1104 3000 1104 370 370 693 693 573 1060 2200 1060 2054 843 1127|0.001 -0.07483063586928296 -0.046615868322577025 0.008639883304673024
628 960 335 906 2719 1994 520 1000 628 960 335 1022 1861 2411|0.001 -0.10349405630632691 -0.05853649942437533 -0.2083957707436046
1552 1000 2706 2987 2868 2868 2987 1875 5954 1875 8119 2280 3051 4179|0.001 -0.1663052870563897 -0.04489685632374063 -0.018782429141104284
2706 1000 1552 2868 2987 2987 2868 1875 8119 1875 5954 2280 3404 5558|0.001 -0.11207169766003222 -0.0472709968000562 -0.01494689865201404
654 1041 349 541 2076 2831 944 1000 654 1041 349 1187 1457 2511|0.001 -0.07372059012392129 -0.11150731237783096 -0.19875035477329717
1849 3837 1849 644 644 1208 1208 1744 1925 5233 1925 2693 1470 2194|0.001 -0.19637673956760526 -0.04514750397028533 0.010434663374996322
1593 533 1530 3175 4330 1443 828 1000 1593 533 1530 1627 3841 2964|0.001 -0.08247394889825177 -0.021439730331405116 -0.0742992842219048
315 1364 315 482 482 502 502 261 168 455 168 1209 702 512|0.001 -0.027418459362091863 -0.018827159585496078 -0.012180480673337213
541 1000 2076 654 349 349 654 1041 944 1041 2831 1457 1064 795|0.001 -0.09428174356712726 -0.05506440542901725 0.05250367761441055
4330 1000 3175 1530 1593 1593 1530 533 1443 533 828 3841 1627 2964|0.001 -0.04375877200169631 -0.05903469602923539 0.006092981516463425
482 261 482 315 315 168 168 1364 502 455 502 702 1209 512|0.001 -0.04307784280420668 -0.1378082934215752 0.027241602140815058
349 1041 654 2076 541 944 2831 1000 349 1041 654 1064 1457 795|0.001 -0.02277999010412035 -0.11372346184877702 0.0479977173215107
2987 1875 2868 1552 2706 8119 5954 1000 2987 1875 2868 3404 2280 5558|0.001 -0.07822257399552557 -0.10177820960283634 -0.06682085657028325
644 1744 644 1849 1849 1925 1925 3837 1208 5233 1208 1470 2693 2194|0.001 -0.22982248434928243 -0.11836755503626839 0.020922374291829637
2076 1000 541 349 654 654 349 1041 2831 1041 944 1457 1187 2511|0.001 -0.04619814969609837 -0.12851523580594604 -0.04942278323415761
1000 1000 1000 433 433 433 433 500 500 500 500 1414 829 829|0.001 -0.05327564608679114 -0.08550879149066937 0.00025524720600467177
1155 1000 2309 2309 1155 1155 2309 1000 1155 1000 2309 1915 1915 1633|0.001 -0.057968766959988205 -0.07817221165040356 0.020524636325223167
433 500 433 1000 1000 500 500 1000 433 500 433 829 1414 829|0.001 -0.0652609463125553 -0.035299907486446847 -0.009762866917318869
1000 1000 1000 433 433 433 433 500 500 500 500 1414 829 829|0.001 -0.08676374738629256 -0.008468394111595945 -0.054910171443405265
1155 1000 2309 2309 1155 1155 2309 1000 1155 1000 2309 1915 1915 1633|0.001 -0.12172926282926433 -0.022762784318157703 0.06480330424800007
433 500 433 1000 1000 500 500 1000 433 500 433 829 1414 829|0.001 -0.055551843363790265 -0.08577633717656186 0.0008942280593005059
1000 1000 1000 433 433 433 433 500 500 500 500 1414 829 829|0.001 -0.048487402962543724 -0.061686334262441855 -0.0027546438594761025
433 500 433 1000 1000 500 500 1000 433 500 433 829 1414 829|0.001 -0.05747301781111047 -0.08575258035523281 0.01839930162801595
1155 1000 2309 2309 1155 1155 2309 1000 1155 1000 2309 1915 1915 1633|0.001 -0.05841013139859852 -0.09720952559073681 0.015267806821213092
1000 1000 1000 433 433 433 433 500 500 500 500 1414 829 829|0.001 -0.011219746466836211 -0.09320428602397568 0.012350310331268322
433 500 433 1000 1000 500 500 1000 433 500 433 829 1414 829|0.001 -0.07060013147582311 -0.05704626375205302 -0.029340375410406017
1155 1000 2309 2309 1155 1155 2309 1000 1155 1000 2309 1915 1915 1633|0.001 -0.07333074013772811 -0.08465785691899708 0.07354576324146489
2309 1000 1155 1155 2309 2309 1155 1000 2309 1000 1155 1915 1915 3266|0.001 -0.07032318482691702 -0.0435677491305253 -0.08339244800778967
866 2000 866 1000 1000 2000 2000 1000 866 2000 866 1658 1414 1658|0.001 -0.0680185424144697 -0.08918535301332242 0.014953638984676054
1000 1000 1000 866 866 866 866 2000 2000 2000 2000 1414 1658 1658|0.001 -0.19759673964669267 -0.03013000318830783 -0.01802308260389185
2309 1000 1155 1155 2309 2309 1155 1000 2309 1000 1155 1915 1915 3266|0.001 -0.09740427668966545 -0.07305777034836591 -0.0945631105611755
866 2000 866 1000 1000 2000 2000 1000 866 2000 866 1658 1414 1658|0.001 -0.08964019555979363 -0.05834863853442562 -0.002662705507906482
1000 1000 1000 866 866 866 866 2000 2000 2000 2000 1414 1658 1658|0.001 -0.1044368403068685 -0.09356849030877412 -0.008523226480389168
2309 1000 1155 1155 2309 2309 1155 1000 2309 1000 1155 1915 1915 3266|0.001 -0.10510172659821349 -0.07389661505977307 -0.14212443660103657
1000 1000 1000 866 866 866 866 2000 2000 2000 2000 1414 1658 1658|0.001 -0.17566401846192403 -0.013674826391066874 -0.01259885152300022
866 2000 866 1000 1000 2000 2000 1000 866 2000 866 1658 1414 1658|0.001 -0.08604040033659777 -0.08605944050262382 -0.0051537451255068145
2309 1000 1155 1155 2309 2309 1155 1000 2309 1000 1155 1915 1915 3266|0.001 -0.0775344779427678 -0.07477470478602477 -0.08466339117594646
866 2000 866 1000 1000 2000 2000 1000 866 2000 866 1658 1414 1658|0.001 -0.058745654106708844 -0.0851609981075585 0.00923246684268575
1000 1000 1000 866 866 866 866 2000 2000 2000 2000 1414 1658 1658|0.001 -0.12514117360438615 -0.07651818181755532 0.006070754877465223
2069 1875 1875 1299 693 1299 2436 817 1987 1532 1532 2652 1510 2114|0.001 -0.060180641710672056 -0.1016163576094109 0.021487717930428474
629 533 770 1443 1179 1530 1593 1875 1179 1000 1443 1162 1573 2041|0.001 -0.04080741889610939 -0.13885612427673721 0.012664438492875352
1299 817 693 533 1000 817 436 1104 693 1060 370 1090 1414 1510|0.001 -0.11306065619867911 -0.0697138993792834 -0.10310828240215564
906 906 483 335 628 1177 628 960 740 740 395 1027 1022 987|0.001 -0.08496047115397198 -0.06889514480941217 -0.07587040659543187
2868 1875 2987 1443 1179 2211 2706 1875 2211 3516 2706 3051 1573 1919|0.001 -0.16456164283171537 -0.05649135098033664 0.00030484992417756374
1299 817 693 2069 1875 1532 1987 1875 2436 1532 1299 1090 2125 2043|0.001 -0.14960349446364596 -0.08988438439135549 0.007280846103681071
1000 533 1104 693 1299 693 370 817 817 436 1060 1414 1090 1510|0.001 -0.04865316118682128 -0.11055278973170712 -0.03323391683184296
335 960 628 906 483 395 740 906 628 740 1177 1140 1282 527|0.001 -0.08384931940171314 -0.04150899473561842 0.048854610585045144
1179 1875 1443 1593 1530 1179 1443 533 629 1000 770 1573 1815 2041|0.001 -0.0748639794200312 -0.020398898778003494 -0.015381206976873285
693 817 1299 1000 1104 1060 817 533 370 436 693 1510 1133 1258|0.001 -0.06398443517951713 -0.01852332658756284 -0.02151280487649343
629 533 770 770 629 335 411 533 816 284 849 1162 1162 546|0.001 -0.03303279550171512 -0.07196187001164644 0.02766750624901171
1443 1875 1179 629 770 1443 1179 533 1593 1000 1530 2179 839 2041|0.001 -0.03362510723162959 -0.0940951908957588 -0.005324317420897229
848 1224 1590 1875 2432 2533 2295 1875 1590 2295 2981 1334 3246 2886|0.001 -0.2162155813633937 -0.031475043307691575 -0.030775460497792784
1000 1297 533 848 1590 848 452 1224 1224 1351 653 1731 1848 1334|0.001 -0.07801662111109442 -0.10866457191362255 -0.0542270519403365
1443 1875 1179 2868 2987 2706 2211 1875 2706 3516 2211 2179 3404 3067|0.001 -0.2272015672709693 -0.015400349773752042 -0.0180298377980026
654 1041 349 411 771 944 503 771 1226 944 654 1187 669 1425|0.001 -0.07509375327688694 -0.07303633612699478 -0.0709353717272121
1875 1875 2432 848 1590 2981 1590 1224 2295 2295 2533 1627 1848 3465|0.001 -0.0835376366984697 -0.07587384445410073 -0.04501531060866926
1593 533 1530 1179 1443 770 629 1875 1443 1000 1179 1627 2179 2041|0.001 -0.11814991025473565 -0.10733286015924937 0.03798276061543815
411 771 771 654 349 654 1226 1041 503 944 944 1334 1064 760|0.001 -0.10096608141930696 -0.0838339566301527 0.05943576038562437
1590 1224 848 1297 1000 1224 1351 533 848 653 452 1848 1731 1334|0.001 -0.047900671771787806 -0.08534213524382106 0.009592716805211232
770 533 629 629 770 849 816 533 411 284 335 839 839 872|0.001 -0.04169729026477831 -0.05458104408997744 -0.0047561329045597844
848 1224 1590 1000 533 653 1224 1297 452 1351 848 1334 868 711|0.001 -0.03341031393191751 -0.10276597375464047 0.0013050432090877528
333 1000 333 333 333 178 178 1000 368 1000 368 1054 1054 378|0.001 -0.08760299149441986 -0.04871134971493385 -0.020896686141863574
3000 1000 3000 1000 1104 1104 1000 533 3000 533 3000 3162 1133 3197|0.001 -0.032937435689562866 -0.11326549242661077 0.004267009622054285
533 1104 1000 3000 3000 3000 3000 1000 533 1104 1000 1133 3162 3047|0.001 -0.11421781671403286 -0.031370741390890355 -0.0308455920187245
3000 1000 3000 1000 533 533 1000 1104 3000 1104 3000 3162 1133 3047|0.001 -0.024786814218165087 -0.07310506880387813 0.022117208344132333
1104 533 1000 3000 3000 3000 3000 1000 1104 533 1000 1133 3162 3197|0.001 -0.06737949126776166 -0.09163195554702463 0.03794040313371161
333 1000 333 333 333 368 368 1000 178 1000 178 1054 1054 378|0.001 -0.016251351805589564 -0.11497638503588203 0.022730422755801172
333 1000 333 178 178 333 333 1000 368 1000 368 1054 1016 471|0.001 -0.03313587040938426 -0.11411141449250595 0.009175497200757388
1000 1104 533 3000 3000 3000 3000 1000 1000 1104 533 1414 3162 3162|0.001 -0.0366729153041323 -0.08782522169638263 0.0038660627866859976
5625 1000 5625 1875 2069 2069 1875 1875 5625 1875 5625 5713 2652 5993|0.001 -0.013407377140765009 -0.15482050261347413 0.038415933038444816
3000 1000 3000 533 1000 1000 533 1104 3000 1104 3000 3162 1414 3162|0.001 -0.07879053094964172 -0.047261389081545424 -0.08855012026316667
178 1000 178 333 333 368 368 1000 333 1000 333 1016 1054 471|0.001 -0.058820570169578756 -0.08585125828595941 0.013823964500767616
2069 1875 1875 5625 5625 5625 5625 1000 2069 1875 1875 2652 5713 5993|0.001 -0.13314667559359838 -0.044956845719493765 -0.035430692436538846
1000 533 1104 3000 3000 3000 3000 1000 1000 533 1104 1414 3162 3162|0.001 -0.11415302233259039 -0.04994642077226441 -0.025441169047214496
333 1000 333 368 368 333 333 1000 178 1000 178 1054 1066 471|0.001 -0.045807355813496375 -0.0967143316317598 0.03245305578605029
2719 1000 2719 906 483 483 906 906 2719 906 2719 2897 1282 2761|0.001 -0.0761347592407724 -0.0934551506528658 0.04350203900675087
3000 1000 3000 1104 1000 1000 1104 533 3000 533 3000 3162 1414 3162|0.001 -0.05685611592893269 -0.061898284453655306 0.0070296463770458395
483 906 906 2719 2719 2719 2719 1000 483 906 906 1282 2897 2761|0.001 -0.04863627135856308 -0.08756353441347287 -0.004541191651622478
368 1000 368 333 333 178 178 1000 333 1000 333 1066 1054 471|0.001 -0.11405169225561451 -0.04941468845382602 -0.0064132669064986825
1875 1875 2069 5625 5625 5625 5625 1000 1875 1875 2069 2125 5713 5929|0.001 -0.09084350315258782 -0.0685084582650064 0.0034424469081550946
2719 1000 2719 483 906 906 483 906 2719 906 2719 2897 1027 2866|0.001 -0.10696578114611666 -0.05594374315031514 -0.11416406080472452
178 1000 178 368 368 333 333 1000 333 1000 333 1016 1066 378|0.001 -0.08335258828484515 -0.07085941054931766 0.011514543449329118
5625 1000 5625 2069 1875 1875 2069 1875 5625 1875 5625 5713 2125 5929|0.001 -0.12114621030474448 -0.10149773040106558 -0.02182388976180505
906 906 483 2719 2719 2719 2719 1000 906 906 483 1027 2897 2866|0.001 -0.037221510983820316 -0.04771409467742904 -0.000149789441965531
368 1000 368 178 178 333 333 1000 333 1000 333 1066 1016 378|0.001 -0.0019135521020874346 -0.13627544813389125 0.04608427813366678
1875 1000 1875 3000 1600 1600 3000 1720 1875 1720 1875 2125 1887 2465|0.001 -0.016827418110014758 -0.06929163203967859 0.012713485984476858
573 533 333 625 625 625 625 1000 573 533 333 629 1179 848|0.001 -0.11488758402392163 -0.03714795620065714 -0.052473710823432995
1600 1000 1600 533 533 918 918 1000 853 1000 853 1887 1133 1006|0.001 -0.032354952809512394 -0.13659072773068437 0.038458795252365174
533 1000 533 853 853 1600 1600 1000 918 1000 918 1133 1315 1687|0.001 -0.07106081138382958 -0.06336315146751592 0.007404111859654616
1172 1000 1172 625 1075 1075 625 1875 1172 1875 1172 1541 1976 1590|0.001 -0.1724425769866056 -0.037095705162850656 -0.0157018057381364
3000 1720 1600 1875 1875 1875 1875 1000 3000 1720 1600 3162 2125 3538|0.001 -0.08791656669297598 -0.09260165378657703 -0.0043029177186071355
1875 1000 1875 1600 3000 3000 1600 1720 1875 1720 1875 2125 3162 3538|0.001 -0.1018453108922468 -0.031717937199452484 -0.12342641519002995
853 1000 853 533 533 918 918 1000 1600 1000 1600 1315 1133 1687|0.001 -0.024486693968078788 -0.08559003790937214 0.02480774577034328
1075 1875 625 1172 1172 1172 1172 1000 1075 1875 625 1976 1541 1590|0.001 -0.14189545340109078 -0.012989968943183383 -0.025851399056007196
533 1000 533 1600 1600 853 853 1000 918 1000 918 1133 1887 1006|0.001 -0.0801006224116596 -0.022360385163906482 -0.0069924687027811405
1600 1720 3000 1875 1875 1875 1875 1000 1600 1720 3000 1887 2125 2465|0.001 -0.09031389353148067 -0.03036050650115807 -0.012152033403856066
625 1000 625 333 573 573 333 533 625 533 625 1179 629 848|0.001 -0.04879230101705767 -0.055183559156415374 -0.00800674673977153
625 1000 625 573 333 333 573 533 625 533 625 1179 1054 708|0.001 -0.02923681160567626 -0.11859132922075077 0.02949281194846165
930 581 1744 1090 1090 1090 1090 1000 930 581 1744 1838 1479 1433|0.001 -0.1286629090137037 -0.04202001982291259 -0.05097529290149838
918 1000 918 1600 1600 853 853 1000 533 1000 533 1357 1887 1687|0.001 -0.07898232926164983 -0.072808183614953 -0.007529573572121473
625 1875 1075 1172 1172 1172 1172 1000 625 1875 1075 1179 1541 1328|0.001 -0.15402668315935508 0.004222609399031629 -0.031289880463044595
853 1000 853 918 918 533 533 1000 1600 1000 1600 1315 1357 1006|0.001 -0.10218315973044789 -0.059633214845941085 0.001185911605448009
1090 1000 1090 930 1744 1744 930 581 1090 581 1090 1479 1097 2056|0.001 -0.048644371707895484 -0.1274885124210523 -0.02997073016591245
1172 1000 1172 1075 625 625 1075 1875 1172 1875 1172 1541 1179 1328|0.001 -0.1290828105274211 -0.07228378789849499 0.010420713305925311
918 1000 918 853 853 1600 1600 1000 533 1000 533 1357 1315 1006|0.001 -0.09799781893842896 -0.07052916270305243 -0.00430006019738749
1744 581 930 1090 1090 1090 1090 1000 1744 581 930 1097 1479 2056|0.001 -0.034827576216832634 -0.11562361193445447 -0.0039283947253276885
333 533 573 625 625 625 625 1000 333 533 573 1054 1179 708|0.001 -0.052284900497518993 -0.11708866563129638 0.046883753864581657
1600 1000 1600 918 918 533 533 1000 853 1000 853 1887 1357 1687|0.001 -0.03584075283518895 -0.11405065927595714 0.03702029702787657
1090 1000 1090 1744 930 930 1744 581 1090 581 1090 1479 1838 1433|0.001 -0.06199106651063713 -0.09421242281578257 0.06253037746098977
1000 1000 1000 1500 1500 1500 1500 1000 1000 1000 1000 1414 1803 1803|0.001 -0.0767808154019689 -0.060662516584286674 -0.01656189227312921
667 1000 667 667 667 667 667 1000 667 1000 667 1202 1202 943|0.001 -0.12040916016673453 -0.035351720213073756 -0.01713777239050973
1500 1000 1500 1000 1000 1000 1000 1000 1500 1000 1500 1803 1414 1803|0.001 -0.11751293321471956 -0.06075881781127168 -0.03148534606580933
1000 1000 1000 1500 1500 1500 1500 1000 1000 1000 1000 1414 1803 1803|0.001 -0.11442396662625587 -0.030701936035036903 -0.01048345023961561
667 1000 667 667 667 667 667 1000 667 1000 667 1202 1202 943|0.001 -0.03725187982108191 -0.13979283254205388 0.01817655327804868
1500 1000 1500 1000 1000 1000 1000 1000 1500 1000 1500 1803 1414 1803|0.001 -0.04120424256739974 -0.12991998226626333 0.04376197761990275
1000 1000 1000 1500 1500 1500 1500 1000 1000 1000 1000 1414 1803 1803|0.001 -0.029506744231039272 -0.07896205929212585 -0.0015439912708914427
1500 1000 1500 1000 1000 1000 1000 1000 1500 1000 1500 1803 1414 1803|0.001 -0.09921506803469149 -0.059920913647962815 0.0037183706961219087
667 1000 667 667 667 667 667 1000 667 1000 667 1202 1202 943|0.001 -0.12169025891171192 -0.010388194576340659 -0.008822467087067354
1000 1000 1000 1500 1500 1500 1500 1000 1000 1000 1000 1414 1803 1803|0.001 -0.06804198414160134 -0.09884810366461938 0.0058975652858306304
1500 1000 1500 1000 1000 1000 1000 1000 1500 1000 1500 1803 1414 1803|0.001 -0.07588182259573473 -0.028304341268898803 0.002136743050076273
667 1000 667 667 667 667 667 1000 667 1000 667 1202 1202 943|0.001 -0.06492825051761186 -0.07956365284972344 0.020143495350521956
667 1000 667 667 667 667 667 1000 667 1000 667 1202 1202 943|0.001 -0.12521184588585754 0.002386845989623687 -0.03157804968728528
1500 1000 1500 1000 1000 1000 1000 1000 1500 1000 1500 1803 1414 1803|0.001 -0.021705182229766473 -0.12877618667001434 0.012091645280796204
1000 1000 1000 1500 1500 1500 1500 1000 1000 1000 1000 1414 1803 1803|0.001 -0.0957034583362304 -0.07392437539912589 -0.001233021712661042
667 1000 667 667 667 667 667 1000 667 1000 667 1202 1202 943|0.001 -0.057309272196542915 -0.06573374762476436 -0.011448753023982627
1500 1000 1500 1000 1000 1000 1000 1000 1500 1000 1500 1803 1414 1803|0.001 -0.04220386377711827 -0.09891085636525077 0.007306257955486117
1000 1000 1000 1500 1500 1500 1500 1000 1000 1000 1000 1414 1803 1803|0.001 -0.10913391732980338 -0.02818004761229287 -0.01774466643273742
667 1000 667 667 667 667 667 1000 667 1000 667 1202 1202 943|0.001 -0.13504157514789616 -0.030237770665434427 -0.01727265122007382
1000 1000 1000 1500 1500 1500 1500 1000 1000 1000 1000 1414 1803 1803|0.001 -0.15110919632650766 -0.010664238129459713 -0.035347321863551384
1500 1000 1500 1000 1000 1000 1000 1000 1500 1000 1500 1803 1414 1803|0.001 -0.11174063441688808 -0.051754643127398525 0.002851269229677822
667 1000 667 667 667 667 667 1000 667 1000 667 1202 1202 943|0.001 0.01111758661527018 -0.16017499108701094 0.04196194076329762
1500 1000 1500 1000 1000 1000 1000 1000 1500 1000 1500 1803 1414 1803|0.001 -0.1476872697207554 -0.007893185116286672 -0.02839473000496473
1000 1000 1000 1500 1500 1500 1500 1000 1000 1000 1000 1414 1803 1803|0.001 -0.06364815954828296 -0.09878696172887613 0.011559459500254388
573 533 333 333 573 444 368 533 306 284 178 629 629 809|0.001 -0.07576759553257317 -0.007323742586519133 -0.021844361834022497
1600 1720 3000 1000 533 918 1720 1104 853 1332 1600 1887 1133 1006|0.001 -0.11914004525504063 -0.071689827167013 0.04191814040169328
483 906 906 1450 773 1450 2719 1207 831 1559 1559 1282 1264 1528|0.001 -0.14044314217280252 -0.02277932439630148 0.045436262048299536
833 533 690 625 1075 573 333 1875 1075 1000 625 872 1976 884|0.001 -0.038729559881474085 -0.07844768351599307 -0.005283264109703367
3000 1720 1600 1104 1000 1720 1332 533 1600 918 853 3162 1414 1887|0.001 -0.03368744181344918 -0.09091998699191195 0.009448704106829187
1875 1875 2069 1600 3000 5625 3000 1720 3226 3226 2498 2125 3162 5929|0.001 -0.12085566789955648 -0.06005531433040501 -0.12149890440173672
1450 1207 773 483 906 1559 831 906 2719 1559 1450 1761 1027 2866|0.001 -0.05653583197559153 -0.1303975484956743 -0.03233296482772374
1075 1875 625 1293 1561 2016 1172 1875 2016 3516 1172 1976 2278 2845|0.001 -0.18190636016447215 -0.010227171237304766 -0.018662005088166955
1000 1104 533 1600 3000 1600 853 1720 1720 1332 918 1414 3162 1887|0.001 -0.06476616564944249 -0.08655227905879359 -0.06822043429387636
1600 1720 3000 1875 2069 2498 3226 1875 3000 3226 5625 1887 2652 3644|0.001 -0.12099029706212017 -0.0747769614063365 0.005788083138682509
1075 1875 625 333 573 1075 625 533 833 1000 690 1976 629 884|0.001 -0.05649746025202407 -0.05893558586156811 -0.014490430983444824
333 533 573 573 333 178 306 533 368 284 444 1054 1054 378|0.001 -0.009689640909835706 -0.07396916002123 0.001846462599739418
930 581 1744 1000 774 641 581 533 496 310 930 1838 1411 1130|0.001 -0.014239787629923839 -0.10776034303219939 0.0049671839153120345
625 1875 1075 833 690 625 1075 533 333 1000 573 1179 1215 884|0.001 -0.04303624632433389 -0.0612556398716535 -0.004267945202872658
640 828 1201 1291 689 400 751 1291 1201 751 2252 1459 1061 755|0.001 -0.051485641493944634 -0.06319030994155428 0.011715485704777429
1000 533 774 930 1744 930 496 581 581 310 641 822 1097 1838|0.001 -0.10882989580142 -0.036534517545926404 -0.10425869902813467
1293 1875 1561 1075 625 1172 2016 1875 1172 3516 2016 1635 1179 1328|0.001 -0.12362396593870506 -0.11347150107121395 0.01661368704576338
1291 1291 689 640 1201 2252 1201 828 751 751 400 1822 1047 1416|0.001 -0.09205835690229147 -0.06150410004782447 -0.08445199897009759
1744 581 930 1452 1875 1090 1203 1875 3269 1090 1744 1097 2646 2056|0.001 -0.12895869921685787 -0.09601339155961508 -0.004345062305231018
333 533 573 1075 625 690 833 1875 625 1000 1075 1054 1179 884|0.001 -0.11082218378519415 -0.0780480054262167 -0.017910384444239646
1744 581 930 533 1000 581 310 774 930 641 496 1097 822 1838|0.001 -0.08190120473286044 -0.08606646562114406 -0.09200665692000287
1452 1875 1875 1744 930 1744 3269 581 1203 1090 1090 1541 1838 1520|0.001 -0.08273959128204944 -0.07497937042795666 0.048816690325761414
354 1000 1768 1000 187 187 1000 921 88 921 354 1275 1106 258|0.001 -0.007408263239356838 -0.1045205987617781 0.05889447735716313
566 200 566 566 566 521 521 200 106 50 106 721 721 625|0.001 -0.008847783562498934 -0.07331799376651627 0.021425576048970107
471 1000 1886 5333 4910 4910 5333 5333 1886 5333 9428 1374 5333 5000|0.001 -0.46857432293945456 -0.04062577838466974 -0.033375524240266685
530 250 530 2828 2828 2604 2604 5000 2828 1000 2828 729 3606 2828|0.001 -0.4100011820035332 -0.04705424113532031 0.005662606888394706
354 1000 1768 1000 921 921 1000 187 88 187 354 1275 1106 938|0.001 -0.005554909141152198 -0.07683632088047676 0.01959642941641082
204 1086 1086 384 96 384 1920 1000 204 1086 1086 1086 1018 280|0.001 -0.03546546901117664 -0.08891207091490716 0.08213464473002752
2604 250 2604 2828 2828 530 530 5000 2828 1000 2828 2652 3606 2828|0.001 -0.47406399687156653 -0.01166926030547577 -0.05478291979227112
5333 5333 4910 471 1886 9428 1886 1000 5333 5333 4910 5897 1374 6799|0.001 -0.09783087488952624 -0.09037074090533559 -0.2872197987853886
1886 1000 471 4910 5333 5333 4910 5333 9428 5333 1886 1374 5897 6799|0.001 -0.14300443679046593 -0.16172688723409379 0.01641505134979626
1086 1086 204 96 384 1920 384 1000 1086 1086 204 1201 1018 1385|0.001 -0.08973004700381204 -0.1038214455087838 -0.27774758991328197
1000 187 921 354 1768 354 88 1000 1000 187 921 1000 1275 1275|0.001 -0.08757622455703107 -0.04415341963021402 -0.3900570799261449
2828 5000 2828 2604 2604 2828 2828 250 530 1000 530 3606 2652 2828|0.001 -0.029864151165415187 -0.022520855382710536 -0.015342368453740152
493 188 816 1443 1179 1039 1066 1875 925 352 1531 976 1573 1087|0.001 -0.12356112131974739 -0.045790409216117656 0.002794897605893354
1299 817 693 566 1061 641 342 738 244 720 130 1090 791 1267|0.001 -0.08106062773871381 -0.06743565850621303 -0.07446559276130582
1437 1355 766 176 330 1760 938 975 868 1107 463 1972 977 1016|0.001 -0.10118418835738274 -0.08442048757566267 -0.07885176270706062
5543 1875 5683 4355 2632 4934 8165 5333 6289 10000 7698 5551 3079 7914|0.001 -0.34913174164773797 -0.12111381544005595 0.02130217236798737
1225 604 230 1305 1768 1444 1273 1875 2296 1133 431 707 2574 1926|0.001 0.0116876715312908 -0.14243433248758985 0.01689178889323184
943 533 696 230 1225 653 122 604 770 322 679 745 707 1424|0.001 -0.10481342612470468 -0.0666397649667505 -0.4579982266640181
2632 5333 4355 3031 2956 3354 4106 533 1404 2844 2322 3079 3198 3093|0.001 -0.07695258273673011 0.0006635241396368841 -0.016365038151103795
230 604 1225 943 696 679 770 533 122 322 653 1195 1373 734|0.001 -0.05708219497768563 -0.057842895385085136 0.03341916906796527
380 1655 2027 2390 2106 2159 2925 1875 712 3103 3800 1170 2203 2279|0.001 -0.09720149493543939 -0.0834004948344702 0.006088123608016804
2390 1875 2106 380 2027 3800 712 1655 2925 3103 2159 3007 1977 4417|0.001 -0.10833821454757642 -0.07576787525420237 -0.4640804166704915
3031 533 2956 2632 4355 2322 1404 5333 4106 2844 3354 2960 5203 3246|0.001 -0.5360123981529541 -0.07928499651835952 -0.0009051679570915017
475 1135 890 338 180 962 1804 1025 786 1389 1473 1046 1001 939|0.001 -0.08979121733679096 -0.09823520247435269 0.0541416828316299
816 188 493 629 770 568 554 533 435 100 263 577 839 1121|0.001 -0.027879455353290172 -0.06549719832818268 0.0127337524581006
848 1224 1590 785 418 692 1298 881 159 904 298 1334 1258 490|0.001 -0.11818881451329255 -0.0418768121304558 0.057447071716947296
1090 1000 1090 1875 1452 1452 1875 1875 3269 1875 3269 1479 1541 2382|0.001 0.026079957293132505 -0.16726539944139418 0.03598685251626099
1000 774 533 581 1744 1744 581 1000 1000 774 533 822 1419 2010|0.001 -0.10776063409064673 -0.05835438471541776 -0.20427821105612254
1720 3000 1720 918 918 1720 1720 1000 1332 3000 1332 2441 1357 1414|0.001 -0.11406907515620568 -0.048614722871609395 0.005521831729056181
918 1000 918 1332 1332 1720 1720 3000 1720 3000 1720 1357 2185 2427|0.001 -0.2250303034772949 -0.07518624521077877 0.023837526956345112
2252 1000 751 689 1291 1291 689 1291 2252 1291 751 1640 1822 2596|0.001 -0.051302022450598894 -0.11423430235879883 -0.0467638182240504
1875 1875 1452 1090 1090 3269 3269 1000 1875 1875 1452 2646 1479 2661|0.001 -0.033083931510405895 -0.10572256052638118 -0.012322953517197588
1090 1000 1090 1452 1875 1875 1452 1875 3269 1875 3269 1479 2646 2661|0.001 -0.10318889630565042 -0.12323261993431256 0.015991835359745465
1332 3000 1332 918 918 1720 1720 1000 1720 3000 1720 2185 1357 2427|0.001 -0.12714970001763248 -0.05320601172975725 0.006919261511748598
1291 1291 689 751 2252 2252 751 1000 1291 1291 689 1822 1640 2596|0.001 -0.1168357183779245 -0.051424570411368054 -0.24794129504296492
918 1000 918 1720 1720 1332 1332 3000 1720 3000 1720 1357 2441 1414|0.001 -0.26271662230476944 -0.07905960921228639 -0.035513057965190775
1452 1875 1875 1090 1090 3269 3269 1000 1452 1875 1875 1541 1479 2382|0.001 -0.08150323311144292 -0.09795969466326104 0.027318314975086633
1744 1000 581 533 1000 1000 533 774 1744 774 581 1419 822 2010|0.001 -0.04897762602150357 -0.11989056364642314 -0.04624698332320376
581 1000 1744 1000 533 533 1000 774 581 774 1744 1419 1411 789|0.001 -0.054140593393365855 -0.12191415961633756 0.05031160101489185
774 533 1000 1744 1744 581 581 1000 774 533 1000 1411 2010 1270|0.001 -0.08364178718263227 -0.06317375347582921 -0.029190332890390858
573 1000 573 573 573 444 444 333 306 333 306 1153 814 809|0.001 -0.055469191290337116 0.00321335120781141 -0.03679032011853489
689 1291 1291 2252 751 751 2252 1000 689 1291 1291 1061 1640 1019|0.001 -0.08531664011966589 -0.09014624054040188 0.08049389007405594
444 333 444 573 573 306 306 1000 573 333 573 728 1153 471|0.001 -0.08435411007786997 0.0015167626150969227 -0.018430408053944358
1744 1000 1744 774 1000 1000 774 533 581 533 581 2010 822 1419|0.001 -0.020621956007694786 -0.08849388501913968 0.0034018774751887193
751 1000 2252 1291 689 689 1291 1291 751 1291 2252 1640 1061 1019|0.001 -0.048936098123869565 -0.08910416938225141 0.023185234597040694
573 1000 573 444 444 573 573 333 306 333 306 1153 728 471|0.001 -0.05996535621608068 0.016326410598093144 -0.050088524598816964
1000 533 774 1744 1744 581 581 1000 1000 533 774 822 2010 1419|0.001 -0.08606531391745609 -0.07132453015718854 -0.025617926516674494
533 774 1000 1744 581 581 1744 1000 533 774 1000 1411 1419 789|0.001 -0.08903765253904794 -0.07624851653698417 0.08822963394826466
573 333 573 573 573 306 306 1000 444 333 444 814 1153 809|0.001 -0.06280489133841716 -0.08363411767326467 0.020233180057958045
1744 1000 1744 1000 774 774 1000 533 581 533 581 2010 1411 1270|0.001 -0.042934185745080455 -0.08330408110542753 -0.01372425442923042
3000 1000 3000 693 566 566 693 600 2200 600 2200 3162 1149 2631|0.001 -0.035502013329643534 -0.11209730743163782 0.03387116477701513
866 816 1443 4330 3175 3175 4330 1000 866 816 1443 1658 3841 3291|0.001 -0.10759750775652277 -0.047540516698765245 0.031415440535549344
231 733 231 333 333 200 200 1000 189 733 189 887 1054 383|0.001 -0.05924824786818994 -0.040886845050907006 -0.008996964188396905
333 1000 333 189 189 231 231 733 200 733 200 1054 877 275|0.001 -0.07557901663765576 -0.029052287985225078 -0.009636213162933505
3889 1000 5303 1768 1061 1061 1768 1225 3889 1225 5303 4650 1458 4031|0.001 -0.05266013005684966 -0.07343085641527414 0.04105681498688618
693 600 566 3000 3000 2200 2200 1000 693 600 566 825 3162 2661|0.001 -0.03570354268365494 -0.12318848755854761 0.01303169203569432
3000 1000 3000 566 693 693 566 600 2200 600 2200 3162 825 2661|0.001 -0.059448470533850495 -0.01732773317119851 -0.004192482326705882
189 733 189 333 333 200 200 1000 231 733 231 877 1054 275|0.001 -0.04291954357470207 -0.11734636288339373 0.02165925076432984
1061 1225 1768 5303 3889 3889 5303 1000 1061 1225 1768 1458 4650 4031|0.001 -0.04160458806444445 -0.05956834814799583 0.016825509160272034
333 1000 333 231 231 189 189 733 200 733 200 1054 887 383|0.001 -0.08796245797961899 -0.0021708282876498064 -0.026809073356469648
566 600 693 3000 3000 2200 2200 1000 566 600 693 1149 3162 2631|0.001 -0.06922922483958094 -0.056519615757104624 0.007418830016991951
3175 1000 4330 1443 866 866 1443 816 3175 816 4330 3841 1658 3291|0.001 -0.06791918091383908 -0.04819187466815422 0.02828180464504282
4330 1000 3175 866 1443 1443 866 816 4330 816 3175 3841 1190 4564|0.001 -0.11466802486554184 -0.03451158532194687 -0.10960706347376781
943 1667 1155 3667 3667 5000 5000 1000 943 1667 1155 1374 3801 4384|0.001 -0.14711057121166826 -0.021640073602180454 -0.03207818294365561
273 1000 273 315 315 257 257 1364 455 1364 455 1037 1209 375|0.001 -0.021536327811052525 -0.09234052398466863 0.002911167122510161
1768 1225 1061 3889 5303 5303 3889 1000 1768 1225 1061 2031 4650 5590|0.001 -0.07951054254277667 -0.05614411906426753 -0.034874359931410526
257 1364 257 273 273 455 455 1000 315 1364 315 1196 1037 522|0.001 -0.08588936740906994 -0.07890171793699219 0.01701267290335151
3667 1000 3667 943 1155 1155 943 1667 5000 1667 5000 3801 1915 4435|0.001 -0.13287467254863627 -0.07258524933780874 0.02060873977408839
5303 1000 3889 1061 1768 1768 1061 1225 5303 1225 3889 4650 2031 5590|0.001 -0.03147337729393018 -0.11994395689792658 -0.015106273661563696
273 1000 273 257 257 315 315 1364 455 1364 455 1037 1196 522|0.001 -0.005538545141251516 -0.11609411339851938 0.035162153404295626
1155 1667 943 3667 3667 5000 5000 1000 1155 1667 943 1915 3801 4435|0.001 -0.12213294056347301 -0.03553335509329347 0.005446768048520401
1443 816 866 3175 4330 4330 3175 1000 1443 816 866 1190 3841 4564|0.001 -0.07743616061047343 -0.05773111964740729 -0.01855837692455009
315 1364 315 273 273 455 455 1000 257 1364 257 1209 1037 375|0.001 -0.030537563620608443 -0.10374709151559247 0.028969879381355312
3667 1000 3667 1155 943 943 1155 1667 5000 1667 5000 3801 1374 4384|0.001 -0.0244246836988693 -0.09924531546728455 0.003975061978804817
11000 1000 11000 4085 4085 4085 4085 7500 7500 7500 7500 11045 4918 9959|0.001 -0.37542915081999917 -0.11176319640298082 0.001247234609218495
371 682 371 91 91 682 682 1000 371 682 371 905 1004 447|0.001 -0.08040311190821825 -0.0943035798353431 -0.01598119682818311
1836 1000 2693 245 1836 1836 245 1000 1836 1000 2693 2438 1204 2596|0.001 -0.08330007299521824 -0.07617165307343798 -0.5712144074412673
11000 1000 11000 4085 4085 4085 4085 7500 7500 7500 7500 11045 4918 9959|0.001 -0.5539201892527434 -0.06474911722922028 0.008844241533576547
371 682 371 91 91 682 682 1000 371 682 371 905 1004 447|0.001 -0.0785118007713348 -0.08500655570194082 0.016440970520823495
1836 1000 2693 245 1836 1836 245 1000 1836 1000 2693 2438 1204 2596|0.001 -0.09074756584264598 -0.07794849216675948 -0.6040020200779872
545 133 545 1000 1000 1467 1467 1000 545 133 545 656 1414 1328|0.001 -0.06646316025346932 -0.05331153208615658 0.004945567628891201
1000 1000 1000 545 545 545 545 1467 133 1467 133 1414 1328 656|0.001 -0.10819392906322611 -0.05686948315914098 -0.005199951269294623
245 1000 1836 1836 2693 2693 1836 1000 245 1000 1836 1204 2438 2704|0.001 -0.009124993290021699 -0.10268999735172812 0.00478801320141109
1000 1000 1000 545 545 545 545 1467 133 1467 133 1414 1328 656|0.001 -0.17284743285769344 -0.04714398126281383 -0.01704983013309791
545 133 545 1000 1000 1467 1467 1000 545 133 545 656 1414 1328|0.001 -0.05003536415250642 -0.09887605146355338 -0.01105651927208351
245 1000 1836 1836 2693 2693 1836 1000 245 1000 1836 1204 2438 2704|0.001 -0.07371184135984477 -0.06435786801648691 -0.02873718058585828
12728 1000 14142 14142 15780 15780 14142 8000 2828 8000 14142 13454 16248 16882|0.001 -0.9229767013113521 -0.005165446599403323 -0.03921974519222382
1000 1000 1000 71 566 566 71 1116 200 1116 900 1414 1149 721|0.001 -0.08918307679706139 -0.08307020773752227 -0.623857224322597
71 1116 566 1000 1000 900 200 1000 71 1116 566 1002 1414 951|0.001 -0.09961917448760516 -0.039198449289236104 -0.03465917623078463
566 200 566 1000 1000 1116 1116 1000 71 900 71 721 1414 1002|0.001 -0.05991695703666866 -0.08902954481890824 0.016242517574953652
1972 125 1768 1768 354 1591 1768 1000 1972 125 1768 1772 1275 2110|0.001 -0.04213643308986548 -0.1129797609708616 0.03715992376991828
14142 1000 12728 15780 14142 14142 15780 8000 14142 8000 2828 13454 14177 20000|0.001 -0.8029371151376363 -0.09339403517594991 -0.011899527449732439
1240 222 1240 79 79 629 629 1111 1111 1111 1111 1326 1057 1114|0.001 -0.09013905288682622 -0.09522122095469432 0.030455589473805667
2828 5000 2828 5579 5579 5000 5000 4500 354 5000 354 3606 5969 5745|0.001 -0.4787558810288284 -0.08244951606830031 -0.013661749269409107
3000 1000 3000 566 1061 1061 566 1116 1500 1116 2200 3162 1458 2372|0.001 -0.0725341452107009 -0.09453863951881414 -0.04185930553788464
1972 1875 1768 5303 3889 2652 5303 1000 1972 1875 1768 2577 4650 3769|0.001 -0.11141331801178267 -0.06815830813959534 0.0026889840776456175
189 733 189 333 333 372 372 1000 354 500 354 877 1054 486|0.001 -0.10354692564277235 -0.07238206223175836 -0.01241361084840742
333 1000 333 354 354 189 189 500 372 733 372 1054 791 383|0.001 -0.060720805902110264 -0.015887615499379226 -0.014894849951475608
1414 1000 2828 943 1052 1052 943 533 2074 533 2828 2236 1083 2010|0.001 -0.02940038524359978 -0.08951941282080988 0.03845380574345025
566 1116 1061 3000 3000 2200 1500 1000 566 1116 1061 1149 3162 2631|0.001 -0.07342643288141493 -0.09311458459390631 0.029487596939059557
3000 1000 3000 1061 566 566 1061 1116 2200 1116 1500 3162 1149 2631|0.001 0.009713589319497729 -0.1548299122401564 0.034868819871267664
354 500 354 333 333 372 372 1000 189 733 189 791 1054 383|0.001 -0.05797684115092849 -0.08661346428300964 0.02824352856024337
1052 533 943 2828 1414 2074 2828 1000 1052 533 943 1083 2236 2010|0.001 -0.0989275823820901 -0.058342145162851855 0.050818298693096065
333 1000 333 189 189 354 354 733 372 500 372 1054 877 486|0.001 -0.07274552809567236 -0.07809317167871033 -0.02230675858292619
1061 1116 566 3000 3000 1500 2200 1000 1061 1116 566 1458 3162 2372|0.001 -0.06744164784097118 -0.12162054782937082 0.025944650348010967
3889 1000 5303 1768 1972 1972 1768 1875 2652 1875 5303 4650 2577 3769|0.001 -0.024498066655163075 -0.13380040135827165 0.022317127869682096
5303 1000 3889 1972 1768 1768 1972 1875 5303 1875 2652 4650 2031 5590|0.001 -0.07687194094210259 -0.12469030773105905 0.03891186017977333
951 896 507 1972 1344 2689 2689 1000 951 896 507 1030 1911 2126|0.001 -0.02122437395054022 -0.15315536876142177 0.05660831292765289
507 682 507 257 257 482 482 1364 455 1364 455 969 1196 522|0.001 -0.036775975855461995 -0.1191636614786784 0.023409274516708045
943 533 1052 1414 2828 2828 2074 1000 943 533 1052 1374 2236 2981|0.001 -0.06491177183037267 -0.10121350099435267 -0.03019387737206447
707 2000 707 744 744 667 667 1467 377 2000 377 1581 1421 972|0.001 -0.11293271600621324 -0.1051055011242008 0.020332898875059513
1972 1000 1344 951 507 507 951 896 2689 896 2689 1911 1306 2358|0.001 0.0018674990135325586 -0.11740218423586302 0.01511377246044443
2828 1000 1414 1052 943 943 1052 533 2828 533 2074 2236 1374 2981|0.001 -0.016210135386314217 -0.09276104143400299 -0.003385692598896206
744 1467 744 707 707 377 377 2000 667 2000 667 1421 1581 972|0.001 -0.18963718404262142 -0.031059433758039434 -0.025335448255242587
507 896 951 1344 1972 2689 2689 1000 507 896 951 1306 1911 2358|0.001 -0.060193114619560006 -0.09523564021564956 -0.019829050125148573
1768 1875 1972 3889 5303 5303 2652 1000 1768 1875 1972 2031 4650 5590|0.001 -0.08669512721080075 -0.03436387867023938 -0.036061947332630684
257 1364 257 507 507 455 455 682 482 1364 482 1196 969 522|0.001 -0.01960750992512139 -0.05400173052441226 0.00598098532960778
1344 1000 1972 507 951 951 507 896 2689 896 2689 1911 1030 2126|0.001 -0.12549471036553128 -0.05443664833887918 -0.13265160920723718
1115 1000 1115 526 526 801 801 1231 1846 1231 1846 1498 1228 1805|0.001 -0.0744738243638221 -0.06238769942701339 -0.014990777773139508
2340 1000 1901 2121 3510 3510 2121 1523 2340 1523 1901 2334 3432 4219|0.001 -0.07951412952140635 -0.0658901892099728 -0.06455691543223896
718 1655 472 897 897 1103 1103 1000 718 1655 472 1618 1343 1227|0.001 -0.12445158594505346 -0.006836556441623953 -0.017535916294283416
897 1000 897 472 718 718 472 1655 1103 1655 1103 1343 1618 1227|0.001 -0.05338386014833385 -0.08174050782251086 -0.004787430298239803
3510 1523 2121 1901 2340 2340 1901 1000 3510 1523 2121 3432 2334 4219|0.001 -0.09216939060401219 -0.07983800000915697 0.0014755888237183434
526 1231 526 1115 1115 1846 1846 1000 801 1231 801 1228 1498 1805|0.001 -0.016676220451359303 -0.12768847844288 0.043512441894151266
1115 1000 1115 801 801 526 526 1231 1846 1231 1846 1498 1368 1333|0.001 -0.12582980073260197 -0.028641373336195652 -0.030389932926900842
472 1655 718 897 897 1103 1103 1000 472 1655 718 1196 1343 1101|0.001 -0.09035271459710392 -0.06400803908305552 0.018834102187290647
1536 1000 1248 1392 2304 2304 1392 656 1536 656 1248 1708 1664 2769|0.001 -0.05025674366443522 -0.11609997689121965 -0.049294405259880936
897 1000 897 718 472 472 718 1655 1103 1655 1103 1343 1196 1101|0.001 -0.07308325768165536 -0.03712113014683216 -0.0003375122528614938
801 1231 801 1115 1115 1846 1846 1000 526 1231 526 1368 1498 1333|0.001 -0.06620951780949569 -0.040878525507900276 0.0069243829361176346
2304 656 1392 1248 1536 1536 1248 1000 2304 656 1392 1664 1708 2769|0.001 -0.05638800122410692 -0.0976093169212433 -0.02482554473459575
2121 1523 3510 2340 1901 1901 2340 1000 2121 1523 3510 2535 2334 2848|0.001 -0.02155499613934464 -0.1512178454114821 0.03494187455336695
427 812 427 1500 1500 906 906 1000 651 812 651 998 1803 1083|0.001 -0.08746003148439319 -0.023043094894104055 -0.006592943890654235
667 1000 667 285 434 434 285 604 542 604 542 1202 722 741|0.001 -0.01822233016089303 -0.11962295932118727 0.003141776015929132
1901 1000 2340 3510 2121 2121 3510 1523 1901 1523 2340 2334 2535 2848|0.001 -0.046336224272005566 -0.07438447260634029 0.028013425352044763
434 604 285 667 667 542 542 1000 434 604 285 722 1202 741|0.001 -0.12254947160909468 -0.021447923219609644 -0.012802105931881691
1500 1000 1500 427 427 651 651 812 906 812 906 1803 998 1083|0.001 -0.023544736748517536 -0.12088811175143377 0.002420428957357057
1392 656 2304 1536 1248 1248 1536 1000 1392 656 2304 2253 1708 1870|0.001 -0.028996363527454827 -0.1184436936649047 0.029451439371219745
667 1000 667 434 285 285 434 604 542 604 542 1202 978 665|0.001 -0.08120450927660339 -0.0020480792620114485 -0.022104888608917017
651 812 651 1500 1500 906 906 1000 427 812 427 1112 1803 1467|0.001 -0.10995580574355568 -0.03843806149445683 -0.03650676283286636
1248 1000 1536 2304 1392 1392 2304 656 1248 656 1536 1708 2253 1870|0.001 -0.015100708343269709 -0.09393466530116856 0.027508016939787883
285 604 434 667 667 542 542 1000 285 604 434 978 1202 665|0.001 -0.11237843284803928 -0.025371350730900577 -0.001280866105933809
1500 1000 1500 651 651 427 427 812 906 812 906 1803 1112 1467|0.001 -0.05609498192252094 -0.1017540031065911 0.015292753599298603
3667 1000 3667 1362 1860 1860 1362 3750 2500 3750 2500 3801 2791 3553|0.001 -0.28078390251017216 -0.07376938399392019 0.010653718540536428
2754 1366 734 2693 1836 1836 2693 1000 2754 1366 734 2050 2438 3310|0.001 0.03131791091291358 -0.17855244157817807 0.03689170980410328
371 682 371 273 273 1023 1023 1000 507 682 507 905 1037 761|0.001 -0.07326250333122841 -0.08960735716858403 0.014267312219113926
273 1000 273 507 507 371 371 682 1023 682 1023 1037 969 611|0.001 -0.021750450852070502 -0.035932640023155216 -0.0018126917991656555
1344 1000 1972 538 2016 2016 538 732 1344 732 1972 1911 1205 2424|0.001 -0.0819462587344788 -0.06511548402564626 -0.2254839813185705
1362 3750 1860 3667 3667 2500 2500 1000 1362 3750 1860 2241 3801 3320|0.001 -0.1799382490710999 0.03034498044415912 -0.04716902750599217
3667 1000 3667 1860 1362 1362 1860 3750 2500 3750 2500 3801 2241 3320|0.001 -0.3979542621136367 -0.07108011227215716 -0.028741945074636233
507 682 507 273 273 1023 1023 1000 371 682 371 969 1037 611|0.001 -0.07398468027601468 -0.09793456547603774 0.00028720494027689725
2016 732 538 1972 1344 1344 1972 1000 2016 732 538 1205 1911 2424|0.001 0.03148115849182398 -0.17904430885385292 0.036619341007717576
273 1000 273 371 371 507 507 682 1023 682 1023 1037 905 761|0.001 -0.021293928218734104 -0.04694480706799009 -0.00035047143835620354
1860 3750 1362 3667 3667 2500 2500 1000 1860 3750 1362 2791 3801 3553|0.001 -0.1808369297995649 0.029321974268732287 -0.047569347400286954
1836 1000 2693 734 2754 2754 734 1366 1836 1366 2693 2438 2050 3310|0.001 -0.0953378160829832 -0.056414583480582925 -0.3001113849218362
496 267 363 667 667 978 978 1000 496 267 363 598 1202 948|0.001 -0.08531021502079295 -0.07216872056958978 -0.030098002815833746
1500 1000 1500 545 545 744 744 1467 400 1467 400 1803 1328 896|0.001 -0.164473752506461 -0.04219828893446076 -0.0010996744109603718
538 732 2016 1344 1972 1972 1344 1000 538 732 2016 1501 1911 2044|0.001 -0.040561038324684606 -0.09877255456259171 -0.00433608686277509
667 1000 667 496 363 363 496 267 978 267 978 1202 744 885|0.001 -0.010780443112342608 -0.04000294475707378 0.001046073189283625
1500 1000 1500 744 744 545 545 1467 400 1467 400 1803 1421 1117|0.001 -0.048921490822175784 -0.1126540367981832 0.01754233432880392
363 267 496 667 667 978 978 1000 363 267 496 744 1202 885|0.001 -0.08598722262269431 -0.07322912786434377 -0.009805963863444012
734 1366 2754 1836 2693 2693 1836 1000 734 1366 2754 1646 2438 2791|0.001 -0.09808169617738338 -0.06776429239762183 -0.03518599979064674
667 1000 667 363 496 496 363 267 978 267 978 1202 598 948|0.001 -0.014398980456841182 -0.03189324583319553 -0.00193689490159632
629 533 770 770 629 816 849 533 335 284 411 1162 1162 546|0.001 -0.029443759859466567 -0.0948890497961341 0.02406153249627563
693 817 1299 1000 533 436 817 1104 370 1060 693 1510 1133 805|0.001 0.0005525467586076083 -0.09876209541360037 0.03297269966837213
483 906 906 628 335 628 1177 960 395 740 740 1282 1140 527|0.001 -0.03404053184233646 -0.06695138840519532 0.04461364222900999
1530 533 1593 1443 1179 629 770 1875 1179 1000 1443 1815 1573 2041|0.001 -0.08756986404338529 -0.12962612612896884 0.017987429580417214
1299 817 693 1104 1000 817 1060 533 693 436 370 1090 1414 1510|0.001 -0.03645605335645952 -0.09900512335778155 -0.008632998121852475
1875 1875 2069 693 1299 2436 1299 817 1532 1532 1987 2125 1090 2043|0.001 -0.053785861511804756 -0.10569368252302813 -0.03672508192105406
628 960 335 483 906 740 395 906 1177 740 628 1022 1027 987|0.001 -0.07531733371387905 -0.061958295351030035 -0.06967439023038202
1179 1875 1443 2987 2868 2211 2706 1875 2211 3516 2706 1573 3051 1919|0.001 -0.17835624400243888 -0.06382255162633466 -0.0011198571683268543
1000 1104 533 693 1299 693 370 817 817 1060 436 1414 1090 1510|0.001 -0.08263983226296956 -0.056680220483282806 -0.07776096002260258
693 817 1299 1875 2069 1987 1532 1875 1299 1532 2436 1510 2652 2114|0.001 -0.017456257736124803 -0.126551754847386 0.010069416929647801
1179 1875 1443 770 629 1179 1443 533 1530 1000 1593 1573 1162 2041|0.001 -0.02148230179163324 -0.08521756402098846 0.023214578147556786
770 533 629 629 770 411 335 533 849 284 816 839 839 872|0.001 -0.04432867893750636 -0.05940529104209391 -0.011994788597625705
848 1224 1590 1000 1297 1351 1224 533 452 653 848 1334 868 1380|0.001 -0.03376226466938581 -0.07114696828394051 0.0025675142308934085
1443 1875 1179 1530 1593 1443 1179 533 770 1000 629 2179 1627 2041|0.001 -0.0449975558487381 -0.07179982414905584 0.003059113566710181
349 1041 654 771 411 503 944 771 654 944 1226 1064 1334 760|0.001 -0.10245226987064093 -0.03535204274179082 0.03351581673156856
1000 533 1297 848 1590 848 452 1224 1224 653 1351 1731 1848 1334|0.001 -0.04403527937549945 -0.13324084802611935 -0.018652440551994998
2987 1875 2868 1179 1443 2706 2211 1875 2706 3516 2211 3404 2179 3067|0.001 -0.1277423294992941 -0.10495432977673302 -0.014943516917867994
771 771 411 349 654 1226 654 1041 944 944 503 669 1187 1425|0.001 -0.05575558301627259 -0.1069783487946574 -0.07190425147637791
1590 1224 848 2432 1875 2295 2533 1875 2981 2295 1590 1848 1627 3465|0.001 -0.0910397406296537 -0.08979721701056209 0.007920157105871795
770 533 629 1179 1443 1593 1530 1875 1443 1000 1179 839 2179 2041|0.001 -0.0644803943356198 -0.14080567453648052 0.02188269641242302
1590 1224 848 533 1000 1224 653 1297 848 1351 452 1848 1731 1334|0.001 -0.10453462444469985 -0.04092936627313137 -0.10300073816502442
2432 1875 1875 1590 848 1590 2981 1224 2533 2295 2295 3246 1334 2886|0.001 -0.06849575095017602 -0.06413351726675676 0.04690145146945435
1155 1000 2309 816 493 493 816 188 938 188 1155 1915 976 1152|0.001 -0.011866073392914345 -0.08612912937230877 -0.001682182910202057
230 604 1225 2828 1414 1149 1414 1000 230 604 1225 1195 2236 1295|0.001 -0.06401347346822295 -0.03571542068617095 -0.0022441371542314403
493 188 816 2309 1155 938 1155 1000 493 188 816 976 1915 1152|0.001 -0.03236863354578179 -0.10679754705853584 0.05364235314553545
433 500 433 354 354 214 214 500 81 406 81 829 791 422|0.001 -0.038516098052052694 -0.10458982398907968 -0.0009318835131644221
707 2000 707 162 162 866 866 812 427 1000 427 1581 916 500|0.001 -0.08482816813599636 -0.07939052518309953 0.018459042521947744
5004 1000 6158 4355 2632 2632 4355 5333 6158 5333 12317 5640 3079 6143|0.001 -0.3712243163100093 -0.07513151330359014 0.0023002764070545467
2828 1000 1414 230 1225 1225 230 604 1414 604 1149 2236 707 2345|0.001 -0.09327595151330303 -0.074336821082428 -0.40245083442895013
162 812 162 707 707 427 427 2000 866 1000 866 916 1581 500|0.001 -0.13400280045016255 -0.07038480264852987 0.0051331918654207165
816 188 493 1155 2309 1155 938 1000 816 188 493 577 1915 1826|0.001 -0.10327643267604714 -0.043797776796975496 -0.1549815128941967
866 2000 866 427 427 707 707 812 162 1000 162 1658 998 500|0.001 -0.07260989617426161 -0.07538133283046089 -0.031564486703299366
2309 1000 1155 493 816 816 493 188 1155 188 938 1915 577 1826|0.001 -0.009375772609827582 -0.05572033921392161 -0.0033944337663427415
380 1655 2027 2340 1901 2340 4680 1000 380 1655 2027 1170 2334 2143|0.001 -0.05827556446364568 -0.10003487024554669 0.06364294785156988
2340 1000 1901 380 2027 2027 380 1655 4680 1655 2340 2334 1977 3881|0.001 -0.09166648371020103 -0.06994407994691199 -0.40469271537073137
200 1231 200 526 526 870 870 1231 1066 2462 1066 1127 1228 1040|0.001 -0.0759686287492245 -0.027696277996671625 -0.003680027454203705
6158 1000 5004 2632 4355 4355 2632 5333 12317 5333 6158 5640 5203 9737|0.001 -0.5043590712871748 -0.06900348710757176 -0.003951579430458985
526 1231 526 200 200 1066 1066 1231 870 2462 870 1228 1127 1040|0.001 -0.11117786714489153 -0.09461767366018892 0.022582635070282908
1000 1000 1000 891 891 891 891 2000 2000 2000 2000 1414 1671 1671|0.001 -0.12309434171978384 -0.08822930199962498 0.011136860381946168
2245 1000 1123 1123 2245 2245 1123 1000 2245 1000 1123 1876 1876 3175|0.001 -0.0708549342256426 -0.09113231890578888 -0.06009142302267123
891 2000 891 1000 1000 2000 2000 1000 891 2000 891 1671 1414 1671|0.001 -0.07676810306918136 -0.0633984177700464 0.010183298594028667
1000 1000 1000 891 891 891 891 2000 2000 2000 2000 1414 1671 1671|0.001 -0.10889256299837169 -0.1177369983166654 0.019396751002118684
2245 1000 1123 1123 2245 2245 1123 1000 2245 1000 1123 1876 1876 3175|0.001 -0.043746167485149146 -0.10980925011715992 -0.04204299541106127
891 2000 891 1000 1000 2000 2000 1000 891 2000 891 1671 1414 1671|0.001 -0.06930448369158682 -0.10276522626427975 -0.012279881034132911
1000 1000 1000 891 891 891 891 2000 2000 2000 2000 1414 1671 1671|0.001 -0.15237287524404786 -0.0586803770547184 -0.013789573921102471
891 2000 891 1000 1000 2000 2000 1000 891 2000 891 1671 1414 1671|0.001 -0.08834521969306786 -0.06929279569833469 0.0014301729275545405
2245 1000 1123 1123 2245 2245 1123 1000 2245 1000 1123 1876 1876 3175|0.001 -0.07136333566188147 -0.09679088460037621 -0.06987159668293885
1000 1000 1000 891 891 891 891 2000 2000 2000 2000 1414 1671 1671|0.001 -0.042671845726008906 -0.126135941076434 0.0028022987899767315
891 2000 891 1000 1000 2000 2000 1000 891 2000 891 1671 1414 1671|0.001 -0.07962803543403063 -0.09324828299114185 0.01190646238169002
2245 1000 1123 1123 2245 2245 1123 1000 2245 1000 1123 1876 1876 3175|0.001 -0.08678565062794852 -0.09749298437643716 -0.07264384121393297
1123 1000 2245 2245 1123 1123 2245 1000 1123 1000 2245 1876 1876 1588|0.001 -0.013400784381911723 -0.08957335009389888 0.031678532047183516
445 500 445 1000 1000 500 500 1000 445 500 445 836 1414 836|0.001 -0.01650452660573065 -0.11867543540145742 -0.0012142254949998321
1000 1000 1000 445 445 445 445 500 500 500 500 1414 836 836|0.001 -0.03405831316513397 -0.097012430710125 0.02793343697359063
1123 1000 2245 2245 1123 1123 2245 1000 1123 1000 2245 1876 1876 1588|0.001 -0.052241671988034755 -0.1022474524406447 0.036505627778053995
445 500 445 1000 1000 500 500 1000 445 500 445 836 1414 836|0.001 -0.08577007057651853 -0.06259245352399079 0.006662863552455711
1000 1000 1000 445 445 445 445 500 500 500 500 1414 836 836|0.001 -0.08327470835693074 0.007576555303590027 -0.05308781799318818
1123 1000 2245 2245 1123 1123 2245 1000 1123 1000 2245 1876 1876 1588|0.001 -0.03203404698705725 -0.12288971421118622 0.04634711267594405
1000 1000 1000 445 445 445 445 500 500 500 500 1414 836 836|0.001 -0.0629419466168013 -0.03649712917543013 -0.011237444589423662
445 500 445 1000 1000 500 500 1000 445 500 445 836 1414 836|0.001 -0.07246418905372254 -0.10318430358289277 0.003142313958581777
1123 1000 2245 2245 1123 1123 2245 1000 1123 1000 2245 1876 1876 1588|0.001 -0.07876610802249107 -0.08925721607030423 0.025578577020264337
445 500 445 1000 1000 500 500 1000 445 500 445 836 1414 836|0.001 -0.13606077515248227 -0.045207473713471114 -0.03308195081793808
1000 1000 1000 445 445 445 445 500 500 500 500 1414 836 836|0.001 -0.07100762358264845 -0.010676583296052033 -0.009056451101693286
566 600 693 566 566 521 342 200 106 125 130 1149 721 625|0.001 -0.015745267749864844 -0.0936350595916502 -0.01092222328969994
962 816 1540 4355 2632 4009 4355 5333 4619 4355 7698 1743 3079 4788|0.001 -0.33038138692553454 -0.04106226411205394 -0.01950538929404111
650 625 530 2828 2828 1709 2604 5000 3464 3000 2828 820 3606 2000|0.001 -0.4265989859120689 -0.04070359196333029 0.0001375994751540155
1061 1225 1768 1000 921 604 1000 187 221 230 354 1458 1106 1100|0.001 -0.017157797628223337 -0.06385808050853203 0.0008685195983648697
1443 816 866 493 816 816 752 188 289 153 180 1190 577 1041|0.001 -0.009563983689460098 -0.09194608963767337 -0.004070252938644936
380 1655 2027 1755 366 585 2925 1523 310 1655 1655 1170 1138 480|0.001 -0.04497241118149309 -0.1126541082928123 0.042634665964143004
849 1600 1039 2735 4167 4525 4525 4800 4525 8000 5543 1311 4976 5004|0.001 -0.5158657492381902 -0.06904838570295557 -0.02530643255454157
1886 1225 1179 4910 5333 5333 3223 5333 9428 6532 5657 2134 5897 6799|0.001 -0.17715187475929817 -0.11039290119734035 0.02158931566952349
1000 187 921 1061 1768 354 221 1225 1000 230 604 1000 2031 1275|0.001 -0.10145804561438654 -0.04732607474916661 -0.08102509257982615
1155 1667 943 868 570 943 943 208 217 333 177 1915 1037 667|0.001 -0.014266626498651291 -0.05350251190788469 0.008473789029970202
87 817 693 1000 1000 900 200 1000 87 817 693 1052 1414 953|0.001 -0.07146818881785477 -0.04194118342167541 -0.037837168082599515
1179 125 1443 1443 289 1299 1443 1000 1179 125 1443 1519 1190 1329|0.001 -0.031714478034988725 -0.11939654755273588 0.08220308468840587
693 200 693 1000 1000 817 817 1000 87 900 87 825 1414 1052|0.001 -0.013314227903681308 -0.10948381580706323 0.03200765091240454
10392 1000 11547 11547 9434 9434 11547 8000 2309 8000 11547 11000 9522 10630|0.001 -0.452988331117109 -0.10560698666863932 -0.02383039127262565
1000 1000 1000 87 693 693 87 817 200 817 900 1414 825 825|0.001 -0.1020865391700243 -0.07614612273915577 -0.738369096037863
3464 5000 3464 4085 4085 5000 5000 4500 433 5000 433 4123 4603 4123|0.001 -0.44960851584641137 -0.05340208088650544 0.009027862749955151
11547 1000 10392 9434 11547 11547 9434 8000 11547 8000 2309 11000 12152 16330|0.001 -0.5708822172321426 -0.08241433112084362 0.006132620650936005
908 222 908 96 96 770 770 1111 1111 1111 1111 1023 1058 1169|0.001 -0.09078089466933448 -0.09483891168569736 0.045793934407609704
366 1523 1755 2390 2106 2265 3264 1875 3976 2856 6581 1138 2203 2580|0.001 -0.13543302722210382 -0.04626506489050053 -0.02816591206207475
785 881 418 734 2754 1664 153 1366 1195 948 637 922 2050 1989|0.001 -0.10030971205321482 -0.05273452814582136 -0.26243087237638574
4167 4800 2735 5761 6194 8926 6536 10875 7812 18000 5128 4976 7055 12627|0.001 -1.0094751754263842 -0.04578207000409118 -0.016173749595320697
2390 1875 2106 366 1755 6581 3976 1523 3264 2856 2265 3007 1819 4899|0.001 -0.0856712758195477 -0.09882547285963716 -0.30484512013706166
1261 1441 673 161 1756 2906 775 930 828 1055 442 2038 1065 2099|0.001 -0.09508637174534429 -0.08692852978335996 -0.9223813818583659
570 208 868 1860 1362 1200 1291 3750 1068 2266 1628 1037 2241 1255|0.001 -0.3007598219648444 -0.08731363425217853 0.007047971433360445
1487 1875 2142 1152 240 2610 4320 656 1383 1231 1569 1169 1194 1584|0.001 -0.05306571358183243 -0.10002550547831612 0.028666937790795544
734 1366 2754 785 418 637 1195 881 153 948 1664 1646 1258 476|0.001 -0.11114925686043553 -0.03195344129424349 0.034127380932726936
434 604 285 363 496 344 320 267 231 56 152 722 598 701|0.001 -0.033162185895627694 0.009392452911083371 -0.026116079786220325
475 1135 890 1888 174 833 3125 1075 723 1549 1356 1046 1145 864|0.001 0.006537608639645143 -0.15651850939305212 0.050837287502978334
570 92 530 472 718 383 251 1655 821 441 601 607 1618 448|0.001 -0.14028596605814347 -0.05484366876349789 -0.019691130483632246
3510 1523 2121 1123 1275 1741 1208 533 936 812 195 3432 1175 2097|0.001 -0.01838788803714242 -0.1162452781306722 0.03000573043984378
161 930 1756 1261 673 442 828 1441 775 1055 2906 1139 786 502|0.001 -0.11206805066780179 -0.05595134416908509 0.027255074275776003
1143 533 793 1392 2304 614 128 656 837 350 737 623 1664 1715|0.001 -0.15802189542666434 0.006305320041564144 -0.1578919835314374
363 267 496 434 285 152 231 604 320 56 344 744 978 457|0.001 -0.011752276612653212 -0.1499098428157608 0.06328826724876668
1392 656 2304 1143 793 737 837 533 128 350 614 2253 1616 903|0.001 -0.0737499121789964 -0.024777076062172387 -0.03753174295781592
1875 1000 1875 1299 693 693 1299 817 1075 817 375 2125 1510 1580|0.001 -0.027088589406634167 -0.12700780779151266 0.06271939394885573
629 533 770 1443 289 828 1443 1000 629 533 770 1162 1190 797|0.001 -0.022119941466792747 -0.14222278978061276 0.06827146083885127
693 200 693 533 533 436 436 1000 370 573 370 825 1133 805|0.001 -0.09848994500946451 -0.02246232768830514 -0.013289869582415736
533 1000 533 370 370 693 693 573 436 200 436 1133 843 581|0.001 -0.052050001622748754 -0.05115941967331783 -0.005454692820077156
1552 1000 2706 1443 1179 1179 1443 1875 541 1875 2706 2280 1573 1493|0.001 -0.09745083184805381 -0.08101414286279418 0.015486287193993142
1875 1000 1875 693 1299 1299 693 817 375 817 1075 2125 1090 1546|0.001 -0.10126963146244394 -0.0519379814302523 -0.11037113249472208
370 573 370 533 533 436 436 1000 693 200 693 843 1133 581|0.001 -0.04306266303855666 -0.12962489281381662 0.017874833512132593
693 817 1299 1875 1875 1075 375 1000 693 817 1299 1510 2125 1580|0.001 -0.11283643979320801 -0.01842261248571786 -0.05159396356057555
289 1000 1443 770 629 629 770 533 828 533 1443 1190 1162 797|0.001 -0.06433587086572823 -0.019301690608508615 -0.037245951434590197
1443 1000 289 629 770 770 629 533 1443 533 828 1190 839 1636|0.001 -0.009752750061690074 -0.12287333298619973 0.006827841438903359
848 1224 1590 459 1316 2295 2295 1000 848 1224 1590 1334 1266 1934|0.001 -0.06782990855650706 -0.10245180080440952 -0.12094003273737441
2179 2867 2179 3464 3464 1848 1848 5000 2667 5000 2667 2759 4123 2906|0.001 -0.6278937014573205 -0.0075608603392873786 -0.028418398558818225
1443 1875 1179 1552 2706 2706 541 1000 1443 1875 1179 2179 2280 3067|0.001 -0.10628952824777271 -0.0422424380269637 -0.11403087394998512
644 1744 644 760 760 930 930 349 1208 1744 1208 1470 963 1405|0.001 -0.043209223271795105 -0.018240019559413456 -0.006784342400830701
459 1000 1316 848 1590 1590 848 1224 2295 1224 2295 1266 1848 1892|0.001 -0.09199278756651719 -0.05905777156082537 -0.05569172984805526
2706 1000 1552 1179 1443 1443 1179 1875 2706 1875 541 2280 2179 3067|0.001 -0.022515402650200578 -0.13234035953078482 0.02323246774003307
760 349 760 644 644 1208 1208 1744 930 1744 930 963 1470 1405|0.001 -0.07277262145222951 -0.08899808678392684 0.0023530048271958037
1590 1224 848 1316 459 2295 2295 1000 1590 1224 848 1848 1266 1892|0.001 -0.021313138356574557 -0.07638663041114935 0.03919341348439298
770 533 629 289 1443 1443 828 1000 770 533 629 839 1190 1636|0.001 -0.07821256735538018 -0.098783683508753 -0.34237103797095214
3464 5000 3464 2179 2179 2667 2667 2867 1848 5000 1848 4123 2759 2906|0.001 -0.3369915912807231 -0.03485316488293089 -0.01475873166968067
1316 1000 459 1875 2432 2432 1875 1875 5049 1875 3442 1266 3246 3544|0.001 -0.14003167801065475 -0.01651727913979162 -0.021370711587617164
1000 1297 533 245 1836 2693 702 1000 1000 1297 533 1731 1204 2438|0.001 -0.0931178920484177 -0.09666194751044355 -0.6228117282876655
760 349 760 1849 1849 1425 1425 3837 1425 2616 1425 963 2693 1237|0.001 -0.375674492613296 -0.046537078737906024 -0.00927141630436279
1875 1875 2432 1316 459 3442 5049 1000 1875 1875 2432 1627 1266 2257|0.001 -0.05468462982620048 -0.08585622959881745 0.037096079890193145
459 1000 1316 2432 1875 1875 2432 1875 3442 1875 5049 1266 1627 2257|0.001 -0.08715304138738555 -0.09698310903069052 -0.010129308940014514
771 771 411 541 2076 1415 189 1000 771 771 411 669 1457 1879|0.001 -0.08305580678385605 -0.08293291320797147 -0.23127880492916808
2179 2867 2179 4085 4085 5299 5299 7500 4085 11000 4085 2759 4918 7071|0.001 -0.7011634101159481 -0.08448208710134408 -0.020172977783435853
2432 1875 1875 459 1316 5049 3442 1000 2432 1875 1875 3246 1266 3544|0.001 -0.09698670321761194 -0.07805861962812521 -0.14377480375334484
245 1000 1836 1000 533 533 1000 1297 702 1297 2693 1204 868 675|0.001 -0.10611476781876239 -0.054089234328753566 0.02501619227298857
545 1467 545 545 545 707 707 133 290 382 290 1328 656 473|0.001 -0.0024072874515213005 -0.07042042007736948 0.01715387074818553
482 261 482 371 371 198 198 682 371 91 371 702 905 643|0.001 -0.021828775057298744 -0.08877139492038277 -0.014060982171972825
1836 1000 2693 1297 1000 1000 1297 533 245 533 702 2438 1731 1204|0.001 -0.03562271314705989 -0.09744254056194279 -0.0005844540881194682
541 1000 2076 771 411 411 771 771 189 771 1415 1457 1334 521|0.001 -0.05688285950781968 -0.0722760516796106 0.025235622617190145
371 682 371 482 482 371 371 261 198 91 198 905 702 643|0.001 -0.029286446889541518 1.566180919398974e-05 -0.029007488173811158
545 133 545 545 545 290 290 1467 707 382 707 656 1328 473|0.001 -0.052001809256430054 -0.12765385406780405 0.028163188083103474
2693 1000 1836 1000 1297 1297 1000 533 702 533 245 2438 868 1890|0.001 -0.02779484448539371 -0.09825675505605869 -0.014559527946649276
493 188 816 770 629 554 568 533 263 100 435 976 1162 791|0.001 -0.024797503432727463 -0.08645410670611087 0.02206094578694806
693 817 1299 1061 566 342 641 738 130 720 244 1510 1456 676|0.001 -0.030397574825646867 -0.08508941824150518 0.038688944715579154
766 1355 1437 330 176 938 1760 975 463 1107 868 1071 1055 542|0.001 -0.0992692156596986 -0.08853294301509052 0.039783302483720195
2956 533 3031 4355 2632 1404 2322 5333 3354 2844 4106 3198 3079 3093|0.001 -0.36679657905856144 -0.09983159026286992 0.028462374584654615
1768 1875 1305 230 1225 2296 431 604 1444 1133 1273 2574 707 1926|0.001 -0.09378008189539044 -0.08426793426279389 -0.43506770636302483
230 604 1225 1768 1305 1273 1444 1875 431 1133 2296 1195 1398 1275|0.001 -0.13584771359354764 -0.06553674893811756 0.021576135716601108
380 1655 2027 1275 1123 1152 1560 533 203 882 1081 1170 1604 1125|0.001 -0.018230023675215312 -0.11385025322916187 0.02016904758024962
4355 5333 2632 2956 3031 4106 3354 533 2322 2844 1404 5203 2960 3246|0.001 -0.08258506212067807 -0.0010092834121655514 -0.018896927074782965
1275 533 1123 380 2027 1081 203 1655 1560 882 1152 1175 1977 1700|0.001 -0.10640961654971859 -0.07673946341863247 -0.46896543947026137
5683 1875 5543 2632 4355 8165 4934 5333 7698 10000 6289 5997 5203 11208|0.001 -0.38394437514782664 -0.10265967308247914 0.027572458286220236
890 1135 475 180 338 1804 962 1025 1473 1389 786 1428 1082 1760|0.001 -0.10659588558772803 -0.08592535198784446 -0.09225491525039486
2027 1655 380 2106 2390 2925 2159 1875 3800 3103 712 1977 3007 4417|0.001 -0.006955596821524024 -0.1579401563912186 0.02024394742055069
816 188 493 1179 1443 1066 1039 1875 1531 352 925 577 2179 1141|0.001 -0.11008362795465909 -0.10201085072073401 -0.030476117643125633
1590 1224 848 418 785 1298 692 881 298 904 159 1848 922 918|0.001 -0.053415750877693347 -0.07984882483943578 -0.06347934740951633
3000 1000 3000 693 1299 1299 693 817 1500 817 2200 3162 1090 2487|0.001 -0.094225867219907 -0.07731695666547633 -0.10246576405362973
1179 1875 1443 4330 3175 2165 4330 1000 1179 1875 1443 1573 3841 2875|0.001 -0.11684010763884478 -0.06787903611109702 0.004633827998983264
231 733 231 333 333 272 272 1000 433 500 433 887 1054 363|0.001 -0.06398972261930425 -0.029084220742235933 -0.008951956580347531
333 1000 333 433 433 231 231 500 272 733 272 1054 829 503|0.001 -0.05959138569811229 -0.019063543159943963 -0.012016461495895081
1155 1000 2309 770 629 629 770 533 1694 533 2309 1915 1162 1533|0.001 -0.068764638048181 -0.053191264588979825 -0.04457723856102214
693 817 1299 3000 3000 2200 1500 1000 693 817 1299 1510 3162 2661|0.001 -0.12351163374477836 -0.010948907409551456 -0.04651090999504781
3000 1000 3000 1299 693 693 1299 817 2200 817 1500 3162 1510 2661|0.001 0.0013928706817001313 -0.14866094142146902 0.0434979556461057
433 500 433 333 333 272 272 1000 231 733 231 829 1054 503|0.001 -0.06765859052056067 -0.06946620602215736 0.019852444406924796
629 533 770 2309 1155 1694 2309 1000 629 533 770 1162 1915 1533|0.001 -0.09593854843771843 -0.0806807496489248 0.02644465153028186
333 1000 333 231 231 433 433 733 272 500 272 1054 887 363|0.001 -0.05214420725607405 -0.07694990102729338 -0.0005968638284326033
1299 817 693 3000 3000 1500 2200 1000 1299 817 693 1090 3162 2487|0.001 -0.057996556723124426 -0.12731059370793774 0.020994528067346252
3175 1000 4330 1443 1179 1179 1443 1875 2165 1875 4330 3841 1573 2875|0.001 -0.001422004094043805 -0.12585219693990513 0.03910611410184339
4330 1000 3175 1179 1443 1443 1179 1875 4330 1875 2165 3841 2179 4564|0.001 -0.12492226811420482 -0.08605276736766032 0.025941576572987568
1590 1224 848 2693 1836 3672 3672 1000 1590 1224 848 1848 2438 3045|0.001 -0.01044506982199822 -0.1366367957495529 0.016549012831907906
371 682 371 315 315 590 590 1364 455 1364 455 905 1209 686|0.001 -0.1389348426757253 -0.08180330061931418 0.009916701606591527
770 533 629 1155 2309 2309 1694 1000 770 533 629 839 1915 2434|0.001 -0.0891215466161277 -0.041842759259236306 -0.10628972991712282
866 2000 866 545 545 667 667 1467 462 2000 462 1658 1328 726|0.001 -0.16656024775767664 -0.03695719263669406 -0.01834328609769953
2693 1000 1836 1590 848 848 1590 1224 3672 1224 3672 2438 1334 3257|0.001 -0.03916219255645226 -0.10096765437071054 0.054340720640750906
2309 1000 1155 629 770 770 629 533 2309 533 1694 1915 839 2434|0.001 -0.045070537187539284 -0.054912146615657687 -0.008674851460470645
545 1467 545 866 866 462 462 2000 667 2000 667 1328 1658 726|0.001 -0.2093040544277447 -0.046834503138252215 -0.01599614442365116
848 1224 1590 1836 2693 3672 3672 1000 848 1224 1590 1334 2438 3257|0.001 -0.024676099493184944 -0.10337789743152137 -0.004627336070969212
1443 1875 1179 3175 4330 4330 2165 1000 1443 1875 1179 2179 3841 4564|0.001 -0.11436433048853778 -0.032796209937183685 -0.060448057393052146
315 1364 315 371 371 455 455 682 590 1364 590 1209 905 686|0.001 -0.08878544125510146 -0.03874624475738386 -0.026456389014163362
1836 1000 2693 848 1590 1590 848 1224 3672 1224 3672 2438 1848 3045|0.001 -0.04134332628554893 -0.14113202976675954 -0.002105040202081687
15000 1000 15000 3691 3691 3691 3691 7500 15000 7500 15000 15033 4596 15447|0.001 -0.2850728000588032 -0.08537941647471237 0.012040400972002097
246 1000 246 67 67 500 500 1000 246 1000 246 1030 1002 306|0.001 -0.07664588396012362 -0.08572874018729082 0.03177975514768505
4064 1000 4064 271 2032 2032 271 1000 4064 1000 4064 4185 1245 4543|0.001 -0.0885559189407692 -0.08252130790811218 -0.5897982153551984
15000 1000 15000 3691 3691 3691 3691 7500 15000 7500 15000 15033 4596 15447|0.001 -0.4335031571848835 -0.10094483222930495 0.006832203646609525
246 1000 246 67 67 500 500 1000 246 1000 246 1030 1002 306|0.001 -0.0764817003347007 -0.09202546104008724 0.004571628041054598
4064 1000 4064 271 2032 2032 271 1000 4064 1000 4064 4185 1245 4543|0.001 -0.0924609068327531 -0.09093586230472961 -0.5995478998385695
492 133 492 2000 2000 2000 2000 1000 492 133 492 613 2236 2060|0.001 -0.07717546322015156 -0.07402458784128707 -0.023817395206394698
500 1000 500 246 246 246 246 1000 67 1000 67 1118 1030 306|0.001 -0.035041798691152204 -0.11913289999188392 0.027446950944458592
271 1000 2032 4064 4064 4064 4064 1000 271 1000 2032 1245 4185 4073|0.001 -0.031093126224188694 -0.09018912468937046 0.017789055188799363
500 1000 500 246 246 246 246 1000 67 1000 67 1118 1030 306|0.001 -0.06221437119835804 -0.07884501626621021 -0.01378657639861669
492 133 492 2000 2000 2000 2000 1000 492 133 492 613 2236 2060|0.001 -0.0423303225014271 -0.04888257705037202 0.001976625780384378
271 1000 2032 4064 4064 4064 4064 1000 271 1000 2032 1245 4185 4073|0.001 -0.01640728834806593 -0.095376070304235 0.016067781517195012
167 1000 167 681 1319 1319 681 1875 1250 1875 1250 1014 2252 1396|0.001 -0.11411845984527158 -0.034082284747491975 -0.017563889877091343
2754 1937 1469 245 1836 1836 245 1000 2754 1937 1469 3308 1204 3310|0.001 -0.0986887824220184 -0.06504656793102526 -0.6396416653162007
6000 1000 6000 7914 7914 4085 4085 7500 11250 7500 11250 6083 8374 5629|0.001 -0.4586708629855518 -0.11706108224838752 0.010211901905656795
681 1875 1319 167 167 1250 1250 1000 681 1875 1319 938 1014 820|0.001 -0.0980965133538314 -0.08683099470587652 0.01908707545026367
167 1000 167 1319 681 681 1319 1875 1250 1875 1250 1014 938 820|0.001 -0.12267323420128595 -0.027386621807893308 -0.011933711011722359
1422 516 758 126 948 948 126 1000 1422 516 758 711 1058 1709|0.001 -0.10265659580993125 -0.07888462545286634 -0.7064585039521054
6000 1000 6000 4085 4085 7914 7914 7500 11250 7500 11250 6083 4918 13514|0.001 -0.9054294568483945 -0.027014877394643255 -0.04240599890027452
1319 1875 681 167 167 1250 1250 1000 1319 1875 681 2252 1014 1396|0.001 -0.09287725053693241 -0.09929421921736292 -0.008649611492014264
245 1000 1836 2754 1469 1469 2754 1937 245 1937 1836 1204 1378 1489|0.001 -0.0876803570499729 -0.05486164351076073 0.057758015521784944
1500 1000 1500 545 545 1055 1055 133 800 133 800 1803 656 751|0.001 -0.004980961524269079 -0.05581354973082986 0.008409140857070785
1055 133 1055 1500 1500 800 800 1000 545 133 545 1117 1803 1802|0.001 -0.07630552314153105 -0.054206102518818966 -0.026496280341274936
667 1000 667 703 363 363 703 533 89 533 89 1202 1201 437|0.001 -0.017055175055639138 -0.08522218236340473 0.02034733703078162
126 1000 948 1422 758 758 1422 516 126 516 948 1058 1708 769|0.001 -0.13780132519221056 -0.02078397930092457 0.059310093718163426
1500 1000 1500 1055 1055 545 545 133 800 133 800 1803 1117 1802|0.001 -0.005149682943590417 -0.057989615336706546 0.008158537781395303
545 133 545 1500 1500 800 800 1000 1055 133 1055 656 1803 751|0.001 -0.06573880857754011 -0.02156671333784832 -0.034806377864328164
667 1000 667 363 703 703 363 533 89 533 89 1202 500 744|0.001 -0.042963629833353556 -0.09204669564716439 -0.00017561539796151493
5543 1875 5683 1540 962 10464 11547 816 5961 1531 5683 5551 1743 6789|0.001 -0.10127971015476134 -0.0944722057495695 0.04892248773176844
530 625 650 3691 3691 3872 3601 7500 994 6797 1218 1132 4596 4132|0.001 -0.56520628397566 -0.06315192584384066 -0.014530635022906857
492 133 492 162 133 71 87 906 516 83 480 613 1009 473|0.001 -0.04212073942480021 -0.1043294996609001 0.038455763174554125
5581 816 6158 3031 2956 3179 3031 533 513 435 821 6212 3198 3386|0.001 -0.05887638382003346 -0.023254820112227348 -0.015158028002149049
271 1000 2032 269 144 176 330 1049 169 975 1841 1245 961 222|0.001 -0.11699102251115368 -0.05266716840476082 0.028670502027585698
162 906 133 492 492 480 516 133 87 83 71 916 613 519|0.001 -0.0023552810428806303 -0.05577832662978954 0.013299346148720748
269 1049 144 271 2032 1841 169 1000 330 975 176 1119 1245 1861|0.001 -0.09743907130730811 -0.07947289693945203 -0.6486314980710051
1179 1225 1886 6960 7300 6789 6960 1875 12816 2296 14142 1546 7792 7776|0.001 -0.11218060179136735 -0.06957955383471437 -0.018607903091116818
338 1025 180 174 1888 2083 278 1075 276 1025 147 1082 1225 1908|0.001 -0.1001243868258117 -0.0783530171113278 -1.0314591748815338
174 1075 1888 338 180 147 276 1025 278 1025 2083 1145 1001 228|0.001 -0.08651389738368653 -0.036536911109311676 0.01637257042360396
7542 1225 6835 3893 3712 3712 3621 533 1006 653 629 7608 4156 4622|0.001 -0.030353121826767193 -0.08057039950638334 0.016175587915221445
530 92 570 146 179 96 78 1103 543 147 543 649 1113 530|0.001 -0.07879979941016302 -0.02657411804399379 -0.03976035163276048
6960 1875 7300 1179 1886 14142 12816 1225 6960 2296 6789 6692 2134 8667|0.001 -0.07868453988196134 -0.0921865760010887 -0.015627176403304466
1039 1600 849 6194 5761 5906 5906 10875 1949 12000 1591 1811 6598 6232|0.001 -0.6695209414124315 -0.0966996818566146 0.01336508576861295
13000 1000 13000 3691 3691 4085 4085 7500 11250 7500 11250 13038 4596 11840|0.001 -0.30119331671575544 -0.07990733381420978 0.0003135588380098753
314 865 284 77 77 577 577 1000 314 865 284 911 1003 378|0.001 -0.08443016011991933 -0.0892675891940864 0.03744818542461115
3048 1107 3522 271 2032 2032 271 1000 3048 1107 3522 3208 1245 3663|0.001 -0.09061239898279783 -0.0818659156721735 -0.6063195620683548
13000 1000 13000 4085 4085 3691 3691 7500 11250 7500 11250 13038 4918 13514|0.001 -0.5576715532289056 -0.058142007056357636 -0.012053828233140607
284 865 314 77 77 577 577 1000 284 865 314 1040 1003 354|0.001 -0.07829539674338526 -0.08879512080932073 0.00747408313374498
2754 904 3182 245 1836 1836 245 1000 2754 904 3182 3308 1204 3310|0.001 -0.10092003233242886 -0.08042190883446376 -0.6603064873991116
492 133 492 1500 1500 1733 1733 1000 545 133 545 613 1803 1802|0.001 -0.03802029198026635 -0.12479232956771669 0.024066425740589814
667 1000 667 328 363 363 328 1156 89 1156 89 1202 1201 437|0.001 -0.08178589893016452 -0.06373710661568666 0.016385063335515593
271 1000 2032 3048 3522 3522 3048 1107 271 1107 2032 1245 3661 3532|0.001 -0.08707808872134182 -0.0658393377376687 -0.0125692855784576
667 1000 667 363 328 328 363 1156 89 1156 89 1202 1052 409|0.001 -0.04220833466739515 -0.10439501294388642 0.026151667569200843
545 133 545 1500 1500 1733 1733 1000 492 133 492 656 1803 1579|0.001 -0.076786236869546 -0.030389477834652512 0.007402945132843897
245 1000 1836 2754 3182 3182 2754 904 245 904 1836 1204 2898 3192|0.001 -0.007074169491723126 -0.13106589666356028 0.044115735048975147
921 187 1000 1768 1972 1369 1305 1875 1726 352 1875 1106 2577 1076|0.001 -0.17830083751345982 -0.0936999590730958 -0.015227646267349515
1061 1116 566 566 1061 977 521 738 199 774 106 1458 791 1173|0.001 -0.09011185915782316 -0.042808189870380264 -0.09593556514605583
1437 1355 766 144 269 1437 766 1049 1323 1511 705 1972 1119 1437|0.001 -0.08197440903368824 -0.10853346885876469 -0.07482485112298654
7300 1875 6960 5333 4910 9207 10000 5333 10520 10000 9428 7792 5333 14881|0.001 -0.3889306942749926 -0.07762969150256982 0.023358450978494538
1000 921 187 1305 1768 1972 1369 1875 1875 1726 352 1000 2574 2577|0.001 -0.0009712082760404694 -0.1658487345042181 0.022311587540135847
943 533 696 188 1000 533 100 921 1052 491 730 745 1000 1083|0.001 -0.08787495775559928 -0.06573210701217747 -0.4019406368576106
4910 5333 5333 3712 3893 5611 5028 533 2619 2844 2844 5333 3569 3061|0.001 -0.08528085735268087 0.0024194827497781013 -0.020213878015773457
188 921 1000 943 696 730 1052 533 100 491 533 1106 1373 669|0.001 -0.0669778878227878 -0.041060405719977044 -0.04247789427798465
204 1086 1086 2142 1487 1417 1920 1875 382 2037 2037 1086 1169 1363|0.001 -0.06839725598674962 -0.04646712170552236 -0.009647914030604943
2142 1875 1487 204 1086 2037 382 1086 1920 2037 1417 3031 1201 2206|0.001 -0.07901409785893487 -0.09680967260772388 -0.3559638999010861
3712 533 3893 4910 5333 2844 2619 5333 5028 2844 5611 4156 5897 3975|0.001 -0.37404903758426866 -0.08207145134302318 -0.02652990291288737
673 1441 1261 257 137 731 1370 953 731 1291 1370 786 1067 808|0.001 -0.07124558011589843 -0.11217758722819937 0.05215519252538048
1000 188 921 1052 943 696 730 533 533 100 491 1000 1374 1373|0.001 -0.05187715706839513 -0.024883329025197076 -0.004842761303174292
507 896 951 875 467 507 951 694 95 662 178 1306 1415 507|0.001 -0.06250710206206489 -0.09409463620969949 0.05293974783472377
921 188 1000 943 696 645 696 533 491 100 533 1106 1373 1007|0.001 -0.0758745040148101 0.017524099849419716 -0.03839783227976623
566 738 1061 1061 566 521 977 738 106 684 199 1456 1456 625|0.001 -0.15344592454851425 -0.03558556937899637 0.044934194871701916
766 1355 1437 269 144 766 1437 927 705 1000 1323 1071 1095 766|0.001 -0.0589508468924993 -0.09331929746700718 0.07274010985220958
3441 533 3712 5333 4910 2619 2844 5333 3712 2844 5028 4066 5333 4742|0.001 -0.5210464387340308 -0.04229388478638629 0.01856067215856738
1768 1875 1305 187 1000 1875 352 921 1305 1726 1210 2574 1000 1398|0.001 -0.08166236909025737 -0.09257272809758299 -0.36298918169921923
187 921 1000 1768 1305 1210 1305 1875 352 1726 1875 1106 1398 1120|0.001 -0.04407114682481561 -0.09430798286698794 0.0201524335448644
204 1086 1086 756 701 756 1024 533 109 579 579 1086 1094 649|0.001 -0.04103540135359962 -0.09185321777740896 0.008870385018875382
5333 5333 4910 3441 3712 5028 3712 533 2844 2844 2619 5897 3187 3975|0.001 -0.0832308238383872 -0.0014356099533241462 -0.016634245038302797
756 533 701 204 1086 579 109 1086 1024 579 756 966 1201 810|0.001 -0.09409901936509368 -0.06993798290734987 -0.409094848050211
6960 1875 6452 4910 5333 10000 9207 5333 9428 10000 6960 7623 5897 13728|0.001 -0.41569461991948553 -0.10643474808213149 0.01424730812010111
1427 1079 761 155 291 1550 827 1079 1550 1461 827 1561 1182 1714|0.001 -0.07608362162167093 -0.08693628857620705 -0.06117016472963921
1086 1086 204 1314 1417 1920 1417 1875 2037 2037 382 1201 2051 2796|0.001 0.0042567427586504 -0.16329143250619516 0.016242252725104933
1000 187 921 1305 1768 1305 1210 1875 1875 352 1726 1000 2574 1398|0.001 -0.11110778211051775 -0.050031521868098006 -0.010308352302182966
1437 1355 766 705 1323 1437 766 927 269 1000 144 1972 1277 1437|0.001 -0.09534864997695625 -0.048456521319453216 -0.11323400065306188
921 187 1000 1768 1305 1210 1305 1875 1726 352 1875 1106 1398 1667|0.001 -0.057449154083977216 -0.13875543449375138 0.04176306353450787
1061 738 566 566 1061 977 521 738 199 684 106 791 791 1173|0.001 -0.1158071057719523 -0.06611281629629207 -0.10185407758987575
1437 1355 766 144 269 1437 766 927 1323 1000 705 1972 859 1437|0.001 -0.09659218646995704 -0.08548568214897023 -0.05994669580964951
6452 1875 6960 5333 4910 9207 10000 5333 6960 10000 9428 5976 5333 10072|0.001 -0.3058851558836906 -0.11148905768230577 -0.025346485340704827
1000 921 187 1305 1768 1305 1210 1875 1875 1726 352 1000 2574 1398|0.001 0.002841276063976217 -0.13558736614223577 0.016097619360495585
943 533 696 188 1000 533 100 921 696 491 645 745 1000 1373|0.001 -0.10008549014945745 -0.08658585672922325 -0.4642894744793036
4910 5333 5333 3712 3441 3712 5028 533 2619 2844 2844 5333 4066 4742|0.001 -0.08568038135425837 0.0016820698426878167 -0.02098921976322332
188 921 1000 943 696 645 696 533 100 491 533 1106 1373 762|0.001 -0.010962046896876299 -0.10641143857475721 0.04704971706868122
204 1086 1086 1417 1314 1417 1920 1875 382 2037 2037 1086 1811 1552|0.001 -0.05050974036587941 -0.08786948213139079 -0.008610267298653218
1417 1875 1314 204 1086 2037 382 1086 1920 2037 1417 2051 1201 2796|0.001 -0.08969500648521866 -0.08797643449643511 -0.3756291956032931
3712 533 3441 4910 5333 2844 2619 5333 5028 2844 3712 3187 5897 3975|0.001 -0.5168773825403672 -0.02573260977771108 -0.024508319643387066
761 1079 1427 291 155 827 1550 1079 827 1461 1550 1378 926 914|0.001 -0.06289841310914146 -0.10780714821447268 0.07969405718368128
1000 188 921 696 943 696 645 533 533 100 491 1000 745 1373|0.001 -0.027721022118737393 -0.10379074778941844 -0.009883114132590576
766 1355 1437 1323 705 766 1437 927 144 1000 269 1071 1447 766|0.001 -0.012021445662500074 -0.09314333924233531 0.04179580842816
96 1000 384 1417 1314 1314 1417 1875 2340 1875 2880 1018 1811 1397|0.001 -0.10996634136435701 -0.03875361379595876 -0.005866771233052903
1323 927 705 271 2032 1651 68 1000 1323 927 705 1277 1245 2259|0.001 -0.09657132919938749 -0.06889702582504431 -0.6148637685131242
10416 4000 10416 13687 13687 14765 14765 24375 19531 30000 19531 10607 14550 21366|0.001 -1.638151183347153 -0.11202030759847714 0.0030709352860402994
2604 250 2604 3691 3691 3422 3422 7500 4883 6094 4883 2652 4596 4715|0.001 -0.5145058745584019 -0.07333435961900836 0.008316408711159795
1314 1875 1417 384 96 2340 2880 1000 1314 1875 1417 1811 1018 1397|0.001 -0.06893571736524273 -0.0968252450972018 0.03913237167876504
271 1000 2032 1323 705 705 1323 927 68 927 1651 1245 1447 718|0.001 -0.09648759663845263 -0.06578541927635517 0.08674522184898947
651 812 651 492 492 456 456 133 347 33 347 1112 613 712|0.001 -0.006020353877957962 -0.057666973319913106 0.009245785223246372
561 41 561 801 801 427 427 1231 606 164 606 597 1368 774|0.001 -0.0632123747879565 -0.07704988126579049 0.00649793219468231
1536 1000 1248 701 756 756 701 533 205 533 51 1708 966 941|0.001 -0.049170256248333155 -0.09871366415366234 0.023617217061731033
73 1000 1781 1427 761 761 1427 1079 292 1079 2192 1063 1378 775|0.001 -0.047321265013757774 -0.0573829387664071 0.026713881150706165
492 133 492 651 651 347 347 812 456 33 456 613 1112 712|0.001 -0.04403823860684608 -0.057674432720606905 -0.010101863177404136
1248 1000 1536 756 701 701 756 533 51 533 205 1708 1094 745|0.001 -0.06618693902719297 -0.04036686140693857 0.012197124452111296
1732 816 2309 816 493 752 816 188 1046 153 1155 2449 976 1251|0.001 -0.013510548700713665 -0.05599754672066415 0.01519552286362913
230 604 1225 2828 1414 1282 2121 1000 187 921 1000 1195 2236 1427|0.001 -0.08470482886964614 -0.056228123641024474 0.04089458028257109
921 187 1000 2828 2121 1282 1414 1225 604 230 1000 1106 2345 2074|0.001 -0.07011400711703808 -0.0764771776698503 0.040035695290936424
433 750 354 354 354 214 326 500 81 453 66 829 791 422|0.001 -0.0555983212398059 -0.06254623001694992 -0.00825950885844029
707 2000 707 133 162 866 707 906 427 1500 651 1581 916 500|0.001 -0.08561112349860456 -0.0924857470632523 0.034745172864563134
6835 1225 7542 5333 4910 3223 5333 5333 11314 6532 15085 6908 5333 8172|0.001 -0.18304475048611213 -0.10144806902949055 -0.004346316746346446
2828 1000 1414 230 1225 1000 187 604 2121 921 1282 2236 707 3000|0.001 -0.09913631276777024 -0.06859186142903373 -0.4350808886494639
133 906 162 707 707 651 427 2000 707 1500 866 1009 1581 707|0.001 -0.1469572675746722 -0.02865301525493469 -0.012945139111264492
816 188 493 1732 2309 1155 1046 816 816 153 752 577 1915 1826|0.001 -0.05959284296072176 -0.09983198776062352 -0.0035140199796845906
471 1333 577 285 434 471 471 604 88 667 108 1106 722 471|0.001 -0.010881493037594447 -0.10574093048610567 0.0036354819884554246
2828 1225 2121 921 1000 1000 604 187 1414 230 1282 3000 1000 2236|0.001 -0.02072976884491262 -0.03146430822786761 -0.018601768388001316
204 1086 1086 2304 1392 1536 3072 656 249 1086 1330 1086 2253 1549|0.001 -0.0448860116315597 -0.07317063025541248 0.035468570105534614
2304 656 1392 204 1086 1330 249 1086 3072 1086 1536 1664 1201 3258|0.001 -0.07981377984170646 -0.09655260814679711 -0.3710530556267555
179 1103 146 718 472 780 780 1655 956 2207 780 1113 1196 932|0.001 -0.13114719682192133 -0.06550445856667864 0.0008551629816833106
6158 816 5581 2632 4355 4355 4009 5333 12317 4355 9238 5640 5203 9737|0.001 -0.21166951479361207 -0.12565604917765816 0.004033842745407856
718 1655 472 179 146 780 956 1103 780 2207 780 1618 1011 863|0.001 -0.09497528493242924 -0.0852888763711579 -0.00789358074616442
1000 1000 1000 162 162 133 133 812 906 812 906 1414 916 1009|0.001 -0.057648688956919436 -0.0928540562824931 -3.714367095897231e-05
5004 1000 6158 6158 5581 5581 6158 816 5004 816 6158 5640 6212 7496|0.001 -0.05406733679935605 -0.11203150787134075 0.018636819163948548
133 906 162 1000 1000 812 812 1000 133 906 162 1009 1414 911|0.001 -0.16374020525887434 0.013014257104799754 -0.06044374773715555
1000 1000 1000 162 133 133 162 906 812 906 812 1414 1009 911|0.001 -0.03857181702643597 -0.11867554866877295 0.040225514011826835
5581 816 6158 6158 5004 5004 6158 1000 5581 816 6158 6212 5640 7496|0.001 -0.03832830448881053 -0.0800016452264829 0.011386948614586778
162 812 162 1000 1000 906 906 1000 133 812 133 916 1414 1009|0.001 0.004356786400472323 -0.1423580637319788 0.042459390903746286
1000 1000 1000 133 133 162 162 812 906 812 906 1414 911 916|0.001 -0.05328520367505307 -0.07218472827812294 -0.017210006825134627
162 906 133 1000 1000 812 812 1000 162 906 133 916 1414 916|0.001 -0.03960301172759029 -0.0972757948458336 -0.013108866237128147
6128 1000 7542 7542 6835 6835 7542 1225 6128 1225 7542 6872 6908 9180|0.001 -0.029389602582186036 -0.1257635536546564 0.02771262485808279
1000 1000 1000 133 162 162 133 906 812 906 812 1414 916 916|0.001 -0.04906119881255111 -0.07583440835032484 -0.003910694578520557
133 812 133 1000 1000 906 906 1000 162 812 162 911 1414 916|0.001 -0.10951768812533236 -0.03238022092834192 -0.013547724403487615
6835 1225 7542 7542 6128 6128 7542 1000 6835 1225 7542 6908 6872 9180|0.001 -0.02474936877015721 -0.07114359232450629 0.015576503084853144
6158 816 5581 5004 6158 6158 5004 1000 6158 816 5581 5640 5640 8709|0.001 -0.004661620874024663 -0.1053320385541967 0.020641703039583348
200 1231 200 1115 1115 1231 1231 1000 163 1231 163 1127 1498 1127|0.001 -0.05762036013758465 -0.04276056579120335 -0.000996235698751402
897 1000 897 179 146 146 179 1103 1103 1103 1103 1343 1011 1005|0.001 -0.026895647103430953 -0.10017579543744493 0.0012160619206103007
6158 1000 5004 5581 6158 6158 5581 816 6158 816 5004 5640 5640 8709|0.001 -0.043500731778784996 -0.075007777658469 -0.01309510247185286
146 1103 179 897 897 1103 1103 1000 146 1103 179 1011 1343 1005|0.001 -0.0799690010929699 -0.06101215226795742 -0.006480322031792163
1115 1000 1115 200 200 163 163 1231 1231 1231 1231 1498 1127 1127|0.001 -0.07250607409272969 -0.11835453211135216 -0.0063791977791827215
7542 1225 6835 6128 7542 7542 6128 1000 7542 1225 6835 7608 6872 10667|0.001 -0.12261934459965596 -0.05244011029030271 -0.030690317741001172
897 1000 897 146 179 179 146 1103 1103 1103 1103 1343 1113 1011|0.001 -0.08624333065828549 -0.03678901398073475 -0.022386765684422327
163 1231 163 1115 1115 1231 1231 1000 200 1231 200 1121 1498 1242|0.001 -0.09320242149815416 -0.019442450117259646 -0.0067718232687707935
7542 1000 6128 6835 7542 7542 6835 1225 7542 1225 6128 6872 7608 10667|0.001 -0.11980281433544238 -0.046379470300971226 -0.005538938507836377
179 1103 146 897 897 1103 1103 1000 179 1103 146 1113 1343 1011|0.001 0.0016304118835885895 -0.12941458023234764 0.031978223006197126
1115 1000 1115 163 163 200 200 1231 1231 1231 1231 1498 1121 1242|0.001 -0.118767462747289 -0.08480589991585519 -0.019263467605933338
3000 1000 3000 566 566 693 693 200 2600 200 2600 3162 721 2661|0.001 -0.01572536302213212 -0.03323088564638921 -0.016506669208555813
354 1000 1768 5303 4596 4596 5303 1225 354 1225 1768 1275 4704 4610|0.001 -0.09154296846593857 -0.03977013392165496 0.016714307953449303
333 1000 333 189 231 231 189 867 67 867 67 1054 887 275|0.001 -0.10000395194161515 -0.031587148932401554 -0.007733491814350124
566 200 566 3000 3000 2600 2600 1000 693 200 693 721 3162 2661|0.001 -0.037295563664457854 -0.12742467758379172 0.0010065918923451989
3000 1000 3000 693 693 566 566 200 2600 200 2600 3162 825 3053|0.001 -0.014422837881494788 -0.04397899271208039 -0.011148850169134805
289 1000 1443 4330 3753 3753 4330 816 289 816 1443 1190 4406 3764|0.001 -0.13844514865203994 -0.025932865165717578 -0.010131235845664
333 1000 333 231 189 189 231 867 67 867 67 1054 1018 240|0.001 -0.0761660383649354 -0.08407134201871003 -0.003935263534661226
693 200 693 3000 3000 2600 2600 1000 566 200 566 825 3162 3053|0.001 -0.0319364026500657 -0.11705659142022595 0.02627509660602101
5303 1225 4596 354 1768 1768 354 1000 5303 1225 4596 5397 1275 5590|0.001 -0.0988138693464613 -0.07418493059187403 -0.40251060608757605
77 1000 77 218 266 266 218 1154 385 1154 385 1003 1174 317|0.001 -0.04688639290309382 -0.05608691236557939 0.002409133216392245
266 1154 218 77 77 385 385 1000 266 1154 218 1174 1003 317|0.001 -0.07684699713375043 -0.09790078755331777 0.004037473526605773
13000 1000 13000 2828 2828 3464 3464 5000 15000 5000 15000 13038 3606 15264|0.001 -0.37099488952925586 -0.06182759957470085 0.0017731765901873864
4330 816 3753 289 1443 1443 289 1000 4330 816 3753 3841 1190 4564|0.001 -0.0950388621164 -0.0805782530016741 -0.36877946146374296
77 1000 77 266 218 218 266 1154 385 1154 385 1003 1023 277|0.001 -0.03360351541092377 -0.07867253742132152 0.008793579092478687
218 1154 266 77 77 385 385 1000 218 1154 266 1023 1003 277|0.001 -0.06557356539744541 -0.09803956441076012 0.027311727505692218
13000 1000 13000 3464 3464 2828 2828 5000 15000 5000 15000 13038 4123 13304|0.001 -0.3680467108741847 -0.10493901306998787 0.030080829581524693
696 533 943 943 1052 1140 1040 533 371 284 503 1373 1083 1070|0.001 -0.05198602347334491 -0.05530164551477146 -0.04115029900796374
566 1116 1061 1000 533 394 738 1104 302 1209 566 1149 1133 777|0.001 -0.07430980462373893 -0.018844697710226344 0.028122531796512806
483 906 906 513 273 513 961 1096 357 1011 669 1282 955 382|0.001 -0.01460807471703851 -0.09664020991592914 0.004230570868559713
2137 533 1951 1768 1305 696 943 1875 1972 1000 1768 1862 1398 2500|0.001 -0.24665284729148862 -0.009363115748894923 -0.05560316534405141
1061 738 566 1104 1000 1116 1209 533 566 394 302 791 1414 1149|0.001 3.10982988227515e-05 -0.11204516931231367 0.0276628430838044
1875 1875 2069 566 1061 1989 1061 738 2092 1384 2267 2125 791 2733|0.001 -0.10538422699512662 -0.06351617673169163 -0.05326672745758709
513 1096 273 483 906 669 357 906 961 1011 513 1253 1027 716|0.001 -0.09799297390198691 -0.0820620185402754 -0.09601047517994954
1305 1875 1768 3658 4007 3698 3315 1875 2447 3516 3315 1398 4582 3762|0.001 -0.22711905468173366 0.0056035723469882726 -0.018880787259462073
1000 1104 533 566 1061 566 302 1116 738 1209 394 1414 1458 1456|0.001 -0.08594059290035982 -0.05304261017785472 -0.08836069489138842
566 738 1061 1875 2069 2267 2092 1875 1061 1384 1989 1456 2652 2592|0.001 -0.0636495479228627 -0.06456384257043313 -0.002252074710487051
1972 1875 1768 943 696 1305 1768 533 2137 1000 1951 2577 1373 2500|0.001 -0.0332491530114043 -0.09891011702545027 0.02154097668149113
943 533 1052 696 943 503 371 533 1040 284 1140 1374 745 1069|0.001 -0.033804172679327005 -0.0562934273677651 0.010840810335666085
766 1355 1437 1511 1638 1495 1355 533 409 722 766 1071 1537 1873|0.001 -0.026826495396505834 -0.07633557573039407 0.0026868594770679266
1768 1875 1305 2137 1951 1768 1972 533 943 1000 696 2574 2444 2500|0.001 -0.05048093295114353 -0.023444560320512453 -0.009705439964364793
250 913 468 611 326 441 827 923 468 827 877 1143 1170 642|0.001 -0.011667223437553664 -0.06990719448078608 0.010936498157934071
1511 533 1638 766 1437 766 409 1355 1355 722 1495 1916 1972 1975|0.001 -0.04754333749804496 -0.12635672041674373 -0.03401969001694538
3658 1875 4007 1305 1768 3315 2447 1875 3315 3516 3698 3492 2574 3757|0.001 -0.17998935696912022 -0.09101297318132251 0.013891777886616552
611 923 326 250 468 877 468 913 827 827 441 939 871 1204|0.001 -0.053328663827373335 -0.10527502516901821 -0.05882312476009233
1437 1355 766 3071 2834 2540 2803 1875 2694 2540 1437 1972 2882 2918|0.001 -0.056797564868894534 -0.08715504407883379 0.008659166477116287
943 533 696 1972 1768 1951 2137 1875 1768 1000 1305 745 2031 2500|0.001 -0.028862498772124212 -0.15951529149253574 0.04409281512152141
951 896 507 353 662 896 478 1084 507 989 270 1030 1267 709|0.001 -0.12624274902914623 -0.03846222040088554 -0.11044740970839073
3071 1875 2834 1437 766 1437 2694 1355 2803 2540 2540 3592 1071 2675|0.001 -0.05757847736495236 -0.09275573270774884 0.015367103888117573
366 1000 366 1006 1605 1903 1434 1690 1690 1690 1690 1065 2556 2128|0.001 -0.1516501848790497 -0.10498196058791431 -0.0004998157852365015
1681 1596 994 364 1681 1681 364 1426 1681 1892 994 2542 1712 2377|0.001 -0.11108849330589088 -0.0600451701317406 -0.4425476540826101
2731 1000 2731 4383 5196 3915 2746 4615 4615 4615 4615 2908 5811 3320|0.001 -0.3108314397356815 -0.03964241784700451 -0.01641029181462028
1006 1690 1605 366 366 1690 1690 1000 1434 1690 1903 659 1065 1721|0.001 -0.07840204122717687 -0.09826788414635468 -0.004297957949394027
366 1000 366 1903 1434 1006 1605 1690 1690 1690 1690 1065 1216 1158|0.001 -0.1256244283755381 -0.05034277021506495 0.00017440039140836916
888 753 526 192 888 888 192 844 888 528 526 639 896 1256|0.001 -0.08141854836785978 -0.10974748340831786 -0.29601341591807717
2731 1000 2731 3915 2746 4383 5196 4615 4615 4615 4615 2908 3163 6980|0.001 -0.23731674830980487 -0.11817775781909012 0.020979123366349217
1903 1690 1434 366 366 1690 1690 1000 1605 1690 1006 2753 1065 1705|0.001 -0.10398274604730973 -0.08456674829633193 -0.01106534647717039
364 1426 1681 1681 994 994 1681 1596 364 1892 1681 1152 655 1059|0.001 -0.08524071686405343 -0.061413830167273975 0.02406676709829414
1000 1000 1000 595 848 1126 950 217 592 217 592 1414 685 719|0.001 -0.020895759229765387 -0.0671241777472742 -0.0402520597969136
1126 217 950 1000 1000 592 592 1000 848 217 595 1009 1414 1629|0.001 -0.04785274951956797 -0.022297668210974342 -0.005522326589015858
1000 1000 1000 950 595 848 1126 592 217 592 217 1414 1512 685|0.001 -0.05509863700839279 -0.07853355207356749 0.029138187073975974
192 844 888 888 526 526 888 753 192 528 888 1118 1447 560|0.001 -0.08678983189543743 -0.02389636330582756 0.015224070349151297
1000 1000 1000 1126 950 595 848 217 592 217 592 1414 1259 1512|0.001 -0.015394842743261528 -0.05000836280116716 0.009061477928344885
595 217 848 1000 1000 592 592 1000 950 217 1126 1018 1414 390|0.001 -0.09310412435715731 -0.0597745181433762 -0.028420908676403123
1000 1000 1000 848 1126 950 595 592 217 592 217 1414 719 1259|0.001 -0.07166701540834652 -0.06459179032417661 -0.01432633922737847
3000 1000 3000 693 693 693 693 200 2200 200 2200 3162 825 2661|0.001 -0.017101991823152973 -0.08535978970464653 0.005818239588517571
289 1000 1443 4330 3175 3175 4330 1000 289 1000 1443 1190 3841 3189|0.001 -0.031454076063860414 -0.05651140324662074 0.019581775657402378
333 1000 333 231 231 231 231 733 67 733 67 1054 887 275|0.001 -0.06684847617520862 -0.06703186180582077 -0.028003436256828218
693 200 693 3000 3000 2200 2200 1000 693 200 693 825 3162 2661|0.001 -0.06534423551450175 -0.07851683740535798 0.017344624824351396
3000 1000 3000 693 693 693 693 200 2200 200 2200 3162 825 2661|0.001 -0.017820005172086706 -0.056987134071168066 -0.015471833525771972
289 1000 1443 4330 3175 3175 4330 1000 289 1000 1443 1190 3841 3189|0.001 -0.046248880616495125 -0.1171960073164624 0.04066060883868294
333 1000 333 231 231 231 231 733 67 733 67 1054 887 275|0.001 -0.05629401923174182 -0.07980677624452981 0.018619416096741226
693 200 693 3000 3000 2200 2200 1000 693 200 693 825 3162 2661|0.001 -0.09605423340945163 -0.010279888731413722 -9.123396613075485e-05
4330 1000 3175 289 1443 1443 289 1000 4330 1000 3175 3841 1190 4564|0.001 -0.10328748081821049 -0.07061813906074299 -0.4400244823909494
91 1000 91 315 315 315 315 1364 455 1364 455 1004 1209 375|0.001 -0.0697905339392757 -0.0717650873584097 0.010741415172315083
315 1364 315 91 91 455 455 1000 315 1364 315 1209 1004 375|0.001 -0.07420378889342549 -0.08887230650815758 0.0010917134166077425
11000 1000 11000 3464 3464 3464 3464 5000 15000 5000 15000 11045 4123 13304|0.001 -0.43780536714358 -0.09005594607235379 0.023394067555126963
4330 1000 3175 289 1443 1443 289 1000 4330 1000 3175 3841 1190 4564|0.001 -0.0871079567689037 -0.08247657927389129 -0.35381622466524876
91 1000 91 315 315 315 315 1364 455 1364 455 1004 1209 375|0.001 -0.07003997976493981 -0.0760167882484597 0.012725119639382942
315 1364 315 91 91 455 455 1000 315 1364 315 1209 1004 375|0.001 -0.09858304900083326 -0.07503347091890156 0.016158949800018085
11000 1000 11000 3464 3464 3464 3464 5000 15000 5000 15000 11045 4123 13304|0.001 -0.514522443548816 -0.044991626774978366 0.012906261036236266
2828 1000 2828 1000 921 921 1000 187 1414 187 1414 3000 1106 2202|0.001 -0.010131195404324833 -0.08308760644812896 0.021525395431052363
187 921 1000 2828 1414 1414 2828 1000 187 921 1000 1106 2236 1427|0.001 -0.02163542878839464 -0.08070117810995536 0.0283537218467389
921 187 1000 2828 2828 1414 1414 1000 921 187 1000 1106 3000 2202|0.001 -0.06431949851231522 -0.07264289459397943 -0.0008618406817872959
354 1000 354 354 354 326 326 500 66 500 66 1061 791 391|0.001 -0.05524656317317689 -0.07541215160050463 0.0233065959398826
707 2000 707 133 133 707 707 1000 651 2000 651 1581 1009 707|0.001 -0.07463408760292056 -0.08461116192402751 0.025714571224300098
7542 1000 7542 5333 4910 4910 5333 5333 15085 5333 15085 7608 5333 11743|0.001 -0.30701889281820716 -0.065654268462364 0.0014759943539144338
2828 1000 1414 187 1000 1000 187 921 2828 921 1414 2236 1000 3000|0.001 -0.09152175357024284 -0.0860397502000132 -0.4204233901547594
133 1000 133 707 707 651 651 2000 707 2000 707 1009 1581 707|0.001 -0.08589251992865643 -0.08154046047720964 0.0066570949584421335
1000 187 921 2828 2828 1414 1414 1000 1000 187 921 1000 3000 2236|0.001 -0.05784404947140942 -0.09152594963720562 -0.026413643242162443
354 1000 354 326 326 354 354 500 66 500 66 1061 778 354|0.001 -0.07548576587347533 -0.04079448388101925 -0.0417359438031506
2828 1000 2828 921 1000 1000 921 187 1414 187 1414 3000 1000 2236|0.001 -0.017486841202118963 -0.09081288497119644 0.02859828253479746
204 1086 1086 3072 1536 1536 3072 1000 204 1086 1086 1086 2391 1549|0.001 0.0009732344831858697 -0.06186568398592218 0.030308661098228384
3072 1000 1536 204 1086 1086 204 1086 3072 1086 1536 2391 1201 3258|0.001 -0.10387244879653368 -0.05027207886455609 -0.47759256088234725
133 1000 133 651 651 707 707 2000 707 2000 707 1009 1557 782|0.001 -0.1566027636551015 -0.10051495546376077 -0.020068736168482593
7542 1000 7542 4910 5333 5333 4910 5333 15085 5333 15085 7608 5897 11926|0.001 -0.10210902719259174 -0.16288957437023854 0.04407808157158799
651 2000 651 133 133 707 707 1000 707 2000 707 1557 1009 782|0.001 -0.04674941388085885 -0.11539675176578834 0.019763171369764354
2719 1000 906 273 513 513 273 1096 2719 1096 906 1861 1253 2766|0.001 -0.056144032230655005 -0.1218634589197487 -0.05241094632513765
4007 1875 3658 3315 3315 9944 9944 1000 4007 1875 3658 4582 3462 7001|0.001 -0.04388320162701631 -0.10844258503565407 0.00642213812565906
302 1000 302 1104 1104 1209 1209 3000 566 3000 566 1045 2054 1382|0.001 -0.25117171706386165 -0.04974227731825209 -0.002527328041729282
368 333 368 189 189 101 101 1000 403 333 403 685 1018 351|0.001 -0.125804521487618 -0.013069054770987742 -0.005457524625120946
5303 1000 5303 1951 2137 2137 1951 533 1768 533 1768 5397 1862 3734|0.001 -0.05269631494950744 -0.041942637790179926 -0.007868383705706972
273 1096 513 2719 906 906 2719 1000 273 1096 513 955 1861 947|0.001 -0.06594596792083407 -0.11437449201268324 0.05336205773064595
906 1000 2719 513 273 273 513 1096 906 1096 2719 1861 955 947|0.001 -0.011352516882601194 -0.10386767192949509 0.029795345422771735
189 1000 189 368 368 403 403 333 101 333 101 1018 685 351|0.001 -0.011612814973432917 -0.10147365673882858 0.011209851764593104
2137 533 1951 5303 5303 1768 1768 1000 2137 533 1951 1862 5397 3734|0.001 -0.09444581666131824 -0.07147771676315084 -0.0205398760990394
1104 3000 1104 302 302 566 566 1000 1209 3000 1209 2054 1045 1382|0.001 -0.1265151451957991 -0.04767110846532585 -0.00040949426528658073
513 1096 273 906 2719 2719 906 1000 513 1096 273 1253 1861 2766|0.001 -0.09557153773164795 -0.06570666093715039 -0.17076308525536432
3315 1000 3315 3658 4007 4007 3658 1875 9944 1875 9944 3462 4582 7001|0.001 -0.0920979742653183 -0.1068473331149633 0.012541315426464195
3315 1000 3315 4007 3658 3658 4007 1875 9944 1875 9944 3462 3492 6807|0.001 -0.06618615488958146 -0.10648148110966704 0.003276134134941877
468 913 250 827 2481 2481 827 1000 468 913 250 871 1747 2525|0.001 -0.07694147098559978 -0.06219418585744152 -0.1594451152519727
1209 3000 1209 302 302 566 566 1000 1104 3000 1104 2112 1045 1053|0.001 -0.12612532279150823 -0.046133660320607506 0.0022422085041884365
1951 533 2137 5303 5303 1768 1768 1000 1951 533 2137 2444 5397 3631|0.001 -0.0962009377532258 -0.07520854119198228 -0.02137900541680171
189 1000 189 403 403 368 368 333 101 333 101 1018 704 461|0.001 -0.031068657569253144 -0.016602614409880756 -0.007855234351855644
827 1000 2481 468 250 250 468 913 827 913 2481 1747 1143 864|0.001 -0.05049633808379639 -0.10124950226960694 0.014928289530669048
5303 1000 5303 2137 1951 1951 2137 533 1768 533 1768 5397 2444 3631|0.001 -0.024625150887171987 -0.09651294376222364 0.01932711870654691
403 333 403 189 189 101 101 1000 368 333 368 704 1018 461|0.001 -0.1078623478949603 -0.008564198606966222 -0.01958366329036454
250 913 468 2481 827 827 2481 1000 250 913 468 1143 1747 864|0.001 -0.08428242368182848 -0.07676667830123995 0.08474301018534858
3658 1875 4007 3315 3315 9944 9944 1000 3658 1875 4007 3492 3462 6807|0.001 -0.0751966603777332 -0.09485704843865461 0.0023583754927836154
302 1000 302 1209 1209 1104 1104 3000 566 3000 566 1045 2112 1053|0.001 -0.2516933778061925 -0.08154169548419521 -0.024554380892100047
2481 1000 827 250 468 468 250 913 2481 913 827 1747 871 2525|0.001 -0.06256823453644422 -0.1217212970835524 -0.0589063735559181
3000 1000 3000 693 1299 1061 566 817 2250 738 2600 3162 1090 3182|0.001 -0.031052045667268047 -0.14691122682775393 5.44199556573588e-05
1179 1875 1443 4330 3753 3248 4330 816 1066 1531 1443 1573 4406 3901|0.001 -0.10553454480135671 -0.021711679187516042 0.0020041575053908467
189 867 231 333 333 246 272 1000 354 750 433 1018 1054 264|0.001 -0.04371086859426332 -0.10197889113146341 0.012043913903321268
333 1000 333 433 354 189 231 750 246 867 272 1054 1061 485|0.001 -0.1022021928381367 0.011612953892485844 -0.016999146978247115
1732 816 2309 770 629 568 770 533 2001 435 2309 2449 1162 1823|0.001 -0.027121418878454095 -0.10212085645305402 0.0014608574808239183
693 817 1299 3000 3000 2600 2250 1000 566 738 1061 1510 3162 3053|0.001 -0.08050189032603683 -0.04516710975033922 -0.026175537294390594
3000 1000 3000 1061 566 693 1299 738 2600 817 2250 3162 1456 2661|0.001 -0.024594016875385538 -0.11975319588616307 0.0465254353358624
433 750 354 333 333 272 246 1000 231 867 189 829 1054 503|0.001 -0.11662272174204236 -0.04946955497995065 -0.014491080640356424
696 533 943 2828 2121 2451 2828 1225 770 653 943 1373 2345 2548|0.001 -0.06647107817004838 -0.05539876661926568 0.02799546237809425
333 1000 333 189 231 433 354 867 272 750 246 1054 887 363|0.001 -0.11232920252841172 -0.054516650366116526 -0.014434305185040408
1061 738 566 3000 3000 2250 2600 1000 1299 817 693 791 3162 2487|0.001 -0.051730957102082975 -0.12051692491529042 0.008867204070637236
4596 1225 5303 1768 1305 1444 1768 1875 3977 2296 5303 4704 1398 4186|0.001 -0.009062831253836556 -0.16653179537847507 0.038146885047689594
4330 816 3753 1179 1443 1443 1066 1875 4330 1531 3248 3841 2179 4564|0.001 -0.10241436787754132 -0.07671774120355357 -0.009895924683611668
1590 1224 848 3182 2754 3672 3672 904 1298 1224 692 1848 3308 3045|0.001 -0.025680191966829247 -0.06385303615159432 0.015400961371763167
284 865 314 266 218 408 500 1154 385 1154 385 1040 1023 560|0.001 -0.030385574050348918 -0.09585429657645861 0.0034410124673800446
770 533 629 1732 2309 2309 2001 816 770 435 568 839 1915 2434|0.001 -0.0771488705327883 -0.040279634527407016 -0.029808552959084134
471 1333 577 363 328 444 444 1156 251 1333 308 1106 1052 351|0.001 -0.11765752253382056 -0.015870535202476832 -0.015330486992709558
3182 904 2754 1590 848 692 1298 1224 3672 1224 3672 2898 1334 3257|0.001 -0.03633076614298125 -0.11593527844541707 0.02239835399812984
2828 1225 2121 696 943 943 770 533 2828 653 2451 3000 745 2981|0.001 -0.027235235655729273 -0.09652429247072991 0.02547775227018212
363 1156 328 471 577 308 251 1333 444 1333 444 1201 1414 484|0.001 -0.15093184646869595 -0.036197679379635916 -0.019856047431032753
766 1355 1437 3048 3522 4064 4064 1107 938 1355 1760 1071 3661 4135|0.001 -0.08842414659348874 -0.02968249376997356 -0.0342735078585088
1768 1875 1305 4596 5303 5303 3977 1225 1768 2296 1444 2574 5397 5590|0.001 -0.13255874421848834 -0.04867840092654396 -0.046755166157985695
266 1154 218 284 314 385 385 865 500 1154 408 1174 911 581|0.001 -0.06821638411207087 -0.07980783379521128 0.015397845394384824
3048 1107 3522 766 1437 1760 938 1355 4064 1355 4064 3208 1972 4310|0.001 -0.022920754147904843 -0.110403499682733 -0.021975130551312727
625 1000 625 573 573 573 573 333 625 333 625 1179 814 848|0.001 -0.01466996186501035 -0.0341556348649108 -0.0036817309555270405
581 1000 1744 1090 1090 1090 1090 1000 581 1000 1744 1419 1479 1235|0.001 -0.015323885523278458 -0.1384738177649658 0.04715323458015508
1600 1000 1600 918 918 918 918 1000 533 1000 533 1887 1357 1302|0.001 -0.10981141423703433 -0.024031917274556225 -0.007572135118645296
573 333 573 625 625 625 625 1000 573 333 573 814 1179 848|0.001 -0.047676466876357404 -0.020136340113271478 -0.005310976509289578
625 1000 625 573 573 573 573 333 625 333 625 1179 814 848|0.001 -0.031838452784406224 -0.0771216176566536 0.0038148548080596534
581 1000 1744 1090 1090 1090 1090 1000 581 1000 1744 1419 1479 1235|0.001 -0.004474966191894136 -0.14842768481161506 0.050111421293341785
1600 1000 1600 918 918 918 918 1000 533 1000 533 1887 1357 1302|0.001 -0.14940358414369248 -0.0363898881218061 -0.031196195529921145
573 333 573 625 625 625 625 1000 573 333 573 814 1179 848|0.001 -0.057273839701721396 -0.0987053338220345 0.00791317975993966
1090 1000 1090 581 1744 1744 581 1000 1090 1000 1090 1479 1419 2056|0.001 -0.07326221495574159 -0.07818017093542573 -0.16772772665404445
1720 3000 1720 1875 1875 1875 1875 1000 1720 3000 1720 2441 2125 2545|0.001 -0.1311507244080079 0.0013494227213839416 -0.02098676685970524
533 1000 533 918 918 918 918 1000 1600 1000 1600 1133 1357 1302|0.001 -0.05684907907988479 -0.12570570028662797 0.01301601591302326
1744 1000 581 1090 1090 1090 1090 1000 1744 1000 581 1419 1479 2056|0.001 0.014037757344911306 -0.14967749271196595 0.025376722485350722
918 1000 918 533 533 1600 1600 1000 918 1000 918 1357 1133 1302|0.001 -0.0905844910768161 -0.07095793386694749 0.004124373220490973
1875 1000 1875 1720 1720 1720 1720 3000 1875 3000 1875 2125 2441 2545|0.001 -0.11696301673074894 -0.09746530894845895 0.008501958813267319
1090 1000 1090 581 1744 1744 581 1000 1090 1000 1090 1479 1419 2056|0.001 -0.0662824348702673 -0.09378799740946686 -0.14846944401378792
533 1000 533 918 918 918 918 1000 1600 1000 1600 1133 1357 1302|0.001 -0.04980146421635023 -0.09664153291503608 0.015996577924177746
1720 3000 1720 1875 1875 1875 1875 1000 1720 3000 1720 2441 2125 2545|0.001 -0.11828958297816716 -0.0017567174100674432 -0.010699893435299757
1744 1000 581 1090 1090 1090 1090 1000 1744 1000 581 1419 1479 2056|0.001 -0.0010128232323391995 -0.09710589942407699 0.012399516453316384
918 1000 918 533 533 1600 1600 1000 918 1000 918 1357 1133 1302|0.001 -0.05164055277842583 -0.11508152019607532 0.020318236719834015
1875 1000 1875 1720 1720 1720 1720 3000 1875 3000 1875 2125 2441 2545|0.001 -0.28195194711041704 -0.046336027957805115 -0.002855559359551396
2719 1000 906 335 628 513 273 960 2356 1096 713 1861 1022 2766|0.001 -0.04364069011791982 -0.108544719258169 -0.046626125269072505
2868 1875 2987 2706 2129 7036 8119 816 3272 1531 2987 3051 2827 5173|0.001 -0.03812220116863774 -0.11810704595909716 0.01710404477035299
302 787 370 1104 1104 1209 1060 3000 566 2600 693 1045 2054 1382|0.001 -0.0922507574393483 -0.13717620118292473 0.0322989736393442
368 333 368 231 189 101 123 867 403 262 353 685 1018 351|0.001 -0.09334540050339402 -0.02400061149287258 -0.014580748996765314
3753 816 4330 1593 1530 1745 1593 533 1135 435 1443 4406 1815 2509|0.001 -0.002774172581454515 -0.13230304906035384 0.024994817786541113
906 1000 2719 513 273 335 628 1096 713 960 2356 1861 955 763|0.001 -0.0484827571344959 -0.10070490957551415 0.030416148985570324
231 867 189 368 368 353 403 333 123 262 101 887 685 419|0.001 -0.04693337436827205 -0.03592115021741282 -0.048592180301171295
1104 3000 1104 302 370 693 566 787 1060 2600 1209 2054 843 1127|0.001 -0.09826059828450528 -0.05035179242066423 0.0051279160407990965
513 1096 273 906 2719 2356 713 1000 628 960 335 1253 1861 2411|0.001 -0.09631853586715589 -0.0950743377811969 -0.2136273327867444
2607 1225 3315 3658 4007 3513 3658 1875 8618 2296 9944 2793 4582 5762|0.001 0.018323900049408426 -0.12544230495948328 0.028670328909541354
2706 816 2129 2868 2987 2987 3272 1875 8119 1531 7036 2280 3404 5558|0.001 -0.05701255215675771 -0.14278559128790058 0.039437253650238535
654 1041 349 742 2453 2831 944 1141 534 1041 285 1187 1804 2511|0.001 -0.06744404633223344 -0.1186718348675242 -0.15924723978872346
1537 3305 1347 470 384 719 881 1271 1403 3814 1403 2430 1071 1339|0.001 -0.1412493649387736 -0.04968051516332617 0.010731105610568559
1593 533 1530 3753 4330 1443 1135 816 1593 435 1745 1627 3841 2964|0.001 -0.1085766716661074 -0.03617465909303785 -0.0326019154776247
218 1154 266 408 465 424 424 303 116 385 142 1023 669 532|0.001 -0.028359304443226208 -0.025696309536367146 -0.0032874038476038425
742 1141 2453 654 349 285 534 1041 944 1041 2831 1640 1064 795|0.001 -0.1424442621929778 -0.03615903239706397 0.017367436367994316
5303 1225 4596 2137 1951 1951 1873 533 1768 653 1391 5397 2444 3631|0.001 -0.041749649534202904 -0.062041956269585086 0.008777521070562067
408 303 465 218 266 142 116 1154 424 385 424 735 1174 434|0.001 -0.08651187618968881 -0.09356109068968887 0.004839249238772769
250 913 468 2151 651 827 2481 877 306 913 573 1143 1581 864|0.001 -0.06420866043288509 -0.10991623258633898 0.07144853120433226
3658 1875 4007 2607 3315 9944 8618 1225 3658 2296 3513 3492 3462 6807|0.001 -0.05837901772353993 -0.0909885715675085 -0.004956419925471467
470 1271 384 1537 1347 1403 1403 3305 881 3814 719 1328 2210 1599|0.001 -0.17728055878545756 -0.1267545481217247 0.019703179571253226
2151 877 651 250 468 573 306 913 2481 913 827 1438 871 2525|0.001 -0.0408730739373353 -0.13350850169407624 -0.041291586563825255
629 533 770 770 629 629 770 533 629 67 770 1162 1162 630|0.001 -0.07448647542699804 -0.004245323171693238 -0.056549020228874314
693 817 1299 1000 1000 817 817 1000 87 817 693 1510 1414 1052|0.001 -0.05014432563928528 -0.07104403936915027 0.004736789056163371
1000 1000 1000 693 87 693 1299 817 817 817 817 1414 1052 825|0.001 0.006388532313590378 -0.150633207676224 0.04909767702354406
1179 125 1443 1443 1179 1179 1443 1875 1179 1000 1443 1519 1573 2041|0.001 -0.1779163317726684 -0.02307581590576424 -0.005678743025127053
1299 817 693 1000 1000 817 817 1000 693 817 87 1090 1414 1510|0.001 -0.025468283944954928 -0.10316232641184864 0.0037120160583947737
1000 1000 1000 87 693 1299 693 817 817 817 817 1414 825 1090|0.001 -0.08779465830581978 -0.08993700660448467 -0.6143636801779295
9434 8000 11547 11547 9434 9434 11547 8000 9434 15000 11547 9522 9522 9452|0.001 -1.0618609907155196 -0.0037541563440435244 -0.01911420381604856
1000 1000 1000 693 1299 693 87 817 817 817 817 1414 1090 1510|0.001 -0.08235216046496685 -0.10235009142029128 -0.07253009591177695
87 817 693 1000 1000 817 817 1000 693 817 1299 1052 1414 825|0.001 -0.08011334446682672 -0.05234956135319657 0.006377324084221314
770 533 629 629 770 770 629 533 770 67 629 839 839 1089|0.001 -0.037637093547422396 -0.020857201512303192 -0.009143428399667197
848 1224 1590 1000 1000 1224 1224 1000 106 1224 848 1334 1002 1009|0.001 -0.05823094602665502 -0.09482084029243443 0.03352083332031075
106 1224 848 1000 1000 1224 1224 1000 848 1224 1590 1009 1731 1288|0.001 -0.006648038429661884 -0.12301154974709183 0.042233062295375934
1000 1000 1000 848 1590 848 106 1224 1224 1224 1224 1731 1848 1334|0.001 -0.11776380177424328 -0.05354693747614436 -0.12714436666314444
11547 8000 9434 9434 11547 11547 9434 8000 11547 15000 9434 12152 12152 16330|0.001 -0.9286712731979463 -0.025691708877426667 -0.027535009660459853
1000 1000 1000 106 848 1590 848 1224 1224 1224 1224 1002 1288 1848|0.001 -0.08542339458797676 -0.09483074890038412 -0.6081657721553813
1443 125 1179 1179 1443 1443 1179 1875 1443 1000 1179 1190 2179 2041|0.001 -0.09103852670885537 -0.12716243308601993 0.040211740134716845
1590 1224 848 1000 1000 1224 1224 1000 848 1224 106 1848 1731 1334|0.001 -0.030336239177767288 -0.12773128470031647 0.02815052092045578
1000 1000 1000 848 106 848 1590 1224 1224 1224 1224 1731 1009 1288|0.001 -0.008645733498985342 -0.11119650270596915 0.04289753728958123
1000 1000 1000 87 87 87 87 900 900 900 900 1414 953 953|0.001 -0.09516608040161523 -0.03675917857139943 -0.01724636052641948
10392 1000 11547 11547 10392 10392 11547 1000 10392 1000 11547 11000 11000 14697|0.001 -0.06080363277365719 -0.02718890907517424 0.0073259351900056835
87 900 87 1000 1000 900 900 1000 87 900 87 953 1414 953|0.001 -0.0904807201438973 -0.08691003356979476 -0.0011856704952684094
1000 1000 1000 87 87 87 87 900 900 900 900 1414 953 953|0.001 -0.026535186909611985 -0.07894436832970642 0.014550063669964697
10392 1000 11547 11547 10392 10392 11547 1000 10392 1000 11547 11000 11000 14697|0.001 -0.11693333781733761 -0.04591564378501056 -0.010844330518866574
87 900 87 1000 1000 900 900 1000 87 900 87 953 1414 953|0.001 -0.06483126975702969 -0.07705134507860478 0.009400439491351609
1000 1000 1000 87 87 87 87 900 900 900 900 1414 953 953|0.001 -0.026941307175293305 -0.12077056261526997 0.014535947377583014
87 900 87 1000 1000 900 900 1000 87 900 87 953 1414 953|0.001 -0.0861744515959928 -0.020708486334405363 -0.025938027335351554
10392 1000 11547 11547 10392 10392 11547 1000 10392 1000 11547 11000 11000 14697|0.001 -0.021998833854195432 -0.12127551273562798 0.01635553692392655
1000 1000 1000 87 87 87 87 900 900 900 900 1414 953 953|0.001 -0.000713594637185011 -0.09978236357057302 0.015612579203820864
87 900 87 1000 1000 900 900 1000 87 900 87 953 1414 953|0.001 -0.08439831295800837 -0.09587869756442435 -0.00901103993767749
10392 1000 11547 11547 10392 10392 11547 1000 10392 1000 11547 11000 11000 14697|0.001 -0.059368992019818156 -0.104616157277313 0.041609896375274236
11547 1000 10392 10392 11547 11547 10392 1000 11547 1000 10392 11000 11000 16330|0.001 0.012476201507773954 -0.154408912038706 0.04346255382351227
96 1111 96 1000 1000 1111 1111 1000 96 1111 96 1058 1414 1058|0.001 -0.12682597282929087 -0.047498701886806716 -0.006951723030477197
1000 1000 1000 96 96 96 96 1111 1111 1111 1111 1414 1058 1058|0.001 -0.027371292243392187 -0.13460750883000916 0.01699329528133342
11547 1000 10392 10392 11547 11547 10392 1000 11547 1000 10392 11000 11000 16330|0.001 -0.006947615104800908 -0.11548806398003486 0.01784418490507589
96 1111 96 1000 1000 1111 1111 1000 96 1111 96 1058 1414 1058|0.001 -0.0856187933790975 -0.10799424706625427 0.006484068403480592
1000 1000 1000 96 96 96 96 1111 1111 1111 1111 1414 1058 1058|0.001 -0.12344440760211683 -0.05137482570745977 0.002600287262852774
11547 1000 10392 10392 11547 11547 10392 1000 11547 1000 10392 11000 11000 16330|0.001 -0.03735151226773592 -0.10352038347217873 0.018028583809381882
1000 1000 1000 96 96 96 96 1111 1111 1111 1111 1414 1058 1058|0.001 -0.08485990564815471 -0.101897035729559 0.012128518470260197
96 1111 96 1000 1000 1111 1111 1000 96 1111 96 1058 1414 1058|0.001 -0.01454637566378536 -0.1410521644056495 0.03730086121606968
11547 1000 10392 10392 11547 11547 10392 1000 11547 1000 10392 11000 11000 16330|0.001 -0.05369965347843397 -0.061678772219322386 -0.011189156185590354
96 1111 96 1000 1000 1111 1111 1000 96 1111 96 1058 1414 1058|0.001 -0.07279498397445461 -0.030779240851757095 0.002986631746217938
1000 1000 1000 96 96 96 96 1111 1111 1111 1111 1414 1058 1058|0.001 -0.08964113259202877 -0.08173420499537731 0.0012698667043875567
245 1000 1102 1102 2693 2693 1102 1000 245 1000 1102 1127 1992 2704|0.001 -0.06797004734930945 -0.07278783664466992 -0.12069730766456899
1000 1000 1000 908 908 908 908 2444 222 2444 222 1414 1808 1023|0.001 -0.2482195423069733 -0.07502984941718416 -0.03100632608612708
908 222 908 1000 1000 2444 2444 1000 908 222 908 1023 1414 1808|0.001 -0.08540305132839432 -0.04398734530680071 0.01763022220934829
245 1000 1102 1102 2693 2693 1102 1000 245 1000 1102 1127 1992 2704|0.001 -0.04035545400649765 -0.09535765153033893 -0.08056143586156916
1000 1000 1000 908 908 908 908 2444 222 2444 222 1414 1808 1023|0.001 -0.1465089204897696 -0.10666895754826489 0.017905330656160512
908 222 908 1000 1000 2444 2444 1000 908 222 908 1023 1414 1808|0.001 -0.07208707573593598 -0.06312653406862712 0.020297909831481498
1102 1000 2693 245 1102 1102 245 1000 1102 1000 2693 1992 1127 1558|0.001 -0.08377148955364677 -0.07540033467179907 -0.289213551837757
371 409 371 91 91 409 409 1000 371 409 371 740 1004 418|0.001 -0.07305505039628568 -0.07527742401607362 0.03211870114904203
11000 1000 11000 4085 4085 4085 4085 4500 4500 4500 4500 11045 4603 8136|0.001 -0.5084936779065274 -0.05602397798176839 -0.0047311549393957986
1102 1000 2693 245 1102 1102 245 1000 1102 1000 2693 1992 1127 1558|0.001 -0.08180682423856167 -0.07550235353862123 -0.2906646322675399
371 409 371 91 91 409 409 1000 371 409 371 740 1004 418|0.001 -0.08135647640642452 -0.0714375124459865 0.021438289749691197
11000 1000 11000 4085 4085 4085 4085 4500 4500 4500 4500 11045 4603 8136|0.001 -0.36595705019914826 -0.09689970755293098 0.03408352989240582
1000 1000 1000 245 1836 2693 1102 1000 1000 1000 1000 1731 1204 2438|0.001 -0.08410621580840605 -0.08506506098180489 -0.562857429571656
4085 7500 4085 4085 4085 4085 4085 4500 4085 11000 4085 4918 4603 7071|0.001 -0.5940882384548407 -0.010321516739109082 -0.008007971244460288
908 222 908 908 908 908 908 2444 908 1667 908 1023 1808 909|0.001 -0.32234563128776705 -0.02585445233296846 -0.013269406720227694
2693 1000 1102 1000 1000 1000 1000 1000 1836 1000 245 1992 1002 2438|0.001 0.00987853678771744 -0.14565836776045726 0.030562684107617866
1000 1000 1000 1102 245 1836 2693 1000 1000 1000 1000 1002 1127 1204|0.001 -0.030316338058953285 -0.09069230659585648 0.06179865912679716
245 1000 1102 1000 1000 1000 1000 1000 1836 1000 2693 1127 1002 1204|0.001 -0.07307009655675434 -0.06762068010045197 -0.022306351380352307
1000 1000 1000 1102 2693 1836 245 1000 1000 1000 1000 1002 1992 2438|0.001 -0.1266083795224182 -0.045704483347042135 -0.20814468235535677
4085 4500 4085 4085 4085 4085 4085 7500 4085 11000 4085 4603 4918 7071|0.001 -0.8138781822187813 -0.04730637263196669 -0.0212550243946652
1000 1000 1000 245 1102 2693 1836 1000 1000 1000 1000 1731 1127 1992|0.001 -0.08067325943995285 -0.09955188562248196 -0.2681131301591255
245 1000 1836 1000 1000 1000 1000 1000 1102 1000 2693 1204 1002 1127|0.001 -0.011493531641678656 -0.07653970620942196 0.0067600825028169
1000 1000 1000 1836 2693 1102 245 1000 1000 1000 1000 1002 2438 1992|0.001 -0.143957996789289 -0.00400381081606227 -0.11809526828563954
371 409 371 371 371 371 371 682 371 91 371 740 905 643|0.001 -0.04297160527271138 -0.06258469778445797 0.015476225740593819
1836 1000 2693 1000 1000 1000 1000 1000 245 1000 1102 2438 1731 1204|0.001 -0.09928524153103413 -0.06076461119680521 -0.03137211522160177
1102 1000 2693 1000 1000 1000 1000 1000 245 1000 1836 1992 1731 1127|0.001 -0.062244142354482834 -0.11967776169165556 0.02845258974414344
371 682 371 371 371 371 371 409 371 91 371 905 740 643|0.001 -0.024759468486250658 -0.033992608474773256 -0.0098143054871902
1000 1000 1000 1836 245 1102 2693 1000 1000 1000 1000 1002 1204 1127|0.001 -0.002729210695169293 -0.15044905401745523 0.05427612732543441
545 133 545 545 545 545 545 1467 545 600 545 656 1328 546|0.001 -0.13610449007831815 -0.06133867351892808 0.005462224469874322
2693 1000 1836 1000 1000 1000 1000 1000 1102 1000 245 2438 1002 1992|0.001 -0.030107635564510238 -0.09189696513237089 0.009170883133244878
1052 533 943 943 696 901 1040 533 561 284 503 1083 1373 836|0.001 -0.016150630043737513 -0.05251903721245843 0.0016071845262199957
566 738 1061 1000 533 595 1116 1104 302 956 566 1456 1133 613|0.001 -0.05856105336647599 -0.10385277582970032 0.021321706694084064
483 906 906 513 273 513 961 866 539 669 1011 1282 1194 705|0.001 -0.005279076138600125 -0.0988275844364872 0.05097196307229268
1690 533 1951 1768 1972 1052 943 1875 1305 1000 1768 2329 2577 2500|0.001 -0.10093327563192367 -0.11992106102380662 0.021421271009860465
1061 1116 566 1104 1000 738 956 533 566 595 302 1458 1414 1456|0.001 -0.03436790886289676 -0.08265462296941362 -0.01735609779983549
1875 1875 2069 566 1061 1989 1061 1116 1384 2092 1793 2125 1458 1482|0.001 -0.12923392449649906 -0.05435060241713363 -0.1293350071307564
513 866 273 483 906 1011 539 906 961 669 513 778 1027 1321|0.001 -0.09269238276070402 -0.08802131499995869 -0.09670343625997169
1972 1875 1768 3658 3169 2447 3315 1875 3698 3516 3315 2577 2847 2941|0.001 -0.13070021437521895 -0.0573342787079667 0.002824184986527367
1000 1104 533 566 1061 566 302 738 1116 956 595 1414 791 1149|0.001 -0.07190403037301785 -0.08783746142034587 -0.051802452201469285
566 1116 1061 1875 2069 1793 1384 1875 1061 2092 1989 1149 2652 1611|0.001 -0.0583334980751582 -0.12156005927133506 0.022213983798493597
1305 1875 1768 943 1052 1972 1768 533 1690 1000 1951 1398 1083 2500|0.001 -0.052012434262567186 -0.05018303865509832 0.0008148096331672683
943 533 696 1052 943 503 561 533 1040 284 901 745 1374 1069|0.001 -0.03816224775002541 -0.09936936357417436 0.02382956182428453
507 896 951 662 857 989 896 533 270 478 507 1306 795 770|0.001 -0.09853707362615483 0.00797920124223861 -0.06847249594536975
1768 1875 1972 1690 1951 1768 1305 533 943 1000 1052 2031 1518 2500|0.001 -0.04465640163564544 -0.0713033639045646 0.00864470185272026
316 1154 592 1167 622 558 1046 772 592 1046 1109 898 1479 641|0.001 -0.042851433636930114 -0.07882687076396278 0.023320286265910983
662 533 857 507 951 507 270 896 896 478 989 1267 1030 709|0.001 -0.013736210306284358 -0.15632904832026062 0.014243367292630094
3658 1875 3169 1972 1768 3315 3698 1875 3315 3516 2447 4367 2031 3757|0.001 -0.15384327220792082 -0.07804423960551699 0.009403732422177402
1167 772 622 316 592 1109 592 1154 1046 1046 558 928 1378 1202|0.001 -0.09615337457795192 -0.08229901835044129 -0.0683218964478216
951 896 507 1607 1241 1680 1854 1875 1782 1680 951 1030 1491 2447|0.001 -0.1408956410292017 -0.08532575818874233 -0.017013053139497414
943 533 1052 1305 1768 1951 1690 1875 1768 1000 1972 1374 2574 2500|0.001 -0.14675468088277355 -0.09016595772842306 0.013891495403421938
1437 1355 766 806 1511 1355 722 1295 766 1495 409 1972 1916 1975|0.001 -0.075890770713406 -0.10719886379669141 -0.08047198297850722
1607 1875 1241 951 507 951 1782 896 1854 1680 1680 2376 1306 2214|0.001 -0.05074120916232938 -0.11225642084900733 0.027153547427052338
1875 1000 1875 1061 566 566 1061 1116 1075 1116 375 2125 1149 1528|0.001 -0.03497238881051801 -0.12739448516529306 0.054292415722685394
1052 533 943 1768 354 1014 1768 1000 1052 533 943 1083 1275 1210|0.001 -0.025008617122355137 -0.13300736253899825 0.09343159223488051
566 200 566 533 533 595 595 1000 302 573 302 721 1133 613|0.001 -0.01232621767854547 -0.1229243926018675 0.03730815770918827
533 1000 533 302 302 566 566 573 595 200 595 1133 815 777|0.001 -0.02303893932563139 -0.07796062366423384 0.019551743392152154
1900 1000 3315 1768 1972 1972 1768 1875 663 1875 3315 2702 2577 2269|0.001 -0.185299465225629 -0.07613668275518792 0.011388968380889875
1875 1000 1875 566 1061 1061 566 1116 375 1116 1075 2125 1458 1352|0.001 -0.08443014347493172 -0.06448251535116523 -0.08012243814150888
302 573 302 533 533 595 595 1000 566 200 566 815 1133 777|0.001 -0.08438557082636522 -0.07297748806499582 -0.036627000276860944
566 1116 1061 1875 1875 1075 375 1000 566 1116 1061 1149 2125 1528|0.001 -0.10719464575076332 -0.055762050715578715 -0.04425538290291686
354 1000 1768 943 1052 1052 943 533 1014 533 1768 1275 1083 1210|0.001 -0.008314817219782222 -0.0859112431102993 0.00768278569042824
1768 1000 354 1052 943 943 1052 533 1768 533 1014 1275 1374 2003|0.001 -0.009718599948169704 -0.12356678587387204 0.007079265033331783
507 896 951 336 963 1680 1680 1000 507 896 951 1306 1151 1370|0.001 -0.07446197545885158 -0.0928533214679994 -0.1372589348626696
2975 2867 2975 2828 2828 1508 1508 5000 2667 5000 2667 3423 3606 3887|0.001 -0.6796836481826263 -0.009716009352529476 -0.05872951168293228
1768 1875 1972 1900 3315 3315 663 1000 1768 1875 1972 2031 2702 3757|0.001 -0.10175524067219888 -0.012668942304003838 -0.11461758103421205
526 1744 526 1038 1038 930 930 349 987 1744 987 1422 1194 1069|0.001 -0.04304547039564843 -0.018512302668819425 -0.006957779766060268
336 1000 963 507 951 951 507 896 1680 896 1680 1151 1030 1212|0.001 -0.08559224171814539 -0.04912441846168347 -0.06858044499759242
3315 1000 1900 1972 1768 1768 1972 1875 3315 1875 663 2702 2031 3757|0.001 -0.05495875596541855 -0.10465007527009296 0.011139840291780612
1038 349 1038 526 526 987 987 1744 930 1744 930 1194 1422 1069|0.001 -0.18450910869682535 -0.06869580705083589 0.00566686911308123
951 896 507 963 336 1680 1680 1000 951 896 507 1030 1151 1212|0.001 -0.0654132253402151 -0.09943553112342851 0.03660282028267625
943 533 1052 354 1768 1768 1014 1000 943 533 1052 1374 1275 2003|0.001 -0.08811731000237355 -0.08353014432381123 -0.37500409236538745
2828 5000 2828 2975 2975 2667 2667 2867 1508 5000 1508 3606 3423 3887|0.001 -0.31241274772095373 -0.032289823548442564 0.0028973374285357067
250 1000 250 1021 1604 1604 1021 1875 1875 1875 1875 1031 2490 1744|0.001 -0.11118535825933806 -0.021636792429495788 -0.007959379602757721
1836 1571 979 245 1836 1836 245 1000 1836 1571 979 2438 1204 2596|0.001 -0.09312164201413342 -0.08825652483775648 -0.5973448317490437
4000 1000 4000 6418 6418 4085 4085 7500 7500 7500 7500 4123 6978 4323|0.001 -0.5104511428911673 -0.11849368390389636 -0.010662513608606927
1021 1875 1604 250 250 1875 1875 1000 1021 1875 1604 1081 1031 1230|0.001 -0.09667858917554173 -0.09070541057370818 0.015467634199948233
250 1000 250 1604 1021 1021 1604 1875 1875 1875 1875 1031 1081 1230|0.001 -0.10624317460864563 -0.04536263901296134 -0.0024601658439260543
1169 637 623 156 1169 1169 156 1000 1169 637 623 674 1087 1653|0.001 -0.0933187864150431 -0.06974075264286839 -0.6165044942094622
4000 1000 4000 4085 4085 6418 6418 7500 7500 7500 7500 4123 4918 9959|0.001 -0.6685234685650476 -0.05869394107360648 -0.0026957589611376065
1604 1875 1021 250 250 1875 1875 1000 1604 1875 1021 2490 1031 1744|0.001 -0.07159850375521026 -0.10708595662093812 0.010551362025104094
245 1000 1836 1836 979 979 1836 1571 245 1571 1836 1204 1058 1009|0.001 -0.04729931508700713 -0.07766447934485887 0.026268236492037467
1000 1000 1000 545 545 856 856 133 533 133 533 1414 656 576|0.001 -0.0033896254083365385 -0.05979634398802558 0.005408156798831776
856 133 856 1000 1000 533 533 1000 545 133 545 930 1414 1328|0.001 -0.050261131424576 -0.12952476865553897 0.030893081155201063
1000 1000 1000 856 545 545 856 533 133 533 133 1414 1328 656|0.001 -0.05184762570536794 -0.062450237713101986 0.022417666193936814
156 1000 1169 1169 623 623 1169 637 156 637 1169 1087 1552 642|0.001 -0.04419722286713168 -0.07375137248409436 0.013003999315741588
1000 1000 1000 856 856 545 545 133 533 133 533 1414 930 1328|0.001 -0.005354386416782653 -0.05669582833139675 0.003078905975917312
545 133 545 1000 1000 533 533 1000 856 133 856 656 1414 576|0.001 -0.0524546897308642 -0.07192263829233658 -0.015486391994024018
1000 1000 1000 545 856 856 545 533 133 533 133 1414 576 930|0.001 -0.062059177505756624 -0.05507239604749303 0.018549716651174997
2719 1000 906 273 513 513 273 866 1994 866 520 1861 778 2384|0.001 -0.05157552063634663 -0.12020625615469238 -0.0506733980021945
3169 1875 3658 3315 1900 7292 9944 1000 3169 1875 3658 2847 2702 4889|0.001 -0.07328930537776723 -0.07640902147478146 0.028989648595441064
302 573 302 1104 1104 956 956 3000 566 2200 566 815 2054 859|0.001 -0.05000466521360991 -0.153603415754886 0.035914927201694535
368 333 368 189 189 101 101 733 319 191 319 685 877 439|0.001 -0.04572169920090019 -0.08088584996451709 -0.009168103817962514
3889 1000 5303 1951 1690 1690 1951 533 1014 533 1768 4650 2329 2607|0.001 -0.02382185731740316 -0.08019836585355877 0.01765918653878762
906 1000 2719 513 273 273 513 866 520 866 1994 1861 1194 739|0.001 -0.11964549855310369 -0.050861151623459167 0.03916939675268738
189 733 189 368 368 319 319 333 101 191 101 877 685 439|0.001 -0.026407639787814352 -0.09999040359395583 0.0158275889948567
1104 3000 1104 302 302 566 566 573 956 2200 956 2054 815 859|0.001 -0.07502088193162226 -0.04639963898417587 0.010717572975225131
513 866 273 906 2719 1994 520 1000 513 866 273 778 1861 2384|0.001 -0.08214491775858646 -0.09350373474919627 -0.16470322497453727
1900 1000 3315 3658 3169 3169 3658 1875 7292 1875 9944 2702 2847 4889|0.001 -0.17861338255196424 -0.0737304642703529 -0.017302563304449903
3315 1000 1900 3169 3658 3658 3169 1875 9944 1875 7292 2702 4367 6807|0.001 -0.07963807928450639 -0.07424016322036153 0.01273783523671801
592 1154 316 600 2301 3138 1046 1000 592 1154 316 1378 1543 2751|0.001 -0.08807807809231294 -0.07814210021089285 -0.24073058653376722
1668 3837 1668 526 526 987 987 1744 1925 5233 1925 2573 1422 2298|0.001 -0.21158087550047333 -0.051917210421833504 -0.0014556203992954764
1951 533 1690 3889 5303 1768 1014 1000 1951 533 1690 1518 4650 3631|0.001 -0.1346509108770555 0.005175752310269122 -0.07621768791031491
257 1364 257 435 435 502 502 261 137 455 137 1196 670 390|0.001 -0.016308165052594248 -0.048562241921811244 -0.0021982788323926528
600 1000 2301 592 316 316 592 1154 1046 1154 3138 1543 898 853|0.001 -0.07966657481637274 -0.07492250576796478 0.017956790888269403
5303 1000 3889 1690 1951 1951 1690 533 1768 533 1014 4650 1518 3631|0.001 -0.039262523244180114 -0.06857186990952724 0.018423390211024238
435 261 435 257 257 137 137 1364 502 455 502 670 1196 390|0.001 -0.11923158085818453 -0.029768069413189657 0.0060912124186796035
316 1154 592 2301 600 1046 3138 1000 316 1154 592 898 1543 853|0.001 -0.0211387296884602 -0.10019843093332259 0.06475378590128589
3658 1875 3169 1900 3315 9944 7292 1000 3658 1875 3169 4367 2702 6807|0.001 -0.0626819877134066 -0.10212253237130375 -0.04376453234802513
526 1744 526 1668 1668 1925 1925 3837 987 5233 987 1422 2573 2298|0.001 -0.21022277147445867 -0.04396463506257775 -0.008900502510996722
2301 1000 600 316 592 592 316 1154 3138 1154 1046 1543 1378 2751|0.001 -0.047899600233194395 -0.13164569216061794 -0.0491395431386199
2069 1875 1875 1061 566 1061 1989 1116 1793 2092 1384 2652 1149 1611|0.001 -0.07650233660164596 -0.07610601454618449 0.04119594939655968
1052 533 943 1768 1305 1690 1951 1875 1972 1000 1768 1083 1398 2500|0.001 -0.047437943643917624 -0.125007272342893 0.020790445456988493
1061 738 566 533 1000 1116 595 1104 566 956 302 791 1414 1149|0.001 -0.06325649315529813 -0.10756138881026 -0.047934757282233065
906 906 483 273 513 961 513 866 1011 669 539 1027 778 1321|0.001 -0.09246855551583555 -0.09305352693147695 -0.061348419563144185
3169 1875 3658 1768 1972 3698 3315 1875 2447 3516 3315 2847 2577 2941|0.001 -0.08554090379135126 -0.10437442776706218 0.012161849177754203
1061 1116 566 2069 1875 1384 1793 1875 1989 2092 1061 1458 2125 1482|0.001 -0.165243790247801 -0.061626371013218106 -0.0013458582541048258
1000 533 1104 566 1061 566 302 1116 738 595 956 1414 1458 1456|0.001 -0.10805141125737938 -0.027237906614678842 -0.14552841843847197
273 866 513 906 483 539 1011 906 513 669 961 1194 1282 705|0.001 -0.04372607748836743 -0.011427839264823714 0.019739524833917166
1972 1875 1768 1951 1690 1305 1768 533 1052 1000 943 2577 2329 2500|0.001 -0.07047316582105334 0.0025918025663296262 -0.02431429880819791
566 1116 1061 1000 1104 956 738 533 302 595 566 1149 1133 1317|0.001 -0.05025510751521911 -0.05852490678429856 0.014414415937391567
696 533 943 943 1052 561 503 533 901 284 1040 1373 1083 836|0.001 -0.029620470543468835 -0.0558517364274147 0.014153789716360166
1768 1875 1305 1052 943 1768 1972 533 1951 1000 1690 2574 1374 2500|0.001 -0.02926643205286128 -0.10191411877703227 -0.008465268146280458
507 896 951 1241 1607 1854 1680 1875 951 1680 1782 1306 2376 2214|0.001 -0.129021746271879 -0.06070949257266145 0.0037676513892304087
1511 1295 806 766 1437 766 409 1355 1355 1495 722 1916 1972 1975|0.001 -0.06178395877951215 -0.07583732143245259 -0.0562015869011534
1768 1875 1972 3169 3658 3315 2447 1875 3315 3516 3698 2031 4367 3757|0.001 -0.24714360813516967 -0.030881937022309014 -0.019454894332777695
592 1154 316 622 1167 1046 558 772 1109 1046 592 1378 928 1202|0.001 -0.07149249093245547 -0.10190113127451661 -0.07830783834550048
1241 1875 1607 507 951 1782 951 896 1680 1680 1854 1491 1030 2447|0.001 -0.09030632292324925 -0.06565929748822752 -0.05889500087958299
1951 533 1690 1972 1768 943 1052 1875 1768 1000 1305 1518 2031 2500|0.001 -0.09963696447447212 -0.07080517750955861 0.01607473182502872
622 772 1167 592 316 592 1109 1154 558 1046 1046 1479 898 641|0.001 -0.049498247256422045 -0.08523907638359862 0.04670590870591296
951 896 507 857 662 896 989 533 507 478 270 1030 1267 709|0.001 -0.025081887781630563 -0.0948481183665717 0.004988891924357919
943 533 1052 696 943 1040 901 533 503 284 561 1374 745 1069|0.001 -0.05572361848811158 -0.021338292809194304 -0.034269367746305734
766 1355 1437 1511 806 722 1355 1295 409 1495 766 1071 1202 1053|0.001 -0.12420161721217293 -0.011987135400037818 0.022251369302523916
963 1000 336 1241 1607 1607 1241 1875 3697 1875 2521 1151 2376 2479|0.001 -0.12257646328182603 -0.021126233200352562 -0.016294307785036377
1511 1295 806 271 2032 2980 777 1000 1511 1295 806 1916 1245 2888|0.001 -0.08975408389762962 -0.09278424652205963 -0.5955315228562852
1038 349 1038 1668 1668 1288 1288 3837 1946 2616 1946 1194 2573 1547|0.001 -0.23454660741598965 -0.08247357499612806 0.020492462395027555
1241 1875 1607 963 336 2521 3697 1000 1241 1875 1607 1491 1151 1545|0.001 -0.10319006452578217 -0.08171601933288919 0.057802649926648186
336 1000 963 1607 1241 1241 1607 1875 2521 1875 3697 1151 1491 1545|0.001 -0.10517366917786597 -0.09486182307596347 0.038447089021067526
1167 772 622 600 2301 1569 209 1000 1167 772 622 928 1543 2230|0.001 -0.07625643892143374 -0.09854221968703114 -0.2148060681841657
2975 2867 2975 3691 3691 4781 4781 7500 5579 11000 5579 3423 4596 7071|0.001 -0.6857487501530501 -0.09259979905033466 0.003323033185298474
1607 1875 1241 336 963 3697 2521 1000 1607 1875 1241 2376 1151 2479|0.001 -0.09040125631057383 -0.09761861306020081 -0.13708774287036207
271 1000 2032 1511 806 806 1511 1295 777 1295 2980 1245 1202 927|0.001 -0.1178174497570772 -0.0330552928243355 0.06893459411113856
744 1467 744 492 492 637 637 133 397 382 397 1421 613 591|0.001 -0.0060848179691719295 -0.06219550109860861 0.01613744763042213
435 261 435 507 507 270 270 682 336 91 336 670 969 643|0.001 -0.02079002112172823 -0.06868109387280996 -0.004730370624076441
1344 1000 1972 857 662 662 857 533 179 533 514 1911 1267 824|0.001 -0.0773609120521479 -0.034758973556270334 -0.02023228579711378
600 1000 2301 1167 622 622 1167 772 209 772 1569 1543 1479 716|0.001 -0.012624288339602163 -0.11116431126126591 0.046154973193961446
507 682 507 435 435 336 336 261 270 91 270 969 670 643|0.001 -0.027509060742059166 -0.04603140144560869 -0.024048089027902675
492 133 492 744 744 397 397 1467 637 382 637 613 1421 591|0.001 -0.13790974551920687 -0.039854624846654696 -0.02966639285541861
1972 1000 1344 662 857 857 662 533 514 533 179 1911 795 1322|0.001 -0.0045788653376421795 -0.10533522152020636 0.017877000494905815
1179 125 1443 1443 866 1371 1443 816 1066 102 1443 1519 1658 1373|0.001 -0.049647423766185916 -0.059214545312151756 0.01476283133293288
566 600 693 1000 1000 738 817 1000 71 950 87 1149 1414 1051|0.001 -0.08667889671400308 -0.07810718738425981 -0.03963664748882878
1000 1000 1000 87 71 566 693 950 738 600 817 1414 1002 721|0.001 -0.07641840171165315 -0.08289763273993556 0.0345650284260679
10970 816 11547 11547 9434 8524 11547 8000 6928 6532 11547 11576 9522 13892|0.001 -0.8762972906635114 -0.044337695406526656 -0.00018249408484383167
1000 1000 1000 71 566 693 87 738 600 817 950 1414 721 825|0.001 -0.08238548499005072 -0.08815222483040341 -0.6092908369857586
71 738 566 1000 1000 950 600 1000 87 817 693 1051 1414 953|0.001 -0.052250535870035364 -0.070473727443926 0.012354420681268685
106 1224 848 734 1163 1224 1224 904 87 1224 692 1009 1164 1166|0.001 -0.01416216574379403 -0.11540164365285821 0.004917472934093947
734 904 1163 106 848 692 87 1224 1224 1224 1224 1473 1288 1009|0.001 -0.08778228291036139 -0.08007369507935125 -0.6262420115681699
14142 1225 13435 10440 14142 14142 11554 8000 14142 9798 8485 14177 14866 20000|0.001 -0.6679713159436718 -0.09992547433381183 -0.009998258092108747
860 632 777 74 91 729 595 1053 1053 1053 1053 1001 1055 1108|0.001 -0.0769085674065495 -0.08726199153926806 0.03336421421822777
1768 125 1305 1061 1768 1768 1679 1225 1768 153 1444 1275 2031 2500|0.001 -0.07421697853756348 -0.07169488836766269 -0.05570314206681304
1155 1667 943 1230 1362 1667 1667 1583 144 1667 118 1915 2005 1374|0.001 -0.07407953236620579 -0.10311003358181359 0.008752134350316076
1000 1000 1000 87 87 71 71 900 950 900 950 1414 953 1002|0.001 -0.029761933339653712 -0.12943226097421712 0.04192475176896471
10392 1000 11547 11547 10970 10970 11547 816 10392 816 11547 11000 11576 15111|0.001 -0.11634900546933835 -0.04726331844529197 -0.011461686228404488
71 950 87 1000 1000 900 900 1000 71 950 87 1002 1414 951|0.001 -0.07466480349245352 -0.09551728348579425 -0.025567014151702816
1000 1000 1000 87 71 71 87 950 900 950 900 1414 1002 951|0.001 -0.12639082935229307 -0.025364816398235623 -0.027654386524893493
10970 816 11547 11547 10392 10392 11547 1000 10970 816 11547 11576 11000 15111|0.001 -0.11255705567570273 -0.0536772904164462 -0.015830835022555556
87 900 87 1000 1000 950 950 1000 71 900 71 953 1414 1002|0.001 -0.14530896404497562 -0.023196518810636446 -0.051816871444032575
1000 1000 1000 71 71 87 87 900 950 900 950 1414 951 953|0.001 -0.11783422981777925 -0.011380367552316084 -0.02812489177613786
87 950 71 1000 1000 900 900 1000 87 950 71 953 1414 953|0.001 -0.0018788656890633693 -0.08002260253397564 0.014766545123301444
12728 1000 14142 14142 13435 13435 14142 1225 12728 1225 14142 13454 13472 18507|0.001 -0.013041114003295995 -0.09932108025785813 0.024655603116487956
1000 1000 1000 71 87 87 71 950 900 950 900 1414 953 953|0.001 -0.07462923241446373 -0.08106840199797571 -0.00013403147901658308
71 900 71 1000 1000 950 950 1000 87 900 87 951 1414 953|0.001 -0.1318996930211347 -0.03883364517408672 -0.04469458103473767
13435 1225 14142 14142 12728 12728 14142 1000 13435 1225 14142 13472 13454 18507|0.001 -0.11135960559169433 -0.009857664243153597 -0.0007702109601215312
11547 816 10970 10392 11547 11547 10392 1000 11547 816 10970 11000 11000 16330|0.001 -0.12881241366597407 0.009701085857563019 -0.040664326040278365
96 1111 96 1056 1056 1111 1111 1000 79 1111 79 1058 1454 1058|0.001 -0.04648772459735717 -0.06049280078359809 0.006589371857599335
947 1000 947 91 74 74 91 1053 1053 1053 1053 1378 1003 1001|0.001 -0.02049311170156609 -0.13887334496093473 0.025689018474530645
11547 1000 10392 10970 11547 11547 10970 816 11547 816 10392 11000 11000 16330|0.001 -0.019864532012124902 -0.1176394864299879 0.03256371606452646
74 1053 91 947 947 1053 1053 1000 74 1053 91 1003 1378 1001|0.001 -0.14201945266816063 -0.02570723935807706 -0.023892476055976664
1056 1000 1056 96 96 79 79 1111 1111 1111 1111 1454 1058 1058|0.001 -0.06841250091048301 -0.0540275006881441 0.010141904500060583
14142 1225 13435 12728 14142 14142 12728 1000 14142 1225 13435 14177 13454 20000|0.001 -0.04642516322758805 -0.11321456143752573 -0.007295343005961907
947 1000 947 74 91 91 74 1053 1053 1053 1053 1378 1055 1003|0.001 -0.11962943186686892 -0.04159218024756495 0.005034289095884326
79 1111 79 1056 1056 1111 1111 1000 96 1111 96 1057 1454 1114|0.001 -0.08316637219734857 -0.07742284391250465 -0.015076672920689704
14142 1000 12728 13435 14142 14142 13435 1225 14142 1225 12728 13454 14177 20000|0.001 -0.08235743138248153 -0.06638357105929638 0.007101890919463116
91 1053 74 947 947 1053 1053 1000 91 1053 74 1055 1378 1003|0.001 -0.024993974922870033 -0.14862370577059858 0.04114774908131613
1056 1000 1056 79 79 96 96 1111 1111 1111 1111 1454 1057 1114|0.001 -0.1358103567876745 -0.03140921741313307 -0.0084368237838639
1000 1000 1000 87 693 566 71 817 600 738 950 1414 825 1149|0.001 -0.09248176603549374 -0.08041745251888499 -0.6571642240816788
87 817 693 1000 1000 950 600 1000 71 738 566 1052 1414 1002|0.001 -0.03705255104140548 -0.05963641079805293 0.018587851284530554
693 600 566 1000 1000 817 738 1000 87 950 71 825 1414 1052|0.001 -0.09391851856673572 -0.07047506845484164 0.00014008355299965913
1305 125 1768 1768 1061 1679 1768 1225 1444 153 1768 1858 1458 2127|0.001 -0.058214210930721544 -0.07425654518091629 0.01607457459128936
1000 1000 1000 71 87 693 566 950 817 600 738 1414 953 825|0.001 -0.07628233943132834 -0.08417555984869596 0.036386943866697496
13435 1225 14142 14142 10440 11554 14142 8000 8485 9798 14142 13472 10198 13454|0.001 -0.5789207156489706 -0.09482445214488155 -0.02425405774129863
11547 816 10970 9434 11547 11547 8524 8000 11547 6532 6928 11000 12152 16330|0.001 -0.5414015691782414 -0.09219297253613479 0.028706075926208108
777 632 860 91 74 595 729 1053 1053 1053 1053 1266 1003 1107|0.001 -0.0931590931126558 -0.09185831960353052 0.00277027294483867
1443 125 1179 866 1443 1443 1371 816 1443 102 1066 1190 1190 2041|0.001 -0.04872653442506092 -0.08409265045356551 -0.01771107728964827
943 1667 1155 1362 1230 1667 1667 1583 118 1667 144 1374 1586 1202|0.001 -0.07910736593418455 -0.07402277292715143 0.007619379120551439
96 1355 766 813 1287 1355 1355 1107 117 1355 938 977 1630 1358|0.001 -0.052300363714031795 -0.07711735186823998 -0.048296751021088546
813 1107 1287 96 766 938 117 1355 1355 1355 1355 1289 1424 1556|0.001 -0.08298371503273949 -0.07911370019155095 -0.6144743415628084
3000 1000 3000 566 1061 1061 566 738 3000 738 3000 3162 791 3182|0.001 -0.11445783248486663 -0.07576887341034122 -0.10614114483883941
1305 1875 1768 5303 5303 5303 5303 1000 1305 1875 1768 1398 5397 5462|0.001 -0.10741530643537556 -0.044512490567820695 -0.009496518346312488
189 1000 189 333 333 246 246 1000 354 1000 354 1018 1054 264|0.001 -0.06067621951022395 -0.08979998036832582 0.012565143012921443
333 1000 333 354 354 189 189 1000 246 1000 246 1054 1061 485|0.001 -0.09016534440873691 -0.0009234395378676652 -0.03984597064625395
2828 1000 2828 943 696 696 943 533 2828 533 2828 3000 1373 2913|0.001 -0.011868645498973596 -0.10634512271042396 0.010719191802799344
566 738 1061 3000 3000 3000 3000 1000 566 738 1061 1456 3162 3053|0.001 -0.08736279565405014 -0.0976111929974488 0.008652813510989787
3000 1000 3000 1061 566 566 1061 738 3000 738 3000 3162 1456 3053|0.001 -0.04125591536744744 -0.12128525187819705 0.05604229420551832
354 1000 354 333 333 246 246 1000 189 1000 189 1061 1054 485|0.001 -0.11614065193072065 -0.049921349091672784 -0.0012334705417726965
696 533 943 2828 2828 2828 2828 1000 696 533 943 1373 3000 2913|0.001 -0.11222869411584457 -0.027110368827959475 -0.022047724357514564
333 1000 333 189 189 354 354 1000 246 1000 246 1054 1018 264|0.001 -0.037891636044677934 -0.0896713810138039 0.0014149280662301145
1061 738 566 3000 3000 3000 3000 1000 1061 738 566 791 3162 3182|0.001 -0.06101855857535754 -0.10498733394430304 0.010674075729071308
5303 1000 5303 1768 1305 1305 1768 1875 5303 1875 5303 5397 1398 5462|0.001 -0.18017900429320166 -0.08224931475324881 -0.021035882931602634
5303 1000 5303 1305 1768 1768 1305 1875 5303 1875 5303 5397 2574 5590|0.001 -0.10208746846192662 -0.10967177198854205 0.020978211292974613
1437 1355 766 4064 4064 4064 4064 1000 1437 1355 766 1972 4185 4310|0.001 -0.036401006293703686 -0.12355348800751287 -0.0008670671608601577
246 1000 246 189 189 354 354 1000 333 1000 333 1030 1018 485|0.001 -0.03638822703649791 -0.09357857189548735 0.00805931196759202
943 533 696 2828 2828 2828 2828 1000 943 533 696 745 3000 2981|0.001 -0.13666368282252872 -0.014159235499615619 -0.03000987606402994
354 1000 354 246 246 333 333 1000 189 1000 189 1061 1030 264|0.001 -0.08919385500731236 -0.04303605224546314 0.006287334544812229
4064 1000 4064 1437 766 766 1437 1355 4064 1355 4064 4185 1071 4135|0.001 -0.04659188729894015 -0.10041448818238874 0.020361672355635463
2828 1000 2828 696 943 943 696 533 2828 533 2828 3000 745 2981|0.001 -0.016458604465957594 -0.11955343579312938 0.015545117495070482
246 1000 246 354 354 189 189 1000 333 1000 333 1030 1061 264|0.001 -0.11627065670184789 -0.062172500373521844 -0.029666905259427834
766 1355 1437 4064 4064 4064 4064 1000 766 1355 1437 1071 4185 4135|0.001 -0.10117137571013401 -0.08761312776447427 0.000733223924160864
1768 1875 1305 5303 5303 5303 5303 1000 1768 1875 1305 2574 5397 5590|0.001 -0.1048617322260359 -0.02061916392688601 -0.008518876164854694
189 1000 189 246 246 333 333 1000 354 1000 354 1018 1030 485|0.001 0.007426310061033892 -0.1389728132287804 0.03940812831265905
4064 1000 4064 766 1437 1437 766 1355 4064 1355 4064 4185 1972 4310|0.001 -0.1336231320827974 -0.02279875530133535 -0.16466912569455538
1000 1000 1000 566 71 566 1061 738 1116 738 1116 1414 1051 1149|0.001 -0.06363285401041807 -0.08775705466029904 0.06981661350609514
1305 125 1768 1768 1972 1972 1768 1875 1305 1000 1768 1858 2577 2500|0.001 -0.1766869642896729 -0.00029599033392169183 -0.02651427895547065
1061 1116 566 1000 1000 738 738 1000 566 1116 71 1458 1414 1456|0.001 -0.04322653919880404 -0.11742980153739202 0.029606787727636252
1000 1000 1000 71 566 1061 566 1116 738 1116 738 1414 1149 791|0.001 -0.0939839785748442 -0.08532938224059983 -0.6309013696883592
15780 8000 14142 14142 10440 10440 14142 8000 15780 15000 14142 16248 10198 17776|0.001 -0.8503178813208279 -0.039467798048663516 -0.017416630906896824
1000 1000 1000 566 1061 566 71 738 1116 738 1116 1414 791 1149|0.001 -0.07565280995640467 -0.0602625365410181 -0.08991377606231254
71 1116 566 1000 1000 738 738 1000 566 1116 1061 1002 1414 721|0.001 -0.01847533100507226 -0.08857921411200342 -0.0021810178375425426
566 738 1061 1000 1000 1116 1116 1000 71 738 566 1456 1414 1002|0.001 -0.048482268054331756 -0.10886243193737988 -0.0011105479145601116
1052 533 943 943 696 696 943 533 1052 67 943 1083 1373 1185|0.001 -0.06513076052487521 -0.009276221592194878 -0.03704270297133161
96 1355 766 1511 1511 1355 1355 1000 766 1355 1437 977 1916 1358|0.001 -0.052146666130472585 -0.04959106898841381 -0.011012535610610552
662 1000 662 507 951 507 63 896 896 896 896 1267 1030 709|0.001 -0.12260051216861689 -0.04620555628048084 -0.1282071373383009
14142 8000 10440 15780 14142 14142 15780 8000 14142 15000 10440 14866 14177 20000|0.001 -0.9956616372800209 -0.012777889986290702 -0.006597212255088358
1511 1000 1511 96 766 1437 766 1355 1355 1355 1355 1703 1424 1556|0.001 -0.08466529457184624 -0.09646232560694523 -0.6047805655879845
1768 125 1972 1305 1768 1768 1305 1875 1768 1000 1972 2031 2574 2500|0.001 -0.14889434158313897 -0.0796710894950603 0.017580923240612112
662 1000 662 507 63 507 951 896 896 896 896 1267 1030 942|0.001 -0.05020618508179475 -0.10190646557187932 0.06977498468637489
1437 1355 766 1511 1511 1355 1355 1000 766 1355 96 1972 1916 1975|0.001 -0.0024762510162390505 -0.1334746133111797 0.030987082523963316
943 533 696 1052 943 943 1052 533 943 67 696 745 1374 1333|0.001 -0.033915873683380005 -0.08245832406551856 -0.02070954444564621
507 896 951 662 662 896 896 1000 63 896 507 1306 1127 646|0.001 -0.0929509736858658 -0.05849080765764958 0.009726481198208958
1000 1000 1000 71 566 1061 566 738 1116 738 1116 1414 721 1458|0.001 -0.09061144590411407 -0.09072247049002224 -0.6416398256162192
10440 8000 14142 14142 15780 15780 14142 8000 10440 15000 14142 10198 16248 17776|0.001 -0.9931502806115877 -0.02612713432020186 -0.01877668670917987
1000 1000 1000 566 1061 566 71 1116 738 1116 738 1414 1458 1456|0.001 -0.09340520949405406 -0.06918893512448898 -0.08702456109026202
71 738 566 1000 1000 1116 1116 1000 566 738 1061 1051 1414 1149|0.001 -0.05447250990867292 -0.0657614046691346 -0.0035364185885633503
566 1116 1061 1000 1000 738 738 1000 71 1116 566 1149 1414 1051|0.001 -0.006769164039831521 -0.12023007328939461 0.014821095557644437
696 533 943 943 1052 1052 943 533 696 67 943 1373 1083 1185|0.001 -0.04236307665478001 -0.03704839473489985 0.0020406274020756676
1000 1000 1000 566 71 566 1061 1116 738 1116 738 1414 1002 721|0.001 -0.013275968141930328 -0.08473363952226753 0.05765081449722542
1061 738 566 1000 1000 1116 1116 1000 566 738 71 791 1414 1149|0.001 -0.02456044717893513 -0.10818795230658651 0.02188459232314477
1972 125 1768 1768 1305 1305 1768 1875 1972 1000 1768 1772 1398 2500|0.001 -0.2641540399071707 -0.006316434543216509 -0.054205297813127995
14142 8000 15780 10440 14142 14142 10440 8000 14142 15000 15780 14177 14866 20000|0.001 -0.8543528298836855 -0.02811124737775006 -0.010690348791347892
662 1000 662 63 507 951 507 896 896 896 896 1127 898 1305|0.001 -0.09375329162762513 -0.08963125291110652 -0.6551102989631286
1768 125 1305 1972 1768 1768 1972 1875 1768 1000 1305 1275 2031 2500|0.001 -0.08320305781488235 -0.052081423265409876 0.0008788353721866926
951 896 507 662 662 896 896 1000 507 896 63 1030 1267 709|0.001 -0.023912198307579624 -0.1198073309572667 0.001468844528673685
1511 1000 1511 766 96 766 1437 1355 1355 1355 1355 1916 977 1358|0.001 -0.04794618323469946 -0.09589869460700062 0.06726670722175809
943 533 1052 696 943 943 696 533 943 67 1052 1374 745 1333|0.001 -0.036199900190810874 -0.06775260709362962 -0.018662590442373173
766 1355 1437 1511 1511 1355 1355 1000 96 1355 766 1071 1703 1556|0.001 -0.06243147719630304 -0.045917735405358595 0.010785848078169735
63 896 507 662 662 896 896 1000 507 896 951 1030 1267 942|0.001 0.010802482238443378 -0.11577155724828758 0.03316367601109427
1511 1000 1511 766 1437 766 96 1355 1355 1355 1355 1916 1972 1975|0.001 -0.1497871491223246 -0.021340851263546012 -0.17733153489011388
245 1000 1102 1163 3182 3182 1163 1366 245 1366 1102 1127 2462 3192|0.001 -0.08369893993492195 -0.070047446481033 -0.12372095150838924
947 1000 947 860 1175 1175 860 2737 211 2737 211 1378 2118 1257|0.001 -0.26935538430429506 -0.06444920899507212 0.019450111572398843
908 222 908 1056 1056 2889 2889 1000 1240 222 1240 1023 1454 2235|0.001 -0.06483834954620349 -0.059549076074999485 0.020686087758727822
179 1000 807 851 2330 2330 851 732 179 732 807 1070 1501 2337|0.001 -0.06278413277690076 -0.079278822063511 -0.1248088473947051
947 1000 947 1175 860 860 1175 2737 211 2737 211 1378 1763 969|0.001 -0.1520434981106611 -0.08882655122741001 0.01894584470941263
1240 222 1240 1056 1056 2889 2889 1000 908 222 908 1326 1454 1861|0.001 -0.07330632638283707 -0.06264829465015831 0.012114344494189577
1163 1366 3182 245 1102 1102 245 1000 1163 1366 3182 2050 1127 1602|0.001 -0.08116370001812756 -0.07093408875366469 -0.3049317306771471
429 365 314 77 77 346 346 1000 429 365 314 644 1003 459|0.001 -0.07095939837716947 -0.07207762332851364 0.031253328274565284
13000 1000 13000 4085 4085 5579 5579 4500 4750 4500 4750 13038 4603 8374|0.001 -0.3744587837252067 -0.08071217345604009 -0.02097899042436069
851 732 2330 179 807 807 179 1000 851 732 2330 1803 1070 1173|0.001 -0.078710346685259 -0.0726399236625952 -0.29136266289651824
314 365 429 77 77 346 346 1000 314 365 429 774 1003 354|0.001 -0.07376560900269613 -0.07550118431336017 0.028005924772611657
13000 1000 13000 5579 5579 4085 4085 4500 4750 4500 4750 13038 5969 10059|0.001 -0.2616792898955822 -0.044061947460734 0.00026628813892148884
1163 904 734 1000 1000 1366 1366 1000 3182 904 2754 1164 1731 2462|0.001 -0.013492168001276728 -0.14285256695467763 0.03604580142096525
1000 1000 1000 734 2754 3182 1163 1366 904 1366 904 1731 2050 2898|0.001 -0.0850938996441708 -0.10438153628414937 -0.24357482007815845
1860 3750 1362 1362 1230 1230 1362 1583 1860 4333 1362 2791 1586 2357|0.001 -0.23937494573886386 0.014565512764799227 -0.032110626198075254
777 632 860 860 1175 1175 860 2737 777 2368 860 1266 2118 1323|0.001 -0.038435786317141396 -0.12973327962588765 0.02428402011143138
3182 1366 1163 1000 1000 904 904 1000 2754 1366 734 2462 1002 3308|0.001 -0.011992526234829715 -0.11884661903925009 0.01713308052246232
1000 1000 1000 1163 734 2754 3182 904 1366 904 1366 1002 1473 2050|0.001 -0.04318980854905452 -0.11257057111828228 0.03486639092827648
813 1107 1287 1511 1511 1107 1107 1000 3048 1107 3522 1289 1703 1821|0.001 -0.008987684574010002 -0.10217673917096604 0.031201140116152715
860 2737 1175 777 860 860 777 632 860 2368 1175 1763 1001 862|0.001 -0.08847303543593421 0.006585690872840111 -0.0191389894530114
662 1000 662 851 2330 2016 538 732 732 732 732 1127 1501 2122|0.001 -0.06425543606897843 -0.08241915998009275 -0.11510873033597435
1362 1583 1230 1860 1362 1362 1860 3750 1362 4333 1230 2005 2241 2357|0.001 -0.18622039295625448 -0.09122260034570506 0.009315689239335345
1511 1000 1511 813 1287 3522 3048 1107 1107 1107 1107 1916 1630 2269|0.001 -0.09126704976180511 -0.07709607967886556 -0.06235651164815614
2016 732 538 662 662 732 732 1000 2330 732 851 1205 1267 2422|0.001 -0.006943657119438118 -0.13831965118537237 0.01613232624530836
734 1366 2754 1000 1000 904 904 1000 1163 1366 3182 1646 1002 1164|0.001 -0.11028660917932642 -0.023381236540406247 -0.013649811729760097
1000 1000 1000 2754 3182 1163 734 904 1366 904 1366 1002 2898 2050|0.001 -0.14342340737291348 -0.006607113181468227 -0.08040321582677534
328 1156 363 363 496 496 363 267 328 422 363 1052 598 559|0.001 -0.026727019122624318 -0.0393118829714012 -0.02356635620599845
429 365 314 314 284 284 314 865 429 231 314 644 1040 544|0.001 -0.05149115025812723 -0.07777534298583633 0.0009065576918398932
2754 904 3182 1000 1000 1366 1366 1000 734 904 1163 3308 1731 1646|0.001 -0.06804921036601352 -0.09837037921990532 0.03952333940920871
851 732 2330 662 662 732 732 1000 538 732 2016 1803 1267 853|0.001 -0.09878385453634064 -0.023522218026413855 -0.028729512654450673
314 865 284 429 314 314 429 365 314 231 284 911 774 544|0.001 -0.04720694515183976 -0.011713660834146156 -0.021346679890207332
662 1000 662 2016 538 851 2330 732 732 732 732 1127 1501 1078|0.001 0.008094551698079044 -0.1541446208178432 0.04371752142633634
363 267 496 328 363 363 328 1156 363 422 496 744 1201 364|0.001 -0.14258273255400855 -0.02490968370948088 -0.03976846898983921
3522 1107 3048 1511 1511 1107 1107 1000 1287 1107 813 3661 1703 2725|0.001 -0.052884835058304436 -0.08387014970276163 -0.011973436746258725
734 904 1163 1000 1000 1366 1366 1000 2754 904 3182 1473 1002 2050|0.001 -0.03615626207638112 -0.08980550569819945 0.029057204628759603
1000 1000 1000 1163 3182 2754 734 1366 904 1366 904 1002 2462 3308|0.001 -0.10389984101577543 -0.043431314438104884 -0.1695413080459196
1175 2737 860 860 777 777 860 632 1175 2368 860 2118 1266 1323|0.001 -0.06873396742364979 -0.0053599672215220995 -0.012136112582140646
1230 1583 1362 1362 1860 1860 1362 3750 1230 4333 1362 1586 2791 2357|0.001 -0.43240378421621983 -0.06006903083136339 -0.025597944362132363
2754 1366 734 1000 1000 904 904 1000 3182 1366 1163 2050 1731 2898|0.001 -0.019806420541119696 -0.14134294526892188 0.020977524183662943
1000 1000 1000 734 1163 3182 2754 904 1366 904 1366 1731 1164 2462|0.001 -0.09792091911650092 -0.08033952152612489 -0.022105019536896586
1287 1107 813 1511 1511 1107 1107 1000 3522 1107 3048 1630 1916 2269|0.001 -0.051965411363353864 -0.1119034825023335 0.005851253207156404
1362 3750 1860 1230 1362 1362 1230 1583 1362 4333 1860 2241 2005 2357|0.001 -0.22208223818080297 -0.007117372405758271 -0.011955529543076215
662 1000 662 538 2016 2330 851 732 732 732 732 1267 1205 2422|0.001 -0.07605476408489409 -0.09761123774853941 -0.21269607998223972
860 632 777 1175 860 860 1175 2737 860 2368 777 1001 1763 862|0.001 -0.16586514769232785 -0.11398384545842188 0.006006230190840345
1511 1000 1511 1287 813 3048 3522 1107 1107 1107 1107 1703 1289 1821|0.001 -0.0846699811349727 -0.09731273141670993 0.04257293140289331
2330 732 851 662 662 732 732 1000 2016 732 538 1501 1127 2122|0.001 0.0020364105893477813 -0.1473681484848477 0.02105208869914943
1163 1366 3182 1000 1000 904 904 1000 734 1366 2754 2050 1731 1473|0.001 -0.09429759394487425 -0.051997881151598646 -0.005446338291439368
284 865 314 314 429 429 314 365 284 231 314 1040 644 544|0.001 -0.05312632876546042 -0.02666362598850114 -0.040027904292593286
1000 1000 1000 2754 734 1163 3182 1366 904 1366 904 1002 1646 1164|0.001 -0.02904087367475161 -0.12968129740697054 0.08098020816257323
496 267 363 363 328 328 363 1156 496 422 363 598 1052 559|0.001 -0.0384098133275379 -0.08901498755715331 -0.016505159795480173
3182 904 2754 1000 1000 1366 1366 1000 1163 904 734 2898 1002 2050|0.001 -0.11813402349488467 -0.03426810729875829 -0.009112335069368926
538 732 2016 662 662 732 732 1000 851 732 2330 1501 1127 1078|0.001 -0.053217208225503354 -0.08978758363638373 0.005946163840750973
363 1156 328 496 363 363 496 267 363 422 328 1201 744 364|0.001 -0.02354742143699462 -0.08121721257367875 0.019150980522879557
1511 1000 1511 3048 3522 1287 813 1107 1107 1107 1107 1703 3661 2725|0.001 -0.1381801711159547 -0.03393468639500741 -0.07891492445275206
314 365 429 284 314 314 284 865 314 231 429 774 911 544|0.001 -0.027084078471332207 -0.0808138699464156 0.007032564422990717
3048 1107 3522 1511 1511 1107 1107 1000 813 1107 1287 3208 1916 2269|0.001 -0.051412127292504994 -0.09702354793962198 -0.01828769640923822
573 533 333 433 433 231 231 500 428 267 272 629 829 772|0.001 -0.009475708816288897 -0.12933939585085708 0.012105297301856499
1155 1000 2309 770 629 988 1324 533 616 533 1232 1915 1162 666|0.001 -0.03220388949710884 -0.11889902214949344 0.028367940748892373
930 581 1744 755 403 403 755 746 465 475 872 1838 1346 771|0.001 -0.12239691465862568 -0.059293162001607946 0.042838763398829194
433 500 433 573 333 272 428 533 231 267 231 829 1054 503|0.001 -0.04104835932010831 -0.051193714372617105 -0.024440083476743313
625 1875 1075 433 433 812 812 500 511 938 802 1179 829 681|0.001 -0.02739076598981649 -0.11366691674124518 0.004658943582431796
755 746 403 930 1744 872 465 581 755 475 403 595 1097 1446|0.001 -0.09862710440244671 -0.0581511141985247 -0.0817459159563716
1155 1000 2309 2483 1853 1179 1443 1875 2165 1875 4330 1915 1477 1248|0.001 -0.18247356836045503 -0.05075836744304785 0.014311251939849168
3000 1720 1600 693 1299 1299 693 817 1500 1284 800 3162 1090 2487|0.001 -0.07028930012304646 -0.10176164336280213 -0.06649936218871666
433 500 433 625 1075 802 511 1875 812 938 812 829 1976 640|0.001 -0.03431983239058578 -0.09665822277486802 0.008344229599870356
1179 1875 1443 2309 1155 2165 4330 1000 1853 1875 2483 1573 1915 2875|0.001 -0.08560943155121015 -0.07757478490845293 0.038953207179122096
770 533 629 1155 2309 1232 616 1000 1324 533 988 839 1915 1452|0.001 -0.056183973649115426 -0.06623452100876337 -0.06392793543190445
866 2000 866 545 856 1147 667 533 462 1067 462 1658 576 682|0.001 -0.06991673311736446 -0.03582853497450911 -0.0218817053406406
979 1571 1836 1590 848 848 1590 1224 1958 2106 3672 1058 1334 1624|0.001 -0.047300411200995596 -0.09139432664026836 0.003722652376807467
2309 1000 1155 988 1324 770 629 533 1232 533 616 1915 788 2434|0.001 -0.02736463075642903 -0.10920366305517626 0.023024093916823585
540 1340 1012 1169 623 1247 2337 637 540 779 1012 797 1552 1034|0.001 -0.10395477256594288 -0.05602421500606747 0.045420710378034634
545 533 856 866 866 462 462 2000 667 1067 1147 1328 1658 726|0.001 -0.18052250954632365 -0.05463049554816024 -0.003270360482661161
2483 1875 1853 1155 2309 4330 2165 1000 1443 1875 1179 3342 1915 2723|0.001 -0.08037744814137215 -0.0652791612943171 -0.08299501311267776
1169 637 623 540 1012 1012 540 1340 2337 779 1247 674 1804 1938|0.001 -0.06746605098899572 -0.10311578400846177 -0.045938407266239434
866 2000 866 1604 1021 1250 2151 1875 1624 3750 1624 1658 1081 1887|0.001 -0.15739320556398706 -0.025921972898068635 -0.0033014363912453604
2309 1000 1155 1179 1443 2483 1853 1875 4330 1875 2165 1915 2179 4564|0.001 -0.09616650386084835 -0.10248583223697261 -0.0020141051601296756
1590 1224 848 979 1836 3672 1958 1571 1590 2106 848 1848 2438 3045|0.001 -0.12279220108527666 -0.05611007470155638 -0.10960143263468836
1604 1875 1021 866 866 1624 1624 2000 2151 3750 1250 2490 1658 2894|0.001 -0.09367936286454936 -0.11272676413742633 -0.000223781699465464
2540 1000 2540 2834 3071 3071 2834 1875 7619 1875 7619 2730 3592 5365|0.001 -0.09659868260041948 -0.11063192758842044 0.03988815602806728
662 1084 353 896 2689 2689 896 1000 662 1084 353 1267 1847 2769|0.001 -0.11194077746632836 -0.049978543765536454 -0.23033047640691584
1116 3000 1116 394 394 738 738 1000 1209 3000 1209 2060 1075 1414|0.001 -0.11967752076824878 -0.04441023208863526 0.006704713196878931
394 1000 394 1209 1209 1116 1116 3000 738 3000 738 1075 2112 1135|0.001 -0.15142039925486683 -0.043447567074262894 0.0008720864118361149
2481 1000 827 326 611 611 326 923 2481 923 827 1747 939 2555|0.001 -0.05616986757695508 -0.11803312316159276 -0.0510353518409179
2834 1875 3071 2540 2540 7619 7619 1000 2834 1875 3071 2882 2730 5233|0.001 -0.04147945167143452 -0.11543898718658352 0.007065217213051422
2540 1000 2540 3071 2834 2834 3071 1875 7619 1875 7619 2730 2882 5233|0.001 -0.15622135279865668 -0.09037476109291176 0.015689901719531107
1209 3000 1209 394 394 738 738 1000 1116 3000 1116 2112 1075 1135|0.001 -0.12771393061006941 -0.053317750733263836 0.0001768727755346866
611 923 326 827 2481 2481 827 1000 611 923 326 939 1747 2555|0.001 -0.10055102460162058 -0.022207916760133006 -0.21805679039639592
394 1000 394 1116 1116 1209 1209 3000 738 3000 738 1075 2060 1414|0.001 -0.3433813693211185 -0.06757697810467644 -0.026784227100953295
3071 1875 2834 2540 2540 7619 7619 1000 3071 1875 2834 3592 2730 5365|0.001 -0.09717968701489776 -0.0915612347418926 0.022605052183084506
2689 1000 896 353 662 662 353 1084 2689 1084 896 1847 1267 2769|0.001 -0.05742660201051075 -0.11839444538283339 -0.06664843324756142
896 1000 2689 662 353 353 662 1084 896 1084 2689 1847 1017 963|0.001 -0.1450941449665588 -0.012440801409874247 0.05264959604043273
1638 533 1511 4064 4064 1355 1355 1000 1638 533 1511 1537 4185 2861|0.001 -0.11838626637452054 -0.049895124424004234 -0.010819344984930312
246 1000 246 372 372 403 403 333 131 333 131 1030 687 378|0.001 -0.025666969185835775 -0.06893067990229929 -0.009712997036402937
326 923 611 2481 827 827 2481 1000 326 923 611 1170 1747 889|0.001 -0.049815608658086985 -0.10093184337585548 0.051142502306344984
403 333 403 246 246 131 131 1000 372 333 372 704 1030 471|0.001 -0.03663181345176847 -0.07119007373867725 -0.010083259626543217
4064 1000 4064 1638 1511 1511 1638 533 1355 533 1355 4185 1916 2791|0.001 -0.04441191275486922 -0.07502809509641217 0.0026743522483108073
827 1000 2481 611 326 326 611 923 827 923 2481 1747 1170 889|0.001 -0.11155370703209933 -0.029253061315019924 0.021651838346328223
246 1000 246 403 403 372 372 333 131 333 131 1030 704 471|0.001 -0.041986598712925316 -0.0025507791438272864 -0.03629175245810745
1511 533 1638 4064 4064 1355 1355 1000 1511 533 1638 1916 4185 2791|0.001 -0.10680273341208801 -0.08397521017724063 -0.008536013383939611
353 1084 662 2689 896 896 2689 1000 353 1084 662 1017 1847 963|0.001 -0.08091132047241212 -0.10266980126971803 0.06877294893424146
372 333 372 246 246 131 131 1000 403 333 403 687 1030 378|0.001 -0.05778141366035383 -0.10088177941594112 0.007648229750403246
4064 1000 4064 1511 1638 1638 1511 533 1355 533 1355 4185 1537 2861|0.001 -0.046041639743601426 -0.07076304712769099 -0.012859018733795136
625 1000 625 433 433 354 354 500 375 500 375 1179 829 718|0.001 -0.022542791762529824 -0.11396088085553036 0.020968463922312885
1155 1000 2309 1443 866 866 1443 816 1155 816 2309 1915 1658 1443|0.001 -0.09902675770830371 -0.055568722121493996 0.015474548748659611
566 600 693 1600 1600 800 800 1000 566 600 693 1149 1887 1265|0.001 -0.0859848386973261 -0.058813956779302234 0.021436265874636984
1600 1000 1600 693 566 566 693 600 800 600 800 1887 1149 1265|0.001 -0.07849281941883168 -0.04046568724027311 -0.02379909811275227
866 816 1443 2309 1155 1155 2309 1000 866 816 1443 1658 1915 1443|0.001 -0.02086346038049469 -0.04172355050266252 0.024946637834841745
433 500 433 625 625 375 375 1000 354 500 354 829 1179 718|0.001 -0.08891559245255531 -0.08012558456773622 -0.009434666954012405
625 1000 625 354 354 433 433 500 375 500 375 1179 791 515|0.001 -0.040973997332559575 -0.05839496331333294 -0.01013260384200132
693 600 566 1600 1600 800 800 1000 693 600 566 825 1887 1327|0.001 -0.10217963811769981 -0.038572579020969 0.016561517434920958
1414 1000 2828 1768 1061 1061 1768 1225 1414 1225 2828 2236 1458 1768|0.001 -0.04057555532458679 -0.0773377727707436 0.00880242772266282
1600 1000 1600 566 693 693 566 600 800 600 800 1887 825 1327|0.001 -0.061288379354090816 -0.028892697656291988 -0.02140386729724053
354 500 354 625 625 375 375 1000 433 500 433 791 1179 515|0.001 -0.09596579243699721 0.0058946013695670985 -0.023866497120664798
1061 1225 1768 2828 1414 1414 2828 1000 1061 1225 1768 1458 2236 1768|0.001 -0.03297098719194369 -0.0757025148750834 0.028980582327642335
1443 816 866 1155 2309 2309 1155 1000 1443 816 866 1190 1915 2723|0.001 -0.09183307431155585 -0.09024625156478172 -0.09335940135858145
866 2000 866 750 750 1250 1250 1000 707 2000 707 1658 1250 1031|0.001 -0.1008648237570764 -0.03503493307165817 0.003590379989799608
1333 1000 1333 1155 943 943 1155 1667 2667 1667 2667 1667 1374 2108|0.001 -0.03161843271012876 -0.12245267467590804 0.003881608423803584
2309 1000 1155 866 1443 1443 866 816 2309 816 1155 1915 1190 2723|0.001 -0.08764392328126314 -0.08580045700715466 -0.07672894721839518
943 1667 1155 1333 1333 2667 2667 1000 943 1667 1155 1374 1667 2108|0.001 -0.11990016256458458 -0.052104026996900865 0.00965895056852517
750 1000 750 866 866 707 707 2000 1250 2000 1250 1250 1658 1031|0.001 -0.23483624269223458 -0.0546296945657887 -0.007122940823389712
1768 1225 1061 1414 2828 2828 1414 1000 1768 1225 1061 2031 2236 3335|0.001 -0.03742355928533447 -0.11972697298669233 -0.03585619064614187
1333 1000 1333 943 1155 1155 943 1667 2667 1667 2667 1667 1915 2211|0.001 -0.14274571213434561 -0.05543212582305168 -0.0018884375134520237
707 2000 707 750 750 1250 1250 1000 866 2000 866 1581 1250 1436|0.001 -0.09457776306198484 -0.07748337168904884 0.01769139795687158
2828 1000 1414 1061 1768 1768 1061 1225 2828 1225 1414 2236 2031 3335|0.001 -0.045125140791159035 -0.08030885655204822 -0.03808020343298524
1155 1667 943 1333 1333 2667 2667 1000 1155 1667 943 1915 1667 2211|0.001 -0.07138781663730165 -0.11103799821598259 0.00806792535976708
750 1000 750 707 707 866 866 2000 1250 2000 1250 1250 1581 1436|0.001 -0.2898022821342283 0.005446359245628862 -0.04858340393423144
1744 1000 581 403 755 616 329 746 1308 867 349 1419 595 1849|0.001 -0.048970534234513696 -0.10826888203777418 -0.05025091290954298
1853 1875 2483 1443 866 3248 4330 816 2153 1531 2483 1477 1658 2808|0.001 -0.0594332173085621 -0.10384983538528236 0.019726084888669337
566 600 693 1720 1720 1492 1284 3000 1061 2250 1299 1149 2441 1409|0.001 -0.013212573462546562 -0.127840089012623 0.02144239957091454
573 333 573 433 354 189 231 750 497 200 428 814 1061 699|0.001 -0.029838318023004406 -0.13626442418111395 0.045979038373731296
1732 816 2309 1324 988 1148 1324 533 462 435 770 2449 1782 1285|0.001 -0.02753585399641323 -0.09610457100024616 0.03447205908454265
581 1000 1744 616 329 403 755 867 349 746 1308 1419 1219 479|0.001 -0.05575123517249203 -0.0807063468198077 0.03792968662133411
433 750 354 573 573 428 497 333 231 200 189 829 814 772|0.001 -0.03742947806119723 -0.06313220713696222 -0.035207864536078715
1720 3000 1720 566 693 1299 1061 600 1284 2250 1492 2441 825 1023|0.001 -0.0769294172915036 -0.05103955414913708 0.00558455663408397
616 867 329 581 1744 1308 349 1000 755 746 403 819 1419 1446|0.001 -0.08111380173192795 -0.09622673060465048 -0.14852715842236686
1061 1225 1768 3041 2637 2269 3041 1875 3977 2296 5303 1458 2491 2951|0.001 -0.16856940831870948 -0.07615829946718167 -0.013030919211014513
1443 816 866 1853 2483 2483 2153 1875 4330 1531 3248 1190 3342 3524|0.001 -0.11504218294735802 -0.07407922243965803 -0.0023897232040936967
1012 1340 540 467 1753 2337 779 1162 826 1340 441 1804 1516 1938|0.001 -0.09407443687110661 -0.05963826226455193 -0.2577910957250795
2486 3750 2139 1155 943 1768 2165 1667 2867 5000 2867 3243 1374 3496|0.001 -0.1844680594544501 -0.044935744792139465 0.009734725556096446
1324 533 988 1732 2309 770 462 816 1324 435 1148 788 1915 1879|0.001 -0.08436652040674675 -0.04034851410453899 -0.06669568836516593
471 1333 577 570 663 765 765 267 251 444 308 1106 742 626|0.001 -0.016184109157619808 -0.10202521240193163 0.022024277031387207
467 1162 1753 1012 540 441 826 1340 779 1340 2337 1301 797 642|0.001 -0.08127448054321973 -0.0717211609584334 0.010408637534609078
2828 1225 2121 1406 1622 1622 1210 533 943 653 566 3000 1328 2302|0.001 -0.034794669308032544 -0.08561255371486554 0.02257465497194966
570 267 663 471 577 308 251 1333 765 444 765 865 1414 455|0.001 -0.14923071753325412 -0.006951608983313262 -0.007441258822109553
379 1153 711 1508 402 670 2011 860 464 1153 871 945 1304 770|0.001 -0.015470128420809193 -0.12493315866841326 0.049535987623134936
3041 1875 2637 1061 1768 5303 3977 1225 3041 2296 2269 3708 2031 4316|0.001 -0.05945939178258475 -0.12290852054598678 -0.029241023581006997
1155 1667 943 2486 2139 2867 2867 3750 2165 5000 1768 1915 2783 3859|0.001 -0.18367487332212162 -0.11816415956125592 0.02478828832209734
1508 860 402 379 711 871 464 1153 2011 1153 670 1119 1406 2133|0.001 -0.04630852687434017 -0.12993509340524012 -0.049566144486582475
1075 1875 625 354 354 663 663 500 932 938 697 1976 791 881|0.001 -0.03571567843940193 -0.07005716697574993 0.011118789049473499
1414 1000 2828 1768 1972 2637 3041 1875 2652 1875 5303 2236 2577 3769|0.001 -0.19747988757437107 -0.05314002355797265 -0.006825576990383553
1061 1116 566 1600 3000 1500 800 1720 1061 1492 566 1458 3162 2372|0.001 -0.05501777401895169 -0.08405308372405385 -0.05463670006767618
1744 581 930 329 616 616 329 867 872 649 465 1097 819 1379|0.001 -0.09542401586974392 -0.09320802009193607 -0.08641739724078334
2637 1875 3041 2828 1414 2652 5303 1000 1972 1875 1768 2491 2236 2035|0.001 -0.0701110721963416 -0.08085696458416058 0.044942702001276036
354 500 354 1075 625 697 932 1875 663 938 663 791 1179 911|0.001 -0.09897036953939398 -0.0507127320525369 0.008434146462894532
333 533 573 354 354 189 189 500 372 267 497 1054 791 383|0.001 -0.02855298420387342 -0.09081982662638377 -0.014730493753004614
1414 1000 2828 1622 1406 1052 943 533 754 533 1508 2236 1978 2010|0.001 -0.07148484101503927 -0.03766221994289887 -0.024549869508773137
1600 1720 3000 1061 566 566 1061 1116 800 1492 1500 1887 1149 1265|0.001 -0.035789308236705564 -0.11950177519551075 0.06996742643117893
354 500 354 333 573 497 372 533 189 267 189 791 629 699|0.001 -0.03959981469926599 -0.07203835738264774 0.018575980558208638
1768 1875 1972 1414 2828 5303 2652 1000 3041 1875 2637 2031 2236 5590|0.001 -0.05903470315050452 -0.11013277337868499 -0.04503303201362163
707 2000 707 1395 1865 2151 1250 1875 1326 3750 1326 1581 2665 2622|0.001 -0.1679135935115228 -0.02999645250590377 -0.007224596982163822
1344 1337 717 507 951 951 507 896 2689 1542 1434 1911 1030 2126|0.001 -0.09008239132019091 -0.062180946636389844 -0.09754828532114956
2828 1000 1414 2637 3041 1768 1972 1875 5303 1875 2652 2236 3708 3335|0.001 -0.1474471359308538 -0.11171868816592267 0.015481685865499362
711 1153 379 536 1006 2011 1073 748 711 670 379 1406 772 1590|0.001 -0.08506982320520051 -0.08481860530488605 -0.09328193260652817
1395 1875 1865 707 707 1326 1326 2000 1250 3750 2151 1439 1581 1436|0.001 -0.1549135955616887 -0.1087648837755717 0.0018547709560690073
1622 533 1406 1414 2828 1508 754 1000 943 533 1052 1328 2236 2981|0.001 -0.11707163577877044 -0.02768671602459971 -0.1217278191654747
536 748 1006 711 379 379 711 1153 1073 670 2011 1429 945 848|0.001 -0.06072412290725304 -0.06529909036116943 0.03685207036736138
707 2000 707 994 744 667 1147 533 377 1067 377 1581 1421 972|0.001 -0.07229308138376522 -0.04276383888491608 -0.03187352591044745
2828 1000 1414 1052 943 1622 1406 533 1508 533 754 2236 1374 1779|0.001 -0.02975444416997375 -0.10008746103883914 0.016592706326525875
507 896 951 1344 717 1434 2689 1337 507 1542 951 1306 1032 1134|0.001 -0.053585058161581545 -0.09216768620194382 0.018630328420434772
994 533 744 707 707 377 377 2000 1147 1067 667 767 1581 939|0.001 -0.12035444033225984 -0.10163476994003662 0.04217199457992704
750 1000 750 1021 1604 1865 1395 1875 2812 1875 2812 1250 2490 2432|0.001 -0.14092379316230086 -0.0892155536863326 -0.000782868740304421
1836 1571 979 734 2754 2754 734 1366 1836 1826 979 2438 2050 3310|0.001 -0.09923225425697235 -0.09454828408361649 -0.2878195920285742
1860 3750 1362 1333 1333 2500 2500 1000 2486 3750 2139 2791 1667 3553|0.001 -0.13504231918146203 -0.04075687777531756 0.008445074125906782
1333 1000 1333 2139 2486 1860 1362 3750 2500 3750 2500 1667 3243 1918|0.001 -0.1456331123936505 -0.0892571503834505 0.010169026643813694
1753 1162 467 623 1169 1169 623 637 1753 869 467 1516 674 2107|0.001 -0.04013281913609168 -0.13500193355707624 -0.04393568508328394
1021 1875 1604 750 750 2812 2812 1000 1395 1875 1865 1081 1250 2094|0.001 -0.08090013983190869 -0.10532353583568521 0.006734333899551803
750 1000 750 1865 1395 1021 1604 1875 2812 1875 2812 1250 1439 1681|0.001 -0.013288126070047923 -0.136932426727836 0.015432351542112865
2139 3750 2486 1333 1333 2500 2500 1000 1362 3750 1860 2783 1667 1441|0.001 -0.13448195658827822 -0.039943178432081394 0.00916430945790081
1006 748 536 402 1508 1508 402 860 1006 548 536 772 1119 1813|0.001 -0.06624974592406963 -0.09873839239747051 -0.20332489862345926
1333 1000 1333 1860 1362 2139 2486 3750 2500 3750 2500 1667 2241 3320|0.001 -0.40903571206117983 -0.011270897828690174 -0.01753515875842271
1865 1875 1395 750 750 2812 2812 1000 1604 1875 1021 2665 1250 2087|0.001 -0.0768276300407944 -0.07565186848537242 0.01527022491694785
2016 732 538 717 1344 1344 717 1337 2016 1150 538 1205 1911 2424|0.001 -0.039444485614649194 -0.1358864358020917 -0.04335328839721431
734 1366 2754 1836 979 979 1836 1571 734 1826 2754 1646 1058 1224|0.001 0.0021640351363316768 -0.08408047358490212 0.011577552159591775
667 1000 667 363 496 663 570 267 356 267 356 1202 598 512|0.001 -0.016243137203365565 -0.04310629075863104 0.00992405432899135
663 267 570 667 667 356 356 1000 496 267 363 742 1202 948|0.001 -0.08654083302858218 -0.09051596688532837 0.012574083476679654
1500 1000 1500 856 545 744 994 533 400 533 400 1803 1328 896|0.001 -0.011111482888332969 -0.09807615922085788 0.02565555649268969
402 860 1508 1006 536 536 1006 748 402 548 1508 1304 1429 670|0.001 -0.035490484129642175 -0.04020198870908098 0.032790465567535954
667 1000 667 663 570 363 496 267 356 267 356 1202 865 885|0.001 -0.029935438251994517 -0.043682734968240045 0.0019089774404257298
363 267 496 667 667 356 356 1000 570 267 663 744 1202 384|0.001 -0.03770344489045452 -0.07056520689224799 0.012267865138813061
1500 1000 1500 744 994 856 545 533 400 533 400 1803 767 1297|0.001 -0.018466805871404368 -0.08261231654459689 0.023797230190520935
625 1000 625 433 433 433 433 500 125 500 125 1179 829 515|0.001 -0.03111625727621914 -0.09391278731403441 -0.007843583346809346
693 200 693 1600 1600 800 800 1000 693 200 693 825 1887 1327|0.001 -0.0168023248014193 -0.11984840478764025 0.005747184459854449
1600 1000 1600 693 693 693 693 200 800 200 800 1887 825 1327|0.001 -0.011182040893910061 -0.09331149622487822 0.01076632033211844
289 1000 1443 2309 1155 1155 2309 1000 289 1000 1443 1190 1915 1190|0.001 -0.06620806996720963 -0.08326268745215692 0.05858172566116426
625 1000 625 433 433 433 433 500 125 500 125 1179 829 515|0.001 -0.03153544798599084 -0.08562254995141405 0.020175302979814624
693 200 693 1600 1600 800 800 1000 693 200 693 825 1887 1327|0.001 -0.03051201593692099 -0.06699581517153885 -0.01262575908980823
1600 1000 1600 693 693 693 693 200 800 200 800 1887 825 1327|0.001 -0.02672096318423023 -0.014126862100750648 -0.03723092480547141
289 1000 1443 2309 1155 1155 2309 1000 289 1000 1443 1190 1915 1190|0.001 -0.10346814804769622 -0.047382957386099545 0.01054753555267629
866 2000 866 250 250 1250 1250 1000 866 2000 866 1658 1031 1031|0.001 -0.06505428006137404 -0.10143690112487169 0.023862534630474386
4000 1000 4000 3464 3464 3464 3464 5000 8000 5000 8000 4123 4123 6633|0.001 -0.38376145198421363 -0.06710906308973641 0.007052750637477345
2309 1000 1155 289 1443 1443 289 1000 2309 1000 1155 1915 1190 2723|0.001 -0.0934975063020238 -0.08758808784925076 -0.3823444108500662
250 1000 250 866 866 866 866 2000 1250 2000 1250 1031 1658 1031|0.001 -0.06758940654243317 -0.15180118961334532 0.05849893134533657
4000 1000 4000 3464 3464 3464 3464 5000 8000 5000 8000 4123 4123 6633|0.001 -0.16361451273923078 -0.10749754964117453 0.003936412373362064
866 2000 866 250 250 1250 1250 1000 866 2000 866 1658 1031 1031|0.001 -0.1067006481521382 -0.0832123365039672 0.011250192014384819
2309 1000 1155 289 1443 1443 289 1000 2309 1000 1155 1915 1190 2723|0.001 -0.07625896232373974 -0.10899498991259637 -0.31488251454861893
250 1000 250 866 866 866 866 2000 1250 2000 1250 1031 1658 1031|0.001 -0.13437708515435798 -0.10333585198757933 0.022834636946205134
281 1000 1403 1549 1043 1043 1549 1875 2105 1875 4210 1181 1211 1296|0.001 -0.11199792672364928 -0.06504250837049863 0.025495436310098984
3563 5000 3563 3717 3717 5518 5518 7500 6680 15000 6680 4206 4617 8559|0.001 -0.7608680378199462 -0.00697242921882113 -0.013788860623683563
1549 1875 1043 281 1403 4210 2105 1000 1549 1875 1043 2402 1181 2882|0.001 -0.09904003105873915 -0.0835480717896353 -0.3834509346930237
3717 7500 3717 3563 3563 6680 6680 5000 5518 15000 5518 4617 4206 8559|0.001 -0.60791147979675 -0.045367254466899265 0.009535265704583296
1797 1484 959 269 2018 4035 1345 1000 1797 1484 959 2303 1242 3372|0.001 -0.08759856842887048 -0.0983291301096545 -0.5805560508296403
713 200 713 1104 1104 743 743 3000 1336 1500 1336 841 2054 863|0.001 -0.41285570468871935 -0.01213230558678946 -0.04312890453837204
2719 1000 906 646 1211 1211 646 674 1359 674 181 1861 782 2272|0.001 -0.03888553245030013 -0.11451546052866024 -0.04482165514696601
906 1000 2719 1211 646 646 1211 674 181 674 1359 1861 1551 762|0.001 -0.09388855140945451 -0.0652278984141319 0.03140963342523451
445 500 445 368 368 248 248 333 238 67 238 836 685 571|0.001 -0.01397258556143921 -0.08882439710341083 0.020547318358556943
959 1484 1797 2018 269 1345 4035 1000 959 1484 1797 1161 1242 1132|0.001 -0.023277933029123288 -0.13478337581313782 0.0701963271674555
496 133 496 891 891 475 475 2000 736 667 736 616 1671 575|0.001 -0.0634032245325511 -0.14752665718603342 0.019112938442598093
2245 1000 1123 556 826 826 556 533 748 533 150 1876 646 1537|0.001 -0.0233058242356321 -0.11219960166646836 0.02654654045660232
269 1000 2018 1797 959 959 1797 1484 1345 1484 4035 1242 1161 1132|0.001 -0.12843573437598899 -0.019697479130329487 0.02150052101005384
826 533 556 1123 2245 748 150 1000 826 533 556 646 1876 1537|0.001 -0.1190816187691579 -0.0233696640290737 -0.15896883424663555
368 333 368 445 445 238 238 500 248 67 248 685 836 571|0.001 -0.016168291411048363 -0.10667350996551805 0.04280870289253391
1123 1000 2245 826 556 556 826 533 150 533 748 1876 1281 691|0.001 -0.04730495433056259 -0.05799166443687942 -0.01326105305828773
1075 1875 625 333 333 625 625 1000 1114 1875 690 1976 1054 1244|0.001 -0.09208551700611856 -0.060680084245576804 -0.00013689413436712705
3000 1000 3000 1875 2069 3342 3226 1875 5625 1875 5625 3162 2652 5993|0.001 -0.18617036029961342 -0.06807036199657834 -0.03120917726701311
1000 1104 533 1600 3000 3000 1600 1720 1000 1783 533 1414 3162 3162|0.001 -0.07085409975115753 -0.0553880196167722 -0.07687500811299097
1744 581 930 310 581 581 310 1036 1744 641 930 1097 1157 1838|0.001 -0.057559311763178966 -0.11293036180346383 -0.04054566937619297
3342 1875 3226 3000 3000 5625 5625 1000 2069 1875 1875 3731 3162 3644|0.001 -0.05037554519925713 -0.09963852619465308 0.029098102964701944
333 1000 333 1075 625 690 1114 1875 625 1875 625 1054 1179 884|0.001 0.023230243305851772 -0.18199750269248027 0.06546838234775976
333 533 573 333 333 178 178 1000 368 533 594 1054 1054 378|0.001 -0.03298144125434832 -0.14250369274777963 0.021260417072319626
310 1036 581 1744 930 930 1744 581 310 641 581 1047 1838 980|0.001 -0.04841815928619431 -0.029779992749968676 0.03181855905526554
3000 1000 3000 1720 1783 1104 1000 533 1600 533 1600 3162 1801 3197|0.001 -0.04562579181594861 -0.07147228005672579 0.003997869310683466
1600 1720 3000 1000 533 533 1000 1104 1600 1783 3000 1887 1133 1687|0.001 -0.11155573626537851 -0.05209458656478372 0.04512562959907429
333 1000 333 333 573 594 368 533 178 533 178 1054 629 600|0.001 -0.06691692614057554 0.0034140279678385177 -0.01573984334430789
1104 533 1000 3000 3000 1600 1600 1000 1783 533 1720 1133 3162 1944|0.001 -0.11272609188244798 -0.022104712962355277 -0.036213548789809646
1875 1875 2069 3000 3000 5625 5625 1000 3226 1875 3342 2125 3162 5929|0.001 -0.11781104744087667 -0.05329132091642985 0.01955862615957704
333 1000 333 690 1114 1075 625 1875 625 1875 625 1054 1998 1126|0.001 -0.09670517811955937 -0.103543409374941 -0.006301973198349353
2719 1615 1450 483 906 906 483 906 2719 1559 1450 2897 1027 2866|0.001 -0.08673433072719283 -0.04121889624645658 -0.09355904686418781
3000 1000 3000 3342 3226 1875 2069 1875 5625 1875 5625 3162 3377 3538|0.001 -0.09624035851922286 -0.09991008869169482 -0.015467652333225335
561 965 299 898 1683 1683 898 619 561 561 299 1010 1090 1774|0.001 -0.061497105505673444 -0.09920750574168968 -0.05934214230435719
690 1875 1114 333 333 625 625 1000 625 1875 1075 1215 1054 708|0.001 -0.04684370390349302 -0.0818135354397298 0.014171303008905234
1720 533 1783 3000 3000 1600 1600 1000 1000 533 1104 1990 3162 3162|0.001 -0.07472348033822795 -0.048714269168208535 -0.018422310431885913
898 619 1683 561 299 299 561 965 898 561 1683 1793 1116 946|0.001 -0.07822857644944392 -0.05711381152694872 0.016971549248216977
333 1000 333 594 368 333 573 533 178 533 178 1054 1066 471|0.001 -0.07165554710687139 -0.049633457101814216 -0.04396065796692383
3000 1000 3000 1104 1000 1720 1783 533 1600 533 1600 3162 1414 1887|0.001 -0.0563269382056264 -0.027070699707235635 -0.019558261655069353
483 906 906 2719 1450 1450 2719 1615 483 1559 906 1282 1761 1528|0.001 -0.042788880991112554 -0.11253358031675376 0.045016362046914615
594 533 368 333 333 178 178 1000 573 533 333 648 1054 663|0.001 -0.03372183737308854 -0.0710004583500834 0.009440864691618867
1075 1875 625 433 433 812 812 500 802 938 511 1976 829 640|0.001 -0.032392223701164236 -0.06137739130919306 0.01138214665237891
1155 1000 2309 1443 1179 1853 2483 1875 2165 1875 4330 1915 1573 2875|0.001 -0.17557916274610785 -0.06373853909070637 -0.009720309431299201
1299 817 693 1600 3000 1500 800 1720 1299 1284 693 1090 3162 2487|0.001 -0.09785660877134839 -0.04845007425008818 -0.07979747922249092
1744 581 930 403 755 755 403 746 872 475 465 1097 595 1446|0.001 -0.04278515156401763 -0.10910509026606618 -0.03635035167934286
1853 1875 2483 2309 1155 2165 4330 1000 1179 1875 1443 1477 1915 1248|0.001 -0.06549813334681409 -0.08303835265791593 0.04383119532734625
433 500 433 1075 625 511 802 1875 812 938 812 829 1179 681|0.001 -0.1886578681331874 -0.02934929374931894 -0.04043654116217432
333 533 573 433 433 231 231 500 272 267 428 1054 829 503|0.001 -0.02079872653256598 -0.10591004410503424 0.022762875599822152
1155 1000 2309 1324 988 629 770 533 616 533 1232 1915 1782 1533|0.001 -0.0354535107632481 -0.10475055487627394 0.007085076781467858
1600 1720 3000 1299 693 693 1299 817 800 1284 1500 1887 1510 1327|0.001 -0.05412546682904029 -0.11442631660099178 0.047554090623929124
433 500 433 333 573 428 272 533 231 267 231 829 629 772|0.001 -0.0826244994948111 0.011143226429868314 -0.035953318757460107
1443 1875 1179 1155 2309 4330 2165 1000 2483 1875 1853 2179 1915 4564|0.001 -0.048310376744329364 -0.1135357915543489 -0.05013509631315416
866 2000 866 1021 1604 2151 1250 1875 1624 3750 1624 1658 2490 2894|0.001 -0.2045824602137214 -0.06221100469681051 -0.018856299261020837
1836 1571 979 848 1590 1590 848 1224 3672 2106 1958 2438 1848 3045|0.001 -0.06876625944857495 -0.1080658257742384 -0.06949795829180094
2309 1000 1155 1853 2483 1443 1179 1875 4330 1875 2165 1915 3342 2723|0.001 -0.022493913009959954 -0.09411815629445375 0.010685503141145691
1012 1340 540 623 1169 2337 1247 637 1012 779 540 1804 674 1938|0.001 -0.10451070482810576 -0.0618809774602902 -0.07995998708682728
1021 1875 1604 866 866 1624 1624 2000 1250 3750 2151 1081 1658 1887|0.001 -0.14350321823277667 -0.07893310584082713 0.021321736338799635
1324 533 988 1155 2309 1232 616 1000 770 533 629 788 1915 2434|0.001 -0.08120347475310985 -0.048963400258957845 -0.08836434618841982
623 637 1169 1012 540 540 1012 1340 1247 779 2337 1552 797 1034|0.001 -0.07591617505307569 -0.048960317414253884 0.03525869443611329
866 2000 866 856 545 667 1147 533 462 1067 462 1658 1328 726|0.001 -0.04792121395320925 -0.0412836393212046 -0.0037232121685171204
2309 1000 1155 629 770 1324 988 533 1232 533 616 1915 839 1452|0.001 -0.039345299507971276 -0.09592885103321125 0.015693875599469553
848 1224 1590 1836 979 1958 3672 1571 848 2106 1590 1334 1058 1624|0.001 -0.07764107246280849 -0.08783908633671178 0.06098060774878178
856 533 545 866 866 462 462 2000 1147 1067 667 576 1658 682|0.001 -0.2998599724323303 -0.005903194180459925 -0.0432970601682503
573 533 333 433 354 189 231 750 528 400 272 629 1061 673|0.001 -0.05132059195676497 -0.12142500984827276 0.021889050060326376
1732 816 2309 770 629 1218 1324 533 924 435 1232 2449 1162 867|0.001 -0.04119026805935011 -0.08539211897322985 0.039819367088556046
693 817 1299 3000 1600 1200 2250 1720 566 1583 1061 1510 1887 1697|0.001 -0.0633770694607616 -0.03152924385462219 0.03987419228789424
930 581 1744 616 329 403 755 920 697 475 1308 1838 1174 771|0.001 -0.015094606406732547 -0.11644116649086156 0.02809834206995543
1492 533 1622 2828 2121 1131 1508 1225 770 653 943 1904 2345 2548|0.001 -0.037786217645706666 -0.1070423785629615 0.040878920584321854
433 750 354 573 333 272 528 533 231 400 189 829 1054 503|0.001 -0.040485782504623424 -0.06881123382585397 -0.009478154740958367
625 1875 1075 354 433 812 663 750 511 1406 989 1179 829 681|0.001 -0.0634784210453776 -0.07597349182413504 0.005515550231360855
616 920 329 930 1744 1308 697 581 755 475 403 935 1097 1446|0.001 -0.0880940793128604 -0.0709059046333893 -0.09561231991851993
2121 1225 2828 3041 2798 1444 1768 1875 3977 2296 5303 2345 2842 1990|0.001 -0.0022851129680878657 -0.16463704887780928 0.05052682874516545
3000 1720 1600 693 1299 1061 566 817 2250 1583 1200 3162 1090 3182|0.001 -0.06520826937152613 -0.10068483877432421 -0.04487360271341778
354 750 433 625 1075 989 511 1875 663 1406 812 1061 1976 1005|0.001 -0.02742391520057952 -0.14699284375468413 0.026841535946109385
1179 1875 1443 2309 1732 3248 4330 816 2284 1531 2483 1573 2449 3901|0.001 -0.06089373006676668 -0.11165548203034614 0.01771622217319191
770 533 629 1732 2309 1232 924 816 1324 435 1218 839 1915 1452|0.001 -0.009387017756442573 -0.11809530972521687 0.021757730262743635
471 1333 577 363 703 765 444 533 251 711 308 1106 500 715|0.001 -0.04801909313256525 -0.011226763617632196 -0.01310547845133958
1469 1937 2754 1590 848 692 1298 1224 1958 2106 3672 1378 1334 1624|0.001 -0.0466589242333304 -0.09403018499395399 0.02595857816609648
2828 1225 2121 1492 1622 943 770 533 1508 653 1131 3000 1516 2981|0.001 -0.018525725243833113 -0.10375539657380362 0.02455086916911764
357 1087 670 1422 758 1011 1895 516 438 632 821 1016 1708 1072|0.001 -0.04505983141276482 -0.11679311933096459 0.03777076786144029
363 533 703 471 577 308 251 1333 444 711 765 1201 1414 484|0.001 -0.13123323044756052 -0.037522139257482046 -0.04964634081778496
3041 1875 2798 2121 2828 5303 3977 1225 1768 2296 1444 3571 3000 3335|0.001 -0.11962673054129458 -0.057396901871122896 -0.052034081072001026
1422 516 758 357 670 821 438 1087 1895 632 1011 711 1276 2010|0.001 -0.09505418190928538 -0.0654027480083319 -0.10568433771805386
577 1333 471 1319 681 833 1434 1875 1083 2500 884 1414 938 1258|0.001 -0.1052042338318726 -0.10394656530329782 0.0050702180327744095
2309 816 1732 1179 1443 2483 2284 1875 4330 1531 3248 1915 2179 4564|0.001 -0.08500068338786915 -0.074580631846346 -0.00019231676938069597
1590 1224 848 1469 2754 3672 1958 1937 1298 2106 692 1848 3308 3045|0.001 -0.07525572343142994 -0.09744924249193376 -0.09906297525531627
1319 1875 681 577 471 884 1083 1333 1434 2500 833 2252 1106 1683|0.001 -0.05709919394822571 -0.07193255664220133 0.017017887732815318
1744 1000 581 329 616 616 329 920 872 920 116 1419 935 1379|0.001 -0.03917661143066131 -0.12380953605190648 -0.04509883140438209
566 200 566 1720 1720 1583 1583 3000 1061 1500 1061 721 2441 1608|0.001 -0.31256954045315477 -0.009606837066887808 -0.042916813662372544
573 333 573 354 354 189 189 500 528 67 528 814 791 673|0.001 -0.017412649847436956 -0.07798358265139527 0.020577569777677773
1414 1000 2828 1622 1492 1492 1622 533 189 533 943 2236 1904 1579|0.001 -0.054054421179466905 -0.03534807331884715 -0.0340532246369718
581 1000 1744 616 329 329 616 920 116 920 872 1419 1174 419|0.001 -0.061752938800350154 -0.08792608362282461 0.07336609982823816
354 500 354 573 573 528 528 333 189 67 189 791 814 673|0.001 -0.03358293174260507 -0.030638291183416877 -0.012755665065239397
354 1000 1768 3041 2798 2798 3041 1875 2652 1875 5303 1275 2842 2961|0.001 -0.06287602333825304 -0.09767835503274758 0.03218082483619655
670 1087 357 126 948 1895 632 1000 670 1087 357 1276 1058 1499|0.001 -0.07981882522944517 -0.09741134655734118 -0.5470795511465809
7914 7500 7914 2828 2828 5303 5303 5000 8602 15000 8602 8374 3606 10100|0.001 -0.6078519914577829 -0.04018332403637692 0.007950415787973952
1622 533 1492 1414 2828 943 189 1000 1622 533 1492 1516 2236 2302|0.001 -0.11614896748252668 -0.038104890563692706 -0.14089081228278455
126 1000 948 670 357 357 670 1087 632 1087 1895 1058 1016 456|0.001 -0.12804886937582194 -0.037900615892058065 0.008233471514411672
2828 1000 1414 1492 1622 1622 1492 533 943 533 189 2236 1516 2302|0.001 -0.00695830687551191 -0.12035307514606242 0.025458171553978115
1055 133 1055 707 707 377 377 2000 1147 667 1147 1117 1581 1072|0.001 -0.18639130629416023 -0.05541174524464232 -0.006406757606616242
357 1087 670 948 126 632 1895 1000 357 1087 670 1016 1058 456|0.001 -0.02698114289304554 -0.1259102506141696 0.06423535908216538
3041 1875 2798 354 1768 5303 2652 1000 3041 1875 2798 3571 1275 4316|0.001 -0.09658251904792414 -0.08313246267490082 -0.3474952413790866
2828 5000 2828 7914 7914 8602 8602 7500 5303 15000 5303 3606 8374 10100|0.001 -0.7961010435379334 -0.02167747507472284 -0.017774593148935924
1075 1875 625 433 354 663 812 750 989 1406 511 1976 1061 1005|0.001 -0.06326404662343466 -0.10531674913012545 0.0031516604102743706
1732 816 2309 1443 1179 2284 2483 1875 3248 1531 4330 2449 1573 3901|0.001 -0.13752714732838456 -0.10207637451400187 -0.0025555747051420052
1299 817 693 1600 3000 2250 1200 1720 1061 1583 566 1090 3162 3182|0.001 -0.08870041438494902 -0.04569322122642605 -0.08192403351602429
1744 581 930 329 616 755 403 920 1308 475 697 1097 935 1446|0.001 -0.07201959632360477 -0.08395929350892062 -0.0874785366104247
2798 1875 3041 2828 2121 3977 5303 1225 1444 2296 1768 2842 2345 1990|0.001 -0.10575780524443079 -0.08076955442202105 0.04078685512802993
433 750 354 1075 625 511 989 1875 812 1406 663 829 1179 681|0.001 -0.06554415273023695 -0.12651670008193006 0.030217527085953932
333 533 573 354 433 231 189 750 272 400 528 1054 829 503|0.001 -0.030661159688989414 -0.08861379667001845 0.026388297397066385
329 920 616 1744 930 697 1308 581 403 475 755 1174 1838 771|0.001 -0.11589080777538951 -0.057787486913706276 0.0406512054244601
2121 1225 2828 1622 1492 770 943 533 1131 653 1508 2345 1904 2548|0.001 -0.034602359410454975 -0.08428001359584325 0.0012250442357641944
1600 1720 3000 1299 693 566 1061 817 1200 1583 2250 1887 1510 1697|0.001 -0.04782935922294729 -0.07963598554752149 0.060158919248829434
354 750 433 333 573 528 272 533 189 400 231 1061 629 673|0.001 -0.08251352814299229 0.02248010866778616 -0.04711183947741726
629 533 770 2309 1732 924 1232 816 1218 435 1324 1162 2449 867|0.001 -0.05693216092265474 -0.11942499779016291 0.054740661220649134
1443 1875 1179 1732 2309 4330 3248 816 2483 1531 2284 2179 1915 4564|0.001 -0.07720280078325925 -0.10073642268479177 -0.005910720037416439
471 1333 577 681 1319 1434 833 1875 884 2500 1083 1106 2252 1683|0.001 -0.15101898003328285 -0.027910860815606453 0.0024721857972864747
2754 1937 1469 848 1590 1298 692 1224 3672 2106 1958 3308 1848 3045|0.001 -0.09255724103339524 -0.07156260406724235 -0.08731803823813555
2828 1225 2121 2798 3041 1768 1444 1875 5303 2296 3977 3000 3571 3335|0.001 -0.14525641001169598 -0.054005727192267816 -0.013332905084806335
670 1087 357 758 1422 1895 1011 516 821 632 438 1276 711 2010|0.001 -0.061332954247173 -0.09520198290881243 -0.0778217884162391
681 1875 1319 471 577 1083 884 1333 833 2500 1434 938 1414 1258|0.001 -0.12080513928887315 -0.05564075951717151 0.009314596349165871
1622 533 1492 2121 2828 1508 1131 1225 943 653 770 1516 3000 2981|0.001 -0.16267913794714595 -0.0012306849356114036 -0.09859762483132473
758 516 1422 670 357 438 821 1087 1011 632 1895 1708 1016 1072|0.001 -0.07995466270789842 -0.047672019654052544 0.05151663189753686
577 1333 471 703 363 444 765 533 308 711 251 1414 1201 484|0.001 -0.04459765555418049 -0.10128017693490587 0.014674004946555463
2309 816 1732 629 770 1324 1218 533 1232 435 924 1915 839 1452|0.001 -0.04081380400913437 -0.0654440432432346 -0.02038326519048894
848 1224 1590 2754 1469 1958 3672 1937 692 2106 1298 1334 1378 1624|0.001 -0.027217691462364524 -0.13483714340041253 0.08145758593562258
703 533 363 577 471 251 308 1333 765 711 444 500 1106 715|0.001 -0.05314996660073845 -0.09745295650416153 0.02660857452936316
573 533 333 354 354 189 189 500 497 267 372 629 791 699|0.001 -0.01588100160838324 -0.11966590155728873 0.019421108101225215
1414 1000 2828 943 1052 1406 1622 533 754 533 1508 2236 1083 1085|0.001 -0.053204437773863855 -0.09084884230626256 -0.009174798287698849
930 581 1744 616 329 329 616 867 465 649 872 1838 1219 735|0.001 -0.028086211201673317 -0.0874806769688663 0.04411621767232976
354 500 354 573 333 372 497 533 189 267 189 791 1054 383|0.001 -0.04979080447995221 -0.05915884901384061 0.00916681746521375
625 1875 1075 354 354 663 663 500 697 938 932 1179 791 911|0.001 -0.025273276302367753 -0.07255104414348401 0.004747671320657343
616 867 329 930 1744 872 465 581 616 649 329 819 1097 1379|0.001 -0.08951090258791927 -0.07428374269382365 -0.07153306146080007
1414 1000 2828 3041 2637 1972 1768 1875 2652 1875 5303 2236 2491 2035|0.001 -0.07126573903909361 -0.0768366821772215 0.012097697985478106
3000 1720 1600 566 1061 1061 566 1116 1500 1492 800 3162 1458 2372|0.001 -0.07523647543835055 -0.08537359979610137 -0.07347906458471276
354 500 354 625 1075 932 697 1875 663 938 663 791 1976 881|0.001 -0.05861960252754761 -0.0895661594396302 0.02099010618677344
1972 1875 1768 2828 1414 2652 5303 1000 2637 1875 3041 2577 2236 3769|0.001 -0.04679876225131885 -0.10124150566960255 0.020375079467414015
943 533 1052 1414 2828 1508 754 1000 1622 533 1406 1374 2236 1779|0.001 -0.0694113206002045 -0.09242782814781081 -0.09392839794060914
707 2000 707 744 994 1147 667 533 377 1067 377 1581 767 939|0.001 -0.08836872141016139 0.001419507914428575 -0.022514212167209502
717 1337 1344 951 507 507 951 896 1434 1542 2689 1032 1306 1134|0.001 -0.037058802501918064 -0.01648091000528873 0.01797190909988977
2828 1000 1414 1406 1622 943 1052 533 1508 533 754 2236 1328 2981|0.001 -0.020691721496086668 -0.10131815796448951 0.013921892919095402
379 1153 711 1006 536 1073 2011 748 379 670 711 945 1429 848|0.001 -0.1192257585050549 -0.05617482160819587 0.043069022083188635
744 533 994 707 707 377 377 2000 667 1067 1147 1421 1581 972|0.001 -0.25235176650514557 -0.018252423996938383 -0.027606256162985288
3041 1875 2637 1414 2828 5303 2652 1000 1768 1875 1972 3708 2236 3335|0.001 -0.10929473760977193 -0.05028597851530425 -0.09772095097445588
1006 748 536 379 711 711 379 1153 2011 670 1073 772 1406 1590|0.001 -0.033124133309041515 -0.1432223299124602 -0.011750158121548449
707 2000 707 1865 1395 1250 2151 1875 1326 3750 1326 1581 1439 1436|0.001 -0.2194180060454054 -0.020468571210766617 0.004438693073673949
2828 1000 1414 1972 1768 3041 2637 1875 5303 1875 2652 2236 2031 5590|0.001 0.009488576957923378 -0.12598438432661063 0.020223378863939434
951 896 507 717 1344 2689 1434 1337 951 1542 507 1030 1911 2126|0.001 -0.08688642694282378 -0.07931672386420008 -0.07318689793596511
1865 1875 1395 707 707 1326 1326 2000 2151 3750 1250 2665 1581 2622|0.001 -0.09093656806430594 -0.0792418743448986 0.0013577023939292943
1744 1000 581 329 616 755 403 867 1308 746 349 1419 819 1446|0.001 -0.04604055532239415 -0.11768094819462283 -0.050139045090186185
2637 1875 3041 1768 1061 3977 5303 1225 2269 2296 3041 2491 1458 2951|0.001 -0.0710868743558235 -0.07887390595957999 0.02580499958504401
693 600 566 1720 1720 1284 1492 3000 1299 2250 1061 825 2441 1023|0.001 -0.40541225450987706 0.0011705395339500768 -0.04968221746727841
573 333 573 354 433 231 189 750 428 200 497 814 829 772|0.001 -0.01913322869116607 -0.08711920992646616 0.010719522864612863
2121 1225 2828 1622 1406 1210 1622 533 566 653 943 2345 1978 1834|0.001 -0.027467342955853624 -0.07077162018830574 -0.011612842894097586
581 1000 1744 755 403 329 616 746 349 867 1308 1419 1346 668|0.001 -0.1374671152824536 -0.030482314987727577 0.023151721315699536
354 750 433 573 573 497 428 333 189 200 231 1061 814 699|0.001 -0.03665017918952018 -0.06141393378731097 -0.012464081588815512
1720 3000 1720 693 566 1061 1299 600 1492 2250 1284 2441 1149 1409|0.001 -0.07899020330812356 -0.04420184400677707 0.008165711628038697
755 746 403 581 1744 1308 349 1000 616 867 329 595 1419 1849|0.001 -0.08338188913738609 -0.06586317561554034 -0.18232639296593467
866 816 1443 2483 1853 2153 2483 1875 3248 1531 4330 1658 1477 2808|0.001 -0.08867321703767472 -0.05244837737900854 -0.007723928702205729
1768 1225 1061 2637 3041 3041 2269 1875 5303 2296 3977 2031 3708 4316|0.001 -0.01194842023945264 -0.13996953205450247 0.028156312997169586
711 1153 379 402 1508 2011 670 860 871 1153 464 1406 1119 2133|0.001 -0.09376998865191943 -0.05911518971887686 -0.26971908344740947
2139 3750 2486 943 1155 2165 1768 1667 2867 5000 2867 2783 1915 3859|0.001 -0.2036939926685255 -0.043520791613422816 0.008756104050962055
1622 533 1406 2121 2828 943 566 1225 1622 653 1210 1328 3000 2302|0.001 -0.104841137174152 -0.052924038702267806 -0.06517664735480988
577 1333 471 663 570 765 765 267 308 444 251 1414 865 455|0.001 -0.025246547362378635 -0.06260462292801305 0.017062198491810676
402 860 1508 711 379 464 871 1153 670 1153 2011 1304 945 770|0.001 -0.0650468942998117 -0.05727406589024708 0.027327037850344293
2309 816 1732 988 1324 1324 1148 533 770 435 462 1915 788 1879|0.001 -0.05935215444655584 -0.054068259067701074 -0.029662014613335286
663 267 570 577 471 251 308 1333 765 444 765 742 1106 626|0.001 -0.08657001428329592 -0.09870120848925579 0.006566649374015743
540 1340 1012 1753 467 779 2337 1162 441 1340 826 797 1301 642|0.001 -0.04140103046792798 -0.10447923711231044 0.06013763885396317
2483 1875 1853 866 1443 4330 3248 816 2483 1531 2153 3342 1190 3524|0.001 -0.08836995746194454 -0.07932047357873229 -0.07387439668278262
943 1667 1155 2139 2486 2867 2867 3750 1768 5000 2165 1374 3243 3496|0.001 -0.34171806498795365 -0.09375150730754456 -0.0027609369596615085
1753 1162 467 540 1012 826 441 1340 2337 1340 779 1516 1804 1938|0.001 -0.049643936858654314 -0.12684595594858017 -0.04967006968165544
750 1000 750 1395 1865 1604 1021 1875 2812 1875 2812 1250 2665 2087|0.001 -0.0660476360379969 -0.12301538538331047 0.001927265447958515
1344 1337 717 538 2016 2016 538 732 1344 1150 717 1911 1205 2424|0.001 -0.09344048965299945 -0.08124769774557894 -0.25016396077114145
1362 3750 1860 1333 1333 2500 2500 1000 2139 3750 2486 2241 1667 3320|0.001 -0.13524964943541828 -0.0402698322792272 0.00888019364547521
1333 1000 1333 2486 2139 1362 1860 3750 2500 3750 2500 1667 2783 1441|0.001 -0.12998235711017103 -0.08297630196316352 0.002449530548902512
1508 860 402 536 1006 1006 536 748 1508 548 402 1119 772 1813|0.001 -0.040151762876367014 -0.13465813007856653 -0.044064626752904346
1395 1875 1865 750 750 2812 2812 1000 1021 1875 1604 1439 1250 1681|0.001 -0.07068232199367475 -0.08015570394995564 0.008560002376707398
750 1000 750 1604 1021 1395 1865 1875 2812 1875 2812 1250 1081 2094|0.001 -0.025680373636508547 -0.14021789203295887 0.027780446991769736
2486 3750 2139 1333 1333 2500 2500 1000 1860 3750 1362 3243 1667 1918|0.001 -0.13468767722323527 -0.039836718387229464 0.008887671931507857
1169 637 623 467 1753 1753 467 1162 1169 869 623 674 1516 2107|0.001 -0.09590307569095735 -0.0355280296610716 -0.28809368534036817
1333 1000 1333 1362 1860 2486 2139 3750 2500 3750 2500 1667 2791 3553|0.001 -0.4140820311583049 -0.021394758531626534 -0.0002704566438327394
1604 1875 1021 750 750 2812 2812 1000 1865 1875 1395 2490 1250 2432|0.001 -0.10719961096294472 -0.07679487283061004 -0.009181128594606403
2754 1366 734 979 1836 1836 979 1571 2754 1826 734 2050 2438 3310|0.001 -0.03955150684617825 -0.13587097647056123 -0.043542666711283706
538 732 2016 1344 717 717 1344 1337 538 1150 2016 1501 1032 896|0.001 -0.02029337995976488 -0.09638537987969764 0.036969241463900016
667 1000 667 496 363 570 663 267 356 267 356 1202 744 384|0.001 -0.02922270113879799 -0.047911425300459776 0.0038088387960888426
570 267 663 667 667 356 356 1000 363 267 496 865 1202 885|0.001 -0.08087751701005841 -0.027654137363107845 -0.02057354815531154
1500 1000 1500 994 744 545 856 533 400 533 400 1803 1421 1117|0.001 -0.03322899067424667 -0.07046027607847227 -0.0007105214086000622
467 1162 1753 1169 623 623 1169 637 467 869 1753 1301 1552 779|0.001 -0.05301187238758276 -0.06234042227897696 0.05549552047457773
667 1000 667 570 663 496 363 267 356 267 356 1202 742 948|0.001 -0.011764200806757552 -0.06963361526623801 0.007676888442451624
496 267 363 667 667 356 356 1000 663 267 570 598 1202 512|0.001 -0.057398227869409624 -0.09679249602840057 0.006128622268528616
1500 1000 1500 545 856 994 744 533 400 533 400 1803 576 1113|0.001 -0.02211188312529533 -0.10233279932534978 -0.009869048139786729
573 533 333 333 333 178 178 1000 594 533 368 629 1054 600|0.001 -0.10428175906017856 -0.011028893015164742 -0.015458426247267898
3000 1000 3000 1000 1104 1783 1720 533 1600 533 1600 3162 1133 1944|0.001 -0.017666367993959264 -0.11462513343608927 0.0006746332267337785
533 1104 1000 3000 1600 1600 3000 1720 533 1783 1000 1133 1887 1687|0.001 -0.12440553329024828 -0.04062891769847088 0.011055005625368874
930 581 1744 581 310 310 581 1036 930 641 1744 1838 1047 980|0.001 -0.021466907059231044 -0.09456597514791887 0.040651747373814384
1783 533 1720 3000 3000 1600 1600 1000 1104 533 1000 1801 3162 3197|0.001 -0.07726081017946695 -0.09029151288865722 0.010801997153870868
333 1000 333 573 333 368 594 533 178 533 178 1054 1054 378|0.001 -0.08551543967476372 0.01646680267098466 -0.03283673576849666
625 1875 1075 333 333 625 625 1000 690 1875 1114 1179 1054 884|0.001 -0.02922063403346109 -0.0906745244569429 0.013572594963116025
581 1036 310 930 1744 1744 930 581 581 641 310 1157 1097 1838|0.001 -0.12050071394353212 -0.04041671935277491 -0.10110332578780246
3000 1000 3000 3226 3342 2069 1875 1875 5625 1875 5625 3162 3731 3644|0.001 -0.14072118861822358 -0.026957395221003377 -0.013435724160543172
3000 1720 1600 533 1000 1000 533 1104 3000 1783 1600 3162 1414 3162|0.001 -0.09929652286955526 -0.03728036876219809 -0.0852318719013645
333 1000 333 625 1075 1114 690 1875 625 1875 625 1054 1976 1244|0.001 -0.09175208597225204 -0.12551287729736016 0.006505072622016161
2069 1875 1875 3000 3000 5625 5625 1000 3342 1875 3226 2652 3162 5993|0.001 -0.06633005638389977 -0.0707856073953006 -0.0009228777552383605
1000 533 1104 3000 3000 1600 1600 1000 1720 533 1783 1414 3162 1887|0.001 -0.05533994029870204 -0.061565931728065904 0.015271481074470294
333 1000 333 368 594 573 333 533 178 533 178 1054 648 663|0.001 -0.08720903672928437 -0.016896916115245464 -0.04131363927772358
1450 1615 2719 906 483 483 906 906 1450 1559 2719 1761 1282 1528|0.001 -0.06481997629575909 -0.09749760118245909 0.044163970130264296
3000 1000 3000 1783 1720 1000 1104 533 1600 533 1600 3162 1990 3162|0.001 -0.032347255016274 -0.09582065951310503 0.03174539718551195
299 965 561 1683 898 898 1683 619 299 561 561 1116 1793 946|0.001 -0.09593466651919735 -0.05771269474180607 0.03870283197394908
368 533 594 333 333 178 178 1000 333 533 573 1066 1054 471|0.001 -0.0405897841886349 -0.09530698613645083 0.016350706918262237
3226 1875 3342 3000 3000 5625 5625 1000 1875 1875 2069 3377 3162 3538|0.001 -0.05774994716736703 -0.06468519463558975 0.011826156255010378
1683 619 898 299 561 561 299 965 1683 561 898 1090 1010 1774|0.001 -0.04918879100761275 -0.12468793442489634 -0.04255924789106302
333 1000 333 1114 690 625 1075 1875 625 1875 625 1054 1215 708|0.001 -0.11628829881695113 -0.07337836632912653 -0.007069081477076855
3000 1000 3000 2069 1875 3226 3342 1875 5625 1875 5625 3162 2125 5929|0.001 -0.10225841761692056 -0.09524131889186438 -0.01745194629168112
906 906 483 1450 2719 2719 1450 1615 906 1559 483 1027 2897 2866|0.001 -0.07351500935881661 -0.07125836606475144 -0.05796120547202133
1114 1875 690 333 333 625 625 1000 1075 1875 625 1998 1054 1126|0.001 -0.09612126208611294 -0.06135763461565191 -0.011903067910077336
354 1000 1768 1225 230 230 1225 604 88 604 354 1275 1195 290|0.001 -0.02900433055673224 -0.09492073315724103 0.060705840573027636
693 200 693 566 566 342 342 200 130 50 130 825 721 676|0.001 -0.019584442412704517 -0.023594777961115643 -0.01086724921586013
385 1000 1540 4355 2632 2632 4355 5333 1540 5333 7698 1262 3079 2742|0.001 -0.38255605881565846 -0.06544811479289314 0.01849201962162539
650 250 650 2828 2828 1709 1709 5000 3464 1000 3464 820 3606 2000|0.001 -0.4487278088607738 -0.04304589496866629 -0.020616321292934447
289 1000 1443 816 493 493 816 188 72 188 289 1190 976 514|0.001 -0.0004432371688700698 -0.08358245699269795 0.032107973743402685
380 1655 2027 585 146 585 2925 1000 380 1655 2027 1170 1042 480|0.001 -0.040992671082844545 -0.08699233080266766 0.07738454489706781
1709 250 1709 3464 3464 650 650 5000 2828 1000 2828 1781 4123 2000|0.001 -0.45798501421905 -0.01078087854257781 -0.05479396493133115
4355 5333 2632 385 1540 7698 1540 1000 4355 5333 2632 5203 1262 5551|0.001 -0.10745289173224037 -0.0871704705753662 -0.3140507252586233
1540 1000 385 2632 4355 4355 2632 5333 7698 5333 1540 1262 5203 5551|0.001 -0.163716817519316 -0.15054950303719505 0.024660302622148134
2027 1655 380 146 585 2925 585 1000 2027 1655 380 1977 1042 2412|0.001 -0.08715680548699534 -0.10480590639257215 -0.27769722942927344
816 188 493 289 1443 289 72 1000 816 188 493 577 1190 1041|0.001 -0.08606843844967238 -0.04158908225439628 -0.3902875936131822
3464 5000 3464 1709 1709 2828 2828 250 650 1000 650 4123 1781 2000|0.001 -0.026078208940983894 -0.023096318959068274 -0.015212480661483951
5543 1875 5683 1540 385 9382 11547 1000 5543 1875 5683 5551 1262 5860|0.001 -0.06715995401346264 -0.09834000735244319 0.03732764089537488
650 250 650 3691 3691 3601 3601 7500 1218 6094 1218 820 4596 3605|0.001 -0.18382622228441448 -0.13243066710335927 0.015961261397543502
492 133 492 162 162 87 87 812 480 33 480 613 916 519|0.001 -0.0361569304479159 -0.10466110169181198 0.016944179236815238
5004 1000 6158 3031 2956 2956 3031 533 205 533 821 5640 3198 3125|0.001 -0.07186577466185007 -0.0190543003613719 -0.014669246331607821
271 1000 2032 330 176 176 330 975 68 975 1651 1245 1055 222|0.001 -0.02463787721777355 -0.06344612342257472 0.01887972408574079
162 812 162 492 492 480 480 133 87 33 87 916 613 519|0.001 -0.005726865091441047 -0.057330753629991626 0.003581152164138235
330 975 176 271 2032 1651 68 1000 330 975 176 977 1245 1861|0.001 -0.09870753028733747 -0.0668429064314735 -0.6282122929391754
385 1000 1540 5683 5543 5543 5683 1875 9382 1875 11547 1262 5551 5860|0.001 -0.1094891500677897 -0.046424426907589744 -0.008896768700176194
69 1000 1692 338 180 180 338 1025 278 1025 2083 1057 1001 228|0.001 -0.12122903747001867 -0.03129080034103393 0.03212041706401214
6158 1000 5004 2956 3031 3031 2956 533 821 533 205 5640 2960 3774|0.001 -0.022663027091530674 -0.07718283961698935 -0.0012657765874790616
591 41 591 200 200 107 107 1231 606 164 606 625 1127 592|0.001 -0.056517083989718886 -0.07112251782715351 -0.016845865344143895
2598 4000 2598 14402 14402 14765 14765 24375 4871 30000 4871 3279 15225 15580|0.001 -1.668225840492058 -0.0435506971817079 -0.0049752480689424505
146 1000 585 2390 2106 2106 2390 1875 3565 1875 4388 1042 2203 2227|0.001 -0.10720865693415238 -0.03773618736654827 -0.005917164575008904
785 881 418 245 1836 1492 61 1000 785 881 418 922 1204 1831|0.001 -0.09645660059123595 -0.0691950548541942 -0.6140601673219737
6837 4000 6837 14402 14402 16340 16340 24375 12820 30000 12820 7124 15225 20561|0.001 -2.8518279925843926 -0.037531425383512396 -0.010478363159919235
1709 250 1709 4085 4085 3601 3601 7500 3205 6094 3205 1781 4918 3766|0.001 -0.35981258739837485 -0.08226352659886582 -0.005606879183768232
2106 1875 2390 585 146 3565 4388 1000 2106 1875 2390 2203 1042 2227|0.001 -0.06843435005149945 -0.0976856252761793 0.03837593857059174
245 1000 1836 785 418 418 785 881 61 881 1492 1204 1258 436|0.001 -0.11962624379814435 -0.04498243965539106 0.03251755965129277
427 812 427 545 545 480 480 133 228 33 228 998 656 685|0.001 -0.004684470721458833 -0.05736643426067056 -0.001434096722198186
591 41 591 526 526 281 281 1231 670 164 670 625 1228 618|0.001 -0.04589127413612171 -0.1183130885652528 -0.017955207313613553
2340 1000 1901 1123 1275 1275 1123 533 312 533 78 2334 1175 1534|0.001 -0.022460257970480235 -0.11971605552377085 0.031329729783688975
69 1000 1692 890 475 475 890 1135 278 1135 2083 1057 1046 495|0.001 -0.05382518264617109 -0.04568445971652846 0.03947499012610489
545 133 545 427 427 228 228 812 480 33 480 656 998 685|0.001 -0.03424143973184801 -0.06040465368017833 -0.005310057067388074
1901 1000 2340 1275 1123 1123 1275 533 78 533 312 2334 1604 1188|0.001 -0.05031711102207015 -0.07892398716914717 0.018853518775561184
1414 1000 2828 1000 921 921 1000 187 1149 187 1414 2236 1106 1572|0.001 -0.014872524476907678 -0.05816691655917694 -0.0018880435345403068
187 921 1000 2828 1414 1149 1414 1000 187 921 1000 1106 2236 1288|0.001 -0.1275530765098254 -0.04407098330205694 0.016243449162858248
921 187 1000 2828 1414 1149 1414 1000 921 187 1000 1106 2236 1572|0.001 -0.040450202706189264 -0.06486298743899055 0.04579128626469142
354 500 354 354 354 326 326 500 66 406 66 791 791 391|0.001 -0.037041849642081015 -0.03761491209093637 0.0015189863442799378
707 2000 707 133 133 707 707 812 651 1000 651 1581 911 707|0.001 -0.05240917063151884 -0.10890198187635369 0.028838532588519872
6128 1000 7542 5333 4910 4910 5333 5333 7542 5333 15085 6872 5333 8386|0.001 -0.5079911422465955 -0.058697690844708994 -0.007783134097276712
2828 1000 1414 187 1000 1000 187 921 1414 921 1149 2236 1000 2236|0.001 -0.09131733976279421 -0.06260655719771635 -0.39086290590583217
133 812 133 707 707 651 651 2000 707 1000 707 911 1581 707|0.001 -0.15234776018550833 -0.0977517849112064 -0.01924960247160823
1000 187 921 1414 2828 1414 1149 1000 1000 187 921 1000 2236 2236|0.001 -0.06861431020617315 -0.07232046023716632 -0.09438806035571012
707 2000 707 651 651 707 707 812 133 1000 133 1581 1112 707|0.001 -0.03578679390395356 -0.07907735624583134 0.014630307251544128
2828 1000 1414 921 1000 1000 921 187 1414 187 1149 2236 1000 2236|0.001 -0.005989520516422875 -0.06340726025315768 0.0008215919181053799
204 1086 1086 1536 1248 1536 3072 1000 204 1086 1086 1086 1708 1399|0.001 -0.013673941225808006 -0.12196222247885413 0.04733812528558312
1536 1000 1248 204 1086 1086 204 1086 3072 1086 1536 1708 1201 2429|0.001 -0.10381208878057713 -0.067600003199072 -0.44675312759570374
163 1231 163 801 801 870 870 1231 870 2462 870 1121 1368 962|0.001 -0.06269443029506605 -0.06957462269811865 -0.002363672917926607
7542 1000 6128 4910 5333 5333 4910 5333 15085 5333 7542 6872 5897 11926|0.001 -0.18694644640789515 -0.1375296891700828 0.037948652519599335
801 1231 801 163 163 870 870 1231 870 2462 870 1368 1121 962|0.001 -0.08883086630927517 -0.10557813803988014 0.005835142822230299
921 188 1000 943 1052 730 696 533 491 100 533 1106 1083 1488|0.001 -0.019916407626746624 -0.10628703707251663 0.03704735232809675
566 1116 1061 1061 566 521 977 738 106 774 199 1149 1456 625|0.001 -0.05829517648870963 -0.08580635372676837 0.015512147546958843
766 1355 1437 269 144 766 1437 1049 705 1511 1323 1071 961 766|0.001 -0.05099045316655504 -0.11228911012170273 0.0616732894392058
3893 533 3712 5333 4910 2619 2844 5333 5611 2844 5028 3569 5333 3061|0.001 -0.30765468910501026 -0.09997121176268164 0.025406395700702245
1768 1875 1305 187 1000 1875 352 921 1972 1726 1369 2574 1000 2577|0.001 -0.08477863628607252 -0.08428470172822111 -0.3884413537100484
187 921 1000 1768 1305 1369 1972 1875 352 1726 1875 1106 1398 1461|0.001 -0.15771561183459903 -0.04326292351451322 -0.033524961176606416
204 1086 1086 1143 793 756 1024 533 109 579 579 1086 1616 846|0.001 -0.026275824605180853 -0.07987877083653783 -0.016723474517937875
5333 5333 4910 3893 3712 5028 5611 533 2844 2844 2619 5897 4156 3975|0.001 -0.08680537346329453 0.004746063514209364 -0.019434994229712288
1143 533 793 204 1086 579 109 1086 1024 579 756 623 1201 1493|0.001 -0.1013638788232063 -0.07021202990727171 -0.463440597468463
6960 1875 7300 4910 5333 10000 9207 5333 9428 10000 10520 6692 5897 13728|0.001 -0.3405994187360484 -0.10599832402879095 0.015527188494788291
1261 1441 673 137 257 1370 731 953 1370 1291 731 2038 917 1515|0.001 -0.09550202149796849 -0.08864365017829945 -0.05079795051650127
1086 1086 204 1487 2142 1920 1417 1875 2037 2037 382 1201 3031 2206|0.001 0.009201163022829473 -0.16833950035618606 0.022099645450794903
1000 187 921 1972 1768 1305 1369 1875 1875 352 1726 1000 2031 1398|0.001 -0.15645604373756727 -0.06588569788666732 -0.041489455083868476
951 896 507 467 875 951 507 694 178 662 95 1030 546 951|0.001 -0.1012686778690608 -0.0799785583952306 -0.10680597133781888
693 600 566 566 566 342 521 200 130 125 106 825 721 676|0.001 -0.021011287153590574 -0.03610047427209162 0.00445601586263944
1179 1225 1886 5333 4910 3223 5333 5333 5657 6532 9428 1546 5333 3667|0.001 -0.5840408246703377 -0.02281701538554559 -0.003019350051745029
530 625 650 2828 2828 2604 1709 5000 2828 3000 3464 1132 3606 2828|0.001 -0.2671463734565882 -0.05688393107557088 0.003269517445256831
866 816 1443 816 493 752 816 188 180 153 289 1658 976 561|0.001 -0.022093427015259515 -0.030049882787949178 -0.029361989793011967
1768 1225 1061 921 1000 1000 604 187 354 230 221 2031 1000 1275|0.001 -0.01070004433002758 -0.10786772947222967 0.012968484974400507
204 1086 1086 1152 240 384 1920 656 249 1086 1330 1086 1194 435|0.001 -0.04627570413474835 -0.07351239411587329 0.07494747766919829
1039 1600 849 4167 2735 4525 4525 4800 5543 8000 4525 1811 3111 5407|0.001 -0.46836535602341356 -0.05051898102346297 -0.01020610973386904
1540 816 962 2632 4355 4355 4009 5333 7698 4355 4619 1262 5203 5551|0.001 -0.21680283890927243 -0.09835843726054394 0.006389142976048756
816 188 493 866 1443 289 180 816 816 153 752 577 1190 1041|0.001 -0.0706222376255139 -0.07656049375024065 -0.08417412598725305
943 1667 1155 570 868 943 943 208 177 333 217 1374 648 943|0.001 -0.022221223476590612 -0.029468263165891573 -0.016817779016831125
7300 1875 6960 1886 1179 12816 14142 1225 6789 2296 6960 7792 1546 7776|0.001 -0.07567392232866399 -0.0971930928324094 0.023947878576584536
650 625 530 3691 3691 3601 3872 7500 1218 6797 994 820 4596 3605|0.001 -0.638140718588307 -0.05787084984657187 -0.01948546999693712
492 133 492 133 162 87 71 906 480 83 516 613 916 519|0.001 -0.03514680289979366 -0.07423048882523875 -0.010824355241170203
6835 1225 7542 3712 3893 3621 3712 533 629 653 1006 6908 3569 4434|0.001 -0.048915575451120574 -0.08545552963129865 0.021204326069155233
271 1000 2032 330 176 144 269 975 169 1049 1841 1245 1055 307|0.001 -0.07333019725495826 -0.0870891608055957 0.029490763964348243
133 906 162 492 492 516 480 133 71 83 87 1009 613 473|0.001 -0.004953798981454094 -0.05716094246065562 0.013969424487680904
330 975 176 271 2032 1841 169 1000 269 1049 144 977 1245 2050|0.001 -0.0948791574771124 -0.07167687550059698 -0.6296366893992378
962 816 1540 5683 5543 5961 5683 1875 10464 1531 11547 1743 5551 6789|0.001 -0.10937048260733939 -0.04133018032041691 -0.0061974376410567356
257 953 137 161 1756 1937 258 930 315 953 168 917 1065 1954|0.001 -0.0992068472659835 -0.0767314558797827 -0.9830084798874117
161 930 1756 257 137 168 315 953 258 953 1937 1139 1067 292|0.001 -0.08108971311336144 -0.08191272084375201 0.06409963446181832
6158 816 5581 2956 3031 3031 3179 533 821 435 513 5640 2960 3774|0.001 -0.053742635051414744 -0.05925323779748859 -0.014833285064146384
570 92 530 179 146 78 96 1103 543 147 543 607 1011 608|0.001 -0.07246318107598904 -0.09383762727113165 0.01980674512434666
5683 1875 5543 962 1540 11547 10464 816 5683 1531 5961 5997 1262 7076|0.001 -0.08113380974155593 -0.09795489373016553 -0.032464713986382066
849 1600 1039 5761 6194 5906 5906 10875 1591 12000 1949 1311 7055 5678|0.001 -1.121579853968926 -0.0777051455653266 -0.007846612746341686
240 656 1152 2142 1487 1383 1569 1875 2610 1231 4320 1194 1169 1584|0.001 -0.014045207347300748 -0.10014938485964353 0.013281441005166261
875 694 467 538 2016 1218 112 732 574 645 306 546 1205 1972|0.001 -0.10051532444346978 -0.052805418554005 -0.2630231911991343
2735 4800 4167 6194 5761 6536 8926 10875 5128 18000 7812 3111 6598 8224|0.001 -1.1675749757424037 -0.07537645328631548 -0.025493361747418453
2142 1875 1487 240 1152 4320 2610 656 1569 1231 1383 3031 747 2581|0.001 -0.09136329263032317 -0.09442445700480029 -0.3376933058479836
890 1135 475 174 1888 3125 833 1075 1356 1549 723 1428 1225 3055|0.001 -0.09553863233754956 -0.07859486298101959 -0.9471481696586836
868 208 570 1362 1860 1291 1200 3750 1628 2266 1068 648 2791 1014|0.001 -0.2458102305990506 -0.1016814079185635 0.039689808570850804
2106 1875 2390 1755 366 3976 6581 1523 2265 2856 3264 2203 1138 2580|0.001 -0.05232579113139679 -0.10013715072780482 0.02832652809434899
538 732 2016 875 467 306 574 694 112 645 1218 1501 1415 557|0.001 -0.01348052735402172 -0.07934939719011824 0.024838468873749076
285 604 434 496 363 320 344 267 152 56 231 978 744 457|0.001 -0.016451710541260933 -0.04670160710062876 0.00599438345046277
673 1441 1261 1756 161 775 2906 930 442 1055 828 786 1139 502|0.001 0.004037572592343608 -0.15693882746773302 0.05072962883258203
530 92 570 718 472 251 383 1655 601 441 821 649 1196 554|0.001 -0.12651993764243863 -0.07046971742270203 -0.03917511278981545
2304 656 1392 793 1143 837 737 533 614 350 128 1664 623 1715|0.001 -0.024798782528635543 -0.1004373376185197 0.003942745729863528
174 1075 1888 890 475 723 1356 1135 833 1549 3125 1145 1046 864|0.001 -0.09446156528490235 -0.046469521206802256 0.014534735028821633
1275 533 1123 2121 3510 936 195 1523 1741 812 1208 1175 3432 2097|0.001 -0.1554549193780952 0.010930773901627333 -0.1574461632657842
496 267 363 285 434 231 152 604 344 56 320 598 722 701|0.001 -0.033334671094436 -0.10591303787943929 0.006291627090582175
2121 1523 3510 1275 1123 1208 1741 533 195 812 936 2535 1604 1287|0.001 -0.0539224421844986 -0.09004243111663923 0.006058815779903526
2121 1225 2828 1000 921 604 1000 187 1282 230 1414 2345 1106 2074|0.001 -0.018119158193440343 -0.06587780443983005 -0.03592128043771625
187 921 1000 2828 1414 1282 2121 1000 230 604 1225 1106 2236 1295|0.001 -0.1128157636403948 -0.059508341349393534 0.026028588105584394
493 188 816 2309 1732 1046 1155 816 752 153 816 976 2449 1251|0.001 -0.05119186967699085 -0.11386008262396441 0.02648387742987479
354 750 433 354 354 326 214 500 66 453 81 1061 791 391|0.001 -0.012807071754415977 -0.07863222311414564 0.024935500842715452
707 2000 707 162 133 707 866 906 651 1500 427 1581 1009 707|0.001 -0.07151729615389235 -0.09716355108432717 0.015434930068327635
5581 816 6158 4355 2632 4009 4355 5333 9238 4355 12317 6212 3079 9033|0.001 -0.32246053810618625 -0.09439385459866778 0.0027230867332339592
2828 1000 1414 187 1000 1225 230 921 2121 604 1282 2236 1000 2345|0.001 -0.0874407543170519 -0.09499300575294023 -0.3914673807859148
162 906 133 707 707 427 651 2000 866 1500 707 916 1581 500|0.001 -0.1342316936218102 -0.1067556899620925 0.01989539485423686
1000 187 921 2121 2828 1414 1282 1225 1000 230 604 1000 3000 2236|0.001 -0.04952321682963223 -0.09026502792068292 -0.047962789755192636
577 1333 471 434 285 471 471 604 108 667 88 1414 978 333|0.001 -0.05669927705877709 -0.07812372498220088 0.0009884411275806748
2309 816 1732 493 816 816 752 188 1155 153 1046 1915 577 1826|0.001 -0.016992134383333468 -0.07195674782323969 0.01549055331410587
380 1655 2027 3510 2121 2340 4680 1523 310 1655 1655 1170 2535 2143|0.001 -0.12368505050653567 -0.04023449684649405 0.04993720657034517
3510 1523 2121 380 2027 1655 310 1655 4680 1655 2340 3432 1977 3881|0.001 -0.11034892296281074 -0.07006362516403297 -0.48279524108406413
146 1103 179 472 718 780 780 1655 780 2207 956 1011 1618 863|0.001 -0.05997712127414179 -0.09790019845594466 -0.0020145055750597773
7542 1225 6835 4910 5333 5333 3223 5333 15085 6532 11314 7608 5897 11926|0.001 -0.5676177244807545 -0.06916886186638549 -0.02638207024109107
472 1655 718 146 179 956 780 1103 780 2207 780 1196 1113 932|0.001 -0.10674996553201699 -0.08587934601472891 0.02545689251783445
1000 1000 1000 1000 1000 1000 1000 1000 1000 1000 1000 1414 1414 1414|0.001 -0.00790131527769855 -0.13798762093428785 0.02887128616261947
1000 1000 1000 1000 1000 1000 1000 1000 1000 1000 1000 1414 1414 1414|0.001 -0.10417491242276977 -0.06315877466974262 -0.016634551571211853
1000 1000 1000 1000 1000 1000 1000 1000 1000 1000 1000 1414 1414 1414|0.001 -0.08491988858989274 -0.0717446341231065 -0.01555495766664916
1000 1000 1000 1000 1000 1000 1000 1000 1000 1000 1000 1414 1414 1414|0.001 -0.13345486290256336 -0.04191397394228358 -0.025212582759048807
1000 1000 1000 1000 1000 1000 1000 1000 1000 1000 1000 1414 1414 1414|0.001 -0.012372411244440107 -0.15229648793646744 0.05158930347864299
1000 1000 1000 1000 1000 1000 1000 1000 1000 1000 1000 1414 1414 1414|0.001 -0.0686470699370989 -0.10990861383814998 0.01525046881255987
1000 1000 1000 1000 1000 1000 1000 1000 1000 1000 1000 1414 1414 1414|0.001 -0.12553247961308744 -0.03155659740824324 -0.03981355785590446
1000 1000 1000 1000 1000 1000 1000 1000 1000 1000 1000 1414 1414 1414|0.001 -0.11434895477606455 -0.027496605493371185 -0.007277426811516108
1000 1000 1000 1000 1000 1000 1000 1000 1000 1000 1000 1414 1414 1414|0.001 -0.10610588571304036 -0.07291111460135946 -0.029539022029272388
1000 1000 1000 1000 1000 1000 1000 1000 1000 1000 1000 1414 1414 1414|0.001 -0.0712864720701134 -0.052311265545563757 -0.009134544244580045
1000 1000 1000 1000 1000 1000 1000 1000 1000 1000 1000 1414 1414 1414|0.001 -0.09991153877896508 -0.04514514051790153 -0.004706947356003521
1000 1000 1000 1000 1000 1000 1000 1000 1000 1000 1000 1414 1414 1414|0.001 -0.013919883173180159 -0.11478199797775424 0.0279990169136779
1000 1000 1000 1000 1000 1000 1000 1000 1000 1000 1000 1414 1414 1414|0.001 -0.17088875752062083 0.02398332892702193 -0.0551322048380265
1000 1000 1000 1000 1000 1000 1000 1000 1000 1000 1000 1414 1414 1414|0.001 -0.08411785804286254 -0.10183595285864322 0.0011288163083555958
1000 1000 1000 1000 1000 1000 1000 1000 1000 1000 1000 1414 1414 1414|0.001 -0.05098667479808583 -0.11777852825956892 0.04261958358375173
1000 1000 1000 1000 1000 1000 1000 1000 1000 1000 1000 1414 1414 1414|0.001 -0.09663962105159851 -0.05385659282105104 0.013535927621153299
1000 1000 1000 1000 1000 1000 1000 1000 1000 1000 1000 1414 1414 1414|0.001 -0.039217735019231315 -0.07972928480902364 0.02246408639001496
1000 1000 1000 1000 1000 1000 1000 1000 1000 1000 1000 1414 1414 1414|0.001 -0.134656118469193 -0.04721355227700008 -0.01706686918846345
1000 1000 1000 1000 1000 1000 1000 1000 1000 1000 1000 1414 1414 1414|0.001 -0.046473845429423344 -0.12093301755081498 -0.0063344739343229595
1000 1000 1000 1000 1000 1000 1000 1000 1000 1000 1000 1414 1414 1414|0.001 -0.12813370210314368 -0.010079789470147649 -0.008692111493920907
1000 1000 1000 1000 1000 1000 1000 1000 1000 1000 1000 1414 1414 1414|0.001 -0.018742632423641714 -0.11928589299626813 0.002680610760572577
1000 1000 1000 1000 1000 1000 1000 1000 1000 1000 1000 1414 1414 1414|0.001 -0.09218054797868636 -0.08219074643316393 -0.004674670057204233
1000 1000 1000 1000 1000 1000 1000 1000 1000 1000 1000 1414 1414 1414|0.001 -0.065147448603875 -0.09321790865197133 0.005300081001353707
1000 1000 1000 1000 1000 1000 1000 1000 1000 1000 1000 1414 1414 1414|0.001 -0.011311931021835697 -0.15738664407217828 0.029902536856587503
625 1000 625 333 333 333 333 1000 625 1000 625 1179 1054 708|0.001 -0.04111941862498525 -0.10872171530498465 0.00400157680627844
3000 1000 3000 1875 1875 1875 1875 1000 3000 1000 3000 3162 2125 3538|0.001 0.004622351224676802 -0.11360959350801503 0.020301681191579046
533 1000 533 1600 1600 1600 1600 1000 533 1000 533 1133 1887 1687|0.001 -0.07059285176655439 -0.0670220689968104 0.004865631317005903
1600 1000 1600 533 533 533 533 1000 1600 1000 1600 1887 1133 1687|0.001 -0.10879813457089105 -0.029566267191756257 -0.0036276451519945407
1875 1000 1875 3000 3000 3000 3000 1000 1875 1000 1875 2125 3162 3538|0.001 -0.08542721702429867 -0.07785737920116054 -0.030547724127558684
333 1000 333 625 625 625 625 1000 333 1000 333 1054 1179 708|0.001 -0.0901110065133981 -0.05135000761869679 -0.013867089199971483
625 1000 625 333 333 333 333 1000 625 1000 625 1179 1054 708|0.001 -0.07618434529265472 -0.035417628426396286 -0.014519100117525996
533 1000 533 1600 1600 1600 1600 1000 533 1000 533 1133 1887 1687|0.001 -0.01658380383514846 -0.13532141665170028 0.03655179116355711
3000 1000 3000 1875 1875 1875 1875 1000 3000 1000 3000 3162 2125 3538|0.001 -0.0837656540104148 -0.09045972653231371 -0.009671813554219533
1600 1000 1600 533 533 533 533 1000 1600 1000 1600 1887 1133 1687|0.001 -0.07234463446161632 -0.09359576396646974 -0.02156355733842319
333 1000 333 625 625 625 625 1000 333 1000 333 1054 1179 708|0.001 0.009372643687899362 -0.16133972304091304 0.04343208615338101
1875 1000 1875 3000 3000 3000 3000 1000 1875 1000 1875 2125 3162 3538|0.001 -0.12128823251052023 -0.049756179600884964 -0.04211175540396073
1875 1000 1875 3000 3000 3000 3000 1000 1875 1000 1875 2125 3162 3538|0.001 -0.11574456844308578 -0.0700419734011537 -0.015726060917743423
333 1000 333 625 625 625 625 1000 333 1000 333 1054 1179 708|0.001 -0.08194136209838998 -0.07040889918884963 -0.013187642535873456
1600 1000 1600 533 533 533 533 1000 1600 1000 1600 1887 1133 1687|0.001 -0.05777746050827148 -0.06260621601515748 0.009240947776667507
3000 1000 3000 1875 1875 1875 1875 1000 3000 1000 3000 3162 2125 3538|0.001 -0.10170972101077314 -0.05969890210001827 -0.03080077643941803
533 1000 533 1600 1600 1600 1600 1000 533 1000 533 1133 1887 1687|0.001 -0.05437323978147557 -0.11018108691837725 0.031123370817482954
625 1000 625 333 333 333 333 1000 625 1000 625 1179 1054 708|0.001 -0.0009756069285371538 -0.10635975846307821 0.023116713871549344
1875 1000 1875 3000 3000 3000 3000 1000 1875 1000 1875 2125 3162 3538|0.001 -0.11307215300908946 -0.0575352336937629 -0.0025453931115904105
1600 1000 1600 533 533 533 533 1000 1600 1000 1600 1887 1133 1687|0.001 -0.08879413564519711 -0.06040287822609347 -0.02137978154347686
333 1000 333 625 625 625 625 1000 333 1000 333 1054 1179 708|0.001 -0.1432376493034926 -0.02944788702031853 -0.05121060422606405
3000 1000 3000 1875 1875 1875 1875 1000 3000 1000 3000 3162 2125 3538|0.001 -0.0158735664265075 -0.09641530266373155 0.010623098319493263
533 1000 533 1600 1600 1600 1600 1000 533 1000 533 1133 1887 1687|0.001 -0.05399146230477103 -0.092275646857235 0.03197600327590866
625 1000 625 333 333 333 333 1000 625 1000 625 1179 1054 708|0.001 -0.12654572329784175 -0.001083669172606827 -0.02306190508825634
1744 1000 581 310 581 581 310 1036 1744 1036 581 1419 1157 1838|0.001 -0.06363222485346265 -0.11658276568237258 -0.058205576160513806
3342 1875 3226 1875 1875 5625 5625 1000 3342 1875 3226 3731 2125 4660|0.001 -0.08197430346849277 -0.0807763412960405 -0.01715319282315053
533 1000 533 1720 1720 1783 1783 3000 1000 3000 1000 1133 2441 1990|0.001 -0.28103993521186976 -0.07929977066964633 -0.028990288970810463
573 333 573 333 333 178 178 1000 594 333 594 814 1054 600|0.001 -0.04213504019668246 -0.08489969929055041 0.01491668254026468
3000 1000 3000 1720 1783 1783 1720 533 1000 533 1000 3162 1801 2486|0.001 -0.03705336016893379 -0.07294903804005659 -0.004879670937888436
310 1036 581 1744 581 581 1744 1000 310 1036 581 1047 1419 659|0.001 -0.07348400723447668 -0.08772203006228163 0.0742135614749917
581 1000 1744 581 310 310 581 1036 581 1036 1744 1419 1047 659|0.001 -0.10751461840558973 -0.03856904627975832 0.021496981291184714
333 1000 333 573 573 594 594 333 178 333 178 1054 814 600|0.001 -0.026911930714703658 -0.07650946503090728 0.024900407626242682
1783 533 1720 3000 3000 1000 1000 1000 1783 533 1720 1801 3162 2486|0.001 -0.08601372547014874 -0.07882023680617523 -0.02286074462270027
1720 3000 1720 533 533 1000 1000 1000 1783 3000 1783 2441 1133 1990|0.001 -0.1230234757855253 -0.0631411142909577 -0.001317494599921698
581 1036 310 581 1744 1744 581 1000 581 1036 310 1157 1419 1838|0.001 -0.06579708920214311 -0.08636939248500952 -0.14296795294683418
1875 1000 1875 3226 3342 3342 3226 1875 5625 1875 5625 2125 3731 4660|0.001 -0.06721797252866812 -0.11536507601989765 0.01342513854878824
1875 1000 1875 3342 3226 3226 3342 1875 5625 1875 5625 2125 3377 4577|0.001 -0.0665151634023553 -0.09084351088881504 0.0008292487236971624
561 965 299 561 1683 1683 561 1000 561 965 299 1010 1394 1774|0.001 -0.08576065928104004 -0.0911714245446904 -0.15632771286640645
1783 3000 1783 533 533 1000 1000 1000 1720 3000 1720 2486 1133 1801|0.001 -0.11544466475270188 -0.050678654255312816 0.009549156201424935
1720 533 1783 3000 3000 1000 1000 1000 1720 533 1783 1990 3162 2441|0.001 -0.08957649510430543 -0.08092018277432778 -0.019464466362878463
333 1000 333 594 594 573 573 333 178 333 178 1054 829 663|0.001 -0.04533258510024063 0.005601165229416338 -0.029944282591178872
561 1000 1683 561 299 299 561 965 561 965 1683 1394 1116 636|0.001 -0.029675421524945067 -0.07933814003332706 0.03785051217455093
3000 1000 3000 1783 1720 1720 1783 533 1000 533 1000 3162 1990 2441|0.001 -0.033838920181010756 -0.10358126831556347 0.0034688981612185366
594 333 594 333 333 178 178 1000 573 333 573 829 1054 663|0.001 -0.04109216909109703 -0.12284268093687212 0.007860293874017987
299 965 561 1683 561 561 1683 1000 299 965 561 1116 1394 636|0.001 -0.06596478188431898 -0.11529307312084902 0.05850150982696256
3226 1875 3342 1875 1875 5625 5625 1000 3226 1875 3342 3377 2125 4577|0.001 -0.06127194706438743 -0.11052204927076148 -0.0037429430432622812
533 1000 533 1783 1783 1720 1720 3000 1000 3000 1000 1133 2486 1801|0.001 -0.12983394068534326 -0.11767894456368055 -0.0030885815429193553
1683 1000 561 299 561 561 299 965 1683 965 561 1394 1010 1774|0.001 -0.03989865414236404 -0.13611934511179036 -0.037190565461306946
625 1000 625 690 1114 1114 690 1875 1875 1875 1875 1179 1998 1553|0.001 -0.09549313098034751 -0.07399005347508258 0.00885955724528431
2719 1615 1450 906 2719 2719 906 1000 2719 1615 1450 2897 1861 3845|0.001 -0.11953908336259755 -0.06300981413042028 -0.25973043202356605
1104 3000 1104 1600 1600 3000 3000 1000 1783 3000 1783 2054 1887 3197|0.001 -0.1246802351559062 -0.04841021964559378 0.012784935348364446
1600 1000 1600 1783 1783 1104 1104 3000 3000 3000 3000 1887 2486 1944|0.001 -0.31827063354363583 -0.052061783206189816 -0.01601355465020604
1683 1000 561 898 1683 1683 898 619 1683 619 561 1394 1090 2380|0.001 -0.05695847788856678 -0.11962476496413132 -0.04763226264039688
690 1875 1114 625 625 1875 1875 1000 690 1875 1114 1215 1179 1284|0.001 -0.03439493687294348 -0.08347280386636013 0.021426628462808406
625 1000 625 1114 690 690 1114 1875 1875 1875 1875 1179 1215 1284|0.001 0.00158350636964677 -0.12881555104352183 0.021393140944427902
1783 3000 1783 1600 1600 3000 3000 1000 1104 3000 1104 2486 1887 1944|0.001 -0.10811239779180415 -0.053990558986434234 0.0037594835044085784
1683 619 898 561 1683 1683 561 1000 1683 619 898 1090 1394 2380|0.001 -0.10268536098310799 -0.08064847371871187 -0.22261769622523575
1600 1000 1600 1104 1104 1783 1783 3000 3000 3000 3000 1887 2054 3197|0.001 -0.2743861831237582 -0.039036366924461996 -0.0029231576552568583
1114 1875 690 625 625 1875 1875 1000 1114 1875 690 1998 1179 1553|0.001 -0.08392922989857166 -0.09800634724516977 -0.013792037574585914
2719 1000 906 1450 2719 2719 1450 1615 2719 1615 906 1861 2897 3845|0.001 -0.056877337728353794 -0.12048612449380491 -0.06136836320264294
906 1000 2719 2719 1450 1450 2719 1615 906 1615 2719 1861 1761 1710|0.001 -0.08325386120677569 -0.08851252091283679 0.06120029073207078
594 533 368 1000 1000 333 333 1000 594 533 368 648 1414 829|0.001 -0.10165231644788997 -0.052446298041594064 -0.015221233829914027
1000 1000 1000 368 368 594 594 333 533 333 533 1414 685 648|0.001 -0.031950221861920536 -0.08112285753456683 -0.002183849319179476
898 619 1683 1683 561 561 1683 1000 898 619 1683 1793 1394 1058|0.001 -0.06101471149634219 -0.09049295357133058 0.06664032404239295
594 333 594 1000 1000 533 533 1000 368 333 368 829 1414 1066|0.001 -0.06065088522361428 -0.09803476367361896 0.027954119227233676
1000 1000 1000 594 368 368 594 533 333 533 333 1414 1066 685|0.001 -0.017942056583089006 -0.06716792636872304 -0.0009771473101882755
561 1000 1683 1683 898 898 1683 619 561 619 1683 1394 1793 1058|0.001 -0.035346551537833726 -0.03376146928195656 0.019247559317912
1000 1000 1000 594 594 368 368 333 533 333 533 1414 829 1066|0.001 -0.03132058286386297 -0.04157282094460979 -0.017939164241890238
368 533 594 1000 1000 333 333 1000 368 533 594 1066 1414 685|0.001 -0.09930083880356433 -0.03916274349656912 -0.01812172179311622
1450 1615 2719 2719 906 906 2719 1000 1450 1615 2719 1761 1861 1710|0.001 -0.08154206904102401 -0.09264992907000669 0.08025624713827728
368 333 368 1000 1000 533 533 1000 594 333 594 685 1414 648|0.001 -0.06455230387478528 -0.05417140806477039 -0.01408933862825923
1000 1000 1000 368 594 594 368 533 333 533 333 1414 648 829|0.001 -0.02948387175855771 -0.08079162653692906 0.0010028790667249154
333 1000 333 1000 1000 1000 1000 1000 333 1000 333 1054 1414 1054|0.001 -0.038020260314691745 -0.12213315281068393 0.01131954238459354
1000 1000 1000 333 333 333 333 1000 1000 1000 1000 1414 1054 1054|0.001 -0.08518013980141736 -0.06798213471661319 0.015477650374824403
3000 1000 3000 3000 3000 3000 3000 1000 3000 1000 3000 3162 3162 4243|0.001 -0.037650661800132657 -0.12989600287471093 0.04781598346668137
3000 1000 3000 3000 3000 3000 3000 1000 3000 1000 3000 3162 3162 4243|0.001 -0.10398739681554248 -0.05244643779135694 0.02167390776835809
333 1000 333 1000 1000 1000 1000 1000 333 1000 333 1054 1414 1054|0.001 -0.16032167830062116 0.022252441799874845 -0.052357576335840816
1000 1000 1000 333 333 333 333 1000 1000 1000 1000 1414 1054 1054|0.001 -0.06019660957815143 -0.08246381338875342 0.004739575400563023
333 1000 333 1000 1000 1000 1000 1000 333 1000 333 1054 1414 1054|0.001 -0.07580940783828316 -0.06343671751990687 0.006511992622320051
3000 1000 3000 3000 3000 3000 3000 1000 3000 1000 3000 3162 3162 4243|0.001 -0.01294413877271361 -0.08193722273172277 0.013845809160224487
1000 1000 1000 333 333 333 333 1000 1000 1000 1000 1414 1054 1054|0.001 -0.06459702188624017 -0.07708796371235338 0.00268346846491907
3000 1000 3000 3000 3000 3000 3000 1000 3000 1000 3000 3162 3162 4243|0.001 -0.06402424150185215 -0.0813943974672493 0.01241777481266304
1000 1000 1000 333 333 333 333 1000 1000 1000 1000 1414 1054 1054|0.001 -0.13189377776354427 -0.00618992926255002 -0.036863670309033036
333 1000 333 1000 1000 1000 1000 1000 333 1000 333 1054 1414 1054|0.001 -0.040707547504856834 -0.11000567786227378 0.006662079090944406
333 1000 333 1000 1000 1000 1000 1000 333 1000 333 1054 1414 1054|0.001 -0.03445360030153832 -0.1118128486519887 0.0061210457238991545
1000 1000 1000 333 333 333 333 1000 1000 1000 1000 1414 1054 1054|0.001 0.0025571389723588744 -0.17030758626079834 0.06452791967618499
3000 1000 3000 3000 3000 3000 3000 1000 3000 1000 3000 3162 3162 4243|0.001 -0.005666809055566713 -0.12379601261145123 0.009773854321597497
1000 1000 1000 333 333 333 333 1000 1000 1000 1000 1414 1054 1054|0.001 -0.1197831779844194 -0.028425385506845036 -0.018897498963398318
3000 1000 3000 3000 3000 3000 3000 1000 3000 1000 3000 3162 3162 4243|0.001 -0.11634590027101321 -0.0004764246984123588 -0.034786120647317675
333 1000 333 1000 1000 1000 1000 1000 333 1000 333 1054 1414 1054|0.001 -0.05631894491745393 -0.05373329135342386 0.0021044486704280274
333 1000 333 1000 1000 1000 1000 1000 333 1000 333 1054 1414 1054|0.001 -0.15476069569589135 -0.0008483479201504274 -0.03796727366373043
3000 1000 3000 3000 3000 3000 3000 1000 3000 1000 3000 3162 3162 4243|0.001 -0.060363388321751366 -0.09967545175228909 0.026366803418549356
1000 1000 1000 333 333 333 333 1000 1000 1000 1000 1414 1054 1054|0.001 -0.0743643240928793 -0.07144443324964334 0.008229322840354047
1000 1000 1000 333 333 333 333 1000 1000 1000 1000 1414 1054 1054|0.001 -0.0817082817676218 -0.08359246255761454 -0.03148355559170257
3000 1000 3000 3000 3000 3000 3000 1000 3000 1000 3000 3162 3162 4243|0.001 -0.08980589285527918 -0.07069321455058009 0.006193066303337158
333 1000 333 1000 1000 1000 1000 1000 333 1000 333 1054 1414 1054|0.001 -0.07014433375080009 -0.1081601108719421 0.016551943448883666
333 1000 333 178 178 178 178 1000 333 1000 333 1054 1016 378|0.001 -0.09460911838936936 -0.03146025064821756 -0.027304861832238014
5625 1000 5625 1875 1875 1875 1875 1000 5625 1000 5625 5713 2125 5929|0.001 -0.11093532347116297 -0.005840224573135933 -0.014521849781390372
533 1000 533 3000 3000 3000 3000 1000 533 1000 533 1133 3162 3047|0.001 -0.0688630597632689 -0.09365075926604072 0.007621853204211604
3000 1000 3000 533 533 533 533 1000 3000 1000 3000 3162 1133 3047|0.001 -0.12359553083524322 -0.02752560682308558 -0.013535652895807493
1875 1000 1875 5625 5625 5625 5625 1000 1875 1000 1875 2125 5713 5929|0.001 -0.01301088017869878 -0.141137791375755 0.030450290226353705
178 1000 178 333 333 333 333 1000 178 1000 178 1016 1054 378|0.001 -0.09257768998328975 -0.09788578168823503 0.00721433587267839
333 1000 333 178 178 178 178 1000 333 1000 333 1054 1016 378|0.001 -0.11641038077903731 -0.03859326071516178 0.00043234744200537634
533 1000 533 3000 3000 3000 3000 1000 533 1000 533 1133 3162 3047|0.001 -0.10117461578499687 -0.031433326138720075 -0.03361944037691633
5625 1000 5625 1875 1875 1875 1875 1000 5625 1000 5625 5713 2125 5929|0.001 -0.07313347817189397 -0.074252225918372 -0.0016934717223682227
3000 1000 3000 533 533 533 533 1000 3000 1000 3000 3162 1133 3047|0.001 -0.10666921785160821 -0.02061488983142068 -0.022279047380501238
178 1000 178 333 333 333 333 1000 178 1000 178 1016 1054 378|0.001 -0.008387026551868182 -0.14974533794477551 0.04903673879451009
1875 1000 1875 5625 5625 5625 5625 1000 1875 1000 1875 2125 5713 5929|0.001 -0.007394602744777989 -0.14461235640987113 0.03752771868450466
1875 1000 1875 5625 5625 5625 5625 1000 1875 1000 1875 2125 5713 5929|0.001 -0.11373146646100007 -0.046520631715397665 0.015205250151972827
178 1000 178 333 333 333 333 1000 178 1000 178 1016 1054 378|0.001 -0.14235997894761598 -0.03554665889627828 -0.04370442780313066
3000 1000 3000 533 533 533 533 1000 3000 1000 3000 3162 1133 3047|0.001 -0.07452786456486837 -0.02837355259572516 -0.0031785527834526928
5625 1000 5625 1875 1875 1875 1875 1000 5625 1000 5625 5713 2125 5929|0.001 -0.11294961380616808 -0.051375669487205844 -0.042879502797112945
533 1000 533 3000 3000 3000 3000 1000 533 1000 533 1133 3162 3047|0.001 -0.1135514931150916 -0.04105445038429356 -0.033435484658832504
333 1000 333 178 178 178 178 1000 333 1000 333 1054 1016 378|0.001 -0.0660724367828669 -0.09237168079896385 -0.01925498719757668
1875 1000 1875 5625 5625 5625 5625 1000 1875 1000 1875 2125 5713 5929|0.001 -0.06458013417052322 -0.10130511427582589 0.03363676770393953
3000 1000 3000 533 533 533 533 1000 3000 1000 3000 3162 1133 3047|0.001 0.007409992385711828 -0.16411815278655317 0.046836021979266285
178 1000 178 333 333 333 333 1000 178 1000 178 1016 1054 378|0.001 -0.082889310780353 -0.05207373611019084 -0.015358393273559034
5625 1000 5625 1875 1875 1875 1875 1000 5625 1000 5625 5713 2125 5929|0.001 -0.10931957836556205 -0.03199397466590037 -0.005472434468154486
533 1000 533 3000 3000 3000 3000 1000 533 1000 533 1133 3162 3047|0.001 -0.11747984889951435 -0.03511800229194062 -0.0006315070768281306
333 1000 333 178 178 178 178 1000 333 1000 333 1054 1016 378|0.001 -0.09005151264279698 -0.09698295263741885 0.013881285547012734
906 1000 906 1000 1000 1000 1000 1000 2719 1000 2719 1350 1282 1861|0.001 -0.07940357572399193 -0.08934134074892852 0.024322542916235257
1000 1000 1000 906 2719 2719 906 1000 1000 1000 1000 1282 1861 2897|0.001 -0.10454390796118429 -0.07299730261123738 -0.21680658347056014
1104 3000 1104 1104 1104 1104 1104 1000 1104 3000 1104 2054 1489 1414|0.001 -0.14324685480236132 -0.018515703873640543 -0.015419627468982178
1104 1000 1104 1104 1104 1104 1104 3000 1104 3000 1104 1489 2054 1694|0.001 -0.112871437982901 -0.12505188603028627 0.0014026072808159817
2719 1000 906 1000 1000 1000 1000 1000 2719 1000 906 1861 1535 2897|0.001 -0.004499881985818854 -0.14510240737491298 0.027939714803055793
1000 1000 1000 906 906 2719 2719 1000 1000 1000 1000 1535 1350 1861|0.001 -0.09966850727546106 -0.07859659567755695 0.01366664403648965
906 1000 906 1000 1000 1000 1000 1000 2719 1000 2719 1350 1535 1861|0.001 -0.010508596491725086 -0.09857144923205552 0.007472082472606001
1104 3000 1104 1104 1104 1104 1104 1000 1104 3000 1104 2054 1489 1694|0.001 -0.15446744040332416 -0.009236879043857948 -0.03003297235510516
1000 1000 1000 906 2719 2719 906 1000 1000 1000 1000 1535 1861 2897|0.001 -0.11109399221987726 -0.06248211486811317 -0.23881801042863526
1104 1000 1104 1104 1104 1104 1104 3000 1104 3000 1104 1489 2054 1414|0.001 -0.25721750617704986 -0.06031906909550133 -0.005368045904985408
1000 1000 1000 906 906 2719 2719 1000 1000 1000 1000 1282 1350 1861|0.001 -0.0539615144004979 -0.11568481224695781 0.031752939574414274
2719 1000 906 1000 1000 1000 1000 1000 2719 1000 906 1861 1282 2897|0.001 -0.03376380698204007 -0.1392017746637897 0.018368508309385412
906 1000 2719 1000 1000 1000 1000 1000 906 1000 2719 1861 1535 1350|0.001 -0.0433490905104883 -0.07650760172527193 0.014177516310511784
368 1000 368 368 368 368 368 333 368 333 368 1066 685 565|0.001 -0.021033964147080253 -0.05044935926366789 -0.012892804352234721
368 333 368 368 368 368 368 1000 368 333 368 685 1066 471|0.001 -0.025455900773699858 -0.09975244326710708 0.03048127690629787
2719 1000 2719 1000 1000 1000 1000 1000 906 1000 906 2897 1282 1861|0.001 -0.03875104498728521 -0.11371253754840827 0.014285747116604686
906 1000 2719 1000 1000 1000 1000 1000 906 1000 2719 1861 1282 1350|0.001 -0.10275295398555984 -0.033773290911972564 -0.015415609752933435
368 1000 368 368 368 368 368 333 368 333 368 1066 685 471|0.001 -0.03479409460871774 -0.048339357399068694 -0.024480005794910165
368 333 368 368 368 368 368 1000 368 333 368 685 1066 565|0.001 -0.044008940650818174 -0.10015551886858542 0.033912904636126395
2719 1000 2719 1000 1000 1000 1000 1000 906 1000 906 2897 1535 1861|0.001 -0.13889014379174003 -0.028451975527842288 -0.01955852055730567
333 1000 333 368 368 368 368 1000 1000 1000 1000 1054 1066 685|0.001 -0.047840803877696736 -0.05443281671664857 -0.0036372757336566863
2719 1000 2719 906 2719 2719 906 1000 2719 1000 2719 2897 1861 3845|0.001 -0.06782770189983078 -0.11486451070502168 -0.10919997519992175
1104 3000 1104 3000 3000 3000 3000 1000 1104 3000 1104 2054 3162 3197|0.001 -0.1314881255417999 0.005278039430751669 -0.011237794980651916
3000 1000 3000 1104 1104 1104 1104 3000 3000 3000 3000 3162 2054 3197|0.001 -0.19470717256839798 -0.08183721609893002 -0.013382460807797036
2719 1000 906 2719 2719 2719 2719 1000 2719 1000 906 1861 2897 3845|0.001 0.01378762529269384 -0.14311983988431032 0.02489867140290425
368 1000 368 333 333 1000 1000 1000 368 1000 368 1066 1054 685|0.001 -0.07421807872613706 -0.09629512658405726 -0.004443322497402757
333 1000 333 368 368 368 368 1000 1000 1000 1000 1054 1066 685|0.001 -0.07569759962097633 -0.053530098940777204 -0.021527591602458207
1104 3000 1104 3000 3000 3000 3000 1000 1104 3000 1104 2054 3162 3197|0.001 -0.13924740355827137 0.0069485483154063665 -0.015311328681691938
2719 1000 2719 906 2719 2719 906 1000 2719 1000 2719 2897 1861 3845|0.001 -0.10546217093851729 -0.07838147274836227 -0.2029193629370296
3000 1000 3000 1104 1104 1104 1104 3000 3000 3000 3000 3162 2054 3197|0.001 -0.10779291686914938 -0.13743884934961592 -0.0026809629924218203
368 1000 368 333 333 1000 1000 1000 368 1000 368 1066 1054 685|0.001 -0.0607294276328707 -0.12094232528520377 0.01330793495402105
2719 1000 906 2719 2719 2719 2719 1000 2719 1000 906 1861 2897 3845|0.001 0.0040965251814939485 -0.16271769890037868 0.02998614127265986
906 1000 2719 2719 2719 2719 2719 1000 906 1000 2719 1861 2897 2866|0.001 -0.13169823444002637 -0.04927853917655822 -0.039357662996192255
1000 1000 1000 368 368 368 368 333 1000 333 1000 1414 685 1066|0.001 -0.016992461154918814 -0.04908740419798496 -0.002325541300588485
368 333 368 1000 1000 1000 1000 1000 368 333 368 685 1414 1066|0.001 -0.12216963330388686 -0.03659615758194179 -0.05025179259024015
1000 1000 1000 368 368 368 368 1000 333 1000 333 1414 1066 685|0.001 -0.07298215543472764 -0.10332858912480702 -0.005830069561112428
906 1000 2719 2719 2719 2719 2719 1000 906 1000 2719 1861 2897 2866|0.001 -0.05604063695166861 -0.06323080497713351 0.007423244432072096
1000 1000 1000 368 368 368 368 333 1000 333 1000 1414 685 1066|0.001 -0.02524644023740641 -0.053664155449354434 0.00309098310446565
368 333 368 1000 1000 1000 1000 1000 368 333 368 685 1414 1066|0.001 -0.07332291102039812 -0.06788598584834049 0.007931943300136801
1000 1000 1000 368 368 368 368 1000 333 1000 333 1414 1066 685|0.001 -0.06825026468426199 -0.10936736469412067 0.020263935996782667
1336 188 1061 1000 1104 743 738 533 713 100 566 1077 1133 1712|0.001 -0.02820527992629218 -0.054353959767189375 -0.009156202486700904
533 1104 1000 1061 566 713 1336 738 100 743 188 1133 1456 574|0.001 -0.10157617489782944 -0.064777929035712 0.029317481496198283
766 1355 1437 254 135 722 1355 1007 965 1495 1810 1071 1009 1053|0.001 -0.05014814818950608 -0.097632211219012 0.07037975706803978
3965 533 3937 5657 7126 3800 3017 5333 5885 2844 5333 3973 7775 4602|0.001 -0.40201211376036383 -0.09112386176162168 -0.004674567863792722
1768 1875 1305 177 943 1768 331 1260 1951 2362 1314 2574 1374 2500|0.001 -0.10929088794611963 -0.07830185755416497 -0.48740020418911234
177 1260 943 1768 1305 1314 1951 1875 331 2362 1768 1016 1398 1346|0.001 -0.18487923500612236 -0.04900418411220797 -0.022785718139475275
140 794 748 826 556 553 748 533 75 423 399 1091 1281 570|0.001 -0.040851410276331324 -0.06765844151952916 0.038675431140151595
5657 5333 7126 3965 3937 5333 5885 533 3017 2844 3800 5745 4062 4216|0.001 -0.08909258565704459 -0.001416113145847886 -0.015222662133004272
826 533 556 140 748 399 75 794 748 423 553 646 806 1058|0.001 -0.11046136336530732 -0.059402420677056034 -0.4899633345576815
7382 1875 7434 7126 5657 10607 13361 5333 10000 10000 11035 7450 5745 14560|0.001 -0.45483234114849 -0.0671467714993057 0.009948527353287329
1797 1484 959 135 252 1345 717 993 1427 1345 761 2303 1002 1449|0.001 -0.10395443323687692 -0.08520739462320903 -0.10691051075662372
748 794 140 1043 1549 1403 1036 1875 1403 1488 263 806 2402 1590|0.001 0.0019640128055309347 -0.1425966165382564 0.016727017474647
1061 188 1336 2069 1875 1384 1394 1875 1989 352 2505 1458 2125 1482|0.001 -0.22382580009083552 -0.0437844247516761 -0.03250256129039286
906 906 483 646 1211 961 513 674 170 669 91 1027 782 1321|0.001 -0.09325363342917559 -0.09197540733831167 -0.07382239775056587
533 1000 533 566 566 713 713 200 100 200 100 1133 721 574|0.001 -0.014820236532376851 -0.05129125063410678 -0.0032904965913771456
2000 1000 2000 5657 7126 7126 5657 5333 10000 5333 10000 2236 7775 8413|0.001 -0.1775044700361983 -0.082604587396512 0.0020512499239222493
500 1000 500 2828 2828 3563 3563 5000 2667 5000 2667 1118 3606 3887|0.001 -0.11121459002020107 -0.14889573920161436 0.03945548469149518
1875 1000 1875 1061 1336 1336 1061 188 375 188 375 2125 1077 1577|0.001 -0.023375434446034626 -0.044096768546930676 -0.017565544076385553
1875 1000 1875 1336 1061 1061 1336 188 375 188 375 2125 1458 1352|0.001 -0.01625423851402852 -0.0691478211058405 -0.019325791503037593
500 1000 500 3563 3563 2828 2828 5000 2667 5000 2667 1118 4206 2872|0.001 -0.3156132594731653 -0.07765921185560076 0.008657832595901915
2000 1000 2000 7126 5657 5657 7126 5333 10000 5333 10000 2236 5745 7211|0.001 -0.3714480488734151 -0.0945638792181569 0.009237733787417213
533 1000 533 713 713 566 566 200 100 200 100 1133 841 777|0.001 -0.012908391641839323 -0.07654386798929047 0.007751295931905933
7434 1875 7382 2000 2000 15000 15000 1000 7434 1875 7382 7617 2236 9234|0.001 -0.06385602049020167 -0.09877075014197434 0.016478809656568227
500 1000 500 3691 3691 3717 3717 7500 938 7500 938 1118 4596 3808|0.001 -0.16699003026462766 -0.1410358586363225 0.021437849642942375
492 133 492 125 125 67 67 1000 496 133 496 613 1008 497|0.001 -0.012323893364843963 -0.13449401847603903 0.04479797178891465
8000 1000 8000 3937 3965 3965 3937 533 1067 533 1067 8062 3973 4925|0.001 -0.083018875437193 -0.021495067016030767 -0.0359238417349228
271 1000 2032 254 135 135 254 1007 271 1007 2032 1245 1009 303|0.001 -0.07526866945516408 -0.06163181656668737 0.07255171521507453
125 1000 125 492 492 496 496 133 67 133 67 1008 613 497|0.001 -0.004781961822136749 -0.06291193681071783 0.011709184128410044
254 1007 135 271 2032 2032 271 1000 254 1007 135 1032 1245 2048|0.001 -0.0934370154415809 -0.09683211080222409 -0.6028642046524735
2000 1000 2000 7382 7434 7434 7382 1875 15000 1875 15000 2236 7617 9234|0.001 -0.12109711060568906 -0.03898111588994446 -0.014864759589507948
2000 1000 2000 7434 7382 7382 7434 1875 15000 1875 15000 2236 7450 9192|0.001 -0.1174823701854899 -0.030209227778881242 -0.01735516245607971
252 993 135 269 2018 2018 269 1000 252 993 135 1002 1242 2033|0.001 -0.08985223765015316 -0.09175190373224562 -0.5899466503979667
125 1000 125 496 496 492 492 133 67 133 67 1008 616 508|0.001 -0.0024340455697990926 -0.05968014703884528 0.01522107158322461
269 1000 2018 252 135 135 252 993 269 993 2018 1242 1025 301|0.001 -0.06983550364084268 -0.0636070992604354 0.05856543977409867
8000 1000 8000 3965 3937 3937 3965 533 1067 533 1067 8062 4062 4903|0.001 -0.050896331400481776 -0.09366443687718329 0.00481107658682145
496 133 496 125 125 67 67 1000 492 133 492 616 1008 508|0.001 -0.09106305006297499 -0.04325878579110376 0.01057223600111179
7382 1875 7434 2000 2000 15000 15000 1000 7382 1875 7434 7450 2236 9192|0.001 -0.08701752611687374 -0.09206739897617666 0.022869554691002936
500 1000 500 3717 3717 3691 3691 7500 938 7500 938 1118 4617 3725|0.001 -0.25538059817590053 -0.14699426048083275 0.03204129758797025
1336 188 1061 1875 2069 1394 1384 1875 2505 352 1989 1077 2652 1618|0.001 -0.09963422487813345 -0.11714391883383524 0.03266003482268687
1000 1104 533 566 1061 1336 713 738 188 743 100 1414 791 1077|0.001 -0.09934246400732927 -0.09102351913513052 -0.07163480136413436
1437 1355 766 135 254 1355 722 1007 1810 1495 965 1972 1032 1975|0.001 -0.08221710860817799 -0.082973245480219 -0.05573339057632798
7434 1875 7382 5657 7126 13361 10607 5333 11035 10000 10000 7617 7775 17117|0.001 -0.598842107239953 -0.03952347710774795 0.008082290165316586
943 1260 177 1305 1768 1951 1314 1875 1768 2362 331 1374 2574 2500|0.001 0.0022628127904433804 -0.1659410601896283 0.018184982736073607
943 533 696 177 943 503 94 1260 1040 672 701 745 1374 1069|0.001 -0.09103346090560072 -0.09241986671714164 -0.38541373910977894
7126 5333 5657 3937 3965 5885 5333 533 3800 2844 3017 7775 3973 4602|0.001 -0.08067758776787004 0.006026780984762503 -0.016437334622391164
177 1260 943 943 696 701 1040 533 94 672 503 1016 1373 702|0.001 -0.017764154895801854 -0.08139196736742238 0.03437255588874644
140 794 748 1549 1043 1036 1403 1875 263 1488 1403 1091 1211 1045|0.001 -0.10694982840542266 -0.04755748009439009 -0.015761905833753254
1549 1875 1043 140 748 1403 263 794 1403 1488 1036 2402 806 1590|0.001 -0.09049898021815994 -0.09534042503311801 -0.39814218697032944
3937 533 3965 7126 5657 3017 3800 5333 5333 2844 5885 4062 5745 4216|0.001 -0.2847601600196603 -0.11487271977029256 -0.014591565584792798
959 1484 1797 252 135 717 1345 993 761 1345 1427 1161 1025 773|0.001 -0.06688419319091699 -0.11010833473542925 0.042176068914194786
1061 188 1336 1104 1000 738 743 533 566 100 713 1458 1414 1456|0.001 -0.05253973290406999 -0.036739962129811454 -0.005601519556215351
483 906 906 1211 646 513 961 674 91 669 170 1282 1551 705|0.001 -0.024002600913830552 -0.1008047085484165 0.019889868205338335
3000 1000 3000 1061 1336 1336 1061 188 1500 188 1500 3162 1077 2507|0.001 -0.024379330399121324 -0.06300669801719616 -0.028455227228894042
177 1260 943 2828 1414 1414 2828 1000 177 1260 943 1016 2236 1425|0.001 -0.10716641917081104 -0.04609091734170789 0.05558204838377545
1336 188 1061 3000 3000 1500 1500 1000 1336 188 1061 1077 3162 2507|0.001 -0.045216939115904076 -0.09218985286954084 -0.0036142964384844323
333 1000 333 354 354 445 445 500 62 500 62 1054 791 359|0.001 -0.0075038388280634916 -0.09941994521566633 -0.004330227474995674
707 2000 707 125 125 667 667 1000 891 2000 891 1581 1008 972|0.001 -0.05217710905748518 -0.09639900998384299 0.020498033523150827
8000 1000 8000 5657 7126 7126 5657 5333 16000 5333 16000 8062 7775 13371|0.001 -0.26584082246045915 -0.09786074156558078 0.008350264846541666
2828 1000 1414 177 943 943 177 1260 2828 1260 1414 2236 1374 2981|0.001 -0.10670533958126227 -0.0559285618387384 -0.4457556652286221
125 1000 125 707 707 891 891 2000 667 2000 667 1008 1581 972|0.001 -0.08719758643582765 -0.03808153520192592 -0.006562544504450374
1061 188 1336 3000 3000 1500 1500 1000 1061 188 1336 1458 3162 2372|0.001 -0.07960704687972497 -0.06924458701351166 0.026398857809746268
333 1000 333 445 445 354 354 500 62 500 62 1054 836 486|0.001 -0.049487398258563076 -0.08273489558630942 0.017010079198194195
3000 1000 3000 1336 1061 1061 1336 188 1500 188 1500 3162 1458 2372|0.001 -0.017465655591079043 -0.059535438688579356 0.013291587189743215
140 794 748 2245 1123 1123 2245 1000 140 794 748 1091 1876 1131|0.001 -0.09454975891061146 -0.059035019828281854 0.04178225538668645
2245 1000 1123 140 748 748 140 794 2245 794 1123 1876 806 2367|0.001 -0.11056791363692642 -0.06400943077794263 -0.48853601834646154
125 1000 125 891 891 707 707 2000 667 2000 667 1008 1671 718|0.001 -0.10892435659183186 -0.1171897997567628 -0.012380475379843991
8000 1000 8000 7126 5657 5657 7126 5333 16000 5333 16000 8062 5745 12649|0.001 -0.13289952551576056 -0.11404910885148611 0.031215272808127192
891 2000 891 125 125 667 667 1000 707 2000 707 1671 1008 718|0.001 -0.05922885454142324 -0.09979907284706879 0.012742882648142384
573 533 333 354 354 189 189 1000 528 533 246 629 1061 673|0.001 -0.023621094110820584 -0.0846005357889823 0.001366505124291706
2828 1000 2828 943 696 1492 1622 533 1508 533 1508 3000 1373 1661|0.001 -0.05361549038427893 -0.07895390973739258 0.0004030680365385564
566 738 1061 3000 1600 1600 3000 1720 566 1583 1061 1456 1887 1697|0.001 -0.0028125396496914146 -0.06966750784303422 0.012717866819833556
930 581 1744 616 329 329 616 920 930 429 1744 1838 1174 986|0.001 -0.15274260841074194 -0.01810392873235145 0.03575807546647436
1492 533 1622 2828 2828 1508 1508 1000 696 533 943 1904 3000 2913|0.001 -0.10430930840859554 -0.049864201449538736 -0.020550991570374988
354 1000 354 573 333 246 528 533 189 533 189 1061 1054 485|0.001 -0.06315533361645476 -0.044226633976433005 -0.04281720681360568
625 1875 1075 354 354 663 663 1000 461 1875 989 1179 1061 494|0.001 -0.12198569522868685 -0.043576390263824205 -0.001450493043199108
616 920 329 930 1744 1744 930 581 616 429 329 935 1097 1849|0.001 -0.11779429123422891 -0.04098915261901204 -0.09576957756763482
2828 1000 2828 3041 2798 1305 1768 1875 5303 1875 5303 3000 2842 3115|0.001 -0.09296743529463969 -0.09304901105841257 -0.007257108591076644
3000 1720 1600 566 1061 1061 566 738 3000 1583 1600 3162 791 3182|0.001 -0.06255424365124052 -0.11564892038933072 -0.046910655454711625
354 1000 354 625 1075 989 461 1875 663 1875 663 1061 1976 1005|0.001 -0.057052978101217455 -0.13934694767523514 0.012720534601298183
1305 1875 1768 2828 2828 5303 5303 1000 2798 1875 3041 1398 3000 5462|0.001 -0.08614887960867734 -0.08511108495018127 0.011598206909066988
943 533 696 2828 2828 1508 1508 1000 1622 533 1492 745 3000 1779|0.001 -0.08472368228076843 -0.004258014766197471 -0.016035258008915143
354 1000 354 246 528 573 333 533 189 533 189 1061 587 536|0.001 -0.04805618799022304 -0.049828942786828145 -0.023193818291933344
2167 2144 4064 1437 766 766 1437 1355 2167 2330 4064 2387 1071 2299|0.001 -0.08930996630267862 -0.0566302744907321 0.04322349551552085
2828 1000 2828 1492 1622 943 696 533 1508 533 1508 3000 1516 2981|0.001 -0.04706516141902539 -0.039500034665371775 -0.0027407490849229443
357 1087 670 1895 1011 1011 1895 466 357 632 670 1016 1952 1072|0.001 -0.03337339404960726 -0.0845175200850079 0.03743057499827618
246 533 528 354 354 189 189 1000 333 533 573 1030 1061 264|0.001 -0.09923412109287155 -0.06042578942116017 -0.019514917164584755
3041 1875 2798 2828 2828 5303 5303 1000 1768 1875 1305 3571 3000 3335|0.001 -0.059104131336490395 -0.07156724990759922 0.015232164380707403
1895 466 1011 357 670 670 357 1087 1895 632 1011 1113 1276 2010|0.001 -0.0946139536199575 -0.0903800815266631 -0.07504962188282005
354 1000 354 989 461 625 1075 1875 663 1875 663 1061 1101 910|0.001 -0.011454507302440797 -0.15451732203426216 0.05258566278268706
2828 1000 2828 1305 1768 3041 2798 1875 5303 1875 5303 3000 2574 5590|0.001 -0.06419321213920415 -0.11331184485445012 0.03496820674252721
1437 1355 766 2167 4064 4064 2167 2144 1437 2330 766 1972 4185 4310|0.001 -0.05812529918491571 -0.08545185634162511 -0.05308864671369817
989 1875 461 354 354 663 663 1000 1075 1875 625 1931 1061 1262|0.001 -0.0652430502692547 -0.10488986936767697 0.0011451131043060947
625 1000 625 354 354 354 354 1000 125 1000 125 1179 1061 451|0.001 -0.06983570730939914 -0.09146333176583421 -0.010744024489796056
566 200 566 1600 1600 1600 1600 1000 566 200 566 721 1887 1697|0.001 -0.1330628136145895 0.005140425697542916 -0.044104997605305396
1600 1000 1600 566 566 566 566 200 1600 200 1600 1887 721 1697|0.001 -0.007047430954142397 -0.03448726110915845 0.0022034026293948905
354 1000 1768 2828 2828 2828 2828 1000 354 1000 1768 1275 3000 2850|0.001 -0.017347396502406243 -0.08057760811443826 0.005364109460597177
625 1000 625 354 354 354 354 1000 125 1000 125 1179 1061 451|0.001 -0.14440820735038828 -0.026443975424670363 -0.04671403842699595
566 200 566 1600 1600 1600 1600 1000 566 200 566 721 1887 1697|0.001 -0.07774781515421436 -0.07790812094441768 0.016561632921290315
1600 1000 1600 566 566 566 566 200 1600 200 1600 1887 721 1697|0.001 -0.008962789521933523 -0.024311653829494073 -0.002205135529740332
354 1000 1768 2828 2828 2828 2828 1000 354 1000 1768 1275 3000 2850|0.001 -0.056616306837996566 -0.06034368350786412 0.004663593017906198
1768 1000 354 2828 2828 2828 2828 1000 1768 1000 354 1275 3000 3335|0.001 0.015444760554350623 -0.15732687053064742 0.020026400140238376
354 1000 354 125 125 625 625 1000 354 1000 354 1061 1008 451|0.001 -0.06383306007845535 -0.10421634717853401 -0.0019073933856827985
8000 1000 8000 2828 2828 2828 2828 5000 8000 5000 8000 8062 3606 8485|0.001 -0.5856549220483231 -0.038543755239141 -0.042431067157764346
2828 1000 2828 354 1768 1768 354 1000 2828 1000 2828 3000 1275 3335|0.001 -0.09570824488869589 -0.06536541778304983 -0.3772570443025147
2828 5000 2828 8000 8000 8000 8000 1000 2828 5000 2828 3606 8062 8485|0.001 -0.1634829174217145 0.014809819750849496 -0.021841313749210167
125 1000 125 354 354 354 354 1000 625 1000 625 1008 1061 451|0.001 -0.03693689724637239 -0.030794650662874234 -0.0034273034889431564
1768 1000 354 2828 2828 2828 2828 1000 1768 1000 354 1275 3000 3335|0.001 0.014929268497978487 -0.1657705511737828 0.021574179800554205
8000 1000 8000 2828 2828 2828 2828 5000 8000 5000 8000 8062 3606 8485|0.001 -0.4522319596622937 -0.04939716102547065 0.017385869532227094
354 1000 354 125 125 625 625 1000 354 1000 354 1061 1008 451|0.001 -0.10440874205205564 -0.08224977179686732 -0.015499842888200277
2828 1000 2828 354 1768 1768 354 1000 2828 1000 2828 3000 1275 3335|0.001 -0.0855369752240176 -0.08055031497356313 -0.37641858227353997
2828 5000 2828 8000 8000 8000 8000 1000 2828 5000 2828 3606 8062 8485|0.001 -0.16422719956415754 0.013552007383246245 -0.02118159999939695
125 1000 125 354 354 354 354 1000 625 1000 625 1008 1061 451|0.001 -0.024988340234790574 -0.04430843298327436 0.001079622665516311
1075 1875 625 354 354 663 663 1000 989 1875 461 1976 1061 1005|0.001 -0.0714069361048908 -0.10294917096792533 0.008271806981638985
2828 1000 2828 1768 1305 2798 3041 1875 5303 1875 5303 3000 1398 5462|0.001 -0.18009247486665103 -0.0017707897411001206 -0.025852201080914794
1061 738 566 1600 3000 3000 1600 1720 1061 1583 566 791 3162 3182|0.001 -0.04338093520377506 -0.12907112490695205 -0.029019072811817814
1744 581 930 329 616 616 329 920 1744 429 930 1097 935 1849|0.001 -0.07324946949971434 -0.06195316249904104 -0.07727938824767855
2798 1875 3041 2828 2828 5303 5303 1000 1305 1875 1768 2842 3000 3115|0.001 -0.054587623817806685 -0.09617066928478413 0.008452169741790527
354 1000 354 1075 625 461 989 1875 663 1875 663 1061 1179 494|0.001 -0.16025368072379864 -0.004549252568502027 -0.011318200997197936
333 533 573 354 354 189 189 1000 246 533 528 1054 1061 485|0.001 -0.019338589544430906 -0.1171853795421407 0.002663303540753059
329 920 616 1744 930 930 1744 581 329 429 616 1174 1838 986|0.001 -0.07187488754518356 -0.05069358577852068 0.014678152209322004
2828 1000 2828 1622 1492 696 943 533 1508 533 1508 3000 1904 2913|0.001 -0.041028694571249025 -0.0861968041384531 -0.022558856329809585
1600 1720 3000 1061 566 566 1061 738 1600 1583 3000 1887 1456 1697|0.001 -0.09648954465507509 -0.06833242279595919 0.030267730971242912
354 1000 354 333 573 528 246 533 189 533 189 1061 629 673|0.001 -0.09027261252959495 0.003219850103830524 -0.03810450398343823
696 533 943 2828 2828 1508 1508 1000 1492 533 1622 1373 3000 1661|0.001 -0.09833300498725217 -0.014589280727181908 -0.0287873345071199
1768 1875 1305 2828 2828 5303 5303 1000 3041 1875 2798 2574 3000 5590|0.001 -0.10643998535346033 -0.08246015040476173 0.00420000958902822
354 1000 354 461 989 1075 625 1875 663 1875 663 1061 1931 1262|0.001 -0.0031419188055525904 -0.1268080256638393 0.015824039833487458
4064 2144 2167 766 1437 1437 766 1355 4064 2330 2167 4185 1972 4310|0.001 -0.09832511601958749 -0.09491100247677409 -0.0940040497423178
2828 1000 2828 2798 3041 1768 1305 1875 5303 1875 5303 3000 3571 3335|0.001 -0.19141216148702123 -0.016999376133187694 -0.014527832860754541
670 1087 357 1011 1895 1895 1011 466 670 632 357 1276 1113 2010|0.001 -0.07386894742544725 -0.07883881958941741 -0.059876176258800706
461 1875 989 354 354 663 663 1000 625 1875 1075 1101 1061 910|0.001 -0.08119785336446972 -0.08858076138665294 0.029695862175405097
1622 533 1492 2828 2828 1508 1508 1000 943 533 696 1516 3000 2981|0.001 -0.12758949011198117 -0.009190305519007902 -0.015621246299079017
1011 466 1895 670 357 357 670 1087 1011 632 1895 1952 1016 1072|0.001 -0.07259706707043789 -0.08937386663416702 0.005862788918344908
354 1000 354 528 246 333 573 533 189 533 189 1061 1030 264|0.001 -0.03580457464069764 -0.07133641944472635 -0.0021445052854818236
2828 1000 2828 696 943 1622 1492 533 1508 533 1508 3000 745 1779|0.001 -0.0390938416344222 -0.09473722176400301 -0.0205705744496687
766 1355 1437 4064 2167 2167 4064 2144 766 2330 1437 1071 2387 2299|0.001 -0.07401904713035923 -0.10908247245297598 0.04381094659033247
528 533 246 354 354 189 189 1000 573 533 333 587 1061 536|0.001 -0.050777363952286825 -0.10783331080361003 0.01648775285650439
3000 1000 3000 566 566 566 566 1000 2200 1000 2200 3162 1149 2631|0.001 -0.15247127060906474 -0.015537058184121877 -0.026222629644224726
1768 1000 1768 5303 3889 3889 5303 1000 1768 1000 1768 2031 4650 4272|0.001 -0.05760402876763937 -0.06924809990332736 0.029199936299606488
189 733 189 333 333 333 333 1000 189 733 189 877 1054 383|0.001 -0.01454050453620237 -0.14136100941141483 0.026964910170959033
333 1000 333 189 189 189 189 733 333 733 333 1054 877 383|0.001 -0.010696859348000576 -0.09125079024194793 0.014905516589336365
3889 1000 5303 1768 1768 1768 1768 1000 3889 1000 5303 4650 2031 4272|0.001 -0.010526573497647851 -0.1544223156920299 0.0632587207771218
566 1000 566 3000 3000 2200 2200 1000 566 1000 566 1149 3162 2631|0.001 -0.12090899078002093 -0.055386632684146786 -0.017177144611112416
3000 1000 3000 566 566 566 566 1000 2200 1000 2200 3162 1149 2631|0.001 -0.10996000384337679 -0.04669988481263099 0.0014187228845186084
189 733 189 333 333 333 333 1000 189 733 189 877 1054 383|0.001 -0.12240727556135034 -0.0005715902330027944 -0.0403700609912383
1768 1000 1768 5303 3889 3889 5303 1000 1768 1000 1768 2031 4650 4272|0.001 -0.07610789307901489 -0.05976514901170016 0.020200510251893178
333 1000 333 189 189 189 189 733 333 733 333 1054 877 383|0.001 -0.094654843988079 -0.0045372165818713395 -0.0357370539056967
566 1000 566 3000 3000 2200 2200 1000 566 1000 566 1149 3162 2631|0.001 -0.11407624396546634 -0.06663510317125199 -0.0054394370430776995
3889 1000 5303 1768 1768 1768 1768 1000 3889 1000 5303 4650 2031 4272|0.001 -0.03903150782957554 -0.12821373431179395 0.002997501574495409
5303 1000 3889 1768 1768 1768 1768 1000 5303 1000 3889 4650 2031 5590|0.001 -0.006187965557155062 -0.14945973498096676 0.018668364856984088
566 1000 566 2200 2200 3000 3000 1000 566 1000 566 1149 2417 2631|0.001 -0.09048512766929195 -0.04489621715340286 -0.01398186476845198
455 1000 455 257 257 257 257 1364 455 1364 455 1098 1196 522|0.001 -0.08488015408586791 -0.10161038955752044 0.03415575793304093
1768 1000 1768 3889 5303 5303 3889 1000 1768 1000 1768 2031 4650 5590|0.001 -0.11050718021579087 -0.05733010435077013 -0.06641791080896686
257 1364 257 455 455 455 455 1000 257 1364 257 1196 1098 522|0.001 -0.06526766376619197 -0.06635257297182395 -0.012798891919064692
2200 1000 2200 566 566 566 566 1000 3000 1000 3000 2417 1149 2631|0.001 -0.08634908244605555 -0.0676201434236523 0.003180550271280058
5303 1000 3889 1768 1768 1768 1768 1000 5303 1000 3889 4650 2031 5590|0.001 -0.07202859200770462 -0.09601247469145924 -0.001549384706365231
455 1000 455 257 257 257 257 1364 455 1364 455 1098 1196 522|0.001 -0.14208012904491363 -0.08372460519130542 -0.01877567530992108
566 1000 566 2200 2200 3000 3000 1000 566 1000 566 1149 2417 2631|0.001 -0.01371898828567919 -0.1555884579446054 0.031812870356848766
1768 1000 1768 3889 5303 5303 3889 1000 1768 1000 1768 2031 4650 5590|0.001 -0.08429141644994864 -0.026226385380675454 -0.033136335579722065
257 1364 257 455 455 455 455 1000 257 1364 257 1196 1098 522|0.001 -0.09805775208379774 -0.06757646020082775 0.011166576932919448
2200 1000 2200 566 566 566 566 1000 3000 1000 3000 2417 1149 2631|0.001 -0.06042412039037992 -0.0593160731121134 0.006206645837325553
125 1000 125 461 989 989 461 1875 938 1875 938 1008 1931 1047|0.001 -0.11440804263560089 -0.02701510725882983 -0.009687223524633692
4064 2144 2167 271 2032 2032 271 1000 4064 2144 2167 4185 1245 4543|0.001 -0.08770101125194718 -0.060837471195095416 -0.598049686067823
8000 1000 8000 7914 7914 3691 3691 7500 15000 7500 15000 8062 8374 8811|0.001 -0.5205206247974703 -0.06670883692397878 -0.018441907354843634
461 1875 989 125 125 938 938 1000 461 1875 989 1101 1008 575|0.001 -0.09188013017346619 -0.09186797968529614 -3.9058324613483464e-05
125 1000 125 989 461 461 989 1875 938 1875 938 1008 1101 575|0.001 -0.11525013820067098 -0.022740750847423108 -0.012668876020706099
1895 466 1011 126 948 948 126 1000 1895 466 1011 1113 1058 2119|0.001 -0.09550374477447998 -0.07546215899326802 -0.6131932769913984
8000 1000 8000 3691 3691 7914 7914 7500 15000 7500 15000 8062 4596 15447|0.001 -0.9073829436623915 -0.0002367054620455722 -0.01978739630999815
989 1875 461 125 125 938 938 1000 989 1875 461 1931 1008 1047|0.001 -0.061597089803462346 -0.10272575563436637 0.020540775611010975
271 1000 2032 4064 2167 2167 4064 2144 271 2144 2032 1245 2387 2184|0.001 -0.0857244773971777 -0.06459894349735928 0.002368098899472315
2000 1000 2000 492 492 1055 1055 133 1067 133 1067 2236 613 1175|0.001 -0.0072569964425439615 -0.05823105241873461 0.012410520834211791
1055 133 1055 2000 2000 1067 1067 1000 492 133 492 1117 2236 2060|0.001 -0.08263099761748216 -0.05860344761043801 -0.017333987545699037
500 1000 500 528 246 246 528 533 67 533 67 1118 1030 306|0.001 -0.032673594155496755 -0.07871167950242342 0.003098763241005109
126 1000 948 1895 1011 1011 1895 466 126 466 948 1058 1952 1019|0.001 -0.05514329668217077 -0.083369957683197 0.039175789293877106
2000 1000 2000 1055 1055 492 492 133 1067 133 1067 2236 1117 2060|0.001 -0.0031437870585726557 -0.0588366194532286 0.011077528905358847
492 133 492 2000 2000 1067 1067 1000 1055 133 1055 613 2236 1175|0.001 -0.025804409000058648 -0.11507155888656695 0.03399437135101602
500 1000 500 246 528 528 246 533 67 533 67 1118 587 558|0.001 -0.0673497542180801 -0.06369018032142848 -0.03248497479692247
625 1000 625 354 354 354 354 500 625 500 625 1179 791 718|0.001 -0.06036423902167076 -0.0654875346686179 -0.01698598599990664
1414 1000 2828 1768 1768 1768 1768 1000 1414 1000 2828 2236 2031 2264|0.001 -0.027689919708674404 -0.1487821257798716 0.05782871090593167
566 1000 566 1600 1600 800 800 1000 566 1000 566 1149 1887 1265|0.001 -0.07765347919354904 -0.06352056574645437 -0.023152817422785743
1600 1000 1600 566 566 566 566 1000 800 1000 800 1887 1149 1265|0.001 -0.016446155445754007 -0.10691652107787442 0.004174458131609438
1768 1000 1768 2828 1414 1414 2828 1000 1768 1000 1768 2031 2236 2264|0.001 -0.06345336377060584 -0.0958599154244566 0.06464064983441542
354 500 354 625 625 625 625 1000 354 500 354 791 1179 718|0.001 -0.08801887025825073 -0.07260241979872739 -0.01079100875618022
625 1000 625 354 354 354 354 500 625 500 625 1179 791 718|0.001 -0.059183758208042336 -0.031910592791966064 -0.035433409875588184
566 1000 566 1600 1600 800 800 1000 566 1000 566 1149 1887 1265|0.001 -0.0841776742662248 -0.04664254726612582 -0.01720749052285142
1414 1000 2828 1768 1768 1768 1768 1000 1414 1000 2828 2236 2031 2264|0.001 -0.022786125461997653 -0.1448666165426482 0.035776757199403875
1600 1000 1600 566 566 566 566 1000 800 1000 800 1887 1149 1265|0.001 -0.07372360806631728 -0.06003942023549591 0.007276703081362523
354 500 354 625 625 625 625 1000 354 500 354 791 1179 718|0.001 -0.03539884620315181 -0.065781068541505 -0.011714101713332647
1768 1000 1768 2828 1414 1414 2828 1000 1768 1000 1768 2031 2236 2264|0.001 0.004925369290611492 -0.10646852358438874 0.04004701065554839
1768 1000 1768 1414 2828 2828 1414 1000 1768 1000 1768 2031 2236 3335|0.001 -0.04032949293063526 -0.12388676150855926 -0.020121383360901524
707 2000 707 1250 1250 1250 1250 1000 707 2000 707 1581 1601 1436|0.001 -0.10358514712134559 -0.06664591904561923 -0.007496560455485524
800 1000 800 566 566 566 566 1000 1600 1000 1600 1281 1149 1265|0.001 -0.10784774605089531 -0.023216679259886464 -0.026142275592401232
2828 1000 1414 1768 1768 1768 1768 1000 2828 1000 1414 2236 2031 3335|0.001 -0.02630675009633099 -0.10867290966791954 0.006493503866575878
566 1000 566 800 800 1600 1600 1000 566 1000 566 1149 1281 1265|0.001 -0.10885811139019097 -0.08205392580288295 -0.015114367126499717
1250 1000 1250 707 707 707 707 2000 1250 2000 1250 1601 1581 1436|0.001 -0.05277648529043777 -0.10545697842631263 -0.0010061356122759157
1768 1000 1768 1414 2828 2828 1414 1000 1768 1000 1768 2031 2236 3335|0.001 -0.05180493369907668 -0.09683632188586366 -0.05159149634725191
800 1000 800 566 566 566 566 1000 1600 1000 1600 1281 1149 1265|0.001 -0.07919427011335078 -0.0600547316757738 0.0026770790510299847
707 2000 707 1250 1250 1250 1250 1000 707 2000 707 1581 1601 1436|0.001 -0.13025467390498924 -0.022806370352227434 -0.01639190101538124
2828 1000 1414 1768 1768 1768 1768 1000 2828 1000 1414 2236 2031 3335|0.001 -0.008855592533315582 -0.15355407285493672 0.03267400313769375
566 1000 566 800 800 1600 1600 1000 566 1000 566 1149 1281 1265|0.001 -0.06095514448800521 -0.09132823467380757 -0.014765317247588117
1250 1000 1250 707 707 707 707 2000 1250 2000 1250 1601 1581 1436|0.001 -0.04608532701631085 -0.13844528145193657 0.007878740511499949
1744 1000 581 329 616 616 329 867 1744 867 581 1419 819 1849|0.001 -0.03917077247984957 -0.13058188409290294 -0.041250109034773885
2637 1875 3041 1768 1768 5303 5303 1000 2637 1875 3041 2491 2031 4041|0.001 -0.09213088325620178 -0.08692966147488268 0.0021189528415455072
566 1000 566 1720 1720 1492 1492 3000 1061 3000 1061 1149 2441 1409|0.001 -0.1844315250809847 -0.07197368225208223 0.010149331032129894
573 333 573 354 354 189 189 1000 497 333 497 814 1061 699|0.001 -0.03917487667827513 -0.11950692601939372 0.012937737112588277
2828 1000 2828 1622 1406 1406 1622 533 943 533 943 3000 1978 2155|0.001 -0.03876437066994587 -0.0843127867483584 -0.0061333976276556346
329 867 616 1744 581 581 1744 1000 329 867 616 1219 1419 668|0.001 -0.07161523873334796 -0.09091214169000383 0.07302019169842078
581 1000 1744 616 329 329 616 867 581 867 1744 1419 1219 668|0.001 -0.08557182039713451 -0.062084059978516626 0.01345017141705318
354 1000 354 573 573 497 497 333 189 333 189 1061 814 699|0.001 -0.035763972264679644 -0.05872785310277462 -0.025932264448386144
1406 533 1622 2828 2828 943 943 1000 1406 533 1622 1978 3000 2155|0.001 -0.1093321384097401 -0.052070862772741755 -0.012029489941237648
1720 3000 1720 566 566 1061 1061 1000 1492 3000 1492 2441 1149 1409|0.001 -0.12536853162003148 -0.05296010572687915 -0.0035129858055404917
616 867 329 581 1744 1744 581 1000 616 867 329 819 1419 1849|0.001 -0.0863252688843974 -0.08120991343338435 -0.16565378332889402
1768 1000 1768 3041 2637 2637 3041 1875 5303 1875 5303 2031 2491 4041|0.001 -0.06953250566455349 -0.09665311222428752 0.021988619635244788
1768 1000 1768 2637 3041 3041 2637 1875 5303 1875 5303 2031 3708 4316|0.001 -0.08251295099833134 -0.14127411204356344 0.016243161387510252
711 1153 379 670 2011 2011 670 1000 711 1153 379 1406 1532 2133|0.001 -0.09530432265620559 -0.05575497114871042 -0.1717951805541984
1492 3000 1492 566 566 1061 1061 1000 1720 3000 1720 2286 1149 2098|0.001 -0.11800526132634825 -0.052956228642581094 0.006595500343209437
1622 533 1406 2828 2828 943 943 1000 1622 533 1406 1328 3000 2302|0.001 -0.10470420949626802 -0.07720127555319145 -0.017320693279502253
354 1000 354 497 497 573 573 333 189 333 189 1061 762 470|0.001 -0.030590256961414708 -0.023994790745461847 -0.0034967795349394315
670 1000 2011 711 379 379 711 1153 670 1153 2011 1532 945 770|0.001 -0.08865164246251389 -0.0656457882492556 0.07275207671513906
2828 1000 2828 1406 1622 1622 1406 533 943 533 943 3000 1328 2302|0.001 -0.06846911998301897 -0.01406936932475733 -0.008372825109737025
497 333 497 354 354 189 189 1000 573 333 573 762 1061 470|0.001 -0.026591499541324115 -0.11910079617019731 0.03185660613636676
379 1153 711 2011 670 670 2011 1000 379 1153 711 945 1532 770|0.001 -0.054309623616507485 -0.07855748897416026 0.06592920704773464
3041 1875 2637 1768 1768 5303 5303 1000 3041 1875 2637 3708 2031 4316|0.001 -0.08347275566684131 -0.08882398899440536 0.001770529162004042
566 1000 566 1492 1492 1720 1720 3000 1061 3000 1061 1149 2286 2098|0.001 -0.34762225829297444 -0.05260944935746914 -0.03962543335512492
2011 1000 670 379 711 711 379 1153 2011 1153 670 1532 1406 2133|0.001 -0.049756667737731464 -0.12616214103118306 -0.055743639648964116
1250 1000 1250 1395 1865 1865 1395 1875 3750 1875 3750 1601 2665 2857|0.001 -0.11895094826452013 -0.06853109108726607 0.0036292613322697065
1344 1337 717 896 2689 2689 896 1000 1344 1337 717 1911 1847 3006|0.001 -0.10646948518688304 -0.05353215094378583 -0.20423157029411
1116 3000 1116 800 800 1500 1500 1000 1492 3000 1492 2060 1281 2132|0.001 -0.11827011864954828 -0.06819945487902324 -0.005677482426695857
800 1000 800 1492 1492 1116 1116 3000 1500 3000 1500 1281 2286 1151|0.001 -0.0729255109488891 -0.1088093801589507 0.01992297040069868
2011 1000 670 536 1006 1006 536 748 2011 748 670 1532 772 2249|0.001 -0.05734391336586375 -0.12226843091440731 -0.056529583916502535
1395 1875 1865 1250 1250 3750 3750 1000 1395 1875 1865 1439 1601 2575|0.001 -0.06608648248679239 -0.10629770108686265 0.014221012057222815
1250 1000 1250 1865 1395 1395 1865 1875 3750 1875 3750 1601 1439 2575|0.001 -0.06353683494060514 -0.08112980063834985 -0.007394137874581208
1492 3000 1492 800 800 1500 1500 1000 1116 3000 1116 2286 1281 1151|0.001 -0.11551210327732209 -0.0628738175952881 -0.005861024988152996
1006 748 536 670 2011 2011 670 1000 1006 748 536 772 1532 2249|0.001 -0.08560544931634051 -0.07823980047898749 -0.1692186509092264
800 1000 800 1116 1116 1492 1492 3000 1500 3000 1500 1281 2060 2132|0.001 -0.1302177717975428 -0.1125948178591174 0.0025986598052774035
1865 1875 1395 1250 1250 3750 3750 1000 1865 1875 1395 2665 1601 2857|0.001 -0.08187803621819811 -0.08604025305799512 0.02168048929615196
2689 1000 896 717 1344 1344 717 1337 2689 1337 896 1847 1911 3006|0.001 -0.06152507201366397 -0.11644027315016348 -0.053440134520236215
896 1000 2689 1344 717 717 1344 1337 896 1337 2689 1847 1032 1148|0.001 -0.07749113949787945 -0.10977218941965461 0.05097574042842279
994 533 744 2000 2000 667 667 1000 994 533 744 767 2236 1524|0.001 -0.09369825623083416 -0.0816247885032717 -0.01881221542349265
500 1000 500 372 372 497 497 333 267 333 267 1118 687 384|0.001 -0.048508832608206154 -0.025436444903965683 -0.01836936355689489
536 748 1006 2011 670 670 2011 1000 536 748 1006 1429 1532 859|0.001 -0.052586050036229626 -0.11506878184242564 0.04750703877422158
497 333 497 500 500 267 267 1000 372 333 372 762 1118 711|0.001 -0.057512745034864476 -0.05867065415796291 0.0012029023471082922
2000 1000 2000 994 744 744 994 533 667 533 667 2236 1421 1374|0.001 -0.05601275244380921 -0.015522488650071553 -0.01966865859784006
670 1000 2011 1006 536 536 1006 748 670 748 2011 1532 1429 859|0.001 -0.0780941790065004 -0.0298380483988836 0.015111110926895321
500 1000 500 497 497 372 372 333 267 333 267 1118 762 711|0.001 -0.008486376673106921 -0.0921304479972973 0.016871033062737517
744 533 994 2000 2000 667 667 1000 744 533 994 1421 2236 1374|0.001 -0.093319587856876 -0.07187611593205911 -0.02391636347166215
717 1337 1344 2689 896 896 2689 1000 717 1337 1344 1032 1847 1148|0.001 -0.04831776702815871 -0.1057406062060684 0.04925090099055396
372 333 372 500 500 267 267 1000 497 333 497 687 1118 384|0.001 -0.06056916264252976 -0.05606682151713227 0.00021500382242800598
2000 1000 2000 744 994 994 744 533 667 533 667 2236 767 1524|0.001 -0.05962178519683947 -0.036458433851153105 -0.022785060281572678
2200 1000 2200 1116 1116 1116 1116 3000 1500 3000 1500 2417 2060 2132|0.001 -0.26913005440473814 -0.08955047216552714 -0.031197354292878954
2689 1000 896 1972 1344 1344 1972 1000 2689 1000 896 1847 1911 3006|0.001 0.01552222647878132 -0.1768117054259588 0.04489596079670921
507 682 507 455 455 1364 1364 1000 507 682 507 969 1098 937|0.001 -0.06317460771642525 -0.09725835431742214 0.022124052837446673
455 1000 455 507 507 507 507 682 1364 682 1364 1098 969 937|0.001 -0.03778362998252294 -0.1052188912619445 0.02850923927799842
1344 1000 1972 896 2689 2689 896 1000 1344 1000 1972 1911 1847 3006|0.001 -0.09607455639089046 -0.0854684418586027 -0.181881079274534
1116 3000 1116 2200 2200 1500 1500 1000 1116 3000 1116 2060 2417 2132|0.001 -0.1736782381840285 0.009668125531610006 -0.04998263636017963
2200 1000 2200 1116 1116 1116 1116 3000 1500 3000 1500 2417 2060 2132|0.001 -0.1999944631106909 -0.10709709560439706 0.03298960798431061
507 682 507 455 455 1364 1364 1000 507 682 507 969 1098 937|0.001 -0.09145936878930283 -0.0603479713650068 0.007207441438243922
2689 1000 896 1972 1344 1344 1972 1000 2689 1000 896 1847 1911 3006|0.001 0.017866893643192494 -0.16483533364667902 0.03518551716103824
455 1000 455 507 507 507 507 682 1364 682 1364 1098 969 937|0.001 -0.03500510517049582 -0.09934133930100786 -0.0006523888368337172
1116 3000 1116 2200 2200 1500 1500 1000 1116 3000 1116 2060 2417 2132|0.001 -0.16378266356799065 0.016522239924670057 -0.04551962825928735
1344 1000 1972 896 2689 2689 896 1000 1344 1000 1972 1911 1847 3006|0.001 -0.0858441576112523 -0.08604321969618245 -0.15606409903623386
372 333 372 500 500 733 733 1000 372 333 372 687 1118 711|0.001 -0.07747030361531126 -0.08432320935561566 0.016294640591831833
2000 1000 2000 744 744 744 744 1467 667 1467 667 2236 1421 1374|0.001 -0.1352848938630491 -0.07541846260643248 0.010027107510366395
896 1000 2689 1344 1972 1972 1344 1000 896 1000 2689 1847 1911 2166|0.001 -0.04069388701323451 -0.07857548149798 -0.0036395432413627304
500 1000 500 372 372 372 372 333 733 333 733 1118 687 711|0.001 -0.03770509601966232 -0.029591615023968343 0.0010037557450104373
2000 1000 2000 744 744 744 744 1467 667 1467 667 2236 1421 1374|0.001 -0.2220127551311335 -0.0161289384086305 -0.02717675863473712
372 333 372 500 500 733 733 1000 372 333 372 687 1118 711|0.001 -0.03306681372868159 -0.08405925112304202 0.018783075704764673
896 1000 2689 1344 1972 1972 1344 1000 896 1000 2689 1847 1911 2166|0.001 -0.13028638702763717 -0.027525186360126686 -0.10514863476180358
500 1000 500 372 372 372 372 333 733 333 733 1118 687 711|0.001 -0.03053439258289492 -0.012728406798142577 -0.004749888773858402
3000 1000 3000 566 566 566 566 200 3000 200 3000 3162 721 3053|0.001 -0.006966568168248477 -0.03510132349309747 0.004249421933448794
354 1000 1768 5303 5303 5303 5303 1000 354 1000 1768 1275 5397 5315|0.001 -0.10280533353684507 -0.052717801259054564 0.00971392937657578
333 1000 333 189 189 189 189 1000 67 1000 67 1054 1018 240|0.001 -0.12708534867182486 -0.050250139730153576 -0.025799495446340304
566 200 566 3000 3000 3000 3000 1000 566 200 566 721 3162 3053|0.001 -0.032540920187217326 -0.13257527854658724 0.0546941956218161
3000 1000 3000 566 566 566 566 200 3000 200 3000 3162 721 3053|0.001 -0.0066447136423108955 -0.03455004532705086 0.0021057942397684215
354 1000 1768 5303 5303 5303 5303 1000 354 1000 1768 1275 5397 5315|0.001 -0.08616050388714602 -0.06304714919741383 -0.0057906363216020384
333 1000 333 189 189 189 189 1000 67 1000 67 1054 1018 240|0.001 -0.06446706800694146 -0.07670899356595928 -0.0030533237806473768
566 200 566 3000 3000 3000 3000 1000 566 200 566 721 3162 3053|0.001 -0.09435639347114 -0.062049459006355834 -0.031015334488367907
5303 1000 5303 354 1768 1768 354 1000 5303 1000 5303 5397 1275 5590|0.001 -0.08295373747615686 -0.07950901679043221 -0.3562660092698311
2828 5000 2828 15000 15000 15000 15000 1000 2828 5000 2828 3606 15033 15264|0.001 -0.16154149828702336 0.015543815518068715 -0.02146685408024762
67 1000 67 189 189 189 189 1000 333 1000 333 1002 1018 240|0.001 -0.03059493622952547 -0.04185096283836787 -0.0006612324870913788
1768 1000 354 5303 5303 5303 5303 1000 1768 1000 354 1275 5397 5590|0.001 0.015837370720519495 -0.16448382900846825 0.022366102101276653
189 1000 189 67 67 333 333 1000 189 1000 189 1018 1002 240|0.001 -0.07396932030669712 -0.10312818669515944 0.029182563471625844
15000 1000 15000 2828 2828 2828 2828 5000 15000 5000 15000 15033 3606 15264|0.001 -0.37200558098726355 -0.11401361036461721 0.001868710939614271
5303 1000 5303 354 1768 1768 354 1000 5303 1000 5303 5397 1275 5590|0.001 -0.0861538130945827 -0.10109943331002347 -0.3447480655336721
67 1000 67 189 189 189 189 1000 333 1000 333 1002 1018 240|0.001 -0.03464813804578193 -0.03483200738957137 -0.0036295583786116747
2828 5000 2828 15000 15000 15000 15000 1000 2828 5000 2828 3606 15033 15264|0.001 -0.16610315970287948 0.015157312055689154 -0.022274570078397726
1768 1000 354 5303 5303 5303 5303 1000 1768 1000 354 1275 5397 5590|0.001 0.013757722695195707 -0.166918867716771 0.022378527469784082
189 1000 189 67 67 333 333 1000 189 1000 189 1018 1002 240|0.001 -0.0860189710557413 -0.075784283997411 0.03253001593989113
15000 1000 15000 2828 2828 2828 2828 5000 15000 5000 15000 15033 3606 15264|0.001 -0.5136878482570106 -0.04868219855051481 -0.012691648143016154
1875 1000 1875 1061 566 566 1061 738 1875 738 1875 2125 1456 1958|0.001 -0.03697708149790424 -0.05214603986683941 0.03480580372087205
696 533 943 1768 1768 1768 1768 1000 696 533 943 1373 2031 1900|0.001 -0.0011332200343472376 -0.1650738349007519 0.06101877789069121
566 1000 566 533 533 394 394 1000 302 1000 302 1149 1133 777|0.001 -0.03216273036501072 -0.10219106795243293 0.01904326460096195
533 1000 533 302 302 566 566 1000 394 1000 394 1133 1045 422|0.001 -0.0423782835740949 -0.1093178710057352 -0.008986197150049335
3315 1000 3315 1768 1305 1305 1768 1875 3315 1875 3315 3462 1398 3562|0.001 -0.03958125460297168 -0.16230812630193547 0.044824201195801106
1061 738 566 1875 1875 1875 1875 1000 1061 738 566 791 2125 2154|0.001 -0.024741892057131842 -0.14392031258521398 0.01746785272195961
1875 1000 1875 566 1061 1061 566 738 1875 738 1875 2125 791 2154|0.001 -0.07025040111560465 -0.0779009558518362 -0.061130748577041816
302 1000 302 533 533 394 394 1000 566 1000 566 1045 1133 422|0.001 -0.07034097984019216 -0.06801452644531358 -0.01869901306065236
1305 1875 1768 3315 3315 3315 3315 1000 1305 1875 1768 1398 3462 3562|0.001 -0.09630891283195608 -0.08134744682527173 0.0033457737181041836
533 1000 533 566 566 302 302 1000 394 1000 394 1133 1149 777|0.001 -0.07219333120633276 -0.06273249663676372 -0.011414070726357695
566 738 1061 1875 1875 1875 1875 1000 566 738 1061 1456 2125 1958|0.001 -0.07397658743158231 -0.06533495114240284 -0.022271951499800435
1768 1000 1768 943 696 696 943 533 1768 533 1768 2031 1373 1900|0.001 -0.062238897172324226 -0.029321312021381996 0.0034392595745891263
1768 1000 1768 696 943 943 696 533 1768 533 1768 2031 745 2003|0.001 -0.056840296398716905 -0.051918153692945834 -0.02123342306798781
766 1355 1437 2540 2540 2540 2540 1000 766 1355 1437 1071 2730 2653|0.001 -0.038285568178131335 -0.0943346416491253 0.030895973120435016
394 1000 394 566 566 302 302 1000 533 1000 533 1075 1149 422|0.001 -0.10336822220435748 -0.053571260063427495 -0.023875537538528002
1768 1875 1305 3315 3315 3315 3315 1000 1768 1875 1305 2574 3462 3757|0.001 -0.11949670370006271 -0.01767843474977715 -0.0020258387466476346
302 1000 302 394 394 533 533 1000 566 1000 566 1045 1075 777|0.001 -0.0806765515600516 -0.11057949486834362 0.01738487703122793
2540 1000 2540 766 1437 1437 766 1355 2540 1355 2540 2730 1972 2918|0.001 -0.07920639737581503 -0.04868589671134016 -0.05923369023416947
3315 1000 3315 1305 1768 1768 1305 1875 3315 1875 3315 3462 2574 3757|0.001 -0.10528288854321666 -0.0802644395536134 -0.009229787780093979
394 1000 394 302 302 566 566 1000 533 1000 533 1075 1045 777|0.001 -0.012900154776587236 -0.09837755936396575 0.01823712642856634
1437 1355 766 2540 2540 2540 2540 1000 1437 1355 766 1972 2730 2918|0.001 -0.042687820289615264 -0.12138283566618058 -0.011152341883784445
943 533 696 1768 1768 1768 1768 1000 943 533 696 745 2031 2003|0.001 -0.15374970484213435 0.01800975659650428 -0.05038461482382073
566 1000 566 394 394 533 533 1000 302 1000 302 1149 1075 422|0.001 -0.06148963456997891 -0.0933643551526886 0.009894737074684912
2540 1000 2540 1437 766 766 1437 1355 2540 1355 2540 2730 1071 2653|0.001 -0.03532748136523711 -0.04995198803578016 0.034238318741375284
1000 1000 1000 2000 2000 2000 2000 1000 1000 1000 1000 1414 2236 2236|0.001 -0.1105901937283782 -0.055439543189397256 -0.02231641056216871
500 1000 500 500 500 500 500 1000 500 1000 500 1118 1118 707|0.001 -0.0832294412553336 -0.10097886870085504 0.013975414120863672
2000 1000 2000 1000 1000 1000 1000 1000 2000 1000 2000 2236 1414 2236|0.001 -0.017039684614318373 -0.09930357286783265 0.021472173209851064
1000 1000 1000 2000 2000 2000 2000 1000 1000 1000 1000 1414 2236 2236|0.001 -0.011026800196298758 -0.16320182985104847 0.05934298442877184
500 1000 500 500 500 500 500 1000 500 1000 500 1118 1118 707|0.001 -0.11831304777336182 -0.0456385332531839 0.0010410352230016962
2000 1000 2000 1000 1000 1000 1000 1000 2000 1000 2000 2236 1414 2236|0.001 -0.05713933799727844 -0.054643076364561116 0.006132328713872592
1000 1000 1000 2000 2000 2000 2000 1000 1000 1000 1000 1414 2236 2236|0.001 -0.06266983294447082 -0.10119914823011 0.013679487446680572
2000 1000 2000 1000 1000 1000 1000 1000 2000 1000 2000 2236 1414 2236|0.001 -0.03529603463410802 -0.12811655029262625 0.04055019898702161
500 1000 500 500 500 500 500 1000 500 1000 500 1118 1118 707|0.001 -0.027354321019489314 -0.12792602407357245 0.041973918348912065
1000 1000 1000 2000 2000 2000 2000 1000 1000 1000 1000 1414 2236 2236|0.001 -0.12199822184379872 -0.035940197669981355 -0.03339917737386067
2000 1000 2000 1000 1000 1000 1000 1000 2000 1000 2000 2236 1414 2236|0.001 -0.11603637542176193 -0.040598974950030176 -0.021085031138524668
500 1000 500 500 500 500 500 1000 500 1000 500 1118 1118 707|0.001 -0.08801461944836553 -0.024150216968167326 -0.010718403441638547
500 1000 500 500 500 500 500 1000 500 1000 500 1118 1118 707|0.001 -0.08882039788357776 -0.04741169717484395 -0.009227288822064583
2000 1000 2000 1000 1000 1000 1000 1000 2000 1000 2000 2236 1414 2236|0.001 -0.11835777736961983 -0.02647905227889269 -0.011480223902777809
1000 1000 1000 2000 2000 2000 2000 1000 1000 1000 1000 1414 2236 2236|0.001 -0.06650576476283088 -0.11742469865770433 0.024505226260000956
500 1000 500 500 500 500 500 1000 500 1000 500 1118 1118 707|0.001 -0.14740504757014383 0.006069465278044639 -0.048975210560092686
2000 1000 2000 1000 1000 1000 1000 1000 2000 1000 2000 2236 1414 2236|0.001 -0.009681787132455044 -0.15899980333768826 0.04367100702164395
1000 1000 1000 2000 2000 2000 2000 1000 1000 1000 1000 1414 2236 2236|0.001 -0.006588711777550937 -0.1459642847037157 0.02653399163358161
500 1000 500 500 500 500 500 1000 500 1000 500 1118 1118 707|0.001 -0.06974542438945797 -0.025291285500701477 0.0009476038957889621
1000 1000 1000 2000 2000 2000 2000 1000 1000 1000 1000 1414 2236 2236|0.001 -0.057405669171649576 -0.08814300580567758 0.02707802914596824
2000 1000 2000 1000 1000 1000 1000 1000 2000 1000 2000 2236 1414 2236|0.001 -0.09197501622985715 -0.027604668185384762 -0.024581128999741075
500 1000 500 500 500 500 500 1000 500 1000 500 1118 1118 707|0.001 -0.03691496058563115 -0.14141062226002754 0.0394618035166161
2000 1000 2000 1000 1000 1000 1000 1000 2000 1000 2000 2236 1414 2236|0.001 -0.05079058311536766 -0.11612922770927625 -0.00404675221355566
1000 1000 1000 2000 2000 2000 2000 1000 1000 1000 1000 1414 2236 2236|0.001 -0.010703603520831884 -0.08805913301777157 0.021797801439586983
566 1000 566 566 566 521 521 200 106 200 106 1149 721 625|0.001 -0.0051101924690677425 -0.08275863972008857 0.008296281797919303
1886 1000 1886 5333 4910 4910 5333 5333 9428 5333 9428 2134 5333 6472|0.001 -0.10183235678314695 -0.1574096824711546 0.025970076174237633
530 1000 530 2828 2828 2604 2604 5000 2828 5000 2828 1132 3606 2828|0.001 -0.5189691057003054 -0.02054328863227095 -0.01618104925163899
1768 1000 1768 1000 921 921 1000 187 354 187 354 2031 1106 1214|0.001 -0.004371599235474255 -0.1064457292693588 0.0005569348246470263
1768 1000 1768 921 1000 1000 921 187 354 187 354 2031 1000 1275|0.001 -0.007545357343995418 -0.08941799436896325 0.01297667551065862
530 1000 530 2604 2604 2828 2828 5000 2828 5000 2828 1132 3432 3127|0.001 -0.008071896072123774 -0.11673834544074002 0.020996332039653343
1886 1000 1886 4910 5333 5333 4910 5333 9428 5333 9428 2134 5897 6799|0.001 -0.3832316860952245 -0.018672999157732795 -0.013275457667016877
566 1000 566 521 521 566 566 200 106 200 106 1149 686 566|0.001 -0.024226738499728562 -0.012506921668757887 -0.007828648956326179
67 1104 533 1000 1000 1000 1000 1000 67 1104 533 1002 1414 1002|0.001 -0.05184315977459497 -0.07207677010810709 -0.008257455317861595
2069 125 1875 1875 1875 1875 1875 1000 2069 125 1875 1879 2125 2792|0.001 -0.0893983267100873 -0.007457076917027905 -0.012391729137256613
533 1000 533 1000 1000 1104 1104 1000 67 1000 67 1133 1414 1002|0.001 -0.04414781981522786 -0.05164110506124309 -0.00029119315153036673
1000 1000 1000 67 67 533 533 1000 1104 1000 1104 1414 1002 1133|0.001 -0.07777268633671008 -0.09315913965905365 -8.295853645035045e-05
15000 1000 15000 15000 16553 16553 15000 8000 15000 8000 15000 15033 17000 22338|0.001 -0.369247603127667 -0.1077437276787574 -0.015338082198568248
1000 1000 1000 67 533 533 67 1104 1000 1104 1000 1414 1133 1133|0.001 -0.09818591862479131 -0.07676563608568387 -0.7259900884798609
1875 125 2069 1875 1875 1875 1875 1000 1875 125 2069 2125 2125 2652|0.001 -0.10863614890931239 -0.020594209616342507 -0.019146970623183934
533 1000 533 1104 1104 1000 1000 1000 67 1000 67 1133 1489 1133|0.001 -0.0606008143574599 -0.09107870254434158 -0.0037589154167605443
60 906 483 906 906 906 906 1000 60 906 483 1027 1350 908|0.001 -0.11828821070540063 -0.03163175387747352 -0.028625445073439115
906 1000 906 60 483 483 60 906 906 906 906 1350 908 1027|0.001 -0.0848811976791275 -0.08145836882430424 -0.6281865504553308
15000 1000 15000 16553 15000 15000 16553 8000 15000 8000 15000 15033 15033 21213|0.001 -0.6332215632047977 -0.09214005941682424 0.019856930825563612
1104 1000 1104 67 67 533 533 1000 1000 1000 1000 1489 1002 1002|0.001 -0.07304541849851964 -0.10286994292337037 0.039579805920866296
7300 1875 6960 1886 1886 14142 14142 1000 7300 1875 6960 7792 2134 8942|0.001 -0.09076381054092142 -0.09020367098135251 0.008216814929555838
530 1000 530 3691 3691 3872 3872 7500 994 7500 994 1132 4596 4132|0.001 -0.44485647477722323 -0.0862703567888734 0.015634870531942013
492 133 492 133 133 71 71 1000 516 133 516 613 1009 473|0.001 -0.06955184000627779 -0.060821355533720034 0.014503933748322151
7542 1000 7542 3712 3893 3893 3712 533 1006 533 1006 7608 3569 4769|0.001 -0.030491502783207558 -0.08906266211681224 0.01923278973308795
271 1000 2032 269 144 144 269 1049 271 1049 2032 1245 961 307|0.001 -0.052155211018042325 -0.04971880285374097 0.023903194933245775
133 1000 133 492 492 516 516 133 71 133 71 1009 613 473|0.001 -0.005534946388214834 -0.059652106311516295 0.008289691555887213
269 1049 144 271 2032 2032 271 1000 269 1049 144 1119 1245 2050|0.001 -0.09832707234381122 -0.07457980057882674 -0.6703060374792447
1886 1000 1886 6960 7300 7300 6960 1875 14142 1875 14142 2134 7792 8942|0.001 -0.11150384554902804 -0.023702140522456894 -0.013301089435335811
1886 1000 1886 7300 6960 6960 7300 1875 14142 1875 14142 2134 6692 8667|0.001 -0.12083280988489209 -0.04419767072153302 -0.01973955412639561
257 953 137 258 1937 1937 258 1000 257 953 137 917 1225 1954|0.001 -0.10294939003133496 -0.06604804449830248 -0.687261732785599
133 1000 133 516 516 492 492 133 71 133 71 1009 632 551|0.001 -0.006132774586663503 -0.05677527449370667 0.0051031842534299265
258 1000 1937 257 137 137 257 953 258 953 1937 1225 1067 292|0.001 -0.0928490085274758 -0.07365121172794864 0.07552083237513996
7542 1000 7542 3893 3712 3712 3893 533 1006 533 1006 7608 4156 4622|0.001 -0.07062891821223549 -0.02641690069538183 -0.0023907897632136077
516 133 516 133 133 71 71 1000 492 133 492 632 1009 551|0.001 -0.0684402221424052 -0.018409299448953753 -0.020749766048702156
6960 1875 7300 1886 1886 14142 14142 1000 6960 1875 7300 6692 2134 8667|0.001 -0.07199233398615834 -0.1138191606243022 -3.7538110874146824e-05
530 1000 530 3872 3872 3691 3691 7500 994 7500 994 1132 4742 3549|0.001 -0.6857659973925845 -0.0527274060495353 -0.00981496517383662
1699 1000 1699 1875 1922 1922 1875 1875 5097 1875 5097 1972 2403 3515|0.001 -0.12114410040031665 -0.04710632450383723 0.004974719037069697
1000 1025 533 906 2719 2719 906 1000 1000 1025 533 1282 1861 2897|0.001 -0.12037601862458724 -0.02762790788121805 -0.25273550533137623
1104 3000 1104 589 589 1104 1104 1000 1131 3000 1131 2054 1160 1414|0.001 -0.10293875062376112 -0.05370939866223945 0.00636287404874647
589 1000 589 1131 1131 1104 1104 3000 1104 3000 1104 1160 2069 1340|0.001 -0.18748009140248767 -0.08552241662865168 -0.00036775150467516227
2652 1000 884 520 975 975 520 975 2652 975 884 1829 1185 2826|0.001 -0.053441853744042866 -0.12530813836414634 -0.05630205352195938
1875 1875 1922 1699 1699 5097 5097 1000 1875 1875 1922 2277 1972 3489|0.001 -0.07113144592758691 -0.10008915628553994 0.03281753150867761
1699 1000 1699 1922 1875 1875 1922 1875 5097 1875 5097 1972 2277 3489|0.001 -0.13475407958828733 -0.08337183026051687 -0.016755309840406074
1131 3000 1131 589 589 1104 1104 1000 1104 3000 1104 2069 1160 1340|0.001 -0.128449892062934 -0.04415713322209913 0.011355908127637093
975 975 520 884 2652 2652 884 1000 975 975 520 1185 1829 2826|0.001 -0.08470974686788924 -0.021397214880776172 -0.18969626106419724
589 1000 589 1104 1104 1131 1131 3000 1104 3000 1104 1160 2054 1414|0.001 -0.040931446813631256 -0.11575026033091462 0.00840624406259538
1922 1875 1875 1699 1699 5097 5097 1000 1922 1875 1875 2403 1972 3515|0.001 -0.07038746481139224 -0.09400628406870726 0.0009738479735110772
2719 1000 906 533 1000 1000 533 1025 2719 1025 906 1861 1282 2897|0.001 -0.06437008830523783 -0.10555372690865039 -0.05392329156472808
906 1000 2719 1000 533 533 1000 1025 906 1025 2719 1861 1215 1051|0.001 -0.016296999986771254 -0.08585435532837749 0.03221843547905445
1025 533 1000 2719 2719 906 906 1000 1025 533 1000 1215 2897 1875|0.001 -0.11976556015622308 -0.037884208654951346 -0.005658865385207434
368 1000 368 368 368 377 377 333 196 333 196 1066 685 447|0.001 -0.020637952977129448 -0.09713966037586896 0.008875521492650584
520 975 975 2652 884 884 2652 1000 520 975 975 1250 1829 1026|0.001 -0.06242303929941073 -0.11081802768335147 0.04866794564514443
377 333 377 368 368 196 196 1000 368 333 368 690 1066 471|0.001 -0.051904796957837895 -0.11859591032106986 -0.0033581980524599597
2719 1000 2719 1025 1000 1000 1025 533 906 533 906 2897 1282 1861|0.001 -0.029974044849664372 -0.05726044727570545 0.01195217082286204
884 1000 2652 975 520 520 975 975 884 975 2652 1829 1250 1026|0.001 -0.017543299165962978 -0.07516263116050914 0.03945674758835116
368 1000 368 377 377 368 368 333 196 333 196 1066 690 471|0.001 -0.04671075565968241 -0.03282086402558115 -0.025461867854607023
1000 533 1025 2719 2719 906 906 1000 1000 533 1025 1282 2897 1861|0.001 -0.11192009887362908 -0.0693648892543175 -0.015795801128745124
533 1025 1000 2719 906 906 2719 1000 533 1025 1000 1215 1861 1051|0.001 -0.09640051451683007 -0.08670467026191564 0.08179699658167339
368 333 368 368 368 196 196 1000 377 333 377 685 1066 447|0.001 -0.04930507996448341 -0.10165809322592145 -0.008218797760094487
2719 1000 2719 1000 1025 1025 1000 533 906 533 906 2897 1215 1875|0.001 -0.0355312327706514 -0.10052100285755872 -0.006400910172418284
384 1000 1920 2142 1487 1487 2142 1875 2880 1875 5760 1318 1169 1821|0.001 -0.06611508050388126 -0.06995973541035205 -0.008266056598486005
2604 5000 2604 3872 3872 5579 5579 7500 4883 15000 4883 3432 4742 7892|0.001 -0.8393486637065173 -0.021145062068980147 -0.007441674166857037
2142 1875 1487 384 1920 5760 2880 1000 2142 1875 1487 3031 1318 3956|0.001 -0.09625454085850693 -0.08553299409565396 -0.35550815074678055
3872 7500 3872 2604 2604 4883 4883 5000 5579 15000 5579 4742 3432 7892|0.001 -0.5948225737724422 -0.04213999024798465 0.010251694074878692
1261 1441 673 258 1937 3874 1291 1000 1261 1441 673 2038 1225 3016|0.001 -0.09943006576602853 -0.08779439749715512 -0.6767411159898185
521 200 521 1116 1116 774 774 3000 977 1500 977 686 2060 609|0.001 -0.27810430349001325 -0.032884084974329486 -0.020055226025311734
2689 1000 896 467 875 875 467 694 1344 694 179 1847 546 2093|0.001 -0.037046621687095715 -0.12010533981836491 -0.04044393723904083
896 1000 2689 875 467 467 875 694 179 694 1344 1847 1415 615|0.001 -0.014951464266178549 -0.08661378484817073 0.01191220322529718
326 500 326 372 372 258 258 333 174 67 174 778 687 526|0.001 -0.02880295781082509 -0.024891294492495053 -0.005966331672181413
673 1441 1261 1937 258 1291 3874 1000 673 1441 1261 786 1225 887|0.001 -0.026583948672933566 -0.1375441337308858 0.062113714538396536
516 133 516 651 651 347 347 2000 744 667 744 632 1557 406|0.001 -0.19836874285055206 -0.0244187372257354 -0.003014814166987234
3072 1000 1536 793 1143 1143 793 533 1024 533 205 2391 623 2110|0.001 -0.004001676245425356 -0.11260876166262368 0.0018612426886499556
258 1000 1937 1261 673 673 1261 1441 1291 1441 3874 1225 786 887|0.001 -0.07444211677008039 -0.05859462125248682 0.006872783761409096
1143 533 793 1536 3072 1024 205 1000 1143 533 793 623 2391 2110|0.001 -0.1084337873359209 -0.07781250293726116 -0.12237791372323059
372 333 372 326 326 174 174 500 258 67 258 687 778 526|0.001 -0.013618459058795107 -0.07287572576127777 0.010897640916616158
1536 1000 3072 1143 793 793 1143 533 205 533 1024 2391 1616 971|0.001 -0.07783722442757712 -0.04186069060521436 -0.028176008308563594
812 1000 812 651 651 651 651 2000 1000 2000 1000 1288 1557 1112|0.001 -0.1522015082168371 -0.06425703056491039 0.017331336290662414
3072 1000 1536 1248 1536 1536 1248 1000 3072 1000 1536 2391 1708 3435|0.001 -0.047269953969457656 -0.07893104446299426 -0.0020258909011572346
801 1231 801 1231 1231 2462 2462 1000 801 1231 801 1368 1586 1916|0.001 -0.013451554761263473 -0.11381551454103578 0.026190095329088336
1231 1000 1231 801 801 801 801 1231 2462 1231 2462 1586 1368 1916|0.001 -0.09533805975951548 -0.0973695286460019 0.011030845997492822
1536 1000 1248 1536 3072 3072 1536 1000 1536 1000 1248 1708 2391 3435|0.001 -0.13794705601253843 -0.03648201873478696 -0.16729936799221412
651 2000 651 812 812 1000 1000 1000 651 2000 651 1557 1288 1112|0.001 -0.13028351967164564 -0.015817602501315697 -0.0035054657291944125
812 1000 812 651 651 651 651 2000 1000 2000 1000 1288 1557 1112|0.001 -0.28670813062363076 -0.010381385276642119 -0.049787289957241576
801 1231 801 1231 1231 2462 2462 1000 801 1231 801 1368 1586 1916|0.001 -0.0756208635915867 -0.0909025751915693 -0.0296500014699419
3072 1000 1536 1248 1536 1536 1248 1000 3072 1000 1536 2391 1708 3435|0.001 -0.040887876451438654 -0.07271190205042521 -0.004741560315714155
1231 1000 1231 801 801 801 801 1231 2462 1231 2462 1586 1368 1916|0.001 -0.05268598018755011 -0.04623659344161646 -0.0013358104564498152
651 2000 651 812 812 1000 1000 1000 651 2000 651 1557 1288 1112|0.001 -0.08146330623366782 -0.060195750173878126 0.010455176880974637
1536 1000 1248 1536 3072 3072 1536 1000 1536 1000 1248 1708 2391 3435|0.001 -0.08907218781230353 -0.04876085571283495 -0.10986024820545004
1248 1000 1536 3072 1536 1536 3072 1000 1248 1000 1536 1708 2391 1979|0.001 -0.008627169553664382 -0.12147134670061122 0.010440756554606079
326 500 326 500 500 406 406 1000 326 500 326 778 1118 556|0.001 -0.08981401846228532 -0.03293901893160367 -0.0393999311052029
2000 1000 2000 651 651 651 651 812 1000 812 1000 2236 1112 1557|0.001 -0.10126632421136539 -0.01998924887706477 -0.0373572927872734
1536 1000 3072 1536 1248 1248 1536 1000 1536 1000 3072 2391 1708 1979|0.001 -0.030996061350586634 -0.09204473313959904 0.044229196481708755
651 812 651 2000 2000 1000 1000 1000 651 812 651 1112 2236 1557|0.001 -0.09938678504659904 -0.03484079853865785 -0.00808911796134737
500 1000 500 326 326 326 326 500 406 500 406 1118 778 556|0.001 -0.07404160334856358 -0.01423254526277451 -0.027672322459162402
1248 1000 1536 3072 1536 1536 3072 1000 1248 1000 1536 1708 2391 1979|0.001 -0.0034433830247737607 -0.10700760210713645 0.02238344780673529
2000 1000 2000 651 651 651 651 812 1000 812 1000 2236 1112 1557|0.001 0.005859791360161015 -0.12290702011341637 0.02684008005110039
326 500 326 500 500 406 406 1000 326 500 326 778 1118 556|0.001 -0.07315283770545022 -0.03444508121347778 -0.024175756909644575
1536 1000 3072 1536 1248 1248 1536 1000 1536 1000 3072 2391 1708 1979|0.001 -0.13368648751002632 -0.031409988331461136 -0.023257815996461373
651 812 651 2000 2000 1000 1000 1000 651 812 651 1112 2236 1557|0.001 -0.0653301879649626 -0.08886159830808538 -0.0029091870992603575
500 1000 500 326 326 326 326 500 406 500 406 1118 778 556|0.001 -0.05778721523579056 -0.029920262440744638 0.0030140517421006763
1000 1000 1000 133 133 133 133 1000 812 1000 812 1414 1009 911|0.001 -0.08621993734813205 -0.016301667118470142 -0.011597375728127357
7542 1000 7542 7542 6128 6128 7542 1000 7542 1000 7542 7608 6872 9718|0.001 -0.07689968773331168 -0.0330702881024969 0.00815839869012569
133 812 133 1000 1000 1000 1000 1000 133 812 133 911 1414 1009|0.001 -0.07819153447762739 -0.08566036548078859 0.00935341843109283
1000 1000 1000 133 133 133 133 812 1000 812 1000 1414 911 1009|0.001 -0.043307497401652295 -0.09062670317195098 -0.008122873970810573
6128 1000 7542 7542 7542 7542 7542 1000 6128 1000 7542 6872 7608 9718|0.001 -0.13987058406985442 -0.016665147627433763 -0.0422860545027115
133 1000 133 1000 1000 812 812 1000 133 1000 133 1009 1414 911|0.001 -0.11231433996999662 0.001872129766655739 -0.020398372472826276
1000 1000 1000 133 133 133 133 1000 812 1000 812 1414 1009 911|0.001 -0.0832842018064972 -0.04999323370846853 -0.010465637908434466
133 812 133 1000 1000 1000 1000 1000 133 812 133 911 1414 1009|0.001 -0.10481625084438284 -0.018465050020757268 -0.007503567299702585
7542 1000 7542 7542 6128 6128 7542 1000 7542 1000 7542 7608 6872 9718|0.001 -0.13661641040317862 -0.02144735173131518 0.0004233217484306273
1000 1000 1000 133 133 133 133 812 1000 812 1000 1414 911 1009|0.001 -0.0731824193357633 -0.05539867718681868 -0.003538664672880776
133 1000 133 1000 1000 812 812 1000 133 1000 133 1009 1414 911|0.001 -0.09138459729719939 -0.07071768038477644 0.017891054664651573
6128 1000 7542 7542 7542 7542 7542 1000 6128 1000 7542 6872 7608 9718|0.001 -0.06988298668414994 -0.07132190379800618 -0.004636297309326132
7542 1000 6128 7542 7542 7542 7542 1000 7542 1000 6128 6872 7608 10667|0.001 -0.01556917921465506 -0.13374240521933145 0.018175921672796136
133 1000 133 812 812 1000 1000 1000 133 1000 133 1009 1288 911|0.001 -0.06146127551888814 -0.07055374922916635 -0.009151721849114391
1231 1000 1231 163 163 163 163 1231 1231 1231 1231 1586 1121 1242|0.001 -0.08148489712075935 -0.10627533607733386 0.011335873588975698
7542 1000 7542 6128 7542 7542 6128 1000 7542 1000 7542 7608 6872 10667|0.001 -0.09636254460582472 -0.00013353374329283518 -0.03636164956802079
163 1231 163 1231 1231 1231 1231 1000 163 1231 163 1121 1586 1242|0.001 -0.03810477129286727 -0.10630583470189858 0.0023714812258113227
812 1000 812 133 133 133 133 1000 1000 1000 1000 1288 1009 911|0.001 -0.03890535134798978 -0.1000347380908495 0.014915507121227023
7542 1000 6128 7542 7542 7542 7542 1000 7542 1000 6128 6872 7608 10667|0.001 -0.052608018459625594 -0.07757372784978567 0.007470576187889044
1231 1000 1231 163 163 163 163 1231 1231 1231 1231 1586 1121 1242|0.001 -0.045173352101708364 -0.0895265492873698 0.007551017105120739
133 1000 133 812 812 1000 1000 1000 133 1000 133 1009 1288 911|0.001 -0.11593027373021814 -0.017608274201205143 -0.014406116827930804
7542 1000 7542 6128 7542 7542 6128 1000 7542 1000 7542 7608 6872 10667|0.001 -0.032008022564757876 -0.11269011184846911 -0.009962276120242253
163 1231 163 1231 1231 1231 1231 1000 163 1231 163 1121 1586 1242|0.001 -0.10563421163737208 -0.012119350801343964 -0.0036017336474403194
812 1000 812 133 133 133 133 1000 1000 1000 1000 1288 1009 911|0.001 -0.0886034795337387 -0.09774440987879607 0.0012709423666090736
1305 125 1768 1768 1768 1768 1768 1000 1305 125 1768 1858 2031 2197|0.001 -0.07982764104618068 -0.040527047510577896 -0.03335447998118468
566 1000 566 1000 1000 738 738 1000 71 1000 71 1149 1414 1051|0.001 -0.11498092717160957 -0.055613966718781604 -0.014012133307681474
1000 1000 1000 71 71 566 566 1000 738 1000 738 1414 1002 721|0.001 -0.09080475239782282 -0.08594554342455041 0.037720481039122955
14142 1000 14142 14142 10440 10440 14142 8000 14142 8000 14142 14177 10198 17578|0.001 -0.7326922980158357 -0.08728697696925858 0.0011899685843275165
1000 1000 1000 71 566 566 71 738 1000 738 1000 1414 721 1149|0.001 -0.08843018377311163 -0.08050594320984206 -0.6458863970647444
71 738 566 1000 1000 1000 1000 1000 71 738 566 1051 1414 1002|0.001 -0.003122650540123839 -0.08634363789715604 0.012739077838594959
96 1355 766 1355 1355 1355 1355 1000 96 1355 766 977 1684 1358|0.001 0.0007909437470865477 -0.07718904894829182 0.012085569493314186
1355 1000 1355 96 766 766 96 1355 1355 1355 1355 1684 1424 1556|0.001 -0.08709720141935828 -0.09311425166558807 -0.6168914113806734
14142 1000 14142 10440 14142 14142 10440 8000 14142 8000 14142 14177 14866 20000|0.001 -0.9024450394120453 -0.026008034395277324 -0.00876162019328719
738 1000 738 71 71 566 566 1000 1000 1000 1000 1243 1002 1051|0.001 -0.08429078038326598 -0.08886207494680387 0.01572289322336662
1768 125 1305 1768 1768 1768 1768 1000 1768 125 1305 1275 2031 2500|0.001 -0.08106105608737701 -0.05673920488177275 -0.0008941818659635725
566 1000 566 738 738 1000 1000 1000 71 1000 71 1149 1243 721|0.001 -0.08964687508863145 -0.08647814686021382 -0.007631924152396996
1000 1000 1000 71 71 71 71 900 1000 900 1000 1414 951 1002|0.001 -0.09952659115368134 -0.04133461850141629 -0.03748191446391713
12728 1000 14142 14142 14142 14142 14142 1000 12728 1000 14142 13454 14177 19026|0.001 -0.05404092480916667 -0.09046633291846073 -0.005368092349175013
71 1000 71 1000 1000 900 900 1000 71 1000 71 1002 1414 951|0.001 -0.024317521225015737 -0.1333079053020525 0.01967166048340685
1000 1000 1000 71 71 71 71 1000 900 1000 900 1414 1002 951|0.001 -0.1277720535498572 -0.009347541883467647 -0.040391639076525765
14142 1000 14142 14142 12728 12728 14142 1000 14142 1000 14142 14177 13454 19026|0.001 -0.02365524109358641 -0.08855647371875497 0.005090470784625545
71 900 71 1000 1000 1000 1000 1000 71 900 71 951 1414 1002|0.001 -0.10188234111913608 -0.02663606636239768 -0.016514752321036275
1000 1000 1000 71 71 71 71 900 1000 900 1000 1414 951 1002|0.001 -0.05550656415877042 -0.07626331488970961 0.012013890772797353
71 1000 71 1000 1000 900 900 1000 71 1000 71 1002 1414 951|0.001 -0.04074495442962123 -0.12815720271769138 0.021404675695315678
12728 1000 14142 14142 14142 14142 14142 1000 12728 1000 14142 13454 14177 19026|0.001 -0.14660066108550085 -0.02745124685457956 -0.032894663925064904
1000 1000 1000 71 71 71 71 1000 900 1000 900 1414 1002 951|0.001 -0.053033492905595336 -0.07044831955155928 0.008967484981021734
71 900 71 1000 1000 1000 1000 1000 71 900 71 951 1414 1002|0.001 -0.09280990982350357 -0.08826631380152716 0.016910161834584603
14142 1000 14142 14142 12728 12728 14142 1000 14142 1000 14142 14177 13454 19026|0.001 -0.024401947730455786 -0.1252499754063563 0.04352417815134402
14142 1000 14142 12728 14142 14142 12728 1000 14142 1000 14142 14177 13454 20000|0.001 -0.04655857363923266 -0.1215790485978685 0.007608048958713809
79 1111 79 1111 1111 1111 1111 1000 79 1111 79 1057 1495 1114|0.001 -0.1101933356096807 -0.02089899986630117 -0.008861901077107381
900 1000 900 71 71 71 71 1000 1000 1000 1000 1345 1002 951|0.001 -0.07649196693825022 -0.010641759222624891 -0.017307143940078484
14142 1000 12728 14142 14142 14142 14142 1000 14142 1000 12728 13454 14177 20000|0.001 -0.10982417995321958 -0.020771323897209593 -0.013476029256128674
71 1000 71 900 900 1000 1000 1000 71 1000 71 1002 1345 951|0.001 -0.07890302558941187 -0.10045335637133168 0.02152091175999571
1111 1000 1111 79 79 79 79 1111 1111 1111 1111 1495 1057 1114|0.001 -0.09702831526112732 -0.0757521393891103 -0.0183284005751716
14142 1000 14142 12728 14142 14142 12728 1000 14142 1000 14142 14177 13454 20000|0.001 -0.05958327275825792 -0.0932960139242156 0.028267479992838407
900 1000 900 71 71 71 71 1000 1000 1000 1000 1345 1002 951|0.001 -0.04824054067465555 -0.10942478389291854 0.04249250945972616
79 1111 79 1111 1111 1111 1111 1000 79 1111 79 1057 1495 1114|0.001 -0.08310255052309423 -0.10336090345681725 0.017695775139769943
14142 1000 12728 14142 14142 14142 14142 1000 14142 1000 12728 13454 14177 20000|0.001 -0.08433257211657552 -0.08583231653283008 0.017683764866560647
71 1000 71 900 900 1000 1000 1000 71 1000 71 1002 1345 951|0.001 -0.06899910375195661 -0.08619196254711303 -0.010716798005762085
1111 1000 1111 79 79 79 79 1111 1111 1111 1111 1495 1057 1114|0.001 -0.06541315627280331 -0.07471160433349944 0.01153970448606767
179 1000 807 896 2689 2689 896 1000 179 1000 807 1070 1847 2695|0.001 -0.06982083540391981 -0.06848524435160819 -0.1612030627803207
900 1000 900 1116 1116 1116 1116 3000 200 3000 200 1345 2060 1194|0.001 -0.18116749106375396 -0.10286720752331613 0.035483839357535185
1240 222 1240 1111 1111 3333 3333 1000 1240 222 1240 1326 1495 2289|0.001 -0.07595703461598324 -0.05786095432293581 0.023189926822912987
179 1000 807 896 2689 2689 896 1000 179 1000 807 1070 1847 2695|0.001 -0.056022525778332 -0.08359804706854934 -0.12494082687036223
900 1000 900 1116 1116 1116 1116 3000 200 3000 200 1345 2060 1194|0.001 -0.3923481592367106 -0.04253205144966521 -0.01625334197248196
1240 222 1240 1111 1111 3333 3333 1000 1240 222 1240 1326 1495 2289|0.001 -0.07023321321931508 -0.07101220707432798 0.011606971244122466
896 1000 2689 179 807 807 179 1000 896 1000 2689 1847 1070 1206|0.001 -0.07458276907232997 -0.07096710851678956 -0.2785564603298196
372 333 372 67 67 300 300 1000 372 333 372 687 1002 398|0.001 -0.07326436273146886 -0.07830918863798275 0.016588008417568467
15000 1000 15000 5579 5579 5579 5579 4500 5000 4500 5000 15033 5969 10302|0.001 -0.16819967938776936 -0.11053223946966395 0.010387425276809914
896 1000 2689 179 807 807 179 1000 896 1000 2689 1847 1070 1206|0.001 -0.07290058451012049 -0.07333971537733963 -0.2770173503899509
372 333 372 67 67 300 300 1000 372 333 372 687 1002 398|0.001 -0.07550698015281743 -0.06958249630894975 0.030528815815904498
15000 1000 15000 5579 5579 5579 5579 4500 5000 4500 5000 15033 5969 10302|0.001 -0.4616733244913007 -0.036809880098810366 -0.01978749494490395
1355 1000 1355 1511 1511 1511 1511 1000 4064 1000 4064 1684 1916 2791|0.001 -0.07670919692994049 -0.10561377148749385 0.014520395700214905
662 1000 662 896 2689 2689 896 1000 662 1000 662 1267 1847 2769|0.001 -0.07041173161132619 -0.08501506377137535 -0.13306406830284612
1116 3000 1116 738 738 738 738 1000 1116 3000 1116 2060 1243 1414|0.001 -0.11394154331179185 -0.01137065139545923 -0.010704470353021245
738 1000 738 1116 1116 1116 1116 3000 738 3000 738 1243 2060 1257|0.001 -0.32075969330561227 -0.03923708065997733 -0.006131828179095633
2689 1000 896 662 662 662 662 1000 2689 1000 896 1847 1127 2769|0.001 0.0026077794564627332 -0.1070820312887899 0.012514707822688376
1511 1000 1511 1355 1355 4064 4064 1000 1511 1000 1511 1703 1684 2791|0.001 -0.09493348498555099 -0.09077804963151803 0.010792077625327856
1355 1000 1355 1511 1511 1511 1511 1000 4064 1000 4064 1684 1703 2791|0.001 -0.10110989983173835 -0.05659762592647333 -0.004895114304613868
1116 3000 1116 738 738 738 738 1000 1116 3000 1116 2060 1243 1257|0.001 -0.13792499498155641 -0.031121104777618314 -0.014456251522607655
662 1000 662 896 2689 2689 896 1000 662 1000 662 1127 1847 2769|0.001 -0.09522118476547714 -0.0635578903299383 -0.21000804440245546
738 1000 738 1116 1116 1116 1116 3000 738 3000 738 1243 2060 1414|0.001 -0.10689999963182317 -0.12589989178474537 -0.007370526403043254
1511 1000 1511 1355 1355 4064 4064 1000 1511 1000 1511 1916 1684 2791|0.001 -0.07576119609736365 -0.09111010632060879 -0.020818570553431393
2689 1000 896 662 662 662 662 1000 2689 1000 896 1847 1267 2769|0.001 -0.006731442887637495 -0.1525936658450311 0.019658588519044784
896 1000 2689 662 662 662 662 1000 896 1000 2689 1847 1127 1114|0.001 -0.04018450807258711 -0.04953428139993776 0.011393508338264358
246 1000 246 372 372 372 372 333 246 333 246 1030 687 419|0.001 -0.02740351875846203 -0.049588182605483366 -0.011074187253956591
372 333 372 246 246 246 246 1000 372 333 372 687 1030 471|0.001 -0.030885866106349358 -0.10275729816668133 -0.0157727903979632
4064 1000 4064 1511 1511 1511 1511 1000 1355 1000 1355 4185 1916 2791|0.001 -0.09294932888745278 -0.08166058212811911 -0.004273995933032904
896 1000 2689 662 662 662 662 1000 896 1000 2689 1847 1267 1114|0.001 -0.14321954333253895 -0.029711047750866637 -0.02177231162544757
246 1000 246 372 372 372 372 333 246 333 246 1030 687 471|0.001 -0.0257305761748583 -0.08918738526422443 0.0001909033288405304
372 333 372 246 246 246 246 1000 372 333 372 687 1030 419|0.001 -0.017785382005540695 -0.14767477702165022 0.03885522768642069
4064 1000 4064 1511 1511 1511 1511 1000 1355 1000 1355 4185 1703 2791|0.001 -0.057697807347966146 -0.052549761470971346 -0.008306533128298321
1000 1000 1000 354 354 354 354 500 1000 500 1000 1414 791 1061|0.001 -0.06809105617737288 -0.013985145509408659 -0.01100763363385826
1414 1000 2828 2828 2828 2828 2828 1000 1414 1000 2828 2236 3000 3162|0.001 -0.08133351696133717 -0.09812840485716734 0.009417064558394639
354 1000 354 1000 1000 500 500 1000 354 1000 354 1061 1414 791|0.001 -0.10752827226846895 -0.06984846099950426 -0.013613336881986848
1000 1000 1000 354 354 354 354 1000 500 1000 500 1414 1061 791|0.001 -0.06145077975734159 -0.10664844461116152 0.010632261200909099
2828 1000 2828 2828 1414 1414 2828 1000 2828 1000 2828 3000 2236 3162|0.001 -0.053221068187606635 -0.11499872894257357 0.058956402671996866
354 500 354 1000 1000 1000 1000 1000 354 500 354 791 1414 1061|0.001 -0.09631368204773505 -0.02981678022300205 -0.0206970038493004
1000 1000 1000 354 354 354 354 500 1000 500 1000 1414 791 1061|0.001 -0.04524507613809847 -0.06160189538170324 -0.028417476378780337
354 1000 354 1000 1000 500 500 1000 354 1000 354 1061 1414 791|0.001 -0.12295393520004194 0.0027260778892923554 -0.026629449781575554
1414 1000 2828 2828 2828 2828 2828 1000 1414 1000 2828 2236 3000 3162|0.001 -0.020269432513696506 -0.1125191971906303 0.02540828465206868
1000 1000 1000 354 354 354 354 1000 500 1000 500 1414 1061 791|0.001 -0.01567157298818178 -0.14022526896446674 0.046877042636721544
354 500 354 1000 1000 1000 1000 1000 354 500 354 791 1414 1061|0.001 -0.10906833823551398 -0.024539904776397226 -0.016246402819445338
2828 1000 2828 2828 1414 1414 2828 1000 2828 1000 2828 3000 2236 3162|0.001 -0.0779397227364309 -0.08825738799945082 0.0524635136221252
2828 1000 2828 1414 2828 2828 1414 1000 2828 1000 2828 3000 2236 4000|0.001 -0.043078534557254855 -0.11611521969057237 -0.04178266943569153
707 2000 707 2000 2000 2000 2000 1000 707 2000 707 1581 2236 2121|0.001 -0.08623564730207867 -0.07563000927528596 -0.006446904677187559
500 1000 500 354 354 354 354 1000 1000 1000 1000 1118 1061 791|0.001 -0.06025094695446653 -0.1057118363197973 -0.019357643425113036
2828 1000 1414 2828 2828 2828 2828 1000 2828 1000 1414 2236 3000 4000|0.001 -0.04848990838260403 -0.08209703930493806 0.006881457374305899
354 1000 354 500 500 1000 1000 1000 354 1000 354 1061 1118 791|0.001 -0.05301490316663493 -0.1049000663914923 -0.006110916060206861
2000 1000 2000 707 707 707 707 2000 2000 2000 2000 2236 1581 2121|0.001 -0.19170445319618423 -0.05408261410047022 0.023463480429959382
2828 1000 2828 1414 2828 2828 1414 1000 2828 1000 2828 3000 2236 4000|0.001 -0.04820388559172217 -0.11701833092404135 -0.026575661923881055
500 1000 500 354 354 354 354 1000 1000 1000 1000 1118 1061 791|0.001 -0.08650903341690941 -0.07728661154368766 -0.007442906665295901
707 2000 707 2000 2000 2000 2000 1000 707 2000 707 1581 2236 2121|0.001 -0.10159326409037495 -0.022560632515945533 -0.013019727810683612
2828 1000 1414 2828 2828 2828 2828 1000 2828 1000 1414 2236 3000 4000|0.001 -0.08951532202225998 -0.09422372577666871 0.004204324332801601
354 1000 354 500 500 1000 1000 1000 354 1000 354 1061 1118 791|0.001 -0.08224819440107556 -0.10055147802708997 0.026560028637687694
2000 1000 2000 707 707 707 707 2000 2000 2000 2000 2236 1581 2121|0.001 -0.2244108563594216 -0.027043904436721 -0.01796755262062577
1104 533 1000 1000 1104 1131 1104 533 589 284 533 1133 1133 1340|0.001 -0.05966916839890257 -0.0038084430406826186 -0.028510526372663714
533 1104 1000 1000 533 589 1104 1104 284 1131 533 1133 1133 604|0.001 -0.07792625500740336 -0.10299982950784936 0.058427737729394025
483 906 906 483 258 483 906 1025 533 1000 1000 1282 1033 683|0.001 -0.09154460075415982 -0.06233251279258778 0.036140964134443454
2121 533 2069 1875 2069 1104 1000 1875 2069 1000 1875 2137 2652 2652|0.001 -0.08806864582979301 -0.12221770260485765 0.022700021345649635
1000 1104 533 1104 1000 1104 1131 533 533 589 284 1414 1414 1133|0.001 -0.02410887830339936 -0.09878247708275945 0.006911395630053718
1875 1875 2069 533 1000 1875 1000 1104 2069 2069 2121 2125 1414 2652|0.001 -0.05657076396768379 -0.11718664991339112 -0.024057573948378375
483 1025 258 483 906 1000 533 906 906 1000 483 1111 1027 1282|0.001 -0.06559829196306599 -0.0957645819182662 -0.04528197163419789
2069 1875 1875 3880 3977 3880 3516 1875 3880 3516 3516 2652 4309 4712|0.001 -0.1649992045821269 -0.05728527411267614 -0.002964397912448291
1000 1104 533 533 1000 533 284 1104 1104 1131 589 1414 1414 1133|0.001 -0.07842680634002175 -0.0942619947094081 -0.04961222713152136
533 1104 1000 1875 2069 2121 2069 1875 1000 2069 1875 1133 2652 2298|0.001 -0.10030076002364163 -0.1174374049361615 0.05211973946965598
2069 1875 1875 1000 1104 2069 1875 533 2121 1000 2069 2652 1133 2652|0.001 -0.03203356335998553 -0.06342046442180393 0.014057258431861008
1000 533 1104 1104 1000 533 589 533 1104 284 1131 1414 1414 1133|0.001 -0.024653706805078945 -0.12889499122381576 0.023247344057080177
483 906 906 1000 1025 1000 906 533 258 483 483 1282 1215 1111|0.001 -0.02634228926485016 -0.05571154270026857 -0.009970968088623966
1875 1875 2069 2121 2069 1875 2069 533 1000 1000 1104 2125 2298 2652|0.001 -0.04285904022876541 -0.04834750341503935 -0.012946933859154797
251 975 471 975 520 471 884 975 471 884 884 1083 1250 534|0.001 -0.044406996118996345 -0.11072917294932316 0.0260832379431597
1000 533 1025 483 906 483 258 906 906 483 1000 1282 1027 1282|0.001 -0.09441650272298929 -0.07035039920069375 -0.11906979438221166
3880 1875 3977 2069 1875 3516 3880 1875 3516 3516 3880 4006 2125 3984|0.001 -0.19949851979301214 -0.08087079369035743 0.010953634008121771
975 975 520 251 471 884 471 975 884 884 471 1185 1007 1002|0.001 -0.07272410040997768 -0.11434200532756567 -0.05110634035164208
906 906 483 1922 1875 1699 1875 1875 1699 1699 906 1027 2277 1926|0.001 -0.09475941638858676 -0.07620687897094691 -0.010919882051907415
1000 533 1104 2069 1875 2069 2121 1875 1875 1000 2069 1414 2125 2652|0.001 -0.10325580520456401 -0.08126597741839436 -0.013539307179053495
906 906 483 533 1000 906 483 1025 483 1000 258 1027 1282 1282|0.001 -0.1123990452974577 -0.07178925090115085 -0.11299160526901275
1922 1875 1875 906 483 906 1699 906 1875 1699 1699 2403 1282 1936|0.001 -0.12678946408562597 -0.05874333329126902 0.05014792523315492
1875 1000 1875 1000 533 533 1000 1104 1875 1104 1875 2125 1133 1949|0.001 -0.022671113917468455 -0.10502220824405106 0.04159036092133972
1104 533 1000 1875 1875 1875 1875 1000 1104 533 1000 1133 2125 2176|0.001 -0.10942806785764869 0.0013362087439272585 -0.025310888124817632
533 1000 533 533 533 589 589 1000 284 1000 284 1133 1133 604|0.001 -0.01732843336176071 -0.07866512855342567 0.008754448420489336
533 1000 533 284 284 533 533 1000 589 1000 589 1133 1040 754|0.001 -0.05323247403640985 -0.09325956308610106 0.021597066862000247
3516 1000 3516 1875 2069 2069 1875 1875 3516 1875 3516 3655 2652 4079|0.001 -0.05741769281716658 -0.15096640753444635 0.020788879377660052
1000 1104 533 1875 1875 1875 1875 1000 1000 1104 533 1414 2125 2125|0.001 -0.0530430248792213 -0.10851829984264372 0.02657672067124972
1875 1000 1875 533 1000 1000 533 1104 1875 1104 1875 2125 1414 2125|0.001 -0.05371237929908457 -0.07630813335758879 -0.05878380106614123
284 1000 284 533 533 589 589 1000 533 1000 533 1040 1133 754|0.001 -0.09689298309941363 -0.04614278421060991 -0.031570458911143184
2069 1875 1875 3516 3516 3516 3516 1000 2069 1875 1875 2652 3655 4079|0.001 -0.10252919201974464 -0.08792241760787078 -0.008751936102939784
533 1000 533 533 533 284 284 1000 589 1000 589 1133 1133 604|0.001 -0.06986562860738288 -0.026068750202347113 -0.01266431258109213
533 1104 1000 1875 1875 1875 1875 1000 533 1104 1000 1133 2125 1949|0.001 -0.15841454871527882 -0.0008432727362783776 -0.03770423355076269
1875 1000 1875 1000 1104 1104 1000 533 1875 533 1875 2125 1133 2176|0.001 -0.025956887443120413 -0.09015335657126311 0.025333675367436026
1875 1000 1875 1104 1000 1000 1104 533 1875 533 1875 2125 1414 2125|0.001 -0.03748579064637325 -0.06464272086078138 0.003930208704525651
483 906 906 1699 1699 1699 1699 1000 483 906 906 1282 1972 1766|0.001 -0.05239688572606038 -0.11766788490270241 0.0076475609720638715
589 1000 589 533 533 284 284 1000 533 1000 533 1160 1133 754|0.001 -0.07424489022650471 -0.03569246714754115 -0.011229626283852934
1875 1875 2069 3516 3516 3516 3516 1000 1875 1875 2069 2125 3655 3984|0.001 -0.13787892813379776 -0.006635835753125985 -0.02617739951036424
284 1000 284 589 589 533 533 1000 533 1000 533 1040 1160 604|0.001 -0.06509594132234398 -0.0604868703331396 -0.002967447089392561
1699 1000 1699 483 906 906 483 906 1699 906 1699 1972 1027 1926|0.001 -0.0520005176834315 -0.10908085842507464 -0.03707465134508037
3516 1000 3516 2069 1875 1875 2069 1875 3516 1875 3516 3655 2125 3984|0.001 -0.109215244501083 -0.11720657051128347 0.005698287616551223
589 1000 589 284 284 533 533 1000 533 1000 533 1160 1040 604|0.001 -0.0713163722290655 -0.10925423412519453 0.017078668224821403
906 906 483 1699 1699 1699 1699 1000 906 906 483 1027 1972 1926|0.001 -0.014053491283064767 -0.1259241681052825 0.02260878887874629
1000 533 1104 1875 1875 1875 1875 1000 1000 533 1104 1414 2125 2125|0.001 -0.10448353365906882 -0.01496754713124715 -0.03498616249985376
533 1000 533 589 589 533 533 1000 284 1000 284 1133 1160 754|0.001 -0.050144664254436755 -0.10225870151640337 -0.006727525805638734
1699 1000 1699 906 483 483 906 906 1699 906 1699 1972 1282 1766|0.001 -0.053572991095803824 -0.10440716836524921 0.03427815095028208
2719 1000 906 258 483 483 258 1025 2719 1025 906 1861 1111 2761|0.001 -0.05219750295668901 -0.10740049386067207 -0.05925993703008947
3977 1875 3880 3516 3516 10547 10547 1000 3977 1875 3880 4309 3655 7273|0.001 -0.036175354721353914 -0.11291885083208775 0.0007299755380896222
284 1000 284 1104 1104 1131 1131 3000 533 3000 533 1040 2054 1226|0.001 -0.19727609695354142 -0.05641553280839595 -0.0007221053521233589
368 333 368 178 178 95 95 1000 377 333 377 685 1016 380|0.001 -0.04426721076806084 -0.07780902403777268 -0.018631690111563515
5625 1000 5625 2069 2121 2121 2069 533 1875 533 1875 5713 2137 3879|0.001 -0.07268657485065111 -0.029938841398381433 -0.04696884045448102
258 1025 483 2719 906 906 2719 1000 258 1025 483 1033 1861 942|0.001 -0.054510199671917725 -0.09961666910423439 0.057688010701719694
906 1000 2719 483 258 258 483 1025 906 1025 2719 1861 1033 942|0.001 -0.03433018103511043 -0.10662610322503041 0.025192114708452173
178 1000 178 368 368 377 377 333 95 333 95 1016 685 380|0.001 -0.04381383138497785 -0.015811002206647107 -0.02678884050203445
2121 533 2069 5625 5625 1875 1875 1000 2121 533 2069 2137 5713 3879|0.001 -0.11666746694839025 -0.024707664733120138 -0.010176817886013989
1104 3000 1104 284 284 533 533 1000 1131 3000 1131 2054 1040 1226|0.001 -0.11124844643096266 -0.0604347060836663 0.0012972151126100506
483 1025 258 906 2719 2719 906 1000 483 1025 258 1111 1861 2761|0.001 -0.08832450745888676 -0.06726743882346509 -0.19087110218004244
3516 1000 3516 3880 3977 3977 3880 1875 10547 1875 10547 3655 4309 7273|0.001 -0.15727899648494081 -0.06374358777252342 -0.010294247593528594
3516 1000 3516 3977 3880 3880 3977 1875 10547 1875 10547 3655 4006 7220|0.001 -0.021853034180325803 -0.07995933481378725 0.00571037978919664
471 975 251 884 2652 2652 884 1000 471 975 251 1007 1829 2694|0.001 -0.11465088808107926 -0.03154128660766253 -0.23115474981813766
1131 3000 1131 284 284 533 533 1000 1104 3000 1104 2069 1040 1140|0.001 -0.1324947079942429 -0.05245554672576702 -0.0040700266621107595
2069 533 2121 5625 5625 1875 1875 1000 2069 533 2121 2298 5713 3851|0.001 -0.09267254285281745 -0.07063794339115192 -0.02361987640274621
178 1000 178 377 377 368 368 333 95 333 95 1016 690 409|0.001 -0.060634283832442515 0.0040963799456195105 -0.051510456079079114
884 1000 2652 471 251 251 471 975 884 975 2652 1829 1083 919|0.001 -0.04469265159211977 -0.11736961459959505 0.031601371287806046
5625 1000 5625 2121 2069 2069 2121 533 1875 533 1875 5713 2298 3851|0.001 -0.017135077741036175 -0.09452132609454433 -0.005549093589710674
377 333 377 178 178 95 95 1000 368 333 368 690 1016 409|0.001 -0.08704764355934258 -0.04521125929633607 -0.025428967673585268
251 975 471 2652 884 884 2652 1000 251 975 471 1083 1829 919|0.001 -0.049353086271543 -0.09365149834919095 0.05236207093671119
3880 1875 3977 3516 3516 10547 10547 1000 3880 1875 3977 4006 3655 7220|0.001 -0.09596954777972955 -0.07915418775058747 0.01327592703118663
284 1000 284 1131 1131 1104 1104 3000 533 3000 533 1040 2069 1140|0.001 -0.17751324306709004 -0.12979949882721553 0.02476138500926206
2652 1000 884 251 471 471 251 975 2652 975 884 1829 1007 2694|0.001 -0.05347725418143656 -0.10744928250632335 -0.05170032955187698
2069 1875 1875 1000 533 1000 1875 1104 2121 2069 2069 2652 1133 2298|0.001 -0.0639889001113203 -0.08051204208554874 0.03899563203123568
1104 533 1000 1875 2069 2121 2069 1875 2069 1000 1875 1133 2652 2652|0.001 -0.01826594948821647 -0.16418972680455335 0.06507782852240185
1000 1104 533 533 1000 1104 589 1104 533 1131 284 1414 1414 1133|0.001 -0.09846512398730134 -0.07131694481282591 -0.08422040308007195
906 906 483 258 483 906 483 1025 1000 1000 533 1027 1111 1282|0.001 -0.0706659696725942 -0.09598907849285743 -0.06791196706530389
3977 1875 3880 1875 2069 3880 3516 1875 3880 3516 3516 4309 2652 4712|0.001 -0.1771394546889804 -0.07869959911751656 0.00436079523349342
1000 1104 533 2069 1875 2069 2121 1875 1875 2069 1000 1414 2125 2652|0.001 0.018210819341579754 -0.14294036853016334 0.03307601320843512
1000 533 1104 533 1000 533 284 1104 1104 589 1131 1414 1414 1133|0.001 -0.05531430319785202 -0.08869594676119363 -0.06149427216027292
258 1025 483 906 483 533 1000 906 483 1000 906 1033 1282 683|0.001 -0.08643253259741801 -0.05891743695911056 0.06131612283864607
2069 1875 1875 2069 2121 2069 1875 533 1104 1000 1000 2652 2137 2652|0.001 -0.06435701452733089 -0.0403621558883116 -0.030232248039750997
533 1104 1000 1000 1104 1131 1104 533 284 589 533 1133 1133 1140|0.001 -0.053926535142528875 -0.0833613307080927 -0.021642306049660665
1104 533 1000 1000 1104 589 533 533 1131 284 1104 1133 1133 1340|0.001 -0.01438398912182115 -0.10659119969812836 0.0027809778077036995
1875 1875 2069 1104 1000 1875 2069 533 2069 1000 2121 2125 1414 2652|0.001 -0.021540584287577103 -0.11482984323951673 -0.007226007743162954
483 906 906 1875 1922 1875 1699 1875 906 1699 1699 1282 2403 1936|0.001 -0.1856966107375746 -0.06923337377237937 0.013331413799013703
1000 1025 533 483 906 483 258 906 906 1000 483 1282 1027 1282|0.001 -0.08790744033646547 -0.09794047009040963 -0.059458840991553075
1875 1875 2069 3977 3880 3516 3880 1875 3516 3516 3880 2125 4006 3984|0.001 -0.23712678008593446 -0.03314784854153929 -0.01108984636490784
471 975 251 520 975 884 471 975 884 884 471 1007 1185 1002|0.001 -0.04845003799930803 -0.0954244752344835 -0.041170568093567006
1875 1875 1922 483 906 1699 906 906 1699 1699 1875 2277 1027 1926|0.001 -0.054534751665576975 -0.09457675276820177 -0.041863429412303255
2069 533 2121 2069 1875 1000 1104 1875 1875 1000 2069 2298 2125 2652|0.001 -0.20125489794942442 -0.022983179437587875 -0.026552196738867107
520 975 975 471 251 471 884 975 471 884 884 1250 1083 534|0.001 -0.10692257543426287 -0.06300266853995207 0.058826981603743445
906 906 483 1025 1000 906 1000 533 483 483 258 1027 1282 1282|0.001 -0.04431157266182817 -0.09475559805978473 -0.011407086126770105
1000 533 1104 1104 1000 1104 1131 533 533 284 589 1414 1414 1133|0.001 -0.038548978655217336 -0.08889232808364178 0.01569368627351686
483 906 906 1000 533 483 906 1025 258 1000 483 1282 1215 683|0.001 -0.09285796987635542 -0.05504313311867959 0.02744101383557851
573 533 333 333 573 573 333 533 573 67 333 629 629 1046|0.001 -0.046058192797532316 -0.0382831409997475 -0.02294568152445553
1600 1720 3000 1000 1000 1720 1720 1000 200 1720 1600 1887 1414 1020|0.001 -0.11098840467403281 -0.0506133283049337 -0.02211941746728119
1000 1000 1000 1600 200 1600 3000 1720 1720 1720 1720 1414 1020 1887|0.001 -0.010728671932069833 -0.12101692114385276 0.05717830700550541
1075 125 625 625 1075 1075 625 1875 1075 1000 625 637 1976 884|0.001 -0.18095934040749717 -0.04105563069473406 -0.02046240210685557
3000 1720 1600 1000 1000 1720 1720 1000 1600 1720 200 3162 1414 1887|0.001 -0.028962263890380813 -0.118628914298744 0.017244337697706058
1000 1000 1000 200 1600 3000 1600 1720 1720 1720 1720 1414 1887 3162|0.001 -0.0879473809193676 -0.09051599779070663 -0.6234773393922133
8602 8000 5000 5000 8602 8602 5000 8000 8602 15000 5000 9434 9434 15684|0.001 -0.9113704764509889 -0.040531843056119676 -0.017055849963032443
1000 1000 1000 1600 3000 1600 200 1720 1720 1720 1720 1414 3162 1887|0.001 -0.11980485568879651 -0.04281724069557069 -0.1232752510847146
200 1720 1600 1000 1000 1720 1720 1000 1600 1720 3000 1020 1414 1887|0.001 -0.04326255751849417 -0.055819672518712116 -0.004116511329510519
333 533 573 573 333 333 573 533 333 67 573 1054 1054 471|0.001 -0.020763275483403065 -0.11796599892821336 0.0023194201542420245
930 581 1744 1000 1000 581 581 1000 116 581 930 1838 1823 1097|0.001 -0.03041727978026043 -0.08355345130861225 0.024207914563769695
116 581 930 1000 1000 581 581 1000 930 581 1744 1097 822 593|0.001 -0.019338069356524823 -0.08509830355124426 0.02609793531661575
1000 1000 1000 930 1744 930 116 581 581 581 581 822 1097 1838|0.001 -0.10280270909821643 -0.07047730744083824 -0.11880562003352857
5000 8000 8602 8602 5000 5000 8602 8000 5000 15000 8602 5099 5099 7071|0.001 -1.0063685322028815 -0.007847176477998596 -0.013319451556412787
1000 1000 1000 116 930 1744 930 581 581 581 581 1823 593 1097|0.001 -0.09115964909861884 -0.08912304331508802 -0.6285058450544212
625 125 1075 1075 625 625 1075 1875 625 1000 1075 1179 1179 884|0.001 -0.15641256878031418 -0.0892525843045966 -0.02595028020374257
1744 581 930 1000 1000 581 581 1000 930 581 116 1097 822 1838|0.001 -0.02558670788941564 -0.1193241361873143 0.007130437102993437
1000 1000 1000 930 116 930 1744 581 581 581 581 822 1097 593|0.001 -0.08801579014439675 -0.0859938311707742 0.0797007991561327
200 1720 1600 1000 1000 1000 1000 1000 200 1720 1600 1020 1414 1020|0.001 -0.13477182722546388 -0.026172444821486174 -0.05159257172274723
1075 125 625 625 625 625 625 1000 1075 125 625 637 1179 1244|0.001 -0.027605659881032585 -0.1364361485108989 0.023742050190107555
1600 1000 1600 1000 1000 1720 1720 1000 200 1000 200 1887 1414 1020|0.001 -0.06170620013944972 -0.08109631222483316 0.004017105448816949
1000 1000 1000 200 200 1600 1600 1000 1720 1000 1720 1414 1020 1887|0.001 -0.09214161984367086 -0.09202503059610345 -0.005106893099867671
5000 1000 5000 5000 8602 8602 5000 8000 5000 8000 5000 5099 9434 9950|0.001 -0.8793741705589153 -0.006764803086607429 -0.019369959901569533
1000 1000 1000 200 1600 1600 200 1720 1000 1720 1000 1414 1887 1887|0.001 -0.09414161274411414 -0.07965375426490451 -0.663892624267558
625 125 1075 625 625 625 625 1000 625 125 1075 1179 1179 884|0.001 -0.12875634162113014 -0.013543498495599549 -0.050514890469026685
1600 1000 1600 1720 1720 1000 1000 1000 200 1000 200 1887 1990 1887|0.001 -0.11496864001877882 -0.032332739389341336 -0.006549544077714131
116 581 930 581 581 581 581 1000 116 581 930 1097 1157 593|0.001 -0.12121949847652358 -0.03702020954010288 -0.019540603314710525
581 1000 581 116 930 930 116 581 581 581 581 1157 593 1097|0.001 -0.09228899240425914 -0.08480765217712904 -0.6555640988131839
5000 1000 5000 8602 5000 5000 8602 8000 5000 8000 5000 5099 5099 7071|0.001 -0.369006458740756 -0.1323311786266912 -0.022439397499703917
1720 1000 1720 200 200 1600 1600 1000 1000 1000 1000 1990 1020 1020|0.001 -0.09117968379118824 -0.08912253326822772 -0.000875893772592784
1000 1000 1000 200 200 200 200 1000 1000 1000 1000 1414 1020 1020|0.001 -0.13736179784751945 -0.013259151523055124 -0.02151689909054899
5000 1000 5000 5000 5000 5000 5000 1000 5000 1000 5000 5099 5099 7071|0.001 -0.03950850084645574 -0.12973074410720153 0.029130409409185987
200 1000 200 1000 1000 1000 1000 1000 200 1000 200 1020 1414 1020|0.001 -0.15143650010748577 -0.010797474570447552 -0.053114274398080585
1000 1000 1000 200 200 200 200 1000 1000 1000 1000 1414 1020 1020|0.001 -0.08335110646368937 -0.07253016726771255 0.011096829747856418
5000 1000 5000 5000 5000 5000 5000 1000 5000 1000 5000 5099 5099 7071|0.001 -0.07655632106975951 -0.06861285985795273 0.021705964405591693
200 1000 200 1000 1000 1000 1000 1000 200 1000 200 1020 1414 1020|0.001 -0.09830384927894564 -0.005226824648245643 -0.026588325343557262
1000 1000 1000 200 200 200 200 1000 1000 1000 1000 1414 1020 1020|0.001 -0.061999734903885884 -0.07608909508073025 -0.020236894849330334
200 1000 200 1000 1000 1000 1000 1000 200 1000 200 1020 1414 1020|0.001 -0.0028513645807470844 -0.16708476977634446 0.04790832466880168
5000 1000 5000 5000 5000 5000 5000 1000 5000 1000 5000 5099 5099 7071|0.001 -0.12296885379543099 0.011124661918069378 -0.03806381176282292
1000 1000 1000 200 200 200 200 1000 1000 1000 1000 1414 1020 1020|0.001 0.009530466446645569 -0.17179495525621702 0.04522964374758631
200 1000 200 1000 1000 1000 1000 1000 200 1000 200 1020 1414 1020|0.001 -0.12562324628692667 -0.05746875877566282 -0.030192803948522196
5000 1000 5000 5000 5000 5000 5000 1000 5000 1000 5000 5099 5099 7071|0.001 -0.0506797717080798 -0.08989922467129041 -0.015569745543981828
5000 1000 5000 5000 5000 5000 5000 1000 5000 1000 5000 5099 5099 7071|0.001 -0.1277186537261743 -0.0014571677727981402 -0.01362760323420975
200 1000 200 1000 1000 1000 1000 1000 200 1000 200 1020 1414 1020|0.001 -0.07778305981236744 -0.05962350245813597 -0.027806582545895075
1000 1000 1000 200 200 200 200 1000 1000 1000 1000 1414 1020 1020|0.001 -0.032187154739967694 -0.13514540705510836 0.03762646426266114
5000 1000 5000 5000 5000 5000 5000 1000 5000 1000 5000 5099 5099 7071|0.001 -0.10024670761412113 0.001713389096786866 -0.01776033797582177
200 1000 200 1000 1000 1000 1000 1000 200 1000 200 1020 1414 1020|0.001 -0.13157483239281564 -0.016401417106307603 -0.04644037029294279
1000 1000 1000 200 200 200 200 1000 1000 1000 1000 1414 1020 1020|0.001 -0.06785997821925016 -0.10090489015719295 0.011263770939060613
5000 1000 5000 5000 5000 5000 5000 1000 5000 1000 5000 5099 5099 7071|0.001 -0.11116588167988106 -0.013333776288219079 -0.020062182101000525
1000 1000 1000 200 200 200 200 1000 1000 1000 1000 1414 1020 1020|0.001 -0.04261915965136698 -0.12554616401536323 0.02083120394644533
200 1000 200 1000 1000 1000 1000 1000 200 1000 200 1020 1414 1020|0.001 -0.036371836380617584 -0.1382839596522778 0.03477844924040907
5000 1000 5000 5000 5000 5000 5000 1000 5000 1000 5000 5099 5099 7071|0.001 -0.05220136482641635 -0.09499873211900378 0.013365402721050579
200 1000 200 1000 1000 1000 1000 1000 200 1000 200 1020 1414 1020|0.001 -0.1132357587517352 -0.03965617910387631 -0.03324527129561772
1000 1000 1000 200 200 200 200 1000 1000 1000 1000 1414 1020 1020|0.001 -0.1266356855776174 -0.02369909521744873 -0.02448773085965028
1000 1000 1000 1720 1720 1720 1720 1000 3000 1000 3000 1414 1990 2441|0.001 -0.004028545419710872 -0.15271715491257276 0.04064200861944922
581 1000 581 581 1744 1744 581 1000 581 1000 581 1157 1419 1838|0.001 -0.09932562116177102 -0.06124408592804609 -0.20778952773793602
1720 3000 1720 1000 1000 1000 1000 1000 1720 3000 1720 2441 1414 1990|0.001 -0.14064894732254363 -0.006099407731011697 -0.023720019995820962
1000 1000 1000 1720 1720 1720 1720 3000 1000 3000 1000 1414 2441 1990|0.001 -0.17515408087132478 -0.11648477040478444 -0.01081986846517502
1744 1000 581 581 581 581 581 1000 1744 1000 581 1419 1157 1838|0.001 0.003276850527835773 -0.16555766532953764 0.028724578221555053
1720 1000 1720 1000 1000 3000 3000 1000 1720 1000 1720 1990 1414 2441|0.001 -0.049590087953450546 -0.1274369108206208 0.014081246572943407
1000 1000 1000 1720 1720 1720 1720 1000 3000 1000 3000 1414 1990 2441|0.001 -0.0002925835495792839 -0.07975507013777583 0.015663544054542733
1720 3000 1720 1000 1000 1000 1000 1000 1720 3000 1720 2441 1414 1990|0.001 -0.12271536295084151 -0.005691237528764326 -0.021961362651826688
581 1000 581 581 1744 1744 581 1000 581 1000 581 1157 1419 1838|0.001 -0.10712361856938579 -0.04758191987480509 -0.23347436880962857
1000 1000 1000 1720 1720 1720 1720 3000 1000 3000 1000 1414 2441 1990|0.001 -0.2875645645139391 -0.0844679671661297 -0.012520969002790538
1720 1000 1720 1000 1000 3000 3000 1000 1720 1000 1720 1990 1414 2441|0.001 -0.05956663255480832 -0.10831779089192417 0.03083679643871351
1744 1000 581 581 581 581 581 1000 1744 1000 581 1419 1157 1838|0.001 -0.0009246906659310383 -0.12757797661641757 0.01887352432442979
581 1000 1744 581 581 581 581 1000 581 1000 1744 1419 1157 822|0.001 -0.14309891491910753 -0.014377551020304802 -0.0274379348356113
333 1000 333 573 573 573 573 333 333 333 333 1054 814 663|0.001 -0.05341864740930791 0.0100359091328861 -0.04497355069463249
573 333 573 333 333 333 333 1000 573 333 573 814 1054 663|0.001 -0.0864171622662313 -0.07234713743915155 -0.02708294491841734
3000 1000 3000 1720 1720 1720 1720 1000 1000 1000 1000 3162 1990 2441|0.001 -0.09143420913494626 -0.09025392209411898 0.016320122621464872
581 1000 1744 581 581 581 581 1000 581 1000 1744 1419 1157 822|0.001 -0.14217518401729246 -0.012009922854021582 -0.03512035514368739
333 1000 333 573 573 573 573 333 333 333 333 1054 814 663|0.001 -0.026441774163175058 -0.07768752376325572 -0.0012258845400858753
573 333 573 333 333 333 333 1000 573 333 573 814 1054 663|0.001 -0.07709043308234076 -0.07911199040982586 -0.00327570999778648
3000 1000 3000 1720 1720 1720 1720 1000 1000 1000 1000 3162 1990 2441|0.001 -0.02290007732973609 -0.10899664306345591 0.028300172427573322
581 1000 581 1000 1000 1000 1000 1000 1744 1000 1744 1157 822 1419|0.001 -0.08488403089034091 -0.032525184918432704 -0.003103891781357504
1000 1000 1000 581 1744 1744 581 1000 1000 1000 1000 822 1419 2010|0.001 -0.09593122377138719 -0.05011468734402058 -0.20411197050766994
1720 3000 1720 1720 1720 1720 1720 1000 1720 3000 1720 2441 1990 1414|0.001 -0.16433852644179847 0.018655114198460332 -0.030143729947677
1720 1000 1720 1720 1720 1720 1720 3000 1720 3000 1720 1990 2441 3137|0.001 -0.2700176705301316 -0.07539200775108057 0.004134481873843132
1744 1000 581 1000 1000 1000 1000 1000 1744 1000 581 1419 1823 2010|0.001 0.0174260091289824 -0.1769951165861794 0.03775350584733106
1000 1000 1000 581 581 1744 1744 1000 1000 1000 1000 1823 1157 1419|0.001 -0.041063107042577096 -0.1275791155145678 0.031741911288472036
581 1000 581 1000 1000 1000 1000 1000 1744 1000 1744 1157 1823 1419|0.001 -0.0717068613564209 -0.06999213279440308 0.0036195147879691802
1720 3000 1720 1720 1720 1720 1720 1000 1720 3000 1720 2441 1990 3137|0.001 -0.126155250357457 -0.01920653464905442 -0.022397710028903006
1000 1000 1000 581 1744 1744 581 1000 1000 1000 1000 1823 1419 2010|0.001 -0.08850024158764791 -0.0956850492972916 -0.19348118418077043
1720 1000 1720 1720 1720 1720 1720 3000 1720 3000 1720 1990 2441 1414|0.001 -0.2622902147348882 -0.0575915157943474 0.023481384912447112
1000 1000 1000 581 581 1744 1744 1000 1000 1000 1000 822 1157 1419|0.001 -0.07149108074212762 -0.07170258156170783 -0.0007380887131491765
1744 1000 581 1000 1000 1000 1000 1000 1744 1000 581 1419 822 2010|0.001 -0.011479070444430084 -0.13214949684554167 0.015350156302029738
581 1000 1744 1000 1000 1000 1000 1000 581 1000 1744 1419 1823 1157|0.001 -0.0451890435761515 -0.12002191057528311 0.045671343468387526
573 1000 573 573 573 573 573 333 573 333 573 1153 814 1046|0.001 -0.03308858448572649 -0.04206688813390147 -0.028496123502400605
573 333 573 573 573 573 573 1000 573 333 573 814 1153 471|0.001 -0.05017503300401849 -0.044184557658560886 0.0008219128593123237
1744 1000 1744 1000 1000 1000 1000 1000 581 1000 581 2010 822 1419|0.001 -0.11420043606670927 -0.06816868847012603 0.008405745373183393
581 1000 1744 1000 1000 1000 1000 1000 581 1000 1744 1419 822 1157|0.001 -0.047368058369468 -0.11396641193845536 0.02715274041710236
573 1000 573 573 573 573 573 333 573 333 573 1153 814 471|0.001 -0.03375576295123306 -0.061151716144882684 0.0023708715972925454
573 333 573 573 573 573 573 1000 573 333 573 814 1153 1046|0.001 -0.13867302719716923 0.0038368018957268823 -0.05051603517625569
1744 1000 1744 1000 1000 1000 1000 1000 581 1000 581 2010 1823 1419|0.001 -0.039177069909472895 -0.10093114121753177 0.03090803074634163
1104 533 1000 1000 1000 533 533 1000 1198 533 1104 1133 1414 1226|0.001 -0.09319433351119288 -0.07751194664567307 -0.002038353455475761
1000 1000 1000 1000 1104 1198 1104 533 533 533 533 1414 1133 1226|0.001 -0.06422741333268256 -0.051073145050093416 0.014383102692774319
533 1104 1000 1000 533 533 1000 1104 533 1198 1000 1133 1133 754|0.001 -0.10145921026643578 -0.06140793244931664 0.04375288122947296
483 906 906 906 483 483 906 1086 483 1000 906 1282 1111 683|0.001 -0.07656147675369929 -0.07781450857137884 0.03263819709454774
1198 533 1104 1000 1000 533 533 1000 1104 533 1000 1226 1414 1489|0.001 -0.08553593001743076 -0.04289612231032969 -0.026115273124703853
1000 1000 1000 1104 1000 1104 1198 533 533 533 533 1414 1414 1133|0.001 -0.020421604250147052 -0.12566132426170662 0.041089669471878754
1875 1875 2069 1000 1000 1875 1875 1000 2069 1875 2247 2125 1414 2652|0.001 -0.05128278534317632 -0.09654549206809193 0.01893419481446834
906 1086 483 483 906 906 483 906 906 1000 483 1350 1027 1282|0.001 -0.05124099144069527 -0.10921100048827959 -0.0403828348424784
1000 1000 1000 2069 2247 2069 1875 1875 1875 1875 1875 1414 2792 2298|0.001 0.0023277170868407637 -0.12681759648800695 0.02823259110470877
1000 1104 533 533 1000 1000 533 1104 1000 1198 533 1414 1414 1414|0.001 -0.09821290000646354 -0.069686396065195 -0.1106468024557139
1000 1000 1000 1875 2069 2247 2069 1875 1875 1875 1875 1414 2652 2792|0.001 -0.0213966064519977 -0.1423744260436588 0.026695025141580953
2069 1875 1875 1000 1000 1875 1875 1000 2247 1875 2069 2652 1414 2792|0.001 -0.13147680105021986 -0.05112819995267803 0.00033068781401857095
1000 533 1104 1000 1000 533 533 1000 1104 533 1198 1414 1414 1133|0.001 -0.061302400831483306 -0.02775624627955886 -0.006622090153002302
1000 1000 1000 1104 1198 1104 1000 533 533 533 533 1414 1226 1489|0.001 -0.05149804245127454 -0.05387627350499913 -0.023181006683333782
483 1086 906 906 483 483 906 906 483 1000 906 1111 1282 683|0.001 -0.04929824630971358 -0.09815376350367333 0.06368094443932604
1000 1000 1000 1198 1104 1000 1104 533 533 533 533 1414 1489 1414|0.001 -0.0371173224189425 -0.10413519564949403 0.014454438003446146
445 921 835 835 445 445 835 921 445 835 835 1243 1243 630|0.001 -0.0702217388897064 -0.07259614664753444 0.03605359661101648
1104 533 1198 1000 1000 533 533 1000 1000 533 1104 1489 1414 1414|0.001 -0.03359571504711001 -0.11970546083955313 0.01895637120542526
2069 1875 2247 1000 1000 1875 1875 1000 1875 1875 2069 2298 1414 2125|0.001 -0.09463749069817395 -0.08502155690715107 6.169828250524034e-05
835 921 445 445 835 835 445 921 835 835 445 1023 1023 1180|0.001 -0.09224590037913205 -0.05386953545637008 -0.08557500236832993
1000 1000 1000 2247 2069 1875 2069 1875 1875 1875 1875 1414 2298 2125|0.001 -0.11871088558751408 -0.06642094158543776 -0.0031763286482522357
1000 1000 1000 2069 1875 2069 2247 1875 1875 1875 1875 1414 2125 2652|0.001 -0.08409524606790786 -0.1383647470549143 0.020052402870633923
906 906 483 483 906 906 483 1086 906 1000 483 1027 1350 1282|0.001 -0.07154729947363214 -0.09709841584513934 -0.06562811364192345
2247 1875 2069 1000 1000 1875 1875 1000 2069 1875 1875 2792 1414 2298|0.001 -0.052373065366413396 -0.0923979522864038 0.007408781976776524
2719 1000 906 483 906 906 483 1086 2719 1086 906 1861 1350 2866|0.001 -0.048147508002016615 -0.10841212533202138 -0.050324461648740826
2247 1875 2069 1875 1875 5625 5625 1000 2247 1875 2069 2792 2125 3949|0.001 -0.11636871285353512 -0.06011957417446867 0.0042726701122153266
533 1000 533 1104 1104 1198 1198 3000 1000 3000 1000 1133 2054 1489|0.001 -0.07636480216803965 -0.12566663033293235 -0.0011898039816626849
368 333 368 333 333 178 178 1000 399 333 399 685 1054 409|0.001 -0.038199726942522716 -0.12316734995916345 0.04152181133089128
3000 1000 3000 1104 1198 1198 1104 533 1000 533 1000 3162 1226 2106|0.001 -0.08919285895856222 0.008366693412511506 -0.04675809308950507
483 1086 906 2719 906 906 2719 1000 483 1086 906 1111 1861 1027|0.001 -0.08659667989578845 -0.07115923795192769 0.08782723074384435
906 1000 2719 906 483 483 906 1086 906 1086 2719 1861 1111 1027|0.001 -0.03865383207058981 -0.0801978257936431 0.05252138059770095
333 1000 333 368 368 399 399 333 178 333 178 1054 685 409|0.001 -0.03184439139894746 -0.07822989778055733 -0.012844204172711704
1198 533 1104 3000 3000 1000 1000 1000 1198 533 1104 1226 3162 2106|0.001 -0.10519536425813714 -0.06597246077178154 -0.012036343577043196
1104 3000 1104 533 533 1000 1000 1000 1198 3000 1198 2054 1133 1489|0.001 -0.11772672147190355 -0.057193308883737304 0.011163340334783278
906 1086 483 906 2719 2719 906 1000 906 1086 483 1350 1861 2866|0.001 -0.07327455857233045 -0.11430486133836348 -0.13252869849572302
1875 1000 1875 2069 2247 2247 2069 1875 5625 1875 5625 2125 2792 3949|0.001 -0.17796712604542297 -0.01009472749446294 -0.007975726515891957
1875 1000 1875 2247 2069 2069 2247 1875 5625 1875 5625 2125 2298 3851|0.001 0.009397753481261706 -0.1460369517515514 0.03263551271374565
835 921 445 835 2504 2504 835 1000 835 921 445 1023 1758 2639|0.001 -0.08631562100964274 -0.08329943249505756 -0.15877783578366222
1198 3000 1198 533 533 1000 1000 1000 1104 3000 1104 2106 1133 1226|0.001 -0.10513251673024304 -0.05783382964288264 0.006687630318582549
1104 533 1198 3000 3000 1000 1000 1000 1104 533 1198 1489 3162 2054|0.001 -0.11203768951668303 -0.04488779398438281 -0.012309981433676898
333 1000 333 399 399 368 368 333 178 333 178 1054 702 496|0.001 -0.020044155576707245 -0.10765200528581875 0.025261322006615572
835 1000 2504 835 445 445 835 921 835 921 2504 1758 1243 946|0.001 -0.04433489603640983 -0.05665857777340744 0.02285930903440203
3000 1000 3000 1198 1104 1104 1198 533 1000 533 1000 3162 1489 2054|0.001 -0.02055107601946604 -0.08840828242157484 0.020535803710248768
399 333 399 333 333 178 178 1000 368 333 368 702 1054 496|0.001 -0.10243534936434151 -0.0890384014090917 3.089907250952706e-05
445 921 835 2504 835 835 2504 1000 445 921 835 1243 1758 946|0.001 -0.06011684194497824 -0.09139530122846296 0.0621328429952861
2069 1875 2247 1875 1875 5625 5625 1000 2069 1875 2247 2298 2125 3851|0.001 -0.04719201262868733 -0.09607126533651478 0.004001219765508157
533 1000 533 1198 1198 1104 1104 3000 1000 3000 1000 1133 2106 1226|0.001 -0.21174683304344133 -0.063015602702583 -0.024449665903382156
2504 1000 835 445 835 835 445 921 2504 921 835 1758 1023 2639|0.001 -0.055706304168529064 -0.10451465341247856 -0.05800806118115731
3000 1000 3000 1000 1000 1000 1000 1000 3000 1000 3000 3162 1414 3162|0.001 -0.036477577120661575 -0.10202740938064281 0.011233318952836857
1000 1000 1000 3000 3000 3000 3000 1000 1000 1000 1000 1414 3162 3162|0.001 -0.11131679134446792 -0.06501117880815865 -0.03486463941939966
333 1000 333 333 333 333 333 1000 333 1000 333 1054 1054 471|0.001 -0.1073457654787291 -0.02666528353618358 -0.01963991737324533
333 1000 333 333 333 333 333 1000 333 1000 333 1054 1054 471|0.001 -0.12520517140467646 -0.033261872675991455 -0.04682229862584153
3000 1000 3000 1000 1000 1000 1000 1000 3000 1000 3000 3162 1414 3162|0.001 -0.07467516766297866 -0.0923082782826079 0.03380761497911555
1000 1000 1000 3000 3000 3000 3000 1000 1000 1000 1000 1414 3162 3162|0.001 -0.0837725700696601 -0.07697249730755584 -0.012729435703925374
3000 1000 3000 1000 1000 1000 1000 1000 3000 1000 3000 3162 1414 3162|0.001 -0.11069338337090118 -0.05666554065630991 -0.016727560915987816
333 1000 333 333 333 333 333 1000 333 1000 333 1054 1054 471|0.001 0.014001678119346384 -0.16279732028533167 0.04620398824200844
1000 1000 1000 3000 3000 3000 3000 1000 1000 1000 1000 1414 3162 3162|0.001 -0.08641217605759977 -0.07227638822231874 0.02076451386040068
333 1000 333 333 333 333 333 1000 333 1000 333 1054 1054 471|0.001 -0.16190529933593933 -0.003532187453090252 -0.030740624164597996
1000 1000 1000 3000 3000 3000 3000 1000 1000 1000 1000 1414 3162 3162|0.001 0.010312779174990183 -0.16639025175205324 0.0452130045779664
3000 1000 3000 1000 1000 1000 1000 1000 3000 1000 3000 3162 1414 3162|0.001 -0.04942981981447159 -0.06981167370359809 -0.010939839931578543
3000 1000 3000 1000 1000 1000 1000 1000 3000 1000 3000 3162 1414 3162|0.001 -0.02684453044769053 -0.11480707053426187 0.02334348745365533
1000 1000 1000 3000 3000 3000 3000 1000 1000 1000 1000 1414 3162 3162|0.001 -0.13371196069546065 0.010358357065511914 -0.03895062393391546
333 1000 333 333 333 333 333 1000 333 1000 333 1054 1054 471|0.001 -0.09650283212923938 -0.035148094934819296 -0.011858048096481388
1000 1000 1000 3000 3000 3000 3000 1000 1000 1000 1000 1414 3162 3162|0.001 -0.07355832651957495 -0.06588458596852975 -0.014052725182421844
333 1000 333 333 333 333 333 1000 333 1000 333 1054 1054 471|0.001 -0.04488247235990839 -0.05657000897309361 0.007445648715160846
3000 1000 3000 1000 1000 1000 1000 1000 3000 1000 3000 3162 1414 3162|0.001 -0.05523147459813971 -0.057873455412620345 -0.000297961788050527
3000 1000 3000 1000 1000 1000 1000 1000 3000 1000 3000 3162 1414 3162|0.001 -0.11512818440295391 -0.04382267602978329 -0.01547068899079962
333 1000 333 333 333 333 333 1000 333 1000 333 1054 1054 471|0.001 -0.017334572176301855 -0.12114432115178153 0.03425367871609852
1000 1000 1000 3000 3000 3000 3000 1000 1000 1000 1000 1414 3162 3162|0.001 -0.026787712547557962 -0.11855882220222491 0.010586412520583455
1000 1000 1000 3000 3000 3000 3000 1000 1000 1000 1000 1414 3162 3162|0.001 -0.05077255637531808 -0.09773884863962579 0.010859420606168513
333 1000 333 333 333 333 333 1000 333 1000 333 1054 1054 471|0.001 -0.08229625657779294 -0.0973693319978508 -0.005415534040360548
3000 1000 3000 1000 1000 1000 1000 1000 3000 1000 3000 3162 1414 3162|0.001 -0.013311888573325215 -0.11178985105212647 -0.002576842662240786
1075 1875 625 573 573 1075 1075 333 947 625 802 1976 814 1104|0.001 -0.020675868419902654 -0.09342903935640523 0.0013459226677015046
581 1000 1744 1090 1398 1652 1875 1875 1090 1875 3269 1419 2169 2061|0.001 -0.12785242336233904 -0.04881053017534054 0.007396397885102157
1744 581 930 533 1000 1000 533 881 581 745 310 1097 1027 1419|0.001 -0.11683944979816063 -0.06587780027054291 -0.10235703013260933
573 333 573 1075 625 802 947 1875 1075 625 1075 814 1179 1244|0.001 -0.0971821797770378 -0.08940699919469774 0.0011081875914764616
333 533 573 573 573 306 306 333 427 178 505 1054 814 452|0.001 -0.028714927181486827 -0.0728100289134559 0.02993900301360819
581 1000 1744 1000 881 745 581 533 310 533 930 1419 1338 1099|0.001 -0.029862944229596122 -0.09297560951291528 0.022141556585750788
1600 1720 3000 1720 918 918 1720 1282 533 1516 1000 1887 1357 1302|0.001 -0.06292557598564175 -0.09873576758305913 0.07727572341065914
573 333 573 333 573 505 427 533 306 178 306 814 629 767|0.001 -0.022861380536507436 -0.11813692267167886 0.03074016691185566
1090 1875 1398 581 1744 3269 1090 1000 1875 1875 1652 1479 1419 3446|0.001 -0.07590522968087932 -0.08967554185398963 -0.16986718477249751
1720 3000 1720 2405 2842 3226 1875 1875 3226 5625 3226 2441 3547 4315|0.001 -0.2637403112314851 -0.003757072514417592 -0.014648156482431895
780 1182 416 716 1342 1342 716 780 2339 1342 1248 1475 1058 1904|0.001 -0.09604660891737948 -0.05357215359104717 -0.08629704697490692
1744 1000 581 1652 1875 1090 1398 1875 3269 1875 1090 1419 2508 2056|0.001 0.008985610749356887 -0.1759668341807752 0.028061538437051947
1135 1135 605 352 660 1979 1055 846 1135 660 605 1518 789 1610|0.001 -0.11049094995891795 -0.08231889629903066 -0.09496529326697756
2405 1875 2842 1720 1720 3226 3226 3000 1875 5625 3226 2243 2441 2545|0.001 -0.2357205277234864 -0.10286728237604015 -0.0036213975632626294
1000 533 881 581 1744 930 310 1000 581 533 745 1027 1419 1838|0.001 -0.07966714276369746 -0.09526780827114667 -0.19146623378450855
352 846 660 1135 605 605 1135 1135 1055 660 1979 1248 1165 859|0.001 -0.10587319698070363 -0.07039140951370593 0.025153427512356608
1720 3000 1720 1516 1282 1000 1720 533 918 1600 918 2441 1892 1990|0.001 -0.08310890150764916 0.011557255996335059 -0.02318083265331561
1744 1000 581 745 581 1000 881 533 930 533 310 1419 1157 1097|0.001 -0.008626966852123275 -0.13959083733185773 0.025453254635139366
716 780 1342 780 416 1248 2339 1182 716 1342 1342 1552 933 1015|0.001 -0.03476035378314535 -0.10216832782794838 0.04647334922330382
1516 533 1282 1720 1720 918 918 3000 1720 1600 1000 1196 2441 1766|0.001 -0.2357702004589768 -0.07130860626492708 -0.012589486965549623
1000 1000 1000 1000 1000 533 533 1000 1104 1000 1104 1414 1414 1133|0.001 -0.1053792320241076 -0.04862860382371714 -0.030735407604359777
1000 1000 1000 1000 1104 1104 1000 533 1000 533 1000 1414 1133 1489|0.001 -0.05584810745551505 -0.03363545217843544 -0.022195796926495204
533 1104 1000 1000 1000 1000 1000 1000 533 1104 1000 1133 1414 1133|0.001 -0.018161867273137622 -0.15635684999727228 0.054762651677062735
1000 1000 1000 1000 533 533 1000 1104 1000 1104 1000 1414 1133 1133|0.001 -0.06166110835494565 -0.11965909570957667 0.06614095261137543
1104 533 1000 1000 1000 1000 1000 1000 1104 533 1000 1133 1414 1489|0.001 -0.1058711822337366 -0.02048008575288085 -0.014234635357920356
1000 1000 1000 1000 1000 1104 1104 1000 533 1000 533 1414 1414 1133|0.001 -0.09763453263599287 -0.05869594091056585 -0.03131731358832823
1000 1000 1000 533 533 1000 1000 1000 1104 1000 1104 1414 1133 1414|0.001 -0.06846235766798991 -0.0661701740742926 0.0049565460572220665
1000 1104 533 1000 1000 1000 1000 1000 1000 1104 533 1414 1414 1414|0.001 -0.07973173483027285 -0.08329355953332729 0.015459905156802733
1875 1000 1875 1875 2069 2069 1875 1875 1875 1875 1875 2125 2652 2792|0.001 -0.18868714657158558 -0.07748184121265211 -0.02721046000226157
1000 1000 1000 533 1000 1000 533 1104 1000 1104 1000 1414 1414 1414|0.001 -0.0498163333309698 -0.09645613587227375 -0.04931516910509415
533 1000 533 1000 1000 1104 1104 1000 1000 1000 1000 1133 1414 1414|0.001 -0.008551434499491917 -0.15254679215270905 0.05460734720224014
2069 1875 1875 1875 1875 1875 1875 1000 2069 1875 1875 2652 2125 2792|0.001 -0.07998358414691986 -0.0610492712734656 -0.005229847451664327
1000 533 1104 1000 1000 1000 1000 1000 1000 533 1104 1414 1414 1414|0.001 -0.04927891971156284 -0.0669345592599746 0.009703332882979865
1000 1000 1000 1104 1104 1000 1000 1000 533 1000 533 1414 1489 1414|0.001 -0.10081977642581119 -0.06509007370909203 -0.020730153268494478
906 1000 906 906 483 483 906 906 906 906 906 1350 1282 1027|0.001 -0.020552168786879266 -0.12103685859343849 0.01246069233209246
1000 1000 1000 1104 1000 1000 1104 533 1000 533 1000 1414 1414 1414|0.001 -0.04692084370566563 -0.06213148112478417 -0.005562616742593729
483 906 906 906 906 906 906 1000 483 906 906 1282 1350 1027|0.001 -0.12095619922913747 -0.03721241815015097 -0.02286080901918286
1104 1000 1104 1000 1000 533 533 1000 1000 1000 1000 1489 1414 1414|0.001 -0.11564836673826462 -0.008008547787172748 -0.019761959016270092
1875 1875 2069 1875 1875 1875 1875 1000 1875 1875 2069 2125 2125 2652|0.001 -0.13870548907657043 -0.015675747173885535 -0.024724071423574134
906 1000 906 483 906 906 483 906 906 906 906 1350 1027 1282|0.001 -0.10907146572802784 -0.0362586720082958 -0.11507611091225889
533 1000 533 1104 1104 1000 1000 1000 1000 1000 1000 1133 1489 1133|0.001 -0.0645431446544864 -0.09100663700919998 -0.0018681004348564123
1875 1000 1875 2069 1875 1875 2069 1875 1875 1875 1875 2125 2125 2652|0.001 -0.06415269828979109 -0.14704077317011288 0.02619218779969179
906 906 483 906 906 906 906 1000 906 906 483 1027 1350 1282|0.001 -0.0348963647259104 -0.08163529674538372 -0.0023017616615406133
1104 1000 1104 533 533 1000 1000 1000 1000 1000 1000 1489 1133 1133|0.001 -0.051099782753764034 -0.07046923760781088 0.007506535773491585
1000 1000 1000 1104 1104 1104 1104 1000 3000 1000 3000 1414 1489 2054|0.001 -0.08285534562667896 -0.07888501816292526 -0.017596581472864026
906 1000 906 906 2719 2719 906 1000 906 1000 906 1350 1861 2866|0.001 -0.07858335653016635 -0.08909194616632754 -0.17766180012669164
1104 3000 1104 1000 1000 1000 1000 1000 1104 3000 1104 2054 1414 1489|0.001 -0.12046814948960649 -0.018242623005935155 -0.01658232728199427
1000 1000 1000 1104 1104 1104 1104 3000 1000 3000 1000 1414 2054 1489|0.001 -0.39429928846247186 -0.02929263782402547 -0.016961246425576393
2719 1000 906 906 906 906 906 1000 2719 1000 906 1861 1350 2866|0.001 -0.0009294984427643538 -0.1370167427906488 0.015142421953768803
1104 1000 1104 1000 1000 3000 3000 1000 1104 1000 1104 1489 1414 2054|0.001 -0.09471643258794238 -0.06476493045092457 -0.005004347596195835
1000 1000 1000 1104 1104 1104 1104 1000 3000 1000 3000 1414 1489 2054|0.001 0.0038875617621458858 -0.12853524189086252 0.03390838515567651
1104 3000 1104 1000 1000 1000 1000 1000 1104 3000 1104 2054 1414 1489|0.001 -0.14271396383983004 -0.00930497967046251 -0.02234819852516501
906 1000 906 906 2719 2719 906 1000 906 1000 906 1350 1861 2866|0.001 -0.09617029559730428 -0.07285293231507728 -0.20901088530248524
1000 1000 1000 1104 1104 1104 1104 3000 1000 3000 1000 1414 2054 1489|0.001 -0.33111904845393725 -0.03553035487279588 -0.023873650444260486
1104 1000 1104 1000 1000 3000 3000 1000 1104 1000 1104 1489 1414 2054|0.001 -0.07087045110901746 -0.09440975924673078 -0.0023987595075647405
2719 1000 906 906 906 906 906 1000 2719 1000 906 1861 1350 2866|0.001 -0.01728083291787419 -0.13527478879277077 0.0157408020627825
906 1000 2719 906 906 906 906 1000 906 1000 2719 1861 1350 1282|0.001 -0.15383429875294286 -0.016456190938013426 -0.05008916156834187
333 1000 333 368 368 368 368 333 333 333 333 1054 685 496|0.001 -0.047066861429736484 -0.04224993978914293 -0.04552242394384787
368 333 368 333 333 333 333 1000 368 333 368 685 1054 496|0.001 -0.03445611485761502 -0.08033981736124685 0.002768693943131506
3000 1000 3000 1104 1104 1104 1104 1000 1000 1000 1000 3162 1489 2054|0.001 -0.05529231113670208 -0.10035422935988692 0.024117185916627815
906 1000 2719 906 906 906 906 1000 906 1000 2719 1861 1350 1282|0.001 -0.02879187742571454 -0.07146708095172927 -0.0009995681567265269
333 1000 333 368 368 368 368 333 333 333 333 1054 685 496|0.001 -0.02004366084981335 -0.08958399362649971 0.001829348895605598
368 333 368 333 333 333 333 1000 368 333 368 685 1054 496|0.001 -0.09408559317875209 -0.02478491955809292 -0.005057283670509838
3000 1000 3000 1104 1104 1104 1104 1000 1000 1000 1000 3162 1489 2054|0.001 -0.02086943855709844 -0.08022159540948981 0.010943096206501579
573 533 333 739 573 268 345 533 506 316 317 629 1153 739|0.001 -0.034109903951209386 -0.09762770403029197 -0.0010087604144470852
721 776 1353 451 429 685 776 467 427 362 721 1559 829 281|0.001 -0.01342948689698975 -0.09663757918001892 -0.010771878402351387
1035 952 2218 3000 1600 947 1600 1720 803 1519 1720 1838 1887 1790|0.001 -0.10526497221201025 -0.039366496925443695 0.001566655688887142
930 581 1744 1000 467 602 1289 883 550 553 930 1838 1288 721|0.001 -0.104468885660286 -0.08275559720711478 0.042593574487466146
883 467 1000 1744 930 550 930 1289 553 602 581 1288 1366 1406|0.001 -0.02701565650687132 -0.10127216682409901 0.051879861284287454
739 533 573 573 333 317 506 533 345 316 268 783 1054 613|0.001 -0.07881988771193282 -0.006301954010804467 -0.04856330816386478
625 1875 1075 502 647 1386 1075 592 595 1000 950 1179 776 1104|0.001 -0.042670662957692285 -0.08785287800238684 -0.01004651930985756
1000 883 467 930 1744 930 550 581 1289 553 602 1027 1097 1366|0.001 -0.0697020188642461 -0.10802720256814391 -0.05949688669590225
1179 1289 1993 2143 1892 1186 1246 2143 1993 2763 3737 1546 2200 776|0.001 -0.09003408300095384 -0.1092184303711119 -0.017913087760956792
3000 1720 1600 1035 2218 1720 803 952 1600 1519 947 3162 1766 3458|0.001 -0.10233677893074278 -0.04775760098062354 -0.10995907261607041
502 592 647 625 1075 950 595 1875 1075 1000 1386 1119 1976 1104|0.001 -0.13883943946458643 -0.05840335420635223 -0.020705294929596052
920 2143 966 1546 915 1546 2898 776 1468 1662 1662 1706 1729 2338|0.001 -0.10170891422138784 -0.08445684787007912 0.050992177483912826
451 467 429 721 1353 721 427 776 776 362 685 796 1059 851|0.001 -0.09527112924598513 -0.09563299163133476 -0.08666422757836689
1075 1875 1386 595 950 1075 625 592 502 1000 647 1468 390 1104|0.001 -0.07411479323691794 -0.021143402992295224 -0.0041267646738485375
994 1596 1681 2330 1087 843 1807 1051 1681 1807 3152 655 1856 1304|0.001 -0.07379621153253968 -0.08094133491391875 0.03061698901876131
1744 1289 930 883 1000 581 553 467 930 602 550 2010 1027 1838|0.001 0.0012290831745431774 -0.11514444722527717 0.023203265996383227
528 1132 1132 1053 623 1053 1974 626 681 658 1460 1163 1593 1178|0.001 -0.03212176741824502 -0.06942694753682921 0.027908060530716927
595 592 950 1075 1386 647 502 1875 625 1000 1075 1512 2161 1104|0.001 -0.1196624395616297 -0.09632841300759587 -0.01830575401914225
2143 2143 1892 1179 1993 3737 1993 1289 1246 2763 1186 2760 2230 2350|0.001 -0.0990406676475386 -0.08344431306882005 -0.061975146565046435
1053 626 623 528 1132 1460 681 1132 1974 658 1053 410 1459 2276|0.001 -0.08656389444815615 -0.07977891520807634 -0.0857430099955625
1093 1690 848 1605 1006 1056 1817 1690 2343 3169 1817 1891 659 1942|0.001 -0.1299682469612451 -0.06871486176706743 -0.010002717078146928
1546 776 915 920 966 1662 1468 2143 2898 1662 1546 1199 1776 3055|0.001 -0.18232682127567346 -0.07224878112126909 4.8089955484442726e-06
2330 1051 1087 994 1681 3152 1681 1596 1807 1807 843 1931 2542 2468|0.001 -0.06208665680542902 -0.09177353437812008 -0.052018643030173894
1605 1690 1006 1093 848 1817 2343 1690 1817 3169 1056 2556 1311 2341|0.001 -0.1386033676184606 -0.07307643765700811 0.009750671217285678
625 1000 625 647 502 292 502 592 217 592 217 1179 1119 690|0.001 -0.09730683994010114 -0.0006583611679233936 -0.02066993532092387
915 776 1546 966 335 335 966 776 915 451 1546 1729 1239 974|0.001 -0.07899874207719093 -0.09894411332948216 0.07916722808360754
803 347 1035 1600 1600 947 947 1000 467 347 803 1282 1887 1667|0.001 -0.09563586700455984 -0.03416879521359162 -0.020741199843206104
1600 1000 1600 803 467 803 1035 347 947 347 947 1887 1104 1055|0.001 -0.03636240789714473 -0.012256211745875767 -0.014313137111010565
432 581 1246 1993 1179 1179 1993 1289 432 1000 1246 1374 1546 1256|0.001 -0.11574554278449334 -0.03016233864060247 0.022608266292833967
647 592 502 625 625 217 217 1000 502 592 292 776 1179 802|0.001 -0.078078414490792 -0.06020524281939332 -0.03467892657098459
625 1000 625 292 502 647 502 592 217 592 217 1179 660 547|0.001 -0.03312352193900914 -0.08110314354744186 0.005976645285121762
803 347 467 1600 1600 947 947 1000 1035 347 803 581 1887 1241|0.001 -0.04989219482402607 -0.03960571297727644 -0.022231518089319557
2029 1720 3429 2143 743 743 2143 1720 2029 2218 3429 2262 1246 2160|0.001 -0.08449512203593024 -0.0847544845818693 0.08631889079675936
1600 1000 1600 803 1035 803 467 347 947 347 947 1887 875 1790|0.001 -0.005500848971176087 -0.10245357664132038 0.009495963336059177
292 592 502 625 625 217 217 1000 502 592 647 1042 1179 363|0.001 -0.08826310106650359 -0.08072296462370399 -0.028513726525576377
432 1289 1246 1993 1179 1179 1993 581 432 1000 1246 1089 2076 1256|0.001 -0.0615370325588116 -0.08197462444170855 0.0031165346489414603
966 776 335 915 1546 1546 915 776 966 451 335 845 1199 1823|0.001 -0.0377795693421179 -0.14030408148823614 -0.02153854999350613
848 1690 1093 366 366 1056 1056 1000 493 1690 848 1311 1065 614|0.001 -0.060836586372362556 -0.09145075519623624 0.0048576012189816
2731 1000 2731 2986 2316 1346 2316 2885 4615 2885 4615 2908 2523 3045|0.001 0.0031281793388648893 -0.16701625063110792 0.0197598286789491
1993 1289 1179 432 1246 1246 432 581 1993 1000 1179 2230 724 2350|0.001 -0.10661587270318518 -0.06502477699419806 -0.20683854526001189
1346 2885 2316 2731 2731 4615 4615 1000 2316 2885 2986 1677 2908 4808|0.001 -0.10881507016587633 -0.05681683803192339 -0.002411357417823057
366 1000 366 848 1093 848 493 1690 1056 1690 1056 1065 1891 924|0.001 -0.12156450970818855 -0.0899004017030769 -0.013558399350800387
2143 1720 743 2029 3429 3429 2029 1720 2143 2218 743 2365 3571 4043|0.001 -0.046194301511307545 -0.12935047390251198 -0.024637518474585063
2731 1000 2731 1346 2316 2986 2316 2885 4615 2885 4615 2908 3183 5164|0.001 -0.08200970889365333 -0.157321453478525 0.04396919348464978
848 1690 493 366 366 1056 1056 1000 1093 1690 848 1761 1065 1355|0.001 -0.056879955530784176 -0.11071509404145918 -0.005434940194152249
1993 581 1179 432 1246 1246 432 1289 1993 1000 1179 1315 1597 2350|0.001 -0.11920639797180388 -0.0461984795778525 -0.25290487425578045
2986 2885 2316 2731 2731 4615 4615 1000 2316 2885 1346 3699 2908 3581|0.001 -0.10854109366151721 -0.060629543334242975 -0.0054801998834808074
366 1000 366 848 493 848 1093 1690 1056 1690 1056 1065 1115 1166|0.001 -0.19464199075446942 -0.044097755354924884 -0.027528101043806652
1744 1000 581 467 1000 581 271 883 930 1047 201 1419 1027 1838|0.001 -0.06529498554708413 -0.1097342622019215 -0.07473308413361135
467 347 803 1720 1720 1801 1519 3000 1000 1600 1720 1104 2441 1990|0.001 -0.2817180771899308 -0.06491111179716458 0.00823624073282625
573 333 573 573 333 156 268 533 600 116 506 814 1054 594|0.001 -0.025528360116356952 -0.11614271624647676 0.033799529521461036
930 581 1744 1000 883 1047 1000 467 201 271 581 1838 1288 938|0.001 -0.0559923191175804 -0.05256600738453798 -0.02412119809806934
581 1000 1744 581 271 467 1000 1047 201 883 930 1419 1036 338|0.001 -0.02964415676992682 -0.056624402879155156 0.029949123920316456
573 533 333 573 573 506 600 333 268 116 156 629 814 739|0.001 -0.017170000027866283 -0.09044537873364566 -0.023812717439553044
743 1720 2143 3687 3860 3256 3687 2143 3429 3687 6429 1246 4264 3458|0.001 -0.12067394902472994 -0.07477003220326184 -0.0010042538326393569
1246 581 432 1892 2143 2143 2243 2143 3737 1246 1993 724 2760 3041|0.001 -0.12085216437946023 -0.09428028296020408 -0.010189616656740563
1132 1132 528 228 1053 1974 658 1185 658 1132 307 1459 1326 1242|0.001 -0.08738158934005535 -0.08960990083928477 -0.2960789960233545
5196 4615 4383 2316 1346 2885 4963 2885 4963 8654 4963 5811 1677 5142|0.001 -0.3498073649794087 -0.049057992192071964 0.008901798581790743
1000 467 883 930 1744 581 201 581 1000 271 1047 1027 1097 1419|0.001 -0.09990502784936295 -0.0308309209631219 -0.13507157917586388
625 1875 1075 950 1126 1075 1075 217 292 625 502 1179 1009 1244|0.001 -0.01702866469587283 -0.07341811635047546 0.0033093349535828764
228 1185 1053 1132 528 307 658 1132 658 1132 1974 1062 1163 383|0.001 -0.11914729960764148 -0.02645981498472838 0.026008510778960936
3000 1720 1600 1801 1720 1720 1519 467 1000 803 347 3162 1990 2441|0.001 -0.029475783046116755 -0.11516831106137104 0.02805802009329339
950 217 1126 625 1075 502 292 1875 1075 625 1075 1259 1976 1104|0.001 -0.07113600578351531 -0.04218105029519026 -0.014230847117012724
259 955 555 888 192 555 1666 844 446 955 955 1105 1118 613|0.001 -0.024237832673636994 -0.1387447962148436 0.07352955462499144
3687 2143 3860 743 2143 6429 3429 1720 3687 3687 3256 3820 2365 5231|0.001 -0.07445072976610456 -0.10625863582659378 -0.15886869128070136
2316 2885 1346 5196 4383 4963 4963 4615 4963 8654 2885 3183 4655 6393|0.001 -0.5315759246394403 -0.028282374914014863 -0.011670876563947274
1075 1875 625 502 292 625 1075 592 1126 1000 848 1976 1042 1244|0.001 -0.009922706586831254 -0.09449286161182346 0.011567013634810053
1179 581 1993 1246 1690 2243 2143 2143 1993 1246 3737 2076 2479 3246|0.001 -0.139372282167618 -0.09082258719639635 0.006512908089084668
1720 1357 803 1600 3000 1600 947 1720 1000 1801 467 1990 3162 3162|0.001 -0.0896082125012343 -0.05983124323738154 -0.07682314655725109
1744 581 930 271 581 1000 467 1047 930 789 550 1097 1157 1097|0.001 -0.12032845148534865 -0.034692402246810916 -0.1627431944219182
3860 2143 3687 3429 2029 3429 6429 1720 2908 3687 2143 4264 2262 2466|0.001 -0.10087187833233813 -0.06536135633900986 0.03792755001210679
502 592 292 1075 625 848 1126 1875 1075 1000 625 660 1179 1244|0.001 -0.11734936361312065 -0.09067147898152661 -0.013677096307743719
333 533 573 333 573 268 156 533 452 316 600 1054 629 427|0.001 -0.04267335408137951 -0.04723745571443505 0.0109049675039663
271 1047 581 1744 930 550 930 581 467 789 1000 1036 1838 613|0.001 -0.1330430373915492 -0.03375041815295576 0.01873890318958793
1600 1720 3000 1720 1801 1357 1000 467 947 803 1600 1887 1783 2606|0.001 -0.04300829124986527 -0.049257938156219705 0.009274748441316927
1600 1720 3000 1720 803 467 1000 1357 947 1801 1600 1887 1282 1667|0.001 -0.02808050287676389 -0.1074705200874948 0.026606582049994998
333 533 573 333 573 600 452 533 156 316 268 1054 629 594|0.001 -0.009332760510145643 -0.09855575837021457 0.029917969857702342
789 467 581 1744 930 550 930 581 1047 271 1000 745 1838 669|0.001 -0.05769816031457875 -0.11017862307993509 0.06794784116140207
1246 2143 1690 1179 1993 3737 1993 581 2143 1246 2243 1597 1315 3939|0.001 -0.08750197445246632 -0.07508147734650361 -0.06607187846253693
493 1690 848 1434 1903 1817 1056 1690 1056 3169 1817 1115 2753 1883|0.001 -0.1655605462930787 -0.09717457433707555 0.002441659682650421
1179 1327 698 592 1268 737 344 737 2210 1268 1179 1920 945 1390|0.001 -0.10084338077063215 -0.032732812869917804 -0.12347380047679213
3429 1720 2029 3860 3687 2143 2908 2143 6429 3687 3429 3571 3820 4043|0.001 -0.12831426799608914 -0.09829311289248577 -0.0014841481937011292
555 955 259 526 888 1666 888 753 955 555 446 990 639 1756|0.001 -0.0818786925937609 -0.09183098856185512 -0.0715699002189607
1434 1690 1903 493 848 1817 1056 1690 1056 3169 1817 1216 1761 1355|0.001 -0.14045171862211103 -0.08551567331145149 0.005114561836390141
1720 467 1801 1600 3000 1600 947 1720 1000 803 1357 1990 3162 3162|0.001 -0.08398648829364475 -0.09339521624701086 -0.1010917357421448
526 753 888 555 259 446 955 955 888 555 1666 1447 1105 925|0.001 -0.09833941265607438 -0.0839018782415446 0.044583956870900554
1075 1875 625 1126 848 625 1075 592 502 1000 292 1976 1629 1244|0.001 -0.07376127592007009 -0.05128940170100571 -0.016891029948897796
1744 581 930 789 581 1000 1047 467 930 271 550 1097 1157 1097|0.001 -0.02212216107360221 -0.08385391427166988 0.010906995287041088
592 737 1268 1179 698 1179 2210 1327 344 1268 737 1466 848 778|0.001 -0.10637291921489989 -0.0571389021393387 0.030813921629417873
1126 592 848 1075 625 292 502 1875 1075 1000 625 719 1179 1244|0.001 -0.14474065624240695 -0.08304245209160843 -0.014480032363010098
581 1000 1744 581 789 883 1000 467 387 467 930 1419 745 730|0.001 -0.044937135545035645 -0.06785580635253363 -0.029592985549187212
930 581 1744 1000 467 467 1000 883 387 789 581 1838 1288 760|0.001 -0.09967217685403207 -0.05847944174733999 0.04996006702695732
573 333 573 573 333 452 506 533 268 222 268 814 1054 427|0.001 -0.028404617042622204 -0.044715244157823575 -0.005809358114522434
625 1875 1075 502 502 1075 1075 417 848 625 950 1179 818 1244|0.001 -0.028456801632846807 -0.08771154342627097 0.0014736690856143042
830 1000 1993 2143 1892 1690 1246 2143 1246 2143 3737 1629 2200 1563|0.001 -0.10785447476270416 -0.09028982224464022 0.036341975978655405
3000 1720 1600 803 1720 1720 803 1357 1000 1519 667 3162 1990 2441|0.001 -0.09849105486229193 -0.07502365810344136 -0.10260785363364722
502 417 502 625 1075 950 848 1875 1075 625 1075 818 1976 1104|0.001 -0.06376421395197562 -0.07334820637738049 -0.011934917577379744
581 467 789 581 1744 930 387 1000 1000 467 883 1157 1419 1097|0.001 -0.1072694750544867 -0.030445517980639547 -0.23191586352446447
1720 3000 1720 1357 1519 1720 1000 667 803 1600 803 2441 1255 1766|0.001 -0.08901532962028225 -0.019549984440810908 -0.020253345342133855
1744 1000 581 883 1000 581 789 467 930 467 387 1419 1027 1838|0.001 -0.0016801189164727948 -0.12459967498217539 0.011714871677201977
528 1132 1132 658 439 1053 1974 893 528 658 1132 1163 1301 861|0.001 -0.05657791332221884 -0.12059761964155813 0.03568974377695211
1357 667 1519 1720 1720 803 803 3000 1000 1600 1720 1977 2441 1990|0.001 -0.08688849869155413 -0.1304823819639156 -0.004679802790529264
2143 2143 1892 830 1993 3737 1246 1000 1246 2143 1690 2760 1629 2350|0.001 -0.09550074145994958 -0.052671245811313216 -0.11098991816548942
658 893 439 528 1132 1132 528 1132 1974 658 1053 826 1459 1607|0.001 -0.0915275457634579 -0.07002804241082461 -0.08516525228785765
1204 2400 1204 2279 2036 1500 2581 1500 2581 4500 2581 1962 1883 1924|0.001 -0.20777422083163688 -0.005163120534765753 -0.022598029630551686
1993 1000 830 1690 1246 2143 1892 2143 3737 2143 1246 1629 1597 3939|0.001 -0.06711716521282551 -0.14246325222374678 0.0184569828834813
1268 737 592 491 737 2210 1179 1120 1268 1268 592 945 1457 1799|0.001 -0.0675020807161264 -0.09059797417284243 -0.03797495690304853
2279 1500 2036 1204 1204 2581 2581 2400 2581 4500 1500 2966 1962 3324|0.001 -0.20952432398262166 -0.06172466764731488 0.010296243881477984
1386 1433 820 58 866 866 58 1000 1386 1433 820 2171 1025 1634|0.001 -0.09454185404312643 -0.08139276814857377 -1.3524400578684515
14200 1000 14200 24808 24808 17317 17317 15000 24000 15000 24000 14235 25109 13544|0.001 -1.0969053082424485 -0.0938680323528518 0.0191433802523977
1220 1690 1747 70 70 1056 1056 1000 1220 1690 1747 954 1002 1250|0.001 -0.08170777727907863 -0.09627781134956881 0.014254475426933588
967 698 572 40 605 605 40 1000 967 698 572 546 1012 1141|0.001 -0.09498195947311938 -0.08136875858911763 -1.3572356306290523
14200 1000 14200 17317 17317 24808 24808 15000 24000 15000 24000 14235 17745 37596|0.001 -1.7249589428578604 -0.013439820858107687 -0.024514027541283623
1747 1690 1220 70 70 1056 1056 1000 1747 1690 1220 2648 1002 1768|0.001 -0.08296479213390051 -0.0964544472525064 0.007542725342295498
58 1000 866 1386 820 820 1386 1433 58 1433 866 1025 782 822|0.001 -0.04921641689740519 -0.07417498500475905 0.015186202303794083
1654 67 1654 1600 1600 947 947 1000 1154 67 1154 1674 1887 2506|0.001 -0.08383740346519675 -0.07774896549936461 -0.007489988621579569
625 1000 625 1034 722 722 1034 592 42 592 42 1179 1567 739|0.001 -0.030832220778674868 -0.08911610387022373 -0.007331755903190462
40 1000 605 967 572 572 967 698 40 698 605 1012 1515 574|0.001 -0.06120935951695605 -0.0693968270904366 -0.0010161875352354688
1154 67 1154 1600 1600 947 947 1000 1654 67 1654 1183 1887 903|0.001 -0.040053535774345894 -0.06225542874290335 0.004300609360183838
625 1000 625 722 1034 1034 722 592 42 592 42 1179 564 1046|0.001 -0.025828874839268767 -0.08483030083418663 0.017508794739589106
625 1000 625 502 502 647 647 417 217 417 217 1179 818 547|0.001 -0.03534197155819041 -0.08708732679560405 -0.004170987855736108
830 1000 1993 1246 432 432 1246 1289 830 1289 1993 1629 1089 936|0.001 -0.10860251718266989 -0.05557426240377694 0.07228637466891064
1035 347 803 1600 1600 667 667 1000 1035 347 803 875 1887 1462|0.001 -0.009849723825430257 -0.12586074581990125 0.011800391748721939
1600 1000 1600 803 1035 1035 803 347 667 347 667 1887 875 1462|0.001 -0.030678242712427473 -0.07255520314657038 -0.021555009739308018
432 1289 1246 1993 830 830 1993 1000 432 1289 1246 1089 1629 936|0.001 -0.08516252451676642 -0.0763464219403287 0.038256566715331175
502 417 502 625 625 217 217 1000 647 417 647 818 1179 547|0.001 -0.06029781119447408 -0.09516419527543118 -0.019261471069805802
625 1000 625 647 647 502 502 417 217 417 217 1179 914 802|0.001 -0.017671119203471752 -0.11259864571480094 -0.003407574514601164
803 347 1035 1600 1600 667 667 1000 803 347 1035 1282 1887 1308|0.001 -0.03857851913299348 -0.11220092230481815 -0.000916053473837275
644 1000 1546 966 335 335 966 776 644 776 1546 1413 1239 726|0.001 -0.08758361506603918 -0.08158899116758267 0.07625685630785917
1600 1000 1600 1035 803 803 1035 347 667 347 667 1887 1282 1308|0.001 -0.03299502507867702 -0.0760466292857076 0.017159815319243155
647 417 647 625 625 217 217 1000 502 417 502 914 1179 802|0.001 -0.06594890683469301 -0.08174347677556759 -0.013392794037568878
335 776 966 1546 644 644 1546 1000 335 776 966 1239 1413 726|0.001 -0.03231352521544384 -0.0844094797221262 0.01881929381954306
1246 1289 432 830 1993 1993 830 1000 1246 1289 432 1597 1629 2350|0.001 -0.06851630215689242 -0.09707604655802893 -0.11512133120860413
1204 2400 1204 520 520 1500 1500 1000 1553 2400 1553 1962 1127 1924|0.001 -0.10671063804037706 -0.06947929681748621 0.003371397144760202
1923 1000 1923 2316 2986 2986 2316 2885 4615 2885 4615 2168 3699 4218|0.001 -0.20953225986007573 -0.12052231490904952 0.006240108582376003
1993 1000 830 432 1246 1246 432 1289 1993 1289 830 1629 1597 2350|0.001 -0.1116446488642664 -0.06345807037034579 -0.21336423516870373
2986 2885 2316 1923 1923 4615 4615 1000 2986 2885 2316 3699 2168 4218|0.001 -0.10456067327130336 -0.08329893449904757 0.007525808691710711
520 1000 520 1204 1204 1553 1553 2400 1500 2400 1500 1127 1962 1924|0.001 -0.23612180608647892 -0.08731471097902621 -0.00676808118433514
966 776 335 644 1546 1546 644 1000 966 776 335 845 1413 1823|0.001 -0.0644189960481123 -0.1073727408092473 -0.10125811753664671
1923 1000 1923 2986 2316 2316 2986 2885 4615 2885 4615 2168 2523 3774|0.001 -0.16846093353309333 -0.06424623076396907 0.008495211393175772
1553 2400 1553 520 520 1500 1500 1000 1204 2400 1204 2193 1127 1312|0.001 -0.07436830337282929 -0.07927072357140297 0.020436235545489012
1546 1000 644 335 966 966 335 776 1546 776 644 1413 845 1823|0.001 -0.08424576930006755 -0.06936239510915265 -0.1690681353521506
2316 2885 2986 1923 1923 4615 4615 1000 2316 2885 2986 2523 2168 3774|0.001 -0.1053517427773798 -0.09266766887727873 -0.003815410021911214
520 1000 520 1553 1553 1204 1204 2400 1500 2400 1500 1127 2193 1312|0.001 -0.19594536374178073 -0.06224294551028353 -0.004380791324983813
1744 1000 581 467 1000 1289 602 883 930 681 201 1419 1027 1366|0.001 -0.05444586023293896 -0.11586763667525424 -0.07110819463130746
1035 347 803 1720 1720 1172 1519 3000 2218 1600 1720 875 2441 1510|0.001 -0.22091328345566486 -0.06728695418216302 0.006199348829536433
573 333 573 573 739 345 268 533 391 116 506 814 783 859|0.001 -0.01228334704612033 -0.09398233031023051 0.017450698784040597
930 1289 1744 1000 883 681 1000 467 201 602 581 1366 1288 1027|0.001 -0.040096320617108994 -0.05456160146467437 -0.024068861951536125
581 1000 1744 1289 602 467 1000 681 201 883 930 1419 1498 745|0.001 -0.1275591193270309 -0.03470639840234768 0.0719322405929601
573 533 739 573 573 506 391 333 268 116 345 1153 814 739|0.001 -0.019016185399540753 -0.08303751860286757 0.0001356515274908432
335 776 966 1662 1132 1468 1662 2143 1546 1662 2898 1239 1459 1707|0.001 -0.1706731775876602 -0.08876118216818663 0.027945727901634854
1246 1289 432 1892 2143 2143 1459 2143 3737 2763 1993 1597 2760 3041|0.001 -0.145347178115941 -0.07886367330803279 0.0013395281822226046
1132 1132 528 228 1053 1974 658 771 1460 1132 681 1459 850 2276|0.001 -0.10528228885073432 -0.057058097198318114 -0.35768685741419115
3380 4615 4383 2316 2986 6398 4963 2885 4963 8654 4963 3726 3699 7436|0.001 -0.3268170595898401 -0.062304680210216734 0.014416255453957305
1000 467 883 930 1744 581 201 1289 1000 602 681 1027 2010 1419|0.001 -0.11585614741430161 -0.0367149029881797 -0.1362362534337469
1386 1875 1075 950 732 1075 1075 217 647 625 502 2161 1104 944|0.001 -0.027109905878955898 -0.025609706313209912 -0.010280458889878608
228 771 1053 1132 528 681 1460 1132 658 1132 1974 1163 1163 844|0.001 -0.10820998400534965 -0.03153599651715577 0.033831558136068196
1353 776 721 528 776 776 685 467 451 362 156 1059 681 1101|0.001 -0.011751348474613454 -0.10844158120531078 -0.008999611703481847
950 217 732 1386 1075 502 647 1875 1075 625 1075 807 1468 1104|0.001 -0.133361692737044 -0.09374664904129082 0.025988685520952348
883 1468 1893 1366 296 853 2560 1297 685 1468 1468 1289 1102 746|0.001 -0.05061206528565565 -0.10452024196073162 0.0659373628418014
1662 2143 1132 335 966 2898 1546 776 1662 1662 1468 2490 845 2358|0.001 -0.0739511813513527 -0.10553621624133758 -0.13837678432235268
2316 2885 2986 3380 4383 4963 4963 4615 4963 8654 6398 2523 5097 6393|0.001 -0.5349932386389211 -0.03371129499284309 0.0022626939671743784
1075 1875 625 647 647 1386 1386 417 732 625 595 1976 914 944|0.001 -0.029092021091916553 -0.07901262189890512 -0.018454275065871162
644 1000 1546 966 920 1132 1662 2143 966 2143 2898 1413 1706 1666|0.001 -0.1161609869096003 -0.08848267978605495 0.007573863712218021
1744 581 930 602 1289 1289 602 681 581 553 387 1097 878 1636|0.001 -0.13637657074634713 -0.03756640195453742 -0.15247929225583934
647 417 647 1075 625 595 732 1875 1386 625 1386 914 1179 1104|0.001 -0.15929876802025067 -0.06919302019656515 -0.048817504292674174
451 1000 1353 776 528 429 451 467 301 467 721 1269 1162 777|0.001 -0.014314195258039453 -0.08264181225503764 0.007455793224508955
1600 1720 3000 2218 1035 1035 2218 952 667 1172 1000 1887 1838 1462|0.001 -0.11454853512201657 -0.07130656384392475 0.034386794269050114
739 333 739 333 573 391 317 533 345 222 345 938 629 859|0.001 -0.0436852188757042 -0.07317045004599065 -0.014617867785785554
966 2143 920 644 1546 2898 966 1000 1662 2143 1132 1776 1413 3055|0.001 -0.09155888286321301 -0.09220103504483323 -0.11450949811388611
1553 2400 1553 1428 1757 2581 1500 1500 3327 4500 3327 2193 2586 3867|0.001 -0.19599367112306587 -0.012700368364901848 -0.02198715808502283
1051 1231 700 1087 2330 2330 1087 1051 3152 1807 1681 1811 1931 2956|0.001 -0.0918776718647174 -0.08372666377697846 -0.11050458313981881
1546 1000 644 1132 1662 966 920 2143 2898 2143 966 1413 2490 1823|0.001 0.0006842262190098758 -0.15144190418083014 0.019368608420784472
1893 1468 883 569 853 2560 1366 812 1893 853 883 2200 683 2402|0.001 -0.10533946973901975 -0.06282829757914499 -0.05607838757410333
1428 1500 1757 1553 1553 3327 3327 2400 1500 4500 2581 1199 2193 2757|0.001 -0.19064292956511464 -0.08813407844431187 -0.02269193732426844
776 467 528 451 1353 721 301 1000 451 467 429 681 1269 1426|0.001 -0.07663134791655923 -0.030809082528987508 -0.18543663703537105
2218 3000 2218 1172 952 1000 1720 667 1035 1600 1035 2814 1724 1766|0.001 -0.10544766656305993 0.00698987540894036 -0.017414952560020902
1353 1000 451 429 451 776 528 467 721 467 301 1269 796 851|0.001 -0.00012111336235243186 -0.13165006743176 0.021714330552224936
1087 1051 2330 1051 700 1681 3152 1231 1087 1807 2330 1856 840 1536|0.001 -0.0933897039466236 -0.08327286754350016 0.03978143701917736
1172 667 952 2218 2218 1035 1035 3000 1720 1600 1000 800 2814 1510|0.001 -0.2682525985548678 -0.03172447393283151 -0.014159500255404023
520 1000 520 2036 2279 1757 1428 1500 2400 1500 2400 1127 2966 1938|0.001 -0.055947220760602656 -0.1205205526274522 0.03542897025208269
737 1120 491 255 1179 1179 255 701 737 863 491 1457 808 1390|0.001 -0.08645794526842776 -0.1048431108923964 -0.31928006712520274
1923 1000 1923 4383 3380 2746 3915 4615 2885 4615 2885 2168 3726 2307|0.001 -0.45929558999127096 -0.04360990651433361 0.004087551977201009
2036 1500 2279 520 520 2400 2400 1000 1428 1500 1757 1883 1127 1645|0.001 -0.05388618404924883 -0.08649557940618613 0.027655135751787352
520 1000 520 1757 1428 2036 2279 1500 2400 1500 2400 1127 1199 2444|0.001 -0.10820929223342102 -0.04802495646694993 0.0031780238847689546
853 812 569 296 1366 1366 296 1297 853 1158 569 683 1508 1610|0.001 -0.09066053694998244 -0.10200227774173065 -0.3177095827096843
1923 1000 1923 2746 3915 4383 3380 4615 2885 4615 2885 2168 4701 5703|0.001 -0.5062435709194346 -0.03495850965950398 0.0011143282102743512
1757 1500 1428 520 520 2400 2400 1000 2279 1500 2036 2586 1127 2650|0.001 -0.08085711051868061 -0.09924161222911287 -0.0020500118675981227
255 701 1179 737 491 491 737 1120 255 863 1179 1201 925 554|0.001 -0.04422320907764066 -0.07482685162408798 0.037810330312582074
625 1000 625 848 595 732 950 217 417 217 417 1179 1018 500|0.001 -0.029687240419135064 -0.0219678257141509 -0.02139400123955748
732 217 950 625 625 417 417 1000 595 217 848 1104 1179 1078|0.001 -0.10229162714284201 -0.041300017660131916 0.010891638558068184
1600 1000 1600 1519 1357 952 1172 667 347 667 347 1887 1977 1630|0.001 -0.016566457084391528 -0.11702292076752885 -0.004032563717780713
296 1297 1366 853 569 569 853 812 296 1158 1366 1102 1472 641|0.001 -0.08104168015098834 -0.0516813552726747 0.0355452743190976
625 1000 625 732 950 848 595 217 417 217 417 1179 807 1236|0.001 -0.007309692067560825 -0.06942408315339876 0.006593086728290398
848 217 595 625 625 417 417 1000 950 217 732 685 1179 784|0.001 -0.05310798014036333 -0.06289892062810609 0.022783770873677778
1600 1000 1600 952 1172 1519 1357 667 347 667 347 1887 800 1292|0.001 -0.06362004560823808 -0.05614168464055935 -0.03301114897913626
451 1000 1353 451 429 528 776 467 301 467 721 1269 829 361|0.001 -0.02551677276130926 -0.08547463033243607 0.027153926281413554
930 581 1744 1289 602 602 1289 681 387 553 581 1838 1498 850|0.001 -0.06129962010084533 -0.10952184669922538 0.0839199396812007
739 333 739 573 333 317 391 533 345 222 345 938 1054 613|0.001 -0.046560791953369485 -0.07204588665929545 0.013041787743033328
625 1875 1075 647 647 1386 1386 417 595 625 732 1179 914 1104|0.001 -0.04157273594985411 -0.08436040487714513 0.005859443604065984
644 1000 1546 1662 1132 920 966 2143 966 2143 2898 1413 1459 773|0.001 -0.1991700160627763 -0.07961979975754208 0.005726609981269171
3000 1720 1600 1035 2218 2218 1035 952 1000 1172 667 3162 1766 2814|0.001 -0.10706646150167143 -0.0417765960129568 -0.14500248745279998
647 417 647 625 1075 732 595 1875 1386 625 1386 914 1976 944|0.001 -0.12210853044893888 -0.0942948220615547 0.0007413772334685653
451 467 429 451 1353 721 301 1000 776 467 528 796 1269 851|0.001 -0.11545819881205066 -0.03342801327977041 -0.2275484156459373
2218 3000 2218 952 1172 1720 1000 667 1035 1600 1035 2814 800 1510|0.001 -0.08514184902892907 -0.039939595602435096 -0.02303888966674328
1353 1000 451 528 776 451 429 467 721 467 301 1269 681 1426|0.001 -0.0018246838557489653 -0.1409153278701114 0.02207004432820403
883 1468 1893 853 569 1366 2560 812 883 853 1893 1289 1472 1248|0.001 -0.03630763976808504 -0.08300797350636047 0.05163151060089355
952 667 1172 2218 2218 1035 1035 3000 1000 1600 1720 1724 2814 1766|0.001 -0.30537098590401546 -0.020585932594686662 -0.018700220758958164
1662 2143 1132 644 1546 2898 966 1000 966 2143 920 2490 1413 1823|0.001 -0.11430831156255206 -0.054037143881128236 -0.16142221279491498
853 812 569 883 1893 1893 883 1468 2560 853 1366 683 2200 2402|0.001 -0.10753427645791014 -0.05350099569681355 -0.12816823131182153
1553 2400 1553 1757 1428 1500 2581 1500 3327 4500 3327 2193 1199 2757|0.001 -0.20169843388863073 -0.0027759948724104255 -0.023409902360238544
1546 1000 644 920 966 1662 1132 2143 2898 2143 966 1413 1776 3055|0.001 -0.05232593664246998 -0.15503710183024877 0.021079307035181127
2330 1051 1087 700 1051 3152 1681 1231 2330 1807 1087 1931 1811 2956|0.001 -0.11045213509048746 -0.0781075649394325 -0.05487866461541535
1757 1500 1428 1553 1553 3327 3327 2400 2581 4500 1500 2586 2193 3867|0.001 -0.27856333495432595 -0.06135077018131874 -0.01822928887602271
1744 1000 581 602 1289 1000 467 681 930 883 201 1419 878 2010|0.001 -0.0514614674013425 -0.11546878902563784 -0.07075523707960274
803 347 1035 1720 1720 1519 1172 3000 1720 1600 2218 1282 2441 1766|0.001 -0.2344298335474826 -0.053475112018785964 0.012244324583825517
573 333 573 739 573 268 345 533 506 116 391 814 1153 739|0.001 -0.01306956636737966 -0.14864459311056288 0.05907418072140347
721 776 1353 776 528 685 776 467 156 362 451 1559 1162 582|0.001 -0.04628216159332843 -0.051652318165114064 -0.026444387862747387
581 1000 1744 1000 467 602 1289 883 201 681 930 1419 1288 508|0.001 -0.0875059818571966 -0.053843806032078945 0.03747727514917143
739 533 573 573 573 391 506 333 345 116 268 783 814 859|0.001 -0.027452603293099953 -0.060861058046819405 -0.03150550636617733
432 1289 1246 2143 1892 1459 2143 2143 1993 2763 3737 1089 2200 1609|0.001 -0.14918443831582584 -0.035806479641731226 0.0014085861378698716
966 776 335 1132 1662 1662 1468 2143 2898 1662 1546 845 2490 2358|0.001 -0.11305632624357242 -0.08163158542914162 0.007667959897450505
1893 1468 883 296 1366 2560 853 1297 1468 1468 685 2200 1508 2005|0.001 -0.06701129794521421 -0.11891603527476424 -0.25912946937766135
4383 4615 3380 2986 2316 4963 6398 2885 4963 8654 4963 5097 2523 6393|0.001 -0.33393125591142714 -0.05792296295975552 0.012195180216407753
776 467 528 721 1353 451 156 776 776 362 685 681 1059 1101|0.001 -0.12013125931750968 -0.034852206973317035 -0.11543598202865213
1075 1875 1386 732 950 1075 1075 217 502 625 647 1468 807 1104|0.001 -0.026115475648595954 -0.05698908927780355 0.009581795875486243
296 1297 1366 1893 883 685 1468 1468 853 1468 2560 1102 1289 746|0.001 -0.1139225123787857 -0.04420024816432666 0.03267003976050509
1744 1289 930 883 1000 1000 681 467 581 602 201 2010 1027 1419|0.001 -0.009674542621100901 -0.1148797886525621 0.0007891643124180447
732 217 950 1075 1386 647 502 1875 1075 625 1075 1104 2161 944|0.001 -0.17479323216846976 -0.052938817594621046 -0.006485922607248895
528 1132 1132 1053 228 658 1974 771 681 1132 1460 1163 1163 844|0.001 -0.028617677205585723 -0.09644083777070711 0.0524763387061844
2143 2143 1892 432 1246 3737 1993 1289 2143 2763 1459 2760 1597 3041|0.001 -0.08375015069583713 -0.09480620439204057 -0.13012310206437783
2986 2885 2316 4383 3380 4963 4963 4615 6398 8654 4963 3699 3726 7436|0.001 -0.4407006044894446 -0.037426163361494735 -0.012908238156110752
1075 1875 625 502 502 1075 1075 417 950 625 848 1976 818 1104|0.001 -0.02366415842718017 -0.0901073961302512 0.022596162193093683
830 1000 1993 1246 1690 1892 2143 2143 1246 2143 3737 1629 2479 2462|0.001 -0.2547310839568595 -0.05056505217302276 -0.03392115781675642
1744 581 930 467 1000 1000 467 883 581 789 387 1097 1027 1419|0.001 -0.07570549105927471 -0.10636497258889155 -0.09693791551338315
502 417 502 1075 625 848 950 1875 1075 625 1075 818 1179 1244|0.001 -0.10459394090673757 -0.07548786565567567 -0.018659142017253272
581 1000 1744 1000 883 789 581 467 387 467 930 1419 1288 1149|0.001 -0.0446637870421529 -0.04215123820980993 -0.0017280787304807532
1600 1720 3000 1720 803 803 1720 1357 667 1519 1000 1887 1282 1308|0.001 -0.052684172476406 -0.060896772980867375 0.04432396226563107
573 333 573 333 573 506 452 533 268 222 268 814 629 739|0.001 -0.021905878730140715 -0.10248094889577564 0.020148971337299315
1246 2143 1690 830 1993 3737 1246 1000 2143 2143 1892 1597 1629 3939|0.001 -0.09261287942112006 -0.06936559315072532 -0.10245104387638593
1204 2400 1204 2036 2279 2581 1500 1500 2581 4500 2581 1962 2966 3324|0.001 -0.19973091566882095 -0.02371889338887434 -0.024024602891499214
737 1120 491 592 1268 1268 592 737 2210 1268 1179 1457 945 1799|0.001 -0.09805255729365303 -0.06694306488947976 -0.1015614551326871
1993 1000 830 1892 2143 1246 1690 2143 3737 2143 1246 1629 2760 2350|0.001 -0.11485221046688365 -0.13557390794946778 0.01667190986892164
1132 1132 528 439 658 1974 1053 893 1132 658 528 1459 826 1607|0.001 -0.07616526183838346 -0.07357011169484728 -0.05125417993834147
2036 1500 2279 1204 1204 2581 2581 2400 1500 4500 2581 1883 1962 1924|0.001 -0.22893875501416638 -0.056684618615948645 -0.004057829112368294
1000 467 883 581 1744 930 387 1000 581 467 789 1027 1419 1838|0.001 -0.0906720441842479 -0.09508513340052871 -0.16565893996030479
1720 3000 1720 1519 1357 1000 1720 667 803 1600 803 2441 1977 1990|0.001 -0.10000073638822271 -0.0230975027585667 -0.010173777752617852
1744 1000 581 789 581 1000 883 467 930 467 387 1419 1157 1097|0.001 0.0033124097921732876 -0.12992564711853727 0.018279834174568244
592 737 1268 737 491 1179 2210 1120 592 1268 1268 1466 925 964|0.001 -0.04206563914715855 -0.10905116590113062 -0.005184386843738453
1519 667 1357 1720 1720 803 803 3000 1720 1600 1000 1255 2441 1766|0.001 -0.22768443020778073 -0.08291851489982127 0.017782235234036214
520 1000 520 1428 1757 2279 2036 1500 2400 1500 2400 1127 2586 2650|0.001 -0.12951708769974868 -0.10235172167512685 0.0029031672564072686
1051 1231 700 364 1681 1681 364 1426 1051 1596 700 1811 1712 1982|0.001 -0.10474209951631508 -0.08086487758611982 -0.39414166598436773
1923 1000 1923 3380 4383 3915 2746 4615 2885 4615 2885 2168 5097 3620|0.001 -0.30011411191795845 -0.07640223583057049 0.009114599184534278
1428 1500 1757 520 520 2400 2400 1000 2036 1500 2279 1199 1127 2444|0.001 -0.045670650220343 -0.10242181415806018 0.026157156322854647
520 1000 520 2279 2036 1428 1757 1500 2400 1500 2400 1127 1883 1645|0.001 -0.023931798930104664 -0.12558879242906662 0.028496150869621317
658 893 439 228 1053 1053 228 771 658 626 439 826 850 1242|0.001 -0.09480074439927044 -0.05926654364290629 -0.35098662076648024
1923 1000 1923 3915 2746 3380 4383 4615 2885 4615 2885 2168 3163 4974|0.001 -0.05022992601444454 -0.1687756223186898 0.04129529468945181
2279 1500 2036 520 520 2400 2400 1000 1757 1500 1428 2966 1127 1938|0.001 -0.05786888178072491 -0.09952807585776102 0.022042459805535763
364 1426 1681 1051 700 700 1051 1231 364 1596 1681 1152 840 789|0.001 -0.008817874853196406 -0.12997875861707753 0.03697182828547918
625 1000 625 595 848 950 732 217 417 217 417 1179 685 784|0.001 -0.028119128158458073 -0.01957540504446187 0.0013954485050970966
950 217 732 625 625 417 417 1000 848 217 595 807 1179 1236|0.001 -0.03661124007773964 -0.04160705710733792 -0.014167495262740193
1600 1000 1600 1172 952 1357 1519 667 347 667 347 1887 1724 1096|0.001 -0.0690826102916342 -0.07146525651755553 0.0024874212459091716
228 771 1053 658 439 439 658 893 228 626 1053 1163 1301 495|0.001 -0.14151224785602934 -0.021747997078341852 -0.004107264910020447
625 1000 625 950 732 595 848 217 417 217 417 1179 1104 1078|0.001 -0.028024088188917107 -0.06206897006268419 -0.02793352058431786
595 217 848 625 625 417 417 1000 732 217 950 1018 1179 500|0.001 -0.06784671051001778 -0.03311857751985614 -0.03053100870674119
1600 1000 1600 1357 1519 1172 952 667 347 667 347 1887 1255 1767|0.001 -0.11937284598736331 -0.004652560414512008 -0.05491288900127844
573 533 333 573 573 306 306 333 505 178 427 629 814 767|0.001 -0.020786361581525137 -0.10826630871210385 0.02093345397668811
581 1000 1744 581 745 881 1000 533 310 533 930 1419 789 695|0.001 -0.02886247127448005 -0.05611658742641801 0.0014581004359004446
930 581 1744 1000 533 533 1000 881 310 745 581 1838 1338 757|0.001 -0.006352877091069242 -0.10085556840155663 0.030120102710220475
573 333 573 573 333 427 505 533 306 178 306 814 1054 452|0.001 -0.03251530603374686 -0.05576265487276966 0.007267872852680934
625 1875 1075 573 573 1075 1075 333 802 625 947 1179 814 1244|0.001 -0.021350112170948066 -0.07633808043273294 0.01743461833477955
581 1000 1744 1875 1652 1398 1090 1875 1090 1875 3269 1419 1925 1304|0.001 -0.22676979964134203 -0.05055325597001725 -0.008164370715457725
3000 1720 1600 918 1720 1720 918 1282 1000 1516 533 3162 1990 2441|0.001 -0.0829144109946589 -0.05994503872389978 -0.093375171914577
573 333 573 625 1075 947 802 1875 1075 625 1075 814 1976 1104|0.001 -0.11270655838322541 -0.02244285565458637 -0.004563231116645472
581 533 745 581 1744 930 310 1000 1000 533 881 1157 1419 1097|0.001 -0.1275062445267483 -0.04807118061912585 -0.2897727840927833
1720 3000 1720 1282 1516 1720 1000 533 918 1600 918 2441 1196 1766|0.001 -0.07858600640255786 -0.03177628621074291 -0.017252479112525032
416 1182 780 1342 716 716 1342 780 1248 1342 2339 933 1552 1015|0.001 -0.09675914946148612 -0.07943697785423698 0.01717826509688658
1744 1000 581 881 1000 581 745 533 930 533 310 1419 1027 1838|0.001 0.005486061415167498 -0.13621441111920096 0.023600871518176803
605 1135 1135 660 352 1055 1979 846 605 660 1135 1165 1248 859|0.001 -0.03463948894288471 -0.10086192884020573 0.05326155528129206
1282 533 1516 1720 1720 918 918 3000 1000 1600 1720 1892 2441 1990|0.001 -0.20652592010734439 -0.09383017202150068 -0.026907799810260702
1875 1875 1652 581 1744 3269 1090 1000 1090 1875 1398 2508 1419 2056|0.001 -0.09770064889808916 -0.07930940225231331 -0.2064000603305649
660 846 352 605 1135 1135 605 1135 1979 660 1055 789 1518 1610|0.001 -0.10065076096243963 -0.035432409302738055 -0.08680400127500376
1720 3000 1720 2842 2405 1875 3226 1875 3226 5625 3226 2441 2243 2545|0.001 -0.24911497673195782 0.0015709663968666021 -0.01870654629937074
1744 1000 581 1398 1090 1875 1652 1875 3269 1875 1090 1419 1479 3446|0.001 -0.008347337550965728 -0.13959466589740677 0.026967508323800793
1342 780 716 416 780 2339 1248 1182 1342 1342 716 1058 1475 1904|0.001 -0.09471367987762935 -0.0905418237193012 -0.10090577269333711
2842 1875 2405 1720 1720 3226 3226 3000 3226 5625 1875 3547 2441 4315|0.001 -0.2291825545255899 -0.09500833780352491 0.03624385327955837
1744 1000 581 533 1000 1000 533 881 1744 881 581 1419 1027 2010|0.001 -0.04806181097440687 -0.12162829472705416 -0.05366903325804917
1652 1875 1875 1090 1090 3269 3269 1000 1652 1875 1875 1925 1479 2508|0.001 -0.05259244255995332 -0.12815002727992408 0.010121146902524192
918 1000 918 1720 1720 1516 1516 3000 1720 3000 1720 1357 2441 1766|0.001 -0.21761931018813518 -0.09274565815194924 -0.01967173888879903
573 333 573 573 573 306 306 1000 505 333 505 814 1153 767|0.001 -0.03713171069962162 -0.052061915516617985 -0.006676437941308677
1744 1000 1744 1000 881 881 1000 533 581 533 581 2010 1338 1338|0.001 -0.06110188409274242 -0.04797388091964949 -0.020709176066014967
533 881 1000 1744 581 581 1744 1000 533 881 1000 1338 1419 789|0.001 -0.04110771953471426 -0.11696235362935181 0.03505846295173143
581 1000 1744 1000 533 533 1000 881 581 881 1744 1419 1338 789|0.001 -0.013463517536534964 -0.07893299014737787 0.03490485504230589
573 1000 573 573 573 505 505 333 306 333 306 1153 814 767|0.001 -0.030841742837985908 -0.0858873441737551 0.010742012591129502
881 533 1000 1744 1744 581 581 1000 881 533 1000 1338 2010 1338|0.001 -0.07321655831854845 -0.08320296373647396 -0.028719283810021423
1720 3000 1720 918 918 1720 1720 1000 1516 3000 1516 2441 1357 1766|0.001 -0.11547415779310621 -0.042609742742490964 0.009224934433913479
1000 881 533 581 1744 1744 581 1000 1000 881 533 1027 1419 2010|0.001 -0.07905972301314512 -0.09823382568191596 -0.15459633185433752
1090 1000 1090 1875 1652 1652 1875 1875 3269 1875 3269 1479 1925 2508|0.001 -0.11162757796007727 -0.05699413047845936 0.007933519794307564
1090 1000 1090 1652 1875 1875 1652 1875 3269 1875 3269 1479 2508 2661|0.001 -0.11483056929002422 -0.06743714520689226 -0.013476028040578791
1135 1135 605 660 1979 1979 660 1000 1135 1135 605 1518 1518 2281|0.001 -0.08580691665890927 -0.07663422193539882 -0.17554181788899892
1516 3000 1516 918 918 1720 1720 1000 1720 3000 1720 2302 1357 2301|0.001 -0.10628786494228382 -0.05380129337895889 0.006290887912430154
1000 533 881 1744 1744 581 581 1000 1000 533 881 1027 2010 1419|0.001 -0.07333962615299838 -0.05920351411187519 -0.03207745509984927
573 1000 573 505 505 573 573 333 306 333 306 1153 767 589|0.001 -0.035810941875825675 -0.04023896602584509 -0.002379238689291796
660 1000 1979 1135 605 605 1135 1135 660 1135 1979 1518 1165 895|0.001 -0.007264442711729657 -0.07229980378905321 0.026204454853369086
1744 1000 1744 881 1000 1000 881 533 581 533 581 2010 1027 1419|0.001 -0.01818084446020274 -0.09830125050012906 0.022619803257744042
505 333 505 573 573 306 306 1000 573 333 573 767 1153 589|0.001 -0.08308648105309513 -0.08227801138231738 -0.03218481314068544
605 1135 1135 1979 660 660 1979 1000 605 1135 1135 1165 1518 895|0.001 -0.052892330098650575 -0.0975854517662067 0.05288312871580825
1875 1875 1652 1090 1090 3269 3269 1000 1875 1875 1652 2508 1479 2661|0.001 -0.07877389950115332 -0.07250715057076307 0.015281647564497902
918 1000 918 1516 1516 1720 1720 3000 1720 3000 1720 1357 2302 2301|0.001 -0.04652772758373169 -0.16489080131586342 0.04663420587260214
1979 1000 660 605 1135 1135 605 1135 1979 1135 660 1518 1518 2281|0.001 -0.05280518639918408 -0.12451063964664555 -0.060779581046881415
1875 1000 1875 2405 2842 2842 2405 1875 5625 1875 5625 2125 3547 4316|0.001 -0.19220677188388047 -0.07089778189331875 -0.008900573298370462
780 1182 416 780 2339 2339 780 1000 780 1182 416 1475 1681 2466|0.001 -0.10685012445216802 -0.07823537918619339 -0.2264753747432624
1282 3000 1282 533 533 1000 1000 1000 1516 3000 1516 2155 1133 1892|0.001 -0.12563840638389445 -0.058766211181672245 0.001161529530206984
533 1000 533 1516 1516 1282 1282 3000 1000 3000 1000 1133 2302 1196|0.001 -0.078404098177971 -0.1609400985236098 0.03184648914877464
1979 1000 660 352 660 660 352 846 1979 846 660 1518 789 2086|0.001 -0.05031291327711962 -0.12509717529006537 -0.04662590556943291
2405 1875 2842 1875 1875 5625 5625 1000 2405 1875 2842 2243 2125 4041|0.001 -0.036787783430032306 -0.09740989780617326 0.007630639079883039
1875 1000 1875 2842 2405 2405 2842 1875 5625 1875 5625 2125 2243 4041|0.001 -0.1328847021092161 -0.05957006322584002 -0.007156425326784177
1516 3000 1516 533 533 1000 1000 1000 1282 3000 1282 2302 1133 1196|0.001 -0.12613951520433875 -0.051753272376121595 0.004661073176994712
660 846 352 660 1979 1979 660 1000 660 846 352 789 1518 2086|0.001 -0.053452937800343436 -0.12348691896626796 -0.10569485921682498
533 1000 533 1282 1282 1516 1516 3000 1000 3000 1000 1133 2155 1892|0.001 -0.22057027391544803 -0.10773408977267862 -0.004902833400503015
2842 1875 2405 1875 1875 5625 5625 1000 2842 1875 2405 3547 2125 4316|0.001 -0.04810965296313974 -0.10073360396541053 -0.0056050525382578265
2339 1000 780 416 780 780 416 1182 2339 1182 780 1681 1475 2466|0.001 -0.05184857158842204 -0.11235869267679943 -0.055932646870096026
780 1000 2339 780 416 416 780 1182 780 1182 2339 1681 933 884|0.001 -0.10040753339404684 -0.08948194445499214 0.04690750741158878
1516 533 1282 3000 3000 1000 1000 1000 1516 533 1282 1196 3162 2302|0.001 -0.08785473526211507 -0.08392112878794378 -0.02641605404632874
333 1000 333 427 427 505 505 333 178 333 178 1054 718 399|0.001 -0.03201082484887041 -0.07511842082336129 0.019686140149599574
352 846 660 1979 660 660 1979 1000 352 846 660 1248 1518 748|0.001 -0.08444645722636923 -0.08387573593653164 0.08508571592185987
505 333 505 333 333 178 178 1000 427 333 427 767 1054 631|0.001 -0.03344010933446051 -0.07048284137104788 -0.006483776914636419
3000 1000 3000 1516 1282 1282 1516 533 1000 533 1000 3162 1892 2155|0.001 -0.056059795764952236 -0.07050226092366052 0.006935742832119285
660 1000 1979 660 352 352 660 846 660 846 1979 1518 1248 748|0.001 -0.06262894365831606 -0.07796998190955473 0.032868920986228733
333 1000 333 505 505 427 427 333 178 333 178 1054 767 631|0.001 -0.05399383695446347 -0.010740308084997707 -0.02465989260320489
1282 533 1516 3000 3000 1000 1000 1000 1282 533 1516 1892 3162 2155|0.001 -0.11134276998438386 -0.067774777708558 -0.014908606579265848
416 1182 780 2339 780 780 2339 1000 416 1182 780 933 1681 884|0.001 -0.05803537135227521 -0.07556071778877294 0.06938988818786296
427 333 427 333 333 178 178 1000 505 333 505 718 1054 399|0.001 -0.08428827847382192 -0.04191391183994142 0.004306234059725522
3000 1000 3000 1282 1516 1516 1282 533 1000 533 1000 3162 1196 2302|0.001 -0.03797345498903759 -0.097683823026945 0.007380051961924927
1075 1875 625 647 502 1075 1386 592 950 1000 595 1976 1119 1104|0.001 -0.03031032278958179 -0.09108891642177541 -0.007897317845482199
915 776 1546 966 920 1468 1662 2143 1546 1662 2898 1729 1706 2338|0.001 -0.023038703468697408 -0.15721105145615089 0.05279199644905086
2218 952 1035 1600 3000 1600 947 1720 1720 1519 803 1766 3162 3458|0.001 -0.06489189048789035 -0.09047241680636309 -0.0616722562013583
1744 581 930 467 1000 1289 602 883 930 553 550 1097 1027 1366|0.001 -0.12965372831098 -0.022566909457419904 -0.15174589468359367
1892 2143 2143 1993 1179 1993 3737 1289 1186 2763 1246 2200 1546 776|0.001 -0.08605241256543716 -0.09196444186284958 0.036896103362797916
647 592 502 1075 625 595 950 1875 1386 1000 1075 776 1179 1104|0.001 -0.15717395120456334 -0.09262530487832876 0.016851639309822808
333 533 573 573 739 345 268 533 317 316 506 1054 783 613|0.001 -0.03614189409214208 -0.07936985791765827 -0.00708657768366594
467 883 1000 1744 930 550 930 581 602 553 1289 1288 1838 721|0.001 -0.1505764459144665 -0.002280072613707329 0.03679858982269302
930 1289 1744 1000 883 553 581 467 550 602 930 1366 1288 1406|0.001 -0.06902990754511507 -0.03736343561683508 -0.024683972238331853
1600 1720 3000 2218 1035 803 1720 952 947 1519 1600 1887 1838 1790|0.001 0.00599700687327509 -0.13239405704489893 0.03606906374187924
573 533 739 333 573 506 317 533 268 316 345 1153 629 739|0.001 -0.06150849816888515 -0.029680094296213877 -0.003646189744132
429 467 451 1353 721 427 721 776 685 362 776 829 1559 281|0.001 -0.031266641989913246 -0.1024175057294252 0.051000190581642624
966 2143 920 915 1546 2898 1546 776 1662 1662 1468 1776 1199 3055|0.001 -0.10852864174712429 -0.061698192049982614 -0.08530580503400498
848 1690 1093 1006 1605 1817 1056 1690 1817 3169 2343 1311 2556 2341|0.001 -0.12847553600704775 -0.10157389651992199 -0.006455456339656829
1681 1596 994 1087 2330 1807 843 1051 3152 1807 1681 2542 1931 2468|0.001 -0.08500342794920734 -0.05493434875767256 -0.10692421853762957
1993 1289 1179 1892 2143 1246 1186 2143 3737 2763 1993 2230 2760 2350|0.001 -0.09484229865209137 -0.08977210925222856 0.0015126661892916893
1132 1132 528 623 1053 1974 1053 626 1460 658 681 1459 410 2276|0.001 -0.0804231894133911 -0.0470538868415582 -0.060535694966404874
1006 1690 1605 848 1093 2343 1817 1690 1056 3169 1817 659 1891 1942|0.001 -0.1453704692731772 -0.08004090404180042 0.019989728305516152
1000 467 883 930 1744 930 550 1289 581 602 553 1027 2010 1838|0.001 -0.07055753733593795 -0.06485001115552946 -0.08165114959125641
623 626 1053 1132 528 681 1460 1132 1053 658 1974 1593 1163 1178|0.001 -0.0426941018476279 -0.04066012096417326 0.03320344844475853
1386 1875 1075 950 595 625 1075 592 647 1000 502 2161 1512 1104|0.001 -0.06746517921424444 -0.06275384800155548 -0.017695755661242263
1353 776 721 429 451 776 685 467 721 362 427 1059 796 851|0.001 -0.023366841118211967 -0.10733404290131698 0.026275578591752335
1087 1051 2330 1681 994 1681 3152 1596 843 1807 1807 1856 655 1304|0.001 -0.11522412392627301 -0.07041426429692077 0.051740066550050035
950 592 595 1386 1075 502 647 1875 1075 1000 625 390 1468 1104|0.001 -0.15633755489578682 -0.06785637608004991 -0.03488234958763492
573 533 333 573 333 178 306 533 594 284 427 629 1054 600|0.001 -0.03361758512387514 -0.07851681152848844 0.029018689668973696
930 581 1744 581 745 1036 1000 533 496 310 930 1838 789 652|0.001 -0.030975744824696116 -0.04752115543841029 0.002163404475374886
930 581 1744 581 310 533 1000 1036 496 745 930 1838 1047 585|0.001 -0.14973806429855907 -0.02253188555420449 0.014753357983781079
573 533 333 573 333 427 594 533 306 284 178 629 1054 452|0.001 -0.01701002549205799 -0.11459188575353885 -0.01069927724743125
625 1875 1075 333 573 1075 625 533 802 1000 1114 1179 629 1244|0.001 -0.05364896175268363 -0.08685251162794949 -0.017138772145879333
581 1036 310 930 1744 930 496 581 1000 745 533 1157 1097 1097|0.001 -0.07484411335193508 -0.06186551593885814 -0.07757434678108965
1600 1720 3000 3226 3342 2405 1875 1875 3000 3226 5625 1887 3731 2103|0.001 -0.03823146782951037 -0.13823026619377177 0.02728621000437359
3000 1720 1600 918 1720 1000 533 1282 1600 1783 853 3162 1990 3162|0.001 -0.08015089342564674 -0.08644691393843607 -0.07855842182027062
333 533 573 625 1075 1114 802 1875 625 1000 1075 1054 1976 1244|0.001 -0.09623024324526219 -0.041557057058622116 -0.011646691430844403
1398 1875 1090 1744 930 1744 3269 581 1943 1090 1875 2169 1838 2734|0.001 -0.10537548881710213 -0.05733152860699642 0.04825952180606441
581 533 745 930 1744 930 496 581 1000 310 1036 1157 1097 1097|0.001 -0.09987992186863859 -0.04375825511581333 -0.11271248171346837
625 1875 1075 802 1114 1075 625 533 333 1000 573 1179 701 1244|0.001 -0.07155037427532651 -0.0016903828223324702 -0.033720508830801244
665 1390 1248 1342 716 416 780 780 1248 1342 2339 875 1552 785|0.001 -0.07024369118934226 -0.08350695743886583 0.03686512886818649
3000 1720 1600 1783 1720 1000 1282 533 1600 918 853 3162 1990 3162|0.001 -0.033317630187341685 -0.09192108842623559 0.021328740974555505
299 965 561 898 479 898 1683 719 515 561 965 1116 1407 946|0.001 -0.03998576708736934 -0.06192005991315974 0.04052483400357021
802 533 1114 625 1075 573 333 1875 625 1000 1075 1568 1976 1244|0.001 -0.07222923693347982 -0.12765704096866948 -0.0019082162305028572
3226 1875 3342 1600 3000 5625 3000 1720 1875 3226 2405 3377 3162 3538|0.001 -0.05635186295226857 -0.07449860657513296 -0.04381716128683766
898 719 479 299 561 965 515 965 1683 561 898 629 1010 1774|0.001 -0.09027799785390589 -0.058662767653414605 -0.09760745347540456
1075 1875 625 2089 1503 1172 2016 1875 2016 3516 1172 1976 1314 1590|0.001 -0.17015321300300368 -0.03431546366940319 -0.0013398602840475338
1744 581 930 1398 1090 1875 1943 1875 3269 1090 1744 1097 1479 3446|0.001 -0.12539592571183422 -0.09505319169850313 0.014390812751443605
1342 780 716 665 1248 2339 1248 1390 780 1342 416 1058 1956 1471|0.001 -0.07440870135569044 -0.08266732591304948 -0.08384822636756772
2089 1875 1503 1075 625 1172 2016 1875 2016 3516 1172 2940 1179 2111|0.001 -0.17730172518312215 -0.08471452806783741 0.025488850720920553
1172 1000 1172 1503 2089 2089 1503 1875 3516 1875 3516 1541 2940 2913|0.001 -0.03630027542836256 -0.09540736357891544 0.021644476971725002
1248 1390 665 780 2339 2339 780 1000 1248 1390 665 1956 1681 2651|0.001 -0.11318512939510694 -0.04942759913611261 -0.2502476652093055
1282 3000 1282 853 853 1600 1600 1000 1783 3000 1783 2155 1315 2509|0.001 -0.12307710158040552 -0.05048666073518948 0.0064925423868222865
853 1000 853 1783 1783 1282 1282 3000 1600 3000 1600 1315 2486 1122|0.001 -0.1867436417605184 -0.09775949193684408 0.00480306686970966
1683 1000 561 479 898 898 479 719 1683 719 561 1394 629 1907|0.001 -0.0452715704977813 -0.127026030845242 -0.04010997567901797
1503 1875 2089 1172 1172 3516 3516 1000 1503 1875 2089 1314 1541 2526|0.001 -0.059464820416298414 -0.10862151396563546 0.02573650004585648
1172 1000 1172 2089 1503 1503 2089 1875 3516 1875 3516 1541 1314 2526|0.001 -0.168063713027502 -0.06620394314176714 0.013898214883274473
1783 3000 1783 853 853 1600 1600 1000 1282 3000 1282 2486 1315 1122|0.001 -0.12037180779126966 -0.05690847168243529 0.005116782403615794
898 719 479 561 1683 1683 561 1000 898 719 479 629 1394 1907|0.001 -0.0866811841796622 -0.08535074471984094 -0.18955925093063986
853 1000 853 1282 1282 1783 1783 3000 1600 3000 1600 1315 2155 2509|0.001 -0.03921138560914472 -0.15409367436063137 0.024777281788406214
2089 1875 1503 1172 1172 3516 3516 1000 2089 1875 1503 2940 1541 2913|0.001 -0.06335694280645288 -0.09232153984872316 0.009932084322195056
2339 1000 780 665 1248 1248 665 1390 2339 1390 780 1681 1956 2651|0.001 -0.044439084575884635 -0.12110326973293506 -0.0492055602344621
780 1000 2339 1248 665 665 1248 1390 780 1390 2339 1681 875 1025|0.001 -0.044515574001070535 -0.11363163150878597 0.05027019861929771
1114 533 802 1875 1875 625 625 1000 1114 533 802 701 2125 1553|0.001 -0.105502573991616 -0.04575203372635839 -0.015691640970127985
533 1000 533 427 427 594 594 333 284 333 284 1133 718 374|0.001 -0.0068225786239928254 -0.07672805888263023 0.008447953398080799
479 719 898 1683 561 561 1683 1000 479 719 898 1407 1394 737|0.001 -0.06887423997331887 -0.09137437527737102 0.06493570350089906
594 333 594 533 533 284 284 1000 427 333 427 829 1133 836|0.001 -0.10917224551631022 -0.032498643977085795 -0.03513649051083534
1875 1000 1875 1114 802 802 1114 533 625 533 625 2125 1568 1347|0.001 -0.028219577019786835 -0.10668037030730382 0.01934907115158868
561 1000 1683 898 479 479 898 719 561 719 1683 1394 1407 737|0.001 -0.10074437238283607 -0.02397247597885177 0.04097756037613198
533 1000 533 594 594 427 427 333 284 333 284 1133 829 836|0.001 -0.015407855867489717 -0.04042014425081786 0.002008976650815786
802 533 1114 1875 1875 625 625 1000 802 533 1114 1568 2125 1347|0.001 -0.0820611790486736 -0.0909654395254389 -0.02857396355823938
665 1390 1248 2339 780 780 2339 1000 665 1390 1248 875 1681 1025|0.001 -0.07520564595853041 -0.11081431693454769 0.05957278120412024
427 333 427 533 533 284 284 1000 594 333 594 718 1133 374|0.001 -0.006552084299155103 -0.14140751702579113 0.03873317436738466
1875 1000 1875 802 1114 1114 802 533 625 533 625 2125 701 1553|0.001 -0.02665633535070877 -0.11637702225047675 0.007849522222307392
1000 1000 1000 3000 3000 1600 1600 1000 1720 1000 1720 1414 3162 1887|0.001 -0.08225439580595517 -0.05558701280033773 -0.008966995886400264
333 1000 333 333 573 573 333 533 333 533 333 1054 629 663|0.001 -0.06639350583833692 -0.01119883957801382 -0.011036515213337372
1600 1720 3000 1000 1000 1000 1000 1000 1600 1720 3000 1887 1414 1887|0.001 -0.04671967452574921 -0.033172979145887904 0.0026089633899739617
1000 1000 1000 3000 1600 1600 3000 1720 1000 1720 1000 1414 1887 1887|0.001 -0.03216587373080837 -0.08241237967509751 0.034549310045182136
573 533 333 333 333 333 333 1000 573 533 333 629 1054 663|0.001 -0.06769408082120454 -0.06522039494108567 -0.030969618781163666
3000 1000 3000 1000 1000 1720 1720 1000 1600 1000 1600 3162 1414 1887|0.001 -0.007675166623374308 -0.13200238213919246 0.0308406919583315
1000 1000 1000 1600 1600 3000 3000 1000 1720 1000 1720 1414 1887 3162|0.001 -0.05299150904420791 -0.09784907244860808 0.009223075492517108
3000 1720 1600 1000 1000 1000 1000 1000 3000 1720 1600 3162 1414 3162|0.001 -0.0737956771754511 -0.09418435643094303 0.006770353381087002
625 1000 625 625 1075 1075 625 1875 625 1875 625 1179 1976 1244|0.001 -0.05804716082056682 -0.12620965981445798 0.018115285495960975
1000 1000 1000 1600 3000 3000 1600 1720 1000 1720 1000 1414 3162 3162|0.001 -0.09265146017266357 -0.0781752727674867 -0.04904137494266436
1600 1000 1600 1000 1000 1720 1720 1000 3000 1000 3000 1887 1414 3162|0.001 -0.08423797568907987 -0.0759031168548241 0.030845467408939786
1075 1875 625 625 625 625 625 1000 1075 1875 625 1976 1179 1244|0.001 -0.07335000006241654 -0.0836442015338823 -0.0018495810051544215
333 533 573 333 333 333 333 1000 333 533 573 1054 1054 471|0.001 -0.08535017607124717 -0.019718322915283082 -0.01829377635319651
3000 1000 3000 1720 1720 1000 1000 1000 1600 1000 1600 3162 1990 3162|0.001 -0.04727622675122278 -0.10810379719454088 -0.007117447913910224
581 1000 581 1744 930 930 1744 581 581 581 581 1157 1838 1097|0.001 -0.007373406805933902 -0.09133914574670832 0.02233787418392863
333 1000 333 573 333 333 573 533 333 533 333 1054 1054 471|0.001 -0.009695422897605388 -0.14290541430288628 0.04799986062757444
930 581 1744 581 581 581 581 1000 930 581 1744 1838 1157 1097|0.001 0.0002713710706325756 -0.1329727416166071 0.03710668297574271
1720 1000 1720 3000 3000 1600 1600 1000 1000 1000 1000 1990 3162 3162|0.001 -0.10059026743257649 -0.030721346913529235 -0.033651754255391575
625 1875 1075 625 625 625 625 1000 625 1875 1075 1179 1179 884|0.001 -0.11207183345398719 -0.028043163090061274 -0.027399698209542578
581 1000 581 930 1744 1744 930 581 581 581 581 1157 1097 1838|0.001 -0.13658968664450932 -0.031125911930995898 -0.15360866414575125
1600 1000 1600 1720 1720 1000 1000 1000 3000 1000 3000 1887 1990 1887|0.001 -0.0022455349853200968 -0.10592608922075364 0.026893706035338028
625 1000 625 1075 625 625 1075 1875 625 1875 625 1179 1179 884|0.001 -0.1455008331830865 -0.09044537848655776 -0.006093804223916699
1744 581 930 581 581 581 581 1000 1744 581 930 1097 1157 1838|0.001 -0.00641213993565537 -0.12211443173390069 0.030174984492661316
1720 1000 1720 1600 1600 3000 3000 1000 1000 1000 1000 1990 1887 1887|0.001 -0.028727296945938452 -0.10576602486520148 0.03040805716401973
1000 1000 1000 1600 1600 1600 1600 1000 1000 1000 1000 1414 1887 1887|0.001 -0.015086208838396287 -0.14781813831869495 0.03651727139095229
625 1000 625 625 625 625 625 1000 625 1000 625 1179 1179 884|0.001 0.015086401210884226 -0.11933660871219609 0.03341513690622522
1600 1000 1600 1000 1000 1000 1000 1000 1600 1000 1600 1887 1414 1887|0.001 -0.011883768800180494 -0.09079956194822492 0.01940870929550309
1000 1000 1000 1600 1600 1600 1600 1000 1000 1000 1000 1414 1887 1887|0.001 -0.12212219684487602 -0.009922594534136353 -0.03495096474636972
625 1000 625 625 625 625 625 1000 625 1000 625 1179 1179 884|0.001 -0.1668493769254764 -0.0008369613722492009 -0.0533659374691664
1600 1000 1600 1000 1000 1000 1000 1000 1600 1000 1600 1887 1414 1887|0.001 -0.11242842136572895 -0.03628033219767568 -0.01027041095156389
1000 1000 1000 1600 1600 1600 1600 1000 1000 1000 1000 1414 1887 1887|0.001 -0.06441360239236027 -0.07212975878129857 -0.0003103833261786093
1600 1000 1600 1000 1000 1000 1000 1000 1600 1000 1600 1887 1414 1887|0.001 -0.07019715900398626 -0.08618195531850836 -0.0019308692446418085
625 1000 625 625 625 625 625 1000 625 1000 625 1179 1179 884|0.001 -0.0708085203154829 -0.054471157118020086 -0.01558376850384402
1000 1000 1000 1600 1600 1600 1600 1000 1000 1000 1000 1414 1887 1887|0.001 -0.023386912991645303 -0.1079263903711325 0.004117137019512551
1600 1000 1600 1000 1000 1000 1000 1000 1600 1000 1600 1887 1414 1887|0.001 0.0043370459630076574 -0.14285214925608858 0.027612216156875924
625 1000 625 625 625 625 625 1000 625 1000 625 1179 1179 884|0.001 -0.11511919497598 -0.053031886386804006 -0.01169107026273486
625 1000 625 625 625 625 625 1000 625 1000 625 1179 1179 884|0.001 -0.1652871967822933 -0.005735435532154831 -0.057028853262363066
1600 1000 1600 1000 1000 1000 1000 1000 1600 1000 1600 1887 1414 1887|0.001 -0.06863108220183656 -0.050062308658432864 -0.018558550041949395
1000 1000 1000 1600 1600 1600 1600 1000 1000 1000 1000 1414 1887 1887|0.001 -0.07933608802354053 -0.07204955603957286 0.005698814337411484
625 1000 625 625 625 625 625 1000 625 1000 625 1179 1179 884|0.001 -0.08910238526162018 -0.04634692065167756 0.00815602628850165
1600 1000 1600 1000 1000 1000 1000 1000 1600 1000 1600 1887 1414 1887|0.001 -0.04775506510842242 -0.08477494260459295 0.0049173596191098845
1000 1000 1000 1600 1600 1600 1600 1000 1000 1000 1000 1414 1887 1887|0.001 -0.02712607144442991 -0.10514596206871785 -0.007139964930449327
625 1000 625 625 625 625 625 1000 625 1000 625 1179 1179 884|0.001 -0.09330370938313903 -0.07371004955511129 -0.029517261684380847
1000 1000 1000 1600 1600 1600 1600 1000 1000 1000 1000 1414 1887 1887|0.001 -0.04382474900469169 -0.07495094000782077 0.005416695378512859
1600 1000 1600 1000 1000 1000 1000 1000 1600 1000 1600 1887 1414 1887|0.001 -0.11877176180024152 -0.03805195804596373 -0.0049112068392842545
625 1000 625 625 625 625 625 1000 625 1000 625 1179 1179 884|0.001 -0.020098408338202756 -0.13222548365528053 0.036681923918857606
1600 1000 1600 1000 1000 1000 1000 1000 1600 1000 1600 1887 1414 1887|0.001 -0.16084789008937728 0.014483736760959598 -0.04387805259696953
1000 1000 1000 1600 1600 1600 1600 1000 1000 1000 1000 1414 1887 1887|0.001 -0.03351595104335359 -0.10175595695612549 0.018877505445749065
573 533 333 573 333 156 268 533 600 316 452 629 1054 594|0.001 -0.04209369919720207 -0.05168095491163038 9.15600998152577e-05
930 581 1744 581 789 1047 1000 467 550 271 930 1838 745 669|0.001 -0.017700582985531454 -0.09456838561173186 0.025627950463005256
803 1357 1720 3000 1600 947 1600 1720 467 1801 1000 1282 1887 1667|0.001 -0.13808389463584425 -0.03093837351503259 0.024680847346212342
930 581 1744 581 271 467 1000 1047 550 789 930 1838 1036 613|0.001 -0.03662799135282668 -0.12880400544986625 0.06659661239881487
1801 467 1720 3000 1600 947 1600 1720 1357 803 1000 1783 1887 2606|0.001 -0.046981927876709184 -0.12745597483982185 0.07433270347440235
573 533 333 573 333 452 600 533 268 316 156 629 1054 427|0.001 -0.06727526309715293 -0.02768362492194254 -0.050075158660884966
625 1875 1075 292 502 1075 625 592 848 1000 1126 1179 660 1244|0.001 -0.05419349162198217 -0.09255545680419974 0.025055978780836874
581 1047 271 930 1744 930 550 581 1000 789 467 1157 1097 1097|0.001 -0.07290115715159251 -0.09645949404493259 -0.05643349861570446
2029 1720 3429 3687 3860 2908 2143 2143 3429 3687 6429 2262 4264 2466|0.001 -0.17877720577126888 -0.07626628781391309 -0.02857653687570294
3000 1720 1600 803 1720 1000 467 1357 1600 1801 947 3162 1990 3162|0.001 -0.11206635348286142 -0.021385304873767774 -0.1535166044533154
292 592 502 625 1075 1126 848 1875 625 1000 1075 1042 1976 1244|0.001 -0.12318747674077035 -0.05406761548668593 0.01699731200125454
1690 2143 1246 1993 1179 1993 3737 581 2243 1246 2143 2479 2076 3246|0.001 -0.06510297986909275 -0.08961103071109311 0.015551373395494839
581 467 789 930 1744 930 550 581 1000 271 1047 1157 1097 1097|0.001 -0.06928561710579872 -0.09109999142400182 -0.049059421228406785
625 1875 1075 848 1126 1075 625 592 292 1000 502 1179 719 1244|0.001 -0.06264453675546178 -0.03325551449051223 0.004041205544333959
698 1327 1179 1268 592 344 737 737 1179 1268 2210 848 1466 778|0.001 -0.06736031382835739 -0.06238086830493539 0.04393962738946877
3000 1720 1600 1801 1720 1000 1357 467 1600 803 947 3162 1990 3162|0.001 -0.043851427556975686 -0.07515775419828952 -0.004565095545721043
259 955 555 888 526 888 1666 753 446 555 955 1105 1447 925|0.001 -0.020897231404590766 -0.11601123959131376 0.008133690536551441
848 592 1126 625 1075 502 292 1875 625 1000 1075 1629 1976 1244|0.001 -0.16598341995623822 -0.09085109182714435 -0.0036719032712584365
3687 2143 3860 2029 3429 6429 3429 1720 2143 3687 2908 3820 3571 4043|0.001 -0.07585865912891898 -0.07116795351538308 -0.03962582816650517
888 753 526 259 555 955 446 955 1666 555 888 639 990 1756|0.001 -0.07033315042185184 -0.06136555691686252 -0.09784783618389303
848 1690 493 1903 1434 1056 1817 1690 1817 3169 1056 1761 1216 1355|0.001 -0.17325811793923784 -0.0733495843325438 0.002263909385360474
1993 581 1179 1690 1246 2143 2243 2143 3737 1246 1993 1315 1597 3939|0.001 -0.07878848669663374 -0.12191450078794186 0.030565379397675674
1268 737 592 698 1179 2210 1179 1327 737 1268 344 945 1920 1390|0.001 -0.06426321790950928 -0.11174856554044155 -0.040963231538420075
1903 1690 1434 848 493 1056 1817 1690 1817 3169 1056 2753 1115 1883|0.001 -0.11068341056371667 -0.10086842365838788 0.010527752988582773
625 1000 625 502 292 502 647 592 217 592 217 1179 1042 363|0.001 -0.06606351100643337 -0.06158772665889267 0.020452664867691706
1179 581 1993 1246 432 432 1246 1289 1179 1000 1993 2076 1089 1256|0.001 -0.0639480864018771 -0.09846942705347916 0.06251876119359512
1035 347 803 1600 1600 947 947 1000 803 347 467 875 1887 1790|0.001 -0.04453849608409666 -0.07787538512608272 0.014599359457241334
1600 1000 1600 467 803 1035 803 347 947 347 947 1887 581 1241|0.001 -0.04011802185167723 -0.04224299184456548 -0.03561866662889379
743 1720 2143 3429 2029 2029 3429 1720 743 2218 2143 1246 2262 2160|0.001 -0.04776476036306154 -0.08333037766437679 0.025323445076537165
502 592 292 625 625 217 217 1000 647 592 502 660 1179 547|0.001 -0.07995200965184801 -0.08016978488338822 -0.033662366930632404
625 1000 625 502 647 502 292 592 217 592 217 1179 776 802|0.001 -0.10056158984222852 0.003063260130016232 -0.03922200541525589
467 347 803 1600 1600 947 947 1000 803 347 1035 1104 1887 1055|0.001 -0.07178704260493385 -0.09826258070065763 0.004305190535160985
1179 1289 1993 1246 432 432 1246 581 1179 1000 1993 1546 1374 1256|0.001 -0.07595123198903986 -0.09340891593253575 0.08080611921459369
1600 1000 1600 1035 803 467 803 347 947 347 947 1887 1282 1667|0.001 -0.036659359221629106 -0.05490629787164525 -0.037497366040262214
502 592 647 625 625 217 217 1000 292 592 502 1119 1179 690|0.001 -0.09739738758773098 -0.04190787839517429 -0.024366292951453206
335 776 966 1546 915 915 1546 776 335 451 966 1239 1729 974|0.001 -0.07794251955339115 -0.08565829677504855 0.02535404700651167
1246 1289 432 1179 1993 1993 1179 581 1246 1000 432 1597 1315 2350|0.001 -0.0580336939002446 -0.12497505868957925 -0.04259895313329154
493 1690 848 366 366 1056 1056 1000 848 1690 1093 1115 1065 1166|0.001 -0.03945611808365723 -0.10290476259977477 -0.009428401146611698
2731 1000 2731 2316 2986 2316 1346 2885 4615 2885 4615 2908 3699 3581|0.001 -0.32842744860820616 -0.049459056118703604 -0.03540512885609415
3429 1720 2029 743 2143 2143 743 1720 3429 2218 2029 3571 2365 4043|0.001 -0.08326061704050813 -0.07666929169091619 -0.1493456849324215
2316 2885 1346 2731 2731 4615 4615 1000 2986 2885 2316 3183 2908 5164|0.001 -0.12288631785497661 -0.04663421779866339 0.009168978673637085
366 1000 366 493 848 1093 848 1690 1056 1690 1056 1065 1761 1355|0.001 -0.05596045046520337 -0.137518094892346 0.05154245660105028
1246 581 432 1179 1993 1993 1179 1289 1246 1000 432 724 2230 2350|0.001 -0.05534170403687311 -0.1203006496306791 -0.04620085125681017
2731 1000 2731 2316 1346 2316 2986 2885 4615 2885 4615 2908 1677 4808|0.001 -0.29758879572280184 -0.013467398994023716 -0.023451929534366034
1093 1690 848 366 366 1056 1056 1000 848 1690 493 1891 1065 924|0.001 -0.05093091455822596 -0.10252352257006381 -0.02592509477899463
1546 776 915 335 966 966 335 776 1546 451 915 1199 845 1823|0.001 -0.0910163595192115 -0.04621324870752064 -0.17622587943945445
2316 2885 2986 2731 2731 4615 4615 1000 1346 2885 2316 2523 2908 3045|0.001 -0.09855723239582281 -0.045406543005821476 0.0073407682571824395
366 1000 366 1093 848 493 848 1690 1056 1690 1056 1065 1311 614|0.001 -0.0994652839376331 -0.074122668863702 0.01902284969706125
1744 1000 581 271 581 1000 467 1047 930 883 201 1419 1157 1097|0.001 -0.049179727009558416 -0.11828075074023614 -0.06772233236706282
803 347 467 1720 1720 1519 1801 3000 1720 1600 1000 581 2441 1766|0.001 -0.0740466025475428 -0.16264610115607092 0.04520988341088161
573 333 573 333 573 268 156 533 506 116 600 814 629 739|0.001 -0.02572231253555657 -0.12262635054579141 0.03236872345909081
1600 1720 3000 1720 1801 1519 1720 467 347 803 1000 1887 1783 2014|0.001 -0.047216783204533375 -0.06914333659055028 0.01762432679795367
581 1000 1744 1000 467 271 581 883 201 1047 930 1419 1288 641|0.001 -0.014652923257221229 -0.08717147977717499 0.03548541783018777
333 533 573 573 573 600 506 333 156 116 268 1054 814 594|0.001 -0.024763887821032116 -0.05082849655371202 -0.0006934582553186353
432 581 1246 2143 1892 2243 2143 2143 1993 1246 3737 1374 2200 2509|0.001 -0.11132224348093467 -0.039619100711885125 -0.01320650226050768
2143 1720 743 3860 3687 3687 3256 2143 6429 3687 3429 2365 3820 5231|0.001 -0.09811340243366162 -0.04935190186865501 -0.0036334734516718648
555 955 259 192 888 1666 555 844 955 955 446 990 896 1756|0.001 -0.09554102018540789 -0.09144280135791161 -0.3563870310725259
4383 4615 5196 1346 2316 4963 2885 2885 4963 8654 4963 4655 3183 6393|0.001 -0.33145468856645155 -0.06153845520388335 0.004408347151625414
1720 467 1801 1600 3000 1000 347 1720 1720 803 1519 1990 3162 2441|0.001 -0.09183439744195665 -0.10007936349826774 -0.09044852121672942
1075 1875 625 1126 950 1075 1075 217 502 625 292 1976 1259 1104|0.001 -0.028553083023988846 -0.021506507583081147 -0.00434086545722856
192 844 888 555 259 446 955 955 555 955 1666 1118 1105 613|0.001 -0.12670227494937514 -0.05410742477646058 0.02790755686312929
1744 581 930 883 1000 1000 1047 467 581 271 201 1097 1027 1419|0.001 -0.028495765337456236 -0.111034972424503 0.02316047844234337
1126 217 950 1075 625 292 502 1875 1075 625 1075 1009 1179 1244|0.001 -0.23354120587400273 0.0012234557276946667 -0.04337481278591904
528 1132 1132 1053 228 658 1974 1185 307 1132 658 1163 1062 383|0.001 -0.0026750346532655733 -0.1292590461114529 0.025926630438426468
2143 2143 1892 432 1246 3737 1993 581 2143 1246 2243 2760 724 3041|0.001 -0.06609781687937244 -0.09922902467199068 -0.13658838000173978
1346 2885 2316 4383 5196 4963 4963 4615 2885 8654 4963 1677 5811 5142|0.001 -0.5981923288016644 -0.02157145050404763 -0.03514719843801917
366 1000 366 1434 1903 1605 1006 1690 1690 1690 1690 1065 2753 1705|0.001 -0.09731416462458231 -0.07852196612386342 -0.01689132127377424
1179 1327 698 255 1179 1179 255 701 1179 1120 698 1920 808 1667|0.001 -0.08271071149527187 -0.0830716969013634 -0.300118586603203
2731 1000 2731 5196 4383 2746 3915 4615 4615 4615 4615 2908 4655 1798|0.001 -0.38167318676467277 -0.08247535978958109 -0.028856303726213506
1434 1690 1903 366 366 1690 1690 1000 1006 1690 1605 1216 1065 1158|0.001 -0.047353974736566995 -0.10503272301526256 0.01771553549797522
366 1000 366 1605 1006 1434 1903 1690 1690 1690 1690 1065 659 1721|0.001 -0.09593314713419065 -0.059167781574357425 -0.015873298736198693
1053 626 623 228 1053 1053 228 1185 1053 893 623 410 1326 1489|0.001 -0.09554073575631761 -0.08821152367428531 -0.3524702877690089
2731 1000 2731 2746 3915 5196 4383 4615 4615 4615 4615 2908 4701 7517|0.001 -0.28508526710787074 -0.062381660325240285 -0.012329142507453428
1605 1690 1006 366 366 1690 1690 1000 1903 1690 1434 2556 1065 2128|0.001 -0.07705561228380287 -0.0887064391839043 0.014410449847324092
255 701 1179 1179 698 698 1179 1327 255 1120 1179 1201 848 743|0.001 -0.11214112468239779 -0.032217253462442086 0.03381346387246298
1000 1000 1000 848 595 950 1126 217 592 217 592 1414 1018 390|0.001 -0.014905676775340826 -0.05337287625237219 0.011252714097198524
950 217 1126 1000 1000 592 592 1000 595 217 848 1259 1414 1512|0.001 -0.0594223707309538 -0.0597161518001299 0.007541421772374601
1000 1000 1000 1126 848 595 950 592 217 592 217 1414 1629 1018|0.001 -0.07837711852216933 -0.048084975998000656 0.007998108937197212
228 1185 1053 1053 623 623 1053 626 228 893 1053 1062 1593 664|0.001 -0.10642510287021345 -0.06217352909437812 0.028521468241697878
1000 1000 1000 950 1126 848 595 217 592 217 592 1414 1009 1629|0.001 -0.002730258339730396 -0.06334869891093664 0.012082072280827916
848 217 595 1000 1000 592 592 1000 1126 217 950 685 1414 719|0.001 -0.06401903600141812 -0.09843692200937837 -0.008510070746424736
1000 1000 1000 595 950 1126 848 592 217 592 217 1414 390 1009|0.001 -0.09049998851730745 -0.013573140282848728 -0.038408742575307686
1104 533 1000 1000 1104 1104 1000 533 1104 67 1000 1133 1133 1694|0.001 -0.018311715278530594 -0.10417363083845554 0.04182855197433444
533 1104 1000 1000 1000 1104 1104 1000 67 1104 533 1133 1414 1002|0.001 -0.03137565982873958 -0.10301205357993393 0.018675725748096283
1000 1000 1000 533 67 533 1000 1104 1104 1104 1104 1414 1002 1133|0.001 -0.03915614452528304 -0.08438021103405746 0.06307630287883503
2069 125 1875 1875 2069 2069 1875 1875 2069 1000 1875 1879 2652 2652|0.001 -0.1869932217040715 -0.06364873343598143 -0.016858118616015494
1000 1104 533 1000 1000 1104 1104 1000 533 1104 67 1414 1414 1133|0.001 -0.038304246198577196 -0.12059070262168237 0.019558028560426877
1000 1000 1000 67 533 1000 533 1104 1104 1104 1104 1414 1133 1414|0.001 -0.09669970201220957 -0.08093257677514121 -0.6425119589021888
16553 8000 15000 15000 16553 16553 15000 8000 16553 15000 15000 17000 17000 25417|0.001 -0.9105625836926112 -0.018207833349025426 -0.018532337297657575
1000 1000 1000 533 1000 533 67 1104 1104 1104 1104 1414 1414 1133|0.001 -0.09529270009480117 -0.025631707955965366 -0.127715115519057
67 1104 533 1000 1000 1104 1104 1000 533 1104 1000 1002 1414 1133|0.001 -0.03849748609639936 -0.0837817049327394 0.012872892641864198
1000 533 1104 1104 1000 1000 1104 533 1000 67 1104 1414 1414 1414|0.001 -0.044477019437911824 -0.05027912531710532 -0.03850269119896721
483 906 906 1000 1000 906 906 1000 60 906 483 1282 1535 1027|0.001 -0.043538406469915136 -0.07887945131867191 -0.014176606700475602
60 906 483 1000 1000 906 906 1000 483 906 906 1027 1282 908|0.001 0.012454815416516052 -0.11852213532559497 0.026718771384277584
1000 1000 1000 483 906 483 60 906 906 906 906 1282 1027 1282|0.001 -0.10106031841900731 -0.04382968692053124 -0.10523050672552325
15000 8000 16553 16553 15000 15000 16553 8000 15000 15000 16553 15033 15033 21213|0.001 -1.100507530262319 0.0007739991155397696 -0.03543504310078216
1000 1000 1000 60 483 906 483 906 906 906 906 1535 908 1027|0.001 -0.08889824760738962 -0.08887962153223405 -0.6160183698451072
1875 125 2069 2069 1875 1875 2069 1875 1875 1000 2069 2125 2125 2652|0.001 -0.16991746214897074 -0.018138207112484706 -0.012669599643393425
906 906 483 1000 1000 906 906 1000 483 906 60 1027 1282 1282|0.001 -0.02165478741021576 -0.11016617908687798 0.013692518203058945
1000 1000 1000 483 60 483 906 906 906 906 906 1282 1027 908|0.001 -0.036498346450458685 -0.07291788754869799 0.07008712743978407
1000 1000 1000 67 67 67 67 1000 1000 1000 1000 1414 1002 1002|0.001 -0.012157854805994184 -0.1344969226572068 0.028829464752315737
15000 1000 15000 15000 15000 15000 15000 1000 15000 1000 15000 15033 15033 21213|0.001 -0.0698620207024514 -0.08405809013655396 0.03090190250496061
67 1000 67 1000 1000 1000 1000 1000 67 1000 67 1002 1414 1002|0.001 -0.11591433798472939 -0.0547197446592429 -0.024414769516973855
1000 1000 1000 67 67 67 67 1000 1000 1000 1000 1414 1002 1002|0.001 -0.0019230115949764315 -0.13045438349846505 0.04221212045108613
15000 1000 15000 15000 15000 15000 15000 1000 15000 1000 15000 15033 15033 21213|0.001 -0.09353806123851283 -0.0870363520943751 0.011829103706406663
67 1000 67 1000 1000 1000 1000 1000 67 1000 67 1002 1414 1002|0.001 -0.1027187533695928 -0.06034372776834607 0.009011660230053842
1000 1000 1000 67 67 67 67 1000 1000 1000 1000 1414 1002 1002|0.001 -0.04528776596398831 -0.10019917212719553 0.013709248123723317
67 1000 67 1000 1000 1000 1000 1000 67 1000 67 1002 1414 1002|0.001 -0.08796220014695932 -0.08122762909037795 0.033362469165687525
15000 1000 15000 15000 15000 15000 15000 1000 15000 1000 15000 15033 15033 21213|0.001 -0.14718653972133566 -0.003543574303583874 -0.021785517972443547
1000 1000 1000 67 67 67 67 1000 1000 1000 1000 1414 1002 1002|0.001 -0.06035401025019205 -0.09272095397689584 -0.018327441141510192
67 1000 67 1000 1000 1000 1000 1000 67 1000 67 1002 1414 1002|0.001 -0.12092302411267575 -0.048016297679750464 -0.04518819702345356
15000 1000 15000 15000 15000 15000 15000 1000 15000 1000 15000 15033 15033 21213|0.001 -0.06670078426186499 -0.06736291564101715 -0.021957588604677447
15000 1000 15000 15000 15000 15000 15000 1000 15000 1000 15000 15033 15033 21213|0.001 -0.07436546335436 -0.05716097400339959 0.009476781324249117
67 1000 67 1000 1000 1000 1000 1000 67 1000 67 1002 1414 1002|0.001 -0.0762956323046815 -0.04662552666171771 0.0063358053252260405
1000 1000 1000 67 67 67 67 1000 1000 1000 1000 1414 1002 1002|0.001 -0.020544514547230497 -0.09426512006455723 0.014223834395186152
15000 1000 15000 15000 15000 15000 15000 1000 15000 1000 15000 15033 15033 21213|0.001 -0.024421104165264218 -0.07284742198857552 0.009296903981166338
67 1000 67 1000 1000 1000 1000 1000 67 1000 67 1002 1414 1002|0.001 -0.10071620230163392 -0.011115321470078765 -0.0022755225626547304
1000 1000 1000 67 67 67 67 1000 1000 1000 1000 1414 1002 1002|0.001 -0.013358085935535335 -0.10265186753668054 0.003325237805051895
15000 1000 15000 15000 15000 15000 15000 1000 15000 1000 15000 15033 15033 21213|0.001 -0.07901270267116844 -0.04475158661534251 -0.0026662575053448823
1000 1000 1000 67 67 67 67 1000 1000 1000 1000 1414 1002 1002|0.001 -0.04807517186697474 -0.055840992296789516 -0.008893957781970219
67 1000 67 1000 1000 1000 1000 1000 67 1000 67 1002 1414 1002|0.001 -0.1319735909046238 -0.02412731544821467 -0.035903251860597285
15000 1000 15000 15000 15000 15000 15000 1000 15000 1000 15000 15033 15033 21213|0.001 -0.04062896625244394 -0.0817435148129142 -0.006567015333438508
67 1000 67 1000 1000 1000 1000 1000 67 1000 67 1002 1414 1002|0.001 -0.034962519217554 -0.09247894049972394 0.0013511772649255072
1000 1000 1000 67 67 67 67 1000 1000 1000 1000 1414 1002 1002|0.001 -0.07011290039012907 -0.10049586888554174 0.021632105668949464
573 533 333 739 573 268 345 533 551 316 385 629 1153 710|0.001 -0.04152374899049738 -0.09983362543544705 0.016847813593572347
721 776 1353 451 520 746 776 467 427 362 721 1559 781 407|0.001 -0.066927414697181 -0.0011471444938693232 -0.0469488663656048
1035 1154 2218 3000 1600 947 1600 1720 803 1654 1720 1733 1887 1790|0.001 -0.11976207802035232 -0.050193746297461095 0.0015480295094505436
930 581 1744 1000 467 602 1289 961 550 671 930 1838 1238 721|0.001 0.001178241317614237 -0.11161832325730425 0.029335557993201977
961 467 1000 1744 930 550 930 1289 671 602 581 1238 1366 1457|0.001 -0.04249914380614617 -0.1031652301515662 0.05927089431586596
739 533 573 573 333 385 551 533 345 316 268 783 1054 578|0.001 -0.014775157747745071 -0.07501193844452803 0.016860775613298795
625 1875 1075 502 647 1386 1075 592 722 1000 1034 1179 776 1237|0.001 -0.042630256704987435 -0.11169347769785065 0.0144674137610723
1000 961 467 930 1744 930 550 581 1289 671 602 1151 1097 1366|0.001 -0.07868384616889879 -0.08700862805101184 -0.07214510671700092
1179 1289 1993 2143 2060 1438 1246 2143 1993 2763 3737 1546 2466 1125|0.001 0.008119494826406282 -0.13327750434597996 0.0417194313090663
3000 1720 1600 1035 2218 1720 803 1154 1600 1654 947 3162 1980 3458|0.001 -0.07479123599878679 -0.05412345325574108 -0.10561914930577676
502 592 647 625 1075 1034 722 1875 1075 1000 1386 1119 1976 1237|0.001 -0.17758398474787218 -0.06595288289407142 -0.004390500964597255
1115 2143 966 1546 915 1546 2898 776 1598 1662 1662 1913 1729 2421|0.001 -0.08368193154308812 -0.09075845958612438 0.03897741410130884
451 467 520 721 1353 721 427 776 776 362 746 893 1059 851|0.001 -0.06008811736489483 -0.07674217428162766 -0.044902144780526454
1075 1875 1386 722 1034 1075 625 592 502 1000 647 1468 564 1237|0.001 -0.058002596294657316 -0.0696774838419345 0.01122722470573212
820 1433 1386 1921 897 695 1490 866 1386 1490 2599 782 1715 1075|0.001 -0.05318034753317713 -0.09716942119228245 0.008982771907131148
1744 1289 930 961 1000 581 671 467 930 602 550 2010 1151 1838|0.001 -0.03270312726094793 -0.07328927004466301 0.0016919242688162583
485 1040 1040 967 572 967 1814 698 626 605 1341 1197 1515 1082|0.001 -0.004155657926672163 -0.11257611101921361 0.024607801173688326
722 592 1034 1075 1386 647 502 1875 625 1000 1075 1567 2161 1237|0.001 -0.21249493889290316 -0.004166631000807053 -0.012198530227441884
2143 2143 2060 1179 1993 3737 1993 1289 1246 2763 1438 2653 2230 2350|0.001 -0.09614407588417584 -0.07051196079989608 -0.05982480541236734
967 698 572 485 1040 1341 626 1040 1814 605 967 546 1288 2091|0.001 -0.10854079230170455 -0.04144045671565566 -0.13014264672719045
1093 1690 848 1747 1220 1056 1817 1690 2343 3169 1817 1891 954 1831|0.001 -0.12137254863836655 -0.0503591942384618 -0.012435020885045445
1546 776 915 1115 966 1662 1598 2143 2898 1662 1546 1199 1675 3055|0.001 -0.16198330816875273 -0.10932683277410704 0.017755350002208736
1921 866 897 820 1386 2599 1386 1433 1490 1490 695 1501 2171 2035|0.001 -0.045539302079044 -0.11506712092110294 -0.029080991536093448
1747 1690 1220 1093 848 1817 2343 1690 1817 3169 1056 2648 1311 2250|0.001 -0.1412153471122768 -0.09579009387571835 -0.027660924701399248
625 1000 625 647 502 502 647 592 42 592 42 1179 1119 527|0.001 -0.036455890540215696 -0.08671755388487301 0.019473650077515003
1035 67 1035 1600 1600 947 947 1000 803 67 803 1067 1887 1790|0.001 -0.08035782520047219 -0.04855479764951265 0.005750165731461809
83 1000 1246 1993 1179 1179 1993 1289 83 1289 1246 1050 1546 1182|0.001 -0.022357009988122067 -0.055186786788631315 0.025286391288181775
625 1000 625 502 647 647 502 592 42 592 42 1179 776 667|0.001 -0.03466432681930698 -0.0950627183411279 -0.008186805184829948
803 67 803 1600 1600 947 947 1000 1035 67 1035 843 1887 1241|0.001 -0.0400887377234016 -0.11523609374575194 0.004745614569994228
64 1000 966 1546 915 915 1546 776 64 776 966 1031 1729 917|0.001 -0.0163241490466981 -0.09469863701950909 0.014051799944012622
848 1690 1093 70 70 1056 1056 1000 848 1690 1093 1311 1002 891|0.001 -0.08366996659165071 -0.09405974044222609 0.011494813871968379
14200 1000 14200 15527 15527 12043 12043 15000 24000 15000 24000 14235 16002 18619|0.001 -0.7588963065418242 -0.13159597362268016 0.025278353776576612
1993 1289 1179 83 1246 1246 83 1000 1993 1289 1179 2230 1050 2350|0.001 -0.09365339604510803 -0.08318164134936468 -1.3330971718984064
14200 1000 14200 12043 12043 15527 15527 15000 24000 15000 24000 14235 12651 26852|0.001 -1.0216590406852288 -0.05081636607823792 -0.0025796869067429284
1093 1690 848 70 70 1056 1056 1000 1093 1690 848 1891 1002 1127|0.001 -0.08455509918317561 -0.09462156008238187 -0.0041515240253053864
1546 776 915 64 966 966 64 1000 1546 776 915 1199 1031 1823|0.001 -0.09338721746294243 -0.08268961339851444 -1.3409940389417685
803 67 803 1720 1720 1654 1654 3000 1720 1000 1720 843 2441 1980|0.001 -0.18048077440438126 -0.0941446193261275 0.002256109063119016
581 1000 1744 1000 961 961 1000 467 39 467 581 1419 1238 973|0.001 -0.054283311600411555 -0.04483580914489638 0.005683273790066945
581 1000 1744 1000 467 467 1000 961 39 961 581 1419 1238 490|0.001 -0.08573782640700411 -0.07595775580621522 0.039295916097858985
573 333 573 573 573 551 551 333 268 22 268 814 814 710|0.001 -0.031212626492622686 -0.028953806896599987 -0.021870377933964624
83 1000 1246 2143 2060 2060 2143 2143 1246 2143 3737 1050 2466 2085|0.001 -0.08644680008307204 -0.06775132429446717 0.015432731825373303
1000 467 961 581 1744 581 39 1000 1000 467 961 1151 1419 1419|0.001 -0.09670683818612025 -0.05142462602519049 -0.22083390846828088
1654 67 1654 1720 1720 803 803 3000 1720 1000 1720 1674 2441 1980|0.001 -0.23251744579806388 -0.0311182251455 -0.0286071874437277
485 1040 1040 605 40 605 1814 1000 485 1040 1040 1197 1012 510|0.001 -0.07027686406704259 -0.09493230381125484 0.08510429800471897
1075 1875 625 647 502 1075 1386 592 1034 1000 722 1976 1119 1237|0.001 -0.058122927867912955 -0.06345019177067202 -0.0017411765818808878
915 776 1546 966 1115 1598 1662 2143 1546 1662 2898 1729 1913 2421|0.001 -0.15581783639979863 -0.11116274920542568 0.027538308928221067
2218 1154 1035 1600 3000 1600 947 1720 1720 1654 803 1980 3162 3458|0.001 -0.09372660095967267 -0.08008409997814714 -0.07355394845494412
1744 581 930 467 1000 1289 602 961 930 671 550 1097 1151 1366|0.001 -0.10879936966909143 -0.08116067723822007 -0.136963970863061
2060 2143 2143 1993 1179 1993 3737 1289 1438 2763 1246 2466 1546 1125|0.001 -0.05070525776502244 -0.08131092027600317 0.022283312293043256
647 592 502 1075 625 722 1034 1875 1386 1000 1075 776 1179 1237|0.001 -0.043218239528124425 -0.12782023003883647 0.04193980791534102
333 533 573 573 739 345 268 533 385 316 551 1054 783 578|0.001 -0.05044970175325458 -0.07523770479183844 0.004524200758544428
467 961 1000 1744 930 550 930 581 602 671 1289 1238 1838 721|0.001 -0.1271342025357025 -0.048733604254556084 0.01895660865028459
930 1289 1744 1000 961 671 581 467 550 602 930 1366 1238 1457|0.001 -0.046884693150175405 -0.06880703683398881 0.02463696606504362
1600 1720 3000 2218 1035 803 1720 1154 947 1654 1600 1887 1733 1790|0.001 -0.10378023749136545 -0.07716936112779016 0.03672598872835886
573 533 739 333 573 551 385 533 268 316 345 1153 629 710|0.001 -0.06148928628800121 -0.039759293301996346 -0.005758665718592626
520 467 451 1353 721 427 721 776 746 362 776 781 1559 407|0.001 -0.04116834056082208 -0.0890261357694111 0.05919527578472028
966 2143 1115 915 1546 2898 1546 776 1662 1662 1598 1675 1199 3055|0.001 -0.05794238397270446 -0.09900645151773801 -0.04552274435096426
848 1690 1093 1220 1747 1817 1056 1690 1817 3169 2343 1311 2648 2250|0.001 -0.15692725387101536 -0.04739439443723903 0.009272423768318383
1386 1433 820 897 1921 1490 695 866 2599 1490 1386 2171 1501 2035|0.001 -0.07300128398418759 -0.07291528648048495 -0.08280324220684587
1993 1289 1179 2060 2143 1246 1438 2143 3737 2763 1993 2230 2653 2350|0.001 -0.07203438571420806 -0.12550813431359886 0.007976946666767848
1040 1040 485 572 967 1814 967 698 1341 605 626 1288 546 2091|0.001 -0.06729034269867595 -0.11603074712479233 -0.03581966862824748
1220 1690 1747 848 1093 2343 1817 1690 1056 3169 1817 954 1891 1831|0.001 -0.12546331258078247 -0.08758533464361284 -0.009908918935588318
1000 467 961 930 1744 930 550 1289 581 602 671 1151 2010 1838|0.001 -0.09779739053330516 -0.0637579155327217 -0.12801154985656815
572 698 967 1040 485 626 1341 1040 967 605 1814 1515 1197 1082|0.001 -0.05926574894524972 -0.060036695226469705 0.04155158127112646
1386 1875 1075 1034 722 625 1075 592 647 1000 502 2161 1567 1237|0.001 -0.07343842038198489 -0.04781034459150568 -0.033050081758154715
1353 776 721 520 451 776 746 467 721 362 427 1059 893 851|0.001 -0.017209128118846895 -0.0987344578275573 0.01446228311732689
897 866 1921 1386 820 1386 2599 1433 695 1490 1490 1715 782 1075|0.001 -0.1331781510579899 -0.034711867969873245 0.03628661027698987
1034 592 722 1386 1075 502 647 1875 1075 1000 625 564 1468 1237|0.001 -0.08747635591608516 -0.13528500820995437 0.024711994778918722
573 1000 573 1000 1000 333 333 1000 573 1000 573 1153 1414 814|0.05 -0.13714160314036272 0.027202558184298287 -0.03546785305609923
1744 1000 1744 1744 581 581 1744 1000 1744 1000 1744 2010 1419 1838|0.05 -0.005252597886548083 -0.09821372923402127 0.057453426327467305
573 1000 573 1000 1000 333 333 1000 573 1000 573 1153 1414 814|0.05 -0.14928715671639003 -0.020689316046460515 -0.054938158972527296
1744 1000 1744 1744 581 581 1744 1000 1744 1000 1744 2010 1419 1838|0.05 0.030467028011806896 -0.14117234966115721 0.020145636763100327
411 771 771 2453 742 566 2123 1141 372 1053 697 1334 1640 830|0.05 -0.054220998106119245 -0.09725078268032705 0.06212425472728267
1511 533 1638 3522 3048 813 1066 1107 1107 590 1436 1916 3208 2269|0.05 -0.05641306870161067 -0.07306437307887492 -0.013033965567882388
533 1104 1000 3000 1600 853 1600 1720 918 1332 1720 1133 1887 1006|0.05 -0.1561005604845478 0.03109233764506225 0.03690363951315723
774 533 1000 1744 930 496 930 581 641 310 581 1411 1838 1130|0.05 -0.07735519017148751 -0.07026749329066106 0.06100730890361339
310 1036 581 1744 930 496 930 581 533 745 1000 1047 1838 585|0.05 -0.13638289399096837 0.007120672405835915 0.039076517072658135
745 533 581 1744 930 496 930 581 1036 310 1000 789 1838 652|0.05 -0.0904703152453834 -0.05205739676941268 0.05038669918539407
273 1096 513 2719 906 713 2356 1000 335 960 628 955 1861 763|0.05 -0.03920444362987774 -0.08667923798895694 0.06824509094849551
1530 533 1593 4330 3753 1135 1443 816 1745 435 1593 1815 4406 2509|0.05 -0.11146685822350344 -0.05185735057002816 -0.018348170914542772
291 1079 155 73 1781 2192 292 1000 291 1079 155 1182 1063 1997|0.05 -0.11071313371750047 -0.05712667754354417 -2.6989115763906026
6960 1875 6452 471 1886 14142 11490 1000 6960 1875 6452 7623 1374 8667|0.05 -0.07714478921545309 -0.09783630270242316 -0.1830344067932832
1768 1000 354 2121 2828 2828 2121 1225 1768 1225 354 1275 3000 3335|0.05 -0.020191713200494732 -0.1744645088590091 0.0029033660869837163
3464 5000 3464 6000 6000 8000 8000 1000 2828 5000 2828 4123 6083 6633|0.05 -0.17824657479819206 -0.024113575346350613 -0.014671281575401318
1443 1000 289 1732 2309 2309 1732 816 1443 816 289 1190 1915 2723|0.05 -0.014639250496015777 -0.16927118313882938 0.006914309931427276
2828 5000 2828 6000 6000 8000 8000 1000 3464 5000 3464 3606 6083 8485|0.05 -0.15601709405698383 -0.020529346009697802 -0.008035652626443568
326 923 611 2151 651 496 1861 877 360 676 676 1170 1581 594|0.05 -0.0066516179208431225 -0.07538513406252556 0.03491986597058405
1000 533 1297 3182 2754 734 963 904 1366 482 1480 1731 3308 1646|0.05 -0.07339828435770523 -0.05536634761763026 -0.01859581342416261
1853 1875 2483 1443 289 2165 4330 1000 1853 1875 2483 1477 1190 2014|0.05 -0.007127993685085432 -0.1189499462241983 0.029778867466390135
1720 3000 1720 693 693 1299 1299 200 1284 1500 1284 2441 825 1023|0.05 -0.033939619069097704 -0.03815858017847673 0.007230191037643774
755 746 403 581 1744 872 116 1000 755 746 403 595 1419 1446|0.05 -0.09183674497288519 -0.06544123667414192 -0.19673160683036928
1443 1000 289 1853 2483 2483 1853 1875 4330 1875 2165 1190 3342 3524|0.05 -0.08678805700423786 -0.23294575824675423 0.018336809216823458
866 2000 866 856 856 1147 1147 133 462 667 462 1658 930 682|0.05 -0.015627017345766214 -0.05891793966725234 -0.012694481416375414
1169 1000 156 540 1012 1012 540 1340 2337 1340 779 1087 1804 1938|0.05 -0.05210871030559838 -0.18256415842407336 -0.05385860788644892
533 1104 1000 1061 566 302 566 1116 394 1209 738 1133 1149 777|0.05 -0.07855445957217877 -0.04170544075285165 0.02489373059848088
1638 533 1511 1437 766 409 766 1355 1495 722 1355 1537 1071 1873|0.05 -0.062378485321300525 -0.08349268605512217 0.0430594060493128
335 960 628 2719 906 520 1994 1000 335 960 628 1140 1861 763|0.05 -0.07341134917716374 -0.06154110423198467 0.06370262328951437
1530 533 1593 4330 3175 828 1443 1000 1530 533 1593 1815 3841 2229|0.05 -0.0863636996696171 -0.07874371962626858 0.024578346715644628
533 1104 1000 1299 693 370 693 817 436 1060 817 1133 1510 805|0.05 -0.1087199903613878 -0.03763914831566906 0.01531901646818934
1297 533 1000 1590 848 452 848 1224 1351 653 1224 868 1334 1380|0.05 0.010910168792679364 -0.15605351515292298 0.021616501049659398
1104 533 1000 3000 1600 853 1600 1720 1332 918 1720 1133 1887 1395|0.05 -0.025944136648067273 -0.10213265338816058 0.046928662500469454
533 774 1000 1744 930 496 930 581 310 641 581 1411 1838 980|0.05 -0.08676399796763823 -0.03425618102296912 0.0013580522230438596
2828 5000 2828 530 530 2828 2828 250 2604 1000 2604 3606 729 2828|0.05 -0.03758223087402701 -0.060045352476566505 0.007326470696706888
1768 1000 354 187 1000 1000 187 921 354 921 88 1275 1000 1275|0.05 -0.10012129984698026 -0.07743892781177819 -0.5048045317773142
384 1000 96 204 1086 1086 204 1086 1920 1086 384 1018 1201 1385|0.05 -0.06007767554913501 -0.15132549035359988 -0.26848666537628296
10416 4000 10416 2121 2121 11314 11314 4000 11314 20000 11314 10607 2915 12510|0.05 -0.30525151309148235 -0.09525475622549462 0.008056787020191969
176 975 330 1437 766 463 868 1355 938 1107 1760 1055 1071 542|0.05 -0.05113631840252264 -0.024853059581337877 0.05615553045309918
629 533 770 816 493 263 435 188 554 100 568 1162 976 791|0.05 -0.004497748427247927 -0.005017835636370593 -0.011451350908779911
1443 1875 1179 493 816 1531 925 188 1066 352 1039 2179 577 1141|0.05 0.001917628147209971 -0.05634958777049448 0.01833990177889655
4355 5333 2632 5543 5683 7698 6289 1875 8165 10000 4934 5203 5997 11208|0.05 -0.35684346991647686 0.019270927986207997 -0.028966458588390864
338 1025 180 475 890 1473 786 1135 1804 1389 962 1082 1428 1760|0.05 -0.07650294025210114 0.02949883771064421 -0.09369519658358638
2027 1655 380 1123 1275 1560 1152 533 1081 882 203 1977 1175 1700|0.05 0.013969793392467622 -0.18002969969125315 0.026981784372865913
1836 1000 245 2693 1836 1836 2693 1000 1836 1000 245 1204 2438 2596|0.05 0.04669586604511666 -0.21772742564230008 0.028998856293125375
4085 7500 4085 11000 11000 7500 7500 1000 4085 7500 4085 4918 11045 9959|0.05 -0.23084490336942154 0.039085783510339756 -0.04185660652021417
1836 1000 245 2693 1836 1836 2693 1000 1836 1000 245 1204 2438 2596|0.05 0.04133825393734858 -0.2325789679426815 0.03128531265111256
4085 7500 4085 11000 11000 7500 7500 1000 4085 7500 4085 4918 11045 9959|0.05 -0.22839482104702324 0.02959006422967647 -0.049785210548396464
1000 1000 1000 71 71 566 566 900 1116 200 1116 1414 951 1149|0.05 -0.05519024068488254 -0.07570175096965448 0.08855562385310822
14142 8000 15780 12728 14142 14142 2828 1000 14142 8000 15780 14177 13454 20000|0.05 -0.2204749772992154 0.02891406614534464 -0.08762622017377875
179 1000 807 63 507 507 63 896 896 896 896 1070 898 646|0.05 -0.08134845759371734 -0.06141661378381902 -0.6436792376444755
507 896 63 807 179 896 896 1000 507 896 63 898 1070 646|0.05 0.026105384532177922 -0.23598309543627183 0.042529276454408294
1768 125 1972 354 1768 1768 1591 1000 1768 125 1972 2031 1275 2500|0.05 -0.07412257737119843 -0.07284322068595972 -0.2844336457160468
63 896 507 179 807 896 896 1000 63 896 507 1030 1070 853|0.05 -0.08392937014894519 -0.06365781049120556 -0.2644161097490372
2693 1000 1836 2754 734 734 2754 1366 2693 1366 1836 2438 1646 2791|0.05 -0.02231985783044843 -0.1602369687472649 0.08035297548006914
744 1467 744 1500 1500 400 400 1000 545 1467 545 1421 1803 1117|0.05 -0.17279547130373052 -0.008920590333789669 -0.06646522622276496
1972 1000 1344 2016 538 538 2016 732 1972 732 1344 1911 1501 2044|0.05 -0.0034935045071382564 -0.16769952574170466 0.06757897660205403
545 1467 545 1500 1500 400 400 1000 744 1467 744 1328 1803 896|0.05 -0.1418484824293209 -0.005078556557663871 -0.07207340001148421
1104 533 1000 1299 693 370 693 817 1060 436 817 1133 1510 1258|0.05 -0.0796303624262018 -0.09281397830799953 0.05360413647798268
533 1297 1000 1590 848 452 848 1224 653 1351 1224 868 1334 711|0.05 -0.11221840495912017 -0.01566915230554855 0.03156674853802777
1414 1000 2828 1225 230 230 1225 604 1149 604 1414 2236 1195 1295|0.05 -0.014261892793686615 -0.12564621075496385 0.07623003752486479
427 812 427 866 866 162 162 2000 707 1000 707 998 1658 500|0.05 -0.229051650864337 -0.04864445260154615 -0.06020735754081574
4355 5333 2632 5004 6158 12317 6158 1000 4355 5333 2632 5203 5640 9737|0.05 -0.17594932153908283 -0.017634301838003186 -0.0430812508572298
2027 1655 380 1901 2340 4680 2340 1000 2027 1655 380 1977 2334 3881|0.05 0.012352347445832024 -0.14392037035793837 0.01302572309775707
354 1000 1768 1225 230 187 1000 604 221 921 1061 1275 1195 400|0.05 -0.05127709521129731 -0.09894970647190693 0.08086095138858385
2828 5000 2828 650 530 2828 3464 625 2604 3000 1709 3606 1132 2828|0.05 -0.09751486992115588 -0.0910373120447916 -0.029814212534776674
1768 1000 354 187 1000 1225 230 921 1061 604 221 1275 1000 1458|0.05 -0.1059642067314559 -0.10803671032289408 -0.4184690080704201
566 200 566 566 693 130 106 600 342 125 521 721 825 676|0.05 -0.01959197308983307 -0.1328260662154701 0.00751221019961168
868 208 570 1155 943 177 217 1667 943 333 943 648 1374 943|0.05 -0.1208295826328154 -0.07227469213158089 -0.020072764891883033
4355 5333 2632 962 1540 7698 4619 816 4355 4355 4009 5203 1262 5551|0.05 -0.1338641176386013 -0.09046685397478216 -0.10018463171294956
1755 1523 366 380 2027 1655 310 1655 2925 1655 585 1819 1977 2412|0.05 -0.06125318305701177 -0.1680682378175702 -0.30313415645979336
2735 4800 4167 849 1039 5543 4525 1600 4525 8000 4525 3111 1811 5407|0.05 -0.21376099644185964 -0.06211722662122332 0.06433393036350488
1086 1086 204 240 1152 1920 384 656 1330 1086 249 1201 747 2206|0.05 -0.07907305431107625 -0.13635863743809318 -0.37453313764805873
240 656 1152 1086 204 249 1330 1086 384 1086 1920 1194 1086 435|0.05 -0.13785137642734258 -0.008992805559658867 0.11107368855193478
1000 1000 1000 87 87 693 693 900 817 200 817 1414 953 825|0.05 -0.060694015493022446 -0.08038114569967725 0.06813595213150059
1443 125 1179 289 1443 1443 1299 1000 1443 125 1179 1190 1190 2041|0.05 -0.07359257433827371 -0.06957144547624972 -0.30137847926108297
106 1224 848 245 1102 1224 1224 1000 106 1224 848 1009 1127 1166|0.05 -0.07042988417809704 -0.07149020942812112 -0.23194338264766912
11547 8000 9434 10392 11547 11547 2309 1000 11547 8000 9434 12152 11000 16330|0.05 -0.24889402519110093 0.025338930253282488 -0.0814807444365051
245 1000 1102 106 848 848 106 1224 1224 1224 1224 1127 1288 1009|0.05 -0.07680526047817215 -0.06356810542837321 -0.6038246143927561
848 1224 106 1102 245 1224 1224 1000 848 1224 106 1288 1127 1009|0.05 0.024351442019614478 -0.2384822566533662 0.04085196145776404
1860 3750 1362 570 868 1628 1068 208 1291 2266 1200 2791 648 1014|0.05 -0.053929045948138965 -0.031005434085020767 0.013668635000916307
1888 1075 174 475 890 1356 723 1135 3125 1549 833 1225 1428 3055|0.05 -0.0418566080873195 -0.273181763721021 -0.040039310330680644
1152 656 240 1487 2142 1569 1383 1875 4320 1231 2610 747 3031 2581|0.05 -0.12351122692290994 -0.07259544340350366 -0.006177363347271703
5761 10875 6194 4167 2735 5128 7812 4800 6536 18000 8926 6598 3111 8224|0.05 -0.6152270377007552 -0.03142688760254697 0.009162773271447211
2016 732 538 467 875 574 306 694 1218 645 112 1205 546 1972|0.05 -0.026326422059723686 -0.1583219075760567 -0.033387270810441017
472 1655 718 570 530 601 821 92 251 441 383 1196 649 554|0.05 -0.0063216843201141515 -0.028529961051600994 -0.02018432972024975
533 1000 533 693 693 370 370 200 436 573 436 1133 825 805|0.05 -0.02662249805915451 -0.02407129910628747 -0.022703677097611896
1316 1000 459 1590 848 848 1590 1224 2295 1224 2295 1266 1334 1934|0.05 -0.029502706337566353 -0.039127916677047514 0.02320447642184309
4085 7500 4085 2179 2179 4085 4085 2867 5299 11000 5299 4918 2759 7071|0.05 -0.4561210119253023 -0.03444172642613208 0.0013425665863797676
2076 1000 541 411 771 771 411 771 1415 771 189 1457 669 1879|0.05 -0.04787255911967936 -0.14262697078769815 -0.03900534437340175
1849 3837 1849 760 760 1425 1425 349 1425 2616 1425 2693 963 1237|0.05 -0.07858739059863007 -0.027690252477520216 0.005237384029681547
1836 1000 245 533 1000 1000 533 1297 2693 1297 702 1204 1731 2438|0.05 -0.022769377703532045 -0.23319876770559023 -0.027186173093993737
1297 533 1000 1836 2693 702 245 1000 1297 533 1000 868 2438 1890|0.05 -0.1337059646694938 -0.039204055803774285 -0.11308654869944479
533 1297 1000 1836 245 702 2693 1000 533 1297 1000 868 1204 675|0.05 0.015870262846211514 -0.1324986009527218 0.05490459055016217
1225 604 230 696 943 770 679 533 653 322 122 707 745 1424|0.05 0.00809462331885058 -0.1866763546661343 0.028005743339440947
330 975 176 766 1437 868 463 1355 1760 1107 938 977 1972 1016|0.05 -0.05375865680511849 -0.017459086128330803 -0.0658710313220301
2632 5333 4355 5683 5543 6289 7698 1875 4934 10000 8165 3079 5551 7914|0.05 -0.3524636086852806 0.018951401697373527 -0.027534747239543744
1179 1875 1443 816 493 925 1531 188 1039 352 1066 1573 976 1087|0.05 0.00648381507596163 -0.05783523716861749 0.02736743754716775
770 533 629 493 816 435 263 188 568 100 554 839 577 1121|0.05 -0.016619365134803443 -0.01646430839088775 -0.026117342941031074
180 1025 338 890 475 786 1473 1135 962 1389 1804 1001 1046 939|0.05 -0.06484121304658697 -0.019424031941912556 0.05256665270384042
2032 1000 271 4064 4064 4064 4064 1000 2032 1000 271 1245 4185 4543|0.05 0.014770189716541982 -0.22450553025264552 0.02432356703169658
67 1000 67 246 246 246 246 1000 500 1000 500 1002 1030 306|0.05 -0.010626589708093714 0.02192813693264073 0.003422339822458653
3691 7500 3691 15000 15000 15000 15000 1000 3691 7500 3691 4596 15033 15447|0.05 -0.16626938039539296 0.022176634190962385 -0.0195838858096542
2032 1000 271 4064 4064 4064 4064 1000 2032 1000 271 1245 4185 4543|0.05 0.014710321127815451 -0.22300922484667196 0.025172369810746442
67 1000 67 246 246 246 246 1000 500 1000 500 1002 1030 306|0.05 -0.009336368449782695 0.020736163658874318 0.0036786503637098455
3691 7500 3691 15000 15000 15000 15000 1000 3691 7500 3691 4596 15033 15447|0.05 -0.23781108711527166 0.023496533262166164 -0.03499537317566803
2000 1000 2000 492 492 492 492 133 2000 133 2000 2236 613 2060|0.05 0.003049257867513422 -0.010130280595991303 -0.0025506494030036464
2000 1000 2000 492 492 492 492 133 2000 133 2000 2236 613 2060|0.05 0.003254302198554271 -0.009513399688046986 -0.0029251060563073583
1540 816 962 5543 5683 5683 5961 1875 11547 1531 10464 1262 5997 7076|0.05 -0.14065874058072136 0.03786268397118375 -0.026086334382735554
146 1103 179 530 570 543 543 92 78 147 96 1011 607 608|0.05 -0.00041977803340031983 -0.03828985842109223 0.006473028561120309
2032 1000 271 3522 3048 3048 3522 1107 2032 1107 271 1245 3208 3663|0.05 0.03401873820807255 -0.17506309496815087 0.02276641016539127
3691 7500 3691 13000 13000 11250 11250 1000 4085 7500 4085 4596 13038 11840|0.05 -0.23762902436643807 0.02693350254014293 -0.03068780485033229
1836 1000 245 3182 2754 2754 3182 904 1836 904 245 1204 3308 3310|0.05 0.041832943962754054 -0.2480091954807584 0.034034127113382606
4085 7500 4085 13000 13000 11250 11250 1000 3691 7500 3691 4918 13038 13514|0.05 -0.23871321610347218 0.02925013792548503 -0.034821190973662874
144 1049 269 1437 766 705 1323 1355 766 1511 1437 961 1071 766|0.05 -0.046616430321071434 -0.009514195430125882 0.021523923440263104
1052 533 943 1000 921 491 533 188 730 100 696 1083 1106 1488|0.05 -0.010607056714915242 -0.04827680447509364 -0.0065180544433962595
1768 1875 1972 921 1000 1875 1726 187 1305 352 1369 2031 1000 1398|0.05 -0.0005384815867748305 -0.0678418580115614 0.030533311703369037
5333 5333 4910 7300 6960 9428 10520 1875 10000 10000 9207 5897 6692 13728|0.05 -0.3363021114506659 0.023278110288653675 -0.025537400182424896
257 953 137 673 1261 1370 731 1441 1370 1291 731 917 2038 1515|0.05 -0.06964961024735761 0.034038331888806006 -0.08526590228685627
1086 1086 204 793 1143 1024 756 533 579 579 109 1201 623 1493|0.05 0.01030247457236344 -0.18869598620217198 0.024357439292619354
1000 921 188 696 943 696 645 533 533 491 100 1000 745 1373|0.05 0.013986120212556852 -0.1764177969667169 0.026416012161367686
269 927 144 766 1437 1323 705 1355 1437 1000 766 859 1972 1437|0.05 -0.06122437030282146 0.0030484399713248678 -0.08346236725958134
4910 5333 5333 6960 6452 6960 9428 1875 9207 10000 10000 5333 5976 10072|0.05 -0.3308592488704021 0.0249168351783724 -0.026761440087238464
1305 1875 1768 1000 921 1726 1875 187 1210 352 1305 1398 1106 1667|0.05 -0.0042944678701817285 -0.04358189569869331 0.014457449704896597
943 533 696 921 1000 533 491 188 696 100 645 745 1000 1373|0.05 0.001154759959864915 -0.05655446212125548 -0.010579221461133326
155 1079 291 1427 761 827 1550 1079 827 1461 1550 926 1378 914|0.05 -0.02239770538009278 -0.12821232135378446 0.023802824840231107
144 927 269 1437 766 705 1323 1355 766 1000 1437 1095 1071 766|0.05 -0.0648808900196507 -0.08476755585604012 0.0541226523924454
696 533 943 1000 921 491 533 188 645 100 696 1373 1106 1007|0.05 -0.02437929119183946 -0.010979708507433683 -0.0024491181393782036
1768 1875 1305 921 1000 1875 1726 187 1305 352 1210 2574 1000 1398|0.05 0.001060483441130966 -0.06261762905238721 0.009174338522370817
5333 5333 4910 6452 6960 9428 6960 1875 10000 10000 9207 5897 7623 13728|0.05 -0.3500561827534354 0.023914148563581872 -0.02416176540568582
291 1079 155 761 1427 1550 827 1079 1550 1461 827 1182 1561 1714|0.05 -0.0452366547783678 -0.015539427013299134 -0.046463453493422735
1086 1086 204 701 756 1024 756 533 579 579 109 1201 966 810|0.05 0.015390747345362943 -0.16882557238719453 0.024428578303496984
1417 1875 1314 96 384 2880 2340 1000 1417 1875 1314 2051 1018 1765|0.05 -0.06118440847339146 -0.10193141422849994 -0.0003755524420534506
1427 1079 761 73 1781 2192 292 1000 1427 1079 761 1561 1063 2437|0.05 -0.10031125080102288 -0.08317848028995822 -2.2949724682229644
1414 1000 2828 1000 187 230 1225 921 1282 604 2121 2236 1106 1295|0.05 -0.06158072400252457 -0.10844522240646914 0.10327657269940449
1000 921 187 1414 2828 2121 1282 1000 1225 604 230 1000 2236 2345|0.05 -0.029680720054388043 -0.18941204182178595 -0.03819103412666003
2632 5333 4355 6158 5581 9238 12317 816 4009 4355 4355 3079 6212 9033|0.05 -0.18245172904065465 -0.03162085494315403 0.024484995823137456
285 604 434 471 577 108 88 1333 471 667 471 978 1414 333|0.05 -0.1500724961741895 -0.052009634313074926 -0.052357987820302876
5333 5333 4910 6835 7542 15085 11314 1225 5333 6532 3223 5897 7608 11926|0.05 -0.15887707920007488 -0.03344132330197924 -0.010426728758038406
2027 1655 380 2121 3510 4680 2340 1523 1655 1655 310 1977 3432 3881|0.05 -0.021079369086011157 -0.181796782278435 -0.01208905634011992
2828 5000 2828 13000 13000 15000 15000 1000 3464 5000 3464 3606 13038 15264|0.05 -0.207089431669355 -0.007298250838507769 -0.028877410162460038
1768 1000 354 4596 5303 5303 4596 1225 1768 1225 354 1275 5397 5590|0.05 0.006085071231525241 -0.2036384652625589 0.03144450334452653
3464 5000 3464 13000 13000 15000 15000 1000 2828 5000 2828 4123 13038 13304|0.05 -0.1949312310516338 0.009686497740002409 -0.027142131200542652
1443 1000 289 3753 4330 4330 3753 816 1443 816 289 1190 3841 4564|0.05 -0.005096714506058753 -0.14212793295085513 0.011327105129046444
1104 533 1000 1061 566 302 566 738 1209 394 1116 1133 1456 1053|0.05 0.003945810101038116 -0.11294962271683584 0.03376405617450118
353 1084 662 951 507 270 507 896 478 989 896 1017 1306 378|0.05 -0.126904055644248 -0.008085906504629037 0.013873510430859604
3915 4615 2746 2731 2731 4615 4615 1000 5196 4615 4383 4701 2908 7517|0.05 -0.1585287406444258 -0.02052393980845002 0.012020606758542662
1053 1185 228 623 1053 1053 623 626 1053 893 228 1326 410 1489|0.05 -0.019680680876914547 -0.16523335603325306 -0.02063728846853463
4383 4615 5196 2731 2731 4615 4615 1000 2746 4615 3915 4655 2908 1798|0.05 -0.18984062186979012 -0.020463140488790055 0.0038662318575366506
1179 701 255 698 1179 1179 698 1327 1179 1120 255 808 1920 1667|0.05 -0.05339732628260485 -0.17564496836696253 -0.020609394649626633
950 592 595 1000 1000 217 217 1000 1126 592 848 390 1414 1009|0.05 -0.10789311423219261 -0.008572374796362858 -0.05070111157661872
623 626 1053 1053 228 228 1053 1185 623 893 1053 1593 1062 664|0.05 -0.020098762332754205 -0.13473372696107377 0.059076142767711115
848 592 1126 1000 1000 217 217 1000 595 592 950 1629 1414 1018|0.05 -0.11860504032083052 -0.03876075142774882 -0.04337641953221283
698 1327 1179 1179 255 255 1179 701 698 1120 1179 848 1201 743|0.05 -0.050573387529199154 -0.11585370359738612 0.09372604804268159
3464 5000 3464 11000 11000 15000 15000 1000 3464 5000 3464 4123 11045 13304|0.05 -0.21010496589947247 0.0023296370464809257 -0.01873940782705419
1443 1000 289 3175 4330 4330 3175 1000 1443 1000 289 1190 3841 4564|0.05 -0.01124546920636682 -0.18894231620246726 0.006752912004788225
3464 5000 3464 11000 11000 15000 15000 1000 3464 5000 3464 4123 11045 13304|0.05 -0.189515355582639 -0.019431945345265156 -0.009912185913366622
1443 1000 289 3175 4330 4330 3175 1000 1443 1000 289 1190 3841 4564|0.05 -0.011834349329872262 -0.16332540940341977 0.0038425754594539896
354 500 354 354 354 66 66 1000 326 500 326 791 1061 391|0.05 -0.1287809014653274 -0.053858323389005536 -0.0358117793481838
1414 1000 2828 1000 187 187 1000 921 1414 921 2828 2236 1106 1427|0.05 -0.04828794040287576 -0.11361176268046114 0.08256476589610706
1000 921 187 1414 2828 2828 1414 1000 1000 921 187 1000 2236 3000|0.05 -0.037750119211528155 -0.17041984602562454 -0.04887522229236829
4910 5333 5333 7542 7542 15085 15085 1000 4910 5333 5333 5333 7608 11743|0.05 -0.18487180765590416 -0.0337322948421892 0.012458637460277533
1536 1000 3072 1086 204 204 1086 1086 1536 1086 3072 2391 1086 1549|0.05 -0.037892700402852864 -0.13464094000553817 0.06649146132932549
326 500 326 354 354 66 66 1000 354 500 354 778 1061 354|0.05 -0.09149857720842425 -0.06120747030357032 -0.05222272913642523
5333 5333 4910 7542 7542 15085 15085 1000 5333 5333 4910 5897 7608 11926|0.05 -0.18053648290838775 -0.03867310629386944 0.012451906773585097
1086 1086 204 1536 3072 3072 1536 1000 1086 1086 204 1201 2391 3258|0.05 -0.029965342269052675 -0.1736216864238882 -0.04720284830685095
918 1000 918 1600 1600 533 533 1000 918 1000 918 1357 1887 1302|0.05 -0.16856368445998693 0.024016632808907534 -0.03625492017430787
1090 1000 1090 1744 581 581 1744 1000 1090 1000 1090 1479 1419 1235|0.05 0.028465770376577826 -0.07172215966444351 0.0354145701532782
918 1000 918 1600 1600 533 533 1000 918 1000 918 1357 1887 1302|0.05 -0.13805737172320365 0.004214447621531114 -0.045052448555720215
1090 1000 1090 1744 581 581 1744 1000 1090 1000 1090 1479 1419 1235|0.05 -0.0396792304319038 -0.1387414216608518 0.06841722918397686
335 960 628 2719 906 713 2356 1000 273 1096 513 1140 1861 947|0.05 -0.05036472510955958 -0.11980724760614181 0.05514854487372656
2137 533 1951 5303 4596 1391 1768 1225 1873 653 1951 1862 4704 3379|0.05 -0.04421011660711072 -0.012847561416728936 -0.01974007060067451
693 817 87 1000 1000 817 817 1000 1299 817 693 825 1414 1090|0.05 -0.030681732425587027 -0.027018004541691232 -0.0024201604858897774
1179 1875 1443 1443 1179 1179 1443 125 1179 1000 1443 1573 1519 2041|0.05 -0.00455174406699288 -0.01996004475627644 -0.0023805093386075615
1443 1875 1179 1179 1443 1443 1179 125 1443 1000 1179 2179 1190 2041|0.05 -0.006669509873786783 -0.011501849557183919 -0.004221116947477066
848 1224 106 1000 1000 1224 1224 1000 1590 1224 848 1288 1002 1848|0.05 -0.01294115811953822 -0.05943861510402937 0.0039396575650418875
1102 1000 245 1000 1000 1000 1000 1000 2693 1000 1836 1127 1731 1992|0.05 -0.02341905790428367 -0.008115214890628275 -0.002364693609180346
908 2444 908 908 908 908 908 222 908 1667 908 1808 1023 909|0.05 -0.03146323429741971 -0.017040966381787204 -0.013798965561740983
1836 1000 245 1000 1000 1000 1000 1000 2693 1000 1102 1204 1731 2438|0.05 -0.006413628043819841 -0.22800914013963225 0.018995503748766573
545 1467 545 545 545 545 545 133 545 600 545 1328 656 546|0.05 -0.0025730827951786495 -0.023196803499914154 -0.005333490386973949
1104 533 1000 1061 566 302 566 1116 956 595 738 1133 1149 1317|0.05 -0.029343319899639564 -0.047670791110979716 0.0182772797144648
806 1295 1511 1437 766 409 766 1355 722 1495 1355 1202 1071 1053|0.05 -0.05448753179479349 -0.06318605111414688 0.013940238196032961
533 1000 533 566 566 302 302 200 595 573 595 1133 721 613|0.05 -0.03996491548964087 0.02545448676524842 -0.034777776176583286
963 1000 336 951 507 507 951 896 1680 896 1680 1151 1306 1370|0.05 -0.06602383811560864 -0.0944785056096642 0.056692044443373835
273 866 513 2719 906 520 1994 1000 273 866 513 1194 1861 739|0.05 -0.09604680116008568 -0.08811267087471819 0.05920968207490107
1690 533 1951 5303 3889 1014 1768 1000 1690 533 1951 2329 4650 2607|0.05 -0.09418711677523728 -0.09446913328426287 0.032539511387972286
533 1104 1000 1061 566 302 566 738 595 956 1116 1133 1456 613|0.05 -0.08386438798190454 -0.065706269264727 0.014726747967905851
857 533 662 951 507 270 507 896 989 478 896 795 1306 770|0.05 -0.04129124419696706 -0.06308755958176038 0.040171261562111926
3691 7500 3691 2975 2975 5579 5579 2867 4781 11000 4781 4596 3423 7071|0.05 -0.39535983578549816 -0.033452758646936864 0.014586105568055174
2301 1000 600 622 1167 1167 622 772 1569 772 209 1543 928 2230|0.05 -0.03242579252782596 -0.14426189195382189 -0.0363020892692556
1668 3837 1668 1038 1038 1946 1946 349 1288 2616 1288 2573 1194 1547|0.05 -0.08415584101938989 -0.025910179141110934 0.004517844003331106
2032 1000 271 806 1511 1511 806 1295 2980 1295 777 1245 1916 2888|0.05 -0.03107026251371825 -0.22038546343076448 -0.03406726305498431
857 533 662 1344 1972 514 179 1000 857 533 662 795 1911 1322|0.05 -0.16562510312221557 0.03104030636070121 -0.14827279476386512
806 1295 1511 2032 271 777 2980 1000 806 1295 1511 1202 1245 927|0.05 0.047571655556364334 -0.13848746319085725 0.029207035037464024
693 817 87 1000 1000 600 950 1000 566 738 71 825 1414 1149|0.05 0.030740565161069267 -0.25379851073371484 0.03458153790526941
10440 8000 14142 14142 13435 8485 14142 1225 11554 9798 14142 10198 13472 13454|0.05 -0.261439717047508 0.028875931273357747 -0.022401994132555947
11547 8000 9434 10970 11547 11547 6928 816 11547 6532 8524 12152 11000 16330|0.05 -0.23899033065345243 0.028560680526867888 -0.06389276749222406
766 1355 96 1287 813 1355 1355 1107 938 1355 117 1424 1289 1556|0.05 0.029228021191045617 -0.2153791427421181 0.03248408055912755
9434 8000 11547 11547 10970 6928 11547 816 8524 6532 11547 9522 11576 13892|0.05 -0.2443185377598367 0.03297223458531562 -0.02004861576674455
566 738 71 1000 1000 600 950 1000 693 817 87 721 1414 825|0.05 0.03044864505733491 -0.2525280059817314 0.03431963391437254
848 1224 106 1163 734 1224 1224 904 692 1224 87 1288 1473 1009|0.05 0.023558862926782442 -0.21907154692157538 0.03152303683322977
14142 8000 10440 13435 14142 14142 8485 1225 14142 9798 11554 14866 14177 20000|0.05 -0.23424410134465834 0.026758789526712956 -0.04723708871060439
566 738 71 1000 1000 1116 1116 1000 1061 738 566 721 1414 1458|0.05 -0.030355540792080804 0.004789791253598796 -0.004300191063775216
1305 1875 1768 1768 1972 1972 1768 125 1305 1000 1768 1398 1772 2500|0.05 -0.00037694566485391157 -0.0334960915833149 0.005409251228627454
1768 1875 1972 1305 1768 1768 1305 125 1768 1000 1972 2031 1275 2500|0.05 -0.0070719824736265036 -0.01140610362239447 -0.0030077073471679316
507 896 63 662 662 896 896 1000 951 896 507 898 1127 1305|0.05 -0.031927253746515394 -0.021696499652895662 -0.0038886754056177697
566 1116 71 1000 1000 738 738 1000 1061 1116 566 1149 1414 791|0.05 -0.028939522702912113 -0.01307284638478734 -0.002962451229742147
1972 1875 1768 1768 1305 1305 1768 125 1972 1000 1768 2577 1858 2500|0.05 -0.004726050165294593 -0.026881503484594838 0.005647914394992792
766 1355 96 1511 1511 1355 1355 1000 1437 1355 766 1424 1703 1556|0.05 -0.011311867964097777 -0.031413264251194395 0.0027911355994869602
1768 1875 1305 1972 1768 1768 1972 125 1768 1000 1305 2574 2031 2500|0.05 -0.0008581723234135641 -0.030355653748829203 0.00635161926198391
1000 1000 1000 3182 1163 734 2754 1366 904 1366 904 1731 2050 1473|0.05 -0.04269230081045072 -0.11263628301848572 0.06796442661395785
1511 1000 1511 3522 3048 813 1287 1107 1107 1107 1107 1916 3208 2269|0.05 -0.112703309089206 -0.06416089231302768 -0.0213459780912284
1000 1000 1000 3182 2754 734 1163 904 1366 904 1366 1731 3308 1646|0.05 -0.09588347481163773 -0.024590263099708576 -0.032869184557384745
662 1000 662 2330 851 538 2016 732 732 732 732 1267 1803 853|0.05 -0.017098193104094772 -0.14740589703418738 0.043298384447414406
693 817 1299 3000 1600 800 1500 1720 693 1284 1299 1510 1887 1327|0.05 -0.06447952664830003 -0.1026236823772797 0.012992294362341728
988 533 1324 2309 1155 616 1232 1000 629 533 770 1782 1915 1533|0.05 -0.05021671555704321 -0.1275184312762645 0.037500643577821346
403 746 755 1744 581 349 1308 1000 329 867 616 1346 1419 668|0.05 -0.07411856146223084 -0.10824171730775656 0.05592672229019824
1406 533 1622 2828 2121 566 943 1225 1210 653 1622 1978 2345 1834|0.05 -0.09163725962012981 -0.047054871041989355 0.01031921671288405
329 867 616 1744 930 465 872 581 329 649 616 1219 1838 735|0.05 -0.08931410671442874 -0.021604229711650325 0.014967954733089428
1052 533 943 2828 1414 754 1508 1000 1406 533 1622 1083 2236 1085|0.05 -0.05260611736576992 -0.08109631626854408 0.04473889534796438
856 533 545 1500 1500 400 400 1000 994 533 744 576 1803 1113|0.05 -0.09925373539452664 -0.009950261650397696 -0.04229595102866135
623 637 1169 1753 467 467 1753 1162 623 869 1169 1552 1301 779|0.05 -0.07264879571963867 -0.08685096133593806 0.0713871909436814
744 533 994 1500 1500 400 400 1000 545 533 856 1421 1803 1117|0.05 -0.10826816661866467 -0.030651290161510802 -0.05856955291283161
717 1337 1344 2016 538 538 2016 732 717 1150 1344 1032 1501 896|0.05 -0.08897929072715471 -0.09719956445383371 0.08373719435634364
1155 1000 2309 1443 289 289 1443 1000 1155 1000 2309 1915 1190 1190|0.05 -0.06998932748530362 -0.11704862622952783 0.08448956463116497
433 500 433 625 625 125 125 1000 433 500 433 829 1179 515|0.05 -0.0908350967257876 -0.048289426968699534 -0.050912732725575394
1155 1000 2309 1443 289 289 1443 1000 1155 1000 2309 1915 1190 1190|0.05 -0.05500890759260635 -0.09167835540440983 0.09200388618453959
433 500 433 625 625 125 125 1000 433 500 433 829 1179 515|0.05 -0.1240050913224422 -0.03997176425527771 -0.03421700213601886
1443 1000 289 1155 2309 2309 1155 1000 1443 1000 289 1190 1915 2723|0.05 -0.03713811261852551 -0.18368096829148195 -0.046255290162457996
3464 5000 3464 4000 4000 8000 8000 1000 3464 5000 3464 4123 4123 6633|0.05 -0.14387037846285478 -0.03031897882210033 0.016061489840681897
1443 1000 289 1155 2309 2309 1155 1000 1443 1000 289 1190 1915 2723|0.05 -0.027098434656291914 -0.16928907792081782 -0.039072390830274806
3464 5000 3464 4000 4000 8000 8000 1000 3464 5000 3464 4123 4123 6633|0.05 -0.17181786841494406 -0.041726005358779794 0.02005200933150597
1211 674 646 906 2719 1359 181 1000 1211 674 646 782 1861 2272|0.05 -0.10909554413527811 -0.013935782154052001 -0.23319223714465043
1104 3000 1104 713 713 1336 1336 200 743 1500 743 2054 841 863|0.05 -0.03411550241680161 -0.05179468936534648 0.004999441572330898
2018 1000 269 959 1797 1797 959 1484 4035 1484 1345 1242 2303 3372|0.05 -0.04946021034337167 -0.23570636340323858 -0.05616611769882929
1403 1000 281 1043 1549 1549 1043 1875 4210 1875 2105 1181 2402 2882|0.05 -0.08223915235686996 -0.15345340608191482 0.0058760840665827985
1043 1875 1549 1403 281 2105 4210 1000 1043 1875 1549 1211 1181 1296|0.05 -0.07265706427812657 -0.09747449826329246 0.04933160444773099
891 2000 891 496 496 736 736 133 475 667 475 1671 616 575|0.05 -0.028960950068015467 0.005365512688955132 -0.04919509179674986
403 746 755 1744 930 465 872 581 403 475 755 1346 1838 771|0.05 -0.1058039215787876 -0.037672650018156784 0.031059372322932433
629 533 770 2309 1155 616 1232 1000 988 533 1324 1162 1915 666|0.05 -0.014403190011831324 -0.03487936959657989 0.02063679947993391
2798 1875 3041 1768 354 2652 5303 1000 2798 1875 3041 2842 1275 2961|0.05 -0.054446102929002205 -0.10291984617666006 0.0520068249536898
1720 3000 1720 566 566 1061 1061 200 1583 1500 1583 2441 721 1608|0.05 -0.028884233710906315 -0.04752646256547144 0.006502595760515817
616 920 329 581 1744 872 116 1000 616 920 329 935 1419 1379|0.05 -0.11174948935049889 -0.06391101356358897 -0.2162196750378731
1768 1000 354 2798 3041 3041 2798 1875 5303 1875 2652 1275 3571 4316|0.05 0.01810484548939506 -0.15928790637016355 0.050761864538249046
707 2000 707 1055 1055 1147 1147 133 377 667 377 1581 1117 1072|0.05 -0.028780915972762555 0.004109127700446802 -0.053660428721218345
948 1000 126 357 670 670 357 1087 1895 1087 632 1058 1276 1499|0.05 -0.03342747833598225 -0.2159278419171473 -0.040224771708278206
566 1116 1061 3000 1600 800 1500 1720 566 1492 1061 1149 1887 1265|0.05 -0.15176832833222687 -0.02171558070126367 0.0023492055241947085
1406 533 1622 2828 1414 754 1508 1000 1052 533 943 1978 2236 2010|0.05 0.004783087768986949 -0.06742934472295792 0.012542387999636695
329 867 616 1744 581 349 1308 1000 403 746 755 1219 1419 479|0.05 -0.08073783492017039 -0.10427778141564592 0.06541329940502161
988 533 1324 2309 1732 462 770 816 1148 435 1324 1782 2449 1285|0.05 -0.0831109721316714 -0.02774068875965985 0.005202084921787087
994 533 744 1500 1500 400 400 1000 856 533 545 767 1803 1297|0.05 -0.06316543690751408 -0.04458360221167523 -0.03925440746924802
536 748 1006 1508 402 402 1508 860 536 548 1006 1429 1304 670|0.05 -0.023073003788506297 -0.10137934672599713 0.044344052343725515
545 533 856 1500 1500 400 400 1000 744 533 994 1328 1803 896|0.05 -0.11317292937432333 -0.04708672038615691 -0.02469839470366053
979 1571 1836 2754 734 734 2754 1366 979 1826 1836 1058 1646 1224|0.05 -0.005142631101835438 -0.11909201733584673 0.044755169939489914
2828 5000 2828 650 650 3464 3464 250 1709 1000 1709 3606 820 2000|0.05 -0.037109696219055355 -0.0608752297241999 0.006108877733312923
1768 1000 354 230 1225 1225 230 604 354 604 88 1275 707 1458|0.05 -0.07983513397475273 -0.10018281546495755 -0.38801907622609155
585 1000 146 380 2027 2027 380 1655 2925 1655 585 1042 1977 2412|0.05 -0.06164168445415119 -0.14863017811013846 -0.27217775328456817
6837 4000 6837 2598 2598 13856 13856 4000 11314 20000 11314 7124 3279 13519|0.05 -0.3559922085271827 -0.10113243253132675 -0.0009218885943440558
338 1025 180 69 1692 2083 278 1000 338 1025 180 1082 1057 1908|0.05 -0.1018218829019868 -0.0745703919043117 -2.5210403671413264
5683 1875 5543 385 1540 11547 9382 1000 5683 1875 5543 5997 1262 7076|0.05 -0.07592481615553814 -0.11345364715951378 -0.3121628798737752
2390 1875 2106 146 585 4388 3565 1000 2390 1875 2106 3007 1042 2877|0.05 -0.09554586815615718 -0.09714362994274306 -0.318367662029555
890 1135 475 69 1692 2083 278 1000 890 1135 475 1428 1057 2078|0.05 -0.07936078995045226 -0.08939029836079859 -2.0830043828691536
1414 1000 2828 1000 187 187 1000 921 1149 921 1414 2236 1106 1288|0.05 -0.032217614863983 -0.12262994988294418 0.08538143476849003
651 812 651 707 707 133 133 2000 707 1000 707 1112 1581 707|0.05 -0.22156862964775703 -0.029362884532608824 -0.06904547327379329
5333 5333 4910 6128 7542 15085 7542 1000 5333 5333 4910 5897 6872 11926|0.05 -0.17940865944875206 -0.0038722000579960447 -0.04870593043478366
1086 1086 204 1248 1536 3072 1536 1000 1086 1086 204 1201 1708 2429|0.05 -0.00523275654500166 -0.16045342352083436 0.004125527418090691
1000 921 188 696 943 1052 730 533 533 491 100 1000 745 1083|0.05 0.014981965671048147 -0.18044664859998338 0.028006380912908302
269 1049 144 766 1437 1323 705 1355 1437 1511 766 1119 1972 1437|0.05 -0.053285071574559195 -0.004521636127819972 -0.059786284146352564
4910 5333 5333 6960 7300 10520 9428 1875 9207 10000 10000 5333 7792 14881|0.05 -0.3547576651403406 0.022809226249380643 -0.024564396715763825
1972 1875 1768 1000 921 1726 1875 187 1369 352 1305 2577 1106 1076|0.05 0.002794398998222647 -0.053170239558594234 0.0214012974069977
943 533 1052 921 1000 533 491 188 696 100 730 1374 1000 1373|0.05 -0.004515420273194515 -0.04131701137582433 -0.011228063978180325
137 953 257 1261 673 731 1370 1441 731 1291 1370 1067 786 808|0.05 0.0010807913183108475 -0.17459213390864092 0.02242826591708713
354 1000 1768 1000 187 230 1225 921 221 604 1061 1275 1106 290|0.05 -0.005090552392477132 -0.10604823140595965 0.036720579338620496
2828 5000 2828 530 650 3464 2828 625 1709 3000 2604 3606 820 2000|0.05 -0.09599921924803412 -0.07867254738410101 -0.009830377903428111
1768 1000 354 230 1225 1000 187 604 1061 921 221 1275 707 2031|0.05 -0.08963141696358479 -0.11590259374274492 -0.41792387622836547
566 200 566 693 566 106 130 600 521 125 342 721 1149 625|0.05 -0.006627838804105224 -0.1370801315167025 0.001383967630388394
570 208 868 943 1155 217 177 1667 943 333 943 1037 1915 667|0.05 -0.1519878467353386 -0.06948061383565518 -0.0010837312548905853
5333 5333 4910 1179 1886 9428 5657 1225 5333 6532 3223 5897 2134 6799|0.05 -0.15129723299507347 -0.07152772022350318 -0.07011010806735829
1152 656 240 204 1086 1330 249 1086 1920 1086 384 747 1201 2206|0.05 -0.06885698732650991 -0.15288747797088442 -0.3196383813291237
4167 4800 2735 1039 849 4525 5543 1600 4525 8000 4525 4976 1311 5004|0.05 -0.19278380231465553 -0.08945936474556437 0.047667322288937886
2027 1655 380 366 1755 2925 585 1523 1655 1655 310 1977 1819 2412|0.05 -0.07687135229469622 -0.15330506688807866 -0.3458949395320643
366 1523 1755 2027 380 310 1655 1655 585 1655 2925 1138 1170 480|0.05 -0.1377576405781089 -0.009656850375437953 0.11083760439698942
1886 1225 1179 7300 6960 6960 6789 1875 14142 2296 12816 2134 6692 8667|0.05 -0.06757678688487534 -0.07231791483117256 0.003517297365007721
179 1103 146 570 530 543 543 92 96 147 78 1113 649 530|0.05 -0.0009579191038511237 -0.027741214632301947 -0.003220417113826146
1362 3750 1860 868 570 1068 1628 208 1200 2266 1291 2241 1037 1255|0.05 -0.05512780034369946 -0.03292238147729942 0.006107672680149001
1756 930 161 673 1261 828 442 1441 2906 1055 775 1065 2038 2099|0.05 -0.028103317390111293 -0.2936482015055253 -0.032458508316492996
1755 1523 366 2106 2390 3264 2265 1875 6581 2856 3976 1819 3007 4899|0.05 -0.06105519943319204 -0.08094650997817365 -0.008463359479922161
6194 10875 5761 2735 4167 7812 5128 4800 8926 18000 6536 7055 4976 12627|0.05 -0.6647321821403207 -0.04022654887147148 0.011150101043044813
2754 1366 734 418 785 1195 637 881 1664 948 153 2050 922 1989|0.05 -0.029086247866237924 -0.14185938504338247 -0.04500603570506745
718 1655 472 530 570 821 601 92 383 441 251 1618 607 448|0.05 -0.005181037830184199 -0.06241489695337221 0.0027941769589623355
1414 1000 2828 1225 230 187 1000 604 1282 921 2121 2236 1195 1427|0.05 -0.05384387525224299 -0.10566395541223517 0.1028502898860606
1225 604 230 1414 2828 2121 1282 1000 1000 921 187 707 2236 3000|0.05 -0.0324787152816397 -0.1890716221005273 -0.039629057599624984
4910 5333 5333 7542 6835 11314 15085 1225 3223 6532 5333 5333 6908 8172|0.05 -0.1880311832337367 -0.03771046581165005 0.02178486330700169
434 604 285 577 471 88 108 1333 471 667 471 722 1106 471|0.05 -0.1668385642786019 -0.040258184949855114 -0.052891284933461735
4355 5333 2632 5581 6158 12317 9238 816 4355 4355 4009 5203 5640 9737|0.05 -0.1971734041141504 -0.019757177951171823 -0.023325798573151646
1086 1086 204 1392 2304 3072 1536 656 1330 1086 249 1201 1664 3258|0.05 -0.03921425116964028 -0.16424453799784078 -0.029683117000482984
1000 1000 1000 2719 2719 906 906 1000 1000 1000 1000 1535 2897 1861|0.05 -0.13825927331509114 -0.006991796859400212 -0.05500359772579122
1000 1000 1000 2719 906 906 2719 1000 1000 1000 1000 1282 1861 1350|0.05 -0.057593965269110425 -0.09436847670883486 0.07084831848087392
1000 1000 1000 2719 2719 906 906 1000 1000 1000 1000 1282 2897 1861|0.05 -0.1619323540831663 -0.006495936335946251 -0.03454100609730504
1000 1000 1000 2719 906 906 2719 1000 1000 1000 1000 1535 1861 1350|0.05 0.047683846781774175 -0.13013801231423372 0.013785179966825378
368 1000 368 1000 1000 333 333 1000 368 1000 368 1066 1414 685|0.05 -0.1137685710685532 -0.039360838472393134 -0.055757583381590425
2719 1000 2719 2719 906 906 2719 1000 2719 1000 2719 2897 1861 2866|0.05 0.020460150884178407 -0.08977919615419827 0.038817365283811966
368 1000 368 1000 1000 333 333 1000 368 1000 368 1066 1414 685|0.05 -0.13989204637574693 0.044387374633001464 -0.04799309513776051
2719 1000 2719 2719 906 906 2719 1000 2719 1000 2719 2897 1861 2866|0.05 0.011459089763037333 -0.11993060767063413 0.0378232861200023
943 1260 177 696 943 1040 701 533 503 672 94 1374 745 1069|0.05 0.008114153814393621 -0.18528960060904764 0.02770267771925461
254 1007 135 766 1437 1810 965 1355 1355 1495 722 1032 1972 1975|0.05 -0.07202250597269755 0.01504224590862524 -0.08802221407702371
7126 5333 5657 7382 7434 11035 10000 1875 13361 10000 10607 7775 7617 17117|0.05 -0.34441818237643473 0.02584122535312705 -0.02496709412579179
2069 1875 1875 1061 1336 2505 1989 188 1394 352 1384 2652 1077 1618|0.05 -0.010150704186758785 -0.02783486170952365 0.0061454405381500266
1000 533 1104 1336 1061 566 713 188 738 100 743 1414 1458 1456|0.05 -0.0015809217925089047 0.01598470498466842 -0.026093920824821204
135 993 252 1797 959 761 1427 1484 717 1345 1345 1025 1161 773|0.05 -0.03534393549045056 -0.03212977845165055 0.05524587801869929
354 1000 1768 943 177 177 943 1260 354 1260 1768 1275 1016 395|0.05 -0.07898889821118527 -0.05526708073077313 0.0908839204133427
1336 188 1061 1875 1875 375 375 1000 1336 188 1061 1077 2125 1577|0.05 -0.06358818705467728 -0.03477880785557774 -0.0386793515500472
2828 5000 2828 500 500 2667 2667 1000 3563 5000 3563 3606 1118 3887|0.05 -0.11826335445594971 -0.08588412420861946 -0.008872169454783307
943 1260 177 354 1768 1768 354 1000 943 1260 177 1374 1275 2003|0.05 -0.07377621302462334 -0.15594906900120886 -0.31017589460622386
1768 1000 354 177 943 943 177 1260 1768 1260 354 1275 1374 2003|0.05 -0.09050149642436 -0.13497802665596303 -0.3795084868511289
7126 5333 5657 2000 2000 10000 10000 1000 7126 5333 5657 7775 2236 8413|0.05 -0.1601309522250416 -0.06805480098592165 0.04478133544893348
566 200 566 533 533 100 100 1000 713 200 713 721 1133 574|0.05 -0.12003699041322369 -0.045696518526516794 -0.009878282242224978
177 1260 943 1768 354 354 1768 1000 177 1260 943 1016 1275 395|0.05 -0.09218499331194785 -0.06845737645332584 0.08375414561855976
140 794 748 1403 281 281 1403 1000 140 794 748 1091 1181 314|0.05 -0.05897206877890304 -0.07054373184934071 0.0766879957940958
713 200 713 533 533 100 100 1000 566 200 566 841 1133 777|0.05 -0.0714252352647271 -0.046879116559868095 -0.031182785136328883
5657 5333 7126 2000 2000 10000 10000 1000 5657 5333 7126 5745 2236 7211|0.05 -0.1422700246602271 -0.06489842527807488 0.04350878861369534
1403 1000 281 140 748 748 140 794 1403 794 281 1181 806 1590|0.05 -0.09906973970499444 -0.13573457577245818 -0.39515745136139646
3563 5000 3563 500 500 2667 2667 1000 2828 5000 2828 4206 1118 2872|0.05 -0.1494043842087589 -0.07986966447145583 0.0041438161041496
748 794 140 281 1403 1403 281 1000 748 794 140 806 1181 1590|0.05 -0.08545356245887592 -0.14968017786366694 -0.3386638434893552
1061 188 1336 1875 1875 375 375 1000 1061 188 1336 1458 2125 1352|0.05 -0.06487605643077488 -0.10413457422511874 -0.007823752620537139
281 1000 1403 748 140 140 748 794 281 794 1403 1181 1091 314|0.05 -0.10892490046173098 -0.066581857304856 0.09988371337329216
135 1007 254 1437 766 965 1810 1355 722 1495 1355 1009 1071 1053|0.05 -0.05115281445686071 -0.1375622612668237 0.03347941160530832
1104 533 1000 1061 1336 713 566 188 743 100 738 1133 1077 1712|0.05 -0.013991546911007458 -0.10682276012827896 -0.0014374366686542572
1875 1875 2069 1336 1061 1989 2505 188 1384 352 1394 2125 1458 1482|0.05 0.004248401298132531 -0.0660287398941839 0.019828829905128575
5657 5333 7126 7434 7382 10000 11035 1875 10607 10000 13361 5745 7450 14560|0.05 -0.33959631166068704 0.021396781377063245 -0.023073389712087167
252 993 135 959 1797 1427 761 1484 1345 1345 717 1002 2303 1449|0.05 -0.023482316811975767 -0.05243415565064913 -0.025468227504397145
748 794 140 556 826 748 553 533 399 423 75 806 646 1058|0.05 0.014901215825806613 -0.16652741126026882 0.024447384894643598
354 500 354 333 333 62 62 1000 445 500 445 791 1054 359|0.05 -0.10305121822134944 -0.0670824182663865 -0.045523647405886214
1414 1000 2828 943 177 177 943 1260 1414 1260 2828 2236 1016 1425|0.05 -0.040570483071166175 -0.13842017801103057 0.06706123640182193
943 1260 177 1414 2828 2828 1414 1000 943 1260 177 1374 2236 2981|0.05 -0.027392566448536382 -0.1902868328550189 -0.03446634120985115
7126 5333 5657 8000 8000 16000 16000 1000 7126 5333 5657 7775 8062 13371|0.05 -0.19203504901759927 -0.025940653835584415 0.006360236852236412
1123 1000 2245 748 140 140 748 794 1123 794 2245 1876 1091 1131|0.05 -0.06370399986563968 -0.11280370263216377 0.09292221489600294
445 500 445 333 333 62 62 1000 354 500 354 836 1054 486|0.05 -0.11934174523374863 -0.050871143161466126 -0.041169353675845066
5657 5333 7126 8000 8000 16000 16000 1000 5657 5333 7126 5745 8062 12649|0.05 -0.1812611837816136 -0.03949656058233497 0.00895817871058302
748 794 140 1123 2245 2245 1123 1000 748 794 140 806 1876 2367|0.05 -0.03832030465433456 -0.1691666312203488 -0.04404836951850566
1972 1000 1344 2689 896 896 2689 1000 1972 1000 1344 1911 1847 2166|0.05 0.00010389054339254855 -0.13833075305737075 0.04393284730144886
744 1467 744 2000 2000 667 667 1000 744 1467 744 1421 2236 1374|0.05 -0.10005626627348496 0.035623651917700005 -0.06180980456666707
1972 1000 1344 2689 896 896 2689 1000 1972 1000 1344 1911 1847 2166|0.05 0.040455533564709434 -0.15703143878772918 0.014747126815677358
744 1467 744 2000 2000 667 667 1000 744 1467 744 1421 2236 1374|0.05 -0.13934951514072424 -0.018456373044507535 -0.04783958051592596
354 1000 1768 1000 187 187 1000 921 354 921 1768 1275 1106 400|0.05 -0.03955051424164191 -0.10754296215183867 0.042275879910058656
921 187 1000 1768 1768 354 354 1000 921 187 1000 1106 2031 1214|0.05 -0.05148602651559031 -0.06780797085096046 -0.022428043136769604
2828 5000 2828 530 530 2828 2828 1000 2604 5000 2604 3606 1132 2828|0.05 -0.16215816560948282 -0.07348727184477433 0.015166056123165905
1000 921 187 354 1768 1768 354 1000 1000 921 187 1000 1275 2031|0.05 -0.07762632331962949 -0.16448899450212218 -0.3135981845572333
1768 1000 354 187 1000 1000 187 921 1768 921 354 1275 1000 2031|0.05 -0.09100686782734235 -0.13764517317746527 -0.3621847528893829
4910 5333 5333 1886 1886 9428 9428 1000 4910 5333 5333 5333 2134 6472|0.05 -0.16463522287109789 -0.06983264850998205 0.02490294255632408
566 200 566 566 566 106 106 1000 521 200 521 721 1149 625|0.05 -0.04845059982371169 -0.05331735136241522 -0.034458483166786014
187 921 1000 1768 354 354 1768 1000 187 921 1000 1106 1275 400|0.05 -0.08345265576483407 -0.07258982131828517 0.08078634140018526
204 1086 1086 1920 384 384 1920 1000 204 1086 1086 1086 1318 435|0.05 -0.05568927175470195 -0.08207133413746126 0.05931166929095566
521 200 521 566 566 106 106 1000 566 200 566 686 1149 566|0.05 -0.06039488917629732 -0.07193492707863292 -0.0302688741782442
5333 5333 4910 1886 1886 9428 9428 1000 5333 5333 4910 5897 2134 6799|0.05 -0.13302390555004262 -0.08408253992732706 -0.004607208821056918
1920 1000 384 204 1086 1086 204 1086 1920 1086 384 1318 1201 2206|0.05 -0.07192654178633906 -0.1480017279884649 -0.35312967771510606
2604 5000 2604 530 530 2828 2828 1000 2828 5000 2828 3432 1132 3127|0.05 -0.14449697362769354 -0.0876956834460052 -0.011734578768224369
1086 1086 204 384 1920 1920 384 1000 1086 1086 204 1201 1318 2206|0.05 -0.08293634393197191 -0.14940104073847382 -0.3263559232765334
1000 187 921 1768 1768 354 354 1000 1000 187 921 1000 2031 1275|0.05 -0.07053559750564098 -0.04491737381093208 -0.024544046605740055
384 1000 1920 1086 204 204 1086 1086 384 1086 1920 1318 1086 435|0.05 -0.08820581240559511 -0.05128611390772253 0.10332815228675685
533 1104 67 1000 1000 1000 1000 1000 533 1104 67 1133 1414 1133|0.05 0.02870547452677341 -0.26076436689489557 0.03591932824399846
16553 8000 15000 15000 15000 15000 15000 1000 16553 8000 15000 17000 15033 22338|0.05 -0.2182670084137439 0.010987316860933127 -0.027428967808731386
15000 8000 16553 15000 15000 15000 15000 1000 15000 8000 16553 15033 15033 21213|0.05 -0.24264125575296114 0.014982364758779898 -0.0313433234245597
483 906 60 906 906 906 906 1000 483 906 60 908 1350 1027|0.05 0.010575807287727113 -0.24771262098489566 0.027844659552218598
875 694 467 896 2689 1344 179 1000 875 694 467 546 1847 2093|0.05 -0.10149818967386204 -0.057522660656081914 -0.23062936392130307
1116 3000 1116 521 521 977 977 200 774 1500 774 2060 686 609|0.05 -0.03478790893654882 -0.03955708795019497 0.008621323003625836
1937 1000 258 673 1261 1261 673 1441 3874 1441 1291 1225 2038 3016|0.05 -0.03920419526210139 -0.18577191213137279 -0.04617815592575125
1920 1000 384 1487 2142 2142 1487 1875 5760 1875 2880 1318 3031 3956|0.05 -0.1026166369024073 -0.19712798205896442 0.012998382134368214
1487 1875 2142 1920 384 2880 5760 1000 1487 1875 2142 1169 1318 1821|0.05 -0.057415146885583246 -0.08890617896628705 0.07208639834421104
651 2000 651 516 516 744 744 133 347 667 347 1557 632 406|0.05 -0.028777606628282992 0.007220859197230034 -0.05283694505564873
566 738 71 1000 1000 1000 1000 1000 566 738 71 721 1414 1149|0.05 0.01954004561460998 -0.19190160999760564 0.02247828666806395
10440 8000 14142 14142 14142 14142 14142 1000 10440 8000 14142 10198 14177 17578|0.05 -0.1988506466288198 0.02251768268948906 -0.020367326325818613
14142 8000 10440 14142 14142 14142 14142 1000 14142 8000 10440 14866 14177 20000|0.05 -0.25733016502920036 0.02886654006951428 -0.035115102760144845
766 1355 96 1355 1355 1355 1355 1000 766 1355 96 1424 1684 1556|0.05 0.031029843775953747 -0.2150670379742725 0.025455340314490815
1511 1000 1511 4064 4064 1355 1355 1000 1511 1000 1511 1703 4185 2791|0.05 -0.09541406731846114 -0.037025785208065765 -0.04511714417374968
662 1000 662 2689 896 896 2689 1000 662 1000 662 1267 1847 1114|0.05 0.04657682018891052 -0.11484570127221816 0.017192271240518142
1511 1000 1511 4064 4064 1355 1355 1000 1511 1000 1511 1916 4185 2791|0.05 -0.13284167214861697 -0.05368059066072184 -0.03953067695153578
662 1000 662 2689 896 896 2689 1000 662 1000 662 1127 1847 1114|0.05 -0.03682335303005768 -0.12733014927549968 0.08504719694410356
1104 533 1000 1000 533 284 533 1104 1131 589 1104 1133 1133 1140|0.05 -0.03313635453412789 -0.1325629539412887 0.028623215362573173
533 1025 1000 906 483 258 483 906 483 1000 906 1215 1282 683|0.05 -0.13365950042287245 -0.046094699615018 0.034041722230568894
533 1104 1000 1000 533 284 533 1104 589 1131 1104 1133 1133 604|0.05 -0.12149499642133632 -0.032225366768653396 0.038913839429650654
1025 533 1000 906 483 258 483 906 1000 483 906 1215 1282 1111|0.05 0.01587623615309841 -0.07039219200983049 0.009758722399215713
1600 1720 200 1000 1000 1720 1720 1000 3000 1720 1600 1887 1414 3162|0.05 -0.023810907390838798 -0.018811449014052295 -0.0012002446895331698
1075 1875 625 625 1075 1075 625 125 1075 1000 625 1976 637 884|0.05 -0.005602741909214171 -0.011525646516143961 -0.00537226202201202
625 1875 1075 1075 625 625 1075 125 625 1000 1075 1179 1179 884|0.05 -0.007372270309665696 -0.01942695782923165 0.0016534478869667524
930 581 116 1000 1000 581 581 1000 1744 581 930 593 1823 1097|0.05 -0.01753447232732297 -0.04261263120958092 -0.0010148501951678934
1600 1720 200 1000 1000 1000 1000 1000 1600 1720 200 1887 1414 1887|0.05 0.033519227601461754 -0.23357827551193533 0.03187713431078043
8602 8000 5000 5000 5000 5000 5000 1000 8602 8000 5000 9434 5099 9950|0.05 -0.1961553492283108 0.0268313744788351 -0.026266886033184944
5000 8000 8602 5000 5000 5000 5000 1000 5000 8000 8602 5099 5099 7071|0.05 -0.20778126454609636 0.030379201003190026 -0.026374788578906738
930 581 116 581 581 581 581 1000 930 581 116 593 1157 1097|0.05 0.02909215763245765 -0.1612892659015397 0.022870595310311437
1720 1000 1720 3000 3000 1000 1000 1000 1720 1000 1720 1990 3162 2441|0.05 -0.13794793468970168 -0.015907014376616013 -0.06256926375846406
581 1000 581 1744 581 581 1744 1000 581 1000 581 1157 1419 822|0.05 -0.009217904198972615 -0.17047786666166576 0.06567187014149933
1720 1000 1720 3000 3000 1000 1000 1000 1720 1000 1720 1990 3162 2441|0.05 -0.1252165330785926 -0.021150292095032386 -0.05526984001645752
581 1000 581 1744 581 581 1744 1000 581 1000 581 1157 1419 822|0.05 -0.000375814184200296 -0.1405316823904479 0.035030726114932964
1000 1000 1000 1744 1744 581 581 1000 1000 1000 1000 1823 2010 1419|0.05 -0.15341839948669334 -0.018504235432920124 -0.06544378488068991
1000 1000 1000 1744 581 581 1744 1000 1000 1000 1000 822 1419 1157|0.05 0.012986346945016436 -0.14660738389070227 0.011262784070584786
1000 1000 1000 1744 1744 581 581 1000 1000 1000 1000 822 2010 1419|0.05 -0.1770211957705159 0.01736278436314409 -0.05100530111851742
1000 1000 1000 1744 581 581 1744 1000 1000 1000 1000 1823 1419 1157|0.05 0.03491963904211026 -0.14235966618271312 0.017278189184577464
1720 1282 918 1600 3000 1000 533 1720 1720 1516 918 1990 3162 2441|0.05 -0.09735656380422286 -0.09459811857091771 -0.08426499337328197
1652 1875 1875 1744 581 1090 3269 1000 1398 1875 1090 1925 1419 1304|0.05 -0.05732545361117669 -0.12087221313256125 0.03049157246875378
533 881 1000 1744 930 310 581 581 533 745 1000 1338 1838 757|0.05 -0.11588653787978687 -0.04129311102007094 -0.008348563712743395
745 533 581 1744 581 310 930 1000 881 533 1000 789 1419 695|0.05 -0.03787320834474861 -0.1287184960846699 0.08893128615341972
1104 1000 1104 3000 3000 1000 1000 1000 1104 1000 1104 1489 3162 2054|0.05 -0.14612295673913978 0.0174703658487374 -0.041629062387343874
906 1000 906 2719 906 906 2719 1000 906 1000 906 1350 1861 1282|0.05 -0.012383038006638092 -0.07031000522487174 0.05349294995667497
1104 1000 1104 3000 3000 1000 1000 1000 1104 1000 1104 1489 3162 2054|0.05 -0.13487996708786754 0.02482489553232714 -0.03432905658643404
906 1000 906 2719 906 906 2719 1000 906 1000 906 1350 1861 1282|0.05 0.011650460888019687 -0.13681988645656507 0.056879122261765946
1892 2143 2143 1246 432 1993 3737 581 2243 1246 2143 2200 1374 2509|0.05 -0.10744675585130037 -0.0791472077533284 0.0846929592141632
1720 3000 1720 467 803 1720 1000 347 1519 1600 1801 2441 581 1766|0.05 -0.04949532580523219 -0.04328892510705673 0.02100853156997262
581 1047 271 581 1744 930 201 1000 1000 883 467 1157 1419 1097|0.05 -0.09204341980568853 -0.09227567142193416 -0.19347330846737454
888 844 192 259 555 955 446 955 1666 955 555 896 990 1756|0.05 -0.06594769556722113 -0.16344241696259254 -0.0668207802702736
573 533 333 573 573 268 268 333 506 222 452 629 814 739|0.05 -0.04442895225067578 -0.0565276098879941 -0.031787910985447976
803 1357 1720 3000 1600 667 1000 1720 803 1519 1720 1282 1887 1308|0.05 -0.11671967207341538 -0.018926050176122367 -0.0091829522281206
883 467 1000 1744 581 387 930 1000 789 467 581 1288 1419 1149|0.05 0.005056087938106746 -0.12100529033475249 0.05691710173560072
1000 883 467 930 1744 581 387 581 1000 789 467 1027 1097 1419|0.05 -0.10306383876718894 -0.09310384517705383 -0.08891293686141832
1690 2143 1246 1993 830 1246 3737 1000 1892 2143 2143 2479 1629 2462|0.05 -0.09199170032929027 -0.08124957061117599 0.06382890322466306
491 1120 737 1268 592 592 1268 737 1179 1268 2210 925 1466 964|0.05 -0.09212166953497247 -0.02555831080288562 0.04197438090717265
1892 2143 2143 1246 432 1993 3737 1289 1459 2763 2143 2200 1089 1609|0.05 -0.09182233382178828 -0.10466786209486267 0.03460103439214768
1720 3000 1720 1035 803 1720 2218 347 1519 1600 1172 2441 1282 1766|0.05 -0.060787238689063994 -0.07642050822621593 -0.002822832136814002
1289 681 602 581 1744 930 201 1000 1000 883 467 878 1419 2010|0.05 -0.11954287901002725 -0.01964355982973731 -0.22322146823586908
1366 1297 296 883 1893 1468 685 1468 2560 1468 853 1508 2200 2005|0.05 -0.07943689115254116 -0.15900890665315082 -0.09081751151675532
2218 952 1035 1600 3000 1000 667 1720 2218 1172 1035 1766 3162 2814|0.05 -0.10149220098788936 -0.10641030839636412 -0.07294257700268258
1132 2143 1662 1546 644 966 2898 1000 920 2143 966 1459 1413 773|0.05 -0.07453516514626224 -0.10955744482440077 0.029410600885027005
333 533 573 739 739 345 345 333 317 222 391 1054 938 613|0.05 -0.016121704279344895 0.010662426304852701 -0.02819867571629775
602 681 1289 1744 930 387 581 581 602 553 1289 1498 1838 850|0.05 -0.17916694777217024 0.02065443194809058 0.00977200845157622
429 467 451 1353 451 301 721 1000 528 467 776 829 1269 361|0.05 0.001282530367319179 -0.13272767170243283 0.07077137656554155
569 812 853 1893 883 883 1893 1468 1366 853 2560 1472 1289 1248|0.05 -0.07213892368692298 0.003526558509472366 0.0341079952996548
2746 4615 3915 1923 1923 2885 2885 1000 3380 4615 4383 3163 2168 4974|0.05 -0.1696008276872829 -0.015368123936289058 -0.003909512516296898
1053 771 228 439 658 658 439 893 1053 626 228 850 826 1242|0.05 -0.020069157602786714 -0.17315274760637767 -0.002371577922778423
4383 4615 3380 1923 1923 2885 2885 1000 3915 4615 2746 5097 2168 3620|0.05 -0.1768160027399457 -0.03554937277888026 -0.0067368061737527185
1681 1426 364 700 1051 1051 700 1231 1681 1596 364 1712 1811 1982|0.05 -0.00031047046425203284 -0.21291559972679175 0.017544987825544034
1519 667 1357 1600 1600 347 347 1000 1172 667 952 1255 1887 1767|0.05 -0.1346348209301651 -0.016027056494914982 -0.0459466299450173
439 893 658 1053 228 228 1053 771 439 626 658 1301 1163 495|0.05 -0.04089953504533006 -0.12081512938875605 0.08034072042062634
952 667 1172 1600 1600 347 347 1000 1357 667 1519 1724 1887 1096|0.05 -0.11901541953645012 -0.04149032812441833 -0.052724191624874406
700 1231 1051 1681 364 364 1681 1426 700 1596 1051 840 1152 789|0.05 -0.055457179858761085 -0.11003851732510395 0.10231933238194602
573 533 333 739 739 345 345 333 391 222 317 629 938 859|0.05 -0.01888557662282353 -0.05744213532169473 -0.03241993620597183
1035 952 2218 3000 1600 667 1000 1720 1035 1172 2218 1838 1887 1462|0.05 -0.1621628072311021 -0.002446281040150433 0.014354687629749563
528 467 776 1353 451 301 721 1000 429 467 451 1162 1269 777|0.05 0.01599285697096775 -0.17995242876689743 0.06608330901900716
1289 681 602 930 1744 581 387 581 1289 553 602 878 1097 1636|0.05 -0.08288450257488145 -0.08798032261877364 -0.08818369785396629
920 2143 966 1546 644 966 2898 1000 1132 2143 1662 1706 1413 1666|0.05 -0.0936539554491922 -0.07854871509516137 0.0720507277103355
700 1231 1051 2330 1087 1087 2330 1051 1681 1807 3152 840 1856 1536|0.05 -0.07931398942081058 -0.04925795726993809 0.02668031944778937
1132 2143 1662 966 335 1546 2898 776 1468 1662 1662 1459 1239 1707|0.05 -0.0316045704136092 -0.0880116246060747 0.041414082825672605
1720 3000 1720 803 1035 2218 1720 347 1172 1600 1519 2441 875 1510|0.05 -0.04481491929363757 -0.05308234233973752 0.0050328931385124065
1000 883 467 581 1744 930 201 1000 1289 681 602 1027 1419 1366|0.05 -0.11909935727608012 -0.07859108808111692 -0.24993398120414123
1053 771 228 528 1132 1460 681 1132 1974 1132 658 850 1459 2276|0.05 -0.06112911814848854 -0.15874538544516814 -0.07782206686461124
1720 1357 803 1600 3000 1000 667 1720 1720 1519 803 1990 3162 2441|0.05 -0.11070273705000577 -0.06456902216876781 -0.10002988025200499
1892 2143 2143 1993 830 1246 3737 1000 1690 2143 1246 2200 1629 1563|0.05 -0.0784771246617999 -0.08542460036259802 0.052545967213180056
333 533 573 573 573 268 268 333 452 222 506 1054 814 427|0.05 -0.01295445937700812 -0.11964916493767963 0.032676621817198104
467 883 1000 1744 930 387 581 581 467 789 1000 1288 1838 760|0.05 -0.13131366291907143 -0.017278791267308913 -0.008185119140169395
789 467 581 1744 581 387 930 1000 883 467 1000 745 1419 730|0.05 -0.0007943779824259867 -0.10464460541990017 0.06491448289074109
439 893 658 1132 528 528 1132 1132 1053 658 1974 1301 1163 861|0.05 -0.023884870314470064 -0.12325908481800263 0.013068752143163831
3915 4615 2746 1923 1923 2885 2885 1000 4383 4615 3380 4701 2168 5703|0.05 -0.16333455106710137 -0.020577963578988223 0.01134312808779292
1366 1297 296 569 853 853 569 812 1366 1158 296 1508 683 1610|0.05 -0.023812429964354953 -0.18047845248384653 -0.018859446439627447
3380 4615 4383 1923 1923 2885 2885 1000 2746 4615 3915 3726 2168 2307|0.05 -0.1504756237809024 -0.010974928497035075 0.004023808401996121
1179 701 255 491 737 737 491 1120 1179 863 255 808 1457 1390|0.05 -0.008789091201055754 -0.17740481716888357 0.0031640800586818507
1172 667 952 1600 1600 347 347 1000 1519 667 1357 800 1887 1292|0.05 -0.14176783529941006 -0.02506438689719448 -0.04230670323290053
569 812 853 1366 296 296 1366 1297 569 1158 853 1472 1102 641|0.05 -0.04111092120736681 -0.1276944364760102 0.08451620198283383
1357 667 1519 1600 1600 347 347 1000 952 667 1172 1977 1887 1630|0.05 -0.11852163799791149 -0.037678482823042536 -0.055472689895773586
491 1120 737 1179 255 255 1179 701 491 863 737 925 1201 554|0.05 -0.0027668459818808167 -0.16044371203089103 0.04014164737275561
918 1282 1720 3000 1600 533 1000 1720 918 1516 1720 1357 1887 1302|0.05 -0.1253953476580194 -0.04087837664445981 -0.006049377280872292
881 533 1000 1744 581 310 930 1000 745 533 581 1338 1419 1099|0.05 -0.03866672608423327 -0.137475650580845 0.09147308358757433
1000 881 533 930 1744 581 310 581 1000 745 533 1027 1097 1419|0.05 -0.08889175662916804 -0.07374612636408817 -0.09187321142654858
1398 1875 1090 1744 581 1090 3269 1000 1652 1875 1875 2169 1419 2061|0.05 -0.10078462970376623 -0.08198066051475328 0.08486185926132706
918 1282 1720 3000 1600 853 1600 1720 533 1783 1000 1357 1887 1687|0.05 -0.10285734846455785 -0.09849473770525141 0.04466211200042647
1783 533 1720 3000 1600 853 1600 1720 1282 918 1000 1801 1887 2509|0.05 0.00796002707600385 -0.09025211407963196 0.031183473122022853
3860 2143 3687 2143 743 3429 6429 1720 3256 3687 3687 4264 1246 3458|0.05 -0.12491646817527569 -0.0783151394289805 0.09880941667321785
1720 3000 1720 803 467 1000 1720 347 1801 1600 1519 2441 1104 1990|0.05 -0.055853562437423454 -0.049248418095337865 0.006441212824601639
1000 883 467 581 1744 930 201 1000 581 1047 271 1027 1419 1838|0.05 -0.11095202937180915 -0.0901733142825889 -0.21306031243568446
1053 1185 228 528 1132 658 307 1132 1974 1132 658 1326 1459 1242|0.05 -0.049913166081121396 -0.17946698525291627 -0.07382546300006898
2746 4615 3915 2731 2731 4615 4615 1000 4383 4615 5196 3163 2908 6980|0.05 -0.15070241388813077 -0.02848502369071082 0.008229871340126316
888 844 192 526 888 888 526 753 888 528 192 896 639 1256|0.05 -0.022245561608583708 -0.18067979603363704 -0.009576799616531906
5196 4615 4383 2731 2731 4615 4615 1000 3915 4615 2746 5811 2908 3320|0.05 -0.16935872533910823 -0.029013054891213752 0.0010748114958314403
1681 1426 364 994 1681 1681 994 1596 1681 1892 364 1712 2542 2377|0.05 -0.0197042660293123 -0.14775830138190282 -0.02035683905556418
1126 592 848 1000 1000 217 217 1000 950 592 595 719 1414 1259|0.05 -0.09197443324704846 -0.05089975320106355 -0.04933357925939297
526 753 888 888 192 192 888 844 526 528 888 1447 1118 560|0.05 -0.07194130978552371 -0.09614023338559763 0.1047146139802635
595 592 950 1000 1000 217 217 1000 848 592 1126 1512 1414 685|0.05 -0.14176519208845328 -0.005422725767699754 -0.03720251671394115
994 1596 1681 1681 364 364 1681 1426 994 1892 1681 655 1152 1059|0.05 -0.03289924739151906 -0.1358899921564094 0.06122277831444256
533 1104 67 1000 1000 1104 1104 1000 1000 1104 533 1133 1414 1414|0.05 -0.03202923775382005 -0.02431203273310034 -0.0016231922372367258
2069 1875 1875 1875 2069 2069 1875 125 2069 1000 1875 2652 1879 2652|0.05 -0.0028581001211958057 -0.025035335097478573 0.003994194220708902
1875 1875 2069 2069 1875 1875 2069 125 1875 1000 2069 2125 2125 2652|0.05 -0.0056559388810117905 -0.01447437266094087 -0.00024266965184427391
483 906 60 1000 1000 906 906 1000 906 906 483 908 1535 1027|0.05 -0.02476872863320434 -0.0065452692327117035 -0.0013607474166521527
1744 1000 581 467 1000 1000 467 961 581 961 39 1419 1151 1419|0.05 -0.06231208578500236 -0.1130055620690451 -0.09143278514667674
573 333 573 573 573 268 268 333 551 22 551 814 814 710|0.05 -0.021018973561610643 -0.06208753497895847 -0.01880851142586404
1246 1000 83 2060 2143 2143 2060 2143 3737 2143 1246 1050 2653 3041|0.05 -0.059208529098373486 -0.2102694978535924 0.0201135678004305
1040 1040 485 40 605 1814 605 1000 1040 1040 485 1288 1012 1476|0.05 -0.08341929666321857 -0.09324920100969081 -1.3076484879261374
24808 15000 24808 12043 12043 25807 25807 15000 25807 45000 25807 25109 12651 31954|0.05 -1.8749787769494564 -0.04692917908025507 0.02560239263743158
1720 3000 1720 1654 1654 1720 1720 67 803 1000 803 2441 1674 1980|0.05 -0.012550594999483078 -0.03817582243906048 -0.013748345622308644
40 1000 605 1040 485 485 1040 1040 605 1040 1814 1012 1197 510|0.05 -0.1294185545585569 -0.028199014355250185 0.04960546597812643
1744 1000 581 961 1000 1000 961 467 581 467 39 1419 1151 1419|0.05 0.009621171395568506 -0.14117408335342474 0.019550593464461308
2143 2143 2060 83 1246 3737 1246 1000 2143 2143 2060 2653 1050 3041|0.05 -0.11888601120376707 -0.0773196287726452 -1.5433510390452265
12043 15000 12043 24808 24808 25807 25807 15000 25807 45000 25807 12651 25109 31954|0.05 -2.1840619004314177 0.005914529609873931 -0.010287792121832506
2032 1000 271 144 269 269 144 927 1651 927 68 1245 859 1851|0.1 -0.00879262971832162 -0.18543766002789175 -0.027608745742153662
3691 7500 3691 530 530 994 994 250 3422 6094 3422 4596 729 3169|0.1 -0.12896560300153515 -0.007560760805478406 0.008613039650473553
1886 1000 471 6452 6960 6960 6452 1875 14142 1875 11490 1374 7623 8667|0.1 0.062393334613581874 0.2590277493700355 0.07551851883571103
13687 24375 13687 2121 2121 3977 3977 4000 14765 30000 14765 14550 2915 16171|0.1 -1.017963699699862 -0.013741032301107792 0.0025233556637238586
3712 533 3441 6128 7542 1006 251 1000 3712 533 3441 3187 6872 4622|0.1 -0.15091021105560376 0.07602539290831212 -0.12226649423850988
163 1231 163 561 561 606 606 41 87 164 87 1121 597 520|0.1 0.012094367793538119 0.01761452819400322 -0.03342589105760352
155 1079 291 1781 73 292 2192 1000 155 1079 291 926 1063 213|0.1 0.007775423453380004 -0.14932675844804955 0.06696175872983323
1781 1000 73 155 291 291 155 1079 2192 1079 292 1063 1182 1997|0.1 -0.01025708995127217 -0.684240369149085 -0.009035698000083858
3691 7500 3691 6000 6000 11250 11250 1000 6418 7500 6418 4596 6083 11840|0.1 -0.1743960842655945 -0.030385823834691017 0.005380690334080285
1169 1000 156 935 1753 1753 935 575 1169 575 156 1087 1098 2107|0.1 -0.011311752598730518 -0.2376092039674127 -0.010335802241618897
6418 7500 6418 6000 6000 11250 11250 1000 3691 7500 3691 6978 6083 7045|0.1 -0.25029188334489527 -0.023832471392396526 0.00425200135325321
2032 1000 271 1625 3048 3048 1625 1739 2032 1739 271 1245 3208 3663|0.1 -0.03901438323062778 -0.26105872643708783 -0.043944838129560404
570 533 328 667 667 89 89 1000 570 533 328 626 1202 620|0.1 -0.1439785238691882 -0.017594401087493994 -0.03900763081983505
935 575 1753 1169 156 156 1169 1000 935 575 1753 1845 1087 948|0.1 0.035426705322780805 -0.15825967876709313 0.024728693430409177
328 533 570 667 667 89 89 1000 328 533 570 1052 1202 409|0.1 -0.15508137021556512 0.017555248521092803 -0.06284883761212501
1625 1739 3048 2032 271 271 2032 1000 1625 1739 3048 1908 1245 1648|0.1 -0.007303882443941978 -0.1397619598135702 0.06887918000474835
2121 1225 2828 1768 354 354 1768 1000 2121 1225 2828 2345 1275 2151|0.1 -0.0407906291740201 -0.11609828246263998 0.08814123219215375
354 750 433 625 625 125 125 1000 354 750 433 1061 1179 451|0.1 -0.09673242993093356 0.027755882723223824 -0.05852966342913657
1732 816 2309 1443 289 289 1443 1000 1732 816 2309 2449 1190 1756|0.1 -0.025886921151303532 -0.13373611579235 0.05544555455185618
433 750 354 625 625 125 125 1000 433 750 354 829 1179 515|0.1 -0.14201279929600297 -0.014472266460918704 -0.07531597910930721
403 746 755 1744 581 116 872 1000 403 746 755 1346 1419 479|0.1 -0.13401595859335869 -0.03160957793859387 0.07841327089272321
988 533 1324 2309 1155 154 770 1000 988 533 1324 1782 1915 1074|0.1 -0.06393656051225438 -0.07123391991615158 0.04265845549645153
566 200 566 566 566 106 106 200 521 50 521 721 721 625|0.1 -0.025313553552450685 -0.07011976382437779 -0.014748532613854115
1768 1000 354 921 1000 1000 921 187 354 187 88 1275 1000 1275|0.1 0.008427047873527105 -0.17373372326994874 0.019298781952168387
2121 4000 2121 10416 10416 11314 11314 4000 11314 20000 11314 2915 10607 12510|0.1 -0.7058150055730861 0.04698666942868357 -0.018629463028509985
96 1000 384 1086 204 204 1086 1086 384 1086 1920 1018 1086 280|0.1 -0.02604495073053381 -0.02168013298124216 0.05179452322666478
1305 1875 1768 1225 230 431 2296 604 1273 1133 1444 1398 1195 1275|0.1 -0.038760446178885966 -0.14932454619777435 0.040182070062451114
566 738 1061 1299 693 130 244 817 342 720 641 1456 1510 676|0.1 -0.1413325065462212 -0.028578453879295473 -0.01221110157135552
785 881 418 848 1590 298 159 1224 1298 904 692 922 1848 918|0.1 -0.141203563416481 -0.059443006152501976 -0.13568880471131028
1123 533 1275 2027 380 203 1081 1655 1152 882 1560 1604 1170 1125|0.1 -0.010286293010984826 -0.15980332249649565 0.09416254848090277
91 1000 91 371 371 371 371 682 682 682 682 1004 905 447|0.1 0 0 0
91 1000 91 371 371 371 371 682 682 682 682 1004 905 447|0.1 0 0 0
2693 1000 1836 1836 245 245 1836 1000 2693 1000 1836 2438 1204 2704|0.1 0.01464832646690395 -0.15031574531930159 0.07858853346755401
545 1467 545 1000 1000 133 133 1000 545 1467 545 1328 1414 656|0.1 -0.18440513964044114 0.004673999676017004 -0.08979773515330303
1000 1000 1000 545 545 545 545 133 1467 133 1467 1414 656 1328|0.1 0 0 0
2693 1000 1836 1836 245 245 1836 1000 2693 1000 1836 2438 1204 2704|0.1 0.005961227031741068 -0.17689930565387368 0.08699702085124938
545 1467 545 1000 1000 133 133 1000 545 1467 545 1328 1414 656|0.1 -0.17605553985365896 -0.002379430575791819 -0.08864599455019162
1000 1000 1000 545 545 545 545 133 1467 133 1467 1414 656 1328|0.1 0 0 0
71 900 71 1000 1000 1116 1116 1000 566 200 566 951 1414 1149|0.1 -0.079642309098924 -0.0036001364036508665 -0.0005336073799144803
354 1000 1768 1768 1972 1972 1768 125 1591 125 1768 1275 1772 2110|0.1 0.002829083313753422 -0.05502233393984923 -0.017852654950765157
1000 1000 1000 566 71 71 566 1116 900 1116 200 1414 1002 951|0.1 0.03443238369792878 -0.15636361896373407 0.06902244467400953
5579 4500 5579 2828 2828 354 354 5000 5000 5000 5000 5969 3606 5745|0.1 -0.8031947931115013 0.025816566236387395 -0.09671402220178149
354 500 354 433 433 81 81 500 214 406 214 791 829 422|0.1 -0.06522954012259108 0.05209439190665632 -0.05904559807355492
1225 604 230 1414 2828 1414 1149 1000 1225 604 230 707 2236 2345|0.1 -0.04175789530167062 -0.18886062381752722 -0.04998367179144814
2632 5333 4355 6158 5004 6158 12317 1000 2632 5333 4355 3079 5640 6143|0.1 -0.24667676683054363 -0.02322489948268558 0.03723237599805307
1901 1000 2340 2027 380 380 2027 1655 2340 1655 4680 2334 1170 2143|0.1 0.014965812521876565 -0.09259117957724161 0.0608804592601242
493 188 816 1443 866 180 289 816 752 153 816 976 1658 561|0.1 -0.12115449743570705 -0.020217684321495177 0.028239792561202126
1225 604 230 354 1768 1061 221 1000 1000 921 187 707 1275 2031|0.1 -0.10025966486424953 -0.18856332250044017 -0.35922118079679266
4910 5333 5333 1886 1179 5657 9428 1225 3223 6532 5333 5333 1546 3667|0.1 -0.19485518558818193 -0.08200459777397251 0.0774450779987057
187 921 1000 1768 354 221 1061 1000 230 604 1225 1106 1275 290|0.1 -0.11587511580530396 -0.038079325997641966 0.0943877394082393
289 1000 1443 1443 1179 1179 1443 125 1299 125 1443 1190 1519 1329|0.1 -0.010869805354821738 -0.03989613374530854 0.015415263376739041
1000 1000 1000 693 87 87 693 817 900 817 200 1414 1052 953|0.1 0.0356254464921002 -0.15558898762724982 0.06625400777927615
87 900 87 1000 1000 817 817 1000 693 200 693 953 1414 825|0.1 -0.04007835303320384 -0.05242950757667675 0.029877659949832935
4085 4500 4085 3464 3464 433 433 5000 5000 5000 5000 4603 4123 4123|0.1 -0.7746142752303942 0.012320991638825607 -0.09514499101980989
1123 533 1275 3510 2121 195 936 1523 1208 812 1741 1604 2535 1287|0.1 -0.08999029005294035 -0.08540889924249728 0.029579562625086098
467 694 875 2016 538 112 1218 732 306 645 574 1415 1501 557|0.1 -0.11786586363848772 -0.060722630885728934 0.09319282297818532
1299 817 693 1875 1875 375 1075 1000 1299 817 693 1090 2125 1546|0.1 -0.0701712952723299 -0.07382445209913713 0.011472943452792705
1179 1875 1443 2706 1552 541 2706 1000 1179 1875 1443 1573 2280 1493|0.1 -0.09887664687059594 -0.09175208430451609 0.0256093411052305
411 771 771 2076 541 189 1415 1000 411 771 771 1334 1457 521|0.1 -0.032120219265345806 -0.06590168713654476 0.05538358005170663
1000 533 1297 2693 1836 245 702 1000 1000 533 1297 1731 2438 1204|0.1 -0.08025667976954254 -0.05393416066992507 -0.004876270125309112
696 533 943 1225 230 122 653 604 679 322 770 1373 1195 734|0.1 -0.002325060449098748 -0.15548104789024464 0.09368698257053776
1061 738 566 693 1299 244 130 817 641 720 342 791 1090 1267|0.1 -0.144013120817148 -0.0058364676577526975 -0.14607133929936955
418 881 785 1590 848 159 298 1224 692 904 1298 1258 1334 490|0.1 -0.18680446924326577 0.008498835822470241 -0.0022390305647701503
2106 1875 2390 2027 380 712 3800 1655 2159 3103 2925 2203 1170 2279|0.1 -0.045277072276355135 -0.13342281791423494 0.05362512738284364
4064 1000 4064 2032 271 271 2032 1000 4064 1000 4064 4185 1245 4073|0.1 0.00449704173274279 -0.16135787540684898 0.07102881770050473
246 1000 246 500 500 67 67 1000 246 1000 246 1030 1118 306|0.1 -0.14767778623086758 -0.008602997823001779 -0.08294962293186381
4064 1000 4064 2032 271 271 2032 1000 4064 1000 4064 4185 1245 4073|0.1 -0.0046014412453077025 -0.1612439940051591 0.07535775176745307
246 1000 246 500 500 67 67 1000 246 1000 246 1030 1118 306|0.1 -0.2052423756654298 0.0312775235419438 -0.07614007593125804
4085 7500 4085 6000 6000 11250 11250 1000 7914 7500 7914 4918 6083 13514|0.1 -0.2568966044541121 -0.028722548617952093 -0.0019222035764621115
948 1000 126 758 1422 1422 758 516 948 516 126 1058 711 1709|0.1 -0.02308469351134157 -0.16923174983779155 -0.03316168863219615
7914 7500 7914 6000 6000 11250 11250 1000 4085 7500 4085 8374 6083 5629|0.1 -0.228004894003212 -0.02102101016565494 0.003351369118562708
1836 1000 245 1469 2754 2754 1469 1937 1836 1937 245 1204 3308 3310|0.1 -0.03387211149170066 -0.27896180869838694 -0.019471718389999504
703 533 363 667 667 89 89 1000 703 533 363 500 1202 744|0.1 -0.15431581274666817 -0.020474973968576116 -0.0703177019018153
758 516 1422 948 126 126 948 1000 758 516 1422 1708 1058 769|0.1 -0.029910130861372508 -0.08740218317224824 0.089710410373538
363 533 703 667 667 89 89 1000 363 533 703 1201 1202 437|0.1 -0.11250313784858856 -0.0017743981353801619 -0.06665453662158649
1469 1937 2754 1836 245 245 1836 1000 1469 1937 2754 1378 1204 1489|0.1 -0.033763132746741364 -0.14811408893942835 0.08425623083939238
2032 1000 271 176 330 269 144 975 1841 1049 169 1245 977 2050|0.1 -0.023932125783315827 -0.2291378538288269 -0.04054611685786025
176 975 330 2032 271 169 1841 1000 144 1049 269 1055 1245 307|0.1 -0.027251661479605893 -0.12990123777343987 0.074989561993406
3893 533 3712 7542 6835 629 1006 1225 3621 653 3712 3569 6908 4434|0.1 -0.1631461824238689 -0.01653815205529985 -0.04112876076289518
3691 7500 3691 530 650 1218 994 625 3601 6797 3872 4596 820 3605|0.1 -0.22249964190224958 -0.01892290333733837 0.0035790818724645845
6194 10875 5761 1039 849 1591 1949 1600 5906 12000 5906 7055 1311 5678|0.1 -0.4203771679315793 -0.017265537814125098 0.013645803319883854
3031 533 2956 5581 6158 821 513 816 3031 435 3179 2960 5640 3774|0.1 -0.15466668853028054 0.00672608103827077 -0.098946150018282
137 953 257 1756 161 258 1937 930 168 953 315 1067 1139 292|0.1 -0.02812171285502152 -0.14517262058023617 0.09117687713291245
1756 930 161 137 257 315 168 953 1937 953 258 1065 917 1954|0.1 -0.007420903806343304 -0.21250766760915196 -0.025941450426878454
77 1000 77 284 314 314 284 865 577 865 577 1003 911 378|0.1 0 0 0
77 1000 77 314 284 284 314 865 577 865 577 1003 1040 354|0.1 0 0 0
3522 1107 3048 2032 271 271 2032 1000 3522 1107 3048 3661 1245 3532|0.1 -0.005611068194474322 -0.156674298734637 0.09395924530587463
363 1156 328 667 667 89 89 1000 363 1156 328 1201 1202 437|0.1 -0.17399480234275622 -0.0009674780049695464 -0.08087078987723206
1500 1000 1500 492 492 545 545 133 1733 133 1733 1803 613 1802|0.1 0 0 0
3182 904 2754 1836 245 245 1836 1000 3182 904 2754 2898 1204 3192|0.1 0.013928929248101518 -0.16650996235416882 0.06682926374047549
328 1156 363 667 667 89 89 1000 328 1156 363 1052 1202 409|0.1 -0.16601559595312065 -0.009898877913115944 -0.08212527407397863
1500 1000 1500 545 545 492 492 133 1733 133 1733 1803 656 1579|0.1 0 0 0
1305 1875 1768 1000 187 352 1875 921 1369 1726 1972 1398 1106 1461|0.1 -0.04708477384549159 -0.14268832333808046 0.04386067438477026
566 738 1061 1061 566 106 199 1116 521 774 977 1456 1149 625|0.1 -0.17485443269757872 -6.333757790022432e-05 -0.0068371132172451166
875 694 467 507 951 178 95 896 951 662 507 546 1030 951|0.1 -0.1528728411711422 -0.0555116430419722 -0.14227670483315857
793 533 1143 1086 204 109 579 1086 756 579 1024 1616 1086 846|0.1 -0.009171098635482045 -0.15342908987052817 0.09141286631205281
696 533 943 1000 188 100 533 921 645 491 696 1373 1106 762|0.1 -0.0014292510485158783 -0.13208561597388369 0.08368700641845583
1061 738 566 566 1061 199 106 738 977 684 521 791 791 1173|0.1 -0.16167314828651747 -0.023916239453612986 -0.1434268190513821
705 927 1323 1437 766 144 269 1355 766 1000 1437 1447 1071 766|0.1 -0.1304868432141404 -0.013105988910642186 -0.01998778159380321
1314 1875 1417 1086 204 382 2037 1086 1417 2037 1920 1811 1086 1552|0.1 -0.021101305887327726 -0.15301736992002102 0.02370232896272695
1305 1875 1768 1000 187 352 1875 921 1210 1726 1305 1398 1106 1120|0.1 -0.002789067275856816 -0.12939278884971706 0.03326349640627946
566 738 1061 1061 566 106 199 738 521 684 977 1456 1456 625|0.1 -0.15947612833185354 -0.009202166681677726 -0.01185595022593855
1323 927 705 766 1437 269 144 1355 1437 1000 766 1277 1972 1437|0.1 -0.11888851332427341 -0.0832244206692978 -0.12363967155958444
701 533 756 1086 204 109 579 1086 756 579 1024 1094 1086 649|0.1 -0.0015263994599157282 -0.11948829938898453 0.08046401943010206
3691 7500 3691 2604 2604 4883 4883 250 3422 6094 3422 4596 2652 4715|0.1 -0.1675063964022594 -0.018880361996728157 0.007215089090850668
1781 1000 73 761 1427 1427 761 1079 2192 1079 292 1063 1561 2437|0.1 -0.010383180664317315 -0.6488917227043933 -0.0077486333771115135
384 1000 96 1314 1417 1417 1314 1875 2880 1875 2340 1018 2051 1765|0.1 0.06377265083740147 0.14509794540026766 0.032137347869261035
13687 24375 13687 10416 10416 19531 19531 4000 14765 30000 14765 14550 10607 21366|0.1 -1.0044706838177564 -0.03491831495576081 -0.0020461364124835235
2032 1000 271 705 1323 1323 705 927 1651 927 68 1245 1277 2259|0.1 -0.02620443705828812 -0.21841391014198241 -0.02981884871223639
761 1079 1427 1781 73 292 2192 1000 761 1079 1427 1378 1063 775|0.1 0.05056435883453503 -0.16546222046484815 0.0349024329562031
801 1231 801 561 561 606 606 41 427 164 427 1368 597 774|0.1 0.012743738914211544 0.03629188873717659 -0.055841356563749445
756 533 701 1248 1536 205 51 1000 756 533 701 966 1708 941|0.1 -0.13708882635470876 0.05004720672465712 -0.1207622557923449
354 500 354 433 354 66 81 750 326 453 214 791 1061 391|0.1 -0.07440855607931951 0.01925643750185113 -0.0451983269254741
2121 1523 3510 2027 380 310 1655 1655 2340 1655 4680 2535 1170 2143|0.1 0.026851793587743256 -0.07973298529381889 0.050442484568111734
231 867 189 333 333 67 67 1000 231 867 189 887 1054 275|0.1 -0.18336432204083208 0.037120920764186494 -0.05061289800439073
4596 1225 5303 1768 354 354 1768 1000 4596 1225 5303 4704 1275 4610|0.1 0.027863033705162188 -0.13670277170922285 0.030627361602448833
189 867 231 333 333 67 67 1000 189 867 231 1018 1054 240|0.1 -0.15921307701902698 0.023873622751884316 -0.060537188097248285
3753 816 4330 1443 289 289 1443 1000 3753 816 4330 4406 1190 3764|0.1 -0.002562701981704274 -0.13673664595335255 0.07552849546209384
231 733 231 333 333 67 67 1000 231 733 231 887 1054 275|0.1 -0.08921548065653595 -0.014398104750609209 -0.05131600416183213
3175 1000 4330 1443 289 289 1443 1000 3175 1000 4330 3841 1190 3189|0.1 0.01846329588067741 -0.14333190478295177 0.07010140243224106
231 733 231 333 333 67 67 1000 231 733 231 887 1054 275|0.1 -0.1290575234056257 -0.04016676817268139 -0.025093283506566477
3175 1000 4330 1443 289 289 1443 1000 3175 1000 4330 3841 1190 3189|0.1 0.04458149462110761 -0.1734204381323945 0.03188089402243577
1000 1000 1000 1299 693 87 693 817 817 817 817 1414 1510 1052|0.1 -0.03772791280114096 -0.07422841100103272 0.014766932008980493
1000 1000 1000 1590 848 106 848 1224 1224 1224 1224 1002 1334 1009|0.1 -0.07207685504790451 -0.06189539511844644 0.03645745082025087
1000 1000 1000 908 908 908 908 222 2444 222 2444 1414 1023 1808|0.1 0 0 0
908 2444 908 1000 1000 222 222 1000 908 2444 908 1808 1414 1023|0.1 -0.20613249170843728 0.04112331834172034 -0.09202432547208317
2693 1000 1102 1102 245 245 1102 1000 2693 1000 1102 1992 1127 2704|0.1 0.022912354124757783 -0.17842265785976363 0.06064711963801983
1000 1000 1000 908 908 908 908 222 2444 222 2444 1414 1023 1808|0.1 0 0 0
908 2444 908 1000 1000 222 222 1000 908 2444 908 1808 1414 1023|0.1 -0.22173417032927745 0.05121332158322556 -0.0733331864725073
2693 1000 1102 1102 245 245 1102 1000 2693 1000 1102 1992 1127 2704|0.1 0.05679710377751501 -0.23723152377036483 0.02797601020217977
4085 4500 4085 11000 11000 4500 4500 1000 4085 4500 4085 4603 11045 8136|0.1 -0.1494569230721221 0.07382376904018217 -0.06432296105612134
91 1000 91 371 371 371 371 409 409 409 409 1004 740 418|0.1 0 0 0
1102 1000 245 2693 1102 1102 2693 1000 1102 1000 245 1127 1992 1558|0.1 0.04146329550293926 -0.23205923726684397 0.03236822481392343
91 1000 91 371 371 371 371 409 409 409 409 1004 740 418|0.1 0 0 0
4085 4500 4085 11000 11000 4500 4500 1000 4085 4500 4085 4603 11045 8136|0.1 -0.16948202217589858 0.06382820196505934 -0.04812616005216874
1102 1000 245 2693 1102 1102 2693 1000 1102 1000 245 1127 1992 1558|0.1 0.02700906470540332 -0.21636657551569738 0.04670635241240895
1000 1000 1000 2693 1102 245 1836 1000 1000 1000 1000 1731 1992 1127|0.1 -0.06750836677944627 -0.06779419947935739 0.06254963701008531
1000 1000 1000 2693 1836 245 1102 1000 1000 1000 1000 1731 2438 1204|0.1 -0.14911372509028853 -0.021464338351487866 0.02987803110272358
1061 1116 566 1875 1875 375 1075 1000 1061 1116 566 1458 2125 1352|0.1 -0.050176078081524134 -0.15302632655255222 0.003842806542468935
1972 1875 1768 3315 1900 663 3315 1000 1972 1875 1768 2577 2702 2269|0.1 -0.060135072018062674 -0.07556034355101438 0.015277833469418134
4085 7500 4085 4000 4000 7500 7500 1000 6418 7500 6418 4918 4123 9959|0.1 -0.27614535452723743 -0.013596155297005419 0.00907513647301128
1169 1000 156 623 1169 1169 623 637 1169 637 156 1087 674 1653|0.1 -0.025657472598765718 -0.25313524773376117 -0.03397850593747087
6418 7500 6418 4000 4000 7500 7500 1000 4085 7500 4085 6978 4123 4323|0.1 -0.13986168789594244 -0.01710853756288988 0.017657789944638402
1836 1000 245 979 1836 1836 979 1571 1836 1571 245 1204 2438 2596|0.1 -0.028131487373354025 -0.21178956978728403 -0.02309808775580957
856 533 545 1000 1000 133 133 1000 856 533 545 576 1414 930|0.1 -0.14183845496605452 -0.034920732423002754 -0.03315514128596431
623 637 1169 1169 156 156 1169 1000 623 637 1169 1552 1087 642|0.1 0.021335419714254567 -0.1530970885482752 0.03976521860383553
545 533 856 1000 1000 133 133 1000 545 533 856 1328 1414 656|0.1 -0.11451009128420675 -0.012076001478228404 -0.07737877555780148
979 1571 1836 1836 245 245 1836 1000 979 1571 1836 1058 1204 1009|0.1 0.06159624765444072 -0.12593543860889844 0.019175636464103807
622 772 1167 2301 600 209 1569 1000 622 772 1167 1479 1543 716|0.1 -0.0262409840050859 -0.054006822701607726 0.044529582747461216
662 533 857 1972 1344 179 514 1000 662 533 857 1267 1911 824|0.1 -0.11279654738152733 -0.06538955419967962 0.017284579993435134
1000 1000 1000 693 87 71 566 817 950 738 600 1414 1052 1002|0.1 0.013095595172232244 -0.13356170469398632 0.08126245994621861
87 950 71 1000 1000 817 738 1000 693 600 566 953 1414 825|0.1 0 0 0
1000 1000 1000 566 693 87 71 600 817 950 738 1414 825 1052|0.1 -0.10340689073457421 -0.01119370655238594 -0.08836270986837369
1061 1225 1768 1768 1305 1444 1768 125 1679 153 1768 1458 1858 2127|0.1 0 0 0
1443 816 866 1179 1443 1443 1066 125 1443 102 1371 1190 1190 2041|0.1 0.012195531804601867 -0.038299892870944374 0.006272937833071701
1230 1583 1362 1155 943 118 144 1667 1667 1667 1667 1586 1374 1202|0.1 -0.2521871456896363 -0.00862214215064716 -0.08891637608633207
74 1053 91 860 777 1053 1053 632 595 1053 729 1003 1266 1107|0.1 0.035731884974892214 0.01025622145115257 0.0556539802235112
1287 1107 813 766 96 117 938 1355 1355 1355 1355 1630 977 1358|0.1 -0.011180908168948456 -0.157067539938478 0.09440625474156361
71 950 87 1000 1000 738 817 1000 566 600 693 1002 1414 721|0.1 0 0 0
1000 1000 1000 693 566 71 87 600 738 950 817 1414 1149 1051|0.1 -0.09233162224438374 -0.020368352354286356 -0.0830074288747118
866 816 1443 1443 1179 1066 1443 125 1371 102 1443 1658 1519 1373|0.1 0 0 0
1000 1000 1000 566 71 87 693 738 950 817 600 1414 1051 953|0.1 0.0003886551283027728 -0.15287627656528247 0.09142539452348108
1163 904 734 848 106 87 692 1224 1224 1224 1224 1164 1009 1166|0.1 0.0027406941996610534 -0.13929152851693383 0.08622441023720118
1768 1225 1061 1305 1768 1768 1444 125 1768 153 1679 2031 1275 2500|0.1 0.00711564277598109 0.008297756606892026 -0.03957572707621648
1362 1583 1230 943 1155 144 118 1667 1667 1667 1667 2005 1915 1374|0.1 -0.25984965199937204 -0.0016046084663978721 -0.08757316013562999
91 1053 74 777 860 1053 1053 632 729 1053 595 1055 1001 1108|0.1 0.036495530341591476 0.04588727800039827 0.03926230271459108
1000 1000 1000 1061 566 71 566 1116 738 1116 738 1414 1149 1051|0.1 -0.12679686629580855 -0.06593873817242635 0.058039411085899495
1511 1000 1511 1437 766 96 766 1355 1355 1355 1355 1703 1071 1556|0.1 -0.07731041536003347 -0.051035709802349505 0.037302084018713266
1000 1000 1000 1061 566 71 566 738 1116 738 1116 1414 1456 1002|0.1 -0.09237588206403746 -0.08587102070875652 0.04833561953289767
662 1000 662 951 507 63 507 896 896 896 896 1127 1306 646|0.1 -0.04965254156026666 -0.11750470899299259 0.019259996477369867
1056 1000 1056 908 908 1240 1240 222 2889 222 2889 1454 1023 2235|0.1 0 0 0
1175 2737 860 947 947 211 211 1000 1175 2737 860 2118 1378 1257|0.1 -0.1975907415600764 0.01164841388034299 -0.0887541565505745
3182 1366 1163 1102 245 245 1102 1000 3182 1366 1163 2462 1127 3192|0.1 0.0629164640158586 -0.16874944632542466 0.038040516279540526
1056 1000 1056 1240 1240 908 908 222 2889 222 2889 1454 1326 1861|0.1 0 0 0
860 2737 1175 947 947 211 211 1000 860 2737 1175 1763 1378 969|0.1 -0.19883204110613173 0.05440135167570359 -0.08196684878212235
2330 732 851 807 179 179 807 1000 2330 732 851 1501 1070 2337|0.1 0.03369298735663939 -0.2242863771478687 0.06216332873498098
4085 4500 4085 13000 13000 4750 4750 1000 5579 4500 5579 4603 13038 8374|0.1 -0.18331294950570953 0.016924740325556797 -0.07661230979830291
77 1000 77 314 429 429 314 365 346 365 346 1003 644 459|0.1 0 0 0
1102 1000 245 3182 1163 1163 3182 1366 1102 1366 245 1127 2050 1602|0.1 0.06143999439232273 -0.2671561138732348 0.045918428680258305
77 1000 77 429 314 314 429 365 346 365 346 1003 774 354|0.1 0 0 0
5579 4500 5579 13000 13000 4750 4750 1000 4085 4500 4085 5969 13038 10059|0.1 -0.14214181772300938 0.07164902414169116 -0.07502349331608982
807 1000 179 2330 851 851 2330 732 807 732 179 1070 1803 1173|0.1 0.05642624981634592 -0.15409742134820714 0.025238482072400537
556 533 826 2245 1123 150 748 1000 556 533 826 1281 1876 691|0.1 -0.07353383035967109 -0.07514727376618402 0.04576740119224043
646 674 1211 2719 906 181 1359 1000 646 674 1211 1551 1861 762|0.1 -0.08731952001390986 -0.06929665291686371 0.04596331391680142
329 920 616 1744 581 116 872 1000 329 920 616 1174 1419 419|0.1 -0.11939085169690777 -0.04937464450764262 0.06708353659486743
1492 533 1622 2828 1414 189 943 1000 1492 533 1622 1904 2236 1579|0.1 -0.054381573116188964 -0.13232788149377117 0.0467734769121253
566 200 566 693 693 130 130 200 342 50 342 721 825 676|0.1 -0.023503672741539416 -0.07277792708392461 -0.023671819497892432
1443 1000 289 493 816 816 493 188 289 188 72 1190 577 1041|0.1 0.008564137841071684 -0.1752599062937743 0.023083279195759143
2598 4000 2598 6837 6837 11314 11314 4000 13856 20000 13856 3279 7124 13519|0.1 -0.7130036419713925 0.03391104333129835 -0.016843057608756373
146 1000 585 2027 380 380 2027 1655 585 1655 2925 1042 1170 480|0.1 -0.07100123181831508 0.010746704240904847 0.08613618503855669
2032 1000 271 176 330 330 176 975 1651 975 68 1245 977 1861|0.1 -0.023363522759779487 -0.25421793930267444 -0.027382386465060193
3691 7500 3691 650 650 1218 1218 250 3601 6094 3601 4596 820 3605|0.1 -0.1286987011489693 -0.01652874062592402 0.015126292215701387
1540 1000 385 5543 5683 5683 5543 1875 11547 1875 9382 1262 5997 7076|0.1 0.0074246549959644526 0.25096102324936753 0.026237191139839577
14402 24375 14402 2598 2598 4871 4871 4000 14765 30000 14765 15225 3279 15580|0.1 -1.0139059139346573 -0.02732559751576824 -0.0036619410548921483
3031 533 2956 5004 6158 821 205 1000 3031 533 2956 2960 5640 3774|0.1 -0.16736101974253348 -0.010271923657844129 -0.10626629347950889
200 1231 200 591 591 606 606 41 107 164 107 1127 625 592|0.1 0.013510508637684104 -0.03779413382009489 -0.004861657122481322
180 1025 338 1692 69 278 2083 1000 180 1025 338 1001 1057 228|0.1 0.0016688154917243736 -0.11862225383881708 0.07781056165507394
1692 1000 69 180 338 338 180 1025 2083 1025 278 1057 1082 1908|0.1 -0.02593984170090935 -0.5971166558276397 -0.030773855610501943
4085 7500 4085 1709 1709 3205 3205 250 3601 6094 3601 4918 1781 3766|0.1 -0.10822206571928339 -0.02223531654902966 0.008227813993300082
1692 1000 69 475 890 890 475 1135 2083 1135 278 1057 1428 2078|0.1 -0.016273352022269094 -0.643550925174573 -0.020995064580308087
585 1000 146 2106 2390 2390 2106 1875 4388 1875 3565 1042 3007 2877|0.1 -0.03961575488194535 0.262448049989219 0.016237930611691098
14402 24375 14402 6837 6837 12820 12820 4000 16340 30000 16340 15225 7124 20561|0.1 -0.8631692208379271 -0.01378274984725647 0.010368104133011702
1836 1000 245 418 785 785 418 881 1492 881 61 1204 922 1831|0.1 -0.010729099494809491 -0.23225869216494277 -0.02368177401782301
475 1135 890 1692 69 278 2083 1000 475 1135 890 1046 1057 495|0.1 0.06830707235339073 -0.09963019496529113 0.04412206678680253
526 1231 526 591 591 670 670 41 281 164 281 1228 625 618|0.1 0.012136094071517611 -0.03439527948816079 -0.005510381295643629
1275 533 1123 1901 2340 312 78 1000 1275 533 1123 1175 2334 1534|0.1 -0.1407303556324513 0.013273163665263876 -0.12727307142670563
354 500 354 354 354 66 66 500 326 406 326 791 791 391|0.1 -0.04931506267251806 -0.05786548131210156 -0.028042791852123106
1000 921 187 1414 2828 1414 1149 1000 1000 921 187 1000 2236 2236|0.1 -0.02524867360931049 -0.23153428344670268 -0.016433100324175776
4910 5333 5333 7542 6128 7542 15085 1000 4910 5333 5333 5333 6872 8386|0.1 -0.18870751259821517 -0.017500579599782906 0.041571054426872145
1248 1000 1536 1086 204 204 1086 1086 1536 1086 3072 1708 1086 1399|0.1 0.017877410142912442 -0.08477790277379937 0.043002883712339735
696 533 943 1000 188 100 533 921 730 491 1052 1373 1106 669|0.1 0.013653790325540704 -0.16077307207247427 0.07454897553507367
1061 738 566 566 1061 199 106 1116 977 774 521 791 1458 1173|0.1 -0.15830810209858992 -0.02409803681194478 -0.14372275442326554
467 694 875 951 507 95 178 896 507 662 951 1415 1306 507|0.1 -0.18239301970581767 0.013527765100806999 -0.0048429143165729105
1487 1875 2142 1086 204 382 2037 1086 1417 2037 1920 1169 1086 1363|0.1 -0.025694545912221534 -0.15066549642634208 0.03925378629427323
921 187 1000 1768 1061 221 354 1225 604 230 1000 1106 1458 1100|0.1 -0.03276379593063816 -0.05168533679812071 0.00040591168609882544
1000 921 187 354 1768 1061 221 1000 1225 604 230 1000 1275 1458|0.1 -0.07264677817437559 -0.1463289163653092 -0.30697683903823214
2632 5333 4355 1540 962 4619 7698 816 4009 4355 4355 3079 1743 4788|0.1 -0.1275893628156688 -0.10684537385170279 -0.01481665400771992
230 604 1225 1768 354 221 1061 1000 187 921 1000 1195 1275 400|0.1 -0.10659473959763077 -0.05413800527773516 0.06955581239017405
2032 1000 271 144 269 330 176 1049 1841 975 169 1245 1119 1861|0.1 -0.019318097876985796 -0.233205863990672 -0.02019585464372531
144 1049 269 2032 271 169 1841 1000 176 975 330 961 1245 222|0.1 -0.0056551010091532294 -0.16722124769419033 0.048098777457221686
2956 533 3031 6158 5581 513 821 816 3179 435 3031 3198 6212 3386|0.1 -0.12324153643366142 -0.048943947731106 -0.047176204398761135
3691 7500 3691 650 530 994 1218 625 3872 6797 3601 4596 1132 4132|0.1 -0.19899240358487003 -0.028738490433007913 0.011525890372821035
5761 10875 6194 849 1039 1949 1591 1600 5906 12000 5906 6598 1811 6232|0.1 -0.3962695066256261 -0.028268137059528353 0.003120103427247667
3712 533 3893 6835 7542 1006 629 1225 3712 653 3621 4156 7608 4622|0.1 -0.12449674257838383 -0.02720907223079383 -0.07682538907984426
180 1025 338 1888 174 278 2083 1075 147 1025 276 1001 1145 228|0.1 -0.0333970246205606 -0.12830120732834072 0.10801482932762063
1888 1075 174 180 338 276 147 1025 2083 1025 278 1225 1082 1908|0.1 -0.016007598205252105 -0.21137390325100314 -0.035639740649417995
793 533 1143 2304 1392 128 614 656 737 350 837 1616 2253 903|0.1 -0.10364663467789192 -0.08681150548917715 0.032928873734416886
418 881 785 2754 734 153 1664 1366 637 948 1195 1258 1646 476|0.1 -0.11809249490941642 -0.04964549552028186 0.0939913040490592
354 500 354 354 433 81 66 750 214 453 326 791 829 422|0.1 -0.058836894423046626 -0.0024314806191816363 -0.06224528721429423
1392 656 2304 1086 204 249 1330 1086 1536 1086 3072 2253 1086 1549|0.1 0.02014850614834529 -0.10138946610274813 0.05190878289585976
696 533 943 943 177 94 503 1260 701 672 1040 1373 1016 702|0.1 0.005834215037756607 -0.17769664656302475 0.08825462053113631
1061 738 566 533 1000 188 100 1104 1336 743 713 791 1414 1077|0.1 -0.1232742694100808 -0.08665960506383796 -0.12323183221212397
646 674 1211 906 483 91 170 906 513 669 961 1551 1282 705|0.1 -0.12670785976363175 -0.004551565408090763 -0.020522438433163703
1043 1875 1549 748 140 263 1403 794 1036 1488 1403 1211 1091 1045|0.1 -0.022772369332413334 -0.14945329323162615 0.03850971094328415
2032 1000 271 135 254 254 135 1007 2032 1007 271 1245 1032 2048|0.1 -0.015150290104493092 -0.24131386950321465 -0.02849389005689207
135 1007 254 2032 271 271 2032 1000 135 1007 254 1009 1245 303|0.1 -0.045337448905179434 -0.08059195959711274 0.09190914092871871
3965 533 3937 8000 8000 1067 1067 1000 3965 533 3937 3973 8062 4925|0.1 -0.09806006217422558 0.01832020449649363 -0.06578460499349847
3691 7500 3691 500 500 938 938 1000 3717 7500 3717 4596 1118 3808|0.1 -0.23165867441618415 -0.04621053800513919 0.0005958517797721719
3717 7500 3717 500 500 938 938 1000 3691 7500 3691 4617 1118 3725|0.1 -0.22700976784850502 -0.007835639350093349 0.011130746358409827
3937 533 3965 8000 8000 1067 1067 1000 3937 533 3965 4062 8062 4903|0.1 -0.1257233139430547 -0.024325120645960485 -0.0537586368233367
135 993 252 2018 269 269 2018 1000 135 993 252 1025 1242 301|0.1 0.009554164765790407 -0.1286859693276099 0.07114997629033892
2018 1000 269 135 252 252 135 993 2018 993 269 1242 1002 2033|0.1 -0.025433794967126833 -0.2788251786797502 -0.041982261555423284
1305 1875 1768 943 177 331 1768 1260 1314 2362 1951 1398 1016 1346|0.1 -0.05665115621450778 -0.14287822458136534 0.04819826464282251
566 738 1061 1000 533 100 188 1104 713 743 1336 1456 1133 574|0.1 -0.147301260526308 -0.0011563543046178015 -0.01978105832260324
1211 674 646 483 906 170 91 906 961 669 513 782 1027 1321|0.1 -0.1621073247625382 -0.01579768299309614 -0.1524398554973605
556 533 826 748 140 75 399 794 553 423 748 1281 1091 570|0.1 -0.011427081964825447 -0.15669505822992424 0.10338930398213542
2828 1000 2828 1768 354 354 1768 1000 2828 1000 2828 3000 1275 2850|0.1 0.03538825199007167 -0.14513685041975255 0.04672069515432531
354 1000 354 625 625 125 125 1000 354 1000 354 1061 1179 451|0.1 -0.07962620607562365 0.027136225778026102 -0.0754850879227098
2828 1000 2828 1768 354 354 1768 1000 2828 1000 2828 3000 1275 2850|0.1 0.06332886762897116 -0.16088785803301198 0.023736877071289797
354 1000 354 625 625 125 125 1000 354 1000 354 1061 1179 451|0.1 -0.14457530052013112 0.030561309449572693 -0.06697780722560442
3691 7500 3691 8000 8000 15000 15000 1000 7914 7500 7914 4596 8062 15447|0.1 -0.2164493861269856 -0.02711509471397422 0.014656520937896822
948 1000 126 1011 1895 1895 1011 466 948 466 126 1058 1113 2119|0.1 -0.016824503395436174 -0.2764956334379176 -0.01290805719788124
7914 7500 7914 8000 8000 15000 15000 1000 3691 7500 3691 8374 8062 8811|0.1 -0.29076524744776955 -0.010686195460988257 -0.008279708419507426
2032 1000 271 2167 4064 4064 2167 2144 2032 2144 271 1245 4185 4543|0.1 -0.024446130885451556 -0.2528223798966389 -0.020377339553252494
528 533 246 500 500 67 67 1000 528 533 246 587 1118 558|0.1 -0.119335761902164 -0.046831876192839905 -0.07070750248112656
1011 466 1895 948 126 126 948 1000 1011 466 1895 1952 1058 1019|0.1 -0.025783708571787134 -0.13407204991427113 0.08889281844937758
246 533 528 500 500 67 67 1000 246 533 528 1030 1118 306|0.1 -0.11325003376927656 0.019097223639159555 -0.06345950264040834
2167 2144 4064 2032 271 271 2032 1000 2167 2144 4064 2387 1245 2184|0.1 -0.04420570336956864 -0.13249698717710867 0.09138177599975261
189 1000 189 333 333 67 67 1000 189 1000 189 1018 1054 240|0.1 -0.18344806051135087 0.028417248597016886 -0.07988206375444618
5303 1000 5303 1768 354 354 1768 1000 5303 1000 5303 5397 1275 5315|0.1 0.06440727666972679 -0.07912321528106614 0.03502753145358417
189 1000 189 333 333 67 67 1000 189 1000 189 1018 1054 240|0.1 -0.1209193736591696 -0.009956146146601341 -0.08058336139676436
5303 1000 5303 1768 354 354 1768 1000 5303 1000 5303 5397 1275 5315|0.1 0.03385054783663133 -0.14214136505924513 0.059053272192357564
1000 1000 1000 533 533 67 67 1000 1104 1000 1104 1414 1133 1002|0.1 -0.13484165073716525 0.006999696600280547 -0.0851820018759275
1875 1000 1875 1875 2069 2069 1875 125 1875 125 1875 2125 1879 2792|0.1 0 0 0
1000 1000 1000 533 67 67 533 1104 1000 1104 1000 1414 1002 1002|0.1 -0.009714060822656467 -0.16438507538812153 0.08257886710244744
67 1000 67 1000 1000 1104 1104 1000 533 1000 533 1002 1414 1133|0.1 0 0 0
906 1000 906 483 60 60 483 906 906 906 906 1350 1027 908|0.1 -9.664169658418764e-05 -0.18276580836445788 0.07980189362948975
1875 1000 1875 2069 1875 1875 2069 125 1875 125 1875 2125 2125 2652|0.1 0 0 0
1104 1000 1104 533 533 67 67 1000 1000 1000 1000 1489 1133 1133|0.1 -0.13639128730416838 -0.0041016073346278326 -0.08455939034969329
67 1000 67 1104 1104 1000 1000 1000 533 1000 533 1002 1489 1002|0.1 0 0 0
2032 1000 271 144 269 269 144 1049 2032 1049 271 1245 1119 2050|0.1 -0.010289209681647593 -0.22425720934573512 -0.016267106885380356
144 1049 269 2032 271 271 2032 1000 144 1049 269 961 1245 307|0.1 -0.026613588847295144 -0.10463373244077201 0.0828290539523957
3893 533 3712 7542 7542 1006 1006 1000 3893 533 3712 3569 7608 4769|0.1 -0.1467756594523817 -0.012711806391465519 -0.07000170754886126
3691 7500 3691 530 530 994 994 1000 3872 7500 3872 4596 1132 4132|0.1 -0.2676575293639849 -0.035028677919889395 0.005381822043379891
3872 7500 3872 530 530 994 994 1000 3691 7500 3691 4742 1132 3549|0.1 -0.16264351041018088 -0.006292849114635235 0.01731477083764421
3712 533 3893 7542 7542 1006 1006 1000 3712 533 3893 4156 7608 4622|0.1 -0.15769225175840784 -0.014425228818600866 -0.04759572090358044
137 953 257 1937 258 258 1937 1000 137 953 257 1067 1225 292|0.1 0.050290537682446956 -0.16420140220366752 0.022153176864514457
1937 1000 258 137 257 257 137 953 1937 953 258 1225 917 1954|0.1 -0.0300979859410877 -0.20994884165854488 -0.04621545133655203
793 533 1143 3072 1536 205 1024 1000 793 533 1143 1616 2391 971|0.1 -0.09872171357955817 -0.07350655313471344 0.060357050037866955
467 694 875 2689 896 179 1344 1000 467 694 875 1415 1847 615|0.1 -0.11710174535271012 -0.07058288593434159 0.05442905010289545
1000 1000 1000 566 71 71 566 738 1000 738 1000 1414 1051 1002|0.1 -0.0314512010957646 -0.14304812710013604 0.10143869217972945
71 1000 71 1000 1000 738 738 1000 566 1000 566 1002 1414 721|0.1 0 0 0
1000 1000 1000 566 566 71 71 1000 738 1000 738 1414 1149 1051|0.1 -0.13734694225437827 0.0068742242444197466 -0.08339642038418749
1768 1000 1768 1768 1305 1305 1768 125 1768 125 1768 2031 1858 2197|0.1 0 0 0
1768 1000 1768 1305 1768 1768 1305 125 1768 125 1768 2031 1275 2500|0.1 0 0 0
738 1000 738 566 566 71 71 1000 1000 1000 1000 1243 1149 721|0.1 -0.16596949575189757 0.019316994800777643 -0.08148799528481798
71 1000 71 738 738 1000 1000 1000 566 1000 566 1002 1243 1051|0.1 0 0 0
1355 1000 1355 766 96 96 766 1355 1355 1355 1355 1684 977 1358|0.1 -0.0017459400246511159 -0.18019980068410657 0.07308316767573375
1111 1000 1111 1240 1240 1240 1240 222 3333 222 3333 1495 1326 2289|0.1 0 0 0
1116 3000 1116 900 900 200 200 1000 1116 3000 1116 2060 1345 1194|0.1 -0.2326773604936183 0.016379905635646175 -0.07359732923077789
2689 1000 896 807 179 179 807 1000 2689 1000 896 1847 1070 2695|0.1 0.042666441485705864 -0.18384970690561886 0.05355028032438369
1111 1000 1111 1240 1240 1240 1240 222 3333 222 3333 1495 1326 2289|0.1 0 0 0
1116 3000 1116 900 900 200 200 1000 1116 3000 1116 2060 1345 1194|0.1 -0.23316083546961242 0.06510649505506949 -0.08173048285522788
2689 1000 896 807 179 179 807 1000 2689 1000 896 1847 1070 2695|0.1 0.03861923892005903 -0.20043273656505045 0.06109601384916896
5579 4500 5579 15000 15000 5000 5000 1000 5579 4500 5579 5969 15033 10302|0.1 -0.261893081213338 0.03671551245257865 -0.06638457567114342
67 1000 67 372 372 372 372 333 300 333 300 1002 687 398|0.1 0 0 0
807 1000 179 2689 896 896 2689 1000 807 1000 179 1070 1847 1206|0.1 0.053505449036663766 -0.2650292987435787 0.0466309234479656
67 1000 67 372 372 372 372 333 300 333 300 1002 687 398|0.1 0 0 0
5579 4500 5579 15000 15000 5000 5000 1000 5579 4500 5579 5969 15033 10302|0.1 -0.1754001456638432 0.03885693022477987 -0.08028078283576434
807 1000 179 2689 896 896 2689 1000 807 1000 179 1070 1847 1206|0.1 0.04808314202996211 -0.1816155720051904 0.05211385141612457
1000 1000 1000 3000 1600 200 1600 1720 1720 1720 1720 1414 1887 1020|0.1 -0.11532003505076327 -0.08160976358364769 0.048862122590029866
1000 1000 1000 1744 930 116 930 581 581 581 581 1823 1838 1097|0.1 -0.07564281833443931 -0.11481049285315903 0.030772941604080284
1000 1000 1000 1600 1600 200 200 1000 1720 1000 1720 1414 1887 1020|0.1 -0.20581315952297619 0.027830793701384415 -0.07529506525971064
625 1000 625 625 1075 1075 625 125 625 125 625 1179 637 1244|0.1 0 0 0
1000 1000 1000 1600 200 200 1600 1720 1000 1720 1000 1414 1020 1020|0.1 0.02573974635607712 -0.19809563186096613 0.052586568537809075
200 1000 200 1000 1000 1720 1720 1000 1600 1000 1600 1020 1414 1887|0.1 0 0 0
581 1000 581 930 116 116 930 581 581 581 581 1157 1097 593|0.1 -0.0036138504106031366 -0.14992445438193558 0.08330693565007374
625 1000 625 1075 625 625 1075 125 625 125 625 1179 1179 884|0.1 0 0 0
1720 1000 1720 1600 1600 200 200 1000 1000 1000 1000 1990 1887 1887|0.1 -0.16225033966257074 -0.016927030459481518 -0.07688058260865605
200 1000 200 1720 1720 1000 1000 1000 1600 1000 1600 1020 1990 1020|0.1 0 0 0
467 883 1000 1744 581 201 930 1000 271 1047 581 1288 1419 641|0.1 -0.037472077446032426 -0.07155851483207631 0.03472614029375709
1801 467 1720 3000 1600 347 1000 1720 1519 803 1720 1783 1887 2014|0.1 -0.06990844777837846 -0.060876081544770644 0.02707623724697239
70 1000 70 1220 1747 1747 1220 1690 1056 1690 1056 1002 2648 1768|0.1 -0.02805538102658045 -0.08259601656063098 -0.0016817063486163075
17317 15000 17317 14200 14200 24000 24000 1000 24808 15000 24808 17745 14235 37596|0.1 -0.41619953680440136 -0.0035308445603832173 -0.005122970481250544
605 1000 40 572 967 967 572 698 605 698 40 1012 546 1141|0.1 0.0013557350576065552 -0.32068776786007946 -0.00712269269527499
70 1000 70 1747 1220 1220 1747 1690 1056 1690 1056 1002 954 1250|0.1 -0.05723032219366542 0.00467257098743179 0.048166801365781
24808 15000 24808 14200 14200 24000 24000 1000 17317 15000 17317 25109 14235 13544|0.1 -0.40758145018486514 -0.02062225674642204 -0.00705677336078403
866 1000 58 820 1386 1386 820 1433 866 1433 58 1025 2171 1634|0.1 -0.008382929506423054 -0.4037377069946435 -0.009340322100868104
1034 592 722 625 625 42 42 1000 1034 592 722 564 1179 1046|0.1 -0.12399881207109664 -0.03657120744524622 -0.0817563082782291
1600 1000 1600 1154 1154 1654 1654 67 947 67 947 1887 1183 903|0.1 -0.018869645375940713 0.040525357509551 -0.03562364597972323
572 698 967 605 40 40 605 1000 572 698 967 1515 1012 574|0.1 -0.03729171618653271 -0.12330156357391542 0.11646611031708387
1600 1000 1600 1654 1654 1154 1154 67 947 67 947 1887 1674 2506|0.1 -0.005082683600408089 0.03591230016417368 -0.04173606099575511
722 592 1034 625 625 42 42 1000 722 592 1034 1567 1179 739|0.1 -0.1241005655165428 -0.03644409111137392 -0.08170079961943633
820 1433 1386 866 58 58 866 1000 820 1433 1386 782 1025 822|0.1 -0.036815232493528915 -0.12312041734664048 0.1163988441495567
467 883 1000 1744 581 201 930 1000 602 681 1289 1288 1419 508|0.1 -0.10921219052706377 -0.0656524070872877 0.06111162111400947
528 467 776 1353 721 156 451 776 685 362 776 1162 1559 582|0.1 -0.010621340548395697 -0.06570995014607783 0.004043608450039482
602 681 1289 1744 581 201 930 1000 467 883 1000 1498 1419 745|0.1 -0.08313050167964131 -0.08028274153403125 0.04586051604407615
883 467 1000 1744 930 201 581 1289 681 602 1000 1288 1366 1027|0.1 -0.04776468093572794 -0.13179446314125376 0.036392464424606086
271 1047 581 1744 581 201 930 1000 467 883 1000 1036 1419 338|0.1 -0.1314198591484661 0.004173434822274391 0.0653156116499698
883 467 1000 1744 930 201 581 581 1047 271 1000 1288 1838 938|0.1 -0.030346142765128592 -0.09620155052105339 0.010076946453716484
1000 1000 1000 1000 533 67 533 1104 1104 1104 1104 1414 1133 1002|0.1 -0.08266888853549981 -0.11468570017585722 0.03816916754334043
1000 1000 1000 906 483 60 483 906 906 906 906 1535 1282 1027|0.1 -0.1005049663573776 -0.058890106577232926 0.050106151254378783
915 776 1546 966 64 64 966 1000 915 776 1546 1729 1031 917|0.1 -0.03637040513845946 -0.12314378726482222 0.11590482667297453
1600 1000 1600 803 803 1035 1035 67 947 67 947 1887 843 1241|0.1 -0.004231794250947329 -0.04131114169396044 0.004004545475326804
647 592 502 625 625 42 42 1000 647 592 502 776 1179 667|0.1 -0.12436303221214473 -0.03633201073028891 -0.0816241651265659
1179 1289 1993 1246 83 83 1246 1000 1179 1289 1993 1546 1050 1182|0.1 -0.03639773020432724 -0.12453348486586524 0.1155733439042228
1600 1000 1600 1035 1035 803 803 67 947 67 947 1887 1067 1790|0.1 -0.006679646330202127 0.022078033046422085 -0.05198779100434425
502 592 647 625 625 42 42 1000 502 592 647 1119 1179 527|0.1 -0.12293902540073232 -0.03699277272120827 -0.08195235498937081
966 1000 64 915 1546 1546 915 776 966 776 64 1031 1199 1823|0.1 -0.0067703164088162016 -0.31482651147462737 -0.009790698449214652
12043 15000 12043 14200 14200 24000 24000 1000 15527 15000 15527 12651 14235 26852|0.1 -0.3552710036577633 -0.004157281107196598 0.007523484670175495
70 1000 70 848 1093 1093 848 1690 1056 1690 1056 1002 1891 1127|0.1 0.047579742950196735 -0.10052213552772193 0.0916917634300396
1246 1000 83 1179 1993 1993 1179 1289 1246 1289 83 1050 2230 2350|0.1 -0.010275843183331634 -0.4069264592354904 -0.016142930371664255
15527 15000 15527 14200 14200 24000 24000 1000 12043 15000 12043 16002 14235 18619|0.1 -0.4155000331889458 -0.012484637953760203 -0.002202797153711966
70 1000 70 1093 848 848 1093 1690 1056 1690 1056 1002 1311 891|0.1 0.022141340733528025 -0.257782300161572 0.033931034977257024
2060 2143 2143 1246 83 1246 3737 1000 2060 2143 2143 2466 1050 2085|0.1 -0.025953805082487014 -0.11626026995240846 0.054324806148742244
1000 961 467 581 1744 581 39 1000 1000 961 467 1151 1419 1419|0.1 -0.12741491225098267 -0.06834873515542128 -0.2583820460392028
144 927 269 2032 271 68 1651 1000 144 927 269 1095 1245 197|0.15 0.0037582165592020544 -0.0967620329920571 0.0808989415506911
3441 533 3712 7542 6128 251 1006 1000 3441 533 3712 4066 6872 3658|0.15 -0.1717551472097556 0.014383432418114683 -0.04336017741813358
921 187 1000 1768 354 88 354 1000 921 187 1000 1106 1275 938|0.15 -0.004041955478478743 -0.15690290825931208 0.07208246112294203
187 921 1000 1768 354 88 354 1000 187 921 1000 1106 1275 258|0.15 -0.20437042251011062 0.07020092975525305 0.06468006967921047
566 1116 71 1000 1000 200 900 1000 566 1116 71 1149 1414 721|0.15 0.020253540113639446 -0.38477792779200826 0.035907341667456016
15780 8000 14142 14142 12728 2828 14142 1000 15780 8000 14142 16248 13454 16882|0.15 -0.15264767140622748 0.037902468436536996 -0.0012876095333158588
1000 1000 1000 566 566 71 71 200 1116 900 1116 1414 721 1002|0.15 -0.032520965287633485 0.03123167404068372 -0.10064179794134209
79 1111 79 1240 1240 1111 1111 222 629 1111 629 1057 1326 1114|0.15 -0.012204177397332483 0.14666312734207487 -0.022186519735172272
807 1000 179 507 63 63 507 896 896 896 896 1070 1030 853|0.15 0.08007629674767092 -0.4249469180713261 0.03872621830816492
1768 1000 354 1972 1768 1768 1972 125 1768 125 1591 1275 2031 2500|0.15 0.013533246472248184 0.019397229993334264 -0.017675570907026428
1000 1000 1000 693 693 87 87 200 817 900 817 1414 825 1052|0.15 -0.05732383624869053 0.04993822122210556 -0.08613783050917978
693 817 87 1000 1000 200 900 1000 693 817 87 825 1414 825|0.15 0.013446381552799647 -0.38361955711841866 0.036762217274590725
9434 8000 11547 11547 10392 2309 11547 1000 9434 8000 11547 9522 11000 10630|0.15 -0.31881855236377654 0.03060442336751068 -0.0016545409455492877
1102 1000 245 848 106 106 848 1224 1224 1224 1224 1127 1009 1166|0.15 0.031545980353167025 -0.23492041087596394 0.07881881803024848
1443 1000 289 1179 1443 1443 1179 125 1443 125 1299 1190 1190 2041|0.15 0.019518128804874024 -0.06255815059670877 -0.013816387206005976
96 1111 96 908 908 1111 1111 222 770 1111 770 1058 1023 1169|0.15 -0.003452857348850147 0.11205301387398947 0.00392915496213897
701 533 756 1536 1248 51 205 1000 701 533 756 1094 1708 745|0.15 -0.15545838865833717 -0.017444754009853236 -0.003228832598742848
705 927 1323 2032 271 68 1651 1000 705 927 1323 1447 1245 718|0.15 0.03382806295662455 -0.1441180964395028 0.03731940085709429
493 188 816 1443 289 72 289 1000 493 188 816 976 1190 514|0.15 -0.014000935951359317 -0.16827514410071465 0.08117081172637874
230 604 1225 1768 354 88 354 1000 230 604 1225 1195 1275 290|0.15 -0.22336518292922491 0.08078668586964266 0.06626962328639019
176 975 330 2032 271 68 1651 1000 176 975 330 1055 1245 222|0.15 -0.029211039430211416 -0.11371266552850479 0.05614068036798203
2956 533 3031 6158 5004 205 821 1000 2956 533 3031 3198 5640 3125|0.15 -0.07690224861607753 -0.0602979252345659 -0.020922411972404964
1123 533 1275 2340 1901 78 312 1000 1123 533 1275 1604 2334 1188|0.15 -0.16496960061245347 -0.01297526942742211 -0.0309287932179525
418 881 785 1836 245 61 1492 1000 418 881 785 1258 1204 436|0.15 -0.03629859292409998 -0.0799423079129935 0.08463752674569669
467 961 1000 1744 581 39 581 1000 467 961 1000 1238 1419 490|0.15 -0.12254242355521971 -0.020842113623209535 0.03967898519383617
961 467 1000 1744 581 39 581 1000 961 467 1000 1238 1419 973|0.15 -0.009290401548229799 -0.14010917050476634 0.055639478453959335
1720 3000 1720 803 803 1720 1720 67 1654 1000 1654 2441 843 1980|0.15 0 0 0
605 1000 40 485 1040 1040 485 1040 1814 1040 605 1012 1288 1476|0.15 0 0 0
1000 921 187 354 1768 354 88 1000 1000 921 187 1000 1275 1275|0.2 -0.1070030387967047 -0.21822278431351316 -0.37602458633087643
4910 5333 5333 1886 471 1886 9428 1000 4910 5333 5333 5333 1374 5000|0.2 -0.1816497501673786 -0.09721005488110168 0.13635363305838144
1225 604 230 354 1768 354 88 1000 1225 604 230 707 1275 1458|0.2 -0.15163942486834392 -0.20399318759720453 -0.4564408392654218
2632 5333 4355 1540 385 1540 7698 1000 2632 5333 4355 3079 1262 2742|0.2 -0.23525867011846557 -0.10243707919662226 0.14281164818743974