492 133 492 133 133 71 71 812 456 33 456 613 911 539|0.001 0.07944663346970415 -0.03275938823386726 -0.09426245806561373
6128 1000 7542 3712 3441 3441 3712 533 251 533 1006 6872 4066 3658|0.001 -0.0662546543840925 0.09679135755485069 -0.06450263307237969
144 927 269 2032 271 68 1651 1000 144 927 269 1095 1245 197|0.001 -0.11035225478590482 -0.03695352297558796 0.17030555123504154
271 1000 2032 269 144 144 269 927 68 927 1651 1245 1095 197|0.001 -0.07388217182787926 0.08692304613659108 0.08653410386019189
133 812 133 492 492 456 456 133 71 33 71 911 613 539|0.001 0.08296896647525864 -0.011303849970248914 0.039382701494212746
3441 533 3712 7542 6128 251 1006 1000 3441 533 3712 4066 6872 3658|0.001 0.034737691317705544 -0.0999735263364776 0.1479293946512361
1886 1000 471 6452 6960 6960 6452 1875 14142 1875 11490 1374 7623 8667|0.001 0.020300405925026688 -3.9641722461128204 -0.09078738458286773
291 1079 155 73 1781 2192 292 1000 291 1079 155 1182 1063 1997|0.001 0.07695338531734208 0.2745239364441865 -0.9989531981053912
13687 24375 13687 2121 2121 3977 3977 4000 14765 30000 14765 14550 2915 16171|0.001 -3.0442918868365574 -0.04924619188084067 0.188766080777365
6960 1875 6452 471 1886 14142 11490 1000 6960 1875 6452 7623 1374 8667|0.001 -0.12749796308047512 -0.013696225787379612 -2.720561035223108
2121 4000 2121 13687 13687 14765 14765 24375 3977 30000 3977 2915 14550 16171|0.001 -1.7114827857291837 0.2612591101039907 0.016508542139686
1781 1000 73 155 291 291 155 1079 2192 1079 292 1063 1182 1997|0.001 0.018883344525857382 -1.971648665921486 0.13776615423011895
167 1000 167 615 1070 1070 615 1875 1250 1875 1250 1014 1973 1163|0.001 0.2134882103092295 0.3069132666241581 0.08592064302278102
3048 1739 1625 271 2032 2032 271 1000 3048 1739 1625 3208 1245 3663|0.001 0.025271067320566942 0.08808734059151169 -0.10904068587727633
3691 7500 3691 6000 6000 11250 11250 1000 6418 7500 6418 4596 6083 11840|0.001 -0.5716261896688979 -0.0013896046050276833 0.21811283945300408
6000 1000 6000 6418 6418 3691 3691 7500 11250 7500 11250 6083 6978 7045|0.001 -0.8156520708576365 -0.13297551584065204 -0.1444968352740239
1169 1000 156 935 1753 1753 935 575 1169 575 156 1087 1098 2107|0.001 0.06716625606786986 0.07430473338255084 0.26555023173216785
615 1875 1070 167 167 1250 1250 1000 615 1875 1070 1174 1014 766|0.001 0.10285338844949532 -0.05245459047969914 -1.0663405056546804
167 1000 167 1070 615 615 1070 1875 1250 1875 1250 1014 1174 766|0.001 0.24815927400339 -0.022719550975360825 0.15250800022685418
6418 7500 6418 6000 6000 11250 11250 1000 3691 7500 3691 6978 6083 7045|0.001 -0.38431555466164946 0.00029711456299930106 -0.13910231212680424
1753 575 935 156 1169 1169 156 1000 1753 575 935 1098 1087 2107|0.001 0.20228146351288334 0.049500074964456964 0.10058387803598912
6000 1000 6000 3691 3691 6418 6418 7500 11250 7500 11250 6083 4596 11840|0.001 -0.6548024953082154 0.024767109818304434 0.03586485486664959
1070 1875 615 167 167 1250 1250 1000 1070 1875 615 1973 1014 1163|0.001 -0.097647330192282 0.07713718549831938 -0.36969611696447746
2032 1000 271 1625 3048 3048 1625 1739 2032 1739 271 1245 3208 3663|0.001 0.25552836085995123 1.0087330393488059 0.26746559815543414
271 1000 2032 3048 1625 1625 3048 1739 271 1739 2032 1245 1908 1648|0.001 -0.2244357252165674 0.07864772657899755 0.023377166338960365
570 533 328 667 667 89 89 1000 570 533 328 626 1202 620|0.001 -0.0016200302233049246 0.14949853367574706 -0.007134804837980457
1500 1000 1500 492 492 856 856 133 800 133 800 1803 613 939|0.001 0.09894239832582974 -0.10615005783050524 -0.0699809249051353
935 575 1753 1169 156 156 1169 1000 935 575 1753 1845 1087 948|0.001 -0.024098612596278324 -0.05727660553439318 0.06216898403188509
856 133 856 1500 1500 800 800 1000 492 133 492 930 1803 1579|0.001 0.03681616776213925 0.04268886485917722 0.12889023397570476
667 1000 667 570 328 328 570 533 89 533 89 1202 1052 409|0.001 0.09499318952489455 0.08527562769414576 -0.025571635290901895
156 1000 1169 1753 935 935 1753 575 156 575 1169 1087 1845 948|0.001 -0.03957771001601218 0.04812335732562456 0.09524540783683033
1500 1000 1500 856 856 492 492 133 800 133 800 1803 930 1579|0.001 0.06503295764794137 -0.0060638757097408735 -0.14578216265651145
328 533 570 667 667 89 89 1000 328 533 570 1052 1202 409|0.001 -0.07013198922220187 -0.05226089283864033 0.026649867963151053
1625 1739 3048 2032 271 271 2032 1000 1625 1739 3048 1908 1245 1648|0.001 -0.19716093735562268 0.048660885818416766 0.10224322500386185
492 133 492 1500 1500 800 800 1000 856 133 856 613 1803 939|0.001 0.08851430462216481 -0.13924582739778701 -0.035710239947640554
667 1000 667 328 570 570 328 533 89 533 89 1202 626 620|0.001 -0.055457073480916774 0.1499170122387672 0.00841534920919429
573 333 573 433 433 231 231 500 428 67 428 814 829 772|0.001 0.09509240556302867 -0.018031024029299125 0.024901268900932028
1155 1000 2309 1324 988 988 1324 533 154 533 770 1915 1782 1074|0.001 -0.09420883658126211 0.06604989262253058 0.10683748550073258
403 746 755 1744 581 116 872 1000 403 746 755 1346 1419 479|0.001 -0.10889429194654965 -0.08574134299000669 0.11224632419412517
581 1000 1744 755 403 403 755 746 116 746 872 1419 1346 479|0.001 -0.16466288859629308 0.11271223291177579 0.024209015946652368
433 500 433 573 573 428 428 333 231 67 231 829 814 772|0.001 0.11149211863872965 -0.13944976668696984 -0.06409410050214448
988 533 1324 2309 1155 154 770 1000 988 533 1324 1782 1915 1074|0.001 0.03798126316685968 -0.22236582693170193 0.1145082424416044
1443 1000 289 1853 2483 2483 1853 1875 4330 1875 2165 1190 3342 3524|0.001 -0.012473113960844717 -1.0333766111117393 0.06395009340373958
1012 1340 540 156 1169 2337 779 1000 1012 1340 540 1804 1087 1938|0.001 0.08070409037428838 -0.009009839246398865 -0.9609549386203076
6418 7500 6418 3464 3464 6495 6495 5000 8602 15000 8602 6978 4123 11576|0.001 -1.2509008250811493 -0.091747648019328 0.16610441545356291
2483 1875 1853 289 1443 4330 2165 1000 2483 1875 1853 3342 1190 3524|0.001 -0.05152221237335164 -0.0004857684725834144 -0.9833272810191218
3464 5000 3464 6418 6418 8602 8602 7500 6495 15000 6495 4123 6978 11576|0.001 0.0032478294409910013 0.19757848333294747 0.026802206054912237
1169 1000 156 540 1012 1012 540 1340 2337 1340 779 1087 1804 1938|0.001 0.016013909269421145 -0.8938118530307015 -0.0396421854935336
354 1000 1768 1000 187 187 1000 921 88 921 354 1275 1106 258|0.001 -0.21710818683135957 0.07873898177445326 0.1325062709632352
921 187 1000 1768 354 88 354 1000 921 187 1000 1106 1275 938|0.001 -0.08461418457766268 -0.04754920503910354 0.09046756059938321
566 200 566 566 566 521 521 200 106 50 106 721 721 625|0.001 0.028462284102894753 0.0006621605138645847 0.007590624503959198
566 200 566 566 566 106 106 200 521 50 521 721 721 625|0.001 0.028298696868347406 -0.013421304438044901 -0.04020825909588077
187 921 1000 1768 354 88 354 1000 187 921 1000 1106 1275 258|0.001 -0.15522370454774115 0.026232608948668634 0.09815666949491986
354 1000 1768 1000 921 921 1000 187 88 187 354 1275 1106 938|0.001 -0.032344600263807255 0.07495648486401718 -0.1031190482334643
5333 5333 4910 471 1886 9428 1886 1000 5333 5333 4910 5897 1374 6799|0.001 0.4811607950848451 0.10775201212343433 -0.7930630528539817
2121 4000 2121 10416 10416 11314 11314 4000 11314 20000 11314 2915 10607 12510|0.001 0.06820708438707968 0.5653698252064476 0.14436362788245782
384 1000 96 204 1086 1086 204 1086 1920 1086 384 1018 1201 1385|0.001 0.12781208124932109 -0.540578832282631 0.2914858429058431
1886 1000 471 4910 5333 5333 4910 5333 9428 5333 1886 1374 5897 6799|0.001 0.18464348885990356 0.3577263477481929 0.07978549522304146
10416 4000 10416 2121 2121 11314 11314 4000 11314 20000 11314 10607 2915 12510|0.001 0.6078160860504611 0.1909379698113134 0.42544164261423045
1086 1086 204 96 384 1920 384 1000 1086 1086 204 1201 1018 1385|0.001 0.14317025751455992 0.39378163491442963 0.14191158923041458
1437 1355 766 176 330 1760 938 975 868 1107 463 1972 977 1016|0.001 0.05600736299901765 0.029479962337810584 -0.21616526377670753
5543 1875 5683 4355 2632 4934 8165 5333 6289 10000 7698 5551 3079 7914|0.001 -0.5249746028438274 -0.02439106865437024 -0.063236659445568
1225 604 230 1305 1768 1444 1273 1875 2296 1133 431 707 2574 1926|0.001 0.1180893547932671 -0.06819039983643194 0.05619536398646874
566 738 1061 1299 693 130 244 817 342 720 641 1456 1510 676|0.001 -0.029446018032129873 -0.0380711854068827 0.12732247877772718
230 604 1225 943 696 679 770 533 122 322 653 1195 1373 734|0.001 -0.05780580209564068 0.08551318412485465 -0.08543980185765188
629 533 770 816 493 263 435 188 554 100 568 1162 976 791|0.001 0.09117087000522606 -0.09961662863607335 -0.014166134092767901
4355 5333 2632 5543 5683 7698 6289 1875 8165 10000 4934 5203 5997 11208|0.001 -0.11108833181874167 0.1398095707261504 0.022447179510252102
338 1025 180 475 890 1473 786 1135 1804 1389 962 1082 1428 1760|0.001 0.14687728340322614 0.6554480975179655 0.29006475774931983
2390 1875 2106 380 2027 3800 712 1655 2925 3103 2159 3007 1977 4417|0.001 0.010536967799692487 0.10018002657488756 -0.43482256427625154
816 188 493 629 770 568 554 533 435 100 263 577 839 1121|0.001 0.024080948288354165 0.08930354413717145 -0.08333624244127313
848 1224 1590 785 418 692 1298 881 159 904 298 1334 1258 490|0.001 -0.15661956731392257 0.0766508291659096 -0.03287983647747739
1123 533 1275 2027 380 203 1081 1655 1152 882 1560 1604 1170 1125|0.001 0.06735842174739881 -0.0610299526307001 0.028299018699018408
11000 1000 11000 4085 4085 4085 4085 7500 7500 7500 7500 11045 4918 9959|0.001 -0.7700057934687299 -0.04116032425031779 0.033745204969024556
1836 1000 245 2693 1836 1836 2693 1000 1836 1000 245 1204 2438 2596|0.001 -0.136858919882904 -0.9121459100025209 -0.05305231457832682
371 682 371 91 91 682 682 1000 371 682 371 905 1004 447|0.001 -0.02274722056043066 0.001284683341262749 -0.7804855979844127
91 1000 91 371 371 371 371 682 682 682 682 1004 905 447|0.001 0.06313830038418011 0.29574485416603125 0.15680985907409628
1836 1000 2693 245 1836 1836 245 1000 1836 1000 2693 2438 1204 2596|0.001 0.07732378465021394 0.17979598657087648 0.11959360034290212
4085 7500 4085 11000 11000 7500 7500 1000 4085 7500 4085 4918 11045 9959|0.001 -1.0352538917241283 -0.09652465159269652 0.10780572476796424
11000 1000 11000 4085 4085 4085 4085 7500 7500 7500 7500 11045 4918 9959|0.001 -0.7152380296736105 0.18567527211321488 -0.011042736297247613
371 682 371 91 91 682 682 1000 371 682 371 905 1004 447|0.001 0.19716422164145042 -0.04151236391708335 -0.6515607113088617
1836 1000 245 2693 1836 1836 2693 1000 1836 1000 245 1204 2438 2596|0.001 0.10548405253762771 0.17876674733204867 0.08506184288665342
91 1000 91 371 371 371 371 682 682 682 682 1004 905 447|0.001 -0.07826758013900648 -0.5650443152284146 -0.028475414350190853
4085 7500 4085 11000 11000 7500 7500 1000 4085 7500 4085 4918 11045 9959|0.001 -0.18349743294701737 0.10295083402073413 0.025221971883917504
1836 1000 2693 245 1836 1836 245 1000 1836 1000 2693 2438 1204 2596|0.001 0.13209149394953545 0.021826093350485465 -0.009138537866159036
2693 1000 1836 1836 245 245 1836 1000 2693 1000 1836 2438 1204 2704|0.001 -0.057768592527369655 -0.043956739411598056 0.12666455741321858
545 133 545 1000 1000 1467 1467 1000 545 133 545 656 1414 1328|0.001 0.0993001748224498 -0.129046430471359 -0.040062457573079024
1000 1000 1000 545 545 545 545 1467 133 1467 133 1414 1328 656|0.001 -0.11097641966925087 0.07370883716331766 0.09554280112930025
245 1000 1836 1836 2693 2693 1836 1000 245 1000 1836 1204 2438 2704|0.001 -0.04216790059739517 0.07509975806453184 -0.07517129608526352
545 1467 545 1000 1000 133 133 1000 545 1467 545 1328 1414 656|0.001 -0.18693674558970308 -0.012199481750350127 0.09059286122016674
1000 1000 1000 545 545 545 545 133 1467 133 1467 1414 656 1328|0.001 0.09802344137547436 -0.22637493482311144 -0.004177594083112357
2693 1000 1836 1836 245 245 1836 1000 2693 1000 1836 2438 1204 2704|0.001 -0.1539693169121592 0.04414173139757338 0.09466759681041381
1000 1000 1000 545 545 545 545 1467 133 1467 133 1414 1328 656|0.001 -0.18106771604759153 0.07538873555520853 -0.048406542621023396
545 133 545 1000 1000 1467 1467 1000 545 133 545 656 1414 1328|0.001 0.10392035364407137 -0.15717643847310114 -0.0010735233161929258
245 1000 1836 1836 2693 2693 1836 1000 245 1000 1836 1204 2438 2704|0.001 -0.19805679283712352 0.16942162092385749 -0.13823244706772653
545 1467 545 1000 1000 133 133 1000 545 1467 545 1328 1414 656|0.001 -0.02179397878342204 -0.11731018012728689 0.12984700299304874
1000 1000 1000 545 545 545 545 133 1467 133 1467 1414 656 1328|0.001 -0.008158505076367728 0.12044590460926985 0.1971986515975499
1000 1000 1000 71 71 566 566 900 1116 200 1116 1414 951 1149|0.001 0.14930850022606412 0.019787380824161094 -0.9443805751313483
12728 1000 14142 14142 15780 15780 14142 8000 2828 8000 14142 13454 16248 16882|0.001 -0.369107835058895 0.060461985181843314 -0.009018169261992837
566 1116 71 1000 1000 200 900 1000 566 1116 71 1149 1414 721|0.001 0.10087255796809913 -0.048080401215693236 0.08030844589607788
1000 1000 1000 71 566 566 71 1116 200 1116 900 1414 1149 721|0.001 -0.15737142399981918 0.07616509616220624 -0.9552835209860322
15780 8000 14142 14142 12728 2828 14142 1000 15780 8000 14142 16248 13454 16882|0.001 -0.8152651581809933 -0.11879335430561411 0.20025656936834446
71 900 71 1000 1000 1116 1116 1000 566 200 566 951 1414 1149|0.001 0.07799214976288882 -1.151668037096416 -0.17106623328263293
1000 1000 1000 566 566 71 71 200 1116 900 1116 1414 721 1002|0.001 -0.04679978150433639 0.050467491482335536 0.10344793499666771
71 1116 566 1000 1000 900 200 1000 71 1116 566 1002 1414 951|0.001 -0.019006219301371807 0.05624685318557088 0.03512571042411761
354 1000 1768 1768 1972 1972 1768 125 1591 125 1768 1275 1772 2110|0.001 0.013611896719147865 0.02783772751593583 0.13739559429813086
1000 1000 1000 566 71 71 566 1116 900 1116 200 1414 1002 951|0.001 0.0117813598653016 -0.01187684719633264 0.07745647546881784
566 200 566 1000 1000 1116 1116 1000 71 900 71 721 1414 1002|0.001 0.014027924434134587 0.11913534869766318 -0.2051552798690892
1972 125 1768 1768 354 1591 1768 1000 1972 125 1768 1772 1275 2110|0.001 0.07717701750701078 -0.0364513187034643 -0.04900045634828487
14142 8000 15780 12728 14142 14142 2828 1000 14142 8000 15780 14177 13454 20000|0.001 -0.2651209574005753 0.06496793353493624 0.08728536229942074
79 1111 79 1240 1240 1111 1111 222 629 1111 629 1057 1326 1114|0.001 -0.09690986576633032 -0.40526388680590664 0.05492681565312463
179 1000 807 63 507 507 63 896 896 896 896 1070 898 646|0.001 0.001636115170033925 0.0831512162714998 -0.47654916215749465
14142 1000 12728 15780 14142 14142 15780 8000 14142 8000 2828 13454 14177 20000|0.001 -1.0044488017545283 -0.04137313115302854 -0.061520355141306826
507 896 63 807 179 896 896 1000 507 896 63 898 1070 646|0.001 -0.01881472150439656 -0.948647407055786 0.06501746731157221
1240 222 1240 79 79 629 629 1111 1111 1111 1111 1326 1057 1114|0.001 -0.08918765355473757 0.07709455362622908 -0.4059964078650069
1768 125 1972 354 1768 1768 1591 1000 1768 125 1972 2031 1275 2500|0.001 0.15610160987957977 -0.01307346052934144 -0.3614847903054341
807 1000 179 507 63 63 507 896 896 896 896 1070 1030 853|0.001 -0.027954022001155376 -0.49796585789214975 0.0953679474623037
2828 5000 2828 5579 5579 5000 5000 4500 354 5000 354 3606 5969 5745|0.001 -0.05252398659920332 0.1113445042485095 0.040088446946353606
1768 1000 354 1972 1768 1768 1972 125 1768 125 1591 1275 2031 2500|0.001 0.09166570687708653 -0.24723669052100994 -0.10253160054930377
63 896 507 179 807 896 896 1000 63 896 507 1030 1070 853|0.001 0.054116047098897724 0.1188288170426488 0.17799053904177686
5579 4500 5579 2828 2828 354 354 5000 5000 5000 5000 5969 3606 5745|0.001 -0.8197870985382805 0.1214161484984122 -0.021587331508539087
1000 1000 1000 693 693 87 87 200 817 900 817 1414 825 1052|0.001 -0.08709313489480452 -0.038844708339681455 0.14060350457490767
289 1000 1443 1443 1179 1179 1443 125 1299 125 1443 1190 1519 1329|0.001 0.08207874999478948 -0.04377707686959886 -0.006864630482454892
87 817 693 1000 1000 900 200 1000 87 817 693 1052 1414 953|0.001 -0.13824248032504483 0.09860651346533578 -0.13081584435197247
1000 1000 1000 693 87 87 693 817 900 817 200 1414 1052 953|0.001 -0.06075110291158703 -0.11951241793148104 0.17162680726761526
1179 125 1443 1443 289 1299 1443 1000 1179 125 1443 1519 1190 1329|0.001 0.055585295147027036 0.048044543266156925 -0.1738618206775311
693 200 693 1000 1000 817 817 1000 87 900 87 825 1414 1052|0.001 -0.15675339735866323 0.1139904901257327 0.03858556724500417
1000 1000 1000 87 87 693 693 900 817 200 817 1414 953 825|0.001 0.11964352436520942 0.08676479301755524 -0.5336147471712516
693 817 87 1000 1000 200 900 1000 693 817 87 825 1414 825|0.001 -0.1103056927059054 -1.0925981129724094 0.1514346231023822
10392 1000 11547 11547 9434 9434 11547 8000 2309 8000 11547 11000 9522 10630|0.001 -0.6029566690068611 0.18679973102634806 0.04640633047164
1000 1000 1000 87 693 693 87 817 200 817 900 1414 825 825|0.001 -0.10043860033220553 0.09363270267498613 -0.9142013811756067
87 900 87 1000 1000 817 817 1000 693 200 693 953 1414 825|0.001 0.07015544839853893 -0.9929085241612168 -0.06008724523633213
9434 8000 11547 11547 10392 2309 11547 1000 9434 8000 11547 9522 11000 10630|0.001 -1.0883388366044155 -0.012386529447278027 0.09720770008583957
1443 125 1179 289 1443 1443 1299 1000 1443 125 1179 1190 1190 2041|0.001 0.07793088016657679 0.009339933333505357 -0.5877319357481026
3464 5000 3464 4085 4085 5000 5000 4500 433 5000 433 4123 4603 4123|0.001 -0.9134242247287172 0.07527691736597841 -0.07036791641430451
1102 1000 245 848 106 106 848 1224 1224 1224 1224 1127 1009 1166|0.001 -0.0003957686145816819 -0.33961895628528027 0.1479225550033414
1443 1000 289 1179 1443 1443 1179 125 1443 125 1299 1190 1190 2041|0.001 0.0254257409127856 -0.04993894807853949 0.04040760646145003
106 1224 848 245 1102 1224 1224 1000 106 1224 848 1009 1127 1166|0.001 -0.18921880501512112 0.14339364357804918 -0.36030822712392774
4085 4500 4085 3464 3464 433 433 5000 5000 5000 5000 4603 4123 4123|0.001 -0.535094223954371 -0.1409554888069653 0.14013392881737197
11547 8000 9434 10392 11547 11547 2309 1000 11547 8000 9434 12152 11000 16330|0.001 0.5644363349999315 0.24110001814943827 -0.12917802107720866
245 1000 1102 106 848 848 106 1224 1224 1224 1224 1127 1288 1009|0.001 -0.04040066428224742 0.08258477341890336 -1.013790834418371
96 1111 96 908 908 1111 1111 222 770 1111 770 1058 1023 1169|0.001 -0.12781681193553274 0.10751405891612276 0.18551716171377075
11547 1000 10392 9434 11547 11547 9434 8000 11547 8000 2309 11000 12152 16330|0.001 -0.9133406080157147 -0.06259345698670149 -0.05204809880587469
848 1224 106 1102 245 1224 1224 1000 848 1224 106 1288 1127 1009|0.001 0.043487570671045805 -0.49864136019824756 -0.03486187128397766
908 222 908 96 96 770 770 1111 1111 1111 1111 1023 1058 1169|0.001 0.001965265326546728 -0.09096859227928356 -0.9167054526343754
4167 4800 2735 5761 6194 8926 6536 10875 7812 18000 5128 4976 7055 12627|0.001 -0.9752786744403596 0.033863146488322116 0.02245753885822488
1888 1075 174 475 890 1356 723 1135 3125 1549 833 1225 1428 3055|0.001 0.024465670438615916 -0.22453915826784465 0.2901253545181892
2390 1875 2106 366 1755 6581 3976 1523 3264 2856 2265 3007 1819 4899|0.001 0.03701159603455517 0.17062049635555798 -0.34561810577042995
1152 656 240 1487 2142 1569 1383 1875 4320 1231 2610 747 3031 2581|0.001 -0.08819512105470939 -1.7634981433817165 -0.06983012257437471
5761 10875 6194 4167 2735 5128 7812 4800 6536 18000 8926 6598 3111 8224|0.001 -1.3336379823567235 0.08802608957920732 0.1150012863256955
1261 1441 673 161 1756 2906 775 930 828 1055 442 2038 1065 2099|0.001 0.08205012666530287 0.24574504305876266 -0.06008557355562494
734 1366 2754 785 418 637 1195 881 153 948 1664 1646 1258 476|0.001 -0.1654022886444717 0.1095900733202182 0.0070460962664453675
1123 533 1275 3510 2121 195 936 1523 1208 812 1741 1604 2535 1287|0.001 0.051546521640291054 -0.2199704954191395 0.12589955353196736
434 604 285 363 496 344 320 267 231 56 152 722 598 701|0.001 0.0877737275512902 -0.024294910154439853 0.030378416673277897
467 694 875 2016 538 112 1218 732 306 645 574 1415 1501 557|0.001 0.007251978287263761 -0.0322928584657034 0.07739341097718899
363 267 496 434 285 152 231 604 320 56 344 744 978 457|0.001 0.14332689748116412 -0.02727426750754991 -0.10662396714894218
1392 656 2304 1143 793 737 837 533 128 350 614 2253 1616 903|0.001 -0.08846300541653473 0.04663346289087933 0.10626072315268242
533 1000 533 370 370 693 693 573 436 200 436 1133 843 581|0.001 0.0790087442112819 0.016745796102566324 0.039591776261547196
1552 1000 2706 1443 1179 1179 1443 1875 541 1875 2706 2280 1573 1493|0.001 -0.1548879675944026 0.09589577747992406 0.04463756657788309
1299 817 693 1875 1875 375 1075 1000 1299 817 693 1090 2125 1546|0.001 0.134268512216138 0.02426508517904269 0.09264640870740859
1875 1000 1875 693 1299 1299 693 817 375 817 1075 2125 1090 1546|0.001 -0.1965477072803079 0.044364694477916355 -0.1262572507461257
370 573 370 533 533 436 436 1000 693 200 693 843 1133 581|0.001 0.0609216478065111 0.10031310750920008 0.006173347112519156
1179 1875 1443 2706 1552 541 2706 1000 1179 1875 1443 1573 2280 1493|0.001 -0.21651755986115018 0.1641077330783336 0.1108493454454007
1443 1000 289 629 770 770 629 533 1443 533 828 1190 839 1636|0.001 0.05135184034499973 -0.195406584358655 0.03380437831221661
848 1224 1590 459 1316 2295 2295 1000 848 1224 1590 1334 1266 1934|0.001 0.12389679311227475 0.03256447424738074 -0.17467151422105753
2179 2867 2179 3464 3464 1848 1848 5000 2667 5000 2667 2759 4123 2906|0.001 -0.744270482342837 0.1327850703678246 -0.04832734735092159
770 533 629 289 1443 1443 828 1000 770 533 629 839 1190 1636|0.001 0.1324589896557371 -0.03895108384124435 -0.28037609207228753
3464 5000 3464 2179 2179 2667 2667 2867 1848 5000 1848 4123 2759 2906|0.001 -0.19895379598930174 0.05565873460887216 0.044144963798258274
1316 1000 459 1590 848 848 1590 1224 2295 1224 2295 1266 1334 1934|0.001 0.08575205027848698 -0.726688413309382 0.04428337800732374
1316 1000 459 1875 2432 2432 1875 1875 5049 1875 3442 1266 3246 3544|0.001 0.045870724249483796 -1.316297537999016 -0.09338083125793539
1000 1297 533 245 1836 2693 702 1000 1000 1297 533 1731 1204 2438|0.001 0.1221075390239168 0.11386588522473318 -0.5786675965503396
4085 7500 4085 2179 2179 4085 4085 2867 5299 11000 5299 4918 2759 7071|0.001 -0.9574152553528736 0.03511598308752584 -0.0831091544287832
2179 2867 2179 4085 4085 5299 5299 7500 4085 11000 4085 2759 4918 7071|0.001 -0.6823870298312984 -0.12433473848444399 -0.018416094762296886
2432 1875 1875 459 1316 5049 3442 1000 2432 1875 1875 3246 1266 3544|0.001 0.07125068133604362 0.19940413376030586 -0.16717403995161972
1836 1000 245 533 1000 1000 533 1297 2693 1297 702 1204 1731 2438|0.001 0.1376609093601755 -0.6362542326499565 0.10277837112608657
411 771 771 2076 541 189 1415 1000 411 771 771 1334 1457 521|0.001 -0.06067169045271603 -0.021299257406275363 0.15449918584378608
482 261 482 371 371 198 198 682 371 91 371 702 905 643|0.001 0.02465816554596767 0.02519684306048653 0.004151517341486333
1836 1000 2693 1297 1000 1000 1297 533 245 533 702 2438 1731 1204|0.001 -0.014122505603454405 0.1650051408323594 -0.1577951835067226
541 1000 2076 771 411 411 771 771 189 771 1415 1457 1334 521|0.001 -0.07991235452807666 0.08243943250887398 -0.06268812588600792
371 682 371 482 482 371 371 261 198 91 198 905 702 643|0.001 0.04103413448312221 0.10422742226339876 -0.039144572635445574
1000 533 1297 2693 1836 245 702 1000 1000 533 1297 1731 2438 1204|0.001 0.026337763406196757 0.10303489073751226 0.0022410472668621395
696 533 943 1225 230 122 653 604 679 322 770 1373 1195 734|0.001 -0.04461439277347323 -0.16175053613660118 0.1301924276322497
493 188 816 770 629 554 568 533 263 100 435 976 1162 791|0.001 0.01145343118044595 0.10483082245355213 -0.081845084978448
693 817 1299 1061 566 342 641 738 130 720 244 1510 1456 676|0.001 -0.05789534779003791 0.1259854954429973 -0.050348909024839905
1768 1875 1305 230 1225 2296 431 604 1444 1133 1273 2574 707 1926|0.001 0.279178337296071 -0.017348115197132197 -0.005836984094970132
330 975 176 766 1437 868 463 1355 1760 1107 938 977 1972 1016|0.001 0.1311076792179211 -0.3013069896416143 0.047670025720116804
2632 5333 4355 5683 5543 6289 7698 1875 4934 10000 8165 3079 5551 7914|0.001 0.10471963236456716 0.19821213357724243 0.10759664215030718
770 533 629 493 816 435 263 188 568 100 554 839 577 1121|0.001 0.11238701343244228 -0.06028096967300556 -0.07213124331943432
380 1655 2027 1275 1123 1152 1560 533 203 882 1081 1170 1604 1125|0.001 -0.04372011724116609 0.10839944853551442 0.021765059030738332
418 881 785 1590 848 159 298 1224 692 904 1298 1258 1334 490|0.001 0.032379993472335666 -0.14374648915927435 0.08395412307860228
5683 1875 5543 2632 4355 8165 4934 5333 7698 10000 6289 5997 5203 11208|0.001 -0.42776436654932803 0.06112699322966764 0.06350083616991187
890 1135 475 180 338 1804 962 1025 1473 1389 786 1428 1082 1760|0.001 0.1171063422655072 0.18479761161203756 -0.5662718851114601
2027 1655 380 2106 2390 2925 2159 1875 3800 3103 712 1977 3007 4417|0.001 -0.02038247770633328 -0.5663187199953967 -0.022787278149571932
15000 1000 15000 3691 3691 3691 3691 7500 15000 7500 15000 15033 4596 15447|0.001 -0.9557229628437836 0.16217014913417982 -0.10994516175155122
2032 1000 271 4064 4064 4064 4064 1000 2032 1000 271 1245 4185 4543|0.001 -0.01563090980755688 -0.8434320253833993 0.06642419999222549
246 1000 246 67 67 500 500 1000 246 1000 246 1030 1002 306|0.001 -0.06703590292377659 0.09795552515878825 -0.07841494903245483
67 1000 67 246 246 246 246 1000 500 1000 500 1002 1030 306|0.001 0.018026680353588898 0.8435816252857786 0.2747105611671996
4064 1000 4064 271 2032 2032 271 1000 4064 1000 4064 4185 1245 4543|0.001 0.21489098583912014 -0.0525989097743762 0.13613968850037184
3691 7500 3691 15000 15000 15000 15000 1000 3691 7500 3691 4596 15033 15447|0.001 0.22496581882094357 0.1582804126193138 0.006358878121990319
15000 1000 15000 3691 3691 3691 3691 7500 15000 7500 15000 15033 4596 15447|0.001 -0.4670356863400982 0.0632340195059844 0.0886969996651854
246 1000 246 67 67 500 500 1000 246 1000 246 1030 1002 306|0.001 0.15226158291190117 -0.09102419737972767 -1.097760917769447
2032 1000 271 4064 4064 4064 4064 1000 2032 1000 271 1245 4185 4543|0.001 0.05652556650743268 -0.520300822228934 -0.08955804440710646
67 1000 67 246 246 246 246 1000 500 1000 500 1002 1030 306|0.001 0.03721041115146928 -0.02061859307925462 0.20170623950844124
3691 7500 3691 15000 15000 15000 15000 1000 3691 7500 3691 4596 15033 15447|0.001 -1.0477786781532394 -0.1707422933603986 0.03819288159869538
4064 1000 4064 271 2032 2032 271 1000 4064 1000 4064 4185 1245 4543|0.001 0.013151290720119224 0.09410370854734618 -0.3852537733760608
4064 1000 4064 2032 271 271 2032 1000 4064 1000 4064 4185 1245 4073|0.001 0.05073990643226667 -0.21085134460448796 0.053075134840017135
492 133 492 2000 2000 2000 2000 1000 492 133 492 613 2236 2060|0.001 0.09198574786966063 0.04644558358932516 -0.03675237159726841
500 1000 500 246 246 246 246 1000 67 1000 67 1118 1030 306|0.001 0.001577033872959266 0.15582585313965502 -0.2685536499083241
271 1000 2032 4064 4064 4064 4064 1000 271 1000 2032 1245 4185 4073|0.001 -0.0018541324262810743 0.05233216116703021 0.012591249432893914
246 1000 246 500 500 67 67 1000 246 1000 246 1030 1118 306|0.001 0.06008590724541962 0.04787186653913755 0.03932040337675469
2000 1000 2000 492 492 492 492 133 2000 133 2000 2236 613 2060|0.001 0.11059024062282763 0.05530679643750869 -0.07389579151821035
4064 1000 4064 2032 271 271 2032 1000 4064 1000 4064 4185 1245 4073|0.001 0.12022540974933493 -0.13401521223724067 0.03506572239458716
500 1000 500 246 246 246 246 1000 67 1000 67 1118 1030 306|0.001 0.09577411134844782 0.13923939819994624 -0.18399959455061454
492 133 492 2000 2000 2000 2000 1000 492 133 492 613 2236 2060|0.001 0.08933443491566662 -0.044895511461517934 -0.1233575477648563
271 1000 2032 4064 4064 4064 4064 1000 271 1000 2032 1245 4185 4073|0.001 -0.059296089811609054 0.11617842934770861 0.12175807253051119
246 1000 246 500 500 67 67 1000 246 1000 246 1030 1118 306|0.001 0.04398399101353645 -0.23858112542894272 0.1835688591639495
2000 1000 2000 492 492 492 492 133 2000 133 2000 2236 613 2060|0.001 0.08614130708180845 -0.03163780256789872 -0.15757863934500294
167 1000 167 681 1319 1319 681 1875 1250 1875 1250 1014 2252 1396|0.001 0.09275454850646847 -0.7906689506943521 0.013277581420778617
2754 1937 1469 245 1836 1836 245 1000 2754 1937 1469 3308 1204 3310|0.001 0.07414511353375675 0.00895211043617783 0.25179711494924595
4085 7500 4085 6000 6000 11250 11250 1000 7914 7500 7914 4918 6083 13514|0.001 -0.20986753659014812 0.03227374469510824 0.23717694573777592
6000 1000 6000 7914 7914 4085 4085 7500 11250 7500 11250 6083 8374 5629|0.001 0.45594700603382776 0.07741615856350803 0.20603682918059363
948 1000 126 758 1422 1422 758 516 948 516 126 1058 711 1709|0.001 -0.011672933185409295 -0.24807744302210777 -0.12911655506113728
681 1875 1319 167 167 1250 1250 1000 681 1875 1319 938 1014 820|0.001 0.3227010990057577 0.16338901918396376 0.5411984494826694
167 1000 167 1319 681 681 1319 1875 1250 1875 1250 1014 938 820|0.001 -0.1997946378243165 -0.10309934196776283 0.07248664032903251
7914 7500 7914 6000 6000 11250 11250 1000 4085 7500 4085 8374 6083 5629|0.001 -1.033439356145437 -0.04305026195452255 0.11573056374595936
1422 516 758 126 948 948 126 1000 1422 516 758 711 1058 1709|0.001 -0.04351868704192241 -0.14459936885492963 -0.4571383776317328
6000 1000 6000 4085 4085 7914 7914 7500 11250 7500 11250 6083 4918 13514|0.001 -0.1873257562050401 -0.03781592458301897 0.09611774880333712
1319 1875 681 167 167 1250 1250 1000 1319 1875 681 2252 1014 1396|0.001 -0.03369935656177492 0.07297728652246427 -0.2613435385698937
1836 1000 245 1469 2754 2754 1469 1937 1836 1937 245 1204 3308 3310|0.001 -0.024278954772573025 -0.5470192641092608 0.09878230743598282
245 1000 1836 2754 1469 1469 2754 1937 245 1937 1836 1204 1378 1489|0.001 0.05082398125984433 0.07526370982956498 -0.0735764923953619
703 533 363 667 667 89 89 1000 703 533 363 500 1202 744|0.001 -0.07124312111016273 -0.04794516302693563 0.05338858911731359
1500 1000 1500 545 545 1055 1055 133 800 133 800 1803 656 751|0.001 0.035189448471733 0.0786988732119509 0.0612067398361571
758 516 1422 948 126 126 948 1000 758 516 1422 1708 1058 769|0.001 -0.1342265672815346 0.030701016988115004 0.11622546230467545
1055 133 1055 1500 1500 800 800 1000 545 133 545 1117 1803 1802|0.001 0.08113990819524908 -0.11040694152199437 0.0632108735612924
667 1000 667 703 363 363 703 533 89 533 89 1202 1201 437|0.001 0.1419781747357063 0.12282205924786682 -0.11359327486756055
126 1000 948 1422 758 758 1422 516 126 516 948 1058 1708 769|0.001 -0.04814525370445799 0.041124250373762994 -0.00466110002871889
1500 1000 1500 1055 1055 545 545 133 800 133 800 1803 1117 1802|0.001 0.10591745862861934 0.05392759651683621 -0.14092278349853604
363 533 703 667 667 89 89 1000 363 533 703 1201 1202 437|0.001 0.09318751889074717 -0.11236765928830272 0.13623226747377926
1469 1937 2754 1836 245 245 1836 1000 1469 1937 2754 1378 1204 1489|0.001 -0.039596391966977285 0.029406145688177787 0.15029717007234655
545 133 545 1500 1500 800 800 1000 1055 133 1055 656 1803 751|0.001 0.049306756877400826 -0.17121941479386837 -0.054143997506367336
667 1000 667 363 703 703 363 533 89 533 89 1202 500 744|0.001 -0.07063802514325146 0.08296366855155002 -0.010639454472066712
2032 1000 271 176 330 269 144 975 1841 1049 169 1245 977 2050|0.001 0.09007091098177211 -0.27990730176590817 0.04675181930295924
5543 1875 5683 1540 962 10464 11547 816 5961 1531 5683 5551 1743 6789|0.001 0.228409208171636 0.10133699417585573 0.1261954919898356
530 625 650 3691 3691 3872 3601 7500 994 6797 1218 1132 4596 4132|0.001 0.22865088706720993 0.16315800927514834 0.20732749134928508
492 133 492 162 133 71 87 906 516 83 480 613 1009 473|0.001 0.1506281826341227 -0.2206697078731612 -0.0004704407536382238
5581 816 6158 3031 2956 3179 3031 533 513 435 821 6212 3198 3386|0.001 0.07467986823257444 0.046638851940843384 -0.01620846865365011
176 975 330 2032 271 169 1841 1000 144 1049 269 1055 1245 307|0.001 -0.03770501199079512 -0.014168770878737469 0.0581365013798707
271 1000 2032 269 144 176 330 1049 169 975 1841 1245 961 222|0.001 0.06969243619691534 0.06092780620645666 -0.09454266649905341
162 906 133 492 492 480 516 133 87 83 71 916 613 519|0.001 0.0832940679158134 0.1021318397540294 -0.10836113144621184
3893 533 3712 7542 6835 629 1006 1225 3621 653 3712 3569 6908 4434|0.001 0.021596657979094935 0.004318460018066794 0.042500412198940296
3691 7500 3691 530 650 1218 994 625 3601 6797 3872 4596 820 3605|0.001 0.5335629271433873 0.11129811927896416 0.255789401518578
269 1049 144 271 2032 1841 169 1000 330 975 176 1119 1245 1861|0.001 0.21046988469986427 0.26569555173744375 0.5630143976961066
1179 1225 1886 6960 7300 6789 6960 1875 12816 2296 14142 1546 7792 7776|0.001 0.2365236993372677 0.18132288396564 0.1401851182367153
1540 816 962 5543 5683 5683 5961 1875 11547 1531 10464 1262 5997 7076|0.001 0.35954175953286427 -0.4129047403860664 0.043792627188432576
338 1025 180 174 1888 2083 278 1075 276 1025 147 1082 1225 1908|0.001 0.22731063648466998 0.037936442485067 0.4304844299452326
6194 10875 5761 1039 849 1591 1949 1600 5906 12000 5906 7055 1311 5678|0.001 -0.6335146189535756 -0.02250903593989939 0.28300635218161174
3031 533 2956 5581 6158 821 513 816 3031 435 3179 2960 5640 3774|0.001 0.10343519572701299 0.02375912204219066 0.06538998191292666
146 1103 179 530 570 543 543 92 78 147 96 1011 607 608|0.001 0.07675466357734306 0.15529191383093277 -0.06876640137133738
174 1075 1888 338 180 147 276 1025 278 1025 2083 1145 1001 228|0.001 -0.0643447725701396 0.06568317827747805 0.02911457358828695
7542 1225 6835 3893 3712 3712 3621 533 1006 653 629 7608 4156 4622|0.001 0.041704414319296834 0.026576648835370253 0.017208422567223103
530 92 570 146 179 96 78 1103 543 147 543 649 1113 530|0.001 0.10727350258345592 0.04582936833007256 -0.0134838011263827
137 953 257 1756 161 258 1937 930 168 953 315 1067 1139 292|0.001 -0.18351550367352476 -0.043021501655643446 0.08989258169997738
6960 1875 7300 1179 1886 14142 12816 1225 6960 2296 6789 6692 2134 8667|0.001 0.030410065979062928 0.15134530509577804 0.16348875959625309
1039 1600 849 6194 5761 5906 5906 10875 1949 12000 1591 1811 6598 6232|0.001 -1.1582081715786752 0.13262114864744934 -0.006043010312720698
1756 930 161 137 257 315 168 953 1937 953 258 1065 917 1954|0.001 -0.03875268144278077 -0.4296439227415083 0.18370121624718738
13000 1000 13000 3691 3691 4085 4085 7500 11250 7500 11250 13038 4596 11840|0.001 -0.910122478055001 0.035209868537635636 -0.18074446022429025
2032 1000 271 3522 3048 3048 3522 1107 2032 1107 271 1245 3208 3663|0.001 -0.09906896936088927 -1.0711575644500648 0.07103936844609748
314 865 284 77 77 577 577 1000 314 865 284 911 1003 378|0.001 -0.06579441545545905 0.06456597750595483 -0.27391116750477673
77 1000 77 284 314 314 284 865 577 865 577 1003 911 378|0.001 0.012853069064613365 0.40926225011342465 0.2315447138533222
3048 1107 3522 271 2032 2032 271 1000 3048 1107 3522 3208 1245 3663|0.001 0.2323718400164343 0.02031140963525635 0.5109323418815404
3691 7500 3691 13000 13000 11250 11250 1000 4085 7500 4085 4596 13038 11840|0.001 -0.07010195778412553 0.10678405156818949 0.021539198742146493
13000 1000 13000 4085 4085 3691 3691 7500 11250 7500 11250 13038 4918 13514|0.001 -0.9183330696472525 0.15536832451961802 0.038944885483112035
284 865 314 77 77 577 577 1000 284 865 314 1040 1003 354|0.001 0.1721188586765776 0.057265519055968994 -0.21491790542184863
1836 1000 245 3182 2754 2754 3182 904 1836 904 245 1204 3308 3310|0.001 -0.003352864500915098 -0.7248470413646846 0.1926576901688959
77 1000 77 314 284 284 314 865 577 865 577 1003 1040 354|0.001 -0.1023795195245536 -0.6861445101942487 0.023691083493084797
4085 7500 4085 13000 13000 11250 11250 1000 3691 7500 3691 4918 13038 13514|0.001 0.24752861502576273 0.2554910014466638 -0.011682272254377457
2754 904 3182 245 1836 1836 245 1000 2754 904 3182 3308 1204 3310|0.001 0.10570845027254805 -0.038013986300494684 -0.47039791753468396
3522 1107 3048 2032 271 271 2032 1000 3522 1107 3048 3661 1245 3532|0.001 0.08310746833682936 -0.18471683536471328 0.03204775393091053
492 133 492 1500 1500 1733 1733 1000 545 133 545 613 1803 1802|0.001 0.09081961989635179 -0.09634859954921304 -0.24091997663064357
667 1000 667 328 363 363 328 1156 89 1156 89 1202 1201 437|0.001 0.11704962955367604 0.06996067863153987 -0.0695954561080292
271 1000 2032 3048 3522 3522 3048 1107 271 1107 2032 1245 3661 3532|0.001 0.06335274568400884 0.0503053154992017 0.09590293863350974
363 1156 328 667 667 89 89 1000 363 1156 328 1201 1202 437|0.001 0.06766504287438968 0.0858495970224471 0.055505017898740405
1500 1000 1500 492 492 545 545 133 1733 133 1733 1803 613 1802|0.001 0.12893776797264778 -0.1682672202386204 -0.019915257467973957
3182 904 2754 1836 245 245 1836 1000 3182 904 2754 2898 1204 3192|0.001 0.08848491687907911 -0.22063950907390106 0.031615995186631274
667 1000 667 363 328 328 363 1156 89 1156 89 1202 1052 409|0.001 0.18561378137198048 0.08454281235988903 0.004522443293117906
545 133 545 1500 1500 1733 1733 1000 492 133 492 656 1803 1579|0.001 0.053465536303889394 0.02751310721339939 -0.18027284799558174
245 1000 1836 2754 3182 3182 2754 904 245 904 1836 1204 2898 3192|0.001 -0.04903680051164261 0.08720195391834107 0.11608913036530888
328 1156 363 667 667 89 89 1000 328 1156 363 1052 1202 409|0.001 -0.053146724007869794 0.02222095618097386 0.09923026153944692
1500 1000 1500 545 545 492 492 133 1733 133 1733 1803 656 1579|0.001 0.08295866061563295 -0.11302014547428407 -0.10570934210503036
1437 1355 766 144 269 1437 766 1049 1323 1511 705 1972 1119 1437|0.001 0.14511147910792221 -0.055889308808282356 -0.5234365263756391
7300 1875 6960 5333 4910 9207 10000 5333 10520 10000 9428 7792 5333 14881|0.001 -0.9275264819992757 0.06455154627163173 -0.013563050278996291
1000 921 187 1305 1768 1972 1369 1875 1875 1726 352 1000 2574 2577|0.001 0.23270707026411763 -0.058634477269929874 -0.05255158426349382
566 738 1061 1061 566 106 199 1116 521 774 977 1456 1149 625|0.001 -0.0823115732760693 -0.14621423918726673 0.09210384623231871
188 921 1000 943 696 730 1052 533 100 491 533 1106 1373 669|0.001 0.05472145646117088 0.044930521992188055 -0.23008319324418602
1052 533 943 1000 921 491 533 188 730 100 696 1083 1106 1488|0.001 0.0740877200272827 -0.02131248161271415 -0.037321881370550036
5333 5333 4910 7300 6960 9428 10520 1875 10000 10000 9207 5897 6692 13728|0.001 -0.607126023317125 0.15597267491816336 0.13729035248684518
257 953 137 673 1261 1370 731 1441 1370 1291 731 917 2038 1515|0.001 0.17100967715161675 0.7586283511464975 0.26910739672579176
2142 1875 1487 204 1086 2037 382 1086 1920 2037 1417 3031 1201 2206|0.001 0.2360411011007857 0.18064583280615665 -0.02382106118701932
1000 188 921 1052 943 696 730 533 533 100 491 1000 1374 1373|0.001 0.09449574810060479 -0.1596733612785306 -0.07330742300172499
507 896 951 875 467 507 951 694 95 662 178 1306 1415 507|0.001 -0.15323065504801114 0.11478052360307522 -0.10513106268377204
793 533 1143 1086 204 109 579 1086 756 579 1024 1616 1086 846|0.001 0.0037269473987389112 -0.03641546988247035 0.10121103540662757
696 533 943 1000 188 100 533 921 645 491 696 1373 1106 762|0.001 0.003694607484887591 -0.0960811898471059 0.05210018263980265
921 188 1000 943 696 645 696 533 491 100 533 1106 1373 1007|0.001 0.06825956253079912 -0.0030775036693797553 0.01992213789700159
566 738 1061 1061 566 521 977 738 106 684 199 1456 1456 625|0.001 -0.15919416179657975 0.11040152280702653 -0.028925999101837574
1768 1875 1305 187 1000 1875 352 921 1305 1726 1210 2574 1000 1398|0.001 0.3118389278759981 0.03894095637608119 0.5758547185197105
269 927 144 766 1437 1323 705 1355 1437 1000 766 859 1972 1437|0.001 0.057743209113674254 0.2634122580821274 0.21811727029001915
4910 5333 5333 6960 6452 6960 9428 1875 9207 10000 10000 5333 5976 10072|0.001 0.1560798566054178 0.22048244506754466 0.043441859653945425
943 533 696 921 1000 533 491 188 696 100 645 745 1000 1373|0.001 0.06277003428168948 0.00454361417817184 -0.12552663597449776
204 1086 1086 756 701 756 1024 533 109 579 579 1086 1094 649|0.001 0.12344666536859839 0.03519766944222846 -0.16768018749692915
705 927 1323 1437 766 144 269 1355 766 1000 1437 1447 1071 766|0.001 -0.18213474651929795 0.0045824634864000124 0.10005702612491563
6960 1875 6452 4910 5333 10000 9207 5333 9428 10000 6960 7623 5897 13728|0.001 0.357145368540992 -0.0022790891730761764 0.3003276438090552
1427 1079 761 155 291 1550 827 1079 1550 1461 827 1561 1182 1714|0.001 0.05364476608683999 -0.19344427422257615 -0.8763597229991682
1086 1086 204 1314 1417 1920 1417 1875 2037 2037 382 1201 2051 2796|0.001 -0.09543646588360266 -0.7699447665030967 -0.07032464750778789
1437 1355 766 144 269 1437 766 927 1323 1000 705 1972 859 1437|0.001 0.12913947463427666 0.1603971627519818 -0.07039418672746822
6452 1875 6960 5333 4910 9207 10000 5333 6960 10000 9428 5976 5333 10072|0.001 0.5433922948329672 0.22978300302081145 0.1651597821341877
1000 921 187 1305 1768 1305 1210 1875 1875 1726 352 1000 2574 1398|0.001 -0.09244346808477855 -0.5045689973768663 -0.05225474996723767
566 738 1061 1061 566 106 199 738 521 684 977 1456 1456 625|0.001 -0.171774435888008 0.005195653854386251 0.047279992552675676
188 921 1000 943 696 645 696 533 100 491 533 1106 1373 762|0.001 -0.06730992364776922 0.1451763509174686 -0.024193903119701377
696 533 943 1000 921 491 533 188 645 100 696 1373 1106 1007|0.001 0.04073861139293644 0.0016383021922083962 -0.025682581175655583
5333 5333 4910 6452 6960 9428 6960 1875 10000 10000 9207 5897 7623 13728|0.001 -0.2283994805704792 -0.027654585570997536 0.06858796899082087
291 1079 155 761 1427 1550 827 1079 1550 1461 827 1182 1561 1714|0.001 -0.038822802076325935 -0.21656483504481683 0.15725997249333545
1417 1875 1314 204 1086 2037 382 1086 1920 2037 1417 2051 1201 2796|0.001 -0.10357493400789175 -0.06094823100973201 -0.5771742081185127
1000 188 921 696 943 696 645 533 533 100 491 1000 745 1373|0.001 0.06584771570464554 0.07893262197711248 -0.25539732276428806
766 1355 1437 1323 705 766 1437 927 144 1000 269 1071 1447 766|0.001 -0.19830270736238886 0.08041818136946599 0.08626298758114936
701 533 756 1086 204 109 579 1086 756 579 1024 1094 1086 649|0.001 -0.06812388388158452 -0.01648442305259068 0.06525677686351594
10416 4000 10416 13687 13687 14765 14765 24375 19531 30000 19531 10607 14550 21366|0.001 -3.614430005819326 0.005588224907280281 -0.10948287615522245
1781 1000 73 761 1427 1427 761 1079 2192 1079 292 1063 1561 2437|0.001 -0.042317717115873954 -2.214762012980037 0.2059829193694407
1417 1875 1314 96 384 2880 2340 1000 1417 1875 1314 2051 1018 1765|0.001 0.027489175144512767 -0.033951955529468725 -2.3866196127476247
384 1000 96 1314 1417 1417 1314 1875 2880 1875 2340 1018 2051 1765|0.001 0.13217605304516988 -1.1991632580620726 0.09454833488757197
13687 24375 13687 10416 10416 19531 19531 4000 14765 30000 14765 14550 10607 21366|0.001 -0.4296558955531149 0.11204555860589549 0.14492440821249897
1427 1079 761 73 1781 2192 292 1000 1427 1079 761 1561 1063 2437|0.001 0.08060512010227727 0.11398720180085142 -2.0371101321712737
271 1000 2032 1323 705 705 1323 927 68 927 1651 1245 1447 718|0.001 -0.12422391221783124 0.14052638524526317 -0.08539512636832503
701 533 756 1536 1248 51 205 1000 701 533 756 1094 1708 745|0.001 0.038359868572115374 -0.17192439750858712 0.17435558600015888
651 812 651 492 492 456 456 133 347 33 347 1112 613 712|0.001 0.08819278408436437 -0.005665976651173521 -0.01517114083272153
705 927 1323 2032 271 68 1651 1000 705 927 1323 1447 1245 718|0.001 0.006193079524550171 -0.09450290588493782 0.08161927410159642
492 133 492 651 651 347 347 812 456 33 456 613 1112 712|0.001 0.16389990634809948 -0.18804588421866386 0.06912497202454126
1248 1000 1536 756 701 701 756 533 51 533 205 1708 1094 745|0.001 0.011041285428994296 0.15681176048687462 -0.16487553906052166
1000 1000 1000 1299 693 87 693 817 817 817 817 1414 1510 1052|0.001 -0.1678395155039336 -0.043624402646268434 0.1036203637973121
629 533 770 770 629 629 770 533 629 67 770 1162 1162 630|0.001 0.11046822734266604 -0.22307012872296972 -0.092287094593273
693 817 1299 1000 1000 817 817 1000 87 817 693 1510 1414 1052|0.001 0.0020785626350106057 0.12133136983913939 -0.11504658442184845
1000 1000 1000 87 693 1299 693 817 817 817 817 1414 825 1090|0.001 0.11799760367106282 -0.09367291030968339 -1.055633929064388
693 817 87 1000 1000 817 817 1000 1299 817 693 825 1414 1090|0.001 0.1682561662294102 -0.47567925156502655 -0.057096440697237405
9434 8000 11547 11547 9434 9434 11547 8000 9434 15000 11547 9522 9522 9452|0.001 0.24450109340416137 0.09543432664834262 0.17733077292451993
770 533 629 629 770 770 629 533 770 67 629 839 839 1089|0.001 0.14796920220921272 0.03107750463828829 -0.22339870159141073
848 1224 1590 1000 1000 1224 1224 1000 106 1224 848 1334 1002 1009|0.001 -0.18128986407324854 0.10383671036952036 0.10970392880036428
1000 1000 1000 1590 848 106 848 1224 1224 1224 1224 1002 1334 1009|0.001 -0.07296142734048328 0.06981353336712681 0.09540601153811057
11547 8000 9434 9434 11547 11547 9434 8000 11547 15000 9434 12152 12152 16330|0.001 -1.6049451674349402 -0.028908719459058707 0.054568117106941205
1000 1000 1000 106 848 1590 848 1224 1224 1224 1224 1002 1288 1848|0.001 -0.014294871957227784 -0.041210061008833954 -1.294349853022233
848 1224 106 1000 1000 1224 1224 1000 1590 1224 848 1288 1002 1848|0.001 0.037127845274600446 -1.7842132026330426 -0.01566936376430461
1000 1000 1000 908 908 908 908 222 2444 222 2444 1414 1023 1808|0.001 0.14462026506454784 -0.009602026758552817 -0.019300295290269887
245 1000 1102 1102 2693 2693 1102 1000 245 1000 1102 1127 1992 2704|0.001 -0.1314917117791603 0.06460476476089605 -0.15396054062350006
908 2444 908 1000 1000 222 222 1000 908 2444 908 1808 1414 1023|0.001 0.17775634024967957 0.10067617099178028 0.05028483041274123
1000 1000 1000 908 908 908 908 2444 222 2444 222 1414 1808 1023|0.001 0.14536960776941443 -0.033837914416172676 0.21170567728571843
2693 1000 1102 1102 245 245 1102 1000 2693 1000 1102 1992 1127 2704|0.001 -0.0037553628080655432 0.02126506188505184 0.038028254852404686
908 222 908 1000 1000 2444 2444 1000 908 222 908 1023 1414 1808|0.001 0.04842717487846704 0.0024425270548711353 -0.12644311109755613
1000 1000 1000 908 908 908 908 222 2444 222 2444 1414 1023 1808|0.001 -0.0013512641621793442 -0.27987423773981446 0.09253948040037763
908 2444 908 1000 1000 222 222 1000 908 2444 908 1808 1414 1023|0.001 -0.20942159814306915 -0.1271730325800735 0.1244561656244958
245 1000 1102 1102 2693 2693 1102 1000 245 1000 1102 1127 1992 2704|0.001 0.06863141843214349 -0.006809161365509686 -0.27801875296070366
1000 1000 1000 908 908 908 908 2444 222 2444 222 1414 1808 1023|0.001 -0.2113072664775495 0.18706129110872105 -0.10062561188461605
908 222 908 1000 1000 2444 2444 1000 908 222 908 1023 1414 1808|0.001 0.025005556120294425 0.04954932827002212 -0.1566221173919613
2693 1000 1102 1102 245 245 1102 1000 2693 1000 1102 1992 1127 2704|0.001 -0.04073771208558008 -0.16934121791532863 0.0450472860512563
1102 1000 2693 245 1102 1102 245 1000 1102 1000 2693 1992 1127 1558|0.001 0.09167759322894264 -0.011947570457877532 -0.17708881108092434
4085 4500 4085 11000 11000 4500 4500 1000 4085 4500 4085 4603 11045 8136|0.001 -0.10014188080792685 0.04603772792463934 0.09217742007666896
91 1000 91 371 371 371 371 409 409 409 409 1004 740 418|0.001 0.030779541543928257 -0.4042554399044662 0.04813992323810634
1102 1000 245 2693 1102 1102 2693 1000 1102 1000 245 1127 1992 1558|0.001 0.08118355611077988 -0.31749153404019514 0.02634790253774444
371 409 371 91 91 409 409 1000 371 409 371 740 1004 418|0.001 -0.0294420363525405 -0.0029103044104050735 -0.060531459427012324
11000 1000 11000 4085 4085 4085 4085 4500 4500 4500 4500 11045 4603 8136|0.001 -0.5671496116481012 0.11395250241451382 -0.1408664190388198
1102 1000 2693 245 1102 1102 245 1000 1102 1000 2693 1992 1127 1558|0.001 -0.04988113295911978 0.004653005606727323 -0.7422045550666667
91 1000 91 371 371 371 371 409 409 409 409 1004 740 418|0.001 -0.010318531801836173 -0.656462194359011 -0.010789346231762087
4085 4500 4085 11000 11000 4500 4500 1000 4085 4500 4085 4603 11045 8136|0.001 -0.6477416763183486 -0.17431138381378886 0.06880538709922224
1102 1000 245 2693 1102 1102 2693 1000 1102 1000 245 1127 1992 1558|0.001 0.0513549458453455 -0.41761477649826295 0.060639912120925565
371 409 371 91 91 409 409 1000 371 409 371 740 1004 418|0.001 -0.015480794698055078 0.2447597037071092 0.35824571471784417
11000 1000 11000 4085 4085 4085 4085 4500 4500 4500 4500 11045 4603 8136|0.001 -0.6537692094939207 0.10367293516329701 -0.23493719394866996
1102 1000 245 1000 1000 1000 1000 1000 2693 1000 1836 1127 1731 1992|0.001 0.13454694236254783 -0.5369902378520952 0.048538235971749
1000 1000 1000 245 1836 2693 1102 1000 1000 1000 1000 1731 1204 2438|0.001 0.18568317890148123 0.04042438163273543 -0.3087344558259397
4085 7500 4085 4085 4085 4085 4085 4500 4085 11000 4085 4918 4603 7071|0.001 -0.8416845267858164 0.061304184469423983 0.1761035327190319
4085 4500 4085 4085 4085 4085 4085 7500 4085 11000 4085 4603 4918 7071|0.001 -0.3011180016258941 0.07294190001112533 0.18486005049569432
1000 1000 1000 245 1102 2693 1836 1000 1000 1000 1000 1731 1127 1992|0.001 0.09134671045442522 0.09402249799760787 0.1114873844146902
1836 1000 245 1000 1000 1000 1000 1000 2693 1000 1102 1204 1731 2438|0.001 -0.08485661381981369 -1.3439084321695105 -0.014992792995105475
1000 1000 1000 2693 1102 245 1836 1000 1000 1000 1000 1731 1992 1127|0.001 -0.08089225916508402 -0.19089968772653787 0.10234843766874224
371 409 371 371 371 371 371 682 371 91 371 740 905 643|0.001 0.10131272938430635 0.059379199455178444 -0.1326110073147313
1836 1000 2693 1000 1000 1000 1000 1000 245 1000 1102 2438 1731 1204|0.001 -0.05958695131221603 0.17250978184932597 -0.006979765398887894
1102 1000 2693 1000 1000 1000 1000 1000 245 1000 1836 1992 1731 1127|0.001 0.01682565653882584 0.1530456537105751 -0.1555606616483307
371 682 371 371 371 371 371 409 371 91 371 905 740 643|0.001 0.13421902254119544 -0.027601436148763092 -0.09459222598493522
1000 1000 1000 2693 1836 245 1102 1000 1000 1000 1000 1731 2438 1204|0.001 -0.10887917057300744 -0.06654041671506628 0.10271310272600198
533 1000 533 302 302 566 566 573 595 200 595 1133 815 777|0.001 0.1293884544740842 0.10219936872264634 -0.05183333100070686
1900 1000 3315 1768 1972 1972 1768 1875 663 1875 3315 2702 2577 2269|0.001 0.09782174165053892 0.15867926235713314 0.08421791891375818
1061 1116 566 1875 1875 375 1075 1000 1061 1116 566 1458 2125 1352|0.001 -0.02747811841231962 0.05565121217347535 0.08674370293867861
1875 1000 1875 566 1061 1061 566 1116 375 1116 1075 2125 1458 1352|0.001 0.07186902131080863 0.19633114019477205 -0.23192379416122844
302 573 302 533 533 595 595 1000 566 200 566 815 1133 777|0.001 0.0975952240158473 -0.07254468581305518 0.13040867407952295
1972 1875 1768 3315 1900 663 3315 1000 1972 1875 1768 2577 2702 2269|0.001 -0.2515036540472637 -0.0153019846025082 0.12252460334250648
1768 1000 354 1052 943 943 1052 533 1768 533 1014 1275 1374 2003|0.001 -0.029815458125512784 -0.2928291016600182 0.013745245547642782
507 896 951 336 963 1680 1680 1000 507 896 951 1306 1151 1370|0.001 -0.055479048414946996 0.1092856031692846 -0.05084218307406019
2975 2867 2975 2828 2828 1508 1508 5000 2667 5000 2667 3423 3606 3887|0.001 -0.020708784405396585 0.004313051999305095 0.19221771718463065
943 533 1052 354 1768 1768 1014 1000 943 533 1052 1374 1275 2003|0.001 -0.05203035793429844 -0.10616180491734295 -0.6566291304267824
2828 5000 2828 2975 2975 2667 2667 2867 1508 5000 1508 3606 3423 3887|0.001 -0.5956104355823633 -0.1037014207498188 -0.11471113452655612
963 1000 336 951 507 507 951 896 1680 896 1680 1151 1306 1370|0.001 0.0440658470361277 -0.8176896473133344 0.006661864952548502
250 1000 250 1021 1604 1604 1021 1875 1875 1875 1875 1031 2490 1744|0.001 0.08843221185768302 0.08214768261819438 0.19340580004929553
1836 1571 979 245 1836 1836 245 1000 1836 1571 979 2438 1204 2596|0.001 0.020602234770721317 0.0011805475349691008 -0.2419812662703813
4085 7500 4085 4000 4000 7500 7500 1000 6418 7500 6418 4918 4123 9959|0.001 -0.42564632784890866 0.012000556965450215 -0.10032900012520884
4000 1000 4000 6418 6418 4085 4085 7500 7500 7500 7500 4123 6978 4323|0.001 0.828495070998625 0.11152932625906331 0.22623870046734273
1169 1000 156 623 1169 1169 623 637 1169 637 156 1087 674 1653|0.001 0.03844891810345086 -0.27007988262258587 0.17309922407075629
1021 1875 1604 250 250 1875 1875 1000 1021 1875 1604 1081 1031 1230|0.001 0.014956681012641138 0.16242745705179473 -0.08725245386889346
250 1000 250 1604 1021 1021 1604 1875 1875 1875 1875 1031 1081 1230|0.001 0.06037113080011647 0.5736690834453562 0.25898608326070827
6418 7500 6418 4000 4000 7500 7500 1000 4085 7500 4085 6978 4123 4323|0.001 -0.30155377376300585 0.03121427573740787 0.10813184468573933
1169 637 623 156 1169 1169 156 1000 1169 637 623 674 1087 1653|0.001 0.10655421094140083 0.29568873592531686 0.13989101031126827
4000 1000 4000 4085 4085 6418 6418 7500 7500 7500 7500 4123 4918 9959|0.001 0.6185333295582307 0.04854671868723903 0.21200373133884787
1604 1875 1021 250 250 1875 1875 1000 1604 1875 1021 2490 1031 1744|0.001 0.1985142343227153 0.10724354354289423 -0.39557757122878345
1836 1000 245 979 1836 1836 979 1571 1836 1571 245 1204 2438 2596|0.001 -0.0007592129862055153 -0.8104213370961866 0.013238750599049443
245 1000 1836 1836 979 979 1836 1571 245 1571 1836 1204 1058 1009|0.001 -0.11425135968594402 0.09691362930297487 -0.12475933273700446
856 533 545 1000 1000 133 133 1000 856 533 545 576 1414 930|0.001 0.00154833552111322 0.04721715030754581 0.0282199444200959
1000 1000 1000 545 545 856 856 133 533 133 533 1414 656 576|0.001 0.07617686368713183 -0.057127053516277115 0.017928320981808188
623 637 1169 1169 156 156 1169 1000 623 637 1169 1552 1087 642|0.001 -0.0023084709997156505 -0.03186976810595654 0.06323223793274657
856 133 856 1000 1000 533 533 1000 545 133 545 930 1414 1328|0.001 0.06635082290846972 -0.02688388059121971 0.06898034038910206
1000 1000 1000 856 545 545 856 533 133 533 133 1414 1328 656|0.001 0.07538626429872686 0.03418255673231618 0.010886972558981078
156 1000 1169 1169 623 623 1169 637 156 637 1169 1087 1552 642|0.001 -0.046543530087218565 0.04270232206012192 0.14954457814651212
1000 1000 1000 856 856 545 545 133 533 133 533 1414 930 1328|0.001 0.13082616462450458 0.08745459736211103 -0.12290816884164002
545 533 856 1000 1000 133 133 1000 545 533 856 1328 1414 656|0.001 0.0044163997909651975 -0.1549724908212169 0.114505734282222
979 1571 1836 1836 245 245 1836 1000 979 1571 1836 1058 1204 1009|0.001 -0.17388709031345373 0.15751071084769475 0.09588139719141964
545 133 545 1000 1000 533 533 1000 856 133 856 656 1414 576|0.001 0.06112159941909834 0.05087947440974183 0.03379322238616922
1000 1000 1000 545 856 856 545 533 133 533 133 1414 576 930|0.001 -0.06460702626985393 0.11654094977441742 -0.11830805201462402
963 1000 336 1241 1607 1607 1241 1875 3697 1875 2521 1151 2376 2479|0.001 -0.09632398671496678 -0.32130284914570706 0.05111405102765865
1511 1295 806 271 2032 2980 777 1000 1511 1295 806 1916 1245 2888|0.001 0.08679065423299548 0.0484442662084672 -0.7425478164157839
3691 7500 3691 2975 2975 5579 5579 2867 4781 11000 4781 4596 3423 7071|0.001 -0.48135502341226766 0.10540061299495918 0.19902249235856484
2975 2867 2975 3691 3691 4781 4781 7500 5579 11000 5579 3423 4596 7071|0.001 -0.41174406870035374 0.2725522932955249 -0.0036936278060828442
1607 1875 1241 336 963 3697 2521 1000 1607 1875 1241 2376 1151 2479|0.001 0.10653365236796608 0.020374244404524067 -1.3431785957967857
2032 1000 271 806 1511 1511 806 1295 2980 1295 777 1245 1916 2888|0.001 0.03089805246576427 -0.27390110202644147 0.05522193137295961
622 772 1167 2301 600 209 1569 1000 622 772 1167 1479 1543 716|0.001 -0.14387855282242068 -0.048131095451706685 0.162007409189735
435 261 435 507 507 270 270 682 336 91 336 670 969 643|0.001 0.08784724190988857 -0.05493136952428257 -0.1648798239881477
1344 1000 1972 857 662 662 857 533 179 533 514 1911 1267 824|0.001 0.03607942497795502 0.04970071769080597 0.067120309966342
600 1000 2301 1167 622 622 1167 772 209 772 1569 1543 1479 716|0.001 -0.15470600965052483 0.09820182542700229 0.037486576289511575
507 682 507 435 435 336 336 261 270 91 270 969 670 643|0.001 0.08652173119428674 -0.10452162200215609 -0.08148085825952944
662 533 857 1972 1344 179 514 1000 662 533 857 1267 1911 824|0.001 -0.003734587038439763 -0.11550968484967172 0.151688273450028
1000 1000 1000 693 87 71 566 817 950 738 600 1414 1052 1002|0.001 0.07562512756396744 0.014712421131160003 0.024332927174257613
1179 125 1443 1443 866 1371 1443 816 1066 102 1443 1519 1658 1373|0.001 0.07933881497987239 0.001304384648419532 0.008281218894719
566 600 693 1000 1000 738 817 1000 71 950 87 1149 1414 1051|0.001 -0.19025568898297984 0.04028941411251319 -0.04692870169880736
1000 1000 1000 87 71 566 693 950 738 600 817 1414 1002 721|0.001 0.0009624437555011411 -0.0778780904887888 -0.7070045516799062
10970 816 11547 11547 9434 8524 11547 8000 6928 6532 11547 11576 9522 13892|0.001 -0.5140730427467977 0.006747641988016362 0.09257666319485214
693 817 87 1000 1000 600 950 1000 566 738 71 825 1414 1149|0.001 0.04993403095733262 -0.1232713285425191 -0.014368912072806328
1000 1000 1000 71 566 693 87 738 600 817 950 1414 721 825|0.001 0.1869605264801133 0.010104375177135694 0.10628450700028047
87 950 71 1000 1000 817 738 1000 693 600 566 953 1414 825|0.001 0.08498417854893248 -1.024362023297316 0.06370778320847315
10440 8000 14142 14142 13435 8485 14142 1225 11554 9798 14142 10198 13472 13454|0.001 0.1755090027702355 0.06463285844867217 0.24815212620724392
1000 1000 1000 566 693 87 71 600 817 950 738 1414 825 1052|0.001 0.09298541495472268 -0.07937423706256275 0.08965421902197068
71 738 566 1000 1000 950 600 1000 87 817 693 1051 1414 953|0.001 -0.07914772206436882 0.12085890107846442 -0.10265875995501883
1061 1225 1768 1768 1305 1444 1768 125 1679 153 1768 1458 1858 2127|0.001 0.13854605708922385 -0.07575196115586658 -0.14433995303363756
1443 816 866 1179 1443 1443 1066 125 1443 102 1371 1190 1190 2041|0.001 0.02998265208047801 -0.19996935889815548 0.08482140360245083
106 1224 848 734 1163 1224 1224 904 87 1224 692 1009 1164 1166|0.001 -0.1874973413807457 0.21129251409040206 -1.2890374390117643e-06
1230 1583 1362 1155 943 118 144 1667 1667 1667 1667 1586 1374 1202|0.001 -0.2467507178181827 0.11038666879487513 0.026763354949819185
11547 8000 9434 10970 11547 11547 6928 816 11547 6532 8524 12152 11000 16330|0.001 -0.3589137330139758 0.13612874373961636 -0.0067467089240480504
74 1053 91 860 777 1053 1053 632 595 1053 729 1003 1266 1107|0.001 0.07872127912083693 -0.3895562650995821 0.08556569490908439
734 904 1163 106 848 692 87 1224 1224 1224 1224 1473 1288 1009|0.001 -0.12107578301344901 0.03974011411652212 -1.2266205149783715
14142 1225 13435 10440 14142 14142 11554 8000 14142 9798 8485 14177 14866 20000|0.001 -0.5808976330591153 -0.049615921597996326 -0.023614924894196365
860 632 777 74 91 729 595 1053 1053 1053 1053 1001 1055 1108|0.001 0.022082634583897587 -0.08215466767208413 -1.1585939561299385
766 1355 96 1287 813 1355 1355 1107 938 1355 117 1424 1289 1556|0.001 0.21084317292699106 0.14744406341451466 -0.11151440481959818
1768 125 1305 1061 1768 1768 1679 1225 1768 153 1444 1275 2031 2500|0.001 0.07948579213543638 0.09885399629544045 0.005252233613979307
1155 1667 943 1230 1362 1667 1667 1583 144 1667 118 1915 2005 1374|0.001 -0.12003814090619014 0.047293444360614334 0.02747009001770273
1287 1107 813 766 96 117 938 1355 1355 1355 1355 1630 977 1358|0.001 0.13459431908372954 0.19722398735423807 0.02083781495919146
1000 1000 1000 87 693 566 71 817 600 738 950 1414 825 1149|0.001 0.13683234201474104 0.060903932160583096 -0.24166104458508086
9434 8000 11547 11547 10970 6928 11547 816 8524 6532 11547 9522 11576 13892|0.001 -0.4760123014517026 0.041216055396593454 0.012773229889990745
71 950 87 1000 1000 738 817 1000 566 600 693 1002 1414 721|0.001 0.08718791392444025 -1.2865218394159372 -0.034576179439819166
1000 1000 1000 693 566 71 87 600 738 950 817 1414 1149 1051|0.001 0.013690370688701492 -0.2507059009092494 0.1769379925868031
866 816 1443 1443 1179 1066 1443 125 1371 102 1443 1658 1519 1373|0.001 0.014192164302284649 -0.13131176637851905 0.0661863262935225
87 817 693 1000 1000 950 600 1000 71 738 566 1052 1414 1002|0.001 0.09568636980515022 0.058866143963420825 0.03174461615682356
1000 1000 1000 566 71 87 693 738 950 817 600 1414 1051 953|0.001 0.06472433977207981 0.11781100578463377 0.03221975366367147
693 600 566 1000 1000 817 738 1000 87 950 71 825 1414 1052|0.001 -0.12595600246795513 0.08515700378562752 -0.05378998997531803
1305 125 1768 1768 1061 1679 1768 1225 1444 153 1768 1858 1458 2127|0.001 0.06676217126439843 0.06421033140678878 -0.09343594601439742
1000 1000 1000 71 87 693 566 950 817 600 738 1414 953 825|0.001 0.1463461014158618 0.12975602329978297 -0.30191229288938803
566 738 71 1000 1000 600 950 1000 693 817 87 721 1414 825|0.001 0.05942500743954415 -0.8034962396590195 -0.02442836976175422
13435 1225 14142 14142 10440 11554 14142 8000 8485 9798 14142 13472 10198 13454|0.001 -0.2744636226202479 -0.04417588277520368 0.1356871505729096
11547 816 10970 9434 11547 11547 8524 8000 11547 6532 6928 11000 12152 16330|0.001 -0.5051049199685098 -0.1866414709654185 0.004437461299096057
848 1224 106 1163 734 1224 1224 904 692 1224 87 1288 1473 1009|0.001 0.18754292763321523 -0.2995756644288039 -0.04297157447920141
777 632 860 91 74 595 729 1053 1053 1053 1053 1266 1003 1107|0.001 -0.12885257716441667 0.08703133812260289 -0.2214527958103174
1443 125 1179 866 1443 1443 1371 816 1443 102 1066 1190 1190 2041|0.001 0.0019145371189632776 0.15934726218877593 -0.01998735952534858
943 1667 1155 1362 1230 1667 1667 1583 118 1667 144 1374 1586 1202|0.001 -0.16137750305115883 0.03266997186188281 0.04866632188669673
1163 904 734 848 106 87 692 1224 1224 1224 1224 1164 1009 1166|0.001 0.10455772408603181 0.007413354244396597 0.06195861151663484
1768 1225 1061 1305 1768 1768 1444 125 1768 153 1679 2031 1275 2500|0.001 0.050800231892023096 0.1834558795898733 0.03447994425317624
1362 1583 1230 943 1155 144 118 1667 1667 1667 1667 2005 1915 1374|0.001 -0.1444969228056059 -0.10717000122595799 0.07898789418602004
96 1355 766 813 1287 1355 1355 1107 117 1355 938 977 1630 1358|0.001 -0.08513358938711968 0.1627892418462329 0.02995070385043208
14142 8000 10440 13435 14142 14142 8485 1225 14142 9798 11554 14866 14177 20000|0.001 -0.5040960683654505 0.0025200885338239054 0.043764610760359535
91 1053 74 777 860 1053 1053 632 729 1053 595 1055 1001 1108|0.001 -0.041489111511159305 -0.08030660617965202 0.12335396251306419
813 1107 1287 96 766 938 117 1355 1355 1355 1355 1289 1424 1556|0.001 0.024590301862523756 0.10952478509944852 -0.4706772238646628
1000 1000 1000 71 566 1061 566 1116 738 1116 738 1414 1149 791|0.001 0.13844332556494532 0.05537037256240662 -0.803736578294576
15780 8000 14142 14142 10440 10440 14142 8000 15780 15000 14142 16248 10198 17776|0.001 -1.5228291528875426 -0.13759687416452615 -0.023542061974882733
566 738 71 1000 1000 1116 1116 1000 1061 738 566 721 1414 1458|0.001 0.06469657626841041 -1.688929457208559 0.08557996729047446
1000 1000 1000 1061 566 71 566 1116 738 1116 738 1414 1149 1051|0.001 -0.0330685311550194 -0.17401806690718113 0.14585546121558046
566 738 1061 1000 1000 1116 1116 1000 71 738 566 1456 1414 1002|0.001 -0.11283709831165667 0.14822580040949607 0.03954377267330722
1052 533 943 943 696 696 943 533 1052 67 943 1083 1373 1185|0.001 0.12821376526768624 -0.019677050385856765 -0.09457932319861584
14142 8000 10440 15780 14142 14142 15780 8000 14142 15000 10440 14866 14177 20000|0.001 -0.96689590623524 0.010677121719451232 0.12240484910544858
507 896 63 662 662 896 896 1000 951 896 507 898 1127 1305|0.001 0.12079300653176306 -1.5993924389330838 -0.05431015316854082
1511 1000 1511 96 766 1437 766 1355 1355 1355 1355 1703 1424 1556|0.001 0.023966073291492584 -0.01650761396603695 -1.4002197816916628
943 533 696 1052 943 943 1052 533 943 67 696 745 1374 1333|0.001 0.09836926137158919 -0.07060769927877297 0.09061124058642012
507 896 951 662 662 896 896 1000 63 896 507 1306 1127 646|0.001 0.005909373166486098 0.1411183182761233 -0.09405780113894258
1511 1000 1511 1437 766 96 766 1355 1355 1355 1355 1703 1071 1556|0.001 -0.20200989834691319 -0.05601831570314464 0.13563006131561695
1000 1000 1000 71 566 1061 566 738 1116 738 1116 1414 721 1458|0.001 -0.1784488279874208 0.01714589441662806 -1.643342373638954
10440 8000 14142 14142 15780 15780 14142 8000 10440 15000 14142 10198 16248 17776|0.001 -0.0005519429416844801 0.2558342770721289 -0.004358668428260382
566 1116 71 1000 1000 738 738 1000 1061 1116 566 1149 1414 791|0.001 -0.11432015276444885 -0.7451186607286753 0.1899970040744159
1000 1000 1000 1061 566 71 566 738 1116 738 1116 1414 1456 1002|0.001 0.0980070930102972 0.0730003936679835 0.022982264017819
566 1116 1061 1000 1000 738 738 1000 71 1116 566 1149 1414 1051|0.001 -0.1021440306677679 0.09490655265188108 -0.05922427046957668
696 533 943 943 1052 1052 943 533 696 67 943 1373 1083 1185|0.001 0.15848857619975565 -0.05699738844636704 -0.013040170095688364
14142 8000 15780 10440 14142 14142 10440 8000 14142 15000 15780 14177 14866 20000|0.001 -1.6071687261790024 0.08986398152280861 -0.044784386769674
766 1355 96 1511 1511 1355 1355 1000 1437 1355 766 1424 1703 1556|0.001 -0.07405699334871674 -0.19479541941157974 0.2073781091208815
662 1000 662 63 507 951 507 896 896 896 896 1127 898 1305|0.001 0.1526590667789507 0.015106493612846439 -1.6678956781411391
943 533 1052 696 943 943 696 533 943 67 1052 1374 745 1333|0.001 0.08342865240931197 -0.15737687154044666 0.022681231953467496
662 1000 662 951 507 63 507 896 896 896 896 1127 1306 646|0.001 0.03385607793097822 -0.1957447071373286 0.15774253602179877
766 1355 1437 1511 1511 1355 1355 1000 96 1355 766 1071 1703 1556|0.001 0.06515840985522159 0.03343051189341972 0.10531518780148241
1056 1000 1056 908 908 1240 1240 222 2889 222 2889 1454 1023 2235|0.001 0.07438598272475838 -0.10643758513235291 -0.07859019787947341
245 1000 1102 1163 3182 3182 1163 1366 245 1366 1102 1127 2462 3192|0.001 0.07096655607850222 0.11053621604915742 0.16533150017091103
1175 2737 860 947 947 211 211 1000 1175 2737 860 2118 1378 1257|0.001 0.03571359581608924 0.043681305621932065 0.10194499242159427
947 1000 947 860 1175 1175 860 2737 211 2737 211 1378 2118 1257|0.001 0.22611044025905525 0.0026641454166642653 0.1908227710793753
3182 1366 1163 1102 245 245 1102 1000 3182 1366 1163 2462 1127 3192|0.001 0.08865539688737378 -0.16642990264944313 0.015812679160913667
908 222 908 1056 1056 2889 2889 1000 1240 222 1240 1023 1454 2235|0.001 0.05899502931777434 0.05434170878817035 0.009237132794046587
1056 1000 1056 1240 1240 908 908 222 2889 222 2889 1454 1326 1861|0.001 0.0749872200207724 -0.17209359389691592 0.0919639150960938
860 2737 1175 947 947 211 211 1000 860 2737 1175 1763 1378 969|0.001 -0.21370986979212026 0.014428196975140306 0.058602897830395406
179 1000 807 851 2330 2330 851 732 179 732 807 1070 1501 2337|0.001 -0.04285286178153602 0.11437041384229296 0.07872273270201235
947 1000 947 1175 860 860 1175 2737 211 2737 211 1378 1763 969|0.001 -0.13045771459756716 0.07384715564397126 -0.05501520718736108
1240 222 1240 1056 1056 2889 2889 1000 908 222 908 1326 1454 1861|0.001 0.08116767002682268 -0.1478343213987976 -0.3195935090038371
2330 732 851 807 179 179 807 1000 2330 732 851 1501 1070 2337|0.001 -0.05167864706993264 -0.3517702849002269 0.16828576084361613
1163 1366 3182 245 1102 1102 245 1000 1163 1366 3182 2050 1127 1602|0.001 -0.06850637456253916 -0.023110890393628347 -0.6084759245341254
4085 4500 4085 13000 13000 4750 4750 1000 5579 4500 5579 4603 13038 8374|0.001 0.2741918533140919 0.16736272480959435 -0.006250263552400881
77 1000 77 314 429 429 314 365 346 365 346 1003 644 459|0.001 0.17494119318054224 -0.5069206497455325 -0.12711562913181873
1102 1000 245 3182 1163 1163 3182 1366 1102 1366 245 1127 2050 1602|0.001 0.07072306083311775 -0.3649823896559323 0.016548940333842577
429 365 314 77 77 346 346 1000 429 365 314 644 1003 459|0.001 -0.0319607594440785 0.2008484946672584 0.2188111630107814
13000 1000 13000 4085 4085 5579 5579 4500 4750 4500 4750 13038 4603 8374|0.001 -0.27742595276841975 0.09365098248163672 -0.0689166066143776
851 732 2330 179 807 807 179 1000 851 732 2330 1803 1070 1173|0.001 -0.07826826143495724 0.03979899520755836 -0.7756463485814669
77 1000 77 429 314 314 429 365 346 365 346 1003 774 354|0.001 0.02536030802595235 -0.3739016382109217 0.0662825977068704
5579 4500 5579 13000 13000 4750 4750 1000 4085 4500 4085 5969 13038 10059|0.001 0.503825602793555 0.23879520014205236 -0.018934715523567514
807 1000 179 2330 851 851 2330 732 807 732 179 1070 1803 1173|0.001 0.029828686827435558 0.040419827510576045 0.10260177587899433
314 365 429 77 77 346 346 1000 314 365 429 774 1003 354|0.001 -0.01097013045484152 0.05962115492121667 -0.6552573874173917
13000 1000 13000 5579 5579 4085 4085 4500 4750 4500 4750 13038 5969 10059|0.001 -0.010613356343519564 -0.02147172187185853 0.18974823045770695
3563 5000 3563 3717 3717 5518 5518 7500 6680 15000 6680 4206 4617 8559|0.001 -1.179382888383439 0.23059315349740261 0.03151041570602864
2018 1000 269 959 1797 1797 959 1484 4035 1484 1345 1242 2303 3372|0.001 -0.06962513122561242 -1.2113234246368554 0.03626885504151911
1549 1875 1043 281 1403 4210 2105 1000 1549 1875 1043 2402 1181 2882|0.001 -0.030601303564509186 0.16135253797017857 -0.416907925094101
1403 1000 281 1043 1549 1549 1043 1875 4210 1875 2105 1181 2402 2882|0.001 -0.015636701859677027 -0.9769658736965903 0.09755521598560302
3717 7500 3717 3563 3563 6680 6680 5000 5518 15000 5518 4617 4206 8559|0.001 -0.23076505052727847 0.05527550132224279 0.16891793126056598
1797 1484 959 269 2018 4035 1345 1000 1797 1484 959 2303 1242 3372|0.001 0.16005503044491443 -0.11907616485634764 -0.3170293371304822
906 1000 2719 1211 646 646 1211 674 181 674 1359 1861 1551 762|0.001 -0.23700202715076668 0.10409049447023033 0.09274544772160054
556 533 826 2245 1123 150 748 1000 556 533 826 1281 1876 691|0.001 -0.03967875251832953 -0.015400781813154074 0.0498038138619572
445 500 445 368 368 248 248 333 238 67 238 836 685 571|0.001 0.11713400175782818 -0.006909357505646696 -0.22480624391890802
646 674 1211 2719 906 181 1359 1000 646 674 1211 1551 1861 762|0.001 -0.058959727168576004 -0.12083921157319044 0.13960341939717402
368 333 368 445 445 238 238 500 248 67 248 685 836 571|0.001 0.05857764156639522 -0.05343630780996422 0.02156145429381251
1123 1000 2245 826 556 556 826 533 150 533 748 1876 1281 691|0.001 -0.06347177892904399 0.11439520267409575 -0.15101949027727435
573 333 573 354 354 189 189 500 528 67 528 814 791 673|0.001 0.09771431235650718 -0.09719413610931316 -0.08375810482689539
1414 1000 2828 1622 1492 1492 1622 533 189 533 943 2236 1904 1579|0.001 -0.13468688675965845 0.10221973912679427 0.005714214826237907
329 920 616 1744 581 116 872 1000 329 920 616 1174 1419 419|0.001 0.08362143270437494 -0.11031188002363468 0.05642410326890168
581 1000 1744 616 329 329 616 920 116 920 872 1419 1174 419|0.001 -0.001912831630710432 0.07743016175775219 -0.13111136103781007
354 500 354 573 573 528 528 333 189 67 189 791 814 673|0.001 0.12058532631252561 0.07974927568831225 -0.22840469849133793
1492 533 1622 2828 1414 189 943 1000 1492 533 1622 1904 2236 1579|0.001 0.13106680490765132 -0.16991878639001756 0.0709693263317357
1768 1000 354 2798 3041 3041 2798 1875 5303 1875 2652 1275 3571 4316|0.001 -0.10326785142377282 -1.5036151393485986 -0.042558583478935486
670 1087 357 126 948 1895 632 1000 670 1087 357 1276 1058 1499|0.001 0.20413897666577308 0.051347526277552014 -0.3468287680612947
7914 7500 7914 2828 2828 5303 5303 5000 8602 15000 8602 8374 3606 10100|0.001 -0.5052918986392063 0.10812972158199763 0.15800599298977813
3041 1875 2798 354 1768 5303 2652 1000 3041 1875 2798 3571 1275 4316|0.001 0.054329000448354314 -0.013924336689874472 -1.2810949885916634
2828 5000 2828 7914 7914 8602 8602 7500 5303 15000 5303 3606 8374 10100|0.001 -1.1066127319091923 -0.225332495633499 0.0254162246690548
948 1000 126 357 670 670 357 1087 1895 1087 632 1058 1276 1499|0.001 -0.05251499083675504 -1.1633004232277433 0.1806618603090504
354 1000 1768 1225 230 230 1225 604 88 604 354 1275 1195 290|0.001 -0.033467801220961046 0.059836015567269474 -0.003051880999593859
493 188 816 1443 289 72 289 1000 493 188 816 976 1190 514|0.001 -0.004314669975742369 -0.033147649479626784 0.05263745189261204
693 200 693 566 566 342 342 200 130 50 130 825 721 676|0.001 0.11385586214836652 0.041570967277662074 -0.1822539918165489
566 200 566 693 693 130 130 200 342 50 342 721 825 676|0.001 0.06219956798193538 -0.005602444354194658 -0.07120498079842497
230 604 1225 1768 354 88 354 1000 230 604 1225 1195 1275 290|0.001 -0.19077184688678583 0.09533046570005865 0.0517494237131233
289 1000 1443 816 493 493 816 188 72 188 289 1190 976 514|0.001 -0.04226987523587744 0.05123514658878392 -0.05293977363912128
4355 5333 2632 385 1540 7698 1540 1000 4355 5333 2632 5203 1262 5551|0.001 0.6860675242828651 0.13542953201014063 0.6076211662866315
2598 4000 2598 6837 6837 11314 11314 4000 13856 20000 13856 3279 7124 13519|0.001 0.6243421737265931 0.5622398367225112 0.1698422335716443
585 1000 146 380 2027 2027 380 1655 2925 1655 585 1042 1977 2412|0.001 0.1729339737467006 0.21769359443759795 0.2644276506394183
1540 1000 385 2632 4355 4355 2632 5333 7698 5333 1540 1262 5203 5551|0.001 0.15633832494001076 -0.47845615682815645 0.08152626343981506
6837 4000 6837 2598 2598 13856 13856 4000 11314 20000 11314 7124 3279 13519|0.001 -0.41641682152190107 0.16866862836410368 0.2989728059911312
2027 1655 380 146 585 2925 585 1000 2027 1655 380 1977 1042 2412|0.001 0.15358524352033998 0.23435015645894008 0.563604271871625
492 133 492 162 162 87 87 812 480 33 480 613 916 519|0.001 0.09682434311121257 -0.08581237880514236 0.07154216646836575
5004 1000 6158 3031 2956 2956 3031 533 205 533 821 5640 3198 3125|0.001 -0.019441081378446246 0.12183766865665246 -0.07608893734941446
176 975 330 2032 271 68 1651 1000 176 975 330 1055 1245 222|0.001 -0.04461654295255024 0.024823064637971015 0.08664778579668297
271 1000 2032 330 176 176 330 975 68 975 1651 1245 1055 222|0.001 -0.19932114770729537 0.1457442311039503 0.03669120731877529
162 812 162 492 492 480 480 133 87 33 87 916 613 519|0.001 0.05226987280366746 -0.05527252085447243 0.041097688845581626
2956 533 3031 6158 5004 205 821 1000 2956 533 3031 3198 5640 3125|0.001 -0.00999808496902621 0.0765899737650022 0.05276745636780822
1540 1000 385 5543 5683 5683 5543 1875 11547 1875 9382 1262 5997 7076|0.001 -0.021433283971810102 -0.4305372030759369 0.14793178405579477
338 1025 180 69 1692 2083 278 1000 338 1025 180 1082 1057 1908|0.001 0.2219653781560771 0.10506024248582602 0.31210387940108
14402 24375 14402 2598 2598 4871 4871 4000 14765 30000 14765 15225 3279 15580|0.001 -3.2435046773548173 -0.0008378301012534894 0.039140584744334905
5683 1875 5543 385 1540 11547 9382 1000 5683 1875 5543 5997 1262 7076|0.001 0.15170219513707117 0.015279968200501148 -3.253963176553152
2598 4000 2598 14402 14402 14765 14765 24375 4871 30000 4871 3279 15225 15580|0.001 -3.376634348500348 0.09218790633920726 -0.006549046369124234
1692 1000 69 180 338 338 180 1025 2083 1025 278 1057 1082 1908|0.001 -0.07392579121937137 -2.703308957555625 0.22538520410350094
6837 4000 6837 14402 14402 16340 16340 24375 12820 30000 12820 7124 15225 20561|0.001 -0.45244110630943135 0.11159780857348922 0.15664606688235994
1692 1000 69 475 890 890 475 1135 2083 1135 278 1057 1428 2078|0.001 -0.016589533607797025 -3.998277951921876 0.004006772281792692
2390 1875 2106 146 585 4388 3565 1000 2390 1875 2106 3007 1042 2877|0.001 0.08529652334908544 -0.04262567779746096 -3.646000836770394
585 1000 146 2106 2390 2390 2106 1875 4388 1875 3565 1042 3007 2877|0.001 0.13629383647516313 -1.8253514110627722 0.1252974069950641
14402 24375 14402 6837 6837 12820 12820 4000 16340 30000 16340 15225 7124 20561|0.001 -1.8945103810649655 0.021021841445458822 0.31285138497679776
890 1135 475 69 1692 2083 278 1000 890 1135 475 1428 1057 2078|0.001 0.12171673169021568 0.21992617087538857 -1.0392972267215916
245 1000 1836 785 418 418 785 881 61 881 1492 1204 1258 436|0.001 -0.17206738359586304 0.1641736831382956 -0.033073125694410566
1123 533 1275 2340 1901 78 312 1000 1123 533 1275 1604 2334 1188|0.001 0.016528116338772048 -0.12183483120454919 0.11493888661732177
427 812 427 545 545 480 480 133 228 33 228 998 656 685|0.001 0.12522716969329384 -0.0059664111504320605 -0.08167086643283361
418 881 785 1836 245 61 1492 1000 418 881 785 1258 1204 436|0.001 0.05618700494206319 -0.07399103579656785 0.07803180053277847
545 133 545 427 427 228 228 812 480 33 480 656 998 685|0.001 0.023224104113683808 0.1149769937035483 0.008321307364458352
1901 1000 2340 1275 1123 1123 1275 533 78 533 312 2334 1604 1188|0.001 0.013861032103843485 0.1447284787186076 -0.17006939650420216
696 533 943 1000 188 100 533 921 730 491 1052 1373 1106 669|0.001 -0.1649311896340433 -0.05378816907856243 0.0818811585887258
921 188 1000 943 1052 730 696 533 491 100 533 1106 1083 1488|0.001 0.028371775403239763 0.10389829413264717 -0.13769737814351424
566 1116 1061 1061 566 521 977 738 106 774 199 1149 1456 625|0.001 -0.18462389390145106 0.1023757022171834 -0.008249561994879695
1768 1875 1305 187 1000 1875 352 921 1972 1726 1369 2574 1000 2577|0.001 0.18854231707647884 0.03315066606992323 0.19276178045869008
269 1049 144 766 1437 1323 705 1355 1437 1511 766 1119 1972 1437|0.001 0.16578500720928258 0.09780091048085415 0.0406975745567939
4910 5333 5333 6960 7300 10520 9428 1875 9207 10000 10000 5333 7792 14881|0.001 -0.06521628405811941 0.12092739602673985 0.05807446945605532
943 533 1052 921 1000 533 491 188 696 100 730 1374 1000 1373|0.001 0.11793330465603269 0.017429090542238068 -0.10229347630718921
204 1086 1086 1143 793 756 1024 533 109 579 579 1086 1616 846|0.001 0.08256256463786915 0.04837687652257339 -0.15347276163506174
467 694 875 951 507 95 178 896 507 662 951 1415 1306 507|0.001 -0.17737829612574751 0.008727981838778653 0.06462948530181478
6960 1875 7300 4910 5333 10000 9207 5333 9428 10000 10520 6692 5897 13728|0.001 -0.4546763570250656 0.0034722476644777345 0.14510512379794172
1261 1441 673 137 257 1370 731 953 1370 1291 731 2038 917 1515|0.001 0.04141253441684922 0.31713921514328725 0.4585744854291729
1086 1086 204 1487 2142 1920 1417 1875 2037 2037 382 1201 3031 2206|0.001 0.19008998479736583 -0.14590207273199818 0.19592897525167796
2032 1000 271 144 269 330 176 1049 1841 975 169 1245 1119 1861|0.001 -0.004383730771064798 -0.3074242726009968 0.06834833095622717
7300 1875 6960 1886 1179 12816 14142 1225 6789 2296 6960 7792 1546 7776|0.001 0.06483519694508777 0.08706888993420092 0.027936671840844696
650 625 530 3691 3691 3601 3872 7500 1218 6797 994 820 4596 3605|0.001 -0.08834062511132612 0.32552773390464473 0.07328212644725829
492 133 492 133 162 87 71 906 480 83 516 613 916 519|0.001 0.07001038647370894 0.016025429975758954 -0.11753859944267808
6835 1225 7542 3712 3893 3621 3712 533 629 653 1006 6908 3569 4434|0.001 0.009885867724122033 0.13901885181723417 -0.11357633318824889
144 1049 269 2032 271 169 1841 1000 176 975 330 961 1245 222|0.001 -0.16322438779836745 0.07994549119800354 0.10236851888701493
271 1000 2032 330 176 144 269 975 169 1049 1841 1245 1055 307|0.001 -0.04897936067300046 0.12922289804189413 -0.08370555141492098
133 906 162 492 492 516 480 133 71 83 87 1009 613 473|0.001 0.0784661473802406 -0.007861378310088929 -0.09214969930672279
2956 533 3031 6158 5581 513 821 816 3179 435 3031 3198 6212 3386|0.001 -0.09519916355452906 -0.11476425200107498 0.10553836707945186
3691 7500 3691 650 530 994 1218 625 3872 6797 3601 4596 1132 4132|0.001 -0.9629572874693126 -0.040792431129862416 0.134608075213416
330 975 176 271 2032 1841 169 1000 269 1049 144 977 1245 2050|0.001 0.19597974028533915 -0.10313040368920001 0.43516108257146024
962 816 1540 5683 5543 5961 5683 1875 10464 1531 11547 1743 5551 6789|0.001 0.17716773540780606 -0.4501431725572391 0.014650006753069711
1886 1225 1179 7300 6960 6960 6789 1875 14142 2296 12816 2134 6692 8667|0.001 0.127074714337998 -1.0095517782581331 -0.07546318210991831
257 953 137 161 1756 1937 258 930 315 953 168 917 1065 1954|0.001 0.18739797802441505 0.13075543659111677 0.6427931670774623
5761 10875 6194 849 1039 1949 1591 1600 5906 12000 5906 6598 1811 6232|0.001 0.1837585752129911 0.11200612578833535 0.2656471879975708
3712 533 3893 6835 7542 1006 629 1225 3712 653 3621 4156 7608 4622|0.001 -0.0009028615542450158 0.18972203401511623 -0.025463374386742732
179 1103 146 570 530 543 543 92 96 147 78 1113 649 530|0.001 0.03874871081503528 -0.03462088762062554 0.10614573601027022
161 930 1756 257 137 168 315 953 258 953 1937 1139 1067 292|0.001 0.006452935189293907 0.013714327099647594 0.018762950498656394
6158 816 5581 2956 3031 3031 3179 533 821 435 513 5640 2960 3774|0.001 0.07114427223058994 0.14402642642961094 -0.054687791679257636
570 92 530 179 146 78 96 1103 543 147 543 607 1011 608|0.001 0.1725023138181525 -0.19165507394018122 0.12854727953118594
180 1025 338 1888 174 278 2083 1075 147 1025 276 1001 1145 228|0.001 -0.12015624669467484 0.03883746008057409 0.11030668934685073
5683 1875 5543 962 1540 11547 10464 816 5683 1531 5961 5997 1262 7076|0.001 0.29296347414386803 0.06582811042519454 0.07538722439831558
849 1600 1039 5761 6194 5906 5906 10875 1591 12000 1949 1311 7055 5678|0.001 -0.3800186542947004 0.23517969013528983 0.1363315724726566
1888 1075 174 180 338 276 147 1025 2083 1025 278 1225 1082 1908|0.001 0.23352756761037874 0.2537291311351142 0.11144859934349327
2735 4800 4167 6194 5761 6536 8926 10875 5128 18000 7812 3111 6598 8224|0.001 0.06766376284851994 0.37234083632188053 0.017038926163353008
1756 930 161 673 1261 828 442 1441 2906 1055 775 1065 2038 2099|0.001 0.01632241416634317 -0.9699440553047156 0.020680304848645914
2142 1875 1487 240 1152 4320 2610 656 1569 1231 1383 3031 747 2581|0.001 0.12536189060974534 0.2036485208272243 0.5447051675882886
1755 1523 366 2106 2390 3264 2265 1875 6581 2856 3976 1819 3007 4899|0.001 0.1565652459843636 -1.0698468025241015 0.061958349891613196
6194 10875 5761 2735 4167 7812 5128 4800 8926 18000 6536 7055 4976 12627|0.001 -0.1924783086431303 0.138850132797963 0.2374424692189625
890 1135 475 174 1888 3125 833 1075 1356 1549 723 1428 1225 3055|0.001 0.027563172155442572 0.09767983619016318 -0.521691938245118
538 732 2016 875 467 306 574 694 112 645 1218 1501 1415 557|0.001 0.038842594354857596 0.059637284527518375 -0.16542240001358177
793 533 1143 2304 1392 128 614 656 737 350 837 1616 2253 903|0.001 -0.12233753802811553 0.016757286729038867 0.05562048911891493
285 604 434 496 363 320 344 267 152 56 231 978 744 457|0.001 0.1027394195323672 -0.12910571168874618 0.03104997431832901
418 881 785 2754 734 153 1664 1366 637 948 1195 1258 1646 476|0.001 0.06275499498105575 -0.13091928218039617 0.07300109049110715
496 267 363 285 434 231 152 604 344 56 320 598 722 701|0.001 0.0926812843115088 -0.08444738407313968 0.003937170061871775
2121 1523 3510 1275 1123 1208 1741 533 195 812 936 2535 1604 1287|0.001 -0.17087187318148733 0.09982078869585465 -0.032305539030493824
696 533 943 943 177 94 503 1260 701 672 1040 1373 1016 702|0.001 0.022767541587929152 -0.1875093032512909 0.11963563179937742
1336 188 1061 1000 1104 743 738 533 713 100 566 1077 1133 1712|0.001 0.040176785264780523 0.03645417805905993 -0.15962141781375783
533 1104 1000 1061 566 713 1336 738 100 743 188 1133 1456 574|0.001 -0.04324228819649223 0.10549543233952408 -0.1593667520567732
1768 1875 1305 177 943 1768 331 1260 1951 2362 1314 2574 1374 2500|0.001 0.13340712402285515 0.25977980566040504 -0.19986437203952545
254 1007 135 766 1437 1810 965 1355 1355 1495 722 1032 1972 1975|0.001 0.024842587802458294 -0.24532090221136893 0.2597361980640511
7126 5333 5657 7382 7434 11035 10000 1875 13361 10000 10607 7775 7617 17117|0.001 -0.47668120030798233 0.03521543935415927 0.17682287472844838
1000 533 1104 1336 1061 566 713 188 738 100 743 1414 1458 1456|0.001 0.08204908216446372 -0.1553562938020181 0.09929731143743847
140 794 748 826 556 553 748 533 75 423 399 1091 1281 570|0.001 -0.03092749302197828 0.04489195887638742 -0.017850257345423115
646 674 1211 906 483 91 170 906 513 669 961 1551 1282 705|0.001 -0.20261676379646154 0.05347767199044284 0.03495494878505312
7382 1875 7434 7126 5657 10607 13361 5333 10000 10000 11035 7450 5745 14560|0.001 -0.7430132559512437 0.14590852447201152 -0.10979617255089891
1797 1484 959 135 252 1345 717 993 1427 1345 761 2303 1002 1449|0.001 0.21360410875327362 0.14808580332211996 0.0014053082014053864
748 794 140 1043 1549 1403 1036 1875 1403 1488 263 806 2402 1590|0.001 -0.09317140744820374 -0.8902979227186358 0.08648315872802126
2032 1000 271 135 254 254 135 1007 2032 1007 271 1245 1032 2048|0.001 0.1211027459157199 0.47744757741793764 0.15932703977482587
7434 1875 7382 2000 2000 15000 15000 1000 7434 1875 7382 7617 2236 9234|0.001 0.1278466327243888 -0.0381413539020925 -1.0805583875208813
500 1000 500 3691 3691 3717 3717 7500 938 7500 938 1118 4596 3808|0.001 -0.1315624184771702 -0.08394750335814938 0.09235388444121195
492 133 492 125 125 67 67 1000 496 133 496 613 1008 497|0.001 0.08066604884135131 0.04886328544091434 -0.11529290571456574
8000 1000 8000 3937 3965 3965 3937 533 1067 533 1067 8062 3973 4925|0.001 0.024422931817882354 -0.01587683524861383 0.16823526514623266
135 1007 254 2032 271 271 2032 1000 135 1007 254 1009 1245 303|0.001 -0.0030337124392698644 -0.05010096823577892 0.0923857877733969
271 1000 2032 254 135 135 254 1007 271 1007 2032 1245 1009 303|0.001 -0.048686249381322266 0.10901199236633685 -0.0015527477284182911
125 1000 125 492 492 496 496 133 67 133 67 1008 613 497|0.001 0.06460380927439724 -0.04502726410698932 -0.19605780542018447
3965 533 3937 8000 8000 1067 1067 1000 3965 533 3937 3973 8062 4925|0.001 0.01655461307628725 -0.06630603655639167 0.05437433861061214
3691 7500 3691 500 500 938 938 1000 3717 7500 3717 4596 1118 3808|0.001 0.20536542613910136 0.10015635846884141 -0.08742937354796143
254 1007 135 271 2032 2032 271 1000 254 1007 135 1032 1245 2048|0.001 0.178510764102775 0.023776617662476518 -0.0025099439825504444
2000 1000 2000 7382 7434 7434 7382 1875 15000 1875 15000 2236 7617 9234|0.001 -0.19206502849145712 -0.17328574278022146 0.014224458161413711
2000 1000 2000 7434 7382 7382 7434 1875 15000 1875 15000 2236 7450 9192|0.001 0.16284197270083345 0.8098503853578443 0.2693112493132177
252 993 135 269 2018 2018 269 1000 252 993 135 1002 1242 2033|0.001 0.04154066663283995 0.010794586519029536 -0.3611671471174216
3717 7500 3717 500 500 938 938 1000 3691 7500 3691 4617 1118 3725|0.001 0.9095596033789266 0.2857485066143117 0.1645358839916855
3937 533 3965 8000 8000 1067 1067 1000 3937 533 3965 4062 8062 4903|0.001 0.030708042493949872 -0.03233228658163889 0.13248732566880195
125 1000 125 496 496 492 492 133 67 133 67 1008 616 508|0.001 -0.017838184706238103 -0.12863792525233841 0.018249379960131318
269 1000 2018 252 135 135 252 993 269 993 2018 1242 1025 301|0.001 0.0038848296644977687 0.09076892946289439 -0.019777416151768312
8000 1000 8000 3965 3937 3937 3965 533 1067 533 1067 8062 4062 4903|0.001 -0.08752857822152071 0.09531684716167499 -0.018379141021573897
496 133 496 125 125 67 67 1000 492 133 492 616 1008 508|0.001 0.13808131891531072 -0.1465176850834049 0.057641911905441656
135 993 252 2018 269 269 2018 1000 135 993 252 1025 1242 301|0.001 -0.04719229102467026 -0.10854675108988188 0.022929831583329285
7382 1875 7434 2000 2000 15000 15000 1000 7382 1875 7434 7450 2236 9192|0.001 0.036946479942372434 0.12924637108715276 -0.15978845552459986
500 1000 500 3717 3717 3691 3691 7500 938 7500 938 1118 4617 3725|0.001 0.07727931408202826 0.038120686952600735 0.12427836787036739
2018 1000 269 135 252 252 135 993 2018 993 269 1242 1002 2033|0.001 0.09988550508564176 -0.08376543549640125 -0.2017345907985979
1437 1355 766 135 254 1355 722 1007 1810 1495 965 1972 1032 1975|0.001 0.12831895778200764 0.05068041638009779 -0.8115393140033422
7434 1875 7382 5657 7126 13361 10607 5333 11035 10000 10000 7617 7775 17117|0.001 0.6834326897410281 0.09558393514953245 0.31619018700107526
943 1260 177 1305 1768 1951 1314 1875 1768 2362 331 1374 2574 2500|0.001 0.005019148217744185 -0.12200475067275729 0.20613864538982396
566 738 1061 1000 533 100 188 1104 713 743 1336 1456 1133 574|0.001 -0.1404751045700403 0.09517897987512791 0.039212626475342294
177 1260 943 943 696 701 1040 533 94 672 503 1016 1373 702|0.001 -0.04327499307407057 0.09167257104091941 -0.1740962559200121
1104 533 1000 1061 1336 713 566 188 743 100 738 1133 1077 1712|0.001 0.06656241014819875 -0.15250369197935543 0.0760020321505328
5657 5333 7126 7434 7382 10000 11035 1875 10607 10000 13361 5745 7450 14560|0.001 -0.33169516641859853 0.13029057565266955 0.0661522797274472
252 993 135 959 1797 1427 761 1484 1345 1345 717 1002 2303 1449|0.001 0.03194234496709969 -0.4544052720655323 0.10661408688477758
1549 1875 1043 140 748 1403 263 794 1403 1488 1036 2402 806 1590|0.001 0.09931432140058094 0.20300329319769883 -0.5443211714126495
1061 188 1336 1104 1000 738 743 533 566 100 713 1458 1414 1456|0.001 0.03845888840449119 -0.04710524079034162 0.050083361867450105
483 906 906 1211 646 513 961 674 91 669 170 1282 1551 705|0.001 -0.06854830333262951 0.024007087386921366 0.09544058088916119
556 533 826 748 140 75 399 794 553 423 748 1281 1091 570|0.001 0.118582321006786 -0.1850182420937363 0.052097582712116175
125 1000 125 461 989 989 461 1875 938 1875 938 1008 1931 1047|0.001 0.2014544045994704 -0.7456312412117982 -0.01957379499117784
4064 2144 2167 271 2032 2032 271 1000 4064 2144 2167 4185 1245 4543|0.001 0.11696163478213784 0.20521585564379885 0.2790700990952155
3691 7500 3691 8000 8000 15000 15000 1000 7914 7500 7914 4596 8062 15447|0.001 -0.18380664884335762 0.08782327231206866 0.06070921215172165
8000 1000 8000 7914 7914 3691 3691 7500 15000 7500 15000 8062 8374 8811|0.001 -0.3915319594421407 0.33118156136724863 0.05959866513069123
948 1000 126 1011 1895 1895 1011 466 948 466 126 1058 1113 2119|0.001 0.11359117113072692 -0.7402927378711022 0.11467458313822121
461 1875 989 125 125 938 938 1000 461 1875 989 1101 1008 575|0.001 0.17118907803468364 -0.02021599908534011 -0.5392784108147675
125 1000 125 989 461 461 989 1875 938 1875 938 1008 1101 575|0.001 -0.08547615407292763 -0.7724363297515646 -0.0670090182002192
7914 7500 7914 8000 8000 15000 15000 1000 3691 7500 3691 8374 8062 8811|0.001 -0.5341590971768739 0.04181670968318896 0.24774779835172067
1895 466 1011 126 948 948 126 1000 1895 466 1011 1113 1058 2119|0.001 0.1308255035403305 0.04430428815746623 -0.3601720662894681
8000 1000 8000 3691 3691 7914 7914 7500 15000 7500 15000 8062 4596 15447|0.001 -0.043646524229236094 -0.12335878999241823 0.058823192818395764
989 1875 461 125 125 938 938 1000 989 1875 461 1931 1008 1047|0.001 -0.0130646979531579 0.2147996601232527 0.7117087030574343
2032 1000 271 2167 4064 4064 2167 2144 2032 2144 271 1245 4185 4543|0.001 -0.029475047285634215 -1.0758913900361655 0.11702456899173708
271 1000 2032 4064 2167 2167 4064 2144 271 2144 2032 1245 2387 2184|0.001 -0.019940395774956654 0.07066918872219441 -0.04257179884762596
528 533 246 500 500 67 67 1000 528 533 246 587 1118 558|0.001 -0.06386166711983554 -0.06388327979444997 0.04055133796109445
2000 1000 2000 492 492 1055 1055 133 1067 133 1067 2236 613 1175|0.001 0.07728135103873601 -0.11228902446694389 -0.0965110114733736
1011 466 1895 948 126 126 948 1000 1011 466 1895 1952 1058 1019|0.001 -0.11376180669246394 -0.0455814365379148 0.1341815595856377
1055 133 1055 2000 2000 1067 1067 1000 492 133 492 1117 2236 2060|0.001 0.023354262643147106 0.07631948075172534 0.10157879023981131
500 1000 500 528 246 246 528 533 67 533 67 1118 1030 306|0.001 -0.10957419741275398 0.047272424744637664 0.08138938374955718
126 1000 948 1895 1011 1011 1895 466 126 466 948 1058 1952 1019|0.001 -0.22454388395908187 0.18012946876255098 0.0895661468197706
2000 1000 2000 1055 1055 492 492 133 1067 133 1067 2236 1117 2060|0.001 0.023390710648443225 -0.04123340476528625 -0.08164400517954862
246 533 528 500 500 67 67 1000 246 533 528 1030 1118 306|0.001 -0.011828980864689864 -0.1231411707824015 0.1335230176052682
2167 2144 4064 2032 271 271 2032 1000 2167 2144 4064 2387 1245 2184|0.001 -0.04043902183237136 0.0549620981937915 0.09814938441942145
492 133 492 2000 2000 1067 1067 1000 1055 133 1055 613 2236 1175|0.001 0.05483231095802621 -0.050876313774242954 -0.032610045224105155
500 1000 500 246 528 528 246 533 67 533 67 1118 587 558|0.001 -0.020076189681016432 0.04197323527164176 -0.07994436433744534
1000 1000 1000 533 533 67 67 1000 1104 1000 1104 1414 1133 1002|0.001 -0.21634053231798567 0.05724417954765526 0.026567485067765517
1875 1000 1875 1875 2069 2069 1875 125 1875 125 1875 2125 1879 2792|0.001 0.1493627374034623 0.008817638943010575 -0.05149030585899661
67 1104 533 1000 1000 1000 1000 1000 67 1104 533 1002 1414 1002|0.001 0.05957747061093421 0.06709207246355708 -0.051236166485481016
1000 1000 1000 533 67 67 533 1104 1000 1104 1000 1414 1002 1002|0.001 -0.13316778748721836 -0.09379162368098437 0.0783549079010104
2069 125 1875 1875 1875 1875 1875 1000 2069 125 1875 1879 2125 2792|0.001 0.07196353816083079 -0.0711547734055562 -0.048054272114379515
533 1000 533 1000 1000 1104 1104 1000 67 1000 67 1133 1414 1002|0.001 -0.06013736001470815 0.13947224565591831 -0.04233131753382802
1000 1000 1000 67 67 533 533 1000 1104 1000 1104 1414 1002 1133|0.001 0.011167780170462382 -0.1130023068805952 -1.15000320935303
533 1104 67 1000 1000 1000 1000 1000 533 1104 67 1133 1414 1133|0.001 0.009403188020111752 -0.7270111616675734 0.20458102208329
15000 1000 15000 15000 16553 16553 15000 8000 15000 8000 15000 15033 17000 22338|0.001 0.07571267882651611 0.07886518868949643 0.14837340334656224
1000 1000 1000 67 533 533 67 1104 1000 1104 1000 1414 1133 1133|0.001 -0.020709937359993935 0.040939681146721085 -0.7763717436216477
67 1000 67 1000 1000 1104 1104 1000 533 1000 533 1002 1414 1133|0.001 -0.052405375168753654 -0.5672085316440234 0.09455702674469046
16553 8000 15000 15000 15000 15000 15000 1000 16553 8000 15000 17000 15033 22338|0.001 0.025648825789710283 0.15831057378310476 -0.023231522037828745
1875 125 2069 1875 1875 1875 1875 1000 1875 125 2069 2125 2125 2652|0.001 0.12905495411618118 -0.064100360040662 -0.030115157641728008
533 1000 533 1104 1104 1000 1000 1000 67 1000 67 1133 1489 1133|0.001 -0.07559636551811133 0.1414387488834956 -0.0018077289825779719
906 1000 906 483 60 60 483 906 906 906 906 1350 1027 908|0.001 -0.1709739510284103 -0.06503997218922697 0.12691627365210456
1875 1000 1875 2069 1875 1875 2069 125 1875 125 1875 2125 2125 2652|0.001 0.023455167095616236 -0.19588233046828774 0.019174961464818452
60 906 483 906 906 906 906 1000 60 906 483 1027 1350 908|0.001 0.002205259491341316 0.10310474167382733 0.020043846138297905
1104 1000 1104 533 533 67 67 1000 1000 1000 1000 1489 1133 1133|0.001 -0.0041373291482260655 0.06319514639244739 0.04392673167957328
15000 8000 16553 15000 15000 15000 15000 1000 15000 8000 16553 15033 15033 21213|0.001 -0.618890614933898 -0.03412646106773609 0.12249963219680415
906 1000 906 60 483 483 60 906 906 906 906 1350 908 1027|0.001 -0.08907229234669134 -0.019895230585690316 -0.8568469520384348
67 1000 67 1104 1104 1000 1000 1000 533 1000 533 1002 1489 1002|0.001 0.1304145997249906 -0.8341067929121404 0.0539570311926707
15000 1000 15000 16553 15000 15000 16553 8000 15000 8000 15000 15033 15033 21213|0.001 -0.6299548698064805 0.02723315972661844 0.04766016983634991
483 906 60 906 906 906 906 1000 483 906 60 908 1350 1027|0.001 0.16099136867641084 -0.35004765613588007 0.06081744802754363
1104 1000 1104 67 67 533 533 1000 1000 1000 1000 1489 1002 1002|0.001 0.16595931189136603 -0.046583397484180056 -0.8915825984722103
2032 1000 271 144 269 269 144 1049 2032 1049 271 1245 1119 2050|0.001 0.10465683284117899 -0.07974793493720989 -0.0751651956670829
7300 1875 6960 1886 1886 14142 14142 1000 7300 1875 6960 7792 2134 8942|0.001 0.11561314737589479 0.2004335707690008 0.41347067057596165
530 1000 530 3691 3691 3872 3872 7500 994 7500 994 1132 4596 4132|0.001 -0.2507344061412453 0.13825672190303617 0.11399024393186075
492 133 492 133 133 71 71 1000 516 133 516 613 1009 473|0.001 0.042063904770406335 0.0035616029621499123 -0.122862035561081
7542 1000 7542 3712 3893 3893 3712 533 1006 533 1006 7608 3569 4769|0.001 0.11304406643342979 0.0397866556472537 -0.030686595534811234
144 1049 269 2032 271 271 2032 1000 144 1049 269 961 1245 307|0.001 0.13846082464139764 -0.018178188873740897 -0.017770520262021527
271 1000 2032 269 144 144 269 1049 271 1049 2032 1245 961 307|0.001 0.15795767450010878 0.01796315396551673 0.004759639633735713
133 1000 133 492 492 516 516 133 71 133 71 1009 613 473|0.001 0.09820774302281787 0.0017077066641646432 -0.22562363163833088
3893 533 3712 7542 7542 1006 1006 1000 3893 533 3712 3569 7608 4769|0.001 0.027388541937669597 -0.14699997161062517 0.08173529800097112
3691 7500 3691 530 530 994 994 1000 3872 7500 3872 4596 1132 4132|0.001 -0.1986040909513498 0.08284438513524339 0.1811718128309847
269 1049 144 271 2032 2032 271 1000 269 1049 144 1119 1245 2050|0.001 0.10644488047182099 0.19277592441896418 0.1643356816050856
1886 1000 1886 6960 7300 7300 6960 1875 14142 1875 14142 2134 7792 8942|0.001 0.2086189882521694 -0.48697039701006584 -0.003962929915014568
1886 1000 1886 7300 6960 6960 7300 1875 14142 1875 14142 2134 6692 8667|0.001 0.14496703702260305 0.543721447599903 0.12738531974688438
257 953 137 258 1937 1937 258 1000 257 953 137 917 1225 1954|0.001 0.1345804695957331 0.15478895708133988 0.40224726819496626
3872 7500 3872 530 530 994 994 1000 3691 7500 3691 4742 1132 3549|0.001 -0.4683608619806978 -0.0659055806019937 0.11831210063311337
3712 533 3893 7542 7542 1006 1006 1000 3712 533 3893 4156 7608 4622|0.001 -0.050688608359831244 0.009270942181076602 0.10265302630116269
133 1000 133 516 516 492 492 133 71 133 71 1009 632 551|0.001 0.0604635767410544 0.07374529379224226 -0.05569490116651088
258 1000 1937 257 137 137 257 953 258 953 1937 1225 1067 292|0.001 -0.12312504194473606 0.11129172872248683 0.08795948950426569
7542 1000 7542 3893 3712 3712 3893 533 1006 533 1006 7608 4156 4622|0.001 -0.07017387130232255 0.06033001510129532 -0.09988727412618914
516 133 516 133 133 71 71 1000 492 133 492 632 1009 551|0.001 -0.023219678682641076 0.13325343027107417 -0.02630237334355079
137 953 257 1937 258 258 1937 1000 137 953 257 1067 1225 292|0.001 -0.1732586065170061 0.019698505452276915 0.09940227741014329
6960 1875 7300 1886 1886 14142 14142 1000 6960 1875 7300 6692 2134 8667|0.001 0.1711664794621437 0.10959397619621836 -0.19689171159770535
530 1000 530 3872 3872 3691 3691 7500 994 7500 994 1132 4742 3549|0.001 -0.17380521253183012 0.015112829276056061 0.001451439557011991
1937 1000 258 137 257 257 137 953 1937 953 258 1225 917 1954|0.001 0.05007662178892147 -0.2797208021758446 0.10474660387831403
2604 5000 2604 3872 3872 5579 5579 7500 4883 15000 4883 3432 4742 7892|0.001 -0.7306796435984764 0.045934863749927946 0.13172970579248489
1937 1000 258 673 1261 1261 673 1441 3874 1441 1291 1225 2038 3016|0.001 -0.06348024455498313 -1.030689554946832 -0.07368100846240622
2142 1875 1487 384 1920 5760 2880 1000 2142 1875 1487 3031 1318 3956|0.001 0.12034525188192369 0.21511611445767187 0.32004269093669047
1920 1000 384 1487 2142 2142 1487 1875 5760 1875 2880 1318 3031 3956|0.001 0.030293187777481467 -0.4391671470128544 0.09771457784905069
3872 7500 3872 2604 2604 4883 4883 5000 5579 15000 5579 4742 3432 7892|0.001 -1.0352621128602868 0.019080998317151376 0.027640147792293845
1261 1441 673 258 1937 3874 1291 1000 1261 1441 673 2038 1225 3016|0.001 0.15642966562160243 0.11388360552830212 -0.28128298072371827
896 1000 2689 875 467 467 875 694 179 694 1344 1847 1415 615|0.001 0.00482692902624704 0.11794228111286609 -0.12979476979122606
793 533 1143 3072 1536 205 1024 1000 793 533 1143 1616 2391 971|0.001 -0.09946736542103873 -0.009206200894940064 0.08737584891362671
326 500 326 372 372 258 258 333 174 67 174 778 687 526|0.001 0.08058340372255834 0.007917145695683914 0.0373876592999256
467 694 875 2689 896 179 1344 1000 467 694 875 1415 1847 615|0.001 0.04764487900217773 -0.06392913135328082 0.05969550021151182
372 333 372 326 326 174 174 500 258 67 258 687 778 526|0.001 0.12458703501784685 -0.23870151506970583 0.10138559545074255
1536 1000 3072 1143 793 793 1143 533 205 533 1024 2391 1616 971|0.001 -0.010881921156589147 0.030647490050599302 0.03147013396582077
1000 1000 1000 566 71 71 566 738 1000 738 1000 1414 1051 1002|0.001 0.03632674501315547 -0.2224496820873001 0.04641904969636901
1305 125 1768 1768 1768 1768 1768 1000 1305 125 1768 1858 2031 2197|0.001 0.05088615139042796 -0.012686351923334449 0.03644838171273701
566 1000 566 1000 1000 738 738 1000 71 1000 71 1149 1414 1051|0.001 -0.21936610300142378 0.08658628658078982 -0.10246498850233432
1000 1000 1000 71 71 566 566 1000 738 1000 738 1414 1002 721|0.001 0.23974882419889765 0.044169357357637384 -0.41644420845932006
14142 1000 14142 14142 10440 10440 14142 8000 14142 8000 14142 14177 10198 17578|0.001 -0.7900742168804264 0.16790975659188856 0.04712170126488724
566 738 71 1000 1000 1000 1000 1000 566 738 71 721 1414 1149|0.001 -0.03015414157307217 -0.7022739438839598 0.10626617237212255
1000 1000 1000 71 566 566 71 738 1000 738 1000 1414 721 1149|0.001 0.04260700463427192 0.17561927431917645 -0.4172848084185854
71 1000 71 1000 1000 738 738 1000 566 1000 566 1002 1414 721|0.001 0.044026924582900584 -0.9059630333600543 0.08763667529639196
10440 8000 14142 14142 14142 14142 14142 1000 10440 8000 14142 10198 14177 17578|0.001 0.21630093099508363 0.17245456463089948 0.01745888471183843
1000 1000 1000 566 566 71 71 1000 738 1000 738 1414 1149 1051|0.001 0.025744056501406654 0.14273442089309585 -0.014159469648395984
71 738 566 1000 1000 1000 1000 1000 71 738 566 1051 1414 1002|0.001 -0.17114541317476806 0.14446948938053428 -0.06243929469785914
1768 1000 1768 1768 1305 1305 1768 125 1768 125 1768 2031 1858 2197|0.001 0.10044296407389686 -0.15777751679541763 0.008029186608435879
1768 1000 1768 1305 1768 1768 1305 125 1768 125 1768 2031 1275 2500|0.001 0.025818246907209907 0.041086995266166326 0.1373205167076641
96 1355 766 1355 1355 1355 1355 1000 96 1355 766 977 1684 1358|0.001 -0.10009491311367302 0.11046349999341398 -0.1659572866840986
738 1000 738 566 566 71 71 1000 1000 1000 1000 1243 1149 721|0.001 0.07052243363850241 -0.1264999982842696 0.0935038520576903
14142 8000 10440 14142 14142 14142 14142 1000 14142 8000 10440 14866 14177 20000|0.001 0.3417515059763798 0.18203697381796058 0.05419710351900031
71 1000 71 738 738 1000 1000 1000 566 1000 566 1002 1243 1051|0.001 -0.044460316691367074 -0.5031462110994056 -0.019685649313878617
1355 1000 1355 96 766 766 96 1355 1355 1355 1355 1684 1424 1556|0.001 -0.08169857189354368 -0.028721202411459146 -0.9252393569809447
14142 1000 14142 10440 14142 14142 10440 8000 14142 8000 14142 14177 14866 20000|0.001 -0.036104082824593986 -0.0585022783570055 0.1319076535262731
738 1000 738 71 71 566 566 1000 1000 1000 1000 1243 1002 1051|0.001 0.1866418195009123 -0.0009309912143451449 -0.23226053042729733
766 1355 96 1355 1355 1355 1355 1000 766 1355 96 1424 1684 1556|0.001 -0.1222769876653973 -1.0257429004521479 0.10636297425397512
1768 125 1305 1768 1768 1768 1768 1000 1768 125 1305 1275 2031 2500|0.001 0.12312392118804194 -0.05244239920770166 0.04317619096015246
566 1000 566 738 738 1000 1000 1000 71 1000 71 1149 1243 721|0.001 0.011781578509024726 0.1436976185318528 -0.04323108424396982
1355 1000 1355 766 96 96 766 1355 1355 1355 1355 1684 977 1358|0.001 -0.18886287632431387 -0.031998342460136664 0.12282849240016436
1111 1000 1111 1240 1240 1240 1240 222 3333 222 3333 1495 1326 2289|0.001 0.11776357079184674 -0.3616918650087031 -0.18396483410671793
179 1000 807 896 2689 2689 896 1000 179 1000 807 1070 1847 2695|0.001 -0.14435831698864754 0.12518707282021868 -0.4017036389591955
1116 3000 1116 900 900 200 200 1000 1116 3000 1116 2060 1345 1194|0.001 -0.39621217577516465 0.0255172083224231 0.07859615272525211
900 1000 900 1116 1116 1116 1116 3000 200 3000 200 1345 2060 1194|0.001 -0.3137505235221527 0.06995417472776211 -0.18246467917909737
2689 1000 896 807 179 179 807 1000 2689 1000 896 1847 1070 2695|0.001 0.05044656407036552 -0.34353605943521326 0.038036726781789376
1240 222 1240 1111 1111 3333 3333 1000 1240 222 1240 1326 1495 2289|0.001 0.09035702216627195 0.06317582282939549 -0.33397786298159704
1111 1000 1111 1240 1240 1240 1240 222 3333 222 3333 1495 1326 2289|0.001 0.1833248137601129 -0.1460484968894138 -0.03281823168397313
1116 3000 1116 900 900 200 200 1000 1116 3000 1116 2060 1345 1194|0.001 -0.39644718127991085 0.030260859424482422 0.07559102550161345
179 1000 807 896 2689 2689 896 1000 179 1000 807 1070 1847 2695|0.001 0.05453684778564005 0.04341836948084321 -0.029449672831802776
900 1000 900 1116 1116 1116 1116 3000 200 3000 200 1345 2060 1194|0.001 -0.5091941180235215 0.10631234904242781 -0.11215097045897737
1240 222 1240 1111 1111 3333 3333 1000 1240 222 1240 1326 1495 2289|0.001 0.07348929274232807 0.06889399932209272 -0.13641665535599756
2689 1000 896 807 179 179 807 1000 2689 1000 896 1847 1070 2695|0.001 -0.19128707230823272 -0.22770341648731818 0.17983204069908165
896 1000 2689 179 807 807 179 1000 896 1000 2689 1847 1070 1206|0.001 -0.017696533082817156 0.11178240343616475 -0.533683589845666
5579 4500 5579 15000 15000 5000 5000 1000 5579 4500 5579 5969 15033 10302|0.001 -0.04000395879708574 0.06516152917644291 0.08776028264892544
67 1000 67 372 372 372 372 333 300 333 300 1002 687 398|0.001 -0.006157424418345991 -0.4111636877392544 -0.01577346962447157
807 1000 179 2689 896 896 2689 1000 807 1000 179 1070 1847 1206|0.001 0.010415069033860025 -0.649860547693889 0.12014579818280247
372 333 372 67 67 300 300 1000 372 333 372 687 1002 398|0.001 0.05563391339771018 -0.02827082775789247 -0.6167347182808536
15000 1000 15000 5579 5579 5579 5579 4500 5000 4500 5000 15033 5969 10302|0.001 -0.48054382371410687 -0.011029717537979211 0.011430730452768323
896 1000 2689 179 807 807 179 1000 896 1000 2689 1847 1070 1206|0.001 -0.016547649356898342 0.07139149826553837 -0.7564057913019961
67 1000 67 372 372 372 372 333 300 333 300 1002 687 398|0.001 -0.02681846327236781 -0.1997006897818221 0.16555327540790366
5579 4500 5579 15000 15000 5000 5000 1000 5579 4500 5579 5969 15033 10302|0.001 -0.051455035478836786 -0.002718668507786237 0.09755689230960485
807 1000 179 2689 896 896 2689 1000 807 1000 179 1070 1847 1206|0.001 0.16070148884508972 0.1066865757402291 0.017022454802309017
372 333 372 67 67 300 300 1000 372 333 372 687 1002 398|0.001 -0.025076612460983583 -0.050029796491597445 -0.5762932244423757
15000 1000 15000 5579 5579 5579 5579 4500 5000 4500 5000 15033 5969 10302|0.001 -0.6203199578614738 0.08055053477101115 -0.10100011464448722
1000 1000 1000 3000 1600 200 1600 1720 1720 1720 1720 1414 1887 1020|0.001 -0.15911078562745207 0.008989865182615908 0.1387996301587524
573 533 333 333 573 573 333 533 573 67 333 629 629 1046|0.001 0.0678267794403653 -0.09610949295703164 0.006114164576449532
1600 1720 3000 1000 1000 1720 1720 1000 200 1720 1600 1887 1414 1020|0.001 -0.15440301491566943 0.11112728714984366 0.0969089580296223
1000 1000 1000 200 1600 3000 1600 1720 1720 1720 1720 1414 1887 3162|0.001 0.2021979803329188 -0.104435366228397 -0.7482495609036277
1600 1720 200 1000 1000 1720 1720 1000 3000 1720 1600 1887 1414 3162|0.001 -0.05339267663822089 -1.5792026548796012 -0.0629185240974206
8602 8000 5000 5000 8602 8602 5000 8000 8602 15000 5000 9434 9434 15684|0.001 -1.0994338843330098 0.18192538587523233 -0.06970017317154853
333 533 573 573 333 333 573 533 333 67 573 1054 1054 471|0.001 0.10893591793716961 -0.15250601314544032 0.023001041018613222
930 581 1744 1000 1000 581 581 1000 116 581 930 1838 1823 1097|0.001 -0.1984568495555039 0.11057956690670778 0.07207936941008963
1000 1000 1000 1744 930 116 930 581 581 581 581 1823 1838 1097|0.001 -0.03430464873993899 0.11268345527458257 0.04535913280446113
5000 8000 8602 8602 5000 5000 8602 8000 5000 15000 8602 5099 5099 7071|0.001 -0.5607846363070013 -0.0032725151750123693 0.19005839885345877
1000 1000 1000 116 930 1744 930 581 581 581 581 1823 593 1097|0.001 0.026947255348730437 0.20945384565149494 -0.2787620896007492
930 581 116 1000 1000 581 581 1000 1744 581 930 593 1823 1097|0.001 0.0730572568085619 -1.3139775466544779 -0.15405306552594533
1000 1000 1000 1600 1600 200 200 1000 1720 1000 1720 1414 1887 1020|0.001 -0.09114361048689013 -0.007679295383548057 0.15241579018700602
625 1000 625 625 1075 1075 625 125 625 125 625 1179 637 1244|0.001 0.1445851240854079 -0.12253903263985899 -0.10478127390918357
200 1720 1600 1000 1000 1000 1000 1000 200 1720 1600 1020 1414 1020|0.001 -0.0032485900181677962 0.07846210438665624 0.027262107111920564
1000 1000 1000 1600 200 200 1600 1720 1000 1720 1000 1414 1020 1020|0.001 0.10083296435374534 -0.05717098611232485 -0.006131334818033629
1075 125 625 625 625 625 625 1000 1075 125 625 637 1179 1244|0.001 0.09066773157230257 0.01585231118404362 0.09620587963178329
1600 1000 1600 1000 1000 1720 1720 1000 200 1000 200 1887 1414 1020|0.001 0.11526350069190006 0.07738973730344822 0.004016261409718336
1000 1000 1000 200 200 1600 1600 1000 1720 1000 1720 1414 1020 1887|0.001 0.07810222693298341 0.14503998493088588 0.04183179852745411
1600 1720 200 1000 1000 1000 1000 1000 1600 1720 200 1887 1414 1887|0.001 -0.05868031721447231 -0.7950509355604252 0.03190068040578087
5000 1000 5000 5000 8602 8602 5000 8000 5000 8000 5000 5099 9434 9950|0.001 -0.241177448478197 0.11864099472267187 0.013023677796850652
1000 1000 1000 200 1600 1600 200 1720 1000 1720 1000 1414 1887 1887|0.001 0.2148389351706137 -0.051112664092843874 0.6400893665230201
200 1000 200 1000 1000 1720 1720 1000 1600 1000 1600 1020 1414 1887|0.001 0.0589371468700195 -1.06706690226669 -0.078203937231065
8602 8000 5000 5000 5000 5000 5000 1000 8602 8000 5000 9434 5099 9950|0.001 -1.083770658076657 -0.10931155567046158 0.06557217276054406
625 125 1075 625 625 625 625 1000 625 125 1075 1179 1179 884|0.001 0.0007809367128985834 0.1215073176221182 0.02313175631940334
1600 1000 1600 1720 1720 1000 1000 1000 200 1000 200 1887 1990 1887|0.001 -0.05103544183926556 0.034690508604964254 0.056770580971239326
581 1000 581 930 116 116 930 581 581 581 581 1157 1097 593|0.001 -0.11010315881717525 0.08191483399180743 0.14592085018850343
625 1000 625 1075 625 625 1075 125 625 125 625 1179 1179 884|0.001 0.09146839223677539 0.08977605338232886 0.0021166894989121943
116 581 930 581 581 581 581 1000 116 581 930 1097 1157 593|0.001 -0.09337447773653862 0.06378324917834632 -0.1577029393472551
1720 1000 1720 1600 1600 200 200 1000 1000 1000 1000 1990 1887 1887|0.001 -0.2473967668955479 0.03968264060703275 0.011539832968012753
5000 8000 8602 5000 5000 5000 5000 1000 5000 8000 8602 5099 5099 7071|0.001 -0.1949544294732386 0.01914385092866233 0.14918500231816179
581 1000 581 116 930 930 116 581 581 581 581 1157 593 1097|0.001 -0.0028949644711195877 0.2585653897304696 -0.13369745004700895
200 1000 200 1720 1720 1000 1000 1000 1600 1000 1600 1020 1990 1020|0.001 0.1748493313985655 -0.4014295319405914 0.08085402173434231
5000 1000 5000 8602 5000 5000 8602 8000 5000 8000 5000 5099 5099 7071|0.001 -0.4596859344490345 0.02634280133800848 0.02231045682549615
930 581 116 581 581 581 581 1000 930 581 116 593 1157 1097|0.001 0.13118043569516402 0.20195962961403247 -0.13413417651017112
1720 1000 1720 200 200 1600 1600 1000 1000 1000 1000 1990 1020 1020|0.001 0.15708529136620575 0.14664653341909473 0.0346687286236147
70 1000 70 1220 1747 1747 1220 1690 1056 1690 1056 1002 2648 1768|0.001 0.21242211851342674 -0.7554441124910549 0.09731028082711868
1386 1433 820 58 866 866 58 1000 1386 1433 820 2171 1025 1634|0.001 0.11952563642634528 0.012424796194294707 -0.7461631609570474
17317 15000 17317 14200 14200 24000 24000 1000 24808 15000 24808 17745 14235 37596|0.001 -0.41010108448960136 0.06906349591977667 -0.07152186922185222
14200 1000 14200 24808 24808 17317 17317 15000 24000 15000 24000 14235 25109 13544|0.001 -1.561406241853882 0.26406341712146286 -0.007108903312744719
605 1000 40 572 967 967 572 698 605 698 40 1012 546 1141|0.001 -0.02717601531949221 -1.59356870951177 -0.08806766741987548
1220 1690 1747 70 70 1056 1056 1000 1220 1690 1747 954 1002 1250|0.001 -0.015245759808615311 -0.06880334745022032 -2.274707840647352
70 1000 70 1747 1220 1220 1747 1690 1056 1690 1056 1002 954 1250|0.001 0.028109820951767173 -1.2473794594938759 -0.0711830189121665
24808 15000 24808 14200 14200 24000 24000 1000 17317 15000 17317 25109 14235 13544|0.001 0.29218028660072504 0.15406368513131374 0.1752468292801712
967 698 572 40 605 605 40 1000 967 698 572 546 1012 1141|0.001 0.20055085294422792 0.07124321083229024 0.8021064797430189
14200 1000 14200 17317 17317 24808 24808 15000 24000 15000 24000 14235 17745 37596|0.001 0.8569440650805427 0.06401153462436637 0.24741649158812828
1747 1690 1220 70 70 1056 1056 1000 1747 1690 1220 2648 1002 1768|0.001 0.041038745114785335 0.09698163850627717 -0.003394169045278783
866 1000 58 820 1386 1386 820 1433 866 1433 58 1025 2171 1634|0.001 0.025729508528522516 -1.7167565668622764 0.06651101284269378
58 1000 866 1386 820 820 1386 1433 58 1433 866 1025 782 822|0.001 -0.19190924740010606 0.12248722898142494 -0.05876048673582157
1034 592 722 625 625 42 42 1000 1034 592 722 564 1179 1046|0.001 -0.0875331016655223 0.11383105371241431 0.0033662713462190297
1600 1000 1600 1154 1154 1654 1654 67 947 67 947 1887 1183 903|0.001 0.09405967395338832 -0.04281058937572357 -0.033657012344788795
572 698 967 605 40 40 605 1000 572 698 967 1515 1012 574|0.001 -0.13412650903351975 0.0848294369253555 0.10525671184832275
1654 67 1654 1600 1600 947 947 1000 1154 67 1154 1674 1887 2506|0.001 0.1120374747322117 0.028451924918109217 -0.021193598443969286
625 1000 625 1034 722 722 1034 592 42 592 42 1179 1567 739|0.001 -0.12971357441285858 0.08786289532600966 -0.04909415665848571
40 1000 605 967 572 572 967 698 40 698 605 1012 1515 574|0.001 -0.21162128709915407 0.20229028268368365 0.04541628936198139
1600 1000 1600 1654 1654 1154 1154 67 947 67 947 1887 1674 2506|0.001 0.07246153148332324 -0.16398480919079694 -0.06846827599075511
722 592 1034 625 625 42 42 1000 722 592 1034 1567 1179 739|0.001 0.0845386879943888 -0.21884290066715772 0.2029515624839351
820 1433 1386 866 58 58 866 1000 820 1433 1386 782 1025 822|0.001 0.029029873890371594 -0.0260498141900245 0.08153376384695488
1154 67 1154 1600 1600 947 947 1000 1654 67 1654 1183 1887 903|0.001 0.13644725882030695 -0.01977081824924176 -0.011504121688757918
625 1000 625 722 1034 1034 722 592 42 592 42 1179 564 1046|0.001 0.007618693783606467 0.0924912936511868 -0.09673081748698298
1000 1000 1000 1000 533 67 533 1104 1104 1104 1104 1414 1133 1002|0.001 -0.00757951549002156 -0.11188884679254829 0.11362999468489621
1104 533 1000 1000 1104 1104 1000 533 1104 67 1000 1133 1133 1694|0.001 0.035523731117115265 -0.02511535234379192 0.103128710097804
533 1104 1000 1000 1000 1104 1104 1000 67 1104 533 1133 1414 1002|0.001 0.010492675272988361 0.1358556013395429 -0.0986159997651026
1000 1000 1000 67 533 1000 533 1104 1104 1104 1104 1414 1133 1414|0.001 -0.024882904229920344 -0.08715391888685975 -1.8050376088304665
533 1104 67 1000 1000 1104 1104 1000 1000 1104 533 1133 1414 1414|0.001 0.18763514998150876 -0.8215407109934281 -0.04164730127330318
16553 8000 15000 15000 16553 16553 15000 8000 16553 15000 15000 17000 17000 25417|0.001 -1.1758087273762752 0.1908861981590082 -0.027857464245232277
1000 533 1104 1104 1000 1000 1104 533 1000 67 1104 1414 1414 1414|0.001 0.13536146178890762 -0.18654612784232638 -0.04909352708314607
483 906 906 1000 1000 906 906 1000 60 906 483 1282 1535 1027|0.001 -0.05934577861978152 0.09052186697364295 -0.12087637542206986
1000 1000 1000 906 483 60 483 906 906 906 906 1535 1282 1027|0.001 -0.03489491330565975 -0.10942867451188776 0.1710084749284424
15000 8000 16553 16553 15000 15000 16553 8000 15000 15000 16553 15033 15033 21213|0.001 -1.1086784124112836 0.023097221120420564 0.08886030101613152
1000 1000 1000 60 483 906 483 906 906 906 906 1535 908 1027|0.001 0.18637831853242748 -0.10715174196716859 -0.6484703546690196
483 906 60 1000 1000 906 906 1000 906 906 483 908 1535 1027|0.001 0.021238730094219616 -1.9818997146085437 -0.05175616993008947
625 1000 625 647 502 502 647 592 42 592 42 1179 1119 527|0.001 -0.05395266834192003 0.035796659651674556 0.05189643380063114
915 776 1546 966 64 64 966 1000 915 776 1546 1729 1031 917|0.001 -0.03140054228478739 -0.0951568766403732 0.08747762727471686
1035 67 1035 1600 1600 947 947 1000 803 67 803 1067 1887 1790|0.001 0.1133973575248981 -0.10112037265215923 -0.05694457737321024
1600 1000 1600 803 803 1035 1035 67 947 67 947 1887 843 1241|0.001 0.11338266045755718 -0.10357008793696054 -0.005265879032396725
83 1000 1246 1993 1179 1179 1993 1289 83 1289 1246 1050 1546 1182|0.001 0.054024431715182786 0.032675488563054245 -0.05708407329143905
647 592 502 625 625 42 42 1000 647 592 502 776 1179 667|0.001 0.06569362989820027 -0.19443286535638094 0.16779738131639022
625 1000 625 502 647 647 502 592 42 592 42 1179 776 667|0.001 0.05063182475378847 0.11843500608303081 -0.16035729020210776
803 67 803 1600 1600 947 947 1000 1035 67 1035 843 1887 1241|0.001 0.07377310322934427 -0.010107021200685962 -0.011291325688052023
1179 1289 1993 1246 83 83 1246 1000 1179 1289 1993 1546 1050 1182|0.001 -0.1620715098469272 0.010187168026467575 0.137346024665832
1600 1000 1600 1035 1035 803 803 67 947 67 947 1887 1067 1790|0.001 0.0925189946254279 0.009201176477393602 0.036121933428634456
502 592 647 625 625 42 42 1000 502 592 647 1119 1179 527|0.001 0.052118412301194184 -0.0941360986261941 0.1519006721782401
64 1000 966 1546 915 915 1546 776 64 776 966 1031 1729 917|0.001 0.015800971747799153 0.05687091519285703 -0.14655095954500097
966 1000 64 915 1546 1546 915 776 966 776 64 1031 1199 1823|0.001 0.09437221793901163 -0.25132502621024955 0.14866311930763043
848 1690 1093 70 70 1056 1056 1000 848 1690 1093 1311 1002 891|0.001 0.07108381415509513 -0.029010434186304 -1.7391943088469008
14200 1000 14200 15527 15527 12043 12043 15000 24000 15000 24000 14235 16002 18619|0.001 -2.117651658198464 0.16672256361966342 -0.08924029227694974
1993 1289 1179 83 1246 1246 83 1000 1993 1289 1179 2230 1050 2350|0.001 0.20194283634783705 0.07022844877907275 0.032732345199133484
12043 15000 12043 14200 14200 24000 24000 1000 15527 15000 15527 12651 14235 26852|0.001 -0.3357028237302684 0.04043484706694134 0.11808104669222219
70 1000 70 848 1093 1093 848 1690 1056 1690 1056 1002 1891 1127|0.001 0.0398525365104585 -1.3322130264915821 0.04036510078330391
1246 1000 83 1179 1993 1993 1179 1289 1246 1289 83 1050 2230 2350|0.001 0.19762949486523462 0.15231336602167023 -0.0468051599510122
14200 1000 14200 12043 12043 15527 15527 15000 24000 15000 24000 14235 12651 26852|0.001 -0.9862359276254395 0.04933939305735713 0.07745420334698272
1093 1690 848 70 70 1056 1056 1000 1093 1690 848 1891 1002 1127|0.001 -0.06705713055359608 0.01786252249589948 -0.7469681381776982
1546 776 915 64 966 966 64 1000 1546 776 915 1199 1031 1823|0.001 0.18767154267137487 0.039742114211247515 -0.042793881405243095
15527 15000 15527 14200 14200 24000 24000 1000 12043 15000 12043 16002 14235 18619|0.001 -2.156883259851959 -0.06985399631642242 0.13839427421978412
70 1000 70 1093 848 848 1093 1690 1056 1690 1056 1002 1311 891|0.001 0.16107320500908795 -1.0989534356757868 0.012489190662547944
573 333 573 573 573 268 268 333 551 22 551 814 814 710|0.001 0.1248082772119452 -0.2003337666246685 0.028799874466141073
581 1000 1744 1000 961 961 1000 467 39 467 581 1419 1238 973|0.001 -0.14896798066467043 0.13026348544648458 0.014091107957971971
467 961 1000 1744 581 39 581 1000 467 961 1000 1238 1419 490|0.001 -0.1133908627219471 -0.030695635250804765 0.15606211164985506
581 1000 1744 1000 467 467 1000 961 39 961 581 1419 1238 490|0.001 -0.12487908973218054 0.12788910481989602 0.008680048126918916
573 333 573 573 573 551 551 333 268 22 268 814 814 710|0.001 0.1327287177802572 0.06055454180357911 -0.1816529046007953
961 467 1000 1744 581 39 581 1000 961 467 1000 1238 1419 973|0.001 0.02572848499965641 -0.061753750074452496 0.08971439550907734
1246 1000 83 2060 2143 2143 2060 2143 3737 2143 1246 1050 2653 3041|0.001 0.03849523815325551 -2.5700882921155275 0.15374756988098204
1040 1040 485 40 605 1814 605 1000 1040 1040 485 1288 1012 1476|0.001 0.15388716328424756 0.1459299077220999 -0.9723638053887829
24808 15000 24808 12043 12043 25807 25807 15000 25807 45000 25807 25109 12651 31954|0.001 -2.569435478504615 0.017565066188942602 0.17506265717983194
2143 2143 2060 83 1246 3737 1246 1000 2143 2143 2060 2653 1050 3041|0.001 0.18548515678754596 0.171696705416704 -0.367281795502461
12043 15000 12043 24808 24808 25807 25807 15000 25807 45000 25807 12651 25109 31954|0.001 -2.6181789597824623 0.11361873247748511 0.08448293760560777
605 1000 40 485 1040 1040 485 1040 1814 1040 605 1012 1288 1476|0.001 0.14696646496164423 -0.25904966817401176 0.2796014048866091