573 533 333 1000 1000 533 533 1000 739 533 573 629 1414 783|0.001 -0.03461309897850762 0.08291020188019971 -0.0026480986031474085
1000 1000 1000 333 573 739 573 533 533 533 533 1414 629 783|0.001 -0.045293795060212805 0.0738482376229288 -0.02544424265744194
1600 1720 3000 3000 1600 1600 3000 1720 1600 2218 3000 1887 1887 2263|0.001 -0.02445147903538003 0.07652895020767048 0.012841187953440691
930 581 1744 1744 930 930 1744 1289 930 1000 1744 1838 1366 1315|0.001 -0.04122117980524753 0.09158394105137635 0.021638468771640884
739 533 573 1000 1000 533 533 1000 573 533 333 783 1414 1153|0.001 -0.028902336723616306 0.09387422028579673 -0.001259492698540976
1000 1000 1000 573 333 573 739 533 533 533 533 1414 1054 629|0.001 -0.03389240526605275 0.06107036263200749 0.01694185653514424
625 1875 1075 1000 1000 1875 1875 1000 1075 1875 1386 1179 1414 1976|0.001 -0.1782508807671246 0.04072094062994358 -0.01970619259084594
1744 1289 930 930 1744 1744 930 581 1744 1000 930 2010 1097 2466|0.001 -0.0961010112568228 0.0007066150337009525 -0.08264197489612601
1000 1000 1000 1075 1386 1075 625 1875 1875 1875 1875 1414 2161 1468|0.001 -0.11836553032078645 0.0420880491713449 -0.01967192499674364
3000 1720 1600 1600 3000 3000 1600 1720 3000 2218 1600 3162 3162 4243|0.001 -0.08475383952365134 -0.005871572151928683 -0.09931061249555007
1000 1000 1000 625 1075 1386 1075 1875 1875 1875 1875 1414 1976 2161|0.001 -0.048834342959922505 0.19795411131384721 0.0556731268068944
1075 1875 625 1000 1000 1875 1875 1000 1386 1875 1075 1976 1414 2161|0.001 -0.1958322504204857 0.05864989912859775 -0.05431831862895198
333 533 573 1000 1000 533 533 1000 573 533 739 1054 1414 629|0.001 -0.029193412172452415 0.08056547005702797 0.009880199897489561
1000 1000 1000 573 739 573 333 533 533 533 533 1414 783 1153|0.001 -0.06702337349995369 0.03771535083370248 -0.037268796570565366
930 1289 1744 1744 930 930 1744 581 930 1000 1744 1366 1838 1315|0.001 -0.01303815042567602 0.1117345184926255 0.023162797158984283
1000 1000 1000 739 573 333 573 533 533 533 533 1414 1153 1054|0.001 -0.05459216634007391 0.047808631498014176 0.006041573890407381
721 776 1353 1353 721 721 1353 776 721 451 1353 1559 1559 1020|0.001 -0.09850705094642698 0.129862032739414 0.04808041371269001
573 533 739 1000 1000 533 533 1000 333 533 573 1153 1414 1054|0.001 -0.03421615319722626 0.08544619500140849 -0.00461692121501045
1075 1875 1386 1000 1000 1875 1875 1000 625 1875 1075 1468 1414 1179|0.001 -0.0814023806504427 0.09287022024259572 0.03446016161203991
1353 776 721 721 1353 1353 721 776 1353 451 721 1059 1059 1913|0.001 -0.09129535443601067 0.005793373804598989 -0.09797262039530019
1000 1000 1000 1386 1075 625 1075 1875 1875 1875 1875 1414 1468 1179|0.001 -0.1296623642765793 0.08939179584571688 -0.003897777902712729
1000 1000 1000 1075 625 1075 1386 1875 1875 1875 1875 1414 1179 1976|0.001 -0.15712874352177608 0.019837534214619534 -0.015425744235854078
1744 581 930 930 1744 1744 930 1289 1744 1000 930 1097 2010 2466|0.001 -0.08124045267917657 0.03855243135233888 -0.07489184835769214
1386 1875 1075 1000 1000 1875 1875 1000 1075 1875 625 2161 1414 1468|0.001 -0.1455674795105366 0.08138565139968135 0.009119420368068898
3000 1000 3000 566 1061 1299 693 738 2250 817 2600 3162 791 2487|0.001 -0.0475444058845953 0.108574599430169 -0.03667208969527547
1305 1875 1768 5303 4596 3977 5303 1225 1444 2296 1768 1398 4704 4186|0.001 -0.12369488590698086 0.08443732071120813 0.01709206187593848
231 867 189 333 333 272 246 1000 433 750 354 887 1054 363|0.001 -0.010341923821737264 0.1535338150160248 0.02014468237143685
333 1000 333 354 433 231 189 750 272 867 246 1054 829 503|0.001 -0.038905932192386805 0.08833007531356962 0.013462625100848502
2121 1225 2828 943 696 770 943 533 2451 653 2828 2345 1373 2548|0.001 -0.03848456241964615 0.10108077262500847 0.021850344513358877
566 738 1061 3000 3000 2600 2250 1000 693 817 1299 1456 3162 2661|0.001 -0.09574632071266298 0.11923274655972982 -0.009329133379762933
3000 1000 3000 1299 693 566 1061 817 2600 738 2250 3162 1510 3053|0.001 -0.028714108625234047 0.0605479711688095 0.03753330594369331
354 750 433 333 333 246 272 1000 189 867 231 1061 1054 485|0.001 -0.03053006368032296 0.06906456797924454 0.0198943920040362
629 533 770 2309 1732 2001 2309 816 568 435 770 1162 2449 1823|0.001 -0.06846381732654838 0.04252464602398698 0.010802723584384388
333 1000 333 231 189 354 433 867 246 750 272 1054 1018 264|0.001 -0.08958462834459002 0.037117975470450926 -0.03520454074769197
1299 817 693 3000 3000 2250 2600 1000 1061 738 566 1090 3162 3182|0.001 -0.03161396883774814 0.07744876758961627 0.021095928068319836
3753 816 4330 1443 1179 1066 1443 1875 3248 1531 4330 4406 1573 3901|0.001 -0.1446073114901003 0.09794727520407776 0.0017958084598257429
5303 1225 4596 1305 1768 1768 1444 1875 5303 2296 3977 5397 2574 5590|0.001 -0.03699694089976169 0.1279645793357087 0.009608207918065936
1437 1355 766 3522 3048 4064 4064 1107 1760 1355 938 1972 3208 4310|0.001 -0.0716701949611398 0.05049155705862507 0.018265069408460732
314 865 284 218 266 500 408 1154 385 1154 385 911 1174 581|0.001 -0.12120336503247842 0.07849486211769952 -0.029269070691977372
943 533 696 2121 2828 2828 2451 1225 943 653 770 745 3000 2981|0.001 -0.06807522500281382 -0.004989519665942188 -0.041961773592283924
577 1333 471 328 363 444 444 1156 308 1333 251 1414 1201 484|0.001 -0.15969432347615053 0.014486423762753997 -0.0016573086500826228
3522 1107 3048 1437 766 938 1760 1355 4064 1355 4064 3661 1071 4135|0.001 -0.011683165550201435 0.10594060824775875 0.016944619243923764
2309 816 1732 629 770 770 568 533 2309 435 2001 1915 839 2434|0.001 -0.0515309714241996 0.05657030850597433 -0.009080775467524838
328 1156 363 577 471 251 308 1333 444 1333 444 1052 1106 351|0.001 -0.02398304615989666 0.12406433464118516 0.016133347374605034
848 1224 1590 2754 3182 3672 3672 904 692 1224 1298 1334 2898 3257|0.001 -0.024721556940845435 0.10932346584887176 0.014902608353624114
1443 1875 1179 3753 4330 4330 3248 816 1443 1531 1066 2179 3841 4564|0.001 -0.13940220007979343 0.061513993482884555 -0.036876585993214084
218 1154 266 314 284 385 385 865 408 1154 500 1023 1040 560|0.001 0.0074681908175811 0.1569531414708769 0.02398983561587187
2754 904 3182 848 1590 1298 692 1224 3672 1224 3672 3308 1848 3045|0.001 -0.08914781291635476 0.032503961599184006 -0.10563923649086426
333 1000 333 573 573 573 573 1000 1000 1000 1000 1054 1153 814|0.001 -0.048429402595503435 0.14215264324642707 0.02193178910110838
1744 1000 1744 581 1744 1744 581 1000 1744 1000 1744 2010 1419 2466|0.001 -0.07453057558099774 0.07526641863057737 -0.17448718826053478
1720 3000 1720 3000 3000 3000 3000 1000 1720 3000 1720 2441 3162 3458|0.001 -0.30143706874297904 0.034054999048260814 -0.044944186210588155
3000 1000 3000 1720 1720 1720 1720 3000 3000 3000 3000 3162 2441 3458|0.001 -0.05625711639119846 0.14927927719845746 0.0382304483752427
1744 1000 581 1744 1744 1744 1744 1000 1744 1000 581 1419 2010 2466|0.001 -0.017220300392091215 0.10381574616427747 0.01820894325827549
333 1000 333 573 573 573 573 1000 1000 1000 1000 1054 1153 814|0.001 -0.03771882218370659 0.20607749198902958 0.03713515584162996
1720 3000 1720 3000 3000 3000 3000 1000 1720 3000 1720 2441 3162 3458|0.001 -0.2517905878325677 0.07671991396098088 -0.0006595984037560676
1744 1000 1744 581 1744 1744 581 1000 1744 1000 1744 2010 1419 2466|0.001 -0.10108563990439579 0.09206389274455606 -0.20716064233211484
3000 1000 3000 1720 1720 1720 1720 3000 3000 3000 3000 3162 2441 3458|0.001 -0.2755949527175694 0.03383368892481364 -0.0035572063004030152
1744 1000 581 1744 1744 1744 1744 1000 1744 1000 581 1419 2010 2466|0.001 -0.006618796511437264 0.09551368355259715 0.015593492634446982
581 1000 1744 1744 1744 1744 1744 1000 581 1000 1744 1419 2010 1838|0.001 -0.026085926994448005 0.13261909582625853 0.04308750734622668
573 1000 573 1000 1000 333 333 1000 573 1000 573 1153 1414 814|0.001 -0.05838835700087475 0.08565789556639336 0.0008375119745118731
1000 1000 1000 573 573 573 573 333 1000 333 1000 1414 814 1153|0.001 -0.03529568239171055 0.06942625301307848 -0.014017029916159052
573 333 573 1000 1000 1000 1000 1000 573 333 573 814 1414 1153|0.001 -0.0475518777686601 0.006333185820888154 -0.016326842876476233
1000 1000 1000 573 573 573 573 1000 333 1000 333 1414 1153 814|0.001 -0.0722370656901472 0.09442392927730969 0.02648714925078899
581 1000 1744 1744 1744 1744 1744 1000 581 1000 1744 1419 2010 1838|0.001 -0.06874129640582094 0.12127418762490683 0.008738478769902969
1000 1000 1000 573 573 573 573 333 1000 333 1000 1414 814 1153|0.001 -0.01226634898732093 0.06765762917980478 0.015543696092648052
573 1000 573 1000 1000 333 333 1000 573 1000 573 1153 1414 814|0.001 -0.09510475586702816 0.08359123648322475 0.0021111891247183046
573 333 573 1000 1000 1000 1000 1000 573 333 573 814 1414 1153|0.001 -0.051945707414126074 -0.005661424228571299 -0.02498833997038652
1000 1000 1000 573 573 573 573 1000 333 1000 333 1414 1153 814|0.001 -0.07336362678107444 0.04067614432409217 -0.007423757164272127
1805 904 1377 1875 2432 2775 2561 1875 5967 1694 5164 1647 3246 4387|0.001 -0.07458126001724685 0.20331694362189623 0.03718990045845638
1000 1297 533 734 2754 3182 963 1366 904 1480 482 1731 2050 2898|0.001 -0.07819549054174812 0.029036257806323018 -0.21659416366719864
1860 3750 1362 726 656 1230 1362 1311 2015 4333 1766 2791 1196 2357|0.001 -0.3839044672993486 0.04195523657915645 -0.015629355687636348
501 763 554 1347 1537 1418 1039 3305 938 2860 1039 1118 2430 1443|0.001 -0.15058621487668788 0.12215746533873917 -0.0029210217614283884
2453 1141 742 411 771 697 372 771 2123 1053 566 1804 669 2550|0.001 -0.047768583682604726 0.03129059694152225 -0.043791008912480445
1524 1107 1998 3071 2834 2075 2692 1875 5715 2075 6604 1823 2882 3415|0.001 -0.20530448259756695 0.06359819495146413 -0.01191556770158253
1347 3305 1537 501 554 1039 938 763 1039 2860 1418 2210 912 901|0.001 -0.28544014356066905 0.02781266335235122 -0.04238442961015498
611 923 326 651 2151 1861 496 877 676 676 360 939 1438 1959|0.001 -0.08211761097041026 0.03384653140704019 -0.19677145731451073
726 1311 656 1860 1362 1766 2015 3750 1362 4333 1230 1466 2241 2357|0.001 -0.4321030294468775 0.02062932358692482 -0.027858771614045486
3071 1875 2834 1524 1998 6604 5715 1107 2692 2075 2075 3592 2234 4415|0.001 -0.20302348422191918 0.0676784741906089 -0.17498699647241378
2016 732 538 353 662 732 391 1084 2330 950 705 1205 1267 2422|0.001 -0.04441058603546155 -0.00695835087401675 -0.04725580839513466
734 1366 2754 1000 533 482 904 1297 963 1480 3182 1646 868 878|0.001 -0.02929486613570731 0.11616007357657887 0.0017566670839208598
1297 533 1000 2754 3182 963 734 904 1480 482 1366 868 2898 2128|0.001 -0.02968464895903633 0.10745870937490354 0.004953262836278061
328 1156 363 363 496 537 471 267 175 350 194 1052 598 504|0.001 -0.029040882145274782 0.05279239835274785 0.008837639478316284
411 771 771 2453 742 566 2123 1141 372 1053 697 1334 1640 830|0.001 -0.02753033312658637 0.14472234787536342 0.03665890637443825
465 303 408 314 284 151 168 865 429 231 314 669 1040 544|0.001 -0.03102749591537224 0.04061650739538791 0.004515267743516738
2754 904 3182 1297 1000 1366 1480 533 734 482 963 3308 1731 1646|0.001 -0.06329914382699142 0.07929998190618459 -0.027194520497563213
651 877 2151 611 326 360 676 923 496 676 1861 1581 1170 594|0.001 -0.16695727401359273 0.10979585370343381 0.026645361765913478
314 865 284 465 408 314 429 303 168 231 151 911 735 544|0.001 -0.01184482939176501 0.07416299316779007 0.0152502172090907
1511 533 1638 3522 3048 813 1066 1107 1107 590 1436 1916 3208 2269|0.001 -0.03470459128935843 0.10709707155185821 0.010845502531566797
363 267 496 328 363 194 175 1156 471 350 537 744 1201 315|0.001 -0.045674664390698005 0.045737532044594076 0.002938602917930133
3522 1107 3048 1511 1638 1436 1107 533 1066 590 813 3661 1537 2589|0.001 -0.024124208186850904 0.05703379482136395 0.01371632476638407
1000 1000 1000 125 125 125 125 1000 1000 1000 1000 1414 1008 1008|0.001 -0.12231229562514212 0.031362388659903484 -0.04243579695609068
8000 1000 8000 8000 8000 8000 8000 1000 8000 1000 8000 8062 8062 11314|0.001 -0.08837516776325605 0.08965819319145307 -0.004184151846371442
125 1000 125 1000 1000 1000 1000 1000 125 1000 125 1008 1414 1008|0.001 -0.06614554353164048 0.08234034317355254 0.020469114691841206
1000 1000 1000 125 125 125 125 1000 1000 1000 1000 1414 1008 1008|0.001 -0.06514240525704484 0.03386741454461717 -0.012865936761501384
8000 1000 8000 8000 8000 8000 8000 1000 8000 1000 8000 8062 8062 11314|0.001 -0.03196405192122609 0.11838275507682017 0.021481012471780137
125 1000 125 1000 1000 1000 1000 1000 125 1000 125 1008 1414 1008|0.001 -0.04108509233762159 0.09973162910431377 0.02751462118574466
1000 1000 1000 125 125 125 125 1000 1000 1000 1000 1414 1008 1008|0.001 -0.03136435311150709 0.10068622066822464 -0.006819573971569293
125 1000 125 1000 1000 1000 1000 1000 125 1000 125 1008 1414 1008|0.001 -0.10574584000770826 0.06521205076551295 -0.04150170881696669
8000 1000 8000 8000 8000 8000 8000 1000 8000 1000 8000 8062 8062 11314|0.001 -0.06830630264979876 0.019029094006139946 -0.012735132991587017
1000 1000 1000 125 125 125 125 1000 1000 1000 1000 1414 1008 1008|0.001 -0.01090548857724194 0.14084666967676407 0.01747234727143221
125 1000 125 1000 1000 1000 1000 1000 125 1000 125 1008 1414 1008|0.001 -0.09753195529937919 0.09214093996983141 -0.0027984584747886565
8000 1000 8000 8000 8000 8000 8000 1000 8000 1000 8000 8062 8062 11314|0.001 -0.11395629826429055 0.009548975942657023 -0.026777566012760046
8000 1000 8000 8000 8000 8000 8000 1000 8000 1000 8000 8062 8062 11314|0.001 -0.053979980797782545 0.09500393564694676 -0.012747663214652816
125 1000 125 1000 1000 1000 1000 1000 125 1000 125 1008 1414 1008|0.001 -0.11593790612110633 0.048963102742627385 -0.023028047266460128
1000 1000 1000 125 125 125 125 1000 1000 1000 1000 1414 1008 1008|0.001 -0.12725170216377535 0.032298252558611296 -0.028870353702079576
8000 1000 8000 8000 8000 8000 8000 1000 8000 1000 8000 8062 8062 11314|0.001 -0.055743308115466794 0.03740255880138932 -0.003100127587051249
125 1000 125 1000 1000 1000 1000 1000 125 1000 125 1008 1414 1008|0.001 -0.043157302606269266 0.10535787331896973 0.018317431583185773
1000 1000 1000 125 125 125 125 1000 1000 1000 1000 1414 1008 1008|0.001 -0.06284340486927054 0.05866290413385489 -0.010601533601334312
8000 1000 8000 8000 8000 8000 8000 1000 8000 1000 8000 8062 8062 11314|0.001 -0.05081231669005426 0.09865906286608661 -0.0032745420704582973
1000 1000 1000 125 125 125 125 1000 1000 1000 1000 1414 1008 1008|0.001 -0.028910384242937237 0.12920378436361624 0.034373851413642686
125 1000 125 1000 1000 1000 1000 1000 125 1000 125 1008 1414 1008|0.001 -0.04622784858729245 0.09740716782392411 0.02901350771356004
8000 1000 8000 8000 8000 8000 8000 1000 8000 1000 8000 8062 8062 11314|0.001 -0.13530087301999005 0.015521118368719833 -0.02363210376661984
125 1000 125 1000 1000 1000 1000 1000 125 1000 125 1008 1414 1008|0.001 -0.009550167613929794 0.13062124853192358 0.0160880155298182
1000 1000 1000 125 125 125 125 1000 1000 1000 1000 1414 1008 1008|0.001 -0.06077712980514627 0.09265493646614109 0.02279281128959143
573 533 333 625 1075 833 690 1875 1075 1000 625 629 1976 884|0.001 -0.0956443199892465 0.09245715676862165 -0.004299274760946048
3000 1720 1600 533 1000 1720 918 1104 1600 1332 853 3162 1414 1887|0.001 -0.1181956541274054 0.012613154473370969 -0.1131043383445629
906 906 483 773 1450 2719 1450 1207 1559 1559 831 1027 1761 2866|0.001 -0.09397834443869879 0.004231061155521854 -0.17162717514663917
1561 1875 1293 625 1075 2016 1172 1875 2016 3516 1172 2278 1976 2845|0.001 -0.2345929322789897 0.12056336694779679 0.033078510893786994
3000 1720 1600 2069 1875 3226 2498 1875 5625 3226 3000 3162 2125 5929|0.001 -0.03861101653045096 0.07501422479903264 0.005091076447027998
1000 533 1104 1600 3000 1600 853 1720 1720 918 1332 1414 3162 1887|0.001 -0.0241317807358854 0.08785789625038065 -0.015228645227273185
773 1207 1450 906 483 831 1559 906 1450 1559 2719 1264 1282 1528|0.001 -0.036333005079429714 0.09310264088110642 0.03349665868253471
1075 1875 625 690 833 1075 625 533 573 1000 333 1976 872 884|0.001 -0.034910474290990035 0.11117111379738587 -0.02264963609829307
533 1104 1000 3000 1600 853 1600 1720 918 1332 1720 1133 1887 1006|0.001 -0.04238697970697647 0.10134395343875058 0.022386836283709854
1600 1720 3000 1000 1104 1332 1720 533 853 918 1600 1887 1133 1395|0.001 -0.052066413564645364 0.10793164162575586 -0.012608663954573052
573 533 333 333 573 306 178 533 444 284 368 629 629 809|0.001 -0.026718060188517523 0.04401713374406757 0.0018868437615027212
625 1875 1075 573 333 625 1075 533 690 1000 833 1179 1054 884|0.001 -0.11129214914678665 0.042665022926389184 0.01302116491553651
930 581 1744 1875 1452 1203 1090 1875 1744 1090 3269 1838 1541 1520|0.001 -0.09588726772876033 0.11858931244789206 0.000810266075930155
1000 774 533 930 1744 930 496 581 581 641 310 822 1097 1838|0.001 -0.08010962134501587 0.03263325526927208 -0.04966010330968329
625 1875 1075 1561 1293 1172 2016 1875 1172 3516 2016 1179 1635 1328|0.001 -0.21467242805420117 0.13265525334989148 0.02731573755039296
1201 828 640 689 1291 751 400 1291 2252 751 1201 1047 1822 1416|0.001 -0.09660636341191853 -0.08427870786581582 -0.098537931929088
1875 1875 1452 930 1744 3269 1744 581 1090 1090 1203 2646 1097 2056|0.001 -0.14454664922440075 0.009311801627935878 -0.15810726917357854
690 533 833 1075 625 333 573 1875 625 1000 1075 1215 1179 884|0.001 -0.05708860782939751 0.11696946849790502 0.010958233798008532
1744 581 930 774 1000 581 641 533 930 310 496 1097 822 1838|0.001 -0.05019687938402351 0.04740795367932371 0.011754437346631619
333 533 573 573 333 368 444 533 178 284 306 1054 1054 378|0.001 -0.03538892726835274 0.033019259883702023 -0.010167694416749473
930 581 1744 1000 533 310 581 774 496 641 930 1838 1411 980|0.001 -0.09374721278363918 0.10067614500273159 0.00769401720107421
774 533 1000 1744 930 496 930 581 641 310 581 1411 1838 1130|0.001 -0.026776592678536826 0.07973345302384693 0.011901330586363557
1075 1875 625 573 333 625 1075 533 1114 1000 802 1976 1054 1244|0.001 -0.0655139514583003 0.06270533241845122 0.029264392173526943
930 581 1744 1090 1398 1943 1875 1875 1744 1090 3269 1838 2169 2734|0.001 -0.10519866882548023 0.19381752818682818 0.026601086250692685
1720 1282 918 1600 3000 1600 853 1720 1000 1783 533 1990 3162 3162|0.001 -0.05400684127872757 0.08273228932732302 -0.01891402157086053
1744 581 930 310 581 1000 533 1036 930 745 496 1097 1157 1097|0.001 -0.06960272583178884 0.036060241375424074 -0.05619458381733278
573 533 333 1075 625 802 1114 1875 1075 1000 625 629 1179 1244|0.001 -0.06824734615379469 0.02938267167857056 -0.006717836501447527
333 533 573 333 573 306 178 533 427 284 594 1054 629 452|0.001 -0.023712602320484777 0.0654437055501722 -0.0038311458324247205
310 1036 581 1744 930 496 930 581 533 745 1000 1047 1838 585|0.001 -0.05048788149761174 0.07853818646997413 0.017174017152459253
1600 1720 3000 1720 1783 1282 1000 533 853 918 1600 1887 1801 2509|0.001 -0.07202981997673885 0.06944304574315385 -0.023858962834273356
1600 1720 3000 1720 918 533 1000 1282 853 1783 1600 1887 1357 1687|0.001 -0.09444478247707888 0.08185784645831973 0.045945886042222384
333 533 573 333 573 594 427 533 178 284 306 1054 629 600|0.001 -0.033277307597240346 0.08401597090567758 -0.016467232899981532
745 533 581 1744 930 496 930 581 1036 310 1000 789 1838 652|0.001 -0.05164108734471928 0.085007684990559 0.022209720369044117
1090 1875 1398 930 1744 3269 1744 581 1875 1090 1943 1479 1097 3446|0.001 -0.16529828609988195 0.03441170757104928 -0.20461792678087232
625 1875 1075 1503 2089 2016 1172 1875 1172 3516 2016 1179 2940 2111|0.001 -0.46747553535820385 0.0018856804085398693 -0.02966142786070991
1248 1390 665 716 1342 780 416 780 2339 1342 1248 1956 1058 1471|0.001 -0.08334365898319485 -0.07977094479023616 -0.0715340381714169
3000 1720 1600 3342 3226 1875 2405 1875 5625 3226 3000 3162 3377 3538|0.001 -0.12822934229824945 -0.011960663394073867 0.001961632129066082
561 965 299 479 898 1683 898 719 965 561 515 1010 629 1774|0.001 -0.10892467911109538 -0.03118018769776909 -0.1787019177186444
1503 1875 2089 625 1075 2016 1172 1875 1172 3516 2016 1314 1976 1590|0.001 -0.19406547511445216 0.08636018467422346 -0.013273172806975708
1720 533 1783 1600 3000 1600 853 1720 1000 918 1282 1990 3162 3162|0.001 -0.04198790663060836 0.08750679155256513 -0.044954024893886224
479 719 898 561 299 515 965 965 898 561 1683 1407 1116 946|0.001 -0.06317837669499005 0.10882944886357881 0.034282599887482945
1075 1875 625 1114 802 625 1075 533 573 1000 333 1976 1568 1244|0.001 -0.0476626994872098 0.07157348543214148 0.018815814063835035
1744 581 930 745 581 1000 1036 533 930 310 496 1097 1157 1097|0.001 -0.01758849666315454 0.10266094169667284 0.03122034638801452
1114 533 802 1075 625 333 573 1875 1075 1000 625 701 1179 1244|0.001 -0.10663917694547553 0.053340674699866586 0.008947307451037112
333 1000 333 1000 1000 533 533 1000 573 1000 573 1054 1414 629|0.001 -0.07327946034273225 0.1054488988983815 0.01071048532077512
1000 1000 1000 333 573 573 333 533 1000 533 1000 1414 629 1153|0.001 -0.015323251561332185 0.11880573206580758 0.012438516702872882
1600 1720 3000 3000 3000 3000 3000 1000 1600 1720 3000 1887 3162 3400|0.001 -0.10617901793724127 0.06702438226532603 0.007225900724623369
3000 1000 3000 3000 1600 1600 3000 1720 3000 1720 3000 3162 1887 3400|0.001 -0.02399721482527095 0.10377893694528684 0.01728493742543913
573 533 333 1000 1000 1000 1000 1000 573 533 333 629 1414 1153|0.001 -0.056540341544527584 0.009842090727099073 -0.01533182423130941
1000 1000 1000 333 333 573 573 1000 533 1000 533 1414 1054 629|0.001 -0.10800395304834232 0.046254864688584085 -0.025891868347267533
333 1000 333 533 533 1000 1000 1000 573 1000 573 1054 1133 1054|0.001 -0.09738742396792399 0.06905010100548781 -0.04318276447162983
3000 1720 1600 3000 3000 3000 3000 1000 3000 1720 1600 3162 3162 4243|0.001 -0.0004848536579404872 0.1335966173386871 0.02858421698896052
1875 1000 1875 625 1075 1075 625 1875 1875 1875 1875 2125 1976 2161|0.001 -0.11556383520770042 0.08214923882153169 -0.013787210547614448
3000 1000 3000 1600 3000 3000 1600 1720 3000 1720 3000 3162 3162 4243|0.001 -0.10595260878394797 0.007276908853381947 -0.1148846662363312
533 1000 533 333 333 573 573 1000 1000 1000 1000 1133 1054 1054|0.001 -0.08735349512828172 0.031152511340393207 0.00360942841318046
1075 1875 625 1875 1875 1875 1875 1000 1075 1875 625 1976 2125 2161|0.001 -0.09042377430842796 0.06772648991440144 0.006605305707307885
333 533 573 1000 1000 1000 1000 1000 333 533 573 1054 1414 1054|0.001 -0.06461953145787014 0.01853988055308342 -0.009591793529519776
1000 1000 1000 573 573 333 333 1000 533 1000 533 1414 1153 1054|0.001 -0.12402905236230888 0.049667446135126525 -0.032929737971750805
1744 1000 1744 1744 930 930 1744 581 1744 581 1744 2010 1838 1976|0.001 -0.010958859551605249 0.12335546609799852 0.032020633045044544
1000 1000 1000 573 333 333 573 533 1000 533 1000 1414 1054 1054|0.001 -0.07361777231866262 0.04846561771304714 -0.045217460493741646
930 581 1744 1744 1744 1744 1744 1000 930 581 1744 1838 2010 1976|0.001 -0.05506452740485446 0.1097692723372834 -0.000578521338030491
573 1000 573 1000 1000 533 533 1000 333 1000 333 1153 1414 1054|0.001 -0.013590443169986255 0.15403635507142743 0.012086257085401897
625 1875 1075 1875 1875 1875 1875 1000 625 1875 1075 1179 2125 1976|0.001 -0.18261263572552422 0.004310655251802409 -0.010993458165402537
1744 1000 1744 930 1744 1744 930 581 1744 581 1744 2010 1097 2466|0.001 -0.08988440123424923 0.0640899733500655 -0.09447491422708065
533 1000 533 573 573 333 333 1000 1000 1000 1000 1133 1153 629|0.001 -0.025063418311845886 0.14770958495289532 0.030441158286305114
1875 1000 1875 1075 625 625 1075 1875 1875 1875 1875 2125 1179 1976|0.001 -0.21658112604862056 0.03696412698791063 -0.020156967187178187
1744 581 930 1744 1744 1744 1744 1000 1744 581 930 1097 2010 2466|0.001 -0.07304959574359393 -0.0011522594660229313 0.0036130114979737726
573 1000 573 533 533 1000 1000 1000 333 1000 333 1153 1133 629|0.001 -0.11112463222249569 0.002926179385340788 -0.015619821839787384
1875 1000 1875 1299 693 566 1061 817 1475 738 1125 2125 1510 1958|0.001 0.006362646380897452 0.11353085090592296 0.01602664555732103
629 533 770 1443 866 1135 1443 816 568 435 770 1162 1658 1036|0.001 -0.06006993021927198 0.04314667622514978 0.015350087989356442
566 600 693 533 533 394 436 1000 302 787 370 1149 1133 777|0.001 -0.0676914794636363 0.08737115145714736 0.024820515158658907
533 1000 533 370 302 566 693 787 394 600 436 1133 1045 422|0.001 -0.05824591066119322 0.005092923483314138 -0.025948056005841158
2129 816 2706 1443 1179 1066 1443 1875 1624 1531 2706 2827 1573 2381|0.001 -0.2115551847536823 0.05782780839925117 -0.032569388516267006
1299 817 693 1875 1875 1125 1475 1000 1061 738 566 1090 2125 2154|0.001 -0.022600861196593325 0.09067228329612265 0.02389851244169572
1875 1000 1875 566 1061 1299 693 738 1125 817 1475 2125 791 1546|0.001 -0.04221275458270557 0.08669908042379548 -0.044021687073477755
370 787 302 533 533 436 394 1000 693 600 566 843 1133 581|0.001 -0.03498124221668619 0.12362617594875003 0.022638330393540684
1305 1875 1768 3315 2607 1989 3315 1225 1444 2296 1768 1398 2793 2379|0.001 -0.06870557113151432 0.12971371605862148 0.04784407141291247
533 1000 533 566 693 370 302 600 436 787 394 1133 825 805|0.001 -0.06747147262406772 0.09384266783735162 0.0075892493153650875
566 738 1061 1875 1875 1475 1125 1000 693 817 1299 1456 2125 1580|0.001 -0.06676821581595771 0.06884746420330323 -0.011862524491303983
1061 1225 1768 943 696 770 943 533 1391 653 1768 1458 1373 1555|0.001 -0.02171797046893742 0.07441969404169191 0.0015734709504000577
1443 816 866 629 770 770 568 533 1443 435 1135 1190 839 1636|0.001 -0.0182570480389721 0.10082240315911983 0.006194813416993128
848 1224 1590 1377 1805 2295 2295 904 692 1224 1298 1334 1647 1934|0.001 -0.14574557796943166 0.08680230429357394 -0.11450343598078838
656 1311 726 1155 943 503 616 1667 889 1667 889 1196 1374 703|0.001 -0.11832799396322646 0.07596311485035034 0.00721636399218184
1443 1875 1179 2129 2706 2706 1624 816 1443 1531 1066 2179 2280 3067|0.001 -0.18082950019185584 0.03082707126065065 -0.06833938928103467
384 1271 470 554 501 678 678 763 719 1271 881 1071 1118 987|0.001 -0.08855636406937206 0.056690143763800105 0.008247964984056111
1377 904 1805 848 1590 1298 692 1224 2295 1224 2295 2019 1848 1892|0.001 -0.13619756700811836 0.024473962788893466 -0.15418203909925432
3315 1225 2607 1305 1768 1768 1444 1875 3315 2296 1989 3462 2574 3757|0.001 -0.15463884714212228 0.058055005699768625 -0.00025208144977972857
554 763 501 384 470 881 719 1271 678 1271 678 912 1328 1024|0.001 -0.14208005165475823 0.023839153786338052 -0.08020951094543927
1437 1355 766 1998 1524 2540 2540 1107 1760 1355 938 1972 1823 2918|0.001 -0.026146751094457965 0.0934702015724942 0.01930843807921523
943 533 696 1061 1768 1768 1391 1225 943 653 770 745 2031 2003|0.001 -0.053886141642990326 0.03781999346876619 -0.04643838304526082
1155 1667 943 656 726 889 889 1311 616 1667 503 1915 1466 969|0.001 -0.11163717534449447 0.07779934555990131 0.013360013329415388
1998 1107 1524 1437 766 938 1760 1355 2540 1355 2540 2234 1071 2653|0.001 -0.009273629929361649 0.1349730796117976 0.03146253998258741
1000 1000 1000 533 533 533 533 1000 1000 1000 1000 1414 1133 1133|0.001 -0.14891832859424192 0.01700203992515137 -0.025234698276260792
1875 1000 1875 1875 1875 1875 1875 1000 1875 1000 1875 2125 2125 2652|0.001 -0.041564512414514754 0.09428001774484773 0.012511176340732622
533 1000 533 1000 1000 1000 1000 1000 533 1000 533 1133 1414 1133|0.001 -0.11402162970026164 0.03961010161637857 -0.019556569848306893
1000 1000 1000 533 533 533 533 1000 1000 1000 1000 1414 1133 1133|0.001 -0.020597367665001753 0.08777218666281117 0.005488906934658644
1875 1000 1875 1875 1875 1875 1875 1000 1875 1000 1875 2125 2125 2652|0.001 -0.04192307907510462 0.13546286697267762 0.030104637391923372
533 1000 533 1000 1000 1000 1000 1000 533 1000 533 1133 1414 1133|0.001 -0.0460782052034403 0.11883177366215136 0.003396526414318757
1000 1000 1000 533 533 533 533 1000 1000 1000 1000 1414 1133 1133|0.001 -0.07299945808771469 0.07642505691411117 -0.025486434884752773
533 1000 533 1000 1000 1000 1000 1000 533 1000 533 1133 1414 1133|0.001 -0.09544348567548488 0.05919572209208468 0.021587665472175832
1875 1000 1875 1875 1875 1875 1875 1000 1875 1000 1875 2125 2125 2652|0.001 -0.08627095779015215 0.048793807904010666 -0.02008386251439731
1000 1000 1000 533 533 533 533 1000 1000 1000 1000 1414 1133 1133|0.001 -0.08856187880415756 0.04600413245410051 0.009106829880765055
533 1000 533 1000 1000 1000 1000 1000 533 1000 533 1133 1414 1133|0.001 -0.039468919879968034 0.12128292013890762 0.02887339141654177
1875 1000 1875 1875 1875 1875 1875 1000 1875 1000 1875 2125 2125 2652|0.001 -0.12402338406802049 0.06294828467896973 -0.02984734820354662
1875 1000 1875 1875 1875 1875 1875 1000 1875 1000 1875 2125 2125 2652|0.001 -0.15967682031298835 -0.00537353502157667 -0.05071888222009102
533 1000 533 1000 1000 1000 1000 1000 533 1000 533 1133 1414 1133|0.001 -0.027722716465211628 0.06380558545528547 0.009837237323540027
1000 1000 1000 533 533 533 533 1000 1000 1000 1000 1414 1133 1133|0.001 -0.00464276447177614 0.12918428894026945 0.03128740882094139
1875 1000 1875 1875 1875 1875 1875 1000 1875 1000 1875 2125 2125 2652|0.001 -0.08054110804467607 0.09724397776042393 -0.01086331316538347
533 1000 533 1000 1000 1000 1000 1000 533 1000 533 1133 1414 1133|0.001 -0.0664286057163277 0.10844641379483155 -0.012665780275892269
1000 1000 1000 533 533 533 533 1000 1000 1000 1000 1414 1133 1133|0.001 -0.08174098726609569 0.08569646914025952 0.025557960222086784
1875 1000 1875 1875 1875 1875 1875 1000 1875 1000 1875 2125 2125 2652|0.001 -0.12567389301523124 0.04003934565555811 -0.025632561242736607
1000 1000 1000 533 533 533 533 1000 1000 1000 1000 1414 1133 1133|0.001 -0.15252358290039458 0.0063754033630836204 -0.05415839845649084
533 1000 533 1000 1000 1000 1000 1000 533 1000 533 1133 1414 1133|0.001 -0.12446588385254587 0.008165278104670382 -0.018149926279691364
1875 1000 1875 1875 1875 1875 1875 1000 1875 1000 1875 2125 2125 2652|0.001 -0.017052671057428137 0.11371790919144864 0.024692106655015422
533 1000 533 1000 1000 1000 1000 1000 533 1000 533 1133 1414 1133|0.001 -0.11410859262468764 0.041186782265683064 -0.043197202217750696
1000 1000 1000 533 533 533 533 1000 1000 1000 1000 1414 1133 1133|0.001 -0.10075919877888806 0.048285988922529555 -0.006412693392637836
1875 1000 1875 1000 1000 1000 1000 1000 1875 1000 1875 2125 1414 2125|0.001 -0.09754014528934873 0.05713573451512355 0.01567783092193409
1000 1000 1000 1875 1875 1875 1875 1000 1000 1000 1000 1414 2125 2125|0.001 -0.01262091640063523 0.09609654234523646 0.019450024778171482
533 1000 533 533 533 533 533 1000 533 1000 533 1133 1133 754|0.001 0.01978133181725683 0.13788656156118462 0.03761755246399323
533 1000 533 533 533 533 533 1000 533 1000 533 1133 1133 754|0.001 -0.1093459041456124 0.04899207973814601 -0.03490107117678609
1875 1000 1875 1000 1000 1000 1000 1000 1875 1000 1875 2125 1414 2125|0.001 -0.04238924496581142 0.11548142095401781 0.033102163598566214
1000 1000 1000 1875 1875 1875 1875 1000 1000 1000 1000 1414 2125 2125|0.001 -0.0996445878189911 0.0828569136310442 -0.009001533568449016
1875 1000 1875 1000 1000 1000 1000 1000 1875 1000 1875 2125 1414 2125|0.001 -0.03923470794683026 0.08149386788843138 0.01536426510794886
533 1000 533 533 533 533 533 1000 533 1000 533 1133 1133 754|0.001 -0.10220353850818209 0.051405114105693706 0.016543117020619835
1000 1000 1000 1875 1875 1875 1875 1000 1000 1000 1000 1414 2125 2125|0.001 -0.08321909219018986 0.07433465779755011 0.0025081513528912858
533 1000 533 533 533 533 533 1000 533 1000 533 1133 1133 754|0.001 -0.07668602390831114 0.07594732266604343 0.0088562662465419
1000 1000 1000 1875 1875 1875 1875 1000 1000 1000 1000 1414 2125 2125|0.001 -0.08639862544939758 0.03698387722653518 -0.0038279562130483225
1875 1000 1875 1000 1000 1000 1000 1000 1875 1000 1875 2125 1414 2125|0.001 -0.08950335900956952 0.09040145312622094 0.009471671915601831
1875 1000 1875 1000 1000 1000 1000 1000 1875 1000 1875 2125 1414 2125|0.001 -0.10191931559729084 0.021620204963914702 -0.021677140544000828
1000 1000 1000 1875 1875 1875 1875 1000 1000 1000 1000 1414 2125 2125|0.001 -0.06585778906646911 0.08899454766443382 -0.01399862772620275
533 1000 533 533 533 533 533 1000 533 1000 533 1133 1133 754|0.001 -0.01632857751443284 0.15601822992177716 0.05917988493853388
1000 1000 1000 1875 1875 1875 1875 1000 1000 1000 1000 1414 2125 2125|0.001 -0.048317601505087904 0.12162548656241556 0.02112054803260932
533 1000 533 533 533 533 533 1000 533 1000 533 1133 1133 754|0.001 -0.06279482693878458 0.08006747584047513 -0.0004427223257685853
1875 1000 1875 1000 1000 1000 1000 1000 1875 1000 1875 2125 1414 2125|0.001 -0.0580232333587094 0.07451482391891417 2.0287430302357023e-05
1875 1000 1875 1000 1000 1000 1000 1000 1875 1000 1875 2125 1414 2125|0.001 -0.002642627605611292 0.09141940056287101 0.016847690631829337
533 1000 533 533 533 533 533 1000 533 1000 533 1133 1133 754|0.001 -0.04274941635047158 0.0881915040638237 -0.0009525308851454639
1000 1000 1000 1875 1875 1875 1875 1000 1000 1000 1000 1414 2125 2125|0.001 -0.08013334770653024 0.07804910363675255 -0.008145519867881479
1000 1000 1000 1875 1875 1875 1875 1000 1000 1000 1000 1414 2125 2125|0.001 0.00618533302215285 0.14732243422667546 0.048658845907247894
533 1000 533 533 533 533 533 1000 533 1000 533 1133 1133 754|0.001 -0.09744982624879661 0.0749765102283173 -0.008456998917539815
1875 1000 1875 1000 1000 1000 1000 1000 1875 1000 1875 2125 1414 2125|0.001 -0.1297636809206626 0.04623733471172953 -0.03206860274883372
2719 1000 906 273 513 628 335 1096 2356 960 713 1861 1253 2411|0.001 -0.04615515071307974 0.03487528853772792 -0.04894557632074914
370 787 302 1104 1104 1060 1209 3000 693 2600 566 843 2054 1127|0.001 -0.165334283524311 0.1188998767309668 0.030836542474637074
368 333 368 189 231 123 101 867 353 262 403 685 887 419|0.001 -0.03432656396214484 0.05333375402476026 -0.0006386224631871329
4596 1225 5303 1951 2137 1873 1951 533 1391 653 1768 4704 1862 3379|0.001 -0.016629684296969316 0.09519396524491741 0.0068875782981026035
273 1096 513 2719 906 713 2356 1000 335 960 628 955 1861 763|0.001 -0.02943749652744354 0.13891381140156867 0.036965422628234545
906 1000 2719 628 335 273 513 960 713 1096 2356 1861 1140 947|0.001 -0.11105702077254143 0.10331262356451543 0.023549597462770855
189 867 231 368 368 403 353 333 101 262 123 1018 685 351|0.001 -0.031819950650326945 0.07446460074516992 -0.0072875341572242736
1530 533 1593 4330 3753 1135 1443 816 1745 435 1593 1815 4406 2509|0.001 -0.04579059691989129 0.0666574574736356 0.010738058005981266
1104 3000 1104 370 302 566 693 787 1209 2600 1060 2054 1045 1382|0.001 -0.027779511933615497 0.14577505612051622 0.028154414048457976
628 960 335 906 2719 2356 713 1000 513 1096 273 1022 1861 2766|0.001 -0.07805666914315057 0.03721916200985831 -0.13951351950710733
2129 816 2706 2987 2868 3272 2987 1875 7036 1531 8119 2827 3051 5173|0.001 -0.10789184282819275 0.19320211172372925 0.03103378043300742
3315 1225 2607 4007 3658 3658 3513 1875 9944 2296 8618 3462 3492 6807|0.001 -0.12054925914135373 0.028337826136459743 0.00130188017559707
468 913 250 651 2151 2481 827 877 573 913 306 871 1438 2525|0.001 -0.09906957343708389 -0.0087975988645006 -0.25391533823126644
1347 3305 1537 384 470 881 719 1271 1403 3814 1403 2210 1328 1599|0.001 -0.3525556726086043 0.026785683082801715 -0.04429253912671571
1951 533 2137 4596 5303 1768 1391 1225 1951 653 1873 2444 5397 3631|0.001 -0.01884527284215287 0.08720259258387042 -0.0028971369355335064
266 1154 218 465 408 424 424 303 142 385 116 1174 735 434|0.001 -0.024776094197080933 0.09990256445242762 0.005060403728815999
651 877 2151 468 250 306 573 913 827 913 2481 1581 1143 864|0.001 -0.041781754935209525 0.09435423081544547 0.024680913792607395
4330 816 3753 1530 1593 1593 1745 533 1443 435 1135 3841 1627 2964|0.001 -0.03730719928488169 0.041230857173149005 -0.006626265754067218
465 303 408 266 218 116 142 1154 424 385 424 669 1023 532|0.001 -0.04412910681565685 0.05622219621779445 0.004226882164040102
2987 1875 2868 2129 2706 8119 7036 816 2987 1531 3272 3404 2280 5558|0.001 -0.23723429524756812 0.053846137547455264 -0.15248479740332277
384 1271 470 1347 1537 1403 1403 3305 719 3814 881 1071 2430 1339|0.001 -0.2024584805476759 0.08817908856030954 0.0024604360966207217
2453 1141 742 349 654 534 285 1041 2831 1041 944 1804 1187 2511|0.001 -0.05653183243767512 -0.018599710791028512 -0.04813334859760765
625 1000 625 1000 1000 1000 1000 1000 625 1000 625 1179 1414 1179|0.001 -0.09422639307699376 0.018216804954087618 -0.001436698458631147
1000 1000 1000 625 625 625 625 1000 1000 1000 1000 1414 1179 1179|0.001 -0.09614269460138769 0.055161606137583696 0.013623491477401384
1600 1000 1600 1600 1600 1600 1600 1000 1600 1000 1600 1887 1887 2263|0.001 -0.0851066420392721 0.040891910671883025 0.0004730093841609495
1600 1000 1600 1600 1600 1600 1600 1000 1600 1000 1600 1887 1887 2263|0.001 -0.03495421818448197 0.06465120470464658 -0.0042946427377776875
625 1000 625 1000 1000 1000 1000 1000 625 1000 625 1179 1414 1179|0.001 -0.0620858101764199 0.09123985120012668 0.014506549033961313
1000 1000 1000 625 625 625 625 1000 1000 1000 1000 1414 1179 1179|0.001 -0.11596534290381655 -0.0016039694661518222 -0.01195440084085897
625 1000 625 1000 1000 1000 1000 1000 625 1000 625 1179 1414 1179|0.001 -0.06274570158301018 0.11510614182959511 0.016406355772493608
1600 1000 1600 1600 1600 1600 1600 1000 1600 1000 1600 1887 1887 2263|0.001 -0.013907922783671367 0.1266831642556432 0.02950675125093616
1000 1000 1000 625 625 625 625 1000 1000 1000 1000 1414 1179 1179|0.001 -0.14023280982684905 0.026958424319405427 -0.043054288637405236
1600 1000 1600 1600 1600 1600 1600 1000 1600 1000 1600 1887 1887 2263|0.001 -0.01955273560841908 0.09628790949501198 0.0029844841750348294
1000 1000 1000 625 625 625 625 1000 1000 1000 1000 1414 1179 1179|0.001 -0.04532497202302199 0.10238873255661973 -0.001961104613238396
625 1000 625 1000 1000 1000 1000 1000 625 1000 625 1179 1414 1179|0.001 -0.11828215475194415 0.03826287212214563 -0.04320001771547122
625 1000 625 1000 1000 1000 1000 1000 625 1000 625 1179 1414 1179|0.001 -0.08190652559146083 0.037897996735571926 -0.019476691243225375
1000 1000 1000 625 625 625 625 1000 1000 1000 1000 1414 1179 1179|0.001 -0.11180954501071261 0.03375637332962533 -0.012255124596046718
1600 1000 1600 1600 1600 1600 1600 1000 1600 1000 1600 1887 1887 2263|0.001 -0.11012406763850735 0.01326054240894825 -0.029738465302183714
1000 1000 1000 625 625 625 625 1000 1000 1000 1000 1414 1179 1179|0.001 -0.04428373912884198 0.10609509551557039 -0.016894693575537634
1600 1000 1600 1600 1600 1600 1600 1000 1600 1000 1600 1887 1887 2263|0.001 -0.07169260825537926 0.10648978700174228 0.03240054094320932
625 1000 625 1000 1000 1000 1000 1000 625 1000 625 1179 1414 1179|0.001 -0.1613035321522116 0.011280959991926132 -0.049183147012964445
625 1000 625 1000 1000 1000 1000 1000 625 1000 625 1179 1414 1179|0.001 -0.008130660536913581 0.15672914531230653 0.05699696425865319
1600 1000 1600 1600 1600 1600 1600 1000 1600 1000 1600 1887 1887 2263|0.001 -0.0955461433793825 0.001158692235037062 -0.02256234976643623
1000 1000 1000 625 625 625 625 1000 1000 1000 1000 1414 1179 1179|0.001 -0.0844028762604232 0.05752528709616733 0.01630034521230117
1000 1000 1000 625 625 625 625 1000 1000 1000 1000 1414 1179 1179|0.001 -0.018674925067850845 0.1456314584416507 0.014382193520954267
1600 1000 1600 1600 1600 1600 1600 1000 1600 1000 1600 1887 1887 2263|0.001 -0.07617271193660291 0.09669143741102282 0.03484053703888934
625 1000 625 1000 1000 1000 1000 1000 625 1000 625 1179 1414 1179|0.001 -0.08173146431577516 0.07101906248359713 -0.019759757037444148
1000 1000 1000 433 433 354 354 500 750 500 750 1414 829 1061|0.001 0.0036488276908674955 0.09795937133323385 0.030918228183363095
1155 1000 2309 2309 1732 1732 2309 816 1155 816 2309 1915 2449 2082|0.001 -0.03674523421720921 0.13105421098489334 0.05801362103099006
354 750 433 1000 1000 500 500 1000 354 750 433 1061 1414 791|0.001 -0.03427241785008084 0.0867986314535174 -0.0028628659137430734
1000 1000 1000 433 354 354 433 750 500 750 500 1414 1061 791|0.001 -0.13022308446859254 0.011728785995797075 -0.0529179402556923
1732 816 2309 2309 1155 1155 2309 1000 1732 816 2309 2449 1915 2082|0.001 -0.055964402037047556 0.11754342449218802 0.056526507979910434
433 500 433 1000 1000 750 750 1000 354 500 354 829 1414 1061|0.001 -0.052351891184828636 0.05312979363521153 0.009611175790169568
1000 1000 1000 354 354 433 433 500 750 500 750 1414 791 829|0.001 -0.01860750322070226 0.11002042085184405 0.0159519710759759
433 750 354 1000 1000 500 500 1000 433 750 354 829 1414 829|0.001 -0.058835784124581236 0.08792312008379044 0.01583241668178692
1414 1000 2828 2828 2121 2121 2828 1225 1414 1225 2828 2236 2345 2550|0.001 -0.03183480593991761 0.09693397832522876 0.030688697864647008
1000 1000 1000 354 433 433 354 750 500 750 500 1414 829 829|0.001 -0.05219601076152158 0.08258716179079917 -0.0016265669650183945
354 500 354 1000 1000 750 750 1000 433 500 433 791 1414 829|0.001 -0.05375295554176707 0.05903913013050932 -0.007179974879554241
2121 1225 2828 2828 1414 1414 2828 1000 2121 1225 2828 2345 2236 2550|0.001 -0.021105134910234247 0.0841014600189216 0.014917949323867141
2309 816 1732 1155 2309 2309 1155 1000 2309 816 1732 1915 1915 3266|0.001 -0.14157513463984528 -0.017634052497459418 -0.15726700298161034
866 2000 866 1500 1500 2000 2000 1000 707 2000 707 1658 1803 1658|0.001 -0.20400290998603965 0.013061536901617377 -0.014587740338021238
667 1000 667 577 471 471 577 1333 1333 1333 1333 1202 1106 1054|0.001 -0.059709338553176616 0.09918242169512315 -0.005520679224708669
2309 1000 1155 1732 2309 2309 1732 816 2309 816 1155 1915 1915 3266|0.001 -0.056461309165182216 0.0272236246310964 -0.01941855528705627
471 1333 577 667 667 1333 1333 1000 471 1333 577 1106 1202 1054|0.001 -0.14322908258939782 0.037477160407430876 0.012390213187889465
1500 1000 1500 866 866 707 707 2000 2000 2000 2000 1803 1658 1658|0.001 0.0040863530615231625 0.1473284564741828 0.015391846346990423
2828 1225 2121 1414 2828 2828 1414 1000 2828 1225 2121 3000 2236 4000|0.001 -0.0765421501260466 0.05238263485167538 -0.07308647811696045
667 1000 667 471 577 577 471 1333 1333 1333 1333 1202 1414 1106|0.001 -0.01893871827846727 0.14192830598100947 0.029018742374304907
707 2000 707 1500 1500 2000 2000 1000 866 2000 866 1581 1803 2121|0.001 -0.03621856485965136 0.11347752631741148 0.04922908033007101
2828 1000 1414 2121 2828 2828 2121 1225 2828 1225 1414 2236 3000 4000|0.001 -0.06429681489879102 0.05138284010639982 -0.0019006615752581446
577 1333 471 667 667 1333 1333 1000 577 1333 471 1414 1202 1106|0.001 -0.08429366084930834 0.05199902119817912 -0.05258331117681703
1500 1000 1500 707 707 866 866 2000 2000 2000 2000 1803 1581 2121|0.001 -0.0888306715337861 0.09627019349307098 0.010532548976385225
1744 1000 581 930 1744 1744 930 1289 1744 1289 581 1419 2010 2466|0.001 -0.04528885036016561 0.028891239542081504 -0.04534734070272828
1386 1875 1075 625 625 1875 1875 1000 1386 1875 1075 2161 1179 1759|0.001 -0.17494739242475688 0.08202584744013253 -0.06833306773655456
1600 1000 1600 1720 1720 2218 2218 3000 3000 3000 3000 1887 2441 3458|0.001 -0.16868018490719394 0.037742528829431965 -0.0025178622356747393
573 333 573 1000 1000 533 533 1000 739 333 739 814 1414 783|0.001 -0.04026741030219938 0.0541617785211046 0.008637793820995832
1000 1000 1000 573 739 739 573 533 333 533 333 1414 783 938|0.001 -0.016510923883558126 0.09586838682724919 -0.0014941275852142777
930 1289 1744 1744 581 581 1744 1000 930 1289 1744 1366 1419 1097|0.001 -0.05201184591388186 0.1281801826295048 0.049340896229066455
581 1000 1744 1744 930 930 1744 1289 581 1289 1744 1419 1366 1097|0.001 -0.043924474870374874 0.10772133948260043 0.04271409501980017
1000 1000 1000 573 573 739 739 333 533 333 533 1414 814 783|0.001 -0.01611807013191857 0.08860314695726013 0.009936189490491465
739 533 573 1000 1000 333 333 1000 739 533 573 783 1414 938|0.001 -0.04053908484463631 0.07272509773259328 0.004268454497013963
1720 3000 1720 1600 1600 3000 3000 1000 2218 3000 2218 2441 1887 3458|0.001 -0.2649824356928021 0.037562810685254355 -0.016746496630755114
1744 1289 930 581 1744 1744 581 1000 1744 1289 930 2010 1419 2466|0.001 -0.08474022408223258 -0.006053346513960056 -0.18409404192353374
625 1000 625 1075 1386 1386 1075 1875 1875 1875 1875 1179 2161 1759|0.001 -0.019077546130286116 0.10869806964662887 0.010063375007061115
625 1000 625 1386 1075 1075 1386 1875 1875 1875 1875 1179 1468 1526|0.001 -0.09482035517414111 0.13505590695641834 0.020630849189775535
1353 776 721 451 1353 1353 451 1000 1353 776 721 1059 1269 1913|0.001 -0.09163958785818771 -0.01817663323390284 -0.2080369353609135
2218 3000 2218 1600 1600 3000 3000 1000 1720 3000 1720 2814 1887 2349|0.001 -0.15790089011414432 0.1180645501472033 0.004801316485469886
573 533 739 1000 1000 333 333 1000 573 533 739 1153 1414 814|0.001 -0.03330680442982681 0.10572182880757675 0.0011791412184036787
1000 1000 1000 739 739 573 573 333 533 333 533 1414 938 1153|0.001 -0.029948620075640475 0.0914469458158984 0.006860752961956873
451 1000 1353 1353 721 721 1353 776 451 776 1353 1269 1559 851|0.001 -0.1454797255573581 0.09389377348540728 0.020940873497981016
1000 1000 1000 739 573 573 739 533 333 533 333 1414 1153 814|0.001 -0.026336506397833803 0.07718587371493335 0.01747543268853624
739 333 739 1000 1000 533 533 1000 573 333 573 938 1414 1153|0.001 -0.039278235568774855 0.05965327306628021 -0.0006353366628830681
721 776 1353 1353 451 451 1353 1000 721 776 1353 1559 1269 851|0.001 -0.04018971053489917 0.1370476052666625 0.03332344428241152
1075 1875 1386 625 625 1875 1875 1000 1075 1875 1386 1468 1179 1526|0.001 -0.1492821527100341 0.0654388190939037 -0.0901709639390802
1600 1000 1600 2218 2218 1720 1720 3000 3000 3000 3000 1887 2814 2349|0.001 -0.21134674961510003 0.057694753091832585 -0.015237640509975225
1353 1000 451 721 1353 1353 721 776 1353 776 451 1269 1059 1913|0.001 -0.06227330192803415 -0.001563961755686183 -0.053897501473119114
333 1000 333 533 533 533 533 1000 333 1000 333 1054 1133 629|0.001 -0.07109328998713194 0.09907707795708598 0.006581078042529054
1875 1000 1875 625 625 625 625 1000 1875 1000 1875 2125 1179 1976|0.001 -0.07300621735988444 0.08900521747896573 -0.011274548594700784
1600 1000 1600 3000 3000 3000 3000 1000 1600 1000 1600 1887 3162 3400|0.001 -0.1242648260586321 0.0459748041079977 -0.04731357002564551
3000 1000 3000 1600 1600 1600 1600 1000 3000 1000 3000 3162 1887 3400|0.001 -0.1268824133312707 0.04388650595272603 -0.045320536151983726
625 1000 625 1875 1875 1875 1875 1000 625 1000 625 1179 2125 1976|0.001 -0.0722918574145004 0.08752534825246183 0.032506541640615616
533 1000 533 333 333 333 333 1000 533 1000 533 1133 1054 629|0.001 -0.13744980101769055 0.0167750368270303 -0.03456216936472467
333 1000 333 533 533 533 533 1000 333 1000 333 1054 1133 629|0.001 -0.009144290649276687 0.14177747243353966 0.0363039092662909
1600 1000 1600 3000 3000 3000 3000 1000 1600 1000 1600 1887 3162 3400|0.001 -0.13850611081824948 0.019438444453958592 -0.02774523653950367
1875 1000 1875 625 625 625 625 1000 1875 1000 1875 2125 1179 1976|0.001 -0.09603292406197395 0.07513340951135872 0.010647377161314697
3000 1000 3000 1600 1600 1600 1600 1000 3000 1000 3000 3162 1887 3400|0.001 0.010233729118778179 0.13439896823041364 0.03236988893511539
533 1000 533 333 333 333 333 1000 533 1000 533 1133 1054 629|0.001 -0.08006017258649134 0.04198942316569143 0.001617003126925809
625 1000 625 1875 1875 1875 1875 1000 625 1000 625 1179 2125 1976|0.001 -0.03274355629011794 0.13623708148826852 0.014518453596583658
625 1000 625 1875 1875 1875 1875 1000 625 1000 625 1179 2125 1976|0.001 -0.019719715860725406 0.08583832913331646 0.0035708995164296375
533 1000 533 333 333 333 333 1000 533 1000 533 1133 1054 629|0.001 -0.11068816412850291 0.0429733998579529 -0.012901235815097056
3000 1000 3000 1600 1600 1600 1600 1000 3000 1000 3000 3162 1887 3400|0.001 -0.038454403964784944 0.11014862878846676 0.008633311994430404
1875 1000 1875 625 625 625 625 1000 1875 1000 1875 2125 1179 1976|0.001 -0.0690962603983869 0.07600294104014083 0.02096274851635993
1600 1000 1600 3000 3000 3000 3000 1000 1600 1000 1600 1887 3162 3400|0.001 -0.13434329603276063 0.04264931211370726 -0.04764428507460616
333 1000 333 533 533 533 533 1000 333 1000 333 1054 1133 629|0.001 -0.014279322807742023 0.12840531860933924 0.019530744041975634
625 1000 625 1875 1875 1875 1875 1000 625 1000 625 1179 2125 1976|0.001 -0.13115902776855592 0.020699692451215945 -0.011320162671297762
3000 1000 3000 1600 1600 1600 1600 1000 3000 1000 3000 3162 1887 3400|0.001 -0.0714703038958786 0.05761409203715262 -0.005470757350761746
533 1000 533 333 333 333 333 1000 533 1000 533 1133 1054 629|0.001 -0.09839120091851838 0.03885693887297759 -0.0036546583450736136
1875 1000 1875 625 625 625 625 1000 1875 1000 1875 2125 1179 1976|0.001 -0.10146330249933277 0.02942253856348831 -0.017910758016917994
1600 1000 1600 3000 3000 3000 3000 1000 1600 1000 1600 1887 3162 3400|0.001 -0.09762103240527176 0.04664310991866705 -0.0009229948059052973
333 1000 333 533 533 533 533 1000 333 1000 333 1054 1133 629|0.001 -0.036218455963465956 0.12574696920136352 0.024482877950062765
530 250 530 3691 3691 3422 3422 7500 994 6094 994 729 4596 3169|0.001 -0.562796842973663 0.03059729439268466 -0.009640544982635335
6128 1000 7542 3712 3441 3441 3712 533 251 533 1006 6872 4066 3658|0.001 -0.059877405720126786 0.049268152307448965 0.027041644715095625
271 1000 2032 269 144 144 269 927 68 927 1651 1245 1095 197|0.001 -0.09569643671877626 0.12078367700386394 0.05562058719952745
3441 533 3712 7542 6128 251 1006 1000 3441 533 3712 4066 6872 3658|0.001 -0.03769025188710251 0.09660242077788261 0.005219102003382048
3691 7500 3691 530 530 994 994 250 3422 6094 3422 4596 729 3169|0.001 -0.48312375678771224 0.0544070625759252 0.01903607341216418
471 1000 1886 6960 6452 6452 6960 1875 11490 1875 14142 1374 5976 6859|0.001 -0.1058454368181172 0.07955720143223433 -0.005164434664897133
291 1079 155 73 1781 2192 292 1000 291 1079 155 1182 1063 1997|0.001 -0.09704829363389234 -0.016285679085824567 -2.4652237947554276
13687 24375 13687 2121 2121 3977 3977 4000 14765 30000 14765 14550 2915 16171|0.001 -1.4314228709409216 0.09422607103535263 -0.02740521110583205
163 1231 163 561 561 606 606 41 87 164 87 1121 597 520|0.001 -0.0059260859149523615 0.055652882577914564 0.003037965087022698
73 1000 1781 291 155 155 291 1079 292 1079 2192 1063 926 213|0.001 -0.06129108823657803 0.14124181842460892 0.02770585767937428
7542 1000 6128 3441 3712 3712 3441 533 1006 533 251 6872 3187 4622|0.001 -0.0385021877246805 0.10006294164528695 -0.00884305128006635
2121 4000 2121 13687 13687 14765 14765 24375 3977 30000 3977 2915 14550 16171|0.001 -0.8572287771856457 0.16798680372948516 0.042279152787374485
167 1000 167 615 1070 1070 615 1875 1250 1875 1250 1014 1973 1163|0.001 -0.11869046483404033 -0.06469458137910888 -0.014276868954254951
3048 1739 1625 271 2032 2032 271 1000 3048 1739 1625 3208 1245 3663|0.001 -0.08696613169328793 0.005736622651579815 -0.5803268563598507
3691 7500 3691 6000 6000 11250 11250 1000 6418 7500 6418 4596 6083 11840|0.001 -0.47680072526204764 0.03335846452367619 -0.007660943402141296
6000 1000 6000 6418 6418 3691 3691 7500 11250 7500 11250 6083 6978 7045|0.001 -0.5316278322171542 0.11420429298473866 0.0320467825665105
167 1000 167 1070 615 615 1070 1875 1250 1875 1250 1014 1174 766|0.001 -0.11986236332669375 -0.08397485330892573 -0.020535210462793163
6418 7500 6418 6000 6000 11250 11250 1000 3691 7500 3691 6978 6083 7045|0.001 -0.2653487272358479 0.08126038501806931 0.01970923419781334
1753 575 935 156 1169 1169 156 1000 1753 575 935 1098 1087 2107|0.001 -0.08614252835750125 0.001572768131565816 -0.5838676181875369
6000 1000 6000 3691 3691 6418 6418 7500 11250 7500 11250 6083 4596 11840|0.001 -0.7299804424731293 0.06016855894524609 -0.013540686120039336
271 1000 2032 3048 1625 1625 3048 1739 271 1739 2032 1245 1908 1648|0.001 -0.04477281386131238 0.0893554219025039 0.016753438796748288
570 533 328 667 667 89 89 1000 570 533 328 626 1202 620|0.001 -0.054968043687938506 0.08935983223038901 0.0028438490213078538
1500 1000 1500 492 492 856 856 133 800 133 800 1803 613 939|0.001 -0.004651160182670422 0.051659754249877565 0.015622784705631165
667 1000 667 570 328 328 570 533 89 533 89 1202 1052 409|0.001 -0.09151646181867923 0.0349839427825116 -0.02738180766042153
156 1000 1169 1753 935 935 1753 575 156 575 1169 1087 1845 948|0.001 -0.04491822115710864 0.08378592000386043 0.016915981944465308
1500 1000 1500 856 856 492 492 133 800 133 800 1803 930 1579|0.001 -0.004603563131542199 0.06007448878243338 0.008602211764250356
328 533 570 667 667 89 89 1000 328 533 570 1052 1202 409|0.001 -0.05344859259951762 0.08990507688731997 0.0014730349204783444
667 1000 667 328 570 570 328 533 89 533 89 1202 626 620|0.001 -0.07484758930224822 0.07220744696401216 -0.040258075347250344
573 533 333 354 433 231 189 750 428 400 246 629 829 772|0.001 -0.03508177769225851 0.09750270753849266 0.0074069385916786246
2121 1225 2828 943 696 1210 1622 533 1131 653 1508 2345 1373 1328|0.001 -0.06250375106243045 0.0610468794681851 -0.019751709720976507
566 738 1061 3000 1600 1200 2250 1720 693 1284 1299 1456 1887 1327|0.001 0.013330123648109815 0.12310217698249692 0.04420910329827832
930 581 1744 755 403 329 616 746 697 429 1308 1838 1346 986|0.001 -0.005130698745771101 0.07849650169380995 0.029935346553358055
988 533 1324 2309 1732 924 1232 816 568 435 770 1782 2449 1823|0.001 -0.04281257780427428 0.08690009073528238 0.01788029503528632
354 750 433 573 333 246 428 533 189 400 231 1061 1054 485|0.001 -0.013849665292582358 0.07880504439740976 0.007089479472617288
625 1875 1075 433 354 663 812 750 461 1406 802 1179 1061 494|0.001 -0.15442513378821965 0.025297207881511685 -0.016302534487246945
755 746 403 930 1744 1308 697 581 616 429 329 595 1097 1849|0.001 -0.11808981968232546 -0.04823689438690493 -0.08683393393370875
1732 816 2309 2483 1853 1066 1443 1875 3248 1531 4330 2449 1477 2034|0.001 -0.22183400342817072 0.0532022640450025 -0.048789301142275754
3000 1720 1600 566 1061 1299 693 738 2250 1284 1200 3162 791 2487|0.001 -0.0880942666196316 -0.02577504004747211 -0.08165605257904329
433 750 354 625 1075 802 461 1875 812 1406 663 829 1976 640|0.001 -0.06966243587693932 0.06739026721115149 0.005562923448341195
1305 1875 1768 2828 2121 3977 5303 1225 2269 2296 3041 1398 2345 4186|0.001 -0.08141354054182814 0.09104840265474978 0.03848193552205892
943 533 696 2121 2828 1508 1131 1225 1622 653 1210 745 3000 1779|0.001 -0.05507608187567459 0.07353267020244747 -0.027796156961693574
577 1333 471 328 570 765 444 533 308 711 251 1414 626 455|0.001 -0.08842819961356274 0.020706004567829783 -0.01882485789697963
1625 1739 3048 1437 766 938 1760 1355 2167 2330 4064 1908 1071 2299|0.001 -0.10938059401909839 0.13195182052554877 0.03680592819802708
2309 816 1732 988 1324 770 568 533 1232 435 924 1915 788 2434|0.001 -0.07723292933885406 0.02282021613794205 -0.039466320838493774
540 1340 1012 1753 935 1247 2337 575 441 779 826 797 1845 1034|0.001 -0.10501988726142719 0.0859355259059913 0.04049369528222435
328 533 570 577 471 251 308 1333 444 711 765 1052 1106 351|0.001 -0.04097763432012069 0.11736623430556703 0.013762792345271002
2483 1875 1853 1732 2309 4330 3248 816 1443 1531 1066 3342 1915 2723|0.001 -0.15237625058372894 0.05290344856700324 -0.05584194789908126
1753 575 935 540 1012 826 441 1340 2337 779 1247 1098 1804 1938|0.001 -0.05178043468850091 0.061467092337708085 -0.04537041753678972
471 1333 577 1070 615 833 1434 1875 884 2500 1083 1106 1174 1213|0.001 -0.08792192304025614 0.12987887801422682 0.023065194439129133
2828 1225 2121 1305 1768 3041 2269 1875 5303 2296 3977 3000 2574 5590|0.001 -0.12927664616808499 0.019456372456567728 -0.019075540994781814
1437 1355 766 1625 3048 4064 2167 1739 1760 2330 938 1972 3208 4310|0.001 -0.0504728509958241 0.05638809939337852 -0.06688844403218597
1070 1875 615 471 577 1083 884 1333 1434 2500 833 1973 1414 1929|0.001 -0.20524122520418686 0.06901018323004271 -0.03648184438665991
625 1000 625 354 433 433 354 750 125 750 125 1179 829 515|0.001 -0.09319866818701561 0.05972213345625477 -0.020026672450569327
1600 1000 1600 693 693 566 566 200 1200 200 1200 1887 825 1697|0.001 -0.008585989762632806 0.05236444931555839 0.01605274722491945
289 1000 1443 2309 1732 1732 2309 816 289 816 1443 1190 2449 1756|0.001 -0.11732423991817842 0.11370478898433234 0.006290530568493491
354 750 433 625 625 125 125 1000 354 750 433 1061 1179 451|0.001 -0.07794969785990258 0.08626509167135143 -0.001903868995012381
625 1000 625 433 354 354 433 750 125 750 125 1179 1061 451|0.001 -0.04556494842893555 0.07594937896105991 0.019561097840945507
1600 1000 1600 566 566 693 693 200 1200 200 1200 1887 721 1327|0.001 -0.019518271384735275 0.07266938279269608 -0.02257827082814967
433 750 354 625 625 125 125 1000 433 750 354 829 1179 515|0.001 -0.061405298527925645 0.092210028778279 0.00022878450484098423
354 1000 1768 2828 2121 2121 2828 1225 354 1225 1768 1275 2345 2151|0.001 -0.0896372107493093 0.1434212679439395 0.016437648287743745
6000 1000 6000 2828 2828 3464 3464 5000 8000 5000 8000 6083 3606 8485|0.001 -0.1715752891577349 0.08429109733113282 -0.004374162869903442
2309 816 1732 289 1443 1443 289 1000 2309 816 1732 1915 1190 2723|0.001 -0.10191875848131637 0.05326987879721967 -0.4108904645067313
3464 5000 3464 6000 6000 8000 8000 1000 2828 5000 2828 4123 6083 6633|0.001 -0.5905501532574797 0.01682361703894575 -0.023556074783542824
167 1000 167 577 471 471 577 1333 833 1333 833 1014 1106 601|0.001 -0.0668215499350977 0.05080492067182085 -0.001695332442330777
6000 1000 6000 3464 3464 2828 2828 5000 8000 5000 8000 6083 4123 6633|0.001 -0.2693890870488147 0.0820535308945991 -0.0009438464326849694
2828 1225 2121 354 1768 1768 354 1000 2828 1225 2121 3000 1275 3335|0.001 -0.10864360490545955 0.01817888581287397 -0.44997703840183867
2828 5000 2828 6000 6000 8000 8000 1000 3464 5000 3464 3606 6083 8485|0.001 -0.15285206433875764 0.09937118804041134 -0.018553612701924793
167 1000 167 471 577 577 471 1333 833 1333 833 1014 1414 687|0.001 -0.05860657517476442 0.058974508383033974 -0.000634100444185659
1998 1107 1524 2834 3071 2692 2075 1875 6604 2075 5715 2234 3592 4415|0.001 -0.19183756688361697 -0.030672602918380143 -0.013499915060315448
662 1084 353 538 2016 2330 705 732 732 950 391 1267 1205 2422|0.001 -0.09243519731492955 -0.030742026606008777 -0.2954227786805541
1362 3750 1860 656 726 1362 1230 1311 1766 4333 2015 2241 1466 2357|0.001 -0.10921005991625266 0.07747972757667476 0.019824276733280133
554 763 501 1537 1347 1039 1418 3305 1039 2860 938 912 2210 901|0.001 -0.18216873200355144 0.05147329204867823 -0.011458182535065697
2151 877 651 326 611 676 360 923 1861 676 496 1438 939 1959|0.001 -0.036799620145828715 0.059473070152209484 -0.03887917024670173
1377 904 1805 2432 1875 2561 2775 1875 5164 1694 5967 2019 1627 3844|0.001 -0.009593345928401442 0.2229296652813395 0.034519607679848185
1537 3305 1347 554 501 938 1039 763 1418 2860 1039 2430 1118 1443|0.001 -0.05879260133268005 0.14777994909020764 0.039546008720574566
771 771 411 742 2453 2123 566 1141 697 1053 372 669 1804 2550|0.001 -0.10066052801739334 -0.03349736231456846 -0.19899669716475166
656 1311 726 1362 1860 2015 1766 3750 1230 4333 1362 1196 2791 2357|0.001 -0.22004917879724029 0.10320588188096558 -0.01394699900922558
2432 1875 1875 1377 1805 5967 5164 904 2775 1694 2561 3246 1647 4387|0.001 -0.21380648474058406 0.05476518689412124 -0.190441035662281
2754 1366 734 533 1000 904 482 1297 3182 1480 963 2050 1731 2898|0.001 -0.04388911255733596 -0.002787043546105261 -0.04689489917774292
538 732 2016 662 353 391 732 1084 705 950 2330 1501 1017 788|0.001 -0.07039923354985822 0.09986723732463343 0.027981134366754645
1638 533 1511 3048 3522 1066 813 1107 1436 590 1107 1537 3661 2589|0.001 -0.03705343553741747 0.10364286945862 0.0007085660812822248
363 1156 328 496 363 471 537 267 194 350 175 1201 744 315|0.001 -0.04558139264649319 0.039749264580799526 0.004074241484828267
326 923 611 2151 651 496 1861 877 360 676 676 1170 1581 594|0.001 -0.07262939698260196 0.12701639484590466 0.08173508554954578
408 303 465 284 314 168 151 865 314 231 429 735 911 544|0.001 -0.029980863223438847 0.04398967462727166 0.0047399060506769786
3048 1107 3522 1638 1511 1107 1436 533 813 590 1066 3208 1916 2269|0.001 -0.049410364650739336 0.06553637541236501 0.025174280757120915
742 1141 2453 771 411 372 697 771 566 1053 2123 1640 1334 830|0.001 -0.08860574675590871 0.10274316436796882 0.06781895532464555
284 865 314 408 465 429 314 303 151 231 168 1040 669 544|0.001 -0.012248693909245878 0.06994110098549555 -0.010012165504730275
1000 533 1297 3182 2754 734 963 904 1366 482 1480 1731 3308 1646|0.001 -0.022488091195579374 0.09766572306773913 0.0038649027952852855
496 267 363 363 328 175 194 1156 537 350 471 598 1052 504|0.001 -0.043346318727711663 0.04369677243968084 0.0038286611192672737
3182 904 2754 1000 1297 1480 1366 533 963 482 734 2898 868 2128|0.001 -0.0506380206199919 0.04149390462178104 -0.0026848443794191823
1875 1000 1875 1061 566 693 1299 738 1475 817 1125 2125 1456 1580|0.001 -0.051402574119621125 0.07728431280516146 0.06073658727123288
696 533 943 1768 1061 1391 1768 1225 770 653 943 1373 1458 1555|0.001 -0.05823228320516183 0.04877921590097589 0.010880944491937772
693 600 566 533 533 436 394 1000 370 787 302 825 1133 805|0.001 -0.0964897123827646 0.04920280057145732 -0.035652991712976645
533 1000 533 302 370 693 566 787 436 600 394 1133 843 581|0.001 -0.06493308147189403 -0.004349521406199486 -0.04482255579031591
2607 1225 3315 1768 1305 1444 1768 1875 1989 2296 3315 2793 1398 2379|0.001 -0.029159762216324214 0.1331806029481175 0.015866524679768457
1061 738 566 1875 1875 1125 1475 1000 1299 817 693 791 2125 1546|0.001 -0.06637825071458936 0.04131956875312204 0.003950162770498533
1875 1000 1875 693 1299 1061 566 817 1125 738 1475 2125 1090 2154|0.001 -0.11803106032931998 0.05850453892274787 -0.1408332554148639
302 787 370 533 533 394 436 1000 566 600 693 1045 1133 422|0.001 -0.04165926014076393 0.12320077156662723 0.023875276399365486
1179 1875 1443 2706 2129 1624 2706 816 1066 1531 1443 1573 2827 2381|0.001 -0.08165999892211229 0.12370940981232259 0.04273460969163034
533 1000 533 693 566 302 370 600 394 787 436 1133 1149 777|0.001 -0.042905299087029336 0.09230174698008131 -0.0021344154158442485
693 817 1299 1875 1875 1475 1125 1000 566 738 1061 1510 2125 1958|0.001 -0.014255291838900508 0.08831449007805636 0.0005606178832673336
866 816 1443 770 629 568 770 533 1135 435 1443 1658 1162 1036|0.001 -0.04337215094582625 0.029040778823818947 -0.016254794155811103
1768 1225 1061 696 943 943 770 533 1768 653 1391 2031 745 2003|0.001 -0.04171589343399673 0.02119415930923685 -0.015043418050396662
766 1355 1437 1524 1998 2540 2540 1107 938 1355 1760 1071 2234 2653|0.001 -0.06789077195775928 0.08809392556954787 -0.030662792667108807
726 1311 656 943 1155 616 503 1667 889 1667 889 1466 1915 969|0.001 -0.14891370917364588 0.10075698227052676 0.003493704138897158
1768 1875 1305 2607 3315 3315 1989 1225 1768 2296 1444 2574 3462 3757|0.001 -0.08410181425272834 0.06692097910911299 -0.017779956340198133
470 1271 384 501 554 678 678 763 881 1271 719 1328 912 1024|0.001 -0.014242206408181524 0.06431719617151943 0.006851664116485079
1524 1107 1998 766 1437 1760 938 1355 2540 1355 2540 1823 1972 2918|0.001 -0.08343780638198517 0.08730045120731944 -0.09330371986554398
2706 816 2129 1179 1443 1443 1066 1875 2706 1531 1624 2280 2179 3067|0.001 -0.22899354197987165 -0.0300676761619334 -0.012422674304805037
501 763 554 470 384 719 881 1271 678 1271 678 1118 1071 987|0.001 -0.13695265783231103 0.005793927082879957 -0.060408692034674694
1590 1224 848 1805 1377 2295 2295 904 1298 1224 692 1848 2019 1892|0.001 -0.012712828322241077 0.12648357433898028 0.012306459087447763
770 533 629 866 1443 1443 1135 816 770 435 568 839 1190 1636|0.001 -0.052214276864018805 0.052218546572004865 -0.023516706562828338
943 1667 1155 726 656 889 889 1311 503 1667 616 1374 1196 703|0.001 -0.1011180813670054 0.07604091269938662 0.028889162906609034
1805 904 1377 1590 848 692 1298 1224 2295 1224 2295 1647 1334 1934|0.001 -0.039166737633355986 0.12980181378010824 0.040121019078871445
2719 1000 906 773 1450 1450 773 1207 2719 1207 906 1861 1761 3081|0.001 -0.04559972940209489 0.031049105781140174 -0.04808904361419786
1561 1875 1293 1172 1172 3516 3516 1000 1561 1875 1293 2278 1541 2561|0.001 -0.20808194453935336 0.07165809254893407 -0.03053854177539339
853 1000 853 1104 1104 1332 1332 3000 1600 3000 1600 1315 2054 1944|0.001 -0.28131022944590134 0.014227998541378462 -0.00461344641764061
368 333 368 533 533 284 284 1000 444 333 444 685 1133 465|0.001 -0.041115558040661915 0.05832950340747489 0.0037290417153301725
1875 1000 1875 690 833 833 690 533 625 533 625 2125 872 1366|0.001 -0.08162131585332744 0.0645222470171336 -0.04685062719483213
773 1207 1450 2719 906 906 2719 1000 773 1207 1450 1264 1861 1191|0.001 -0.0708023174907535 0.13699863765022968 0.06747521191382111
906 1000 2719 1450 773 773 1450 1207 906 1207 2719 1861 1264 1191|0.001 -0.07112043555159486 0.08560373163423618 0.03209827168380919
533 1000 533 368 368 444 444 333 284 333 284 1133 685 465|0.001 -0.03776821062232871 0.04054300998143523 -0.0011137574435804432
833 533 690 1875 1875 625 625 1000 833 533 690 872 2125 1366|0.001 -0.0645760702660847 0.0611533433139555 -0.00044255008107674243
1104 3000 1104 853 853 1600 1600 1000 1332 3000 1332 2054 1315 1944|0.001 -0.3642383577257735 0.022675300976424673 0.007486207200775308
1450 1207 773 906 2719 2719 906 1000 1450 1207 773 1761 1861 3081|0.001 -0.10422975019963032 -0.04364583613305828 -0.2214150869466247
1172 1000 1172 1293 1561 1561 1293 1875 3516 1875 3516 1541 2278 2561|0.001 0.008694498642189963 0.22179128797262804 0.028898876418534947
1172 1000 1172 1561 1293 1293 1561 1875 3516 1875 3516 1541 1635 2407|0.001 -0.0907533685339923 0.07245468940298094 -0.00275016711251741
1201 828 640 751 2252 2252 751 1000 1201 828 640 1047 1640 2552|0.001 -0.0727584804627679 -0.008134089608076156 -0.1627474270091278
1332 3000 1332 853 853 1600 1600 1000 1104 3000 1104 2185 1315 1395|0.001 -0.13233965065673092 0.048307141422556654 -0.018232627484454644
690 533 833 1875 1875 625 625 1000 690 533 833 1215 2125 1284|0.001 -0.03024152413117931 0.09413276168578122 0.00847694541049604
533 1000 533 444 444 368 368 333 284 333 284 1133 728 648|0.001 -0.032881546350985724 0.019679659170663832 -0.0005648036743377549
751 1000 2252 1201 640 640 1201 828 751 828 2252 1640 1459 987|0.001 -0.003919793761293366 0.13050332261128172 0.022276015158306794
1875 1000 1875 833 690 690 833 533 625 533 625 2125 1215 1284|0.001 -0.0268105328107604 0.09251377524948756 -0.009286295426007563
444 333 444 533 533 284 284 1000 368 333 368 728 1133 648|0.001 -0.038580338937329595 0.051143728420055545 0.0005976377196881266
640 828 1201 2252 751 751 2252 1000 640 828 1201 1459 1640 987|0.001 -0.07719325948467581 0.13108586481090256 0.07785158389420843
1293 1875 1561 1172 1172 3516 3516 1000 1293 1875 1561 1635 1541 2407|0.001 -0.1469000126403741 0.08090387533047583 -0.09464440020327758
853 1000 853 1332 1332 1104 1104 3000 1600 3000 1600 1315 2185 1395|0.001 -0.40060573529041466 -0.015444081684401478 -0.03009648559997191
2252 1000 751 640 1201 1201 640 828 2252 828 751 1640 1047 2552|0.001 -0.058604061250246975 0.0028984343473292817 -0.05228987641127336
1744 1000 581 403 755 755 403 746 872 746 116 1419 595 1446|0.001 -0.040865313088974675 0.07770817892459814 -0.045218117922751766
693 200 693 1720 1720 1284 1284 3000 1299 1500 1299 825 2441 1023|0.001 -0.1811825903308184 -0.0010287499169536751 -0.010696318302203522
1155 1000 2309 1324 988 988 1324 533 154 533 770 1915 1782 1074|0.001 -0.018660236284655518 0.09622654306768119 0.00860093929725414
403 746 755 1744 581 116 872 1000 403 746 755 1346 1419 479|0.001 -0.052909437541277526 0.15014852192090977 0.0400763060525966
581 1000 1744 755 403 403 755 746 116 746 872 1419 1346 479|0.001 -0.11743604656230144 0.12179565313177987 0.052979421300736185
1720 3000 1720 693 693 1299 1299 200 1284 1500 1284 2441 825 1023|0.001 -0.056624688825238634 0.12446608616419441 0.07896007136573457
755 746 403 581 1744 872 116 1000 755 746 403 595 1419 1446|0.001 -0.08150491221006417 0.02594335924023028 -0.11123505770114117
289 1000 1443 2483 1853 1853 2483 1875 2165 1875 4330 1190 1477 2014|0.001 -0.060405430053673825 0.13413109800450185 -0.001595888239553922
6418 7500 6418 3464 3464 6495 6495 5000 8602 15000 8602 6978 4123 11576|0.001 -1.268095968359988 0.09986463565783144 -0.028248218960139626
1324 533 988 1155 2309 770 154 1000 1324 533 988 788 1915 1879|0.001 -0.05437153884978008 0.08153157791179089 -0.050704788722291116
866 2000 866 856 856 1147 1147 133 462 667 462 1658 930 682|0.001 -0.04665451073498139 0.054521533442475345 0.009182402448106863
156 1000 1169 1012 540 540 1012 1340 779 1340 2337 1087 797 642|0.001 -0.12001617615315263 0.1737023785581493 0.032145845687676644
2309 1000 1155 988 1324 1324 988 533 770 533 154 1915 788 1879|0.001 -0.004784626280833759 0.10158597803404446 0.02581138761850621
856 133 856 866 866 462 462 2000 1147 667 1147 930 1658 682|0.001 -0.0814859380907107 0.041550846294657884 0.007515393089931877
2483 1875 1853 289 1443 4330 2165 1000 2483 1875 1853 3342 1190 3524|0.001 -0.18154261860676368 0.010570527219042614 -1.1043309509067012
3464 5000 3464 6418 6418 8602 8602 7500 6495 15000 6495 4123 6978 11576|0.001 -0.8214258534245644 0.049090288930986326 0.0034756713973060904
1075 1875 625 354 433 812 663 750 802 1406 461 1976 829 640|0.001 -0.0928465565068004 0.05864548294773231 -0.039915445763106794
2121 1225 2828 1768 1305 2269 3041 1875 3977 2296 5303 2345 1398 4186|0.001 -0.23130688755490625 0.08070495976077785 -0.035400612590648084
1061 738 566 1600 3000 2250 1200 1720 1299 1284 693 791 3162 2487|0.001 -0.07693658900301714 0.01843226785409602 -0.04187660354016631
1744 581 930 403 755 616 329 746 1308 429 697 1097 595 1849|0.001 -0.06576485622454165 0.0753233062500791 -0.07176223717327623
1853 1875 2483 2309 1732 3248 4330 816 1066 1531 1443 1477 2449 2034|0.001 -0.04196583843796731 0.10036994174126512 0.049924340341991336
354 750 433 1075 625 461 802 1875 663 1406 812 1061 1179 494|0.001 -0.14327087759062107 0.02892076940123056 -0.020743725500531607
333 533 573 433 354 189 231 750 246 400 428 1054 1061 485|0.001 -0.039318555067928695 0.039719511024798315 0.0035044845734710783
403 746 755 1744 930 697 1308 581 329 429 616 1346 1838 986|0.001 -0.03209890235462698 0.15246823701681622 0.048230017106343226
1732 816 2309 1324 988 568 770 533 924 435 1232 2449 1782 1823|0.001 -0.013268696498757171 0.11100853370111352 0.057319172738221624
1600 1720 3000 1061 566 693 1299 738 1200 1284 2250 1887 1456 1327|0.001 -0.05495770362350161 0.09639835585537382 0.013358766359781171
433 750 354 333 573 428 246 533 231 400 189 829 629 772|0.001 -0.047964457680791384 0.028095053815242466 -0.011155296058450448
696 533 943 2828 2121 1131 1508 1225 1210 653 1622 1373 2345 1328|0.001 -0.04210237119702476 0.0907538057257562 0.018431215645822174
1768 1875 1305 2121 2828 5303 3977 1225 3041 2296 2269 2574 3000 5590|0.001 -0.15179080859090144 0.024693397797173056 -0.08283132984677422
577 1333 471 615 1070 1434 833 1875 1083 2500 884 1414 1973 1929|0.001 0.004122002165483085 0.17481348356366055 0.03270712252457342
3048 1739 1625 766 1437 1760 938 1355 4064 2330 2167 3208 1972 4310|0.001 -0.10269037721492125 -0.09256736796611653 -0.09831490812115096
2309 816 1732 1853 2483 1443 1066 1875 4330 1531 3248 1915 3342 2723|0.001 -0.06428865161508868 0.12709522574720467 0.031067394732231524
1012 1340 540 935 1753 2337 1247 575 826 779 441 1804 1098 1938|0.001 -0.08914378189629923 -0.013771016929597923 -0.1106070526023295
615 1875 1070 577 471 884 1083 1333 833 2500 1434 1174 1106 1213|0.001 -0.07044762671828075 0.11129345866558449 0.035006762296700966
1324 533 988 1732 2309 1232 924 816 770 435 568 788 1915 2434|0.001 -0.04201438459305429 0.08087521304655176 -0.010344232481509508
935 575 1753 1012 540 441 826 1340 1247 779 2337 1845 797 1034|0.001 -0.056977655000161054 0.16553490347390287 0.04836630756358984
471 1333 577 570 328 444 765 533 251 711 308 1106 1052 351|0.001 -0.05899450454045607 0.08629668708365346 -0.034504959852066364
2828 1225 2121 696 943 1622 1210 533 1508 653 1131 3000 745 1779|0.001 -0.0783335499705351 0.0026394539536389594 -0.004418597484702191
766 1355 1437 3048 1625 2167 4064 1739 938 2330 1760 1071 1908 2299|0.001 -0.0845929310697835 0.12724987399898469 0.05317184538370601
570 533 328 471 577 308 251 1333 765 711 444 626 1414 455|0.001 -0.04660580151479965 0.0770539439227802 -0.0021727703714535807
696 533 943 1768 1972 2137 1951 1875 1305 1000 1768 1373 2577 2500|0.001 -0.1373307486496067 -0.009451700922711304 -0.02636908588049769
1061 1116 566 533 1000 738 394 1104 566 1209 302 1458 1414 1456|0.001 -0.10074708559060896 0.010709054738389234 -0.07743730926714432
906 906 483 273 513 961 513 1096 669 1011 357 1027 1253 716|0.001 -0.07997879228894167 0.009006203149970471 -0.14582350600807814
4007 1875 3658 1768 1305 2447 3315 1875 3698 3516 3315 4582 1398 3762|0.001 -0.3815207851131708 0.036156764554624576 -0.016702731791269354
1061 738 566 2069 1875 2092 2267 1875 1989 1384 1061 791 2125 2733|0.001 -0.13896998371490943 -0.05781358095472755 -0.004632909877019253
1000 533 1104 566 1061 566 302 738 1116 394 1209 1414 791 1149|0.001 -0.06725602997255664 0.0337909920659607 -0.06364539476359066
273 1096 513 906 483 357 669 906 513 1011 961 955 1282 382|0.001 -0.03981959554361314 0.10201186529437356 0.027129202866786883
1305 1875 1768 1951 2137 1972 1768 533 696 1000 943 1398 1862 2500|0.001 -0.028001121992233813 0.05047896995732826 0.01111430309158612
533 1104 1000 1061 566 302 566 1116 394 1209 738 1133 1149 777|0.001 -0.062069437636307345 0.11497212746496288 0.01380250278068651
566 738 1061 1000 1104 1209 1116 533 302 394 566 1456 1133 1053|0.001 -0.046393332240646235 0.10376722190690524 0.009627839407209127
1052 533 943 943 696 371 503 533 1140 284 1040 1083 1373 1070|0.001 -0.022562269713591876 0.08090048274875583 0.0065398729893551
1768 1875 1972 696 943 1768 1305 533 1951 1000 2137 2031 745 2500|0.001 -0.11394033509414037 0.04601394303243689 -0.006794613512215442
766 1355 1437 2834 3071 2803 2540 1875 1437 2540 2694 1071 3592 2675|0.001 -0.10928625169367878 0.1280452794107556 0.00042885263933811757
662 1084 353 507 951 507 270 896 896 989 478 1267 1030 709|0.001 -0.05032750855129886 0.0722173631535461 -0.024125908600486357
1768 1875 1305 4007 3658 3315 3698 1875 3315 3516 2447 2574 3492 3757|0.001 -0.17671843697070422 0.07171017015471737 -0.00168489046146858
468 913 250 326 611 827 441 923 877 827 468 871 939 1204|0.001 -0.053622892066699235 0.016946669335193842 -0.059292214825926726
2834 1875 3071 766 1437 2694 1437 1355 2540 2540 2803 2882 1972 2918|0.001 -0.13990640156675171 0.0870709234515954 -0.09600494582909014
1951 533 2137 1305 1768 943 696 1875 1768 1000 1972 2444 2574 2500|0.001 -0.04426261662370701 0.08697900555347138 0.005044101986524385
1437 1355 766 1638 1511 1355 1495 533 766 722 409 1972 1916 1975|0.001 -0.018451311451639363 0.08995030948155236 0.017038929353900834
943 533 696 1052 943 1040 1140 533 503 284 371 745 1374 1069|0.001 -0.013474199818562793 0.05054605081586505 0.0029812644675608624
507 896 951 662 353 478 896 1084 270 989 507 1306 1017 378|0.001 -0.011245308538978538 0.09649630134202614 0.026053657696016863
1638 533 1511 1437 766 409 766 1355 1495 722 1355 1537 1071 1873|0.001 -0.04525556606269965 0.100421691366408 0.022218160850260293
2719 1000 906 335 628 628 335 960 1994 960 520 1861 1022 2411|0.001 -0.053894506614642346 0.03680640985630257 -0.042994896788225434
370 573 370 1104 1104 1060 1060 3000 693 2200 693 843 2054 1127|0.001 -0.27288127115405403 0.015759801250996297 -0.02470911281409305
368 333 368 231 231 123 123 733 353 191 353 685 887 419|0.001 -0.02490835390340007 0.04860031199483972 0.003769572406628896
3175 1000 4330 1593 1530 1530 1593 533 828 533 1443 3841 1815 2229|0.001 -0.06120379212957161 0.04778802555002404 -0.0005425851823648298
335 960 628 2719 906 520 1994 1000 335 960 628 1140 1861 763|0.001 -0.009404805636743507 0.12042790098506728 0.047793099995245836
906 1000 2719 628 335 335 628 960 520 960 1994 1861 1140 763|0.001 -0.056890745395823394 0.12135099374674496 0.02933308223671327
231 733 231 368 368 353 353 333 123 191 123 887 685 419|0.001 -0.011559519547427177 0.08439157934529762 0.005481062954557636
1530 533 1593 4330 3175 828 1443 1000 1530 533 1593 1815 3841 2229|0.001 -0.0396382936677242 0.08861604922462796 0.007843565471907787
1104 3000 1104 370 370 693 693 573 1060 2200 1060 2054 843 1127|0.001 -0.17469672430572958 0.008410026309229046 -0.012320348396979153
628 960 335 906 2719 1994 520 1000 628 960 335 1022 1861 2411|0.001 -0.11640704240878375 -0.05684706849812371 -0.20434713773101465
1552 1000 2706 2987 2868 2868 2987 1875 5954 1875 8119 2280 3051 4179|0.001 -0.1458844997311659 0.14876459321369273 0.01905381643109383
2706 1000 1552 2868 2987 2987 2868 1875 8119 1875 5954 2280 3404 5558|0.001 -0.13304758454067867 0.005810860181121313 0.00878908306205739
654 1041 349 541 2076 2831 944 1000 654 1041 349 1187 1457 2511|0.001 -0.06752075332681962 0.04156365851588628 -0.236236318563815
1849 3837 1849 644 644 1208 1208 1744 1925 5233 1925 2693 1470 2194|0.001 -0.5433596396427964 0.010499390564830957 -0.026559979493636643
1593 533 1530 3175 4330 1443 828 1000 1593 533 1530 1627 3841 2964|0.001 -0.02941319708326673 0.08379004908519727 -0.01104654996863852
315 1364 315 482 482 502 502 261 168 455 168 1209 702 512|0.001 -0.014005071382331424 0.08800713874520305 0.0026294586442943135
541 1000 2076 654 349 349 654 1041 944 1041 2831 1457 1064 795|0.001 -0.03651971916620589 0.13070975888785918 -0.0005314553047608417
4330 1000 3175 1530 1593 1593 1530 533 1443 533 828 3841 1627 2964|0.001 -0.052741382409497994 0.044000509112616104 -0.0071226397675738795
482 261 482 315 315 168 168 1364 502 455 502 702 1209 512|0.001 -0.05636783148056934 0.04963883489057519 0.0023464565839126372
2987 1875 2868 1552 2706 8119 5954 1000 2987 1875 2868 3404 2280 5558|0.001 -0.23594498410136056 0.03581951385392301 -0.36886992862493195
644 1744 644 1849 1849 1925 1925 3837 1208 5233 1208 1470 2693 2194|0.001 -0.4831801105626199 0.014922409700224293 -0.0030228204177451534
2076 1000 541 349 654 654 349 1041 2831 1041 944 1457 1187 2511|0.001 -0.04434103250099852 -0.030264291577070113 -0.04851544765607452
1000 1000 1000 433 433 433 433 500 500 500 500 1414 829 829|0.001 -0.0623109349313522 0.012654944273895463 -0.013033375538439307
1155 1000 2309 2309 1155 1155 2309 1000 1155 1000 2309 1915 1915 1633|0.001 -0.06060025178256434 0.09574378843097309 0.014534139216826336
433 500 433 1000 1000 500 500 1000 433 500 433 829 1414 829|0.001 -0.04102103382519484 0.10516509584140188 0.0013987103966872638
1000 1000 1000 433 433 433 433 500 500 500 500 1414 829 829|0.001 -0.05760529747802723 0.009883577913567532 -0.01642925859069666
1155 1000 2309 2309 1155 1155 2309 1000 1155 1000 2309 1915 1915 1633|0.001 -0.04652303629436916 0.06104843576567376 0.035404211080996006
433 500 433 1000 1000 500 500 1000 433 500 433 829 1414 829|0.001 -0.04276890208123052 0.09613323600452306 -0.0015786813429541358
1000 1000 1000 433 433 433 433 500 500 500 500 1414 829 829|0.001 -0.040506394170186644 0.06646927883224407 0.011273895426657798
433 500 433 1000 1000 500 500 1000 433 500 433 829 1414 829|0.001 -0.03287116281722402 0.07093692077205782 0.006941401504527711
1155 1000 2309 2309 1155 1155 2309 1000 1155 1000 2309 1915 1915 1633|0.001 -0.09009190510820941 0.0532615562823513 0.03896552818556609
1000 1000 1000 433 433 433 433 500 500 500 500 1414 829 829|0.001 -0.05918948539206714 0.02494505145224757 -0.032961043533440426
433 500 433 1000 1000 500 500 1000 433 500 433 829 1414 829|0.001 -0.025293876322831643 0.10126601691998083 -0.0005149196661180522
1155 1000 2309 2309 1155 1155 2309 1000 1155 1000 2309 1915 1915 1633|0.001 -0.05307359759655017 0.12962727514870043 0.060257395492344656
2309 1000 1155 1155 2309 2309 1155 1000 2309 1000 1155 1915 1915 3266|0.001 -0.07130843469911996 0.036115795033613285 -0.07203204189998313
866 2000 866 1000 1000 2000 2000 1000 866 2000 866 1658 1414 1658|0.001 -0.1907022745559961 0.05660345340880335 0.035252261938718554
1000 1000 1000 866 866 866 866 2000 2000 2000 2000 1414 1658 1658|0.001 -0.08177596867257275 0.15389320691116204 0.026267611214525477
2309 1000 1155 1155 2309 2309 1155 1000 2309 1000 1155 1915 1915 3266|0.001 -0.10197882213821008 -0.04144268026610387 -0.12210180702534656
866 2000 866 1000 1000 2000 2000 1000 866 2000 866 1658 1414 1658|0.001 -0.1606197307312096 0.05254742849699179 -0.017480573389450083
1000 1000 1000 866 866 866 866 2000 2000 2000 2000 1414 1658 1658|0.001 -0.10901148861785726 0.13361548350886432 0.02182152019204686
2309 1000 1155 1155 2309 2309 1155 1000 2309 1000 1155 1915 1915 3266|0.001 -0.08258701556776105 0.020545698927005862 -0.06954278703840577
1000 1000 1000 866 866 866 866 2000 2000 2000 2000 1414 1658 1658|0.001 -0.15851858117504114 0.032177616453927804 0.004228117274009957
866 2000 866 1000 1000 2000 2000 1000 866 2000 866 1658 1414 1658|0.001 -0.09430843863651783 0.07333958438684451 0.0389439094781463
2309 1000 1155 1155 2309 2309 1155 1000 2309 1000 1155 1915 1915 3266|0.001 -0.05368039373670919 0.05076525327602388 -0.05349731616056119
866 2000 866 1000 1000 2000 2000 1000 866 2000 866 1658 1414 1658|0.001 -0.15739851314910513 0.05510032092763684 -0.05627729429224182
1000 1000 1000 866 866 866 866 2000 2000 2000 2000 1414 1658 1658|0.001 -0.07346633922386991 0.09928722288048641 0.00453435176617889
629 533 770 1443 1179 1530 1593 1875 1179 1000 1443 1162 1573 2041|0.001 -0.10198024388223148 0.01190753694229052 -0.019383365036830247
1299 817 693 533 1000 817 436 1104 693 1060 370 1090 1414 1510|0.001 -0.08161902224473438 0.036962011234020764 -0.06706818756363475
906 906 483 335 628 1177 628 960 740 740 395 1027 1022 987|0.001 -0.07319099698563147 0.030850616324322733 -0.1052945303893138
2868 1875 2987 1443 1179 2211 2706 1875 2211 3516 2706 3051 1573 1919|0.001 -0.18433381422096606 0.1068044243158428 -0.004602999828118293
1299 817 693 2069 1875 1532 1987 1875 2436 1532 1299 1090 2125 2043|0.001 -0.19527933316190738 -0.09806219177935671 0.006014551442030669
1000 533 1104 693 1299 693 370 817 817 436 1060 1414 1090 1510|0.001 -0.04936475416914443 0.052911246287008495 -0.03301425464390273
335 960 628 906 483 395 740 906 628 740 1177 1140 1282 527|0.001 -0.08525945971556981 0.17442560051228018 0.04967077166832645
1179 1875 1443 1593 1530 1179 1443 533 629 1000 770 1573 1815 2041|0.001 -0.046502350147864524 0.11828240610550989 0.0013830950877569137
533 1104 1000 1299 693 370 693 817 436 1060 817 1133 1510 805|0.001 -0.03517798810010353 0.1314506302841867 0.029764811818364656
693 817 1299 1000 1104 1060 817 533 370 436 693 1510 1133 1258|0.001 -0.01985334138541517 0.07151322280008143 0.0021414105237638204
629 533 770 770 629 335 411 533 816 284 849 1162 1162 546|0.001 -0.008146304634103485 0.07514696165204171 0.009911163764055875
1443 1875 1179 629 770 1443 1179 533 1593 1000 1530 2179 839 2041|0.001 -0.07483846335821664 0.08472263638410249 0.05514569883940723
848 1224 1590 1875 2432 2533 2295 1875 1590 2295 2981 1334 3246 2886|0.001 -0.0842753617070946 0.13141407819536655 -0.002152789528394594
1000 1297 533 848 1590 848 452 1224 1224 1351 653 1731 1848 1334|0.001 -0.08643908192360938 0.0047952267533712956 -0.05117615217692051
1443 1875 1179 2868 2987 2706 2211 1875 2706 3516 2211 2179 3404 3067|0.001 -0.3690920759284033 0.023537849626402707 -0.017838017706576226
654 1041 349 411 771 944 503 771 1226 944 654 1187 669 1425|0.001 -0.0823022040294541 -0.07917017208422972 -0.07167895798001367
1875 1875 2432 848 1590 2981 1590 1224 2295 2295 2533 1627 1848 3465|0.001 -0.13093181313927893 0.07964374316625777 -0.1332700086450822
1593 533 1530 1179 1443 770 629 1875 1443 1000 1179 1627 2179 2041|0.001 -0.07586812586150793 0.11170857504019027 0.004224753484443067
1590 1224 848 1297 1000 1224 1351 533 848 653 452 1848 1731 1334|0.001 -0.029652083163330678 0.08250942541978112 0.010404842179607687
770 533 629 629 770 849 816 533 411 284 335 839 839 872|0.001 -0.03805944340619094 0.04914227931387627 -0.029695250156301922
848 1224 1590 1000 533 653 1224 1297 452 1351 848 1334 868 711|0.001 -0.06690388565069649 0.07331909042273654 0.06544770189961913
1297 533 1000 1590 848 452 848 1224 1351 653 1224 868 1334 1380|0.001 -0.02945007369665631 0.1058523917242371 0.005681946903399737
333 1000 333 333 333 178 178 1000 368 1000 368 1054 1054 378|0.001 -0.02968501658607514 0.08758868354403315 0.0035383827917012667
3000 1000 3000 1000 1104 1104 1000 533 3000 533 3000 3162 1133 3197|0.001 -0.03111102917900066 0.07091866304756556 0.010254407573877522
533 1104 1000 3000 3000 3000 3000 1000 533 1104 1000 1133 3162 3047|0.001 -0.06982813053307169 0.10245943732559049 0.01535874857556685
3000 1000 3000 1000 533 533 1000 1104 3000 1104 3000 3162 1133 3047|0.001 0.007310177130182005 0.15058610104776715 0.017934968278909835
1104 533 1000 3000 3000 3000 3000 1000 1104 533 1000 1133 3162 3197|0.001 -0.0597187979228786 -0.00782617600693869 -0.020118159088655663
333 1000 333 333 333 368 368 1000 178 1000 178 1054 1054 378|0.001 -0.07898493180349297 0.057248645705065826 0.011454718706507272
333 1000 333 178 178 333 333 1000 368 1000 368 1054 1016 471|0.001 -0.12304499942866198 0.003014649398556113 -0.050351622636937154
1000 1104 533 3000 3000 3000 3000 1000 1000 1104 533 1414 3162 3162|0.001 -0.013478839669605058 0.11859210844486379 0.009827785190636984
5625 1000 5625 1875 2069 2069 1875 1875 5625 1875 5625 5713 2652 5993|0.001 -0.16209439655171298 0.0916525390971823 -0.0013705633606730938
3000 1000 3000 533 1000 1000 533 1104 3000 1104 3000 3162 1414 3162|0.001 -0.12148911517010363 0.05075456974929171 -0.1476565167864774
178 1000 178 333 333 368 368 1000 333 1000 333 1016 1054 471|0.001 -0.025191535090577366 0.19414925773616254 0.04873934738917507
2069 1875 1875 5625 5625 5625 5625 1000 2069 1875 1875 2652 5713 5993|0.001 -0.1544941854521098 0.03868125976068226 -0.030227587604032546
1000 533 1104 3000 3000 3000 3000 1000 1000 533 1104 1414 3162 3162|0.001 -0.08258987288029762 0.0031551410560859416 -0.026017611505256832
333 1000 333 368 368 333 333 1000 178 1000 178 1054 1066 471|0.001 -0.015963475030063012 0.12028457092595479 0.02683740594553674
2719 1000 2719 906 483 483 906 906 2719 906 2719 2897 1282 2761|0.001 -0.07260555783592637 0.10522106508026319 0.0558005049965038
3000 1000 3000 1104 1000 1000 1104 533 3000 533 3000 3162 1414 3162|0.001 -0.02897037555760318 0.07053335381731918 0.009321264023498532
483 906 906 2719 2719 2719 2719 1000 483 906 906 1282 2897 2761|0.001 -0.08756455356575543 0.1393121584239876 -0.0009532084563412813
368 1000 368 333 333 178 178 1000 333 1000 333 1066 1054 471|0.001 -0.0322346638302895 0.11373917571933845 0.001765131247595253
1875 1875 2069 5625 5625 5625 5625 1000 1875 1875 2069 2125 5713 5929|0.001 -0.09417796100640863 0.07476643261645766 0.004727211808199794
2719 1000 2719 483 906 906 483 906 2719 906 2719 2897 1027 2866|0.001 -0.10956927830989782 0.05450142131624425 -0.10901111403961439
178 1000 178 368 368 333 333 1000 333 1000 333 1016 1066 378|0.001 -0.08219335508426684 0.08626918745911372 0.0100404126755671
5625 1000 5625 2069 1875 1875 2069 1875 5625 1875 5625 5713 2125 5929|0.001 -0.07049125605708362 0.11727789961508028 0.013316454140119838
906 906 483 2719 2719 2719 2719 1000 906 906 483 1027 2897 2866|0.001 -0.05321476824642124 0.06548356981505687 -0.010212338537786136
368 1000 368 178 178 333 333 1000 333 1000 333 1066 1016 378|0.001 -0.08653344513794736 0.0559257425884363 0.0010324583965837242
1875 1000 1875 3000 1600 1600 3000 1720 1875 1720 1875 2125 1887 2465|0.001 0.009306187783433284 0.11426391782173972 0.01449109139287863
573 533 333 625 625 625 625 1000 573 533 333 629 1179 848|0.001 -0.055618208927187274 0.022975746660076624 -0.010194264746716808
1600 1000 1600 533 533 918 918 1000 853 1000 853 1887 1133 1006|0.001 -0.045673328791573375 0.10351731227298044 0.03408967946581409
533 1000 533 853 853 1600 1600 1000 918 1000 918 1133 1315 1687|0.001 -0.11591669784870917 0.02626541482183109 -0.08113567893068163
1172 1000 1172 625 1075 1075 625 1875 1172 1875 1172 1541 1976 1590|0.001 -0.1600800785695422 0.07977582459774757 0.01413148337745751
3000 1720 1600 1875 1875 1875 1875 1000 3000 1720 1600 3162 2125 3538|0.001 -0.060062490526597845 0.0426781701589074 -0.004315755614613392
1875 1000 1875 1600 3000 3000 1600 1720 1875 1720 1875 2125 3162 3538|0.001 -0.09848654524833078 0.06911925705095134 -0.0930934688485563
853 1000 853 533 533 918 918 1000 1600 1000 1600 1315 1133 1687|0.001 -0.04346499904351986 0.06807552789339422 0.010733714345483314
1075 1875 625 1172 1172 1172 1172 1000 1075 1875 625 1976 1541 1590|0.001 -0.2576294211357799 -0.006209627473003909 -0.03954978285281241
533 1000 533 1600 1600 853 853 1000 918 1000 918 1133 1887 1006|0.001 -0.055556870794817304 0.06316601231559416 0.0079425045442294
1600 1720 3000 1875 1875 1875 1875 1000 1600 1720 3000 1887 2125 2465|0.001 -0.12283634478920225 0.10309104491464716 -0.019607021143023262
625 1000 625 333 573 573 333 533 625 533 625 1179 629 848|0.001 -0.03634343007882457 0.09855766344769146 0.01643882099647387
625 1000 625 573 333 333 573 533 625 533 625 1179 1054 708|0.001 -0.05950891184585583 -0.011784565318200269 -0.017199905426430462
930 581 1744 1090 1090 1090 1090 1000 930 581 1744 1838 1479 1433|0.001 0.010092229268969799 0.14410621007093338 0.03898735448260027
918 1000 918 1600 1600 853 853 1000 533 1000 533 1357 1887 1687|0.001 -0.08888497345203805 0.08303260191321327 -0.016211268778838495
625 1875 1075 1172 1172 1172 1172 1000 625 1875 1075 1179 1541 1328|0.001 -0.09326873772606992 0.12526392306255074 0.02685808908737375
853 1000 853 918 918 533 533 1000 1600 1000 1600 1315 1357 1006|0.001 -0.007969454601076675 0.11179155348787218 0.010751685476428907
1090 1000 1090 930 1744 1744 930 581 1090 581 1090 1479 1097 2056|0.001 -0.04364595605660049 0.06539167888705677 -0.04480642913474275
1172 1000 1172 1075 625 625 1075 1875 1172 1875 1172 1541 1179 1328|0.001 -0.16134195722423583 0.030726398923934806 -0.019282939057820858
918 1000 918 853 853 1600 1600 1000 533 1000 533 1357 1315 1006|0.001 -0.12744597955761328 0.022474624886004158 -0.03733773449318245
1744 581 930 1090 1090 1090 1090 1000 1744 581 930 1097 1479 2056|0.001 -0.07765184783698587 0.03454966322346875 0.021545709500687682
333 533 573 625 625 625 625 1000 333 533 573 1054 1179 708|0.001 -0.07361681781156593 0.03998114163435762 -0.03211938457462038
1600 1000 1600 918 918 533 533 1000 853 1000 853 1887 1357 1687|0.001 -0.10311539133779468 0.07890203061911238 -0.011156696600194138
1090 1000 1090 1744 930 930 1744 581 1090 581 1090 1479 1838 1433|0.001 -0.06415857287148885 0.08482107194104582 0.030163559103362214
1000 1000 1000 1500 1500 1500 1500 1000 1000 1000 1000 1414 1803 1803|0.001 -0.07494936017983234 0.08704050764989812 0.00457475088038839
667 1000 667 667 667 667 667 1000 667 1000 667 1202 1202 943|0.001 -0.0748602142381738 0.08877503591504299 0.015215198345295278
1500 1000 1500 1000 1000 1000 1000 1000 1500 1000 1500 1803 1414 1803|0.001 -0.09790694460728444 0.07460500093788403 0.005203254809758029
1000 1000 1000 1500 1500 1500 1500 1000 1000 1000 1000 1414 1803 1803|0.001 0.00010703479967011376 0.13513650152133794 0.04345689218301807
667 1000 667 667 667 667 667 1000 667 1000 667 1202 1202 943|0.001 -0.14043009118537841 0.027182452255851697 -0.039214307490987865
1500 1000 1500 1000 1000 1000 1000 1000 1500 1000 1500 1803 1414 1803|0.001 -0.005313807322218089 0.16481970481824648 0.06226887518028246
1000 1000 1000 1500 1500 1500 1500 1000 1000 1000 1000 1414 1803 1803|0.001 0.007318263997271313 0.15915438389245917 0.03478633739918635
1500 1000 1500 1000 1000 1000 1000 1000 1500 1000 1500 1803 1414 1803|0.001 -0.059138293325589064 0.075577591543734 -0.002539610417261473
667 1000 667 667 667 667 667 1000 667 1000 667 1202 1202 943|0.001 -0.027856085379791562 0.11850315826281932 1.7131843224049703e-05
1000 1000 1000 1500 1500 1500 1500 1000 1000 1000 1000 1414 1803 1803|0.001 -0.008211170582896887 0.14586132335527857 0.04941827956739919
1500 1000 1500 1000 1000 1000 1000 1000 1500 1000 1500 1803 1414 1803|0.001 -0.08545051394279635 0.044930546691028805 -0.016282422414457542
667 1000 667 667 667 667 667 1000 667 1000 667 1202 1202 943|0.001 -0.10047846550744644 0.06186973065261503 -0.0019710052751253926
667 1000 667 667 667 667 667 1000 667 1000 667 1202 1202 943|0.001 -0.03953108968502761 0.08586231612505157 -0.00140209368402755
1500 1000 1500 1000 1000 1000 1000 1000 1500 1000 1500 1803 1414 1803|0.001 -0.09486225406948212 0.07468865874088015 -0.0066262629318725175
1000 1000 1000 1500 1500 1500 1500 1000 1000 1000 1000 1414 1803 1803|0.001 -0.057576638276941594 0.08101352731632039 -0.01574258392452177
667 1000 667 667 667 667 667 1000 667 1000 667 1202 1202 943|0.001 -0.08319115714583547 0.07527565853818752 -0.005110793824654181
1500 1000 1500 1000 1000 1000 1000 1000 1500 1000 1500 1803 1414 1803|0.001 -0.0020063414072202246 0.1654106597590954 0.06356385467520376
1000 1000 1000 1500 1500 1500 1500 1000 1000 1000 1000 1414 1803 1803|0.001 -0.08963618859329503 0.08357354144571838 0.018370307707047395
667 1000 667 667 667 667 667 1000 667 1000 667 1202 1202 943|0.001 -0.05710448478733032 0.08071932488310063 -0.010731201323577189
1000 1000 1000 1500 1500 1500 1500 1000 1000 1000 1000 1414 1803 1803|0.001 -0.11525525928936298 0.06367261927715306 0.004193563527978839
1500 1000 1500 1000 1000 1000 1000 1000 1500 1000 1500 1803 1414 1803|0.001 -0.14671703006997938 0.013824520794099016 -0.04546338515156512
667 1000 667 667 667 667 667 1000 667 1000 667 1202 1202 943|0.001 -0.07987301395474655 0.10719304187270184 0.014226755949839909
1500 1000 1500 1000 1000 1000 1000 1000 1500 1000 1500 1803 1414 1803|0.001 -0.15344429095555112 0.0130011728452617 -0.033660407766598066
1000 1000 1000 1500 1500 1500 1500 1000 1000 1000 1000 1414 1803 1803|0.001 -0.08639153088878637 0.08170233453690168 0.031778419548373904
1104 533 1000 3000 1600 853 1600 1720 1332 918 1720 1133 1887 1395|0.001 -0.042850059194001755 0.09860650258022963 0.024322957076867713
573 533 333 333 573 444 368 533 306 284 178 629 629 809|0.001 -0.04304836316614713 0.026823201574437405 -0.038685051299840456
1600 1720 3000 1000 533 918 1720 1104 853 1332 1600 1887 1133 1006|0.001 -0.0017701405187009467 0.12929455839056248 0.05137598360854145
833 533 690 625 1075 573 333 1875 1075 1000 625 872 1976 884|0.001 -0.06869150448455819 0.09489110170004755 0.0070115524670910645
3000 1720 1600 1104 1000 1720 1332 533 1600 918 853 3162 1414 1887|0.001 -0.030210850205681927 0.07868746164453322 0.018889582808763183
1875 1875 2069 1600 3000 5625 3000 1720 3226 3226 2498 2125 3162 5929|0.001 -0.16374534219325998 0.0031090066125805116 -0.19568674414766063
1450 1207 773 483 906 1559 831 906 2719 1559 1450 1761 1027 2866|0.001 -0.09059624147756185 -0.0786822201032733 -0.06764405149911612
1075 1875 625 1293 1561 2016 1172 1875 2016 3516 1172 1976 2278 2845|0.001 -0.33006688964633546 0.0791119471975632 0.01603373508449968
1000 1104 533 1600 3000 1600 853 1720 1720 1332 918 1414 3162 1887|0.001 -0.05228659653119583 0.07973351620668145 -0.022138034416908647
1600 1720 3000 1875 2069 2498 3226 1875 3000 3226 5625 1887 2652 3644|0.001 -0.12479650386859498 0.14673051048814223 0.010048140307983289
1075 1875 625 333 573 1075 625 533 833 1000 690 1976 629 884|0.001 -0.09716238449761327 0.06843836815386695 0.011510904690794632
333 533 573 573 333 178 306 533 368 284 444 1054 1054 378|0.001 -0.021964020051473687 0.09539776671391831 0.011488801606838184
930 581 1744 1000 774 641 581 533 496 310 930 1838 1411 1130|0.001 -0.0016732596287882817 0.09536400924679 0.006518017836401047
533 774 1000 1744 930 496 930 581 310 641 581 1411 1838 980|0.001 -0.016721192688212705 0.1505228230370026 0.033716774914245295
625 1875 1075 833 690 625 1075 533 333 1000 573 1179 1215 884|0.001 -0.10916871776891712 0.01068068339679984 -0.0009838373877657514
640 828 1201 1291 689 400 751 1291 1201 751 2252 1459 1061 755|0.001 -0.0406649677871207 0.13890979597151798 0.014731812620858431
1000 533 774 930 1744 930 496 581 581 310 641 822 1097 1838|0.001 -0.0499922194010205 0.05358505687627302 -0.041668225283613136
1293 1875 1561 1075 625 1172 2016 1875 1172 3516 2016 1635 1179 1328|0.001 -0.43346797940506554 0.00874313422803974 -0.06585264232892629
1291 1291 689 640 1201 2252 1201 828 751 751 400 1822 1047 1416|0.001 -0.08212730246968558 0.0069223852126820695 -0.12913854580349216
1744 581 930 1452 1875 1090 1203 1875 3269 1090 1744 1097 2646 2056|0.001 -0.017352468838996993 0.1459159303350166 0.010037857056903743
333 533 573 1075 625 690 833 1875 625 1000 1075 1054 1179 884|0.001 -0.08600490686016982 0.04513225729072756 -0.011867676545728179
1744 581 930 533 1000 581 310 774 930 641 496 1097 822 1838|0.001 -0.1026355908764065 -6.624034166513582e-05 -0.07039742043391306
354 1000 1768 1000 187 187 1000 921 88 921 354 1275 1106 258|0.001 -0.020355744705485845 0.04507315795002631 0.07064268230793536
566 200 566 566 566 521 521 200 106 50 106 721 721 625|0.001 -0.0072075785415337545 0.04541838572872381 -0.021432808755852406
471 1000 1886 5333 4910 4910 5333 5333 1886 5333 9428 1374 5333 5000|0.001 -0.2619254727141562 0.17441882925127716 -0.020676201344410616
1000 921 187 354 1768 354 88 1000 1000 921 187 1000 1275 1275|0.001 -0.08612780837819467 -0.2779505951314576 -0.06823881871926507
187 921 1000 1768 354 88 354 1000 187 921 1000 1106 1275 258|0.001 -0.04355411504999185 0.12438938452699944 0.014263748123730657
354 1000 1768 1000 921 921 1000 187 88 187 354 1275 1106 938|0.001 -0.00713817864046451 0.10763121390032104 -0.012685702631907159
5333 5333 4910 471 1886 9428 1886 1000 5333 5333 4910 5897 1374 6799|0.001 -0.47278673964127327 0.04107470323805762 -1.587752682834086
2121 4000 2121 10416 10416 11314 11314 4000 11314 20000 11314 2915 10607 12510|0.001 -1.9716187694168574 -0.006829859784843739 -0.01995759616889803
1886 1000 471 4910 5333 5333 4910 5333 9428 5333 1886 1374 5897 6799|0.001 -0.12484755658326963 -0.14610877638204012 0.02514507366944363
10416 4000 10416 2121 2121 11314 11314 4000 11314 20000 11314 10607 2915 12510|0.001 -1.9504758966455527 0.006447404795348888 -0.24797958165627132
1000 187 921 354 1768 354 88 1000 1000 187 921 1000 1275 1275|0.001 -0.018699495284084655 0.08654186377078377 -0.06798550037181328
2828 5000 2828 2604 2604 2828 2828 250 530 1000 530 3606 2652 2828|0.001 -0.07950137112680666 0.05947832032287881 -0.005759810890332284
1299 817 693 566 1061 641 342 738 244 720 130 1090 791 1267|0.001 -0.11779468698552842 0.03677455736769808 -0.1097046169685556
5543 1875 5683 4355 2632 4934 8165 5333 6289 10000 7698 5551 3079 7914|0.001 -1.0015748093747034 0.06121078762893584 -0.06904159866575221
1225 604 230 1305 1768 1444 1273 1875 2296 1133 431 707 2574 1926|0.001 -0.0011829508255989385 0.170292406954049 0.016467759486695766
943 533 696 230 1225 653 122 604 770 322 679 745 707 1424|0.001 -0.04944480105385729 0.08895980013366334 -0.21126084854206084
2632 5333 4355 3031 2956 3354 4106 533 1404 2844 2322 3079 3198 3093|0.001 -0.19316294296541692 0.04790539529389015 0.0038591228888829043
566 738 1061 1299 693 130 244 817 342 720 641 1456 1510 676|0.001 -0.08849164994154668 0.13982119696478446 0.009823542539271202
230 604 1225 943 696 679 770 533 122 322 653 1195 1373 734|0.001 -0.02192031264117933 0.12624919696669012 0.026303518102746004
380 1655 2027 2390 2106 2159 2925 1875 712 3103 3800 1170 2203 2279|0.001 -0.08576760435528463 0.15480259190292056 -0.005327528686687177
785 881 418 848 1590 298 159 1224 1298 904 692 922 1848 918|0.001 -0.09303635401900379 0.0018062903548887732 -0.011520387881637228
4355 5333 2632 5543 5683 7698 6289 1875 8165 10000 4934 5203 5997 11208|0.001 -0.7534511887720197 0.06123745857287366 -0.00304114332430383
2390 1875 2106 380 2027 3800 712 1655 2925 3103 2159 3007 1977 4417|0.001 -0.1619491196634637 0.07701393875471307 -0.7314115944229171
3031 533 2956 2632 4355 2322 1404 5333 4106 2844 3354 2960 5203 3246|0.001 -0.24143787759894342 0.053622828584642956 0.007901456335399626
816 188 493 629 770 568 554 533 435 100 263 577 839 1121|0.001 -0.014822482201020115 0.005406256068918314 -0.016493198427114386
848 1224 1590 785 418 692 1298 881 159 904 298 1334 1258 490|0.001 -0.020585963846360134 0.10820500199963057 0.010749572910717653
1090 1000 1090 1875 1452 1452 1875 1875 3269 1875 3269 1479 1541 2382|0.001 -0.1673415289362623 0.10064659173365298 0.0013448012220207417
1000 774 533 581 1744 1744 581 1000 1000 774 533 822 1419 2010|0.001 -0.1024289788497923 -0.05610577403784345 -0.20194138663521044
1720 3000 1720 918 918 1720 1720 1000 1332 3000 1332 2441 1357 1414|0.001 -0.22541584569866102 0.08796104924172266 0.036453423421236586
918 1000 918 1332 1332 1720 1720 3000 1720 3000 1720 1357 2185 2427|0.001 -0.12438772546770949 0.1287974815600168 0.0197018167715024
2252 1000 751 689 1291 1291 689 1291 2252 1291 751 1640 1822 2596|0.001 -0.06282032459144826 -0.009539225156719455 -0.06124891870700866
1875 1875 1452 1090 1090 3269 3269 1000 1875 1875 1452 2646 1479 2661|0.001 -0.1496598509331093 0.05867296594113114 -0.08218613756267312
1090 1000 1090 1452 1875 1875 1452 1875 3269 1875 3269 1479 2646 2661|0.001 -0.1529762946605473 0.08309002271971178 0.006025031507339573
1332 3000 1332 918 918 1720 1720 1000 1720 3000 1720 2185 1357 2427|0.001 -0.12515057898910387 0.1374022940038011 0.08705218224456024
1291 1291 689 751 2252 2252 751 1000 1291 1291 689 1822 1640 2596|0.001 -0.1071748867351896 -0.04658362053478138 -0.24604229282665258
918 1000 918 1720 1720 1332 1332 3000 1720 3000 1720 1357 2441 1414|0.001 -0.048758844372448484 0.1301958209112497 0.007207266439246407
1452 1875 1875 1090 1090 3269 3269 1000 1452 1875 1875 1541 1479 2382|0.001 -0.17799876047588925 0.0856384482737238 -0.06477048950494946
1744 1000 581 533 1000 1000 533 774 1744 774 581 1419 822 2010|0.001 -0.05980375950944583 -0.006659506183528396 -0.06245805215226663
581 1000 1744 1000 533 533 1000 774 581 774 1744 1419 1411 789|0.001 -0.024689330018456968 0.11244796803577595 0.008666027631101247
774 533 1000 1744 1744 581 581 1000 774 533 1000 1411 2010 1270|0.001 -0.03503267983414049 0.0860810968838055 -0.0026062523874237353
573 1000 573 573 573 444 444 333 306 333 306 1153 814 809|0.001 -0.028220346220244608 0.07887993683234784 -0.0020867146809266934
689 1291 1291 2252 751 751 2252 1000 689 1291 1291 1061 1640 1019|0.001 -0.08617058911928988 0.14601277888389497 0.072488212001518
444 333 444 573 573 306 306 1000 573 333 573 728 1153 471|0.001 -0.042876653705822276 0.04264281774437384 0.002780290265291807
1744 1000 1744 774 1000 1000 774 533 581 533 581 2010 822 1419|0.001 -0.055563902088119344 0.06966220373349152 -0.02793128734661643
751 1000 2252 1291 689 689 1291 1291 751 1291 2252 1640 1061 1019|0.001 -0.10445966722280486 0.10801752784190599 0.04669219875421238
573 1000 573 444 444 573 573 333 306 333 306 1153 728 471|0.001 -0.034781285536436 0.04201800863314453 -0.0021552868959040516
1000 533 774 1744 1744 581 581 1000 1000 533 774 822 2010 1419|0.001 -0.048283751953552834 0.060264801236309395 0.003963529975432589
533 774 1000 1744 581 581 1744 1000 533 774 1000 1411 1419 789|0.001 -0.08029266902438992 0.14601148335644965 0.06952184849887688
573 333 573 573 573 306 306 1000 444 333 444 814 1153 809|0.001 -0.04165738525392482 0.043871310155212395 0.0037154819925921956
1744 1000 1744 1000 774 774 1000 533 581 533 581 2010 1411 1270|0.001 -0.06360240067984413 0.0765059148317282 -0.045882947870588
3000 1000 3000 693 566 566 693 600 2200 600 2200 3162 1149 2631|0.001 -0.013200584418195938 0.1097982014600074 0.017998918214716664
866 816 1443 4330 3175 3175 4330 1000 866 816 1443 1658 3841 3291|0.001 -0.14512446849523353 0.061004247594342864 0.014756652512351032
231 733 231 333 333 200 200 1000 189 733 189 887 1054 383|0.001 -0.04273991400091104 0.05488699086837023 0.004906745121262546
333 1000 333 189 189 231 231 733 200 733 200 1054 877 275|0.001 -0.03696858051339014 0.04775361293301694 0.0012641907537647157
3889 1000 5303 1768 1061 1061 1768 1225 3889 1225 5303 4650 1458 4031|0.001 -0.026614525067025774 0.12483113493971132 0.060751468180508805
693 600 566 3000 3000 2200 2200 1000 693 600 566 825 3162 2661|0.001 -0.03928165055031463 0.06120547014553335 0.0026681155307550775
3000 1000 3000 566 693 693 566 600 2200 600 2200 3162 825 2661|0.001 -0.06262530847372938 0.025629069336123855 -0.027783750714230893
189 733 189 333 333 200 200 1000 231 733 231 877 1054 275|0.001 -0.07211595877421928 0.08188316110442129 -0.009847360900472335
1061 1225 1768 5303 3889 3889 5303 1000 1061 1225 1768 1458 4650 4031|0.001 -0.13925302094155545 0.07205248333643555 0.006576218131388867
333 1000 333 231 231 189 189 733 200 733 200 1054 887 383|0.001 -0.08883330192740235 0.03840202676777649 -0.01922516258943574
566 600 693 3000 3000 2200 2200 1000 566 600 693 1149 3162 2631|0.001 -0.03112029258082738 0.10367298897114852 0.026188262549380337
3175 1000 4330 1443 866 866 1443 816 3175 816 4330 3841 1658 3291|0.001 -0.0761769347106378 0.11718712019966881 0.06770089657010203
4330 1000 3175 866 1443 1443 866 816 4330 816 3175 3841 1190 4564|0.001 -0.09812876411537608 -0.012818723005376675 -0.08683060351875493
943 1667 1155 3667 3667 5000 5000 1000 943 1667 1155 1374 3801 4384|0.001 -0.20055089167412166 -0.0013291725061181925 -0.05489554827904808
273 1000 273 315 315 257 257 1364 455 1364 455 1037 1209 375|0.001 -0.12305173488373455 0.07894342757931438 0.014809212033630725
1768 1225 1061 3889 5303 5303 3889 1000 1768 1225 1061 2031 4650 5590|0.001 -0.04542051163702765 0.088013982305708 -0.0170640040487835
257 1364 257 273 273 455 455 1000 315 1364 315 1196 1037 522|0.001 -0.1318707024471666 0.05769212094823839 -0.01775288413018772
3667 1000 3667 943 1155 1155 943 1667 5000 1667 5000 3801 1915 4435|0.001 0.014677389863568813 0.16760114014592764 0.030592768662660585
5303 1000 3889 1061 1768 1768 1061 1225 5303 1225 3889 4650 2031 5590|0.001 -0.115957405156486 0.01356566298968298 -0.10906211952897316
273 1000 273 257 257 315 315 1364 455 1364 455 1037 1196 522|0.001 -0.10368026986242174 0.07738995898725953 -0.014940958401628013
1155 1667 943 3667 3667 5000 5000 1000 1155 1667 943 1915 3801 4435|0.001 -0.019608365458525512 0.07020714616463586 0.010008514958717019
1443 816 866 3175 4330 4330 3175 1000 1443 816 866 1190 3841 4564|0.001 -0.07781759451453762 0.018686802469194408 -0.02045863358323352
315 1364 315 273 273 455 455 1000 257 1364 257 1209 1037 375|0.001 -0.1219466530744151 0.054958387500321226 -0.055783635825013
3667 1000 3667 1155 943 943 1155 1667 5000 1667 5000 3801 1374 4384|0.001 -0.19541122037991632 -0.003706677152248705 -0.032021207571009125
11000 1000 11000 4085 4085 4085 4085 7500 7500 7500 7500 11045 4918 9959|0.001 -0.7477419728711732 0.046459316958853414 0.004441124072285252
1836 1000 2693 245 1836 1836 245 1000 1836 1000 2693 2438 1204 2596|0.001 -0.091308478963944 0.10660405238998472 -0.6242537009159699
4085 7500 4085 11000 11000 7500 7500 1000 4085 7500 4085 4918 11045 9959|0.001 -0.4629912119282453 0.06070817514519877 -0.005065363970179204
11000 1000 11000 4085 4085 4085 4085 7500 7500 7500 7500 11045 4918 9959|0.001 -0.8430533911251747 0.03736790047051297 0.007896380437117934
4085 7500 4085 11000 11000 7500 7500 1000 4085 7500 4085 4918 11045 9959|0.001 -0.38198527649076053 0.10106917965067463 0.0173886500771947
1836 1000 2693 245 1836 1836 245 1000 1836 1000 2693 2438 1204 2596|0.001 -0.08374818243507609 0.1047138078133969 -0.5698313295511359
1000 1000 1000 545 545 545 545 1467 133 1467 133 1414 1328 656|0.001 -0.14991191311876872 0.06695844813352947 -0.006362299474216293
245 1000 1836 1836 2693 2693 1836 1000 245 1000 1836 1204 2438 2704|0.001 -0.04537594707377468 0.11280898035090692 -0.018386653512588724
545 1467 545 1000 1000 133 133 1000 545 1467 545 1328 1414 656|0.001 -0.1151273765679961 0.09075154467261815 0.002322252651945078
1000 1000 1000 545 545 545 545 1467 133 1467 133 1414 1328 656|0.001 -0.18352207739240622 0.055105803912032236 -0.01222367416029324
245 1000 1836 1836 2693 2693 1836 1000 245 1000 1836 1204 2438 2704|0.001 -0.1001505297620442 0.12971736745783558 -0.059166486564589116
545 1467 545 1000 1000 133 133 1000 545 1467 545 1328 1414 656|0.001 -0.11897373929228516 0.08870272058304929 0.00224993443608712
12728 1000 14142 14142 15780 15780 14142 8000 2828 8000 14142 13454 16248 16882|0.001 -0.5571040906555336 0.1617772777491644 0.00561422019150104
1000 1000 1000 71 566 566 71 1116 200 1116 900 1414 1149 721|0.001 -0.09434895891286765 0.14899434416530744 -0.6848464674849986
15780 8000 14142 14142 12728 2828 14142 1000 15780 8000 14142 16248 13454 16882|0.001 -0.34120547634736487 0.07339451140596864 0.04887335576544416
566 200 566 1000 1000 1116 1116 1000 71 900 71 721 1414 1002|0.001 -0.059715949383682965 0.07936415616879966 0.002187428475000086
14142 1000 12728 15780 14142 14142 15780 8000 14142 8000 2828 13454 14177 20000|0.001 -0.4988166000685723 0.04597103236386513 0.011883790059201704
2828 5000 2828 5579 5579 5000 5000 4500 354 5000 354 3606 5969 5745|0.001 -0.4890217207918157 0.056226628112969745 -0.005229562958677381
63 896 507 179 807 896 896 1000 63 896 507 1030 1070 853|0.001 -0.09071948690223652 0.11681466577460276 -0.22101289323865125
5579 4500 5579 2828 2828 354 354 5000 5000 5000 5000 5969 3606 5745|0.001 -0.3883146289416328 0.09332077082052637 0.0008996057019339254
3000 1000 3000 566 1061 1061 566 1116 1500 1116 2200 3162 1458 2372|0.001 -0.10272032805460518 0.042952806893972184 -0.09811337229758577
1972 1875 1768 5303 3889 2652 5303 1000 1972 1875 1768 2577 4650 3769|0.001 -0.1440007984725178 0.08019597074847118 0.06687332745620278
189 733 189 333 333 372 372 1000 354 500 354 877 1054 486|0.001 -0.05566888350274968 -0.007964394187824908 -0.01841676701096251
333 1000 333 354 354 189 189 500 372 733 372 1054 791 383|0.001 -0.06854452916858378 0.050340975964289214 -0.0007051534729785036
1414 1000 2828 943 1052 1052 943 533 2074 533 2828 2236 1083 2010|0.001 -0.027804563393013515 0.10224176141988561 -0.011370315924510432
566 1116 1061 3000 3000 2200 1500 1000 566 1116 1061 1149 3162 2631|0.001 -0.07295442359556259 0.1152977402647326 -0.023610240871236865
3000 1000 3000 1061 566 566 1061 1116 2200 1116 1500 3162 1149 2631|0.001 -0.007163251358740519 0.11658847020209695 0.06140137055387518
354 500 354 333 333 372 372 1000 189 733 189 791 1054 383|0.001 -0.0466556235071558 0.10853913370621804 -0.020363457116443495
1052 533 943 2828 1414 2074 2828 1000 1052 533 943 1083 2236 2010|0.001 -0.061096161883622546 0.06954118335844806 0.002429290747369972
333 1000 333 189 189 354 354 733 372 500 372 1054 877 486|0.001 -0.05630196488276784 0.07568645851152356 -0.04747745385633273
1061 1116 566 3000 3000 1500 2200 1000 1061 1116 566 1458 3162 2372|0.001 -0.07980132479282309 0.03164872304448618 0.03151007718394272
3889 1000 5303 1768 1972 1972 1768 1875 2652 1875 5303 4650 2577 3769|0.001 -0.22697193200484578 0.07914857950538812 -0.017025588897333632
5303 1000 3889 1972 1768 1768 1972 1875 5303 1875 2652 4650 2031 5590|0.001 -0.118712686315674 0.0579071646893059 0.010843160834530519
951 896 507 1972 1344 2689 2689 1000 951 896 507 1030 1911 2126|0.001 -0.06139550310198527 0.07072485196291778 0.03171186636496737
507 682 507 257 257 482 482 1364 455 1364 455 969 1196 522|0.001 -0.14843580281474922 0.020710669422843164 -0.016454418571013596
943 533 1052 1414 2828 2828 2074 1000 943 533 1052 1374 2236 2981|0.001 -0.06453077401829876 0.03360616211369294 -0.07128071599447616
707 2000 707 744 744 667 667 1467 377 2000 377 1581 1421 972|0.001 -0.18993020039322017 0.09278458676573065 -0.04466435461662144
1972 1000 1344 951 507 507 951 896 2689 896 2689 1911 1306 2358|0.001 -0.025397510200722007 0.14289632272370234 0.03490942586408696
2828 1000 1414 1052 943 943 1052 533 2828 533 2074 2236 1374 2981|0.001 -0.022054001249157684 0.032177298468694104 7.593813347472889e-05
744 1467 744 707 707 377 377 2000 667 2000 667 1421 1581 972|0.001 -0.05278238367575239 0.14931751534580595 0.016543212473281166
507 896 951 1344 1972 2689 2689 1000 507 896 951 1306 1911 2358|0.001 -0.14477093935276408 0.07515064984971342 -0.07982484787463551
1768 1875 1972 3889 5303 5303 2652 1000 1768 1875 1972 2031 4650 5590|0.001 -0.20348234266869825 0.04762483279300511 -0.08382771713138615
257 1364 257 507 507 455 455 682 482 1364 482 1196 969 522|0.001 -0.10222478481041519 0.09149079842347474 0.004305069702705833
1344 1000 1972 507 951 951 507 896 2689 896 2689 1911 1030 2126|0.001 -0.05674884245129741 0.055340981291140956 -0.05291757442768552
1115 1000 1115 526 526 801 801 1231 1846 1231 1846 1498 1228 1805|0.001 -0.045592236564090394 0.10676690949210643 0.007618891039162801
2340 1000 1901 2121 3510 3510 2121 1523 2340 1523 1901 2334 3432 4219|0.001 -0.062110900830124605 0.07684155830927297 -0.029522245748317966
718 1655 472 897 897 1103 1103 1000 718 1655 472 1618 1343 1227|0.001 -0.23986275139036617 0.02068008528330667 -0.037814068480639396
897 1000 897 472 718 718 472 1655 1103 1655 1103 1343 1618 1227|0.001 -0.12539825262064874 0.07287718610122784 0.02375505998505334
3510 1523 2121 1901 2340 2340 1901 1000 3510 1523 2121 3432 2334 4219|0.001 -0.08971943053143971 0.023084699940056908 0.0016746222614849593
526 1231 526 1115 1115 1846 1846 1000 801 1231 801 1228 1498 1805|0.001 -0.15776257669344984 0.01547704793857907 -0.06615097149875404
1115 1000 1115 801 801 526 526 1231 1846 1231 1846 1498 1368 1333|0.001 0.03526772749100848 0.21120386662419 0.053333366119552306
472 1655 718 897 897 1103 1103 1000 472 1655 718 1196 1343 1101|0.001 -0.07895330220698105 0.0910134786057748 -0.004030495907632048
1536 1000 1248 1392 2304 2304 1392 656 1536 656 1248 1708 1664 2769|0.001 -0.018772593737634846 0.1125943477240976 -0.006002511865549343
897 1000 897 718 472 472 718 1655 1103 1655 1103 1343 1196 1101|0.001 -0.17331578273657944 0.03498182562454266 -0.016460174983488063
801 1231 801 1115 1115 1846 1846 1000 526 1231 526 1368 1498 1333|0.001 -0.0853977339349421 0.10100031898836459 -0.010115196052715714
2304 656 1392 1248 1536 1536 1248 1000 2304 656 1392 1664 1708 2769|0.001 -0.08918872012443457 0.006723965654242825 -0.0278672442382899
2121 1523 3510 2340 1901 1901 2340 1000 2121 1523 3510 2535 2334 2848|0.001 -0.14303035313998902 0.08274492842651027 0.0066489413428127975
427 812 427 1500 1500 906 906 1000 651 812 651 998 1803 1083|0.001 -0.06532253961766266 0.050050410452486815 0.004546417624762267
667 1000 667 285 434 434 285 604 542 604 542 1202 722 741|0.001 -0.06578484000021478 0.04457073591156435 -0.008235100674338636
1901 1000 2340 3510 2121 2121 3510 1523 1901 1523 2340 2334 2535 2848|0.001 -0.05492067051631411 0.09161149775523292 0.011600121227370863
434 604 285 667 667 542 542 1000 434 604 285 722 1202 741|0.001 -0.030258047882181227 0.10533178694948964 0.016948238005440874
1500 1000 1500 427 427 651 651 812 906 812 906 1803 998 1083|0.001 -0.10380051975341198 0.029005797796932686 0.004044960852196411
1392 656 2304 1536 1248 1248 1536 1000 1392 656 2304 2253 1708 1870|0.001 -0.07024535393448939 0.11087271997545445 -0.007485344966837726
667 1000 667 434 285 285 434 604 542 604 542 1202 978 665|0.001 -0.06337212786553192 0.05217094181688475 0.0049499856987278434
651 812 651 1500 1500 906 906 1000 427 812 427 1112 1803 1467|0.001 -0.05437226959784325 0.06126554733303813 -0.006711613966722263
1248 1000 1536 2304 1392 1392 2304 656 1248 656 1536 1708 2253 1870|0.001 -0.1351883138813581 0.05761953467301684 0.037193220082916145
285 604 434 667 667 542 542 1000 285 604 434 978 1202 665|0.001 -0.02527642033474886 0.12439247730832159 0.0024119751063511607
1500 1000 1500 651 651 427 427 812 906 812 906 1803 1112 1467|0.001 -0.0604593114011065 0.10278042231216089 -0.00517263831176229
3667 1000 3667 1362 1860 1860 1362 3750 2500 3750 2500 3801 2791 3553|0.001 -0.40800445053903567 0.026858846072814746 -0.02698944480896137
2754 1366 734 2693 1836 1836 2693 1000 2754 1366 734 2050 2438 3310|0.001 0.031789564066719844 0.26827660089249195 0.03644374617357338
273 1000 273 507 507 371 371 682 1023 682 1023 1037 969 611|0.001 -0.020705244837391223 0.039709866664330296 -0.0021327702457463182
1344 1000 1972 538 2016 2016 538 732 1344 732 1972 1911 1205 2424|0.001 -0.09582734706664486 0.10262576511511634 -0.29058842066011614
1362 3750 1860 3667 3667 2500 2500 1000 1362 3750 1860 2241 3801 3320|0.001 -0.42738547997584253 0.0012095763904107493 -0.012733083587909144
3667 1000 3667 1860 1362 1362 1860 3750 2500 3750 2500 3801 2241 3320|0.001 -0.3266970311502049 0.08970282368221172 -0.001377500277731647
2016 732 538 1972 1344 1344 1972 1000 2016 732 538 1205 1911 2424|0.001 0.03261655679736242 0.27186095568914936 0.03655202155128601
273 1000 273 371 371 507 507 682 1023 682 1023 1037 905 761|0.001 -0.025017061346406244 0.03946246242499285 -0.003023762015732512
1860 3750 1362 3667 3667 2500 2500 1000 1860 3750 1362 2791 3801 3553|0.001 -0.31148844805671816 0.08310661282488141 -0.012469042867492286
1836 1000 2693 734 2754 2754 734 1366 1836 1366 2693 2438 2050 3310|0.001 -0.07591010946474519 0.11226569699300804 -0.23426825896362802
496 267 363 667 667 978 978 1000 496 267 363 598 1202 948|0.001 -0.048396568987579824 -0.03062380724024205 -0.069515560064205
1500 1000 1500 545 545 744 744 1467 400 1467 400 1803 1328 896|0.001 -0.12399335561236513 0.10095945331568768 -0.031193187776258346
538 732 2016 1344 1972 1972 1344 1000 538 732 2016 1501 1911 2044|0.001 -0.007989413918886301 0.08889092975378432 -0.0011200444174808144
744 1467 744 1500 1500 400 400 1000 545 1467 545 1421 1803 1117|0.001 -0.10463236653648011 0.09786753190402564 0.008577402562657266
667 1000 667 496 363 363 496 267 978 267 978 1202 744 885|0.001 -0.01675090588287631 0.027497205069177966 0.0016329030425477065
1500 1000 1500 744 744 545 545 1467 400 1467 400 1803 1421 1117|0.001 -0.06403585619174756 0.07134540751873253 0.023737584912726373
363 267 496 667 667 978 978 1000 363 267 496 744 1202 885|0.001 -0.0478725730944618 -0.030829701298125123 -0.06932507880451855
734 1366 2754 1836 2693 2693 1836 1000 734 1366 2754 1646 2438 2791|0.001 -0.037813139434440535 0.0967619498719241 -0.029385673604690465
545 1467 545 1500 1500 400 400 1000 744 1467 744 1328 1803 896|0.001 -0.1354689373823359 0.0789693834459082 0.003111141156235675
667 1000 667 363 496 496 363 267 978 267 978 1202 598 948|0.001 -0.01225133102572995 0.026912649815884482 -0.0034652172153737393
1104 533 1000 1299 693 370 693 817 1060 436 817 1133 1510 1258|0.001 -0.046030418495565106 0.08161015979339714 0.02999773850101084
629 533 770 770 629 816 849 533 335 284 411 1162 1162 546|0.001 -0.045848610783981725 -0.000608798186330084 -0.03647206947049231
693 817 1299 1000 533 436 817 1104 370 1060 693 1510 1133 805|0.001 -0.0520305752233996 0.07253911037594651 0.05741188832390609
1530 533 1593 1443 1179 629 770 1875 1179 1000 1443 1815 1573 2041|0.001 -0.08628719930719009 0.08354024783919778 0.005822542239342088
1299 817 693 1104 1000 817 1060 533 693 436 370 1090 1414 1510|0.001 -0.04017756699862818 0.060342387202383385 0.001862448190954602
1875 1875 2069 693 1299 2436 1299 817 1532 1532 1987 2125 1090 2043|0.001 -0.17730702391972053 0.039789269661179016 -0.18715417946156276
628 960 335 483 906 740 395 906 1177 740 628 1022 1027 987|0.001 -0.09668744510087257 -0.09337913694308808 -0.10583904610521833
1179 1875 1443 2987 2868 2211 2706 1875 2211 3516 2706 1573 3051 1919|0.001 -0.4286351862214788 0.025896938417981907 -0.014185876560726118
1000 1104 533 693 1299 693 370 817 817 1060 436 1414 1090 1510|0.001 -0.06781303413059048 0.048305046346523994 -0.025264127212910603
693 817 1299 1875 2069 1987 1532 1875 1299 1532 2436 1510 2652 2114|0.001 -0.18569705897414024 0.13839791766755427 0.007983409518059759
1179 1875 1443 770 629 1179 1443 533 1530 1000 1593 1573 1162 2041|0.001 -0.04332436013922303 0.037689366456366 0.01314938416993039
770 533 629 629 770 411 335 533 849 284 816 839 839 872|0.001 -0.02913239329204953 0.06028271659173967 0.0007075044466953173
848 1224 1590 1000 1297 1351 1224 533 452 653 848 1334 868 1380|0.001 -0.03728580409033899 0.10615918730503937 -0.009797897088978935
533 1297 1000 1590 848 452 848 1224 653 1351 1224 868 1334 711|0.001 -0.03276032773378401 0.10301262723259264 0.010033637780975102
1443 1875 1179 1530 1593 1443 1179 533 770 1000 629 2179 1627 2041|0.001 -0.09857864555430584 0.08444716695524379 -0.03167039225930979
349 1041 654 771 411 503 944 771 654 944 1226 1064 1334 760|0.001 -0.07586394611832747 0.15077919575676502 0.050661817714448
1000 533 1297 848 1590 848 452 1224 1224 653 1351 1731 1848 1334|0.001 -0.052340567283708506 0.058371273483242 -0.03128375217862245
2987 1875 2868 1179 1443 2706 2211 1875 2706 3516 2211 3404 2179 3067|0.001 -0.4759254420479353 0.012721548618530587 -0.08669185760653453
771 771 411 349 654 1226 654 1041 944 944 503 669 1187 1425|0.001 -0.07738754074729348 0.04325044912930176 -0.09062362991397843
1590 1224 848 2432 1875 2295 2533 1875 2981 2295 1590 1848 1627 3465|0.001 -0.0660999133161666 0.07288254940687411 0.007381534447743476
770 533 629 1179 1443 1593 1530 1875 1443 1000 1179 839 2179 2041|0.001 -0.11352577762707594 -0.012818214912012627 -0.01948033202110455
1590 1224 848 533 1000 1224 653 1297 848 1351 452 1848 1731 1334|0.001 -0.07405131016904765 0.046548432415409735 -0.0829566353280986
354 500 354 433 433 81 81 500 214 406 214 791 829 422|0.001 -0.03766979871922871 0.09862222849639446 0.0030894897745481487
1155 1000 2309 816 493 493 816 188 938 188 1155 1915 976 1152|0.001 -0.012521048887288444 0.08179739665640229 -0.01875047669982255
230 604 1225 2828 1414 1149 1414 1000 230 604 1225 1195 2236 1295|0.001 -0.06536427394227107 0.09888125387974789 0.011672302545273627
433 500 433 354 354 214 214 500 81 406 81 829 791 422|0.001 -0.03686464468856121 0.0519003297082099 0.008332260605352637
5004 1000 6158 4355 2632 2632 4355 5333 6158 5333 12317 5640 3079 6143|0.001 -0.5780110510411618 0.1385822585497576 -0.026022890240877672
2828 1000 1414 230 1225 1225 230 604 1414 604 1149 2236 707 2345|0.001 -0.0982447402432729 0.08052165371289943 -0.4396265310524883
162 812 162 707 707 427 427 2000 866 1000 866 916 1581 500|0.001 -0.050650118251406306 0.05496668315069009 -0.0009425295370479869
2632 5333 4355 6158 5004 6158 12317 1000 2632 5333 4355 3079 5640 6143|0.001 -0.1320407089062836 0.1074547603575704 0.1324906452750696
866 2000 866 427 427 707 707 812 162 1000 162 1658 998 500|0.001 -0.027393306757302893 0.06088847583892054 0.022836521439570934
2309 1000 1155 493 816 816 493 188 1155 188 938 1915 577 1826|0.001 -0.004036971333152284 0.05395577737513202 0.004176161322000382
380 1655 2027 2340 1901 2340 4680 1000 380 1655 2027 1170 2334 2143|0.001 -0.08343872305803801 0.12311671542726499 0.006694220383021143
427 812 427 866 866 162 162 2000 707 1000 707 998 1658 500|0.001 -0.08411798486256616 0.10263649534076436 0.0007024663190047242
4355 5333 2632 5004 6158 12317 6158 1000 4355 5333 2632 5203 5640 9737|0.001 -0.6369217652569537 0.011686631763896393 -0.16750666241419965
2340 1000 1901 380 2027 2027 380 1655 4680 1655 2340 2334 1977 3881|0.001 -0.09998666066304951 -0.027804731542817596 -0.44185388996690556
200 1231 200 526 526 870 870 1231 1066 2462 1066 1127 1228 1040|0.001 -0.1819690721489431 -0.026071951366523072 -0.015562255084946575
6158 1000 5004 2632 4355 4355 2632 5333 12317 5333 6158 5640 5203 9737|0.001 -0.44291258165258474 -0.016104355475516918 -0.013944558737530865
1000 1000 1000 891 891 891 891 2000 2000 2000 2000 1414 1671 1671|0.001 -0.17006494521571214 0.05375068452808218 0.005635687981930815
2245 1000 1123 1123 2245 2245 1123 1000 2245 1000 1123 1876 1876 3175|0.001 -0.0901901426010765 -0.040888994260616096 -0.10539634071506487
891 2000 891 1000 1000 2000 2000 1000 891 2000 891 1671 1414 1671|0.001 -0.09713775856001194 0.1012988907082435 -0.011292247546484946
1000 1000 1000 891 891 891 891 2000 2000 2000 2000 1414 1671 1671|0.001 -0.1424012539915509 0.04729023920899467 0.001013645181511258
2245 1000 1123 1123 2245 2245 1123 1000 2245 1000 1123 1876 1876 3175|0.001 -0.09926287947083945 -0.019469887976586442 -0.12362141261040516
891 2000 891 1000 1000 2000 2000 1000 891 2000 891 1671 1414 1671|0.001 -0.10826312681965211 0.0687668481239867 -5.144521917910261e-05
1000 1000 1000 891 891 891 891 2000 2000 2000 2000 1414 1671 1671|0.001 -0.1936214926496782 0.05749547467465588 -0.013210843801265693
891 2000 891 1000 1000 2000 2000 1000 891 2000 891 1671 1414 1671|0.001 -0.1549290671506487 0.03884676580016899 -0.05062422093569219
2245 1000 1123 1123 2245 2245 1123 1000 2245 1000 1123 1876 1876 3175|0.001 -0.08955090948360667 -0.04690570645011438 -0.09273246794292422
1000 1000 1000 891 891 891 891 2000 2000 2000 2000 1414 1671 1671|0.001 -0.034095408280570005 0.10452870029163952 0.006318034467780453
891 2000 891 1000 1000 2000 2000 1000 891 2000 891 1671 1414 1671|0.001 -0.08757203000190006 0.0799768364626674 -0.028944770794859798
2245 1000 1123 1123 2245 2245 1123 1000 2245 1000 1123 1876 1876 3175|0.001 -0.07295696839830557 0.033459961563369056 -0.05840086943847966
1123 1000 2245 2245 1123 1123 2245 1000 1123 1000 2245 1876 1876 1588|0.001 -0.04912009958495944 0.1427832557030828 0.03482327126924423
445 500 445 1000 1000 500 500 1000 445 500 445 836 1414 836|0.001 -0.0365799532247979 0.09886325295335396 -0.0015873685400857873
1000 1000 1000 445 445 445 445 500 500 500 500 1414 836 836|0.001 -0.056970054743257226 0.05205395483246944 0.02128134036650353
1123 1000 2245 2245 1123 1123 2245 1000 1123 1000 2245 1876 1876 1588|0.001 -0.10379275396507182 0.1140706942841363 0.039670729259908555
445 500 445 1000 1000 500 500 1000 445 500 445 836 1414 836|0.001 -0.06413839227136342 0.04903991439322519 -6.814155226075869e-05
1000 1000 1000 445 445 445 445 500 500 500 500 1414 836 836|0.001 -0.04814406483746647 0.0791579116974983 -0.03659396704593365
1123 1000 2245 2245 1123 1123 2245 1000 1123 1000 2245 1876 1876 1588|0.001 -0.11454727570524792 0.08418966898755764 0.030993403719605794
1000 1000 1000 445 445 445 445 500 500 500 500 1414 836 836|0.001 -0.05456201266629712 0.05841885730053509 0.0021351979345207717
445 500 445 1000 1000 500 500 1000 445 500 445 836 1414 836|0.001 -0.026529528314905848 0.11052581467726919 -0.0010196111215909909
1123 1000 2245 2245 1123 1123 2245 1000 1123 1000 2245 1876 1876 1588|0.001 -0.05678972954113126 0.0723555680433674 0.02925325559217873
445 500 445 1000 1000 500 500 1000 445 500 445 836 1414 836|0.001 -0.03913985687052812 0.08079720805891144 0.00943438023366383
1000 1000 1000 445 445 445 445 500 500 500 500 1414 836 836|0.001 -0.005720874357642014 0.09621883569792766 0.041728553314226424
566 600 693 566 566 521 342 200 106 125 130 1149 721 625|0.001 -0.011730660726362307 0.05568552807789784 0.014812338917697954
962 816 1540 4355 2632 4009 4355 5333 4619 4355 7698 1743 3079 4788|0.001 -0.5087279503070841 0.13510207145900566 -0.018996524354475408
650 625 530 2828 2828 1709 2604 5000 3464 3000 2828 820 3606 2000|0.001 -0.3034761326359192 0.006187040951466383 -0.0005219655263410949
187 921 1000 1768 354 221 1061 1000 230 604 1225 1106 1275 290|0.001 -0.04882825357053755 0.11323983949514949 0.04651454770880026
1061 1225 1768 1000 921 604 1000 187 221 230 354 1458 1106 1100|0.001 -0.008561947017489135 0.053312284525413034 0.021554063636974874
1443 816 866 493 816 816 752 188 289 153 180 1190 577 1041|0.001 -0.010109865004407359 0.08361711155277174 0.009092980086646829
4355 5333 2632 962 1540 7698 4619 816 4355 4355 4009 5203 1262 5551|0.001 -0.4943796646093357 0.05596974230908103 -0.4173786419101022
849 1600 1039 2735 4167 4525 4525 4800 4525 8000 5543 1311 4976 5004|0.001 -0.5643734063519845 0.18008720755310126 0.02092601250889503
1886 1225 1179 4910 5333 5333 3223 5333 9428 6532 5657 2134 5897 6799|0.001 -0.2983602693592713 -0.09075010952057427 0.003982624527740786
1155 1667 943 868 570 943 943 208 217 333 177 1915 1037 667|0.001 -0.039242903046807776 0.039915018726193185 -0.0029014290110729313
693 200 693 1000 1000 817 817 1000 87 900 87 825 1414 1052|0.001 -0.10099509814840091 0.08667624212211233 -0.0365889616269921
10392 1000 11547 11547 9434 9434 11547 8000 2309 8000 11547 11000 9522 10630|0.001 -0.5021015744952828 0.14099844286074692 -0.028180428257914558
1000 1000 1000 87 693 693 87 817 200 817 900 1414 825 825|0.001 -0.08611009645851153 0.14232119273740684 -0.6249377312153115
9434 8000 11547 11547 10392 2309 11547 1000 9434 8000 11547 9522 11000 10630|0.001 -0.43012240185271167 0.059408224139942956 0.05034746448711269
3464 5000 3464 4085 4085 5000 5000 4500 433 5000 433 4123 4603 4123|0.001 -0.5633319872692 0.037729521119798104 0.03575510782442226
106 1224 848 245 1102 1224 1224 1000 106 1224 848 1009 1127 1166|0.001 -0.06629514042003293 0.13512698855536964 0.02565481260856428
4085 4500 4085 3464 3464 433 433 5000 5000 5000 5000 4603 4123 4123|0.001 -0.3808456078279232 0.10310248972602576 0.0007570877205420601
11547 1000 10392 9434 11547 11547 9434 8000 11547 8000 2309 11000 12152 16330|0.001 -0.3987394242825981 0.05316965780589156 -0.00743717102098862
366 1523 1755 2390 2106 2265 3264 1875 3976 2856 6581 1138 2203 2580|0.001 -0.12046221785051658 0.12194175176645006 -0.017623946892139086
785 881 418 734 2754 1664 153 1366 1195 948 637 922 2050 1989|0.001 -0.10358706619423508 -0.010958832077216929 -0.21420706318484806
1860 3750 1362 570 868 1628 1068 208 1291 2266 1200 2791 648 1014|0.001 -0.08097902658274037 0.08411318072223839 0.010124913545077607
4167 4800 2735 5761 6194 8926 6536 10875 7812 18000 5128 4976 7055 12627|0.001 -1.1213031126720674 0.06358788283171268 0.010203423102046472
2390 1875 2106 366 1755 6581 3976 1523 3264 2856 2265 3007 1819 4899|0.001 -0.2873278807773849 -0.0013291592994013612 -1.687838524339198
5761 10875 6194 4167 2735 5128 7812 4800 6536 18000 8926 6598 3111 8224|0.001 -1.8371153441434451 0.05684326829646036 -0.018992279442631155
1261 1441 673 161 1756 2906 775 930 828 1055 442 2038 1065 2099|0.001 -0.10011517295769323 -0.03451576845887039 -1.2571463197175525
570 208 868 1860 1362 1200 1291 3750 1068 2266 1628 1037 2241 1255|0.001 -0.2572638589060583 0.043483924197784685 -0.017886517909179167
734 1366 2754 785 418 637 1195 881 153 948 1664 1646 1258 476|0.001 -0.12043936280111245 0.12424549987895217 0.010411615684422504
1123 533 1275 3510 2121 195 936 1523 1208 812 1741 1604 2535 1287|0.001 -0.02809261170600319 0.10021805504448311 0.0075816173451714874
3510 1523 2121 1123 1275 1741 1208 533 936 812 195 3432 1175 2097|0.001 -0.011380244860584865 0.06989762858577109 0.009782913002178706
161 930 1756 1261 673 442 828 1441 775 1055 2906 1139 786 502|0.001 -0.10748078492459179 0.14289620099572353 0.02967599339529725
472 1655 718 570 530 601 821 92 251 441 383 1196 649 554|0.001 -0.023444114368635915 0.059658668538842274 0.00255553032892486
1143 533 793 1392 2304 614 128 656 837 350 737 623 1664 1715|0.001 -0.04595252246868853 0.09183331633564773 -0.03010237627711687
467 694 875 2016 538 112 1218 732 306 645 574 1415 1501 557|0.001 0.0028009839919995727 0.15667951369214395 0.03209549978831161
1392 656 2304 1143 793 737 837 533 128 350 614 2253 1616 903|0.001 -0.07866853468506352 0.09332920943722733 -0.035769175514475116
1875 1000 1875 1299 693 693 1299 817 1075 817 375 2125 1510 1580|0.001 -0.010879624625057538 0.0815570942595456 0.04328317695859951
693 200 693 533 533 436 436 1000 370 573 370 825 1133 805|0.001 -0.060882186122651616 0.048363068107988294 -0.02366044320116001
1552 1000 2706 1443 1179 1179 1443 1875 541 1875 2706 2280 1573 1493|0.001 -0.22754582540839619 0.1331652395233407 -0.0031527027156263987
1299 817 693 1875 1875 375 1075 1000 1299 817 693 1090 2125 1546|0.001 -0.06459351487296816 0.03728707077089277 0.024349982883618004
1875 1000 1875 693 1299 1299 693 817 375 817 1075 2125 1090 1546|0.001 -0.07307273566258266 0.08406302275139277 -0.06636715431539209
370 573 370 533 533 436 436 1000 693 200 693 843 1133 581|0.001 -0.024775823679400455 0.012499485895300921 -0.006744486687340068
1179 1875 1443 2706 1552 541 2706 1000 1179 1875 1443 1573 2280 1493|0.001 -0.030376006455262727 0.1506735378513091 0.06403408743742345
533 1000 533 693 693 370 370 200 436 573 436 1133 825 805|0.001 -0.06004708224588984 0.06679212459519634 -0.02235941891101989
693 817 1299 1875 1875 1075 375 1000 693 817 1299 1510 2125 1580|0.001 -0.0673417096584239 0.12713208365419115 -0.027584816268899637
289 1000 1443 770 629 629 770 533 828 533 1443 1190 1162 797|0.001 -0.04096452365867198 0.10593921273807538 -0.017189734227325282
1443 1000 289 629 770 770 629 533 1443 533 828 1190 839 1636|0.001 -0.009866917771983452 0.09756134292572938 0.007047259797157146
848 1224 1590 459 1316 2295 2295 1000 848 1224 1590 1334 1266 1934|0.001 -0.15124350090666483 0.07585105623499455 -0.30989311179979606
2179 2867 2179 3464 3464 1848 1848 5000 2667 5000 2667 2759 4123 2906|0.001 -0.49968406638898233 0.06869062274068582 0.0025814605441287775
1443 1875 1179 1552 2706 2706 541 1000 1443 1875 1179 2179 2280 3067|0.001 -0.16852207408116437 0.08739559518864626 -0.13110469406900638
644 1744 644 760 760 930 930 349 1208 1744 1208 1470 963 1405|0.001 -0.11729284794696038 0.012113872113836965 -0.022788404085322123
459 1000 1316 848 1590 1590 848 1224 2295 1224 2295 1266 1848 1892|0.001 -0.0662342845852093 0.09237702164241135 -0.03550495477202542
2706 1000 1552 1179 1443 1443 1179 1875 2706 1875 541 2280 2179 3067|0.001 -0.033390517285927235 0.08815690163757495 0.008637984548849342
760 349 760 644 644 1208 1208 1744 930 1744 930 963 1470 1405|0.001 -0.20399483194294632 0.04808458582329811 -0.08109231442061438
770 533 629 289 1443 1443 828 1000 770 533 629 839 1190 1636|0.001 -0.04975254591918721 0.026769863213735867 -0.27039991736239277
3464 5000 3464 2179 2179 2667 2667 2867 1848 5000 1848 4123 2759 2906|0.001 -0.39787992460441735 0.04439677015738219 0.0089549903873265
1316 1000 459 1875 2432 2432 1875 1875 5049 1875 3442 1266 3246 3544|0.001 -0.12476250092863239 -0.2871850733926695 -0.012885499631758446
1000 1297 533 245 1836 2693 702 1000 1000 1297 533 1731 1204 2438|0.001 -0.09497664209578205 -0.0032508097137284864 -0.738150830209594
4085 7500 4085 2179 2179 4085 4085 2867 5299 11000 5299 4918 2759 7071|0.001 -0.255683516670393 0.12058442963688298 0.05504792803152636
760 349 760 1849 1849 1425 1425 3837 1425 2616 1425 963 2693 1237|0.001 -0.2773623847765727 0.06439477887236755 -0.009013039383958255
459 1000 1316 2432 1875 1875 2432 1875 3442 1875 5049 1266 1627 2257|0.001 -0.11042297197981332 0.12017631328136824 -0.006567299285453743
1849 3837 1849 760 760 1425 1425 349 1425 2616 1425 2693 963 1237|0.001 -0.1359711109145212 0.10660554884854179 0.023449577552920875
771 771 411 541 2076 1415 189 1000 771 771 411 669 1457 1879|0.001 -0.11380568702616722 -0.036346301074473564 -0.25912048744517024
2179 2867 2179 4085 4085 5299 5299 7500 4085 11000 4085 2759 4918 7071|0.001 -0.795863497402719 0.04418843832740604 -0.017513120097838453
245 1000 1836 1000 533 533 1000 1297 702 1297 2693 1204 868 675|0.001 -0.1426424395043091 0.16787404402538675 0.02760982060052486
1297 533 1000 1836 2693 702 245 1000 1297 533 1000 868 2438 1890|0.001 -0.04917384911639178 0.0963529031226984 -0.022847987958880545
545 1467 545 545 545 707 707 133 290 382 290 1328 656 473|0.001 -0.03223097309159817 0.046057438917315174 0.010460938667542496
1836 1000 2693 1297 1000 1000 1297 533 245 533 702 2438 1731 1204|0.001 -0.026063131716201893 0.09185497265634002 0.000755320636243173
541 1000 2076 771 411 411 771 771 189 771 1415 1457 1334 521|0.001 -0.11707527178068555 0.11543176366007435 0.015049317241868643
371 682 371 482 482 371 371 261 198 91 198 905 702 643|0.001 -0.0007776479596344199 0.05909505921596114 0.01778580006620789
1000 533 1297 2693 1836 245 702 1000 1000 533 1297 1731 2438 1204|0.001 -0.0543178783219167 0.08666936605010056 0.01540402361321691
2693 1000 1836 1000 1297 1297 1000 533 702 533 245 2438 868 1890|0.001 -0.04623160697389439 0.05163360506693415 0.00997892114458665
493 188 816 770 629 554 568 533 263 100 435 976 1162 791|0.001 -0.01667640938007975 0.007506830837775702 -0.01653982925040487
693 817 1299 1061 566 342 641 738 130 720 244 1510 1456 676|0.001 -0.0764995298593596 0.0981976863001699 0.055074065205085176
2956 533 3031 4355 2632 1404 2322 5333 3354 2844 4106 3198 3079 3093|0.001 -0.2684876268890357 0.07315877996361575 -0.004407627427243099
1768 1875 1305 230 1225 2296 431 604 1444 1133 1273 2574 707 1926|0.001 -0.1496958983620411 0.08164545783893695 -0.6967227863154557
2632 5333 4355 5683 5543 6289 7698 1875 4934 10000 8165 3079 5551 7914|0.001 -0.548139611681101 0.11792830817349387 0.022047503796145396
1061 738 566 693 1299 244 130 817 641 720 342 791 1090 1267|0.001 -0.09359316605127344 0.007668078158535874 -0.011452463105298127
230 604 1225 1768 1305 1273 1444 1875 431 1133 2296 1195 1398 1275|0.001 -0.059441463202185574 0.12002831608790787 -0.012137315741919119
380 1655 2027 1275 1123 1152 1560 533 203 882 1081 1170 1604 1125|0.001 -0.017873961684468087 0.08082965251390961 0.013484445313993731
418 881 785 1590 848 159 298 1224 692 904 1298 1258 1334 490|0.001 -0.059475663527197575 0.1306850267892412 0.012816922497660421
4355 5333 2632 2956 3031 4106 3354 533 2322 2844 1404 5203 2960 3246|0.001 -0.14498175780583322 0.1003123390939642 0.009165301389360003
1275 533 1123 380 2027 1081 203 1655 1560 882 1152 1175 1977 1700|0.001 -0.04796054527359206 0.08553820895606634 -0.20772748512030148
5683 1875 5543 2632 4355 8165 4934 5333 7698 10000 6289 5997 5203 11208|0.001 -0.9219738575128889 0.05585269680932203 0.010051187800355077
2027 1655 380 2106 2390 2925 2159 1875 3800 3103 712 1977 3007 4417|0.001 0.008435395192161188 0.200170642743005 0.01594311055428399
1590 1224 848 418 785 1298 692 881 298 904 159 1848 922 918|0.001 -0.07214480799895506 0.08853300078819126 -0.04940665460570148
3000 1000 3000 693 1299 1299 693 817 1500 817 2200 3162 1090 2487|0.001 -0.13212076918667215 0.04491211211350654 -0.13887205655423007
1179 1875 1443 4330 3175 2165 4330 1000 1179 1875 1443 1573 3841 2875|0.001 -0.038813595352148456 0.12154682191263033 0.05648926559796541
231 733 231 333 333 272 272 1000 433 500 433 887 1054 363|0.001 -0.04652789660958945 0.029856509118877383 -0.00943919929840109
333 1000 333 433 433 231 231 500 272 733 272 1054 829 503|0.001 -0.051305133445112006 0.09123945652840915 0.0075239666669491
1155 1000 2309 770 629 629 770 533 1694 533 2309 1915 1162 1533|0.001 -0.07237383519180685 0.05166016788132666 -0.014367755290188855
693 817 1299 3000 3000 2200 1500 1000 693 817 1299 1510 3162 2661|0.001 -0.0507051707223205 0.12088599558392144 -0.0013330481226414559
3000 1000 3000 1299 693 693 1299 817 2200 817 1500 3162 1510 2661|0.001 -0.010135907398252098 0.10943668759640257 0.05503209692056421
433 500 433 333 333 272 272 1000 231 733 231 829 1054 503|0.001 -0.07447351021804494 0.06454768035527136 0.002705317230986548
629 533 770 2309 1155 1694 2309 1000 629 533 770 1162 1915 1533|0.001 -0.062080421672908725 0.07018802789688916 0.00310394021521887
333 1000 333 231 231 433 433 733 272 500 272 1054 887 363|0.001 -0.03463007899314752 -0.012134779920836003 -0.04435985631826456
1299 817 693 3000 3000 1500 2200 1000 1299 817 693 1090 3162 2487|0.001 0.0010138532701398084 0.12795133293383554 0.018551614384201276
3175 1000 4330 1443 1179 1179 1443 1875 2165 1875 4330 3841 1573 2875|0.001 -0.18734568267338325 0.1072910246451042 -0.02467396027166391
4330 1000 3175 1179 1443 1443 1179 1875 4330 1875 2165 3841 2179 4564|0.001 -0.18651139113348814 -0.006761168219564517 -0.008866786011347827
1590 1224 848 2693 1836 3672 3672 1000 1590 1224 848 1848 2438 3045|0.001 -0.06324188047353907 0.0644093029724524 0.033055782991389115
371 682 371 315 315 590 590 1364 455 1364 455 905 1209 686|0.001 -0.16494590697171074 0.02756383788181882 -0.04304006954910622
770 533 629 1155 2309 2309 1694 1000 770 533 629 839 1915 2434|0.001 -0.05336636422606067 0.06810723271756247 -0.06425802111357459
866 2000 866 545 545 667 667 1467 462 2000 462 1658 1328 726|0.001 -0.3826968779883744 0.015068935598889777 -0.0708655131498237
2693 1000 1836 1590 848 848 1590 1224 3672 1224 3672 2438 1334 3257|0.001 -0.020428054005061647 0.15116892105124125 0.04039961832772443
2309 1000 1155 629 770 770 629 533 2309 533 1694 1915 839 2434|0.001 -0.03156024540624469 0.043045902777087974 0.0016154738869200713
545 1467 545 866 866 462 462 2000 667 2000 667 1328 1658 726|0.001 -0.13290591912909266 0.05589957332935658 0.0034680533937048175
848 1224 1590 1836 2693 3672 3672 1000 848 1224 1590 1334 2438 3257|0.001 -0.14356845319334344 0.0950916765588894 -0.10939809230326003
1443 1875 1179 3175 4330 4330 2165 1000 1443 1875 1179 2179 3841 4564|0.001 -0.1893076777396807 0.054992276476837354 -0.08055247690071043
315 1364 315 371 371 455 455 682 590 1364 590 1209 905 686|0.001 -0.03830782751877426 0.10372161017904391 -0.009441157476530737
1836 1000 2693 848 1590 1590 848 1224 3672 1224 3672 2438 1848 3045|0.001 -0.11823107211347827 0.02309568697483 -0.14173643528260116
15000 1000 15000 3691 3691 3691 3691 7500 15000 7500 15000 15033 4596 15447|0.001 -0.37669779353779465 0.11034501487634962 0.01072018508680772
4064 1000 4064 271 2032 2032 271 1000 4064 1000 4064 4185 1245 4543|0.001 -0.09799312963582385 0.07512445540683421 -0.6410995833172961
3691 7500 3691 15000 15000 15000 15000 1000 3691 7500 3691 4596 15033 15447|0.001 -0.3098774850311137 0.10628255269303111 0.02357717939287962
15000 1000 15000 3691 3691 3691 3691 7500 15000 7500 15000 15033 4596 15447|0.001 -0.23008856346196427 0.12342633184848628 0.02380518822012956
3691 7500 3691 15000 15000 15000 15000 1000 3691 7500 3691 4596 15033 15447|0.001 -0.42475432307114924 0.07951919848727451 -0.010884274912317249
4064 1000 4064 271 2032 2032 271 1000 4064 1000 4064 4185 1245 4543|0.001 -0.10218825597984149 0.07670785951689796 -0.6775691570921605
500 1000 500 246 246 246 246 1000 67 1000 67 1118 1030 306|0.001 -0.11726108052724782 0.055479210536244494 0.006923325788024126
271 1000 2032 4064 4064 4064 4064 1000 271 1000 2032 1245 4185 4073|0.001 -0.02432484459920836 0.10844003611711228 0.024750634988781606
246 1000 246 500 500 67 67 1000 246 1000 246 1030 1118 306|0.001 -0.0809849196827328 0.09316163758341212 0.0015607694752595158
500 1000 500 246 246 246 246 1000 67 1000 67 1118 1030 306|0.001 -0.09463619984166338 0.09059441054228845 0.011532963399345508
271 1000 2032 4064 4064 4064 4064 1000 271 1000 2032 1245 4185 4073|0.001 -0.05385061725436402 0.12764731971635745 0.019714612110521834
246 1000 246 500 500 67 67 1000 246 1000 246 1030 1118 306|0.001 -0.08105852205669173 0.09411102697098661 0.00524033075736563
167 1000 167 681 1319 1319 681 1875 1250 1875 1250 1014 2252 1396|0.001 -0.10710122924717402 -0.045809517437307434 -0.010623771696659512
2754 1937 1469 245 1836 1836 245 1000 2754 1937 1469 3308 1204 3310|0.001 -0.11045912915639278 -0.029993148946682036 -0.7301419341370052
4085 7500 4085 6000 6000 11250 11250 1000 7914 7500 7914 4918 6083 13514|0.001 -0.3372257448721905 0.12256781718515075 0.004993236911030596
6000 1000 6000 7914 7914 4085 4085 7500 11250 7500 11250 6083 8374 5629|0.001 -0.6297294390834862 0.005591896735497315 -0.023013138547737233
167 1000 167 1319 681 681 1319 1875 1250 1875 1250 1014 938 820|0.001 -0.11382206943054696 -0.03888069643730452 -0.011908298619502933
7914 7500 7914 6000 6000 11250 11250 1000 4085 7500 4085 8374 6083 5629|0.001 -0.48011512761863884 0.06412880859947956 -0.007360586768835331
1422 516 758 126 948 948 126 1000 1422 516 758 711 1058 1709|0.001 -0.10091554459856322 -0.0005318468274928545 -0.6850775090432204
6000 1000 6000 4085 4085 7914 7914 7500 11250 7500 11250 6083 4918 13514|0.001 -0.5445975637407674 0.07726361825078687 -0.02211440925074193
245 1000 1836 2754 1469 1469 2754 1937 245 1937 1836 1204 1378 1489|0.001 -0.11881680924700544 0.14655013156164243 0.03572435603409474
703 533 363 667 667 89 89 1000 703 533 363 500 1202 744|0.001 -0.04032879893737018 0.09213979267513439 -0.0013506637142135514
1500 1000 1500 545 545 1055 1055 133 800 133 800 1803 656 751|0.001 -0.0019579813219827713 0.06162898575569953 0.006863366131746318
667 1000 667 703 363 363 703 533 89 533 89 1202 1201 437|0.001 -0.06334316721249733 0.06272841464501688 0.0043087249344453404
126 1000 948 1422 758 758 1422 516 126 516 948 1058 1708 769|0.001 -0.14257574794747208 0.1529694655877356 0.008189354207750466
1500 1000 1500 1055 1055 545 545 133 800 133 800 1803 1117 1802|0.001 -0.0025309834292708278 0.05239447549663323 0.007494597987531826
363 533 703 667 667 89 89 1000 363 533 703 1201 1202 437|0.001 -0.05186779455810919 0.08915805162367008 0.0024028797632924537
667 1000 667 363 703 703 363 533 89 533 89 1202 500 744|0.001 -0.07029697945340585 0.08151496435608863 -0.019211240042308342
530 625 650 3691 3691 3872 3601 7500 994 6797 1218 1132 4596 4132|0.001 -0.39505973824342844 0.13747718089854422 0.03797342362764189
5581 816 6158 3031 2956 3179 3031 533 513 435 821 6212 3198 3386|0.001 -0.010849343663353883 0.09444735335482068 0.014723509094631826
271 1000 2032 269 144 176 330 1049 169 975 1841 1245 961 222|0.001 -0.11713767924347973 0.1451678109972221 0.05523843251328486
3893 533 3712 7542 6835 629 1006 1225 3621 653 3712 3569 6908 4434|0.001 -0.04169412267989947 0.09023319091244986 0.005254037560482594
3691 7500 3691 530 650 1218 994 625 3601 6797 3872 4596 820 3605|0.001 -0.2712157216910027 0.10994481054861893 0.026911452248670198
269 1049 144 271 2032 1841 169 1000 330 975 176 1119 1245 1861|0.001 -0.08794075815224067 0.013373062293053906 -0.5702221483055581
1179 1225 1886 6960 7300 6789 6960 1875 12816 2296 14142 1546 7792 7776|0.001 -0.10606638409145219 0.04900668935708952 -0.0051199093248910366
338 1025 180 174 1888 2083 278 1075 276 1025 147 1082 1225 1908|0.001 -0.08757206556413766 0.02373508168057148 -0.9208064842157182
6194 10875 5761 1039 849 1591 1949 1600 5906 12000 5906 7055 1311 5678|0.001 -0.679700686349578 0.026300624356778712 -0.048593436583175276
3031 533 2956 5581 6158 821 513 816 3031 435 3179 2960 5640 3774|0.001 -0.0451395095050422 0.09951907122185188 -0.004658529561969438
146 1103 179 530 570 543 543 92 78 147 96 1011 607 608|0.001 -0.005534899980016439 0.05445677928422654 0.0039272777970977835
174 1075 1888 338 180 147 276 1025 278 1025 2083 1145 1001 228|0.001 -0.06500965408432813 0.11179164508963613 0.011476934412222306
7542 1225 6835 3893 3712 3712 3621 533 1006 653 629 7608 4156 4622|0.001 -0.030388356961731366 0.06934919164244047 -0.009018686264136155
1039 1600 849 6194 5761 5906 5906 10875 1949 12000 1591 1811 6598 6232|0.001 -1.1099172010540181 0.051590045625773406 -0.016574177622278308
13000 1000 13000 3691 3691 4085 4085 7500 11250 7500 11250 13038 4596 11840|0.001 -0.524351196326891 0.10455499936337098 0.0010011826232991794
3048 1107 3522 271 2032 2032 271 1000 3048 1107 3522 3208 1245 3663|0.001 -0.0867295830206749 0.10014472666229013 -0.5711392423358463
3691 7500 3691 13000 13000 11250 11250 1000 4085 7500 4085 4596 13038 11840|0.001 -0.3800161733651819 0.04701156229223402 -0.0020060429496537857
13000 1000 13000 4085 4085 3691 3691 7500 11250 7500 11250 13038 4918 13514|0.001 -0.6793607720560257 0.04789960180950903 -0.008076197637210125
4085 7500 4085 13000 13000 11250 11250 1000 3691 7500 3691 4918 13038 13514|0.001 -0.58292930783167 0.053024958244030085 0.0035030778578071242
2754 904 3182 245 1836 1836 245 1000 2754 904 3182 3308 1204 3310|0.001 -0.09084355402120492 0.10060803318052924 -0.5873717120665389
667 1000 667 328 363 363 328 1156 89 1156 89 1202 1201 437|0.001 -0.11364174666039006 0.027909492089361887 0.014848992342617606
271 1000 2032 3048 3522 3522 3048 1107 271 1107 2032 1245 3661 3532|0.001 0.008866078124381005 0.11469918027562143 0.035547865805303225
363 1156 328 667 667 89 89 1000 363 1156 328 1201 1202 437|0.001 -0.09483306286976023 0.09085338778487939 0.004968560205971251
667 1000 667 363 328 328 363 1156 89 1156 89 1202 1052 409|0.001 -0.154120593039756 0.0658491785896298 -0.04036240910453737
245 1000 1836 2754 3182 3182 2754 904 245 904 1836 1204 2898 3192|0.001 -0.05443761981661632 0.11443935496307178 -0.013517699116948334
328 1156 363 667 667 89 89 1000 328 1156 363 1052 1202 409|0.001 -0.08641121888564585 0.0963401252838314 0.005690934090620825
1061 1116 566 566 1061 977 521 738 199 774 106 1458 791 1173|0.001 -0.08826636522753617 0.09238629026208312 -0.09649176925437208
7300 1875 6960 5333 4910 9207 10000 5333 10520 10000 9428 7792 5333 14881|0.001 -0.8333755146422916 0.03662852362859681 -0.002327687365479836
1000 921 187 1305 1768 1972 1369 1875 1875 1726 352 1000 2574 2577|0.001 0.005229298203859312 0.1945789065285708 0.013969360351908655
943 533 696 188 1000 533 100 921 1052 491 730 745 1000 1083|0.001 -0.048697042786196576 0.07684023513500282 -0.20502327300354728
4910 5333 5333 3712 3893 5611 5028 533 2619 2844 2844 5333 3569 3061|0.001 -0.1142498840715589 0.11200212608650562 -0.023371774293888814
566 738 1061 1061 566 106 199 1116 521 774 977 1456 1149 625|0.001 -0.09212284473156696 0.12800294040799853 0.010681451468121939
188 921 1000 943 696 730 1052 533 100 491 533 1106 1373 669|0.001 -0.011160896102064832 0.07920848462023677 0.024180288034205688
204 1086 1086 2142 1487 1417 1920 1875 382 2037 2037 1086 1169 1363|0.001 -0.20209459460073798 0.18455316976246694 -0.028117339497886196
875 694 467 507 951 178 95 896 951 662 507 546 1030 951|0.001 -0.08726743683996951 0.011058993278583173 -0.012690762818693413
5333 5333 4910 7300 6960 9428 10520 1875 10000 10000 9207 5897 6692 13728|0.001 -0.9977118902679438 0.02256562707271259 -0.014095239801571458
2142 1875 1487 204 1086 2037 382 1086 1920 2037 1417 3031 1201 2206|0.001 -0.17069856988537357 0.08284497575903993 -0.8127108931127847
3712 533 3893 4910 5333 2844 2619 5333 5028 2844 5611 4156 5897 3975|0.001 -0.19086316960767458 0.1130880570345183 0.010351972059290393
1000 188 921 1052 943 696 730 533 533 100 491 1000 1374 1373|0.001 -0.016480085393993926 0.007342109178911649 -0.013392534617281404
507 896 951 875 467 507 951 694 95 662 178 1306 1415 507|0.001 0.002638001272159407 0.09058731680036125 0.051492885780188846
921 188 1000 943 696 645 696 533 491 100 533 1106 1373 1007|0.001 -0.016217135310463426 0.007455925039665523 -0.015211251867794928
566 738 1061 1061 566 521 977 738 106 684 199 1456 1456 625|0.001 -0.11808566422771505 0.07399499408315524 0.03630155421244563
3441 533 3712 5333 4910 2619 2844 5333 3712 2844 5028 4066 5333 4742|0.001 -0.20428378241652223 0.067168397402384 -0.0026602981559620265
1768 1875 1305 187 1000 1875 352 921 1305 1726 1210 2574 1000 1398|0.001 -0.1925156765129843 0.05698866330220653 -0.8705148200045998
4910 5333 5333 6960 6452 6960 9428 1875 9207 10000 10000 5333 5976 10072|0.001 -1.2942402941126063 -0.02116029581573531 -0.04644620559567825
1061 738 566 566 1061 199 106 738 977 684 521 791 791 1173|0.001 -0.1020880239543076 -0.003282162014139889 -0.015382147848074235
187 921 1000 1768 1305 1210 1305 1875 352 1726 1875 1106 1398 1120|0.001 -0.1557311459494759 0.15646290143068065 -0.012376703803674838
204 1086 1086 756 701 756 1024 533 109 579 579 1086 1094 649|0.001 -0.016441273001330803 0.07244940890506424 0.004977287387903928
705 927 1323 1437 766 144 269 1355 766 1000 1437 1447 1071 766|0.001 -0.08550892646764674 0.1261393996312754 0.01174210801272002
5333 5333 4910 3441 3712 5028 3712 533 2844 2844 2619 5897 3187 3975|0.001 -0.1331537232233626 0.045240082514210744 0.013918935472951866
756 533 701 204 1086 579 109 1086 1024 579 756 966 1201 810|0.001 -0.04153971669573431 0.10550035757932896 -0.1887357045560467
6960 1875 6452 4910 5333 10000 9207 5333 9428 10000 6960 7623 5897 13728|0.001 -0.6576112153772629 0.07098891911834437 0.03576414750152246
1086 1086 204 1314 1417 1920 1417 1875 2037 2037 382 1201 2051 2796|0.001 0.0012386354439031244 0.1853858124812935 0.01870424438494167
1437 1355 766 705 1323 1437 766 927 269 1000 144 1972 1277 1437|0.001 -0.08730138850966518 0.05957132723372949 -0.06233532530921515
1061 738 566 566 1061 977 521 738 199 684 106 791 791 1173|0.001 -0.04110082923475478 0.09790390855444198 -0.03143778596515712
6452 1875 6960 5333 4910 9207 10000 5333 6960 10000 9428 5976 5333 10072|0.001 -0.5912698309534292 0.13279806480505085 0.030178839167598337
1000 921 187 1305 1768 1305 1210 1875 1875 1726 352 1000 2574 1398|0.001 -0.00707882396825954 0.14188836693882267 0.017620170178465067
943 533 696 188 1000 533 100 921 696 491 645 745 1000 1373|0.001 -0.05189155181309468 0.08503449714330369 -0.23597940740960888
4910 5333 5333 3712 3441 3712 5028 533 2619 2844 2844 5333 4066 4742|0.001 -0.19334049444074575 0.09021791909426202 -0.026056314567671768
566 738 1061 1061 566 106 199 738 521 684 977 1456 1456 625|0.001 -0.05387048745781442 0.11634279519930901 0.013177725873425583
188 921 1000 943 696 645 696 533 100 491 533 1106 1373 762|0.001 -0.03687226221576578 0.10579481077019226 0.0144338737638261
204 1086 1086 1417 1314 1417 1920 1875 382 2037 2037 1086 1811 1552|0.001 -0.11093020860006964 0.14510964643933422 -0.011382429375711434
1323 927 705 766 1437 269 144 1355 1437 1000 766 1277 1972 1437|0.001 -0.08751939932579278 0.010041277361740875 -0.016256468292369375
5333 5333 4910 6452 6960 9428 6960 1875 10000 10000 9207 5897 7623 13728|0.001 -0.8346155623644602 0.03932763817801499 -0.03089590164227385
1417 1875 1314 204 1086 2037 382 1086 1920 2037 1417 2051 1201 2796|0.001 -0.19262296275591173 0.06506441360922821 -0.8356049393025666
3712 533 3441 4910 5333 2844 2619 5333 5028 2844 3712 3187 5897 3975|0.001 -0.19181517682328675 0.06640872059347824 0.001247108547890452
1000 188 921 696 943 696 645 533 533 100 491 1000 745 1373|0.001 -0.01404065673189514 0.005882329934880914 -0.017646710385907927
766 1355 1437 1323 705 766 1437 927 144 1000 269 1071 1447 766|0.001 -0.1347291599592737 0.0678888267776423 0.049071415624566406
96 1000 384 1417 1314 1314 1417 1875 2340 1875 2880 1018 1811 1397|0.001 -0.11233114025468116 0.07700379467458829 -0.008966415810688355
3691 7500 3691 2604 2604 4883 4883 250 3422 6094 3422 4596 2652 4715|0.001 -0.21573485652077062 0.10015168869584867 -0.035216058690011875
10416 4000 10416 13687 13687 14765 14765 24375 19531 30000 19531 10607 14550 21366|0.001 -2.0441635458852234 0.11904706826615152 0.021763132486491976
13687 24375 13687 10416 10416 19531 19531 4000 14765 30000 14765 14550 10607 21366|0.001 -1.382305394817177 0.08271687184778775 -0.02107877071023001
1427 1079 761 73 1781 2192 292 1000 1427 1079 761 1561 1063 2437|0.001 -0.09627752068362083 -0.018092509684469738 -2.456988399347564
2604 250 2604 3691 3691 3422 3422 7500 4883 6094 4883 2652 4596 4715|0.001 -0.4014978424072402 0.02496715830109908 -0.006134614692019369
271 1000 2032 1323 705 705 1323 927 68 927 1651 1245 1447 718|0.001 -0.05628310945189341 0.1294291719480567 0.06661567150412884
701 533 756 1536 1248 51 205 1000 701 533 756 1094 1708 745|0.001 -0.03563312193737511 0.09718961499310064 0.004888497519275337
1536 1000 1248 701 756 756 701 533 205 533 51 1708 966 941|0.001 -0.011058607056770864 0.10889944060614054 0.0038491207415480844
73 1000 1781 1427 761 761 1427 1079 292 1079 2192 1063 1378 775|0.001 -0.11554112277840423 0.1473888940237278 0.02920848069964066
801 1231 801 561 561 606 606 41 427 164 427 1368 597 774|0.001 -0.005428694372507925 0.056358629400514726 0.003412182686801657
1248 1000 1536 756 701 701 756 533 51 533 205 1708 1094 745|0.001 -0.012469690976028014 0.06603964902194281 0.028047962232178314
354 500 354 433 354 66 81 750 326 453 214 791 1061 391|0.001 -0.048400883395774974 0.08254909182369596 0.0026453868337239506
1732 816 2309 816 493 752 816 188 1046 153 1155 2449 976 1251|0.001 -0.02418558674090132 0.061047479550575545 -0.03404861857302377
230 604 1225 2828 1414 1282 2121 1000 187 921 1000 1195 2236 1427|0.001 -0.08645852761332673 0.12164946968624912 0.009979967387505617
433 750 354 354 354 214 326 500 81 453 66 829 791 422|0.001 -0.005286414054221922 0.07719663360014728 0.009871566739392268
6835 1225 7542 5333 4910 3223 5333 5333 11314 6532 15085 6908 5333 8172|0.001 -0.20716201530054823 0.20942425481221605 0.04471186077293687
2828 1000 1414 230 1225 1000 187 604 2121 921 1282 2236 707 3000|0.001 -0.09973779220272538 0.01788942015219286 -0.46011914231160134
133 906 162 707 707 651 427 2000 707 1500 866 1009 1581 707|0.001 -0.02471133058794095 0.21607363585002481 0.020025220638744123
2632 5333 4355 6158 5581 9238 12317 816 4009 4355 4355 3079 6212 9033|0.001 -0.20384385041621877 0.09373562255436063 0.0016315772055852662
471 1333 577 285 434 471 471 604 88 667 108 1106 722 471|0.001 -0.01941813490326072 0.07193507819431622 0.011958553347959366
2828 1225 2121 921 1000 1000 604 187 1414 230 1282 3000 1000 2236|0.001 -0.008594325361016564 0.06338687162085188 0.003291983610917981
204 1086 1086 2304 1392 1536 3072 656 249 1086 1330 1086 2253 1549|0.001 -0.13881469507696198 0.13419276202639274 0.020885158057377673
285 604 434 471 577 108 88 1333 471 667 471 978 1414 333|0.001 -0.03735996556286425 0.11915244533709846 0.0018600224884313121
5333 5333 4910 6835 7542 15085 11314 1225 5333 6532 3223 5897 7608 11926|0.001 -0.3533018587302439 0.03902056098911366 -0.09174731087271515
2304 656 1392 204 1086 1330 249 1086 3072 1086 1536 1664 1201 3258|0.001 -0.09716218348669425 -0.029561865575993274 -0.4295785502050331
179 1103 146 718 472 780 780 1655 956 2207 780 1113 1196 932|0.001 -0.1219743764601744 0.1132205811446041 0.0007831633625898782
6158 816 5581 2632 4355 4355 4009 5333 12317 4355 9238 5640 5203 9737|0.001 -0.2626009766208548 0.07063208325690962 0.006562947680521791
1000 1000 1000 162 162 133 133 812 906 812 906 1414 916 1009|0.001 -0.008834587763442148 0.11697021464212032 0.0028479208190290706
5004 1000 6158 6158 5581 5581 6158 816 5004 816 6158 5640 6212 7496|0.001 -0.10686449793381403 0.058903240912775434 0.0027494614063927614
133 906 162 1000 1000 812 812 1000 133 906 162 1009 1414 911|0.001 -0.09308685072578649 0.05975756809233124 -0.02029263333036546
1000 1000 1000 162 133 133 162 906 812 906 812 1414 1009 911|0.001 -0.08426515777180565 0.09335975269335162 0.0037144116899101576
5581 816 6158 6158 5004 5004 6158 1000 5581 816 6158 6212 5640 7496|0.001 -0.09563814993183484 0.0864445487440002 0.03908542432104145
162 812 162 1000 1000 906 906 1000 133 812 133 916 1414 1009|0.001 -0.001948778070703927 0.15645907663659253 0.03685789792809313
1000 1000 1000 133 133 162 162 812 906 812 906 1414 911 916|0.001 -0.04905666112309692 0.09005565437105512 0.021326308377653813
162 906 133 1000 1000 812 812 1000 162 906 133 916 1414 916|0.001 -0.0739429060718344 0.04058663948662833 -0.005123363338980225
6128 1000 7542 7542 6835 6835 7542 1225 6128 1225 7542 6872 6908 9180|0.001 -0.09956656438648182 0.05921757132412164 0.01933755801199366
1000 1000 1000 133 162 162 133 906 812 906 812 1414 916 916|0.001 -0.017408503400108133 0.11096619648475858 0.030461600506386244
133 812 133 1000 1000 906 906 1000 162 812 162 911 1414 916|0.001 -0.009725394477209104 0.09251338131956555 0.012935727111476059
6835 1225 7542 7542 6128 6128 7542 1000 6835 1225 7542 6908 6872 9180|0.001 -0.020823793865289986 0.12097835934049561 0.03382675591840689
6158 816 5581 5004 6158 6158 5004 1000 6158 816 5581 5640 5640 8709|0.001 -0.11563453733866358 0.027736054198137516 -0.044121514062700484
200 1231 200 1115 1115 1231 1231 1000 163 1231 163 1127 1498 1127|0.001 -0.10002080929824464 0.03303979723343842 -0.031763741551208424
897 1000 897 179 146 146 179 1103 1103 1103 1103 1343 1011 1005|0.001 -0.08877868562714109 0.08130059232935638 0.0018146516647510325
6158 1000 5004 5581 6158 6158 5581 816 6158 816 5004 5640 5640 8709|0.001 -0.13621189083864116 0.0009411188453656294 -0.03934349696377071
146 1103 179 897 897 1103 1103 1000 146 1103 179 1011 1343 1005|0.001 -0.02439519207685259 0.12312004795858034 0.034220069128414465
1115 1000 1115 200 200 163 163 1231 1231 1231 1231 1498 1127 1127|0.001 -0.12544543220581295 0.027537551479350775 -0.002153856649845798
7542 1225 6835 6128 7542 7542 6128 1000 7542 1225 6835 7608 6872 10667|0.001 -0.05314101612293509 0.07204997463697183 0.00535039503271495
897 1000 897 146 179 179 146 1103 1103 1103 1103 1343 1113 1011|0.001 0.011247136610297304 0.1723095403767072 0.05171539269801739
163 1231 163 1115 1115 1231 1231 1000 200 1231 200 1121 1498 1242|0.001 -0.0374786674117944 0.08593888940869432 -0.005142329768311749
7542 1000 6128 6835 7542 7542 6835 1225 7542 1225 6128 6872 7608 10667|0.001 -0.12080354688084549 -0.020423482879849963 -0.025011072952133562
179 1103 146 897 897 1103 1103 1000 179 1103 146 1113 1343 1011|0.001 -0.036453890954225576 0.06846538226619403 0.009921335345726146
1115 1000 1115 163 163 200 200 1231 1231 1231 1231 1498 1121 1242|0.001 -0.12824273512758166 0.07673182210883533 0.010394918958991362
3000 1000 3000 566 566 693 693 200 2600 200 2600 3162 721 2661|0.001 -0.016600652898424162 0.03977016815481349 -0.009596562862780322
354 1000 1768 5303 4596 4596 5303 1225 354 1225 1768 1275 4704 4610|0.001 -0.02586128638322749 0.10041172193188119 0.030420830695281342
231 867 189 333 333 67 67 1000 231 867 189 887 1054 275|0.001 -0.08934101186150123 0.08470908107746533 -0.0003418824586032265
333 1000 333 189 231 231 189 867 67 867 67 1054 887 275|0.001 -0.08667045806225904 0.05800950323568532 0.015045151144341684
3000 1000 3000 693 693 566 566 200 2600 200 2600 3162 825 3053|0.001 -0.015082532992037878 0.051514007124766614 0.007381639543087015
189 867 231 333 333 67 67 1000 189 867 231 1018 1054 240|0.001 -0.09413742370518952 0.08315474753596064 0.00039857315125235715
289 1000 1443 4330 3753 3753 4330 816 289 816 1443 1190 4406 3764|0.001 -0.012324973966949537 0.06678873055007806 0.013900668620185908
333 1000 333 231 189 189 231 867 67 867 67 1054 1018 240|0.001 -0.10731249765382533 0.07413810624122164 -0.009053188402916579
5303 1225 4596 354 1768 1768 354 1000 5303 1225 4596 5397 1275 5590|0.001 -0.08638370853129684 0.08441011956332733 -0.3556894598789817
2828 5000 2828 13000 13000 15000 15000 1000 3464 5000 3464 3606 13038 15264|0.001 -0.20305609538294522 0.10003637827974865 0.0401572272078754
77 1000 77 218 266 266 218 1154 385 1154 385 1003 1174 317|0.001 -0.038933315714861916 0.09070716575470206 -0.0013109301597402645
13000 1000 13000 2828 2828 3464 3464 5000 15000 5000 15000 13038 3606 15264|0.001 -0.5490501778086698 0.010797984059214283 -0.004146574177502638
4330 816 3753 289 1443 1443 289 1000 4330 816 3753 3841 1190 4564|0.001 -0.1044924045721618 0.04134330055344693 -0.44300272445055966
77 1000 77 266 218 218 266 1154 385 1154 385 1003 1023 277|0.001 -0.0372408095425425 0.09043664865637346 -0.002572771354044656
3464 5000 3464 13000 13000 15000 15000 1000 2828 5000 2828 4123 13038 13304|0.001 -0.550647151712248 0.02355944447329561 -0.026937272516429633
13000 1000 13000 3464 3464 2828 2828 5000 15000 5000 15000 13038 4123 13304|0.001 -0.38809564752543824 0.11448520890061875 0.022341704173673982
1104 533 1000 1061 566 302 566 738 1209 394 1116 1133 1456 1053|0.001 -0.035860412815511555 0.09670349386434518 0.013305503260523377
696 533 943 943 1052 1140 1040 533 371 284 503 1373 1083 1070|0.001 -0.017606181923075503 0.06403833823414917 -0.00775299889262504
566 1116 1061 1000 533 394 738 1104 302 1209 566 1149 1133 777|0.001 -0.03550518463365071 0.10838214317189454 0.01251810954854049
2137 533 1951 1768 1305 696 943 1875 1972 1000 1768 1862 1398 2500|0.001 -0.061696227420668937 0.07098798883408586 -0.0014102568325691234
1061 738 566 1104 1000 1116 1209 533 566 394 302 791 1414 1149|0.001 -0.022246973178622342 0.08514753683673604 0.011895358776927711
1875 1875 2069 566 1061 1989 1061 738 2092 1384 2267 2125 791 2733|0.001 -0.14614797669319834 0.016499991017091542 -0.1543817095833666
513 1096 273 483 906 669 357 906 961 1011 513 1253 1027 716|0.001 -0.054343437398509664 0.032092037177278154 -0.040273066969842564
1305 1875 1768 3658 4007 3698 3315 1875 2447 3516 3315 1398 4582 3762|0.001 -0.34607018552105795 0.07233065810177353 -0.015200837174564885
1000 1104 533 566 1061 566 302 1116 738 1209 394 1414 1458 1456|0.001 -0.07554945784341571 0.02872944238070607 -0.03719631051226857
566 738 1061 1875 2069 2267 2092 1875 1061 1384 1989 1456 2652 2592|0.001 -0.1115369208575856 0.14719544278932517 -0.012997611588922986
1972 1875 1768 943 696 1305 1768 533 2137 1000 1951 2577 1373 2500|0.001 -0.08237762170575036 0.08228363835315111 -0.00018241503795812797
943 533 1052 696 943 503 371 533 1040 284 1140 1374 745 1069|0.001 -0.012339622821688767 0.07242118766407124 0.009524286069297894
766 1355 1437 1511 1638 1495 1355 533 409 722 766 1071 1537 1873|0.001 -0.03595064813388005 0.08891583074149834 0.03528051405083499
353 1084 662 951 507 270 507 896 478 989 896 1017 1306 378|0.001 -0.04782130843017818 0.1466687009898915 0.021215848572619933
1768 1875 1305 2137 1951 1768 1972 533 943 1000 696 2574 2444 2500|0.001 -0.06916058173047523 0.04519841314260642 -0.0063738442546290575
250 913 468 611 326 441 827 923 468 827 877 1143 1170 642|0.001 -0.060620023610971074 0.13472675661288847 0.04229813959055306
1511 533 1638 766 1437 766 409 1355 1355 722 1495 1916 1972 1975|0.001 -0.05759335811602595 0.047397674842311055 -0.03929802299273644
3658 1875 4007 1305 1768 3315 2447 1875 3315 3516 3698 3492 2574 3757|0.001 -0.18110940506115725 0.06606815690082479 0.016875992385179117
611 923 326 250 468 877 468 913 827 827 441 939 871 1204|0.001 -0.09629412989398012 -0.04024303390363526 -0.14484916133259085
1437 1355 766 3071 2834 2540 2803 1875 2694 2540 1437 1972 2882 2918|0.001 0.030240988861076623 0.20249524961323928 0.036100215094523325
943 533 696 1972 1768 1951 2137 1875 1768 1000 1305 745 2031 2500|0.001 -0.10202141885008453 0.05522419390745492 -0.005913274601134777
951 896 507 353 662 896 478 1084 507 989 270 1030 1267 709|0.001 -0.12637949001707782 -0.018091211556102715 -0.10676740437608023
366 1000 366 1006 1605 1903 1434 1690 1690 1690 1690 1065 2556 2128|0.001 -0.0365115783218628 0.1648017068415042 0.01272706047819705
1681 1596 994 364 1681 1681 364 1426 1681 1892 994 2542 1712 2377|0.001 -0.08429687049750778 0.03600340116995726 -0.3016630534588194
3915 4615 2746 2731 2731 4615 4615 1000 5196 4615 4383 4701 2908 7517|0.001 -0.3677989190215192 0.07169223024845905 -0.018512009590659906
2731 1000 2731 4383 5196 3915 2746 4615 4615 4615 4615 2908 5811 3320|0.001 -0.29083920507196326 0.08807377282844531 -0.004133518624146459
366 1000 366 1903 1434 1006 1605 1690 1690 1690 1690 1065 1216 1158|0.001 -0.10238012250151418 0.25223525335651864 0.034517120145920455
4383 4615 5196 2731 2731 4615 4615 1000 2746 4615 3915 4655 2908 1798|0.001 -0.3773091795294603 0.042442763279038065 0.013251743541609073
888 753 526 192 888 888 192 844 888 528 526 639 896 1256|0.001 -0.0806294175171074 0.049476015147564834 -0.32251927764020416
2731 1000 2731 3915 2746 4383 5196 4615 4615 4615 4615 2908 3163 6980|0.001 -0.43855608824462267 0.04960639381351939 -0.018522376710202737
364 1426 1681 1681 994 994 1681 1596 364 1892 1681 1152 655 1059|0.001 -0.1287744045913708 0.14908054050799313 0.030573048869142472
950 592 595 1000 1000 217 217 1000 1126 592 848 390 1414 1009|0.001 -0.04008246777949309 0.09888637936239508 -0.006756379973009707
1000 1000 1000 595 848 1126 950 217 592 217 592 1414 685 719|0.001 -0.025960292585239797 0.033024904063694294 -0.0054085746637788645
1000 1000 1000 950 595 848 1126 592 217 592 217 1414 1512 685|0.001 -0.04206641624066476 0.08050024434244518 0.006037767528270788
192 844 888 888 526 526 888 753 192 528 888 1118 1447 560|0.001 -0.03032721876683131 0.1325697609198362 0.046746274406039845
1000 1000 1000 1126 950 595 848 217 592 217 592 1414 1259 1512|0.001 -0.01588699635556523 0.056100653139914414 0.006022194157475624
848 592 1126 1000 1000 217 217 1000 595 592 950 1629 1414 1018|0.001 -0.03776135892763377 0.09248631556109776 -0.004698083076989379
1000 1000 1000 848 1126 950 595 592 217 592 217 1414 719 1259|0.001 -0.00984303062343983 0.06405412000858757 0.013312068870257043
3000 1000 3000 693 693 693 693 200 2200 200 2200 3162 825 2661|0.001 -0.022614239018603488 0.04821692646895803 -0.029220943241717867
289 1000 1443 4330 3175 3175 4330 1000 289 1000 1443 1190 3841 3189|0.001 -0.021598069057396918 0.0847021485511501 0.026476570051234827
231 733 231 333 333 67 67 1000 231 733 231 887 1054 275|0.001 -0.05741866886434743 0.10422879915898076 0.0010605482450620762
333 1000 333 231 231 231 231 733 67 733 67 1054 887 275|0.001 -0.07451706526545254 0.07884243694501247 -0.001250704630114674
3000 1000 3000 693 693 693 693 200 2200 200 2200 3162 825 2661|0.001 -0.012658305831366734 0.06885604430493686 0.004594384874405666
231 733 231 333 333 67 67 1000 231 733 231 887 1054 275|0.001 -0.05338768614445821 0.08537384060631314 0.0050712962668697514
289 1000 1443 4330 3175 3175 4330 1000 289 1000 1443 1190 3841 3189|0.001 -0.10142753547025651 0.1382344514947409 0.008267430521857744
333 1000 333 231 231 231 231 733 67 733 67 1054 887 275|0.001 -0.09130078833707866 0.0672766785193657 -0.030871091261384098
4330 1000 3175 289 1443 1443 289 1000 4330 1000 3175 3841 1190 4564|0.001 -0.09362614381687395 0.04417904094852654 -0.41257742603723613
3464 5000 3464 11000 11000 15000 15000 1000 3464 5000 3464 4123 11045 13304|0.001 -0.30379801225656644 0.07144148106499326 0.033656955067584704
91 1000 91 315 315 315 315 1364 455 1364 455 1004 1209 375|0.001 -0.03296311921430539 0.2003479684904219 0.025982319853181668
11000 1000 11000 3464 3464 3464 3464 5000 15000 5000 15000 11045 4123 13304|0.001 -0.20925458758498605 0.1186771349164939 -0.01149317056629906
4330 1000 3175 289 1443 1443 289 1000 4330 1000 3175 3841 1190 4564|0.001 -0.09305968569615297 0.0462757732160779 -0.38590629257271747
91 1000 91 315 315 315 315 1364 455 1364 455 1004 1209 375|0.001 -0.08852451593252098 0.13516529196102578 0.014121900241557128
3464 5000 3464 11000 11000 15000 15000 1000 3464 5000 3464 4123 11045 13304|0.001 -0.3242149308252884 0.016693267878438167 -0.03215332964636275
11000 1000 11000 3464 3464 3464 3464 5000 15000 5000 15000 11045 4123 13304|0.001 -0.5023319723219688 0.029455707294228084 -0.022532190907025296
354 500 354 354 354 66 66 1000 326 500 326 791 1061 391|0.001 -0.04040593629594191 0.0901911665782662 -0.0014158398981978237
2828 1000 2828 1000 921 921 1000 187 1414 187 1414 3000 1106 2202|0.001 -0.015473568868383802 0.03779663908543229 -0.014402973633615979
187 921 1000 2828 1414 1414 2828 1000 187 921 1000 1106 2236 1427|0.001 -0.016240427846390126 0.08068133430260582 0.029404902660357113
354 1000 354 354 354 326 326 500 66 500 66 1061 791 391|0.001 -0.015444959402375336 0.07276577355954217 0.010747605000023253
7542 1000 7542 5333 4910 4910 5333 5333 15085 5333 15085 7608 5333 11743|0.001 -0.09852247601728092 0.15801990670855082 0.013915201576129022
2828 1000 1414 187 1000 1000 187 921 2828 921 1414 2236 1000 3000|0.001 -0.10310876854536355 -0.02203130959673838 -0.46394577138027193
133 1000 133 707 707 651 651 2000 707 2000 707 1009 1581 707|0.001 -0.05129718605614064 0.14958723048659417 0.007690352293769909
4910 5333 5333 7542 7542 15085 15085 1000 4910 5333 5333 5333 7608 11743|0.001 -0.2688353122528575 0.12609456595638502 0.04972765925961298
354 1000 354 326 326 354 354 500 66 500 66 1061 778 354|0.001 -0.06709759886523226 0.04825102607279197 -0.03861992872982278
2828 1000 2828 921 1000 1000 921 187 1414 187 1414 3000 1000 2236|0.001 -0.014469274140322952 0.038378596710102464 0.0004476553027421559
204 1086 1086 3072 1536 1536 3072 1000 204 1086 1086 1086 2391 1549|0.001 -0.05016990232848739 0.11024358034853243 0.02805721475699352
326 500 326 354 354 66 66 1000 354 500 354 778 1061 354|0.001 -0.02484644713960482 0.10129421989404364 0.0027044241292339954
5333 5333 4910 7542 7542 15085 15085 1000 5333 5333 4910 5897 7608 11926|0.001 -0.5394231630181057 0.0020352009468238563 -0.0258319061469503
3072 1000 1536 204 1086 1086 204 1086 3072 1086 1536 2391 1201 3258|0.001 -0.08792918607562372 0.013728318931705008 -0.4136322057845154
133 1000 133 651 651 707 707 2000 707 2000 707 1009 1557 782|0.001 -0.14675573511791828 -0.006477613670965443 -0.02397734466801804
7542 1000 7542 4910 5333 5333 4910 5333 15085 5333 15085 7608 5897 11926|0.001 -0.5791427360388091 -0.004390478684567212 -0.039175679462643
2719 1000 906 273 513 513 273 1096 2719 1096 906 1861 1253 2766|0.001 -0.049608182555117564 0.029334305462929144 -0.041277499027289055
4007 1875 3658 3315 3315 9944 9944 1000 4007 1875 3658 4582 3462 7001|0.001 -0.20803065241630336 0.05183048006579982 -0.0384379333772622
302 1000 302 1104 1104 1209 1209 3000 566 3000 566 1045 2054 1382|0.001 -0.0560931751438809 0.1513193860863904 0.009790110697143195
368 333 368 189 189 101 101 1000 403 333 403 685 1018 351|0.001 -0.040474000074132155 0.06569337767649452 -0.0002950440395654841
5303 1000 5303 1951 2137 2137 1951 533 1768 533 1768 5397 1862 3734|0.001 -0.05839522090110183 0.06764822373754864 -0.007151559264956253
273 1096 513 2719 906 906 2719 1000 273 1096 513 955 1861 947|0.001 -0.07700153351145933 0.14643838160841582 0.06773453582556099
906 1000 2719 513 273 273 513 1096 906 1096 2719 1861 955 947|0.001 -0.11712367620956732 0.10441312167658978 0.06413339144990537
189 1000 189 368 368 403 403 333 101 333 101 1018 685 351|0.001 -0.024677932518913925 0.05596236637809504 -0.012307880423232387
2137 533 1951 5303 5303 1768 1768 1000 2137 533 1951 1862 5397 3734|0.001 -0.05168823539767775 0.08047310510336692 0.006931020709108893
1104 3000 1104 302 302 566 566 1000 1209 3000 1209 2054 1045 1382|0.001 -0.27701547112619407 0.061997809698761674 -0.0482431505266645
513 1096 273 906 2719 2719 906 1000 513 1096 273 1253 1861 2766|0.001 -0.11565977358850121 -0.036812529652332504 -0.23291951625553087
3315 1000 3315 3658 4007 4007 3658 1875 9944 1875 9944 3462 4582 7001|0.001 -0.0992637489127135 0.08492777544136798 0.005894078354755639
3315 1000 3315 4007 3658 3658 4007 1875 9944 1875 9944 3462 3492 6807|0.001 -0.052738498533084766 0.1348906394110383 0.01176127073397426
468 913 250 827 2481 2481 827 1000 468 913 250 871 1747 2525|0.001 -0.06804306522267156 0.05026019965422179 -0.13345732988703785
1209 3000 1209 302 302 566 566 1000 1104 3000 1104 2112 1045 1053|0.001 -0.15769640105621763 0.04971348102648321 -0.025055409729631828
1951 533 2137 5303 5303 1768 1768 1000 1951 533 2137 2444 5397 3631|0.001 -0.044844233146761336 0.06779577266936565 0.0022506492666796163
189 1000 189 403 403 368 368 333 101 333 101 1018 704 461|0.001 -0.03471782711740423 0.04460440178722269 0.013133663535804807
827 1000 2481 468 250 250 468 913 827 913 2481 1747 1143 864|0.001 -0.05715196793625199 0.097761894726629 0.027101331734957768
5303 1000 5303 2137 1951 1951 2137 533 1768 533 1768 5397 2444 3631|0.001 -0.004527466546007108 0.11168081678421204 0.024571511495834475
403 333 403 189 189 101 101 1000 368 333 368 704 1018 461|0.001 -0.04310685548997051 0.043127808999647854 0.0016267162803718094
250 913 468 2481 827 827 2481 1000 250 913 468 1143 1747 864|0.001 -0.052580410425815405 0.1302967380076514 0.05091236128337728
3658 1875 4007 3315 3315 9944 9944 1000 3658 1875 4007 3492 3462 6807|0.001 -0.16989167344471645 0.08899208448407858 -0.07181894288869839
302 1000 302 1209 1209 1104 1104 3000 566 3000 566 1045 2112 1053|0.001 -0.22467075481066856 0.04748755285402417 -0.00988626698995132
2481 1000 827 250 468 468 250 913 2481 913 827 1747 871 2525|0.001 -0.052788941084733754 0.0053670739806666035 -0.056301832757984505
3000 1000 3000 693 1299 1061 566 817 2250 738 2600 3162 1090 3182|0.001 -0.04268012440286406 0.09169398147772068 -0.03500231774875351
1179 1875 1443 4330 3753 3248 4330 816 1066 1531 1443 1573 4406 3901|0.001 -0.09868778290615388 0.08765419235085448 0.027964647358573735
189 867 231 333 333 246 272 1000 354 750 433 1018 1054 264|0.001 -0.019537633816253397 0.15747216796687225 0.03161375577403813
333 1000 333 433 354 189 231 750 246 867 272 1054 1061 485|0.001 -0.08506191936300089 0.054986794033451414 0.011186943232477375
1732 816 2309 770 629 568 770 533 2001 435 2309 2449 1162 1823|0.001 -0.021418015825889203 0.11196961185511167 0.007176650940245999
693 817 1299 3000 3000 2600 2250 1000 566 738 1061 1510 3162 3053|0.001 -0.08280356131742161 0.09285985297225796 -0.01314722243605404
3000 1000 3000 1061 566 693 1299 738 2600 817 2250 3162 1456 2661|0.001 -0.0039028598900103795 0.12480829369656998 0.027293177273228775
433 750 354 333 333 272 246 1000 231 867 189 829 1054 503|0.001 -0.05209702892005619 0.054444715241670494 -0.004836327410587815
696 533 943 2828 2121 2451 2828 1225 770 653 943 1373 2345 2548|0.001 -0.06308782658190681 0.01332227314984058 -0.004485593032620416
333 1000 333 189 231 433 354 867 272 750 246 1054 887 363|0.001 -0.09448602871457212 0.0011318197218335158 -0.026168083777426965
1061 738 566 3000 3000 2250 2600 1000 1299 817 693 791 3162 2487|0.001 -0.06434462335175084 0.05581329205197383 0.01670422774921798
4596 1225 5303 1768 1305 1444 1768 1875 3977 2296 5303 4704 1398 4186|0.001 -0.19655423978215958 0.10283222860112629 -0.01199165819849024
4330 816 3753 1179 1443 1443 1066 1875 4330 1531 3248 3841 2179 4564|0.001 -0.2097888588104846 0.00013364129769488642 -0.03268424218489607
1590 1224 848 3182 2754 3672 3672 904 1298 1224 692 1848 3308 3045|0.001 -0.010682160548187714 0.12405551963921013 0.012276474950376759
284 865 314 266 218 408 500 1154 385 1154 385 1040 1023 560|0.001 -0.10136752781231939 0.09940732083923987 -0.014247800230751118
770 533 629 1732 2309 2309 2001 816 770 435 568 839 1915 2434|0.001 -0.07364315198839289 0.01204875092430946 -0.03162549254238867
471 1333 577 363 328 444 444 1156 251 1333 308 1106 1052 351|0.001 -0.14386530566127154 0.049196832330533624 0.00274021200058705
3182 904 2754 1590 848 692 1298 1224 3672 1224 3672 2898 1334 3257|0.001 0.007662889929911376 0.09553524306050276 0.0312139766785946
2828 1225 2121 696 943 943 770 533 2828 653 2451 3000 745 2981|0.001 -0.02944463069644354 0.0400313395151497 0.0031468921520172444
363 1156 328 471 577 308 251 1333 444 1333 444 1201 1414 484|0.001 -0.09526589434503796 0.07875198874283118 0.0050565132124957834
766 1355 1437 3048 3522 4064 4064 1107 938 1355 1760 1071 3661 4135|0.001 -0.08918461545260326 0.0568698464567996 -0.038214786220091
1768 1875 1305 4596 5303 5303 3977 1225 1768 2296 1444 2574 5397 5590|0.001 -0.1664679951989234 0.08148240318308408 -0.01690176661790166
266 1154 218 284 314 385 385 865 500 1154 408 1174 911 581|0.001 -0.04969526501314103 0.05622719328935988 -0.007109183840180444
3048 1107 3522 766 1437 1760 938 1355 4064 1355 4064 3208 1972 4310|0.001 -0.07829416710643189 0.07831714605799789 -0.054153374198770976
625 1000 625 573 573 573 573 333 625 333 625 1179 814 848|0.001 -0.01556201321887607 0.07411882438937978 0.015535272882363227
581 1000 1744 1090 1090 1090 1090 1000 581 1000 1744 1419 1479 1235|0.001 -0.13427973960122408 0.12042580381136592 -0.020139594141377337
918 1000 918 1600 1600 533 533 1000 918 1000 918 1357 1887 1302|0.001 -0.07751867780890653 0.10274726995491257 0.00952783084509301
1600 1000 1600 918 918 918 918 1000 533 1000 533 1887 1357 1302|0.001 -0.060253735090302074 0.08814675775745018 -0.00607345713431906
573 333 573 625 625 625 625 1000 573 333 573 814 1179 848|0.001 -0.05557773157971235 -0.006368094392653623 -0.03472736913008867
625 1000 625 573 573 573 573 333 625 333 625 1179 814 848|0.001 -0.03393115134656788 0.06101181173961523 -0.01417816324406962
918 1000 918 1600 1600 533 533 1000 918 1000 918 1357 1887 1302|0.001 -0.11468577569079708 0.0703730942592129 0.0023068155401095858
581 1000 1744 1090 1090 1090 1090 1000 581 1000 1744 1419 1479 1235|0.001 -0.036332584383477196 0.11267912473646335 0.010975993325821332
1600 1000 1600 918 918 918 918 1000 533 1000 533 1887 1357 1302|0.001 -0.07444118337177619 0.04142926220086274 0.01703312597474138
573 333 573 625 625 625 625 1000 573 333 573 814 1179 848|0.001 -0.05127045895845672 -0.02110370605756362 -0.03127002676313162
1090 1000 1090 581 1744 1744 581 1000 1090 1000 1090 1479 1419 2056|0.001 -0.0779556899083289 0.11357308401101607 -0.15686252870196093
1720 3000 1720 1875 1875 1875 1875 1000 1720 3000 1720 2441 2125 2545|0.001 -0.2713581241393326 0.03335863503964864 -0.001800028599782122
533 1000 533 918 918 918 918 1000 1600 1000 1600 1133 1357 1302|0.001 -0.06264026789632782 0.08886922105913797 0.016165893636612694
1744 1000 581 1090 1090 1090 1090 1000 1744 1000 581 1419 1479 2056|0.001 -0.024495892689662124 0.08494855555323255 0.02369856169431639
1875 1000 1875 1720 1720 1720 1720 3000 1875 3000 1875 2125 2441 2545|0.001 -0.32379814830231224 0.014256330720565646 0.00249921931845698
1090 1000 1090 581 1744 1744 581 1000 1090 1000 1090 1479 1419 2056|0.001 -0.08544739621908937 0.09487368738434032 -0.172799206014983
533 1000 533 918 918 918 918 1000 1600 1000 1600 1133 1357 1302|0.001 -0.09114010795733152 0.0653785153622155 -0.009077223602806939
1720 3000 1720 1875 1875 1875 1875 1000 1720 3000 1720 2441 2125 2545|0.001 -0.21518950280282945 0.0782135331097944 -0.0074144379165375085
1744 1000 581 1090 1090 1090 1090 1000 1744 1000 581 1419 1479 2056|0.001 -0.0023450743529784823 0.09818392144408383 0.011439136593984767
1875 1000 1875 1720 1720 1720 1720 3000 1875 3000 1875 2125 2441 2545|0.001 -0.02683514761613326 0.16448203705610398 0.020246802896950467
2719 1000 906 335 628 513 273 960 2356 1096 713 1861 1022 2766|0.001 -0.059317366251966375 0.00310218624681724 -0.05148879863545619
302 787 370 1104 1104 1209 1060 3000 566 2600 693 1045 2054 1382|0.001 -0.2870994775650737 0.054652428693136024 -0.0023865272588863284
368 333 368 231 189 101 123 867 403 262 353 685 1018 351|0.001 -0.034093417879981214 0.04831753739821698 0.0030179592872214833
3753 816 4330 1593 1530 1745 1593 533 1135 435 1443 4406 1815 2509|0.001 -0.06505271221132869 0.05212436640406937 0.00887290512691985
335 960 628 2719 906 713 2356 1000 273 1096 513 1140 1861 947|0.001 -0.0019591244754013637 0.12241802297463078 0.017698263710277384
906 1000 2719 513 273 335 628 1096 713 960 2356 1861 955 763|0.001 -0.097655557521239 0.10211630143014627 0.0525959416981836
231 867 189 368 368 353 403 333 123 262 101 887 685 419|0.001 -0.022957921756014965 0.06246851774817985 0.024852230973051448
2137 533 1951 5303 4596 1391 1768 1225 1873 653 1951 1862 4704 3379|0.001 -0.04391239553904969 0.08634561446910105 -0.0016202231407569379
1104 3000 1104 302 370 693 566 787 1060 2600 1209 2054 843 1127|0.001 0.012155566437577203 0.14050467128920996 0.10011960652369645
513 1096 273 906 2719 2356 713 1000 628 960 335 1253 1861 2411|0.001 -0.061809124033149754 0.05453790395267388 -0.1296736531952214
2607 1225 3315 3658 4007 3513 3658 1875 8618 2296 9944 2793 4582 5762|0.001 -0.07449962718883651 0.11090894244281557 0.003104013453965049
2706 816 2129 2868 2987 2987 3272 1875 8119 1531 7036 2280 3404 5558|0.001 -0.13512344429654877 0.039285135819888684 -0.0032936565405805585
654 1041 349 742 2453 2831 944 1141 534 1041 285 1187 1804 2511|0.001 -0.09684783526802798 -0.008209838971808825 -0.220406816024048
1537 3305 1347 470 384 719 881 1271 1403 3814 1403 2430 1071 1339|0.001 -0.1131794539016251 0.04998728844875178 -0.0023579418920238737
1593 533 1530 3753 4330 1443 1135 816 1593 435 1745 1627 3841 2964|0.001 -0.050689209307874794 0.07265671101056137 -0.011925688682057345
218 1154 266 408 465 424 424 303 116 385 142 1023 669 532|0.001 -0.014032212354841977 0.08189283773880396 -0.004286992725796024
742 1141 2453 654 349 285 534 1041 944 1041 2831 1640 1064 795|0.001 -0.03624942953777244 0.1243328954531786 0.012777383078070859
5303 1225 4596 2137 1951 1951 1873 533 1768 653 1391 5397 2444 3631|0.001 -0.012797281242095115 0.10133874859690195 -0.005209237484636864
408 303 465 218 266 142 116 1154 424 385 424 735 1174 434|0.001 -0.04671168889099242 0.051088472187346134 0.0009526288503902691
3658 1875 4007 2607 3315 9944 8618 1225 3658 2296 3513 3492 3462 6807|0.001 -0.19948409819073087 0.00416674335067535 -0.16485898064475646
470 1271 384 1537 1347 1403 1403 3305 881 3814 719 1328 2210 1599|0.001 -0.35055929984779133 0.05909591643352918 -0.032840844245911605
2151 877 651 250 468 573 306 913 2481 913 827 1438 871 2525|0.001 -0.05101952424061973 -0.006388408508138932 -0.048314113742395914
1000 1000 1000 1299 693 87 693 817 817 817 817 1414 1510 1052|0.001 -0.013984809095159978 0.09031327356577634 0.029559235644327497
693 817 1299 1000 1000 817 817 1000 87 817 693 1510 1414 1052|0.001 -0.07490132531996485 0.13031383130574392 0.014179769161701827
1179 125 1443 1443 1179 1179 1443 1875 1179 1000 1443 1519 1573 2041|0.001 -0.11602163904275598 0.036691876883259145 0.007436322979865739
1299 817 693 1000 1000 817 817 1000 693 817 87 1090 1414 1510|0.001 -0.008992639498238697 0.08820643527423622 0.006015281228874958
1000 1000 1000 87 693 1299 693 817 817 817 817 1414 825 1090|0.001 -0.09844678210352953 0.06378092345062036 -0.8198726678392276
9434 8000 11547 11547 9434 9434 11547 8000 9434 15000 11547 9522 9522 9452|0.001 -1.565589804150439 0.049650956780942224 -0.033557276918442236
1000 1000 1000 693 1299 693 87 817 817 817 817 1414 1090 1510|0.001 -0.09654787803257903 0.08165860312810747 -0.08109905269507389
87 817 693 1000 1000 817 817 1000 693 817 1299 1052 1414 825|0.001 -0.004107619435489429 0.11128005050886847 0.008235033370032063
1179 1875 1443 1443 1179 1179 1443 125 1179 1000 1443 1573 1519 2041|0.001 -0.10715930896259107 0.020019632950569743 -0.030062385291993454
848 1224 1590 1000 1000 1224 1224 1000 106 1224 848 1334 1002 1009|0.001 -0.0009338162271832484 0.10912724985893796 0.04392943606156052
1000 1000 1000 1590 848 106 848 1224 1224 1224 1224 1002 1334 1009|0.001 -0.04407281138124164 0.10061680175126542 0.025069037763010282
1443 1875 1179 1179 1443 1443 1179 125 1443 1000 1179 2179 1190 2041|0.001 -0.059231975586011565 0.07847016755536673 -0.02067184343637951
106 1224 848 1000 1000 1224 1224 1000 848 1224 1590 1009 1731 1288|0.001 -0.05604890801779283 0.15723531659258105 0.03196066729693747
1000 1000 1000 848 1590 848 106 1224 1224 1224 1224 1731 1848 1334|0.001 -0.09015475707742415 0.09126659254132585 -0.08063630888224038
11547 8000 9434 9434 11547 11547 9434 8000 11547 15000 9434 12152 12152 16330|0.001 -1.4717659089657353 0.09006571962384857 0.0007792402018336198
1000 1000 1000 106 848 1590 848 1224 1224 1224 1224 1002 1288 1848|0.001 -0.09102625362462868 0.0125251435917062 -0.9902140002808557
1443 125 1179 1179 1443 1443 1179 1875 1443 1000 1179 1190 2179 2041|0.001 -0.10719404247330644 0.008449399059633489 -0.013029408230110784
1590 1224 848 1000 1000 1224 1224 1000 848 1224 106 1848 1731 1334|0.001 -0.017493744991639026 0.08302370280427684 0.017485604461933146
1000 1000 1000 87 87 87 87 900 900 900 900 1414 953 953|0.001 -0.07342230315266596 0.047468672166794956 -0.017887526763131767
10392 1000 11547 11547 10392 10392 11547 1000 10392 1000 11547 11000 11000 14697|0.001 -0.058520769720749044 0.10717304596165267 -0.0019448058526505552
87 900 87 1000 1000 900 900 1000 87 900 87 953 1414 953|0.001 -0.051669163589239675 0.0928710466456173 0.01372491586684621
1000 1000 1000 87 87 87 87 900 900 900 900 1414 953 953|0.001 -0.047635456143804156 0.05734459292014327 0.006952542136560158
10392 1000 11547 11547 10392 10392 11547 1000 10392 1000 11547 11000 11000 14697|0.001 -0.07847776759252412 0.0598552294045529 0.006656632950186037
87 900 87 1000 1000 900 900 1000 87 900 87 953 1414 953|0.001 -0.046689178966089484 0.11506986891143267 -0.0029572541271349895
1000 1000 1000 87 87 87 87 900 900 900 900 1414 953 953|0.001 0.004944388680210299 0.10990373282669719 0.011938915347411427
87 900 87 1000 1000 900 900 1000 87 900 87 953 1414 953|0.001 -0.06135280229864426 0.05429869250948682 -0.007957225960847358
10392 1000 11547 11547 10392 10392 11547 1000 10392 1000 11547 11000 11000 14697|0.001 -0.08901477913333733 0.041926807285790346 -0.0018861389586410926
1000 1000 1000 87 87 87 87 900 900 900 900 1414 953 953|0.001 -0.08510462223957349 0.028923653266372806 -0.022072803266341978
87 900 87 1000 1000 900 900 1000 87 900 87 953 1414 953|0.001 -0.05088758049163644 0.12641079274867462 0.020772483778732642
10392 1000 11547 11547 10392 10392 11547 1000 10392 1000 11547 11000 11000 14697|0.001 0.014894686203816843 0.1660514399377755 0.05611664099977043
11547 1000 10392 10392 11547 11547 10392 1000 11547 1000 10392 11000 11000 16330|0.001 -0.0674564062773475 0.08607165349057144 -0.029382075454397194
96 1111 96 1000 1000 1111 1111 1000 96 1111 96 1058 1414 1058|0.001 -0.12236978192350478 0.03223797800532946 -0.040452311102089356
1000 1000 1000 96 96 96 96 1111 1111 1111 1111 1414 1058 1058|0.001 -0.08551276686275533 0.08359731966735673 0.00160636241069545
11547 1000 10392 10392 11547 11547 10392 1000 11547 1000 10392 11000 11000 16330|0.001 -0.07639424436039377 0.07756997327607262 -0.004568692808667452
96 1111 96 1000 1000 1111 1111 1000 96 1111 96 1058 1414 1058|0.001 -0.04921288042099792 0.12361279424995875 0.0064176136022808805
1000 1000 1000 96 96 96 96 1111 1111 1111 1111 1414 1058 1058|0.001 -0.09626032470401724 0.030303038077288402 -0.011107730008995675
11547 1000 10392 10392 11547 11547 10392 1000 11547 1000 10392 11000 11000 16330|0.001 -0.06167500419435701 0.06497050027497897 0.007009471504462184
1000 1000 1000 96 96 96 96 1111 1111 1111 1111 1414 1058 1058|0.001 -0.06047723812463213 0.111746046980441 0.014097408376287923
96 1111 96 1000 1000 1111 1111 1000 96 1111 96 1058 1414 1058|0.001 -0.03861379298588874 0.1325986101978871 0.029611928570794088
11547 1000 10392 10392 11547 11547 10392 1000 11547 1000 10392 11000 11000 16330|0.001 -0.09910449428769064 0.02625675881688272 -0.030100572452732566
96 1111 96 1000 1000 1111 1111 1000 96 1111 96 1058 1414 1058|0.001 -0.13112554121668452 0.003485412215351591 -0.03665387643976281
1000 1000 1000 96 96 96 96 1111 1111 1111 1111 1414 1058 1058|0.001 -0.15745501251290928 -0.01607430981566349 -0.03906385677878821
245 1000 1102 1102 2693 2693 1102 1000 245 1000 1102 1127 1992 2704|0.001 -0.06823430291533206 0.11292318321285633 -0.12404027187281619
908 2444 908 1000 1000 222 222 1000 908 2444 908 1808 1414 1023|0.001 -0.1839480461394194 0.08028893673835746 0.0028590082759971658
1000 1000 1000 908 908 908 908 2444 222 2444 222 1414 1808 1023|0.001 -0.18010688644073736 0.08206154303183277 0.007359714959787045
908 2444 908 1000 1000 222 222 1000 908 2444 908 1808 1414 1023|0.001 -0.1742725241357057 0.08018732396071204 0.0041216310586289495
245 1000 1102 1102 2693 2693 1102 1000 245 1000 1102 1127 1992 2704|0.001 -0.07960427551126248 0.13616170072090927 -0.10042331271233884
1000 1000 1000 908 908 908 908 2444 222 2444 222 1414 1808 1023|0.001 -0.1933645977261922 0.04848468666112549 0.01841547435739832
1102 1000 2693 245 1102 1102 245 1000 1102 1000 2693 1992 1127 1558|0.001 -0.07367158973240695 0.12022213932189274 -0.27747193079189714
4085 4500 4085 11000 11000 4500 4500 1000 4085 4500 4085 4603 11045 8136|0.001 -0.3648399115062506 0.05321795543178576 0.00686030836158702
11000 1000 11000 4085 4085 4085 4085 4500 4500 4500 4500 11045 4603 8136|0.001 -0.30082881449825516 0.09844703107962038 -0.014708038933560763
1102 1000 2693 245 1102 1102 245 1000 1102 1000 2693 1992 1127 1558|0.001 -0.07742638207619335 0.1254605131537434 -0.28267546494413875
4085 4500 4085 11000 11000 4500 4500 1000 4085 4500 4085 4603 11045 8136|0.001 -0.2954816544884886 0.0628465084160168 0.00614650146503859
11000 1000 11000 4085 4085 4085 4085 4500 4500 4500 4500 11045 4603 8136|0.001 -0.25413106765646565 0.09829297997406394 0.029251330252975105
1000 1000 1000 245 1836 2693 1102 1000 1000 1000 1000 1731 1204 2438|0.001 -0.09147749026003127 0.06560215553629067 -0.6320139565134519
4085 7500 4085 4085 4085 4085 4085 4500 4085 11000 4085 4918 4603 7071|0.001 -1.0386027809853493 0.025354557950683088 -0.019067194818576105
908 222 908 908 908 908 908 2444 908 1667 908 1023 1808 909|0.001 -0.1779159167898814 0.03339467833612053 -0.0014347024760841265
2693 1000 1102 1000 1000 1000 1000 1000 1836 1000 245 1992 1002 2438|0.001 0.00023660248602341838 0.11825955690087486 0.009312953785920453
245 1000 1102 1000 1000 1000 1000 1000 1836 1000 2693 1127 1002 1204|0.001 -0.07982130182870195 0.10455859338453388 -0.0016251674661138527
908 2444 908 908 908 908 908 222 908 1667 908 1808 1023 909|0.001 -0.11176935731280202 0.04359235392820571 -0.011164725170244028
1000 1000 1000 1102 2693 1836 245 1000 1000 1000 1000 1002 1992 2438|0.001 -0.08657207204042727 0.09071693799798775 -0.12985761675434415
4085 4500 4085 4085 4085 4085 4085 7500 4085 11000 4085 4603 4918 7071|0.001 -0.7809815838709278 0.03906869143944558 -0.0022719552605610094
1000 1000 1000 245 1102 2693 1836 1000 1000 1000 1000 1731 1127 1992|0.001 -0.1460291128740232 -0.010810384373417525 -0.908871069028796
245 1000 1836 1000 1000 1000 1000 1000 1102 1000 2693 1204 1002 1127|0.001 -0.017751343493697114 0.10838300089186514 0.016036284061324846
1000 1000 1000 1836 2693 1102 245 1000 1000 1000 1000 1002 2438 1992|0.001 -0.087920575242455 0.09231826465261106 -0.03846366037692728
545 1467 545 545 545 545 545 133 545 600 545 1328 656 546|0.001 -0.05493342734700479 0.03490944866896717 -0.03243432608025287
1000 1000 1000 2693 1102 245 1836 1000 1000 1000 1000 1731 1992 1127|0.001 0.019534084240033778 0.14079637271273704 0.0301653020697068
1836 1000 2693 1000 1000 1000 1000 1000 245 1000 1102 2438 1731 1204|0.001 -0.006420465051591995 0.11470489329680644 0.0550574492390421
1102 1000 2693 1000 1000 1000 1000 1000 245 1000 1836 1992 1731 1127|0.001 -0.015145702081835744 0.11528217143779163 0.037261665678145484
1000 1000 1000 2693 1836 245 1102 1000 1000 1000 1000 1731 2438 1204|0.001 -0.041100709143491176 0.09515585773780089 0.013912260978776736
545 133 545 545 545 545 545 1467 545 600 545 656 1328 546|0.001 -0.06828171885208789 0.005811969172226927 -0.023564533547533184
2693 1000 1836 1000 1000 1000 1000 1000 1102 1000 245 2438 1002 1992|0.001 -0.027372430783990653 0.08729182366965293 0.017966131452678002
1104 533 1000 1061 566 302 566 1116 956 595 738 1133 1149 1317|0.001 -0.05328034919634961 0.08656406475689549 0.018691318626391507
1052 533 943 943 696 901 1040 533 561 284 503 1083 1373 836|0.001 -0.02638950792946737 0.06239805833281542 -0.006128173370090195
566 738 1061 1000 533 595 1116 1104 302 956 566 1456 1133 613|0.001 -0.11231675422567422 0.06736347385234209 0.061981361345579966
1690 533 1951 1768 1972 1052 943 1875 1305 1000 1768 2329 2577 2500|0.001 -0.05321081865041988 0.08966422464650625 0.000313515487984084
1061 1116 566 1104 1000 738 956 533 566 595 302 1458 1414 1456|0.001 -0.03121253997301121 0.05176371677683811 -0.0033135882112400594
1875 1875 2069 566 1061 1989 1061 1116 1384 2092 1793 2125 1458 1482|0.001 -0.20877090180517088 -0.005910883646945697 -0.27624108670254555
513 866 273 483 906 1011 539 906 961 669 513 778 1027 1321|0.001 -0.0654933522390766 -0.023722132766014203 -0.0558662559672396
1972 1875 1768 3658 3169 2447 3315 1875 3698 3516 3315 2577 2847 2941|0.001 -0.3073353547208957 0.09091349612557531 0.01850035997857047
1000 1104 533 566 1061 566 302 738 1116 956 595 1414 791 1149|0.001 -0.0750545637847233 0.02995526196738263 -0.04147513418506832
566 1116 1061 1875 2069 1793 1384 1875 1061 2092 1989 1149 2652 1611|0.001 -0.10925183231744073 0.19566209798320022 0.02934793849580064
1305 1875 1768 943 1052 1972 1768 533 1690 1000 1951 1398 1083 2500|0.001 -0.09113654619525624 0.08499118318429089 0.0356151513220504
943 533 696 1052 943 503 561 533 1040 284 901 745 1374 1069|0.001 -0.02791091078728547 0.05840627045130553 0.005483887652446562
507 896 951 662 857 989 896 533 270 478 507 1306 795 770|0.001 -0.011771706411499716 0.10469500596906656 0.026992213975434165
806 1295 1511 1437 766 409 766 1355 722 1495 1355 1202 1071 1053|0.001 -0.001165499341891918 0.14512094750987803 0.02193114402075036
1768 1875 1972 1690 1951 1768 1305 533 943 1000 1052 2031 1518 2500|0.001 -0.0825292845535619 0.057525018769919445 0.0003227734151312056
316 1154 592 1167 622 558 1046 772 592 1046 1109 898 1479 641|0.001 -0.12244174871062885 0.11917615015184513 0.04087475544204189
662 533 857 507 951 507 270 896 896 478 989 1267 1030 709|0.001 -0.028682158909941746 0.09189880643060144 -0.016012995498264626
3658 1875 3169 1972 1768 3315 3698 1875 3315 3516 2447 4367 2031 3757|0.001 -0.04144254814971271 0.14937430839505828 0.06711007269486258
1167 772 622 316 592 1109 592 1154 1046 1046 558 928 1378 1202|0.001 -0.05153325348820181 0.05550590156752966 -0.06848152496513826
951 896 507 1607 1241 1680 1854 1875 1782 1680 951 1030 1491 2447|0.001 -0.17782330829195225 -0.08133194215483197 0.0021794140556474773
943 533 1052 1305 1768 1951 1690 1875 1768 1000 1972 1374 2574 2500|0.001 -0.11905470508473126 0.018165260465281552 -0.016439763967153187
1437 1355 766 806 1511 1355 722 1295 766 1495 409 1972 1916 1975|0.001 -0.08527595137807098 0.01156250552890592 -0.07479999859734021
1875 1000 1875 1061 566 566 1061 1116 1075 1116 375 2125 1149 1528|0.001 -0.049969028171746865 0.0803583982751821 0.051805954337922344
566 200 566 533 533 595 595 1000 302 573 302 721 1133 613|0.001 -0.058158240824385254 0.061167006799163204 -0.020808356878002643
1900 1000 3315 1768 1972 1972 1768 1875 663 1875 3315 2702 2577 2269|0.001 -0.0857263402797026 0.1050780230443138 -0.0031350713309452605
1061 1116 566 1875 1875 375 1075 1000 1061 1116 566 1458 2125 1352|0.001 -0.060421106093266896 0.019710410060074235 0.027366983711789583
1875 1000 1875 566 1061 1061 566 1116 375 1116 1075 2125 1458 1352|0.001 -0.10534401399976412 0.11985997082503808 -0.10078035636441829
302 573 302 533 533 595 595 1000 566 200 566 815 1133 777|0.001 -0.024697394280513985 0.012571894328963218 -0.007044657750258088
1972 1875 1768 3315 1900 663 3315 1000 1972 1875 1768 2577 2702 2269|0.001 -0.01842848933644503 0.12592926218269795 0.046137714183742684
533 1000 533 566 566 302 302 200 595 573 595 1133 721 613|0.001 -0.04133400522772557 0.05203917450518514 -0.002388359620483227
566 1116 1061 1875 1875 1075 375 1000 566 1116 1061 1149 2125 1528|0.001 -0.08223754337842282 0.1266080373599432 -0.02693961449426796
354 1000 1768 943 1052 1052 943 533 1014 533 1768 1275 1083 1210|0.001 -0.07712919130030582 0.09599490275660871 -0.056200141566180584
1768 1000 354 1052 943 943 1052 533 1768 533 1014 1275 1374 2003|0.001 -0.009818044466280984 0.09778658945817087 0.006856741577319081
507 896 951 336 963 1680 1680 1000 507 896 951 1306 1151 1370|0.001 -0.09661256634465598 0.07687202682335581 -0.25097566274894123
2975 2867 2975 2828 2828 1508 1508 5000 2667 5000 2667 3423 3606 3887|0.001 -0.2945331110960925 0.0993507792595838 -0.004106732428551529
1768 1875 1972 1900 3315 3315 663 1000 1768 1875 1972 2031 2702 3757|0.001 -0.1425863459475829 0.0890896942567676 -0.11397581168594906
526 1744 526 1038 1038 930 930 349 987 1744 987 1422 1194 1069|0.001 -0.14056947976051837 0.00977077158876627 -0.012741833873831654
336 1000 963 507 951 951 507 896 1680 896 1680 1151 1030 1212|0.001 -0.0574472409561011 0.10747486679401064 -0.035526280990253456
3315 1000 1900 1972 1768 1768 1972 1875 3315 1875 663 2702 2031 3757|0.001 -0.07095738059254453 0.041988089725304434 0.01625764259278073
1038 349 1038 526 526 987 987 1744 930 1744 930 1194 1422 1069|0.001 -0.20474945532813593 0.03173685938083759 -0.043565044645546
943 533 1052 354 1768 1768 1014 1000 943 533 1052 1374 1275 2003|0.001 -0.06365127558972117 0.03880941215839817 -0.2661869890414814
2828 5000 2828 2975 2975 2667 2667 2867 1508 5000 1508 3606 3423 3887|0.001 -0.1323603074702029 0.10474803896962204 0.018819339709068572
250 1000 250 1021 1604 1604 1021 1875 1875 1875 1875 1031 2490 1744|0.001 -0.121059545760962 -0.04469640834594113 -0.013710137650436716
1836 1571 979 245 1836 1836 245 1000 1836 1571 979 2438 1204 2596|0.001 -0.08815595231123408 0.01836489580289813 -0.5829332586677005
4085 7500 4085 4000 4000 7500 7500 1000 6418 7500 6418 4918 4123 9959|0.001 -0.27528013823248654 0.12049826663625751 0.0584213469282191
4000 1000 4000 6418 6418 4085 4085 7500 7500 7500 7500 4123 6978 4323|0.001 -0.5034833154694474 0.0957250392612452 0.023409818809312366
250 1000 250 1604 1021 1021 1604 1875 1875 1875 1875 1031 1081 1230|0.001 -0.11266516131088755 -0.026400231714049927 -0.009987140068025147
6418 7500 6418 4000 4000 7500 7500 1000 4085 7500 4085 6978 4123 4323|0.001 -0.5556704968083681 0.062616860082787 -0.023276231427075134
1169 637 623 156 1169 1169 156 1000 1169 637 623 674 1087 1653|0.001 -0.10158747269323531 -0.02536609390264788 -0.6695547625292364
4000 1000 4000 4085 4085 6418 6418 7500 7500 7500 7500 4123 4918 9959|0.001 -0.6104313723173749 0.06436652209080629 -0.001149964103596135
245 1000 1836 1836 979 979 1836 1571 245 1571 1836 1204 1058 1009|0.001 -0.0854925198342893 0.13817055337357775 0.07242798245566506
856 533 545 1000 1000 133 133 1000 856 533 545 576 1414 930|0.001 -0.0472285363583802 0.09139530697077625 0.000928774597617199
1000 1000 1000 545 545 856 856 133 533 133 533 1414 656 576|0.001 -0.007276677475319682 0.05322476692704692 0.008971515199782676
1000 1000 1000 856 545 545 856 533 133 533 133 1414 1328 656|0.001 -0.07842957759964575 0.0704941765495204 -0.04869664618839309
156 1000 1169 1169 623 623 1169 637 156 637 1169 1087 1552 642|0.001 -0.0414340791748502 0.10204101251732878 0.028638537029692657
1000 1000 1000 856 856 545 545 133 533 133 533 1414 930 1328|0.001 -0.0038678057631658103 0.05592989111676605 0.002270575772707062
545 533 856 1000 1000 133 133 1000 545 533 856 1328 1414 656|0.001 -0.037458755195158844 0.09525944181022261 0.0002914559920697002
1000 1000 1000 545 856 856 545 533 133 533 133 1414 576 930|0.001 -0.04686700208929695 0.09274919300546358 -0.02289812654828971
2719 1000 906 273 513 513 273 866 1994 866 520 1861 778 2384|0.001 -0.0532227744218039 0.03216825768418641 -0.05362892238191086
302 573 302 1104 1104 956 956 3000 566 2200 566 815 2054 859|0.001 -0.21931475924746313 0.05094334469972317 -0.011388179673986754
368 333 368 189 189 101 101 733 319 191 319 685 877 439|0.001 -0.024473999807141933 0.0484019734997454 0.0039252700021297215
3889 1000 5303 1951 1690 1690 1951 533 1014 533 1768 4650 2329 2607|0.001 -0.014561275475034607 0.12226219228386626 0.012858932546249147
273 866 513 2719 906 520 1994 1000 273 866 513 1194 1861 739|0.001 -0.008002928795893816 0.13799805126303522 0.017286380305683302
906 1000 2719 513 273 273 513 866 520 866 1994 1861 1194 739|0.001 -0.018962799971241617 0.10751538303709784 0.03825085408096118
189 733 189 368 368 319 319 333 101 191 101 877 685 439|0.001 -0.020050434172480536 0.04091024917485475 -0.008653329574818125
1690 533 1951 5303 3889 1014 1768 1000 1690 533 1951 2329 4650 2607|0.001 -0.04034247223907883 0.08145462892565014 0.008547964709659794
1104 3000 1104 302 302 566 566 573 956 2200 956 2054 815 859|0.001 -0.20642123043389304 0.024180420824797544 0.015515763585434161
513 866 273 906 2719 1994 520 1000 513 866 273 778 1861 2384|0.001 -0.09249167694165172 -0.028952302999416535 -0.14885483755016304
1900 1000 3315 3658 3169 3169 3658 1875 7292 1875 9944 2702 2847 4889|0.001 -0.15832492937468357 0.17238320759558778 0.011067520273082554
3315 1000 1900 3169 3658 3658 3169 1875 9944 1875 7292 2702 4367 6807|0.001 -0.08607308244748868 -0.00034571053414977904 -0.007723671751567185
592 1154 316 600 2301 3138 1046 1000 592 1154 316 1378 1543 2751|0.001 -0.06857094558551213 0.04465805299438186 -0.24541313428649736
1668 3837 1668 526 526 987 987 1744 1925 5233 1925 2573 1422 2298|0.001 -0.1906592384849104 0.0906109209642425 0.05002054749019047
1951 533 1690 3889 5303 1768 1014 1000 1951 533 1690 1518 4650 3631|0.001 -0.033682915258257395 0.09444795552407514 -0.004924776435648592
257 1364 257 435 435 502 502 261 137 455 137 1196 670 390|0.001 -0.05585754398148235 0.039883915350784616 -0.03254021581286404
600 1000 2301 592 316 316 592 1154 1046 1154 3138 1543 898 853|0.001 -0.06494410914065218 0.08150634308841553 0.028724667704680407
5303 1000 3889 1690 1951 1951 1690 533 1768 533 1014 4650 1518 3631|0.001 -0.015054274730300632 0.10147699958015899 0.028140520603952
435 261 435 257 257 137 137 1364 502 455 502 670 1196 390|0.001 -0.05387315586034447 0.05345433024912083 0.006442110874018692
3658 1875 3169 1900 3315 9944 7292 1000 3658 1875 3169 4367 2702 6807|0.001 -0.19490577658466846 0.05577289595061874 -0.2320622721353438
526 1744 526 1668 1668 1925 1925 3837 987 5233 987 1422 2573 2298|0.001 0.03232665337574936 0.2200769441332895 0.047980269689373856
2301 1000 600 316 592 592 316 1154 3138 1154 1046 1543 1378 2751|0.001 -0.04601915985213534 -0.03896664858947019 -0.04969857416689538
1052 533 943 1768 1305 1690 1951 1875 1972 1000 1768 1083 1398 2500|0.001 -0.08591857109596868 0.05529051502402682 -0.01427386646698725
1061 738 566 533 1000 1116 595 1104 566 956 302 791 1414 1149|0.001 -0.11103895474105063 0.02235105135432125 -0.09386977461133261
906 906 483 273 513 961 513 866 1011 669 539 1027 778 1321|0.001 -0.08147023272251253 0.029547543519037323 -0.13009174940766477
3169 1875 3658 1768 1972 3698 3315 1875 2447 3516 3315 2847 2577 2941|0.001 -0.20292102703889037 0.1074211819762727 0.07813212564201866
1061 1116 566 2069 1875 1384 1793 1875 1989 2092 1061 1458 2125 1482|0.001 -0.06138321720997597 0.11211444343665944 0.029243693080498456
1000 533 1104 566 1061 566 302 1116 738 595 956 1414 1458 1456|0.001 -0.05220323016223216 0.041255746693202866 -0.04518665877002115
273 866 513 906 483 539 1011 906 513 669 961 1194 1282 705|0.001 -0.02896071249055443 0.117841976391726 0.01887225384598068
1972 1875 1768 1951 1690 1305 1768 533 1052 1000 943 2577 2329 2500|0.001 -0.08012882763927087 0.020428283050129004 -0.011785476261472194
533 1104 1000 1061 566 302 566 738 595 956 1116 1133 1456 613|0.001 -0.012872919129787164 0.12611147592195948 0.02789058386839738
566 1116 1061 1000 1104 956 738 533 302 595 566 1149 1133 1317|0.001 -0.0645106460216327 0.08552277574767952 -0.007976343758845372
696 533 943 943 1052 561 503 533 901 284 1040 1373 1083 836|0.001 -0.012493247246004868 0.07415034037827173 0.007249586126159002
1768 1875 1305 1052 943 1768 1972 533 1951 1000 1690 2574 1374 2500|0.001 -0.0521667635804246 0.060229257282418125 0.022738786396196975
507 896 951 1241 1607 1854 1680 1875 951 1680 1782 1306 2376 2214|0.001 -0.1137932579592249 0.08047469542805885 -0.0079161286787377
1511 1295 806 766 1437 766 409 1355 1355 1495 722 1916 1972 1975|0.001 -0.06080476849625427 0.03808284072320145 -0.0236137133856118
1768 1875 1972 3169 3658 3315 2447 1875 3315 3516 3698 2031 4367 3757|0.001 -0.2637958875665214 -0.003208744574906275 -0.018295098280480815
592 1154 316 622 1167 1046 558 772 1109 1046 592 1378 928 1202|0.001 -0.07607105112710566 -0.11247119841965136 -0.08595146443776569
1241 1875 1607 507 951 1782 951 896 1680 1680 1854 1491 1030 2447|0.001 -0.22556620622944612 -0.00395550308158632 -0.28066645301895177
1951 533 1690 1972 1768 943 1052 1875 1768 1000 1305 1518 2031 2500|0.001 -0.0654595920498735 0.10178435290880694 0.012791116029211569
951 896 507 857 662 896 989 533 507 478 270 1030 1267 709|0.001 -0.04369628315195828 0.057839031765727356 0.019542172212199116
943 533 1052 696 943 1040 901 533 503 284 561 1374 745 1069|0.001 -0.03468280530991352 0.03631310606750038 0.006151640810037051
766 1355 1437 1511 806 722 1355 1295 409 1495 766 1071 1202 1053|0.001 -0.13332674522700927 0.09840875805830818 0.017128312999536988
857 533 662 951 507 270 507 896 989 478 896 795 1306 770|0.001 -0.05686591237794136 0.07881802168796748 0.021524161414827603
963 1000 336 1241 1607 1607 1241 1875 3697 1875 2521 1151 2376 2479|0.001 -0.10381073285287257 -0.24267631948161061 -0.011420839972379193
1511 1295 806 271 2032 2980 777 1000 1511 1295 806 1916 1245 2888|0.001 -0.10864444803341922 -0.05035430995575241 -0.8699902216005173
3691 7500 3691 2975 2975 5579 5579 2867 4781 11000 4781 4596 3423 7071|0.001 -0.7664199072650524 0.038670815070671605 -0.05787841410343164
1038 349 1038 1668 1668 1288 1288 3837 1946 2616 1946 1194 2573 1547|0.001 -0.253879721020297 0.046058326414488704 -0.029232206998133226
336 1000 963 1607 1241 1241 1607 1875 2521 1875 3697 1151 1491 1545|0.001 -0.10039384591713718 0.1786095476518601 0.009900541495011517
1668 3837 1668 1038 1038 1946 1946 349 1288 2616 1288 2573 1194 1547|0.001 -0.08049064571837294 0.09529257149993864 0.06493531559883525
1167 772 622 600 2301 1569 209 1000 1167 772 622 928 1543 2230|0.001 -0.09592417606428594 0.004277329573951771 -0.22120214777137548
2975 2867 2975 3691 3691 4781 4781 7500 5579 11000 5579 3423 4596 7071|0.001 -0.3629054530792253 0.1418172406239826 0.007573647087306679
271 1000 2032 1511 806 806 1511 1295 777 1295 2980 1245 1202 927|0.001 -0.11053887831672826 0.15563518456611414 0.029779709195361104
857 533 662 1344 1972 514 179 1000 857 533 662 795 1911 1322|0.001 -0.0472232470850098 0.08597050286708541 -0.018294254841753066
744 1467 744 492 492 637 637 133 397 382 397 1421 613 591|0.001 -0.034525558439062465 0.03920746834176647 0.0037385310947479766
1344 1000 1972 857 662 662 857 533 179 533 514 1911 1267 824|0.001 -0.05579213597892263 0.07346483253190872 -0.011708645696196784
600 1000 2301 1167 622 622 1167 772 209 772 1569 1543 1479 716|0.001 -0.0746067797662775 0.08251548567016487 0.050085044214813745
507 682 507 435 435 336 336 261 270 91 270 969 670 643|0.001 -0.003952330969655415 0.05030684724670609 0.009205338356041981
662 533 857 1972 1344 179 514 1000 662 533 857 1267 1911 824|0.001 -0.02043315552227698 0.10243885203575998 0.005463692904101869
1972 1000 1344 662 857 857 662 533 514 533 179 1911 795 1322|0.001 -0.05001630333671736 0.049334487184693465 0.02729556869846661
566 600 693 1000 1000 738 817 1000 71 950 87 1149 1414 1051|0.001 -0.11159439799197535 0.04501715177469556 0.012812495381222533
10970 816 11547 11547 9434 8524 11547 8000 6928 6532 11547 11576 9522 13892|0.001 -0.3718427355173881 0.148033424506695 0.04185286443674885
1000 1000 1000 71 566 693 87 738 600 817 950 1414 721 825|0.001 -0.08895101927919646 0.10707974536745546 -0.6338092016777341
10440 8000 14142 14142 13435 8485 14142 1225 11554 9798 14142 10198 13472 13454|0.001 -0.3536988002475716 0.05680800632079208 0.02266742451311643
1000 1000 1000 566 693 87 71 600 817 950 738 1414 825 1052|0.001 -0.07573565183117914 0.08677389292152338 0.002064121030056487
71 738 566 1000 1000 950 600 1000 87 817 693 1051 1414 953|0.001 -0.07832835350540468 0.12206330617309691 -0.0312370186533506
106 1224 848 734 1163 1224 1224 904 87 1224 692 1009 1164 1166|0.001 -0.06343262056160537 0.10735359294795854 0.0005051903909869537
1230 1583 1362 1155 943 118 144 1667 1667 1667 1667 1586 1374 1202|0.001 -0.15964885825763386 0.08798347415811536 -0.00015172102560745415
11547 8000 9434 10970 11547 11547 6928 816 11547 6532 8524 12152 11000 16330|0.001 -0.4618657265657222 0.08835534559520797 -0.021898012417856938
734 904 1163 106 848 692 87 1224 1224 1224 1224 1473 1288 1009|0.001 -0.08595052737608966 0.07661697612801222 -0.630532113514154
14142 1225 13435 10440 14142 14142 11554 8000 14142 9798 8485 14177 14866 20000|0.001 -0.7838788931920637 -0.00884399794225943 -0.01969008556506391
1155 1667 943 1230 1362 1667 1667 1583 144 1667 118 1915 2005 1374|0.001 -0.17851621117963457 0.061590936067699165 0.0042366205879362795
1000 1000 1000 87 87 71 71 900 950 900 950 1414 953 1002|0.001 -0.0829026387899201 0.038497774500378945 -0.015347751881579219
10392 1000 11547 11547 10970 10970 11547 816 10392 816 11547 11000 11576 15111|0.001 -0.08107979898148265 0.08888372336140149 0.017269792651526394
71 950 87 1000 1000 900 900 1000 71 950 87 1002 1414 951|0.001 -0.07185308881895058 0.09978354317316862 -0.00498232831189771
1000 1000 1000 87 71 71 87 950 900 950 900 1414 1002 951|0.001 -0.05736973970868586 0.05672406575657263 -0.015105961129158185
10970 816 11547 11547 10392 10392 11547 1000 10970 816 11547 11576 11000 15111|0.001 -0.03655860614072304 0.1145451620196658 0.018161949608255235
87 900 87 1000 1000 950 950 1000 71 900 71 953 1414 1002|0.001 -0.09618932265998748 0.0011540982948998746 -0.021408539260511228
1000 1000 1000 71 71 87 87 900 950 900 950 1414 951 953|0.001 -0.09081459993655838 0.030852114302715172 -0.029526874298175798
87 950 71 1000 1000 900 900 1000 87 950 71 953 1414 953|0.001 -0.010299740818086045 0.11012043401614324 0.01517017917685326
12728 1000 14142 14142 13435 13435 14142 1225 12728 1225 14142 13454 13472 18507|0.001 -0.10581386484602384 0.0382104109992909 -0.008032469207041038
1000 1000 1000 71 87 87 71 950 900 950 900 1414 953 953|0.001 -0.08568580242454105 0.09867635483850279 0.0060968762506297125
71 900 71 1000 1000 950 950 1000 87 900 87 951 1414 953|0.001 -0.007882942727520659 0.13466565727991098 0.036228122011812136
13435 1225 14142 14142 12728 12728 14142 1000 13435 1225 14142 13472 13454 18507|0.001 -0.09619881839975086 0.04372030734515642 -0.006246339028270764
11547 816 10970 10392 11547 11547 10392 1000 11547 816 10970 11000 11000 16330|0.001 -0.04950005909008848 0.07387176454871858 -0.010419939160021263
96 1111 96 1056 1056 1111 1111 1000 79 1111 79 1058 1454 1058|0.001 -0.12167924552473064 0.014003358984504555 -0.01539398456763208
947 1000 947 91 74 74 91 1053 1053 1053 1053 1378 1003 1001|0.001 -0.018675755828638785 0.1283005780594526 0.023026078512189407
11547 1000 10392 10970 11547 11547 10970 816 11547 816 10392 11000 11000 16330|0.001 -0.06287092481673917 0.05821886681938837 0.014672596829359286
74 1053 91 947 947 1053 1053 1000 74 1053 91 1003 1378 1001|0.001 -0.0994579924496175 0.05162871881757125 -0.01988335961300658
1056 1000 1056 96 96 79 79 1111 1111 1111 1111 1454 1058 1058|0.001 -0.10774295157818803 0.03752043722482723 -0.011164781036505644
14142 1225 13435 12728 14142 14142 12728 1000 14142 1225 13435 14177 13454 20000|0.001 -0.11116256068236408 0.05540378717337591 -0.018519906890724913
947 1000 947 74 91 91 74 1053 1053 1053 1053 1378 1055 1003|0.001 -0.1352797098948011 0.00712451020104421 -0.026610070116276363
79 1111 79 1056 1056 1111 1111 1000 96 1111 96 1057 1454 1114|0.001 -0.08253682081058811 0.10168466215939587 -0.015669200337662392
14142 1000 12728 13435 14142 14142 13435 1225 14142 1225 12728 13454 14177 20000|0.001 -0.07170292433897107 0.0919440466827326 0.015028162848598203
91 1053 74 947 947 1053 1053 1000 91 1053 74 1055 1378 1003|0.001 -0.07354050137915014 0.04577754445508786 0.007035222106868133
1056 1000 1056 79 79 96 96 1111 1111 1111 1111 1454 1057 1114|0.001 -0.07203893781577597 0.10185210413780954 0.010531547407044428
1000 1000 1000 87 693 566 71 817 600 738 950 1414 825 1149|0.001 -0.09719514426239195 0.11622244424283723 -0.671917360238089
9434 8000 11547 11547 10970 6928 11547 816 8524 6532 11547 9522 11576 13892|0.001 -0.7561180961136105 0.003700278580274219 0.027001587707999875
1000 1000 1000 693 566 71 87 600 738 950 817 1414 1149 1051|0.001 -0.07444296307313136 0.08219442944755961 0.004368521559952043
87 817 693 1000 1000 950 600 1000 71 738 566 1052 1414 1002|0.001 -0.03635131661284152 0.10905777822979967 -0.01345895718965262
693 600 566 1000 1000 817 738 1000 87 950 71 825 1414 1052|0.001 -0.08985628703371829 0.06370151192127471 -0.008315710099516815
13435 1225 14142 14142 10440 11554 14142 8000 8485 9798 14142 13472 10198 13454|0.001 -0.7426857206068072 0.09628669449410987 0.012750068954843208
11547 816 10970 9434 11547 11547 8524 8000 11547 6532 6928 11000 12152 16330|0.001 -0.7568697150824377 -0.0008057271904216012 -0.006653435326082757
943 1667 1155 1362 1230 1667 1667 1583 118 1667 144 1374 1586 1202|0.001 -0.17306447981529693 0.0793968132989531 -0.033397390548722816
1362 1583 1230 943 1155 144 118 1667 1667 1667 1667 2005 1915 1374|0.001 -0.13767586798875797 0.09628521500233411 -0.0004344307140824455
96 1355 766 813 1287 1355 1355 1107 117 1355 938 977 1630 1358|0.001 -0.03532057505152064 0.13141675044724632 0.0422354265786784
14142 8000 10440 13435 14142 14142 8485 1225 14142 9798 11554 14866 14177 20000|0.001 -0.34299573059096367 0.09656823565439732 -0.0018193777096442432
813 1107 1287 96 766 938 117 1355 1355 1355 1355 1289 1424 1556|0.001 -0.0854064686961109 0.08032650251123874 -0.6169093863763098
3000 1000 3000 566 1061 1061 566 738 3000 738 3000 3162 791 3182|0.001 -0.12071400251379427 0.038885119104326016 -0.1086233095889011
1305 1875 1768 5303 5303 5303 5303 1000 1305 1875 1768 1398 5397 5462|0.001 -0.0704818061317114 0.09935094129454036 0.0012883969920607363
189 1000 189 333 333 246 246 1000 354 1000 354 1018 1054 264|0.001 -0.06886266485801706 0.05349636998237095 -0.0023523312303797006
333 1000 333 354 354 189 189 1000 246 1000 246 1054 1061 485|0.001 -0.026750179565738774 0.10443029212451771 -0.005343423487428334
2828 1000 2828 943 696 696 943 533 2828 533 2828 3000 1373 2913|0.001 -0.05954791452537522 0.012472415432926987 -0.01999982920165233
566 738 1061 3000 3000 3000 3000 1000 566 738 1061 1456 3162 3053|0.001 -0.08582529940378558 0.1098921648260398 0.02999405645869313
3000 1000 3000 1061 566 566 1061 738 3000 738 3000 3162 1456 3053|0.001 -0.01640274306272338 0.13111060112365625 0.020548309158561207
354 1000 354 333 333 246 246 1000 189 1000 189 1061 1054 485|0.001 -0.0823341829995139 0.04484284915622583 -0.016281250185051777
696 533 943 2828 2828 2828 2828 1000 696 533 943 1373 3000 2913|0.001 -0.055841224112547216 0.02406578047343011 -0.01634987784479347
333 1000 333 189 189 354 354 1000 246 1000 246 1054 1018 264|0.001 -0.12956559237149667 0.00486507468520303 -0.021990468451210665
1061 738 566 3000 3000 3000 3000 1000 1061 738 566 791 3162 3182|0.001 -0.02612452398422449 0.09607865801608773 0.0013840047611513029
5303 1000 5303 1768 1305 1305 1768 1875 5303 1875 5303 5397 1398 5462|0.001 -0.07044492781111855 0.08079182914991989 0.004381805373689929
5303 1000 5303 1305 1768 1768 1305 1875 5303 1875 5303 5397 2574 5590|0.001 -0.09076620990334128 0.09110165604146792 -0.01279401578888506
1437 1355 766 4064 4064 4064 4064 1000 1437 1355 766 1972 4185 4310|0.001 0.0002390402601215591 0.1131361658259844 0.0236720639305954
246 1000 246 189 189 354 354 1000 333 1000 333 1030 1018 485|0.001 -0.05733059078952274 0.0705523860854873 -0.02831820799524154
943 533 696 2828 2828 2828 2828 1000 943 533 696 745 3000 2981|0.001 -0.03249653817415599 0.049526069461562905 0.0016581416385785808
354 1000 354 246 246 333 333 1000 189 1000 189 1061 1030 264|0.001 -0.1040342599846178 0.023252552535020232 -0.01061261501648203
4064 1000 4064 1437 766 766 1437 1355 4064 1355 4064 4185 1071 4135|0.001 0.004892064035024735 0.09291520231331285 0.032909316837546054
2828 1000 2828 696 943 943 696 533 2828 533 2828 3000 745 2981|0.001 -0.014067117086887793 0.058507881864642286 0.006657640852740787
246 1000 246 354 354 189 189 1000 333 1000 333 1030 1061 264|0.001 -0.08503528028585228 0.0828101096332734 -0.013727180075165935
766 1355 1437 4064 4064 4064 4064 1000 766 1355 1437 1071 4185 4135|0.001 -0.07356678120152615 0.06941968626312578 0.010520840725525282
1768 1875 1305 5303 5303 5303 5303 1000 1768 1875 1305 2574 5397 5590|0.001 -0.3309619239916928 -0.007972303829532068 -0.06782580431317964
189 1000 189 246 246 333 333 1000 354 1000 354 1018 1030 485|0.001 -0.09805782080219871 -0.005033778872666206 -0.02376307172956782
4064 1000 4064 766 1437 1437 766 1355 4064 1355 4064 4185 1972 4310|0.001 -0.09898562943208344 0.05863682826028116 -0.08838442344886954
1305 125 1768 1768 1972 1972 1768 1875 1305 1000 1768 1858 2577 2500|0.001 -0.13114156542324062 0.00853174378043109 -0.01329157124305591
1061 1116 566 1000 1000 738 738 1000 566 1116 71 1458 1414 1456|0.001 0.0006249959594772925 0.10379677092350548 0.023260260950523914
1000 1000 1000 71 566 1061 566 1116 738 1116 738 1414 1149 791|0.001 -0.09366500717787996 0.023807764872902926 -0.9691310668034758
15780 8000 14142 14142 10440 10440 14142 8000 15780 15000 14142 16248 10198 17776|0.001 -1.2902322119382548 0.04510964926906169 -0.029290413418688876
1000 1000 1000 566 1061 566 71 738 1116 738 1116 1414 791 1149|0.001 -0.09393537534580942 0.08767911716653032 -0.08128465168652732
71 1116 566 1000 1000 738 738 1000 566 1116 1061 1002 1414 721|0.001 -0.04050233249809909 0.15466789914001744 0.03294766723149101
1305 1875 1768 1768 1972 1972 1768 125 1305 1000 1768 1398 1772 2500|0.001 -0.10607547094579783 0.028668843078685224 -0.04155888771152361
1000 1000 1000 1061 566 71 566 1116 738 1116 738 1414 1149 1051|0.001 -0.06223034643475289 0.07505045616255313 0.04143074356703913
566 738 1061 1000 1000 1116 1116 1000 71 738 566 1456 1414 1002|0.001 0.016729785597533464 0.12600832403543816 0.050922190090183506
1768 1875 1972 1305 1768 1768 1305 125 1768 1000 1972 2031 1275 2500|0.001 -0.05286237649571923 0.05234605715233931 0.012356453833524128
96 1355 766 1511 1511 1355 1355 1000 766 1355 1437 977 1916 1358|0.001 -0.038842146306266034 0.1456954149639178 0.02097937032303543
662 1000 662 507 951 507 63 896 896 896 896 1267 1030 709|0.001 -0.09093223946943563 0.08807143538581252 -0.07806624895115744
14142 8000 10440 15780 14142 14142 15780 8000 14142 15000 10440 14866 14177 20000|0.001 -1.725051854536348 0.06437882651247673 -0.027405722744988648
1511 1000 1511 96 766 1437 766 1355 1355 1355 1355 1703 1424 1556|0.001 -0.15295385717913668 -0.004047181480838491 -1.4765246877040017
1768 125 1972 1305 1768 1768 1305 1875 1768 1000 1972 2031 2574 2500|0.001 -0.11826515116320269 0.03458498231684759 -0.009434603942440889
1437 1355 766 1511 1511 1355 1355 1000 766 1355 96 1972 1916 1975|0.001 -0.039267378938702135 0.06007290019745426 0.024137882848509484
507 896 951 662 662 896 896 1000 63 896 507 1306 1127 646|0.001 -0.08465806054507641 0.11036044071331519 0.019977049173220962
1511 1000 1511 1437 766 96 766 1355 1355 1355 1355 1703 1071 1556|0.001 -0.030949422066671728 0.1090868649517307 0.03122745873856525
1000 1000 1000 71 566 1061 566 738 1116 738 1116 1414 721 1458|0.001 -0.128881241106229 0.013722250994661067 -1.2932434034370799
10440 8000 14142 14142 15780 15780 14142 8000 10440 15000 14142 10198 16248 17776|0.001 -0.835414057317192 0.06847640302464875 -0.024793459979775
1000 1000 1000 566 1061 566 71 1116 738 1116 738 1414 1458 1456|0.001 -0.08370743230621702 0.09458952948645738 -0.07576999056261746
1972 1875 1768 1768 1305 1305 1768 125 1972 1000 1768 2577 1858 2500|0.001 -0.06575120006745316 0.018279587050091806 -0.008228056743644352
71 738 566 1000 1000 1116 1116 1000 566 738 1061 1051 1414 1149|0.001 -0.05079676837310476 0.13692843348701578 0.026783151648845926
1000 1000 1000 1061 566 71 566 738 1116 738 1116 1414 1456 1002|0.001 -0.050285501620994655 0.09242849548167786 0.04427245679079039
566 1116 1061 1000 1000 738 738 1000 71 1116 566 1149 1414 1051|0.001 -0.10737315861627184 0.10388938389987556 -0.041594498574590855
1061 738 566 1000 1000 1116 1116 1000 566 738 71 791 1414 1149|0.001 -0.02100444887771502 0.08406853146579296 0.008107432151533978
1972 125 1768 1768 1305 1305 1768 1875 1972 1000 1768 1772 1398 2500|0.001 -0.12745600530976064 0.004316113231137564 -0.027227649971867107
14142 8000 15780 10440 14142 14142 10440 8000 14142 15000 15780 14177 14866 20000|0.001 -1.3596777952727424 0.0495201626143027 -0.003938219902512863
662 1000 662 63 507 951 507 896 896 896 896 1127 898 1305|0.001 -0.09159073036487331 0.023515112699976637 -0.8857832265994425
1768 125 1305 1972 1768 1768 1972 1875 1768 1000 1305 1275 2031 2500|0.001 -0.11194475708826035 0.016189288499328658 -0.017273631363307063
951 896 507 662 662 896 896 1000 507 896 63 1030 1267 709|0.001 -0.03920357519373363 0.06319934228843138 0.016068278038894324
662 1000 662 951 507 63 507 896 896 896 896 1127 1306 646|0.001 -0.026881233092831414 0.09309012824634921 0.03804776975977475
766 1355 1437 1511 1511 1355 1355 1000 96 1355 766 1071 1703 1556|0.001 -0.1021380512380421 0.08645363417677299 0.0014964557504826281
1768 1875 1305 1972 1768 1768 1972 125 1768 1000 1305 2574 2031 2500|0.001 -0.08768394039141647 0.05412246050673586 -0.012435049289094557
63 896 507 662 662 896 896 1000 507 896 951 1030 1267 942|0.001 -0.04792290362493068 0.09881506550846852 -0.016430716731398176
1511 1000 1511 766 1437 766 96 1355 1355 1355 1355 1916 1972 1975|0.001 -0.09149567568428219 0.08919410623464463 -0.07791635951092224
245 1000 1102 1163 3182 3182 1163 1366 245 1366 1102 1127 2462 3192|0.001 -0.06755798016905845 0.13080973815347452 -0.11951248135686265
1175 2737 860 947 947 211 211 1000 1175 2737 860 2118 1378 1257|0.001 -0.20122140601719907 0.07782283867783457 0.0022188814661050493
947 1000 947 860 1175 1175 860 2737 211 2737 211 1378 2118 1257|0.001 -0.15263464400509963 0.10959197100756546 -0.023277514183923653
860 2737 1175 947 947 211 211 1000 860 2737 1175 1763 1378 969|0.001 -0.19288703896016224 0.07916930584484172 0.004641309690391893
179 1000 807 851 2330 2330 851 732 179 732 807 1070 1501 2337|0.001 -0.06953562994173379 0.12422991125630611 -0.13156051403199642
947 1000 947 1175 860 860 1175 2737 211 2737 211 1378 1763 969|0.001 -0.1357545165128382 0.09901825860927804 0.016084289983639977
1163 1366 3182 245 1102 1102 245 1000 1163 1366 3182 2050 1127 1602|0.001 -0.07878067818052448 0.12446044842484572 -0.28223126801306897
4085 4500 4085 13000 13000 4750 4750 1000 5579 4500 5579 4603 13038 8374|0.001 -0.3518112001700935 0.051153956853244864 0.005707407254902375
13000 1000 13000 4085 4085 5579 5579 4500 4750 4500 4750 13038 4603 8374|0.001 -0.4415473265836023 0.07249834602780503 -0.02685147365009133
851 732 2330 179 807 807 179 1000 851 732 2330 1803 1070 1173|0.001 -0.07669868297560667 0.12432310817567904 -0.28714501204099574
5579 4500 5579 13000 13000 4750 4750 1000 4085 4500 4085 5969 13038 10059|0.001 -0.3148042275752505 0.07824648729511496 -0.00515404379686335
13000 1000 13000 5579 5579 4085 4085 4500 4750 4500 4750 13038 5969 10059|0.001 -0.2919013450806973 0.09973998225688563 0.024425641199274928
1163 904 734 1000 1000 1366 1366 1000 3182 904 2754 1164 1731 2462|0.001 -0.05859239356768575 0.04159440522124358 -0.0008310206696438005
1000 1000 1000 734 2754 3182 1163 1366 904 1366 904 1731 2050 2898|0.001 -0.09172714430937923 0.05920717709672507 -0.21595768888801437
1860 3750 1362 1362 1230 1230 1362 1583 1860 4333 1362 2791 1586 2357|0.001 -0.14341590217669675 0.06714388769270663 0.00040353090048350637
777 632 860 860 1175 1175 860 2737 777 2368 860 1266 2118 1323|0.001 -0.24454921429734156 0.0726274543116201 -0.02562126697853384
3182 1366 1163 1000 1000 904 904 1000 2754 1366 734 2462 1002 3308|0.001 -0.00021410385017017752 0.10994021065805937 0.014685719945144449
813 1107 1287 1511 1511 1107 1107 1000 3048 1107 3522 1289 1703 1821|0.001 -0.10935106882651202 0.08483751636791048 -0.01576082869327422
860 2737 1175 777 860 860 777 632 860 2368 1175 1763 1001 862|0.001 -0.1820544757922704 0.0790845603430479 0.0010847838879390892
662 1000 662 851 2330 2016 538 732 732 732 732 1127 1501 2122|0.001 -0.10674892370737488 0.06867105494556824 -0.1929367649585223
1362 1583 1230 1860 1362 1362 1860 3750 1362 4333 1230 2005 2241 2357|0.001 -0.1364464579613045 0.0867517896770087 -0.00509077477241493
1511 1000 1511 813 1287 3522 3048 1107 1107 1107 1107 1916 1630 2269|0.001 -0.1538007694518484 -0.005068444483810053 -0.278977753206594
2016 732 538 662 662 732 732 1000 2330 732 851 1205 1267 2422|0.001 -0.00013301413664068562 0.15662122697374992 0.017758090856021536
734 1366 2754 1000 1000 904 904 1000 1163 1366 3182 1646 1002 1164|0.001 -0.05063451681002973 0.08906412256179497 -0.004392913010208277
1000 1000 1000 2754 3182 1163 734 904 1366 904 1366 1002 2898 2050|0.001 -0.05739752492271766 0.11481186207400462 -0.0013133893343209024
328 1156 363 363 496 496 363 267 328 422 363 1052 598 559|0.001 -0.05760535479714668 0.016669028468996316 -0.025895869285773587
1000 1000 1000 3182 1163 734 2754 1366 904 1366 904 1731 2050 1473|0.001 -0.036523296201276256 0.13699538082478258 0.06968832371399447
429 365 314 314 284 284 314 865 429 231 314 644 1040 544|0.001 -0.03326760960688402 -0.0038767714944176745 -0.018279182389815407
2754 904 3182 1000 1000 1366 1366 1000 734 904 1163 3308 1731 1646|0.001 -0.048819017342948134 0.12515966029730485 -0.016773773502253286
851 732 2330 662 662 732 732 1000 538 732 2016 1803 1267 853|0.001 -0.11450407274442242 0.11139531648956869 0.018365720843076527
314 865 284 429 314 314 429 365 314 231 284 911 774 544|0.001 -0.014047262183828346 0.07467647489591833 0.020428675723613843
1511 1000 1511 3522 3048 813 1287 1107 1107 1107 1107 1916 3208 2269|0.001 -0.08724403354645971 0.08929725962510293 0.02019027206345614
363 267 496 328 363 363 328 1156 363 422 496 744 1201 364|0.001 -0.061770584353805225 -0.015360962418643487 -0.031089803671110472
3522 1107 3048 1511 1511 1107 1107 1000 1287 1107 813 3661 1703 2725|0.001 -0.010694135501698732 0.09265605098501828 0.03154791694118142
734 904 1163 1000 1000 1366 1366 1000 2754 904 3182 1473 1002 2050|0.001 -0.07939633413725056 0.13652832807160786 0.018522622366718977
1000 1000 1000 1163 3182 2754 734 1366 904 1366 904 1002 2462 3308|0.001 -0.10567469422368192 0.05968798934128827 -0.2027566428960892
1175 2737 860 860 777 777 860 632 1175 2368 860 2118 1266 1323|0.001 -0.28924631885266616 0.0245990249601169 -0.020335327657293734
1230 1583 1362 1362 1860 1860 1362 3750 1230 4333 1362 1586 2791 2357|0.001 -0.3592611100198717 0.07761362662767501 -0.027863479548321246
2754 1366 734 1000 1000 904 904 1000 3182 1366 1163 2050 1731 2898|0.001 -0.017856572214960398 0.08607485558701056 0.014580340078900189
1000 1000 1000 734 1163 3182 2754 904 1366 904 1366 1731 1164 2462|0.001 -0.15616085584867045 -0.004992016287277412 -0.2734548686950833
1287 1107 813 1511 1511 1107 1107 1000 3522 1107 3048 1630 1916 2269|0.001 -0.011749500640413357 0.16755659711974902 0.014999341367236685
1362 3750 1860 1230 1362 1362 1230 1583 1362 4333 1860 2241 2005 2357|0.001 -0.37052743161398505 0.0474309528631367 -0.029282202566844884
662 1000 662 538 2016 2330 851 732 732 732 732 1267 1205 2422|0.001 -0.07194739326391253 0.07984064643318023 -0.19480533354029772
860 632 777 1175 860 860 1175 2737 860 2368 777 1001 1763 862|0.001 -0.2603130214716187 0.022091755131214974 -0.012991507775474975
2330 732 851 662 662 732 732 1000 2016 732 538 1501 1127 2122|0.001 0.008439885136692915 0.13955552641223612 0.02174369058927983
1163 1366 3182 1000 1000 904 904 1000 734 1366 2754 2050 1731 1473|0.001 -0.08298483291775738 0.10480935361216304 -0.03213599316353122
1000 1000 1000 3182 2754 734 1163 904 1366 904 1366 1731 3308 1646|0.001 -0.0745331562562268 0.09232469724516745 0.002520296135666289
284 865 314 314 429 429 314 365 284 231 314 1040 644 544|0.001 -0.012416082621613533 0.060283214295584475 0.002251513919555581
496 267 363 363 328 328 363 1156 496 422 363 598 1052 559|0.001 -0.05502910259298832 0.02778094078825788 -0.01918054459689511
3182 904 2754 1000 1000 1366 1366 1000 1163 904 734 2898 1002 2050|0.001 -0.14542757220039504 0.04731566948826149 -0.050466209996073985
538 732 2016 662 662 732 732 1000 851 732 2330 1501 1127 1078|0.001 -0.04329603735676146 0.12399600252074539 0.00791155122273679
363 1156 328 496 363 363 496 267 363 422 328 1201 744 364|0.001 -0.04845764426775423 0.048186407837427225 -0.04212743636483496
1511 1000 1511 3048 3522 1287 813 1107 1107 1107 1107 1703 3661 2725|0.001 -0.09469829933746787 0.06372987936396513 -0.007924155768045393
662 1000 662 2330 851 538 2016 732 732 732 732 1267 1803 853|0.001 0.0021862736569477903 0.14686319933663539 0.04460934077410661
314 365 429 284 314 314 284 865 314 231 429 774 911 544|0.001 -0.03319097203164256 -0.011802909548058738 -0.02275999273622653
3048 1107 3522 1511 1511 1107 1107 1000 813 1107 1287 3208 1916 2269|0.001 -0.030673049058450585 0.0733133616667292 0.01975209148185053
573 533 333 433 433 231 231 500 428 267 272 629 829 772|0.001 -0.025845424388458715 0.07537729196754439 -0.0022559536728306018
1155 1000 2309 770 629 988 1324 533 616 533 1232 1915 1162 666|0.001 -0.048936156560354105 0.07554168069588085 -0.012859792590342867
693 817 1299 3000 1600 800 1500 1720 693 1284 1299 1510 1887 1327|0.001 -0.06843922232855015 0.12043609099729347 0.032711005667842574
930 581 1744 755 403 403 755 746 465 475 872 1838 1346 771|0.001 -0.03417370802657582 0.10384775529209245 0.015788270480718847
988 533 1324 2309 1155 616 1232 1000 629 533 770 1782 1915 1533|0.001 -0.02723537771452622 0.09994153160206354 0.01004966775153937
433 500 433 573 333 272 428 533 231 267 231 829 1054 503|0.001 -0.045840420125280446 0.0033055331587217296 -0.03903396799117442
625 1875 1075 433 433 812 812 500 511 938 802 1179 829 681|0.001 -0.07813090887140772 0.043672494345994295 0.02393042484900576
755 746 403 930 1744 872 465 581 755 475 403 595 1097 1446|0.001 -0.0844878205198274 0.008909720494627571 -0.036819935501039014
1155 1000 2309 2483 1853 1179 1443 1875 2165 1875 4330 1915 1477 1248|0.001 -0.10972346353175566 0.1112463378366968 -0.01150733908157453
3000 1720 1600 693 1299 1299 693 817 1500 1284 800 3162 1090 2487|0.001 -0.06670283177731884 0.07033772692630613 -0.05111220928812665
433 500 433 625 1075 802 511 1875 812 938 812 829 1976 640|0.001 -0.12774260082438538 -0.0010666580494056443 -0.014139995956514717
770 533 629 1155 2309 1232 616 1000 1324 533 988 839 1915 1452|0.001 -0.028308192852941616 0.11096138806650613 -0.0220903358234259
866 2000 866 545 856 1147 667 533 462 1067 462 1658 576 682|0.001 -0.09222038521778386 0.051160252049706756 -0.005477923522807515
979 1571 1836 1590 848 848 1590 1224 1958 2106 3672 1058 1334 1624|0.001 -0.08957720353488297 0.14441758912945968 0.018792956401976202
2309 1000 1155 988 1324 770 629 533 1232 533 616 1915 788 2434|0.001 -0.017819478007232714 0.05643657271114488 0.006607288019224722
545 533 856 866 866 462 462 2000 667 1067 1147 1328 1658 726|0.001 -0.05268470545272019 0.10802021145649432 0.0017570158876956121
2483 1875 1853 1155 2309 4330 2165 1000 1443 1875 1179 3342 1915 2723|0.001 -0.2654834803210937 0.017965596334343914 -0.38405790906078763
1169 637 623 540 1012 1012 540 1340 2337 779 1247 674 1804 1938|0.001 -0.09073624235372724 -0.12392133346133094 -0.10625075721790056
866 2000 866 1604 1021 1250 2151 1875 1624 3750 1624 1658 1081 1887|0.001 -0.23511979542091166 0.04085131307666634 -0.011207585223946825
2309 1000 1155 1179 1443 2483 1853 1875 4330 1875 2165 1915 2179 4564|0.001 -0.029892296256595063 0.11924996454101278 0.029765903041112374
1590 1224 848 979 1836 3672 1958 1571 1590 2106 848 1848 2438 3045|0.001 -0.06899914262190499 -0.0241794810149365 -0.15411957557322942
1604 1875 1021 866 866 1624 1624 2000 2151 3750 1250 2490 1658 2894|0.001 -0.3796674228184327 0.026350181524985583 -0.07672930698878755
2540 1000 2540 2834 3071 3071 2834 1875 7619 1875 7619 2730 3592 5365|0.001 -0.21999189869367664 -0.02751319636177252 -0.035451828603342284
662 1084 353 896 2689 2689 896 1000 662 1084 353 1267 1847 2769|0.001 -0.09202669116134432 -0.010856018138853951 -0.1899921122565118
1116 3000 1116 394 394 738 738 1000 1209 3000 1209 2060 1075 1414|0.001 -0.15085296672776694 0.09334287422862131 0.038890680271643774
394 1000 394 1209 1209 1116 1116 3000 738 3000 738 1075 2112 1135|0.001 -0.026794746569187566 0.1162224674636958 0.008199012988769905
2481 1000 827 326 611 611 326 923 2481 923 827 1747 939 2555|0.001 -0.04292623079296565 0.031933030497637294 -0.046588005829296675
2834 1875 3071 2540 2540 7619 7619 1000 2834 1875 3071 2882 2730 5233|0.001 -0.14867104834498712 0.08587802904883812 -0.10348388555326493
2540 1000 2540 3071 2834 2834 3071 1875 7619 1875 7619 2730 2882 5233|0.001 -0.19147042001719128 -0.02325788696426634 -0.029655658233255222
1209 3000 1209 394 394 738 738 1000 1116 3000 1116 2112 1075 1135|0.001 -0.10890723415700965 0.09596460082005098 -0.0058728699697307984
611 923 326 827 2481 2481 827 1000 611 923 326 939 1747 2555|0.001 -0.10365186845704422 -0.011238959674283455 -0.22721382758316033
394 1000 394 1116 1116 1209 1209 3000 738 3000 738 1075 2060 1414|0.001 -0.3750137106904572 0.017075181832495456 -0.006328455020192525
3071 1875 2834 2540 2540 7619 7619 1000 3071 1875 2834 3592 2730 5365|0.001 -0.1573890779659437 0.08528217399788707 -0.0659793447310586
2689 1000 896 353 662 662 353 1084 2689 1084 896 1847 1267 2769|0.001 -0.046893414583940585 0.03952115980613069 -0.04183832906623608
896 1000 2689 662 353 353 662 1084 896 1084 2689 1847 1017 963|0.001 -0.021602223866584724 0.1001649666152793 0.046715474921168454
1638 533 1511 4064 4064 1355 1355 1000 1638 533 1511 1537 4185 2861|0.001 -0.05579533825677774 0.08463275878782817 0.0020183740180579335
246 1000 246 372 372 403 403 333 131 333 131 1030 687 378|0.001 -0.031805276679787164 0.05359323365540458 -0.013817167253125096
326 923 611 2481 827 827 2481 1000 326 923 611 1170 1747 889|0.001 -0.07046977044440239 0.12432244381683555 0.06613404084468755
403 333 403 246 246 131 131 1000 372 333 372 704 1030 471|0.001 -0.03850117514565543 0.07614959759310702 -0.007245373719250159
4064 1000 4064 1638 1511 1511 1638 533 1355 533 1355 4185 1916 2791|0.001 -0.046094246987872234 0.09214322337284031 0.0020951049646944497
827 1000 2481 611 326 326 611 923 827 923 2481 1747 1170 889|0.001 -0.023687082902050793 0.11646782639869402 0.04816960003284576
246 1000 246 403 403 372 372 333 131 333 131 1030 704 471|0.001 -0.0007210216284980753 0.0904914402481527 0.015629183791612267
1511 533 1638 4064 4064 1355 1355 1000 1511 533 1638 1916 4185 2791|0.001 -0.04548428841963936 0.08327722505210522 0.00385945614912675
353 1084 662 2689 896 896 2689 1000 353 1084 662 1017 1847 963|0.001 -0.05693629301412373 0.128047287911639 0.05228908474118166
372 333 372 246 246 131 131 1000 403 333 403 687 1030 378|0.001 -0.04102933216190596 0.041268124890605495 0.00263496237784544
4064 1000 4064 1511 1638 1638 1511 533 1355 533 1355 4185 1537 2861|0.001 -0.06531037158826414 0.07352670738189238 -0.024380406868786952
625 1000 625 433 433 354 354 500 375 500 375 1179 829 718|0.001 -0.034910632214280035 0.05691673317563373 0.0017193550926219991
1155 1000 2309 1443 866 866 1443 816 1155 816 2309 1915 1658 1443|0.001 -0.05857202670747852 0.08209009640164133 0.03204454907830945
566 600 693 1600 1600 800 800 1000 566 600 693 1149 1887 1265|0.001 -0.03216850660755721 0.11144691342093616 -0.002325848370647865
1600 1000 1600 693 566 566 693 600 800 600 800 1887 1149 1265|0.001 -0.05984721462413023 0.07329943388115767 -0.004179149777003843
866 816 1443 2309 1155 1155 2309 1000 866 816 1443 1658 1915 1443|0.001 -0.010733686592768743 0.11507995945990501 0.024838354146707875
433 500 433 625 625 375 375 1000 354 500 354 829 1179 718|0.001 -0.0346886574123173 0.09231781749567292 -0.009743923932729048
625 1000 625 354 354 433 433 500 375 500 375 1179 791 515|0.001 -0.02576539711096837 0.05632843735345894 -0.007039925675056402
693 600 566 1600 1600 800 800 1000 693 600 566 825 1887 1327|0.001 -0.052451739510327444 0.060337320750176726 0.0035711708378949325
1414 1000 2828 1768 1061 1061 1768 1225 1414 1225 2828 2236 1458 1768|0.001 -0.007185824738916713 0.1216204752962402 0.030924185704679363
1600 1000 1600 566 693 693 566 600 800 600 800 1887 825 1327|0.001 -0.06413313932711162 0.03153796020627375 -0.022845357305244507
354 500 354 625 625 375 375 1000 433 500 433 791 1179 515|0.001 -0.04506844149143485 0.08508711390534662 0.005433948533457578
1061 1225 1768 2828 1414 1414 2828 1000 1061 1225 1768 1458 2236 1768|0.001 -0.045633850845621104 0.09761425977388827 0.016202514948395752
1443 816 866 1155 2309 2309 1155 1000 1443 816 866 1190 1915 2723|0.001 -0.10498021306827865 -0.03256270570626718 -0.12311731309645468
866 2000 866 750 750 1250 1250 1000 707 2000 707 1658 1250 1031|0.001 0.0121003593490987 0.11322128081190819 0.049845505411665325
1333 1000 1333 1155 943 943 1155 1667 2667 1667 2667 1667 1374 2108|0.001 -0.09979121257678192 0.052007504823523565 0.00048544592499588646
2309 1000 1155 866 1443 1443 866 816 2309 816 1155 1915 1190 2723|0.001 -0.02927996501562835 0.10690297574072805 -0.010037777368856471
943 1667 1155 1333 1333 2667 2667 1000 943 1667 1155 1374 1667 2108|0.001 -0.0721844502258584 0.1105101583801904 0.029095035605548603
750 1000 750 866 866 707 707 2000 1250 2000 1250 1250 1658 1031|0.001 -0.05012568407355533 0.10099414391560924 -0.0018888400812167028
1768 1225 1061 1414 2828 2828 1414 1000 1768 1225 1061 2031 2236 3335|0.001 -0.029826561130735785 0.0956574114253117 -0.03517293445736591
1333 1000 1333 943 1155 1155 943 1667 2667 1667 2667 1667 1915 2211|0.001 -0.047262817867976814 0.16449457510940624 0.027813497136188747
707 2000 707 750 750 1250 1250 1000 866 2000 866 1581 1250 1436|0.001 -0.07795147523670276 0.07868075846737987 0.017907500891736206
2828 1000 1414 1061 1768 1768 1061 1225 2828 1225 1414 2236 2031 3335|0.001 -0.07758742200085433 0.007295517973224808 -0.062275856417846054
1155 1667 943 1333 1333 2667 2667 1000 1155 1667 943 1915 1667 2211|0.001 -0.18883042700578057 -0.0009745630592150611 -0.03254105226047299
750 1000 750 707 707 866 866 2000 1250 2000 1250 1250 1581 1436|0.001 -0.0819035194587936 0.13513008139928617 0.0318779622684251
1744 1000 581 403 755 616 329 746 1308 867 349 1419 595 1849|0.001 -0.04806295374688019 0.04623663164411207 -0.055183416865384194
566 600 693 1720 1720 1492 1284 3000 1061 2250 1299 1149 2441 1409|0.001 -0.20296244818848286 0.07184770485516356 -0.011819748861593427
573 333 573 433 354 189 231 750 497 200 428 814 1061 699|0.001 -0.02566001550401653 0.05142314938044956 0.002913431352233875
1732 816 2309 1324 988 1148 1324 533 462 435 770 2449 1782 1285|0.001 -0.04814547692052473 0.06899207847782529 0.016390865465540916
403 746 755 1744 581 349 1308 1000 329 867 616 1346 1419 668|0.001 0.00029323600685193796 0.13117099300390622 0.02760587155178129
581 1000 1744 616 329 403 755 867 349 746 1308 1419 1219 479|0.001 -0.04842891252176518 0.13468958398853426 0.009950252197212794
433 750 354 573 573 428 497 333 231 200 189 829 814 772|0.001 -0.014210834077983403 0.0674946582354452 0.000866327930886257
1406 533 1622 2828 2121 566 943 1225 1210 653 1622 1978 2345 1834|0.001 -0.05286924811590654 0.08227355939172787 0.012364298097697901
1720 3000 1720 566 693 1299 1061 600 1284 2250 1492 2441 825 1023|0.001 -0.00851110831894486 0.14371823779428583 0.05546699408813138
616 867 329 581 1744 1308 349 1000 755 746 403 819 1419 1446|0.001 -0.07552215212342062 0.029033864074281546 -0.1444937477892705
1061 1225 1768 3041 2637 2269 3041 1875 3977 2296 5303 1458 2491 2951|0.001 -0.058702640256597105 0.14594734218401184 0.009265563515563624
1443 816 866 1853 2483 2483 2153 1875 4330 1531 3248 1190 3342 3524|0.001 -0.008810894293290739 0.14964411605240313 0.011080677452730558
1012 1340 540 467 1753 2337 779 1162 826 1340 441 1804 1516 1938|0.001 -0.09292675119877747 -0.031374829330228504 -0.31020169928386077
2486 3750 2139 1155 943 1768 2165 1667 2867 5000 2867 3243 1374 3496|0.001 -0.05161465527453335 0.14495741823698838 0.06894446382095243
1324 533 988 1732 2309 770 462 816 1324 435 1148 788 1915 1879|0.001 -0.062133027357021975 0.07047471910452074 -0.018947700424767344
471 1333 577 570 663 765 765 267 251 444 308 1106 742 626|0.001 -0.06383639949258058 0.016127171540849528 -0.03322981744572795
467 1162 1753 1012 540 441 826 1340 779 1340 2337 1301 797 642|0.001 -0.049405372854375296 0.10268438747689013 0.045335400044081986
2828 1225 2121 1406 1622 1622 1210 533 943 653 566 3000 1328 2302|0.001 -0.048174065363842944 0.05540522494258626 -0.0014861373315600002
570 267 663 471 577 308 251 1333 765 444 765 865 1414 455|0.001 -0.048067281468698875 0.04770110341563161 0.006706710034067864
3041 1875 2637 1061 1768 5303 3977 1225 3041 2296 2269 3708 2031 4316|0.001 -0.17479339751232392 0.060304624092246684 -0.2233598433008832
1155 1667 943 2486 2139 2867 2867 3750 2165 5000 1768 1915 2783 3859|0.001 -0.17612391259153926 0.1171074904358238 0.023919919819010982
1508 860 402 379 711 871 464 1153 2011 1153 670 1119 1406 2133|0.001 -0.044816275758862156 -0.025325573400286627 -0.047819451735962026
1075 1875 625 354 354 663 663 500 932 938 697 1976 791 881|0.001 -0.06229146101702998 0.07184388171040501 0.0428852231705279
1414 1000 2828 1768 1972 2637 3041 1875 2652 1875 5303 2236 2577 3769|0.001 -0.022348332765012024 0.22273715219396584 0.05686921041310411
1061 1116 566 1600 3000 1500 800 1720 1061 1492 566 1458 3162 2372|0.001 -0.06558325979868718 0.021588458444179448 -0.032863453781243335
1744 581 930 329 616 616 329 867 872 649 465 1097 819 1379|0.001 -0.10173029590522131 0.029482979900237183 -0.07417768578658612
354 500 354 1075 625 697 932 1875 663 938 663 791 1179 911|0.001 -0.10315545430804374 0.0406611981665872 0.006740836171530429
333 533 573 354 354 189 189 500 372 267 497 1054 791 383|0.001 -0.02255850613406163 0.08899194154988965 0.013627096226465074
329 867 616 1744 930 465 872 581 329 649 616 1219 1838 735|0.001 -0.0930467781923705 0.12081034737603469 0.01808486223804362
1414 1000 2828 1622 1406 1052 943 533 754 533 1508 2236 1978 2010|0.001 -0.037060604743359704 0.09566846685240993 0.0003749642899175676
1600 1720 3000 1061 566 566 1061 1116 800 1492 1500 1887 1149 1265|0.001 -0.0924829541780614 0.09291795741319442 0.06453741833867266
354 500 354 333 573 497 372 533 189 267 189 791 629 699|0.001 -0.020076207093973064 0.02638517855053646 -0.0009935183644760315
1052 533 943 2828 1414 754 1508 1000 1406 533 1622 1083 2236 1085|0.001 -0.0365293956766477 0.08840352421406905 0.01652431136528909
1768 1875 1972 1414 2828 5303 2652 1000 3041 1875 2637 2031 2236 5590|0.001 -0.2250401070227548 0.024208093725577307 -0.3171316648268685
707 2000 707 1395 1865 2151 1250 1875 1326 3750 1326 1581 2665 2622|0.001 -0.19469630537514604 0.06967692838026451 -0.02938972393474848
1344 1337 717 507 951 951 507 896 2689 1542 1434 1911 1030 2126|0.001 -0.03490003226953475 0.06929118010809088 -0.02450401107050082
2828 1000 1414 2637 3041 1768 1972 1875 5303 1875 2652 2236 3708 3335|0.001 -0.047844933267645606 0.10459202087269359 0.019477080043075468
711 1153 379 536 1006 2011 1073 748 711 670 379 1406 772 1590|0.001 -0.08362551663565365 0.019832259629743998 -0.13894443719342453
1395 1875 1865 707 707 1326 1326 2000 1250 3750 2151 1439 1581 1436|0.001 -0.4399482558483814 0.03802746282106417 -0.0857645929392925
1622 533 1406 1414 2828 1508 754 1000 943 533 1052 1328 2236 2981|0.001 -0.04917654619279621 0.09134897986883495 -0.050342970404353427
536 748 1006 711 379 379 711 1153 1073 670 2011 1429 945 848|0.001 -0.05841163118569859 0.14644850842222779 0.023087165519453112
707 2000 707 994 744 667 1147 533 377 1067 377 1581 1421 972|0.001 -0.08504952790806763 0.04204267443060239 0.01377856338873551
2828 1000 1414 1052 943 1622 1406 533 1508 533 754 2236 1374 1779|0.001 -0.04864653888323356 0.03763010492037422 0.0206702247556656
994 533 744 707 707 377 377 2000 1147 1067 667 767 1581 939|0.001 -0.13215374953674863 0.041294736448183045 -0.0009025482584945621
750 1000 750 1021 1604 1865 1395 1875 2812 1875 2812 1250 2490 2432|0.001 -0.03924541306411289 0.2740204903780197 0.04461901641117816
1836 1571 979 734 2754 2754 734 1366 1836 1826 979 2438 2050 3310|0.001 -0.07677208914361078 0.027945004268246088 -0.22471603643681615
1860 3750 1362 1333 1333 2500 2500 1000 2486 3750 2139 2791 1667 3553|0.001 -0.46276479839691853 0.02337432350024926 -0.01013952637030302
1333 1000 1333 2139 2486 1860 1362 3750 2500 3750 2500 1667 3243 1918|0.001 -0.46779689924410284 0.003490442573090835 -0.012620301062314931
1753 1162 467 623 1169 1169 623 637 1753 869 467 1516 674 2107|0.001 -0.03972091829172353 0.025760376146677366 -0.04401789906018805
750 1000 750 1865 1395 1021 1604 1875 2812 1875 2812 1250 1439 1681|0.001 -0.16326427094419227 0.02875449695191712 -0.020588556554593795
2139 3750 2486 1333 1333 2500 2500 1000 1362 3750 1860 2783 1667 1441|0.001 -0.2692367154911346 0.049001767394194484 -0.03523614029264488
1006 748 536 402 1508 1508 402 860 1006 548 536 772 1119 1813|0.001 -0.08899199761650323 0.020800396218330075 -0.2521198670243163
1333 1000 1333 1860 1362 2139 2486 3750 2500 3750 2500 1667 2241 3320|0.001 -0.3506404997755541 0.053264419392657913 -0.013921162247912955
2016 732 538 717 1344 1344 717 1337 2016 1150 538 1205 1911 2424|0.001 -0.03970821695294613 0.02562437006145446 -0.043980117398702
734 1366 2754 1836 979 979 1836 1571 734 1826 2754 1646 1058 1224|0.001 -0.06860981015176626 0.10776878160594139 0.03788645324789952
856 533 545 1500 1500 400 400 1000 994 533 744 576 1803 1113|0.001 -0.02597906887900736 0.11667837023039196 -0.00383515462304862
667 1000 667 363 496 663 570 267 356 267 356 1202 598 512|0.001 -0.006867083646550087 0.07642120876225622 -0.0005112360434855745
663 267 570 667 667 356 356 1000 496 267 363 742 1202 948|0.001 -0.0359505585083475 0.04002465244264952 0.004609082784938767
1500 1000 1500 856 545 744 994 533 400 533 400 1803 1328 896|0.001 -0.02275994406239379 0.0963060052088216 -0.002070232525235305
402 860 1508 1006 536 536 1006 748 402 548 1508 1304 1429 670|0.001 -0.05690652915850247 0.08936895466732597 0.030858261138377863
667 1000 667 663 570 363 496 267 356 267 356 1202 865 885|0.001 -0.02146887358167704 0.07420323383610761 -0.00818844312922784
744 533 994 1500 1500 400 400 1000 545 533 856 1421 1803 1117|0.001 -0.017841094818003 0.10916160208876091 0.006996749243168843
363 267 496 667 667 356 356 1000 570 267 663 744 1202 384|0.001 -0.035968521723749314 0.040036901881566056 0.00474670574084346
1500 1000 1500 744 994 856 545 533 400 533 400 1803 767 1297|0.001 -0.03916647428867437 0.08468490148830554 0.013741926791468462
625 1000 625 433 433 433 433 500 125 500 125 1179 829 515|0.001 -0.04715869439213538 0.02862622564004713 -0.0001394383048936021
1600 1000 1600 693 693 693 693 200 800 200 800 1887 825 1327|0.001 -0.021988073790424334 0.04474444992414339 -0.023309541957843294
289 1000 1443 2309 1155 1155 2309 1000 289 1000 1443 1190 1915 1190|0.001 -0.11039467812053227 0.1130620747587785 0.04270545983800389
433 500 433 625 625 125 125 1000 433 500 433 829 1179 515|0.001 -0.023934151932700765 0.1139465373107007 0.0029842730207585433
625 1000 625 433 433 433 433 500 125 500 125 1179 829 515|0.001 -0.06655367887119068 0.038484033009675844 -0.018849022272054983
1600 1000 1600 693 693 693 693 200 800 200 800 1887 825 1327|0.001 -0.020437234841351737 0.05037703057611642 -0.022370298296571223
433 500 433 625 625 125 125 1000 433 500 433 829 1179 515|0.001 -0.032233742776294205 0.11606420617231716 0.0017468223910088732
289 1000 1443 2309 1155 1155 2309 1000 289 1000 1443 1190 1915 1190|0.001 -0.157192711761992 0.1267546270776676 0.028917433070929643
4000 1000 4000 3464 3464 3464 3464 5000 8000 5000 8000 4123 4123 6633|0.001 -0.31858454882763065 0.14270020183882126 0.02706179562478539
2309 1000 1155 289 1443 1443 289 1000 2309 1000 1155 1915 1190 2723|0.001 -0.10149691576810005 -0.05640714864932006 -0.41061928421632143
3464 5000 3464 4000 4000 8000 8000 1000 3464 5000 3464 4123 4123 6633|0.001 -0.1741776145782814 0.10692543964017087 0.06648665126899989
250 1000 250 866 866 866 866 2000 1250 2000 1250 1031 1658 1031|0.001 -0.14716754044316827 0.19467104151510872 0.024026235019116715
4000 1000 4000 3464 3464 3464 3464 5000 8000 5000 8000 4123 4123 6633|0.001 -0.191916147186183 0.12684342439686747 0.01277112802231306
2309 1000 1155 289 1443 1443 289 1000 2309 1000 1155 1915 1190 2723|0.001 -0.10210369886268666 -0.019683193643251773 -0.43853777269569405
3464 5000 3464 4000 4000 8000 8000 1000 3464 5000 3464 4123 4123 6633|0.001 -0.3358120724412961 0.04581706652101225 -0.03166454737162372
250 1000 250 866 866 866 866 2000 1250 2000 1250 1031 1658 1031|0.001 -0.06118989437266187 0.26049432000422756 0.03248667749038203
281 1000 1403 1549 1043 1043 1549 1875 2105 1875 4210 1181 1211 1296|0.001 0.015645959196308734 0.1577932731724596 0.025129737379763206
1211 674 646 906 2719 1359 181 1000 1211 674 646 782 1861 2272|0.001 -0.09825476585870963 0.002725817903164174 -0.13374521188069477
1104 3000 1104 713 713 1336 1336 200 743 1500 743 2054 841 863|0.001 -0.04731686596497142 0.10277610754801048 0.05411225093725269
3563 5000 3563 3717 3717 5518 5518 7500 6680 15000 6680 4206 4617 8559|0.001 -1.2629518061258005 0.03329746168833969 -0.03948944452778602
1549 1875 1043 281 1403 4210 2105 1000 1549 1875 1043 2402 1181 2882|0.001 -0.21780326187203602 0.044481049252302896 -0.9980558101523618
3717 7500 3717 3563 3563 6680 6680 5000 5518 15000 5518 4617 4206 8559|0.001 -0.8468783150921677 0.11070910041884652 0.06029437036726426
713 200 713 1104 1104 743 743 3000 1336 1500 1336 841 2054 863|0.001 -0.18068592539480566 0.013174569966818428 -0.002743816618939743
2719 1000 906 646 1211 1211 646 674 1359 674 181 1861 782 2272|0.001 -0.03692039205846043 0.07888263266239148 -0.04279716442069037
906 1000 2719 1211 646 646 1211 674 181 674 1359 1861 1551 762|0.001 -0.10505180434888128 0.11336005199680255 0.027011301867501114
496 133 496 891 891 475 475 2000 736 667 736 616 1671 575|0.001 -0.08137823993417781 0.03796281534378165 0.006334495574009669
2245 1000 1123 556 826 826 556 533 748 533 150 1876 646 1537|0.001 -0.011927438316531314 0.0912767329040487 0.009240208052685439
269 1000 2018 1797 959 959 1797 1484 1345 1484 4035 1242 1161 1132|0.001 -0.12634768626641368 0.17964987984372183 0.03047178372148629
891 2000 891 496 496 736 736 133 475 667 475 1671 616 575|0.001 -0.02894982530594281 0.10759316720593937 0.004004875645189365
826 533 556 1123 2245 748 150 1000 826 533 556 646 1876 1537|0.001 -0.0476783943287018 0.09474599775753267 -0.051050606914228025
646 674 1211 2719 906 181 1359 1000 646 674 1211 1551 1861 762|0.001 0.007613356167088803 0.15870792765315667 0.024561939829415014
1123 1000 2245 826 556 556 826 533 150 533 748 1876 1281 691|0.001 -0.04779739152150908 0.08757450198783934 0.018722004250848467
1075 1875 625 333 333 625 625 1000 1114 1875 690 1976 1054 1244|0.001 -0.11814610759856903 0.07408644106026818 0.0015951487317078517
3000 1000 3000 1875 2069 3342 3226 1875 5625 1875 5625 3162 2652 5993|0.001 -0.15915397702428447 0.0008904847547075434 -0.012601429210477022
1000 1104 533 1600 3000 3000 1600 1720 1000 1783 533 1414 3162 3162|0.001 -0.07140609444891033 0.031994026690500554 -0.04567137025782708
1744 581 930 310 581 581 310 1036 1744 641 930 1097 1157 1838|0.001 -0.049141943674931854 0.06529056882736084 -0.03813248418289894
3342 1875 3226 3000 3000 5625 5625 1000 2069 1875 1875 3731 3162 3644|0.001 -0.1375746277619172 0.049081807259505617 -0.009013048962893677
333 1000 333 1075 625 690 1114 1875 625 1875 625 1054 1179 884|0.001 -0.15474952623703797 0.0890456607481327 0.005540792975109454
333 533 573 333 333 178 178 1000 368 533 594 1054 1054 378|0.001 -0.04011185883576296 0.11125911784755305 0.006090490041319452
310 1036 581 1744 930 930 1744 581 310 641 581 1047 1838 980|0.001 -0.06769465454211754 0.09670087691149964 0.007905963857912646
3000 1000 3000 1720 1783 1104 1000 533 1600 533 1600 3162 1801 3197|0.001 -0.05552764697675738 0.015420536032362264 -0.00974552298926512
1600 1720 3000 1000 533 533 1000 1104 1600 1783 3000 1887 1133 1687|0.001 -0.04378733285675729 0.12525520769287368 0.006947264961716382
333 1000 333 333 573 594 368 533 178 533 178 1054 629 600|0.001 -0.07935084025774697 0.04462040835951697 -0.029117592241713064
1104 533 1000 3000 3000 1600 1600 1000 1783 533 1720 1133 3162 1944|0.001 -0.019713097742435348 0.11405404508023853 -0.001625814460594066
1875 1875 2069 3000 3000 5625 5625 1000 3226 1875 3342 2125 3162 5929|0.001 -0.1781128561177936 0.011159099240738435 -0.019013184107723458
333 1000 333 690 1114 1075 625 1875 625 1875 625 1054 1998 1126|0.001 -0.12846860818055972 0.12674310881335193 0.030490153377416007
2719 1615 1450 483 906 906 483 906 2719 1559 1450 2897 1027 2866|0.001 -0.09616302806834898 -0.0036860732925358963 -0.06682182145214766
3000 1000 3000 3342 3226 1875 2069 1875 5625 1875 5625 3162 3377 3538|0.001 -0.22537068625957168 -0.010280840165255434 -0.03651293464915217
561 965 299 898 1683 1683 898 619 561 561 299 1010 1090 1774|0.001 -0.08783071781805041 -0.034735509825886135 -0.08471372775404662
690 1875 1114 333 333 625 625 1000 625 1875 1075 1215 1054 708|0.001 -0.2287320203163623 -0.0026026213055319047 -0.04787636983843879
1720 533 1783 3000 3000 1600 1600 1000 1000 533 1104 1990 3162 3162|0.001 -0.04445508893969885 0.06568598207843612 0.0036523210907124515
898 619 1683 561 299 299 561 965 898 561 1683 1793 1116 946|0.001 -0.13849265553265933 0.07979491744400713 0.056062260359714955
333 1000 333 594 368 333 573 533 178 533 178 1054 1066 471|0.001 -0.020562223695933524 0.09174515973901176 0.012870966534055395
3000 1000 3000 1104 1000 1720 1783 533 1600 533 1600 3162 1414 1887|0.001 -0.042863770243009025 0.05828428072654601 0.025837036313380857
483 906 906 2719 1450 1450 2719 1615 483 1559 906 1282 1761 1528|0.001 -0.09855371398141632 0.11002702849238766 0.02804344087232291
594 533 368 333 333 178 178 1000 573 533 333 648 1054 663|0.001 -0.049235035767138946 0.051081359105373814 0.002643266757862417
1075 1875 625 433 433 812 812 500 802 938 511 1976 829 640|0.001 -0.08799251896795313 0.06340608756497446 0.032861219372031236
1155 1000 2309 1443 1179 1853 2483 1875 2165 1875 4330 1915 1573 2875|0.001 -0.14876331309552793 0.1610457884219918 0.005828887778409619
1299 817 693 1600 3000 1500 800 1720 1299 1284 693 1090 3162 2487|0.001 -0.10494870530857625 -0.056335853534106306 -0.041085688184220315
1744 581 930 403 755 755 403 746 872 475 465 1097 595 1446|0.001 -0.1042339829786798 -0.0070394059079670335 -0.08669226152756893
433 500 433 1075 625 511 802 1875 812 938 812 829 1179 681|0.001 -0.08152287101281241 0.0077006069807006305 -0.006192668200677431
333 533 573 433 433 231 231 500 272 267 428 1054 829 503|0.001 -0.029803384856380566 0.041468891454976564 0.002875846354986056
403 746 755 1744 930 465 872 581 403 475 755 1346 1838 771|0.001 -0.116469160664745 0.11713914074538367 0.029055141951823682
1155 1000 2309 1324 988 629 770 533 616 533 1232 1915 1782 1533|0.001 -0.06725045710264332 0.06381008685925948 -0.0016038202856250017
1600 1720 3000 1299 693 693 1299 817 800 1284 1500 1887 1510 1327|0.001 -2.6249000507627684e-05 0.0952844483451365 0.02903397925523299
433 500 433 333 573 428 272 533 231 267 231 829 629 772|0.001 -0.025893176650438887 0.054438344430507435 -0.009173285030749101
629 533 770 2309 1155 616 1232 1000 988 533 1324 1162 1915 666|0.001 -0.03252409851413285 0.09891054676060662 0.013794302612635256
1443 1875 1179 1155 2309 4330 2165 1000 2483 1875 1853 2179 1915 4564|0.001 -0.21222115088937565 0.05168886702993092 -0.2879293031635721
866 2000 866 1021 1604 2151 1250 1875 1624 3750 1624 1658 2490 2894|0.001 -0.15658390867526184 0.054964015650456055 0.0008691932080995279
1836 1571 979 848 1590 1590 848 1224 3672 2106 1958 2438 1848 3045|0.001 -0.06783009399028983 0.015361904774053858 -0.04341527472117024
2309 1000 1155 1853 2483 1443 1179 1875 4330 1875 2165 1915 3342 2723|0.001 -0.14525469388015133 -0.05914667043740218 -0.010422366358634472
1012 1340 540 623 1169 2337 1247 637 1012 779 540 1804 674 1938|0.001 -0.09733013495061393 -0.01230780666862108 -0.17471821872693694
1021 1875 1604 866 866 1624 1624 2000 1250 3750 2151 1081 1658 1887|0.001 -0.30038641736081173 0.00903527815214522 -0.06247884428463357
1324 533 988 1155 2309 1232 616 1000 770 533 629 788 1915 2434|0.001 -0.03914888658978488 0.08549588738863578 -0.04007806642420064
623 637 1169 1012 540 540 1012 1340 1247 779 2337 1552 797 1034|0.001 -0.08611607786210174 0.13963726463452897 0.02873772834908417
866 2000 866 856 545 667 1147 533 462 1067 462 1658 1328 726|0.001 -0.13855927220603137 0.029851982711215364 -0.04660511748729945
2309 1000 1155 629 770 1324 988 533 1232 533 616 1915 839 1452|0.001 -0.02908703623620834 0.06428582679693706 0.014162285254299967
856 533 545 866 866 462 462 2000 1147 1067 667 576 1658 682|0.001 -0.09188862914522145 0.05909855757659788 0.006640922450522613
573 533 333 433 354 189 231 750 528 400 272 629 1061 673|0.001 -0.035409365419381 0.09205253951816816 0.003451737995630033
1732 816 2309 770 629 1218 1324 533 924 435 1232 2449 1162 867|0.001 -0.0632947351494817 0.08103246617079174 -0.038219954227785014
693 817 1299 3000 1600 1200 2250 1720 566 1583 1061 1510 1887 1697|0.001 -0.0683946164576088 0.10730953885239591 0.013967927592462015
930 581 1744 616 329 403 755 920 697 475 1308 1838 1174 771|0.001 -0.07686070640040343 0.0700503364483307 0.0172395649653323
1492 533 1622 2828 2121 1131 1508 1225 770 653 943 1904 2345 2548|0.001 -0.07144721573303925 0.04848772814012303 0.009789923391898547
433 750 354 573 333 272 528 533 231 400 189 829 1054 503|0.001 -0.007209026486599823 0.07300026842827823 0.013990410132311837
625 1875 1075 354 433 812 663 750 511 1406 989 1179 829 681|0.001 -0.10370768270197006 0.05552394533880234 0.03034476876184078
616 920 329 930 1744 1308 697 581 755 475 403 935 1097 1446|0.001 -0.1011635845649217 -0.030844888626417877 -0.058845450172073654
2121 1225 2828 3041 2798 1444 1768 1875 3977 2296 5303 2345 2842 1990|0.001 -0.09751551740829534 0.07786609909459896 -0.016536573223900897
3000 1720 1600 693 1299 1061 566 817 2250 1583 1200 3162 1090 3182|0.001 -0.07257706741906067 0.01653841222789998 -0.059019715618442437
354 750 433 625 1075 989 511 1875 663 1406 812 1061 1976 1005|0.001 -0.06704161447632195 0.11170219155698158 0.009448302683399135
1179 1875 1443 2309 1732 3248 4330 816 2284 1531 2483 1573 2449 3901|0.001 -0.19111406949956833 0.05139936743917328 0.07482127864857357
770 533 629 1732 2309 1232 924 816 1324 435 1218 839 1915 1452|0.001 -0.03129782305352102 0.0928161337772404 -0.01157928198208702
471 1333 577 363 703 765 444 533 251 711 308 1106 500 715|0.001 -0.05501388447098576 0.07799649284829346 0.007812875102974903
1469 1937 2754 1590 848 692 1298 1224 1958 2106 3672 1378 1334 1624|0.001 -0.0036995865432942754 0.10799128556887805 0.014835710651810441
2828 1225 2121 1492 1622 943 770 533 1508 653 1131 3000 1516 2981|0.001 -0.025672304278655522 0.08216692749873689 0.006807302062599163
357 1087 670 1422 758 1011 1895 516 438 632 821 1016 1708 1072|0.001 -0.10612890819148513 0.09176137126145623 0.08104680140536225
363 533 703 471 577 308 251 1333 444 711 765 1201 1414 484|0.001 -0.058996973621134874 0.06629540963248637 0.005034212662895499
3041 1875 2798 2121 2828 5303 3977 1225 1768 2296 1444 3571 3000 3335|0.001 -0.23888243565502454 0.00369681728820348 -0.1545511707337366
1422 516 758 357 670 821 438 1087 1895 632 1011 711 1276 2010|0.001 -0.09000469506695419 -0.047593877454188416 -0.09009273776512172
577 1333 471 1319 681 833 1434 1875 1083 2500 884 1414 938 1258|0.001 -0.11994062132188787 0.07493545461745965 -0.00991452322455122
2309 816 1732 1179 1443 2483 2284 1875 4330 1531 3248 1915 2179 4564|0.001 -0.05315081645937636 0.08197733470686641 0.004406253922235592
1590 1224 848 1469 2754 3672 1958 1937 1298 2106 692 1848 3308 3045|0.001 -0.06452336796785363 0.025177864286296536 -0.06643842681013257
1319 1875 681 577 471 884 1083 1333 1434 2500 833 2252 1106 1683|0.001 -0.1393251462767775 0.09987018089302468 0.04800015545733283
1744 1000 581 329 616 616 329 920 872 920 116 1419 935 1379|0.001 -0.042322345612514356 0.07182111072420616 -0.04572832503509261
566 200 566 1720 1720 1583 1583 3000 1061 1500 1061 721 2441 1608|0.001 -0.16441240018462588 -0.015158818718611355 -0.024312604498657464
1414 1000 2828 1622 1492 1492 1622 533 189 533 943 2236 1904 1579|0.001 -0.06142053305724926 0.07156783620643647 0.010903819807039916
329 920 616 1744 581 116 872 1000 329 920 616 1174 1419 419|0.001 0.0002888654472976704 0.12361276191406922 0.019498355107725462
581 1000 1744 616 329 329 616 920 116 920 872 1419 1174 419|0.001 -0.023421568237118606 0.09774628249615613 0.028268709397114566
1720 3000 1720 566 566 1061 1061 200 1583 1500 1583 2441 721 1608|0.001 -0.060131702487074 0.112012151258154 0.05931506881317272
616 920 329 581 1744 872 116 1000 616 920 329 935 1419 1379|0.001 -0.09238735196138048 0.013490038117367487 -0.12395138066172096
354 1000 1768 3041 2798 2798 3041 1875 2652 1875 5303 1275 2842 2961|0.001 -0.024536753625239438 0.1752189914928759 0.02129216156798508
7914 7500 7914 2828 2828 5303 5303 5000 8602 15000 8602 8374 3606 10100|0.001 -0.6377700672580777 0.12160906730063425 0.002237078877367349
1622 533 1492 1414 2828 943 189 1000 1622 533 1492 1516 2236 2302|0.001 -0.045733094821657216 0.09407293687045515 -0.04311226640433263
707 2000 707 1055 1055 1147 1147 133 377 667 377 1581 1117 1072|0.001 -0.057727396452981194 0.048642519754173996 -0.019232714702617226
126 1000 948 670 357 357 670 1087 632 1087 1895 1058 1016 456|0.001 -0.11774768320021112 0.1876186982658301 0.03558464281867346
2828 1000 1414 1492 1622 1622 1492 533 943 533 189 2236 1516 2302|0.001 -0.011683277254338487 0.09253034788884174 0.00643416376671313
1055 133 1055 707 707 377 377 2000 1147 667 1147 1117 1581 1072|0.001 -0.07834948610058956 0.04480920505690156 0.002460348083788144
3041 1875 2798 354 1768 5303 2652 1000 3041 1875 2798 3571 1275 4316|0.001 -0.2637399198981438 0.007231681713308902 -1.3559512190942757
2828 5000 2828 7914 7914 8602 8602 7500 5303 15000 5303 3606 8374 10100|0.001 -1.197161068607906 0.05555815950003984 -0.027363326616308692
1075 1875 625 433 354 663 812 750 989 1406 511 1976 1061 1005|0.001 -0.11527989950131157 0.09002596657093243 0.042238122382083354
1732 816 2309 1443 1179 2284 2483 1875 3248 1531 4330 2449 1573 3901|0.001 -0.09053683356616493 0.13091328645916 0.026442773015218357
1299 817 693 1600 3000 2250 1200 1720 1061 1583 566 1090 3162 3182|0.001 -0.07148894076530299 0.01992571020842382 -0.05283011603153143
1744 581 930 329 616 755 403 920 1308 475 697 1097 935 1446|0.001 -0.07650088165107705 0.02947311303096667 -0.06959373940171099
2798 1875 3041 2828 2121 3977 5303 1225 1444 2296 1768 2842 2345 1990|0.001 -0.09703540133385591 0.08406460504699398 0.030938933626625253
433 750 354 1075 625 511 989 1875 812 1406 663 829 1179 681|0.001 -0.20949282204807962 -0.04988845443267276 -0.04646189906754139
333 533 573 354 433 231 189 750 272 400 528 1054 829 503|0.001 -0.036000100139061963 0.08558319326602337 0.010819767402820979
329 920 616 1744 930 697 1308 581 403 475 755 1174 1838 771|0.001 -0.08982794061637711 0.08716776150092809 0.04226616838828301
2121 1225 2828 1622 1492 770 943 533 1131 653 1508 2345 1904 2548|0.001 -0.06475629727289434 0.07560737511964177 -0.03416973727645267
1600 1720 3000 1299 693 566 1061 817 1200 1583 2250 1887 1510 1697|0.001 -0.05732946756132229 0.1284085937502999 0.06382178743923994
354 750 433 333 573 528 272 533 189 400 231 1061 629 673|0.001 -0.06607987121731163 0.039247872989325305 -0.04594117673823006
629 533 770 2309 1732 924 1232 816 1218 435 1324 1162 2449 867|0.001 -0.06759260869223072 0.05144348863988846 0.005892362248458571
1443 1875 1179 1732 2309 4330 3248 816 2483 1531 2284 2179 1915 4564|0.001 -0.15064153883724396 0.08567107711977107 -0.09385299697356797
471 1333 577 681 1319 1434 833 1875 884 2500 1083 1106 2252 1683|0.001 -0.2965271721149876 -0.011217022390009879 -0.02580004664111124
2754 1937 1469 848 1590 1298 692 1224 3672 2106 1958 3308 1848 3045|0.001 -0.06537798401962003 0.027408670357893516 -0.04187235929816624
2828 1225 2121 2798 3041 1768 1444 1875 5303 2296 3977 3000 3571 3335|0.001 -0.06649032703815227 0.09943340406618484 0.00695562226948665
670 1087 357 758 1422 1895 1011 516 821 632 438 1276 711 2010|0.001 -0.09927842814180687 -0.005260600994742015 -0.11671530324450785
681 1875 1319 471 577 1083 884 1333 833 2500 1434 938 1414 1258|0.001 -0.09502350998152109 0.08145029199474019 -0.011005734788108734
1622 533 1492 2121 2828 1508 1131 1225 943 653 770 1516 3000 2981|0.001 -0.04545016765187038 0.06832551296788392 -0.004875105155724979
758 516 1422 670 357 438 821 1087 1011 632 1895 1708 1016 1072|0.001 -0.04441169725210137 0.1563498859599055 0.05184765584976159
577 1333 471 703 363 444 765 533 308 711 251 1414 1201 484|0.001 -0.030505782310006335 0.11926232780192336 0.014833269220526635
2309 816 1732 629 770 1324 1218 533 1232 435 924 1915 839 1452|0.001 -0.05054040961221862 0.06840132193402182 0.007082184761917354
848 1224 1590 2754 1469 1958 3672 1937 692 2106 1298 1334 1378 1624|0.001 -0.0710035624154326 0.08791218043964655 0.03435255627329381
703 533 363 577 471 251 308 1333 765 711 444 500 1106 715|0.001 -0.06241372474246276 0.0749066926714792 -0.005981471213660772
573 533 333 354 354 189 189 500 497 267 372 629 791 699|0.001 -0.01943724436995753 0.06470857615807013 0.0037897648603735234
1414 1000 2828 943 1052 1406 1622 533 754 533 1508 2236 1083 1085|0.001 -0.038944976857465674 0.10555859392649358 0.03367716160342482
566 1116 1061 3000 1600 800 1500 1720 566 1492 1061 1149 1887 1265|0.001 -0.08976500727102987 0.10877500278991148 0.03140354696849146
930 581 1744 616 329 329 616 867 465 649 872 1838 1219 735|0.001 -0.0935846254693784 0.09145962578724909 0.010956664386008175
1406 533 1622 2828 1414 754 1508 1000 1052 533 943 1978 2236 2010|0.001 -0.018298976747707085 0.08846368319715969 0.011627003917786816
354 500 354 573 333 372 497 533 189 267 189 791 1054 383|0.001 -0.020488953089727868 0.07915425329741543 -0.0017405310282514463
625 1875 1075 354 354 663 663 500 697 938 932 1179 791 911|0.001 -0.10855883204585082 0.053390880829400356 -0.0004354743566514774
616 867 329 930 1744 872 465 581 616 649 329 819 1097 1379|0.001 -0.10494369072262089 -0.048133018284104434 -0.046593839930848535
1414 1000 2828 3041 2637 1972 1768 1875 2652 1875 5303 2236 2491 2035|0.001 -0.04558661221041094 0.12579000985918132 0.016845155992093463
3000 1720 1600 566 1061 1061 566 1116 1500 1492 800 3162 1458 2372|0.001 -0.03862571084217059 0.10240290636664762 -0.03344388172192403
354 500 354 625 1075 932 697 1875 663 938 663 791 1976 881|0.001 -0.12786938902034195 -0.00021822697594320317 -0.030443683635880125
943 533 1052 1414 2828 1508 754 1000 1622 533 1406 1374 2236 1779|0.001 -0.055272293520072235 0.056522195386508045 -0.04780659118345354
707 2000 707 744 994 1147 667 533 377 1067 377 1581 767 939|0.001 -0.06920794206309977 0.06751974384237691 0.018857915376842005
717 1337 1344 951 507 507 951 896 1434 1542 2689 1032 1306 1134|0.001 -0.06491902671005967 0.1362161966283737 0.0251431682556591
2828 1000 1414 1406 1622 943 1052 533 1508 533 754 2236 1328 2981|0.001 -0.006611306745445411 0.11050337351345974 0.019267762186081505
744 533 994 707 707 377 377 2000 667 1067 1147 1421 1581 972|0.001 -0.07121173328399344 0.09224293937050154 -0.008583349432255138
3041 1875 2637 1414 2828 5303 2652 1000 1768 1875 1972 3708 2236 3335|0.001 -0.08016966442834561 0.14016730297662594 -0.03643593859238403
1006 748 536 379 711 711 379 1153 2011 670 1073 772 1406 1590|0.001 -0.0713622063244157 -0.016428231564120654 -0.05442563938331091
707 2000 707 1865 1395 1250 2151 1875 1326 3750 1326 1581 1439 1436|0.001 -0.20147097774929956 0.054760962150444126 -0.016458008915434252
2828 1000 1414 1972 1768 3041 2637 1875 5303 1875 2652 2236 2031 5590|0.001 -0.07609171552713567 0.02145771964410459 0.0027765146514591166
951 896 507 717 1344 2689 1434 1337 951 1542 507 1030 1911 2126|0.001 -0.06655107716768249 0.05548191377263256 -0.09499668806007389
1865 1875 1395 707 707 1326 1326 2000 2151 3750 1250 2665 1581 2622|0.001 -0.28155205223516333 0.06529625851202647 -0.05839761148408229
1744 1000 581 329 616 755 403 867 1308 746 349 1419 819 1446|0.001 -0.04834357852251947 0.03709733915708391 -0.0472007861698609
693 600 566 1720 1720 1284 1492 3000 1299 2250 1061 825 2441 1023|0.001 -0.2516481950148264 0.006466027403784214 -0.0037118054920837196
573 333 573 354 433 231 189 750 428 200 497 814 829 772|0.001 -0.02582957472097136 0.04614116118921263 0.004051495633099478
2121 1225 2828 1622 1406 1210 1622 533 566 653 943 2345 1978 1834|0.001 -0.016046737088930563 0.06801249514723384 0.027926493853263068
329 867 616 1744 581 349 1308 1000 403 746 755 1219 1419 479|0.001 0.012431943561324044 0.13355200266692124 0.021053654112344056
581 1000 1744 755 403 329 616 746 349 867 1308 1419 1346 668|0.001 -0.058334041906139555 0.12821379089470009 0.022050852316350955
354 750 433 573 573 497 428 333 189 200 231 1061 814 699|0.001 -0.023599982045628964 0.08285009377102082 -0.017815021468706727
988 533 1324 2309 1732 462 770 816 1148 435 1324 1782 2449 1285|0.001 -0.04164001622530611 0.07518876086746618 0.012589654499992609
1720 3000 1720 693 566 1061 1299 600 1492 2250 1284 2441 1149 1409|0.001 -0.08517401149399251 0.07751733815906547 -0.014816029454196578
755 746 403 581 1744 1308 349 1000 616 867 329 595 1419 1849|0.001 -0.07823030253267249 0.016316570688554854 -0.1435857449666178
866 816 1443 2483 1853 2153 2483 1875 3248 1531 4330 1658 1477 2808|0.001 -0.07090679521615573 0.17338436953180825 0.018387947471956156
1768 1225 1061 2637 3041 3041 2269 1875 5303 2296 3977 2031 3708 4316|0.001 -0.10993987516428438 -0.010506293218135454 -0.014747438099605992
711 1153 379 402 1508 2011 670 860 871 1153 464 1406 1119 2133|0.001 -0.07765870206580261 0.020062372405955653 -0.24919405549081564
2139 3750 2486 943 1155 2165 1768 1667 2867 5000 2867 2783 1915 3859|0.001 -0.3688011058466534 0.09851316584181147 0.013230291638381964
1622 533 1406 2121 2828 943 566 1225 1622 653 1210 1328 3000 2302|0.001 -0.06244302049422612 0.06825132736794082 -0.02097735113600674
577 1333 471 663 570 765 765 267 308 444 251 1414 865 455|0.001 -0.01390628723726306 0.09110677789231358 0.009170011300883019
402 860 1508 711 379 464 871 1153 670 1153 2011 1304 945 770|0.001 -0.10069262114459576 0.1310457477298277 0.01597820369673597
2309 816 1732 988 1324 1324 1148 533 770 435 462 1915 788 1879|0.001 -0.03133092268222337 0.04092511624526285 -0.002296633035896445
663 267 570 577 471 251 308 1333 765 444 765 742 1106 626|0.001 -0.05353127638694444 0.046834607930685834 0.007367060344316556
2483 1875 1853 866 1443 4330 3248 816 2483 1531 2153 3342 1190 3524|0.001 -0.2371321480095645 0.018811013201274207 -0.3634736565177932
943 1667 1155 2139 2486 2867 2867 3750 1768 5000 2165 1374 3243 3496|0.001 -0.585028098218473 0.019805610638305993 -0.029094136842202634
1753 1162 467 540 1012 826 441 1340 2337 1340 779 1516 1804 1938|0.001 -0.045325059439069726 -0.025196961192144318 -0.04711640362136449
750 1000 750 1395 1865 1604 1021 1875 2812 1875 2812 1250 2665 2087|0.001 -0.17050379574195862 0.06389775877707837 0.005617444730328103
1344 1337 717 538 2016 2016 538 732 1344 1150 717 1911 1205 2424|0.001 -0.10235058339989278 -0.048795261789164046 -0.3097829285527276
1362 3750 1860 1333 1333 2500 2500 1000 2139 3750 2486 2241 1667 3320|0.001 -0.2856125068311888 0.049157125236816146 -0.01375634415506366
1333 1000 1333 2486 2139 1362 1860 3750 2500 3750 2500 1667 2783 1441|0.001 -0.3410108211829377 0.0966093966877124 0.02506262662298031
1508 860 402 536 1006 1006 536 748 1508 548 402 1119 772 1813|0.001 -0.03905256486179676 0.02811644261003332 -0.04312755727398088
750 1000 750 1604 1021 1395 1865 1875 2812 1875 2812 1250 1081 2094|0.001 -0.10721376378828973 0.11561480615706277 0.006921313245131788
2486 3750 2139 1333 1333 2500 2500 1000 1860 3750 1362 3243 1667 1918|0.001 -0.13804482565804466 0.0926416476572034 -0.02744136336433667
1169 637 623 467 1753 1753 467 1162 1169 869 623 674 1516 2107|0.001 -0.09520040232100957 -5.9114435330132054e-05 -0.2726337474587681
1333 1000 1333 1362 1860 2486 2139 3750 2500 3750 2500 1667 2791 3553|0.001 -0.1169591972809303 0.1844431842494898 0.030893801653315567
2754 1366 734 979 1836 1836 979 1571 2754 1826 734 2050 2438 3310|0.001 -0.0400616358379291 0.025059356506400565 -0.04411429288419089
538 732 2016 1344 717 717 1344 1337 538 1150 2016 1501 1032 896|0.001 -0.0649858780028556 0.08137570169095776 0.037268311630351825
994 533 744 1500 1500 400 400 1000 856 533 545 767 1803 1297|0.001 -0.042454819245602016 0.10969198424686466 0.0037404407384022953
667 1000 667 496 363 570 663 267 356 267 356 1202 744 384|0.001 -0.028130864124286115 0.08313854721092584 -0.01720858687487392
570 267 663 667 667 356 356 1000 363 267 496 865 1202 885|0.001 -0.03591137417640056 0.040325221527168775 0.004675716578537159
1500 1000 1500 994 744 545 856 533 400 533 400 1803 1421 1117|0.001 -0.0525252719098368 0.09819324083149006 -0.007568703252884834
467 1162 1753 1169 623 623 1169 637 467 869 1753 1301 1552 779|0.001 -0.11991795932626559 0.1202721534998008 0.04481535201740883
667 1000 667 570 663 496 363 267 356 267 356 1202 742 948|0.001 -0.02255620383125989 0.0676964718887052 -0.016258835245255288
545 533 856 1500 1500 400 400 1000 744 533 994 1328 1803 896|0.001 -0.024099345290948815 0.11290769233448295 0.0005064626247741622
496 267 363 667 667 356 356 1000 663 267 570 598 1202 512|0.001 -0.03605280664386368 0.040412024438856164 0.004720787619643119
1500 1000 1500 545 856 994 744 533 400 533 400 1803 576 1113|0.001 -0.025715321592562068 0.09195167791686387 0.0227978249297478
573 533 333 333 333 178 178 1000 594 533 368 629 1054 600|0.001 -0.04853563810518269 0.07279103440299917 -0.005402663938425256
3000 1000 3000 1000 1104 1783 1720 533 1600 533 1600 3162 1133 1944|0.001 -0.05200573022251631 0.05391829323985631 0.0017893334452878662
533 1104 1000 3000 1600 1600 3000 1720 533 1783 1000 1133 1887 1687|0.001 0.001970679056726432 0.08492132478670644 0.04131620104196765
930 581 1744 581 310 310 581 1036 930 641 1744 1838 1047 980|0.001 -0.051125087595699226 0.10757985353935906 0.007198876349892025
1783 533 1720 3000 3000 1600 1600 1000 1104 533 1000 1801 3162 3197|0.001 -0.0596336932168684 0.060100760923857965 0.005988796887426151
333 1000 333 573 333 368 594 533 178 533 178 1054 1054 378|0.001 -0.03979646992949282 0.07967518320137312 0.01741867415590681
625 1875 1075 333 333 625 625 1000 690 1875 1114 1179 1054 884|0.001 -0.16438123108491465 0.07842782531350734 -0.06444185223642762
581 1036 310 930 1744 1744 930 581 581 641 310 1157 1097 1838|0.001 -0.05217048132456825 0.08539438990541992 -0.02258103712481363
3000 1000 3000 3226 3342 2069 1875 1875 5625 1875 5625 3162 3731 3644|0.001 0.021632530115773818 0.20000993774307085 0.04949161486688114
3000 1720 1600 533 1000 1000 533 1104 3000 1783 1600 3162 1414 3162|0.001 -0.07199445982179475 0.028151503622251273 -0.04756048230054932
333 1000 333 625 1075 1114 690 1875 625 1875 625 1054 1976 1244|0.001 -0.09943469387904469 0.08988074835511561 0.017203006280546163
2069 1875 1875 3000 3000 5625 5625 1000 3342 1875 3226 2652 3162 5993|0.001 -0.1274267882549751 0.09963087753977806 -0.02014256853171026
1000 533 1104 3000 3000 1600 1600 1000 1720 533 1783 1414 3162 1887|0.001 -0.02831593564233681 0.1026343018042275 0.01703848257644136
333 1000 333 368 594 573 333 533 178 533 178 1054 648 663|0.001 -0.02990197034498987 0.07413437750531937 0.02088690297640472
1450 1615 2719 906 483 483 906 906 1450 1559 2719 1761 1282 1528|0.001 -0.09853383965365947 0.11088573768179177 0.036577501323320494
3000 1000 3000 1783 1720 1000 1104 533 1600 533 1600 3162 1990 3162|0.001 -0.03644428880413053 0.0853309082831144 0.011012276505300012
299 965 561 1683 898 898 1683 619 299 561 561 1116 1793 946|0.001 -0.009662402744126108 0.10066390256975755 0.04285103195108997
368 533 594 333 333 178 178 1000 333 533 573 1066 1054 471|0.001 -0.02176887183924503 0.07531169908454594 0.009114921098147821
3226 1875 3342 3000 3000 5625 5625 1000 1875 1875 2069 3377 3162 3538|0.001 -0.13105464603866523 0.05853666648093281 -0.03592210741918511
1683 619 898 299 561 561 299 965 1683 561 898 1090 1010 1774|0.001 -0.10867026324503648 -0.01594279989133085 -0.10706955228245052
333 1000 333 1114 690 625 1075 1875 625 1875 625 1054 1215 708|0.001 -0.15154145131243468 0.04182085355578735 -0.02748243622540336
3000 1000 3000 2069 1875 3226 3342 1875 5625 1875 5625 3162 2125 5929|0.001 -0.20434158402016456 0.036786697150505976 0.005414419330656006
906 906 483 1450 2719 2719 1450 1615 906 1559 483 1027 2897 2866|0.001 -0.058903131461800484 0.018699823573600227 -0.0578037303924106
1114 1875 690 333 333 625 625 1000 1075 1875 625 1998 1054 1126|0.001 -0.05517116513189868 0.07073879537343952 0.022439762778583283
354 1000 1768 1225 230 230 1225 604 88 604 354 1275 1195 290|0.001 -0.013049707067398497 0.05673570258730498 0.05959992967188521
693 200 693 566 566 342 342 200 130 50 130 825 721 676|0.001 -0.008385585755396052 0.047428829754450064 -0.03014908529556104
385 1000 1540 4355 2632 2632 4355 5333 1540 5333 7698 1262 3079 2742|0.001 -0.24977432662573462 0.317414500058506 0.013708234621541138
1225 604 230 354 1768 354 88 1000 1225 604 230 707 1275 1458|0.001 -0.08487178439659626 -0.2581316140463097 -0.06682592925642994
230 604 1225 1768 354 88 354 1000 230 604 1225 1195 1275 290|0.001 -0.038747574285568076 0.1210141784292218 0.014697721629484128
289 1000 1443 816 493 493 816 188 72 188 289 1190 976 514|0.001 -0.01737461635176407 0.067608356740394 0.03418620262527705
4355 5333 2632 385 1540 7698 1540 1000 4355 5333 2632 5203 1262 5551|0.001 -0.4523709380177987 0.043931663418972366 -1.5608174747036496
2598 4000 2598 6837 6837 11314 11314 4000 13856 20000 13856 3279 7124 13519|0.001 -1.4808505142343265 0.12056621949689372 0.0033346253374122448
1540 1000 385 2632 4355 4355 2632 5333 7698 5333 1540 1262 5203 5551|0.001 -0.14738294240632444 -0.18598035010761294 0.02963953506626371
6837 4000 6837 2598 2598 13856 13856 4000 11314 20000 11314 7124 3279 13519|0.001 -1.7038716828581324 0.05288607326670913 -0.1800649583170444
816 188 493 289 1443 289 72 1000 816 188 493 577 1190 1041|0.001 -0.019574620782919494 0.08874970464880505 -0.07564653814381539
3464 5000 3464 1709 1709 2828 2828 250 650 1000 650 4123 1781 2000|0.001 -0.06571929246203201 0.0203088772691018 0.008448455544236566
650 250 650 3691 3691 3601 3601 7500 1218 6094 1218 820 4596 3605|0.001 -0.4590508714637853 0.04694402148778698 -0.001654076080374045
5004 1000 6158 3031 2956 2956 3031 533 205 533 821 5640 3198 3125|0.001 -0.02603248189740004 0.0788787184969153 0.008528076997724732
271 1000 2032 330 176 176 330 975 68 975 1651 1245 1055 222|0.001 -0.08126397042836131 0.10453116659654205 0.04773378021106778
2956 533 3031 6158 5004 205 821 1000 2956 533 3031 3198 5640 3125|0.001 -0.03608944781020029 0.09692830662234586 0.00482020251734383
3691 7500 3691 650 650 1218 1218 250 3601 6094 3601 4596 820 3605|0.001 -0.4013322964027155 0.09345071515927117 -0.010636888281133627
385 1000 1540 5683 5543 5543 5683 1875 9382 1875 11547 1262 5551 5860|0.001 -0.10763781550200635 0.08250385355331735 -0.006305533249887363
338 1025 180 69 1692 2083 278 1000 338 1025 180 1082 1057 1908|0.001 -0.09691408818221503 -0.018008207721327274 -2.4706122875687675
14402 24375 14402 2598 2598 4871 4871 4000 14765 30000 14765 15225 3279 15580|0.001 -2.0770946274643354 0.07501447444897114 0.00016410760815599446
200 1231 200 591 591 606 606 41 107 164 107 1127 625 592|0.001 -0.005496644821000318 0.058008505237088226 0.0006135123664074982
69 1000 1692 338 180 180 338 1025 278 1025 2083 1057 1001 228|0.001 -0.0960888875474808 0.1423965493272661 0.01607549419770038
6158 1000 5004 2956 3031 3031 2956 533 821 533 205 5640 2960 3774|0.001 -0.05627723134804641 0.05009891265058908 0.014779758524101627
2598 4000 2598 14402 14402 14765 14765 24375 4871 30000 4871 3279 15225 15580|0.001 -3.5211861160513402 0.02575777663977874 -0.004993177780860947
146 1000 585 2390 2106 2106 2390 1875 3565 1875 4388 1042 2203 2227|0.001 -0.10659414987457594 0.09961121794068495 -0.0021349790097491272
4085 7500 4085 1709 1709 3205 3205 250 3601 6094 3601 4918 1781 3766|0.001 -0.4702678728681575 0.05889073794469013 0.04225549185609356
6837 4000 6837 14402 14402 16340 16340 24375 12820 30000 12820 7124 15225 20561|0.001 -2.4250927831964617 0.027451935992137688 -0.010078769690389233
14402 24375 14402 6837 6837 12820 12820 4000 16340 30000 16340 15225 7124 20561|0.001 -1.1104647105888188 0.05910316049736686 -0.007682834913919079
890 1135 475 69 1692 2083 278 1000 890 1135 475 1428 1057 2078|0.001 -0.09578011380339868 -0.011233301729799416 -2.4373533802069125
1709 250 1709 4085 4085 3601 3601 7500 3205 6094 3205 1781 4918 3766|0.001 -0.6530400342190612 0.03234522719863131 -0.028790131309469613
245 1000 1836 785 418 418 785 881 61 881 1492 1204 1258 436|0.001 -0.04826246314682647 0.11831109782921567 0.04039002289892624
1123 533 1275 2340 1901 78 312 1000 1123 533 1275 1604 2334 1188|0.001 -0.035854689954382124 0.09757707390145143 0.004866219666821436
2340 1000 1901 1123 1275 1275 1123 533 312 533 78 2334 1175 1534|0.001 -0.013148894843147962 0.08853607227238047 0.02223024617249436
69 1000 1692 890 475 475 890 1135 278 1135 2083 1057 1046 495|0.001 -0.0644132706234879 0.10859148691328757 0.013917698723842076
526 1231 526 591 591 670 670 41 281 164 281 1228 625 618|0.001 -0.008360852521195339 0.05550724242340488 0.007392359722708797
1901 1000 2340 1275 1123 1123 1275 533 78 533 312 2334 1604 1188|0.001 0.0016844776708313525 0.09851113896141017 0.04624624174913272
354 500 354 354 354 66 66 500 326 406 326 791 791 391|0.001 -0.036316567323766424 0.09750811843162399 0.0029221613344221353
1414 1000 2828 1000 921 921 1000 187 1149 187 1414 2236 1106 1572|0.001 -0.022603871775508377 0.07699944824198335 0.0003962487514685975
187 921 1000 2828 1414 1149 1414 1000 187 921 1000 1106 2236 1288|0.001 -0.08513595588760303 0.1524742514851507 0.01903257708298689
354 500 354 354 354 326 326 500 66 406 66 791 791 391|0.001 -0.04480860888489646 0.05912912006570625 0.001306784912573633
6128 1000 7542 5333 4910 4910 5333 5333 7542 5333 15085 6872 5333 8386|0.001 -0.576311547972268 0.16095941472290987 -0.008158563872506797
2828 1000 1414 187 1000 1000 187 921 1414 921 1149 2236 1000 2236|0.001 -0.10155421792927832 0.06750336016237535 -0.4595444303164742
133 812 133 707 707 651 651 2000 707 1000 707 911 1581 707|0.001 -0.05368939269291939 0.040645612832994615 -0.0017234508503671808
4910 5333 5333 7542 6128 7542 15085 1000 4910 5333 5333 5333 6872 8386|0.001 -0.042843616903709414 0.13366462001685786 0.13866261020378357
707 2000 707 651 651 707 707 812 133 1000 133 1581 1112 707|0.001 -0.0974269353629642 0.01999586962929234 0.0038052530827159536
2828 1000 1414 921 1000 1000 921 187 1414 187 1149 2236 1000 2236|0.001 -0.006049561626338962 0.0508698213288028 0.0029624389673621465
204 1086 1086 1536 1248 1536 3072 1000 204 1086 1086 1086 1708 1399|0.001 -0.09485222448555208 0.14069547894490997 0.01551352009523388
651 812 651 707 707 133 133 2000 707 1000 707 1112 1581 707|0.001 -0.04303156791601204 0.10892314630899902 0.005643838854672012
5333 5333 4910 6128 7542 15085 7542 1000 5333 5333 4910 5897 6872 11926|0.001 -0.6276113861304666 0.011026329606051988 -0.19058495231369932
1536 1000 1248 204 1086 1086 204 1086 3072 1086 1536 1708 1201 2429|0.001 -0.09664765567471201 -0.03833873477651628 -0.4262219326982297
163 1231 163 801 801 870 870 1231 870 2462 870 1121 1368 962|0.001 -0.20292603369352236 0.09900971111945545 0.004237158942350661
7542 1000 6128 4910 5333 5333 4910 5333 15085 5333 7542 6872 5897 11926|0.001 -0.4417797959771508 -0.050252485177039175 -0.011295998759472958
921 188 1000 943 1052 730 696 533 491 100 533 1106 1083 1488|0.001 -0.016694843863225284 0.005649748382647868 -0.014516091401505227
566 1116 1061 1061 566 521 977 738 106 774 199 1149 1456 625|0.001 -0.14145513590849257 0.07342630537903183 0.04937820685256389
3893 533 3712 5333 4910 2619 2844 5333 5611 2844 5028 3569 5333 3061|0.001 -0.22697276702727254 0.07603533019440611 -0.001842794286157634
1768 1875 1305 187 1000 1875 352 921 1972 1726 1369 2574 1000 2577|0.001 -0.17679073590887828 0.08015907972387382 -0.7429574253507887
4910 5333 5333 6960 7300 10520 9428 1875 9207 10000 10000 5333 7792 14881|0.001 -0.9003783466421189 0.05747396027377949 -0.015998140705457686
1061 738 566 566 1061 199 106 1116 977 774 521 791 1458 1173|0.001 -0.0820056554920523 0.025547431141415 -0.019500780340833135
187 921 1000 1768 1305 1369 1972 1875 352 1726 1875 1106 1398 1461|0.001 -0.21086912140730218 0.20905208204091252 0.001504420911417892
204 1086 1086 1143 793 756 1024 533 109 579 579 1086 1616 846|0.001 -0.04864094136693198 0.10128397633563102 -0.012688495364633345
467 694 875 951 507 95 178 896 507 662 951 1415 1306 507|0.001 -0.08325488754311494 0.11913315288387683 0.011286657795299693
5333 5333 4910 3893 3712 5028 5611 533 2844 2844 2619 5897 4156 3975|0.001 -0.149043976108707 0.07687807768803623 0.02919406946115144
1143 533 793 204 1086 579 109 1086 1024 579 756 623 1201 1493|0.001 -0.053762627886073666 0.08608659775957817 -0.22845445545097598
6960 1875 7300 4910 5333 10000 9207 5333 9428 10000 10520 6692 5897 13728|0.001 -0.7619807416878333 0.04735738131894429 -0.06809108730554181
1086 1086 204 1487 2142 1920 1417 1875 2037 2037 382 1201 3031 2206|0.001 0.0006170990384157804 0.1798440323258399 0.020219445193550012
951 896 507 467 875 951 507 694 178 662 95 1030 546 951|0.001 -0.07656432020676451 0.06511768697688103 -0.07730761542045661
693 600 566 566 566 342 521 200 130 125 106 825 721 676|0.001 -0.01838422974799192 0.034942692244923634 -0.02382040293736787
1179 1225 1886 5333 4910 3223 5333 5333 5657 6532 9428 1546 5333 3667|0.001 -0.3660160620771169 0.23509963896889197 0.005189099149514043
530 625 650 2828 2828 2604 1709 5000 2828 3000 3464 1132 3606 2828|0.001 -0.268844733821032 -0.024053434865712875 -0.0144770088809687
230 604 1225 1768 354 221 1061 1000 187 921 1000 1195 1275 400|0.001 -0.04598236729292049 0.14330659178064975 0.02885662182472215
866 816 1443 816 493 752 816 188 180 153 289 1658 976 561|0.001 -0.01726407317061085 0.0535733274774719 0.01831426349111931
1768 1225 1061 921 1000 1000 604 187 354 230 221 2031 1000 1275|0.001 -0.008769267860836427 0.08391811145168626 -0.0005841135773276829
5333 5333 4910 1179 1886 9428 5657 1225 5333 6532 3223 5897 2134 6799|0.001 -0.4360607949710027 0.03813124622660924 -0.46114856878954225
1039 1600 849 4167 2735 4525 4525 4800 5543 8000 4525 1811 3111 5407|0.001 -0.6933214119516196 -0.033870620058777945 -0.01671809926781509
1540 816 962 2632 4355 4355 4009 5333 7698 4355 4619 1262 5203 5551|0.001 -0.03763099091097066 0.2228263951806264 0.02293239262509239
943 1667 1155 570 868 943 943 208 177 333 217 1374 648 943|0.001 -0.02189733707941177 0.07805177520553874 0.013155363777359597
650 625 530 3691 3691 3601 3872 7500 1218 6797 994 820 4596 3605|0.001 -0.7249476235560826 0.002328179331758662 -0.017280440788572937
6835 1225 7542 3712 3893 3621 3712 533 629 653 1006 6908 3569 4434|0.001 -0.07272531268016302 0.031845262894187876 0.007441878547891356
271 1000 2032 330 176 144 269 975 169 1049 1841 1245 1055 307|0.001 -0.1351756158137951 0.14889143135434324 0.023154793094946058
2956 533 3031 6158 5581 513 821 816 3179 435 3031 3198 6212 3386|0.001 -0.03634338330805509 0.09776285107042426 0.00379409221217486
3691 7500 3691 650 530 994 1218 625 3872 6797 3601 4596 1132 4132|0.001 -0.453469000191532 0.09302710778311907 -0.018708632020864036
330 975 176 271 2032 1841 169 1000 269 1049 144 977 1245 2050|0.001 -0.09161562069266327 0.01033431336417756 -0.5741478409481926
962 816 1540 5683 5543 5961 5683 1875 10464 1531 11547 1743 5551 6789|0.001 -0.11427765507057153 0.06316331688192678 -0.0010149857839547582
257 953 137 161 1756 1937 258 930 315 953 168 917 1065 1954|0.001 -0.09331862290389403 0.000995577370237477 -0.9628713559364965
5761 10875 6194 849 1039 1949 1591 1600 5906 12000 5906 6598 1811 6232|0.001 -0.6900902710845869 0.07339704918896128 -0.06682319035823503
3712 533 3893 6835 7542 1006 629 1225 3712 653 3621 4156 7608 4622|0.001 -0.03744753493458264 0.09718640276276336 -0.0006566236665050962
179 1103 146 570 530 543 543 92 96 147 78 1113 649 530|0.001 -0.0037176418529505373 0.05407655105042375 0.008429528556599397
161 930 1756 257 137 168 315 953 258 953 1937 1139 1067 292|0.001 -0.11539184115110457 0.1519611988784475 0.050357211199305585
6158 816 5581 2956 3031 3031 3179 533 821 435 513 5640 2960 3774|0.001 -0.02209237872299541 0.08414632182216053 0.008446937508945762
849 1600 1039 5761 6194 5906 5906 10875 1591 12000 1949 1311 7055 5678|0.001 -0.4276541238669074 0.11130577965924093 0.000617545464474123
240 656 1152 2142 1487 1383 1569 1875 2610 1231 4320 1194 1169 1584|0.001 -0.07545017617927363 0.14619514893800423 0.0071015928441897636
875 694 467 538 2016 1218 112 732 574 645 306 546 1205 1972|0.001 -0.10304214628171326 -0.013476143579510547 -0.21194687427634862
1362 3750 1860 868 570 1068 1628 208 1200 2266 1291 2241 1037 1255|0.001 -0.09395564120831423 0.10655379647808827 0.0693919027158274
2735 4800 4167 6194 5761 6536 8926 10875 5128 18000 7812 3111 6598 8224|0.001 -2.1618383803766705 -0.045628869979016384 -0.04798033563529258
2142 1875 1487 240 1152 4320 2610 656 1569 1231 1383 3031 747 2581|0.001 -0.2883679334535316 -0.014721098516862208 -1.7424255084324447
6194 10875 5761 2735 4167 7812 5128 4800 8926 18000 6536 7055 4976 12627|0.001 -1.161407686860444 0.09143286966160291 0.02704596027921058
890 1135 475 174 1888 3125 833 1075 1356 1549 723 1428 1225 3055|0.001 -0.1003097519485785 -0.03507001547325639 -1.2595266066627209
868 208 570 1362 1860 1291 1200 3750 1628 2266 1068 648 2791 1014|0.001 -0.2787208149040765 0.00585551600123857 -0.03558555249837725
538 732 2016 875 467 306 574 694 112 645 1218 1501 1415 557|0.001 -0.04912222399818145 0.11681003514530275 0.016774524419349568
793 533 1143 2304 1392 128 614 656 737 350 837 1616 2253 903|0.001 -0.028508862187304196 0.10015383131696032 0.007667192811562362
2304 656 1392 793 1143 837 737 533 614 350 128 1664 623 1715|0.001 -0.0046609402540320755 0.09061777298260187 0.011596915363947247
174 1075 1888 890 475 723 1356 1135 833 1549 3125 1145 1046 864|0.001 -0.09722820375607122 0.13578627544251098 0.002167754458652915
718 1655 472 530 570 821 601 92 383 441 251 1618 607 448|0.001 -0.04579840033384075 0.042367426086129534 -0.03150308388351286
1275 533 1123 2121 3510 936 195 1523 1741 812 1208 1175 3432 2097|0.001 -0.04606138729078113 0.10534894328533939 -0.031550480523233615
418 881 785 2754 734 153 1664 1366 637 948 1195 1258 1646 476|0.001 -0.005384812924866811 0.15758438760781202 0.034968963774513195
2121 1523 3510 1275 1123 1208 1741 533 195 812 936 2535 1604 1287|0.001 -0.07329243637764216 0.10918909308202274 -0.05260107544138526
354 500 354 354 433 81 66 750 214 453 326 791 829 422|0.001 -0.034516269200527416 0.0863910502686327 0.001899689235715929
2121 1225 2828 1000 921 604 1000 187 1282 230 1414 2345 1106 2074|0.001 -0.01566502058831798 0.09784488239275468 -0.007680649760148928
187 921 1000 2828 1414 1282 2121 1000 230 604 1225 1106 2236 1295|0.001 -0.09574457101837353 0.15267578427223594 0.02939855342689146
354 750 433 354 354 326 214 500 66 453 81 1061 791 391|0.001 -0.06566337170624936 0.04819337139891022 -0.020971124833216725
5581 816 6158 4355 2632 4009 4355 5333 9238 4355 12317 6212 3079 9033|0.001 -0.2789061667350168 0.09273837373104943 -0.00037763323269102145
2828 1000 1414 187 1000 1225 230 921 2121 604 1282 2236 1000 2345|0.001 -0.0847736338739602 0.03851256820364801 -0.3596293632713765
162 906 133 707 707 427 651 2000 866 1500 707 916 1581 500|0.001 -0.12074551796783961 0.10913671204634046 0.004597771321854793
4910 5333 5333 7542 6835 11314 15085 1225 3223 6532 5333 5333 6908 8172|0.001 -0.23134114278455797 0.10791983800776839 0.050510537147681056
577 1333 471 434 285 471 471 604 108 667 88 1414 978 333|0.001 -0.009100320970212294 0.07699078679356486 0.03216669471919342
2309 816 1732 493 816 816 752 188 1155 153 1046 1915 577 1826|0.001 -0.018566152841723582 0.02846683754034629 -0.016911277014477477
380 1655 2027 3510 2121 2340 4680 1523 310 1655 1655 1170 2535 2143|0.001 -0.1587152835571648 0.13323236683926654 0.009552102076963997
434 604 285 577 471 88 108 1333 471 667 471 722 1106 471|0.001 -0.06822608322890611 0.0834367911935896 -0.0022395426019983233
4355 5333 2632 5581 6158 12317 9238 816 4355 4355 4009 5203 5640 9737|0.001 -0.5954915681940431 0.0267940616151896 -0.13385571368725757
3510 1523 2121 380 2027 1655 310 1655 4680 1655 2340 3432 1977 3881|0.001 -0.09526414190149768 -0.04393741269190787 -0.40846202483161287
146 1103 179 472 718 780 780 1655 780 2207 956 1011 1618 863|0.001 -0.1266352182398489 0.24254469005973167 0.026101905589563934
7542 1225 6835 4910 5333 5333 3223 5333 15085 6532 11314 7608 5897 11926|0.001 -0.23587062843371198 0.10779768318968985 0.004922820049451104
1000 1000 1000 1000 1000 1000 1000 1000 1000 1000 1000 1414 1414 1414|0.001 -0.09263728067217425 0.052483160222038805 -0.02118740809223807
1000 1000 1000 1000 1000 1000 1000 1000 1000 1000 1000 1414 1414 1414|0.001 -0.02503779774686188 0.10711114897962393 0.025112874216643988
1000 1000 1000 1000 1000 1000 1000 1000 1000 1000 1000 1414 1414 1414|0.001 -0.070249146240422 0.08479444380808276 0.003591074981417197
1000 1000 1000 1000 1000 1000 1000 1000 1000 1000 1000 1414 1414 1414|0.001 -0.13227834004906902 0.03141304387727528 -0.028038880279156464
1000 1000 1000 1000 1000 1000 1000 1000 1000 1000 1000 1414 1414 1414|0.001 -0.079335108317109 0.061539170350086714 0.014691766487775482
1000 1000 1000 1000 1000 1000 1000 1000 1000 1000 1000 1414 1414 1414|0.001 -0.05103388654726704 0.08096915712864305 0.0016216077431518983
1000 1000 1000 1000 1000 1000 1000 1000 1000 1000 1000 1414 1414 1414|0.001 -0.007723548570282013 0.11343651408662225 0.01728984909624698
1000 1000 1000 1000 1000 1000 1000 1000 1000 1000 1000 1414 1414 1414|0.001 -0.0875839858370675 0.04827157067262888 -0.002931681328501856
1000 1000 1000 1000 1000 1000 1000 1000 1000 1000 1000 1414 1414 1414|0.001 -0.12368204483475753 0.017965727701156897 -0.009231412819640239
1000 1000 1000 1000 1000 1000 1000 1000 1000 1000 1000 1414 1414 1414|0.001 -0.036558357756278914 0.07975835265272346 0.009551505301754748
1000 1000 1000 1000 1000 1000 1000 1000 1000 1000 1000 1414 1414 1414|0.001 -0.01765390918472276 0.13876217850015804 0.03481853277746527
1000 1000 1000 1000 1000 1000 1000 1000 1000 1000 1000 1414 1414 1414|0.001 -0.02404563787792746 0.1450822085193182 0.04814923935151372
1000 1000 1000 1000 1000 1000 1000 1000 1000 1000 1000 1414 1414 1414|0.001 -0.024548971481109794 0.056187708927015745 0.005009726441063123
1000 1000 1000 1000 1000 1000 1000 1000 1000 1000 1000 1414 1414 1414|0.001 -0.005727391882672794 0.13934318998538364 0.032139037648266644
1000 1000 1000 1000 1000 1000 1000 1000 1000 1000 1000 1414 1414 1414|0.001 -0.0340063879529473 0.09617561668025187 0.014658804133302894
1000 1000 1000 1000 1000 1000 1000 1000 1000 1000 1000 1414 1414 1414|0.001 -0.052778041490192384 0.11478238565406418 0.029374743649508428
1000 1000 1000 1000 1000 1000 1000 1000 1000 1000 1000 1414 1414 1414|0.001 -0.08964393717594388 0.03256055509099909 -0.020169889911548777
1000 1000 1000 1000 1000 1000 1000 1000 1000 1000 1000 1414 1414 1414|0.001 0.01609797932442092 0.1670015525028723 0.04628274006045041
1000 1000 1000 1000 1000 1000 1000 1000 1000 1000 1000 1414 1414 1414|0.001 -0.017109525766161315 0.13122477272260014 0.04373970388898751
1000 1000 1000 1000 1000 1000 1000 1000 1000 1000 1000 1414 1414 1414|0.001 -0.11177237403905416 0.05898743814860996 -0.01278079324713799
1000 1000 1000 1000 1000 1000 1000 1000 1000 1000 1000 1414 1414 1414|0.001 0.005396883378827599 0.16734320079703657 0.04445209103775216
1000 1000 1000 1000 1000 1000 1000 1000 1000 1000 1000 1414 1414 1414|0.001 -0.12471170336689874 0.039225693935664996 -0.025013732187488813
1000 1000 1000 1000 1000 1000 1000 1000 1000 1000 1000 1414 1414 1414|0.001 -0.02772784072698653 0.06397224631817133 0.0008417258764681357
1000 1000 1000 1000 1000 1000 1000 1000 1000 1000 1000 1414 1414 1414|0.001 0.009186589498286768 0.14463872975692738 0.029626762533609963
625 1000 625 333 333 333 333 1000 625 1000 625 1179 1054 708|0.001 -0.059962991811587374 0.11612108513934016 0.02321257751968453
3000 1000 3000 1875 1875 1875 1875 1000 3000 1000 3000 3162 2125 3538|0.001 -0.08478778485359273 0.06705755211436903 -0.01818919781518713
533 1000 533 1600 1600 1600 1600 1000 533 1000 533 1133 1887 1687|0.001 -0.08095192723141964 0.018443919537201037 -0.008078849549980616
1600 1000 1600 533 533 533 533 1000 1600 1000 1600 1887 1133 1687|0.001 -0.03045241512160013 0.12838949233937358 0.024602032737852664
1875 1000 1875 3000 3000 3000 3000 1000 1875 1000 1875 2125 3162 3538|0.001 -0.09911143665460531 0.06592093430024537 0.003076529983874199
333 1000 333 625 625 625 625 1000 333 1000 333 1054 1179 708|0.001 -0.03735619609163576 0.12156933425756522 -0.01110152194628955
625 1000 625 333 333 333 333 1000 625 1000 625 1179 1054 708|0.001 -0.11087256398615963 0.07164848085284392 -0.018035474234999738
533 1000 533 1600 1600 1600 1600 1000 533 1000 533 1133 1887 1687|0.001 -0.01663761860862034 0.12040021277877955 0.02205259468437637
3000 1000 3000 1875 1875 1875 1875 1000 3000 1000 3000 3162 2125 3538|0.001 0.024696805851205372 0.15421935228516093 0.04695499402698866
1600 1000 1600 533 533 533 533 1000 1600 1000 1600 1887 1133 1687|0.001 -0.09391266204703652 0.05858484105982331 -0.0030619370416418157
333 1000 333 625 625 625 625 1000 333 1000 333 1054 1179 708|0.001 -0.08367411342371955 0.08495136791599078 0.0021628056251632444
1875 1000 1875 3000 3000 3000 3000 1000 1875 1000 1875 2125 3162 3538|0.001 -0.0694608680619413 0.07091912329814765 0.02557842881589334
1875 1000 1875 3000 3000 3000 3000 1000 1875 1000 1875 2125 3162 3538|0.001 -0.058703933001368336 0.03465567085209731 -0.006210155195576217
333 1000 333 625 625 625 625 1000 333 1000 333 1054 1179 708|0.001 -0.10136575570222073 0.07035403607373647 0.000605393267005816
1600 1000 1600 533 533 533 533 1000 1600 1000 1600 1887 1133 1687|0.001 -0.008682923584751867 0.16339898963183774 0.05310590475251287
3000 1000 3000 1875 1875 1875 1875 1000 3000 1000 3000 3162 2125 3538|0.001 -0.17375684095362387 -0.009169201638704605 -0.06592816939229196
533 1000 533 1600 1600 1600 1600 1000 533 1000 533 1133 1887 1687|0.001 -0.07920053374647518 0.10017533706301984 0.003496072877404721
625 1000 625 333 333 333 333 1000 625 1000 625 1179 1054 708|0.001 -0.05600954115400292 0.10489068405174162 0.014069675118095759
1875 1000 1875 3000 3000 3000 3000 1000 1875 1000 1875 2125 3162 3538|0.001 -0.09779156024328439 0.010615409534258102 -0.015305638102891539
1600 1000 1600 533 533 533 533 1000 1600 1000 1600 1887 1133 1687|0.001 -0.08675951515015212 0.06951885520226853 0.006208581508326816
333 1000 333 625 625 625 625 1000 333 1000 333 1054 1179 708|0.001 -0.09297827729046859 0.016014668607302607 -0.013873915396509506
3000 1000 3000 1875 1875 1875 1875 1000 3000 1000 3000 3162 2125 3538|0.001 -0.07931925365169401 0.07926466302157653 0.013451066237013531
533 1000 533 1600 1600 1600 1600 1000 533 1000 533 1133 1887 1687|0.001 -0.08624580382578517 0.05531186598887183 -0.010191926419228503
625 1000 625 333 333 333 333 1000 625 1000 625 1179 1054 708|0.001 -0.09720632061253509 0.0476305317765946 -0.0103529791614132
1744 1000 581 310 581 581 310 1036 1744 1036 581 1419 1157 1838|0.001 -0.04245074896962242 0.0419521713025528 -0.04881127650313566
3342 1875 3226 1875 1875 5625 5625 1000 3342 1875 3226 3731 2125 4660|0.001 -0.16724415312297958 0.056226790902931256 -0.07704723984765183
533 1000 533 1720 1720 1783 1783 3000 1000 3000 1000 1133 2441 1990|0.001 -0.2697291765467036 0.06399435251448926 0.01775052482770878
573 333 573 333 333 178 178 1000 594 333 594 814 1054 600|0.001 -0.04609180461168427 0.037899251795556754 0.0006376633620308603
3000 1000 3000 1720 1783 1783 1720 533 1000 533 1000 3162 1801 2486|0.001 -0.03509329933985783 0.08516743507460678 -0.022306611347433503
310 1036 581 1744 581 581 1744 1000 310 1036 581 1047 1419 659|0.001 -0.06881874953909128 0.1426220639505904 0.06216435017169841
581 1000 1744 581 310 310 581 1036 581 1036 1744 1419 1047 659|0.001 -0.09368600248624626 0.1193543671345676 0.024758998430121082
333 1000 333 573 573 594 594 333 178 333 178 1054 814 600|0.001 -0.0015657704498361902 0.09862003681974985 0.013949687735554939
1783 533 1720 3000 3000 1000 1000 1000 1783 533 1720 1801 3162 2486|0.001 -0.0435266478308205 0.06221417852260824 0.004154499283326452
1720 3000 1720 533 533 1000 1000 1000 1783 3000 1783 2441 1133 1990|0.001 -0.14771421792750816 0.08437495714778365 -0.010821994081047226
581 1036 310 581 1744 1744 581 1000 581 1036 310 1157 1419 1838|0.001 -0.07028214377750142 0.024489064165678087 -0.1392828242516464
1875 1000 1875 3226 3342 3342 3226 1875 5625 1875 5625 2125 3731 4660|0.001 -0.13320693847186482 0.07697584495314214 -0.008794710066928335
1875 1000 1875 3342 3226 3226 3342 1875 5625 1875 5625 2125 3377 4577|0.001 -0.10965471505695046 0.11313381877456008 0.017514699079812512
561 965 299 561 1683 1683 561 1000 561 965 299 1010 1394 1774|0.001 -0.09233819668550414 -0.03205294980844875 -0.19477602622149925
1783 3000 1783 533 533 1000 1000 1000 1720 3000 1720 2486 1133 1801|0.001 -0.2581464852095583 0.039243839741538444 -0.04963768284889536
1720 533 1783 3000 3000 1000 1000 1000 1720 533 1783 1990 3162 2441|0.001 -0.03561024286112602 0.08513569003062882 0.002034243674586822
333 1000 333 594 594 573 573 333 178 333 178 1054 829 663|0.001 -0.054781435694715164 0.03309843925875633 -0.03288252690669902
561 1000 1683 561 299 299 561 965 561 965 1683 1394 1116 636|0.001 -0.04833229557151597 0.12175708166078936 0.06587026224982528
3000 1000 3000 1783 1720 1720 1783 533 1000 533 1000 3162 1990 2441|0.001 -0.025931228426392394 0.06571096623160244 0.01410683010375724
594 333 594 333 333 178 178 1000 573 333 573 829 1054 663|0.001 -0.0466860122611823 0.03534505643906005 0.001257633806028835
299 965 561 1683 561 561 1683 1000 299 965 561 1116 1394 636|0.001 -0.020304489690278205 0.1322160499364533 0.019180522194881533
3226 1875 3342 1875 1875 5625 5625 1000 3226 1875 3342 3377 2125 4577|0.001 -0.20844787131191644 0.07193622942629041 -0.042867039425180664
533 1000 533 1783 1783 1720 1720 3000 1000 3000 1000 1133 2486 1801|0.001 -0.23224159752796125 0.06480994333654788 -0.01779951020024928
1683 1000 561 299 561 561 299 965 1683 965 561 1394 1010 1774|0.001 -0.04658350625063368 0.030455792956867178 -0.047581459522655356
625 1000 625 690 1114 1114 690 1875 1875 1875 1875 1179 1998 1553|0.001 -0.19368182257601507 0.05135005092081979 0.0075395847007042605
2719 1615 1450 906 2719 2719 906 1000 2719 1615 1450 2897 1861 3845|0.001 -0.1254755316577283 -0.0517257983713848 -0.2646406041290805
1104 3000 1104 1600 1600 3000 3000 1000 1783 3000 1783 2054 1887 3197|0.001 -0.2613987604406598 0.05290519809389327 0.010503525797722624
1600 1000 1600 1783 1783 1104 1104 3000 3000 3000 3000 1887 2486 1944|0.001 -0.2864058336365993 0.007756597930601572 -0.0033717131663790756
1683 1000 561 898 1683 1683 898 619 1683 619 561 1394 1090 2380|0.001 -0.06373780811699037 -0.013291620867520448 -0.05360002793802443
690 1875 1114 625 625 1875 1875 1000 690 1875 1114 1215 1179 1284|0.001 -0.21039765809702682 0.06905324755723585 -0.04461763969912713
625 1000 625 1114 690 690 1114 1875 1875 1875 1875 1179 1215 1284|0.001 -0.03862508026878042 0.09175186365861121 0.0064239003663213445
1783 3000 1783 1600 1600 3000 3000 1000 1104 3000 1104 2486 1887 1944|0.001 -0.25325938400130754 0.06535540094096293 -0.08493491975100853
1683 619 898 561 1683 1683 561 1000 1683 619 898 1090 1394 2380|0.001 -0.09324402675513932 0.016188919090678322 -0.17573366073610597
1600 1000 1600 1104 1104 1783 1783 3000 3000 3000 3000 1887 2054 3197|0.001 -0.1771525957334641 0.0794679164628187 -0.003057459028785736
1114 1875 690 625 625 1875 1875 1000 1114 1875 690 1998 1179 1553|0.001 -0.22111478365048787 0.024043586567010777 -0.025674523205831967
2719 1000 906 1450 2719 2719 1450 1615 2719 1615 906 1861 2897 3845|0.001 -0.052138076338038575 0.01630160433810035 -0.0551777108330187
906 1000 2719 2719 1450 1450 2719 1615 906 1615 2719 1861 1761 1710|0.001 -0.1462474760760324 0.1216311957650218 0.025686012226862065
594 533 368 1000 1000 333 333 1000 594 533 368 648 1414 829|0.001 -0.026561554074945315 0.11647284740128105 0.006676637065872182
1000 1000 1000 368 368 594 594 333 533 333 533 1414 685 648|0.001 -0.02213856699238792 0.07387036594921792 0.007102788900912316
898 619 1683 1683 561 561 1683 1000 898 619 1683 1793 1394 1058|0.001 -0.0714844426377148 0.14364366829876518 0.06306362150734213
594 333 594 1000 1000 533 533 1000 368 333 368 829 1414 1066|0.001 -0.033109274102014474 0.054245039797766736 0.003900825443763356
1000 1000 1000 594 368 368 594 533 333 533 333 1414 1066 685|0.001 -0.0797060481399503 0.05256044053894904 -0.028155136709494544
561 1000 1683 1683 898 898 1683 619 561 619 1683 1394 1793 1058|0.001 -0.00488036212044296 0.06189100335475706 0.021575743915480672
1000 1000 1000 594 594 368 368 333 533 333 533 1414 829 1066|0.001 -0.010630704359535503 0.08200310854187709 0.009182216917675845
368 533 594 1000 1000 333 333 1000 368 533 594 1066 1414 685|0.001 -0.021545694101273716 0.10988868513330585 0.00796208607725779
1450 1615 2719 2719 906 906 2719 1000 1450 1615 2719 1761 1861 1710|0.001 -0.0628465782601062 0.13605502177294282 0.05273287517634673
368 333 368 1000 1000 533 533 1000 594 333 594 685 1414 648|0.001 -0.03720583409321465 0.04713911492208789 0.004550786213224356
1000 1000 1000 368 594 594 368 533 333 533 333 1414 648 829|0.001 -0.009991435356363487 0.10370520351887347 0.036256693849305854
333 1000 333 1000 1000 1000 1000 1000 333 1000 333 1054 1414 1054|0.001 -0.0584751713477627 0.10875432350158754 0.032518392881843994
1000 1000 1000 333 333 333 333 1000 1000 1000 1000 1414 1054 1054|0.001 -0.006305724732550422 0.1465430056417727 0.03545595651901934
3000 1000 3000 3000 3000 3000 3000 1000 3000 1000 3000 3162 3162 4243|0.001 -0.10657166824548758 0.012796281873916904 -0.012010024038315859
3000 1000 3000 3000 3000 3000 3000 1000 3000 1000 3000 3162 3162 4243|0.001 -0.04056032350137073 0.11416829898939218 0.016730541098890495
333 1000 333 1000 1000 1000 1000 1000 333 1000 333 1054 1414 1054|0.001 -0.09837659179510183 0.027897528461535703 -0.02371147282162811
1000 1000 1000 333 333 333 333 1000 1000 1000 1000 1414 1054 1054|0.001 -0.03823449847251581 0.132336389740082 0.012546040870371478
333 1000 333 1000 1000 1000 1000 1000 333 1000 333 1054 1414 1054|0.001 -0.1277774144689725 0.02181323377388411 -0.00039526853801374884
3000 1000 3000 3000 3000 3000 3000 1000 3000 1000 3000 3162 3162 4243|0.001 -0.08880844771639085 0.016250505853065977 -0.0034025836823758926
1000 1000 1000 333 333 333 333 1000 1000 1000 1000 1414 1054 1054|0.001 -0.0020502303475145034 0.1360092361937637 0.042653923144793104
3000 1000 3000 3000 3000 3000 3000 1000 3000 1000 3000 3162 3162 4243|0.001 -0.09460890751948003 0.07452339896135918 -0.0020274753623406028
1000 1000 1000 333 333 333 333 1000 1000 1000 1000 1414 1054 1054|0.001 -0.11697796418990936 0.059855193190803124 -0.014616399277465053
333 1000 333 1000 1000 1000 1000 1000 333 1000 333 1054 1414 1054|0.001 -0.1308323105034026 0.020515809672609908 -0.026140115937945962
333 1000 333 1000 1000 1000 1000 1000 333 1000 333 1054 1414 1054|0.001 0.011203714849832291 0.15600040831547313 0.040951391609003185
1000 1000 1000 333 333 333 333 1000 1000 1000 1000 1414 1054 1054|0.001 -0.12136429606010801 0.06339463558924896 -0.028031878593118842
3000 1000 3000 3000 3000 3000 3000 1000 3000 1000 3000 3162 3162 4243|0.001 -0.08146567384683445 0.07831677077903665 -0.021899232310834682
1000 1000 1000 333 333 333 333 1000 1000 1000 1000 1414 1054 1054|0.001 -0.012819934906367347 0.13445659822556744 0.032040376941175897
3000 1000 3000 3000 3000 3000 3000 1000 3000 1000 3000 3162 3162 4243|0.001 -0.025092862952414974 0.12865577647513948 0.02918552153762688
333 1000 333 1000 1000 1000 1000 1000 333 1000 333 1054 1414 1054|0.001 -0.021550760284406723 0.132449165998354 0.015200123268166443
333 1000 333 1000 1000 1000 1000 1000 333 1000 333 1054 1414 1054|0.001 -0.08135800009907879 0.08942357173939097 0.02901925252466908
3000 1000 3000 3000 3000 3000 3000 1000 3000 1000 3000 3162 3162 4243|0.001 -0.06670882466674466 0.06756033631176273 -0.004766695668254606
1000 1000 1000 333 333 333 333 1000 1000 1000 1000 1414 1054 1054|0.001 -0.08723330604389123 0.10038286950183162 -0.002875544060878532
1000 1000 1000 333 333 333 333 1000 1000 1000 1000 1414 1054 1054|0.001 -0.07317238908902235 0.06677253116178061 -0.0016315257212551337
3000 1000 3000 3000 3000 3000 3000 1000 3000 1000 3000 3162 3162 4243|0.001 -0.07947170422231808 0.09696737278943601 -0.015806806200712176
333 1000 333 1000 1000 1000 1000 1000 333 1000 333 1054 1414 1054|0.001 -0.09362027868357381 0.07007502081143757 0.010555271943453182
333 1000 333 178 178 178 178 1000 333 1000 333 1054 1016 378|0.001 -0.10194815112979594 0.07696499406166124 -0.0131574298886461
5625 1000 5625 1875 1875 1875 1875 1000 5625 1000 5625 5713 2125 5929|0.001 0.010240794979352597 0.15883531973475584 0.04125589504774707
533 1000 533 3000 3000 3000 3000 1000 533 1000 533 1133 3162 3047|0.001 -0.05723686827915131 0.08372209049674284 0.012202261216700538
3000 1000 3000 533 533 533 533 1000 3000 1000 3000 3162 1133 3047|0.001 -0.037807022151702396 0.13818049026954604 0.021854305493529402
1875 1000 1875 5625 5625 5625 5625 1000 1875 1000 1875 2125 5713 5929|0.001 -0.026747602066441445 0.11228880651956485 0.020752656565352634
178 1000 178 333 333 333 333 1000 178 1000 178 1016 1054 378|0.001 -0.009054185867684028 0.08261379191432106 0.010024070861716083
333 1000 333 178 178 178 178 1000 333 1000 333 1054 1016 378|0.001 -0.07595698406663187 0.08969805885009396 -0.0005735119109184783
533 1000 533 3000 3000 3000 3000 1000 533 1000 533 1133 3162 3047|0.001 -0.12430486889705161 0.036970216812928225 -0.03171531337224587
5625 1000 5625 1875 1875 1875 1875 1000 5625 1000 5625 5713 2125 5929|0.001 -0.07818696611190057 0.10344432520860591 -0.0016779061935900952
3000 1000 3000 533 533 533 533 1000 3000 1000 3000 3162 1133 3047|0.001 -0.04357482427776005 0.13571999562123294 0.04032996228167551
178 1000 178 333 333 333 333 1000 178 1000 178 1016 1054 378|0.001 -0.15424060908299508 -0.0031173694075303793 -0.031177212048438818
1875 1000 1875 5625 5625 5625 5625 1000 1875 1000 1875 2125 5713 5929|0.001 -0.008736127503926605 0.13598331202945513 0.0397510836572712
1875 1000 1875 5625 5625 5625 5625 1000 1875 1000 1875 2125 5713 5929|0.001 -0.07698224558027822 0.039935228334431194 -0.002502048209346297
178 1000 178 333 333 333 333 1000 178 1000 178 1016 1054 378|0.001 -0.08382849996752761 0.09849646038351034 0.003829079124169077
3000 1000 3000 533 533 533 533 1000 3000 1000 3000 3162 1133 3047|0.001 -0.14864994439598989 0.026116199511101446 -0.0503665836662992
5625 1000 5625 1875 1875 1875 1875 1000 5625 1000 5625 5713 2125 5929|0.001 -0.08188095769714576 0.04686388373364325 0.007575365689742597
533 1000 533 3000 3000 3000 3000 1000 533 1000 533 1133 3162 3047|0.001 -0.014698531041300589 0.13337362679108233 0.03318455375399987
333 1000 333 178 178 178 178 1000 333 1000 333 1054 1016 378|0.001 -0.057212723301057755 0.10164090662529102 0.02752502741327989
1875 1000 1875 5625 5625 5625 5625 1000 1875 1000 1875 2125 5713 5929|0.001 -0.007145341649655856 0.14996932471085023 0.02977529880965113
3000 1000 3000 533 533 533 533 1000 3000 1000 3000 3162 1133 3047|0.001 -0.08335245391541624 0.04791533506502965 0.010627854985580942
178 1000 178 333 333 333 333 1000 178 1000 178 1016 1054 378|0.001 -0.09151921954797193 0.07233609721799761 0.008533607869385396
5625 1000 5625 1875 1875 1875 1875 1000 5625 1000 5625 5713 2125 5929|0.001 -0.08099895773532428 0.06854213121785246 0.00021337605918381186
533 1000 533 3000 3000 3000 3000 1000 533 1000 533 1133 3162 3047|0.001 -0.007731955204670626 0.14156267384098697 0.037146646180217235
333 1000 333 178 178 178 178 1000 333 1000 333 1054 1016 378|0.001 -0.022447566493420945 0.13498197529472122 0.0034407461844754295
906 1000 906 1000 1000 1000 1000 1000 2719 1000 2719 1350 1282 1861|0.001 -0.09223480134899487 0.059992114159159726 -0.006853863498825774
1000 1000 1000 906 2719 2719 906 1000 1000 1000 1000 1282 1861 2897|0.001 -0.07789177454130436 0.08452619573209086 -0.1823297156551451
1104 3000 1104 1104 1104 1104 1104 1000 1104 3000 1104 2054 1489 1414|0.001 -0.37401260795546065 0.009404287733469907 -0.05083838520326123
1104 1000 1104 1104 1104 1104 1104 3000 1104 3000 1104 1489 2054 1694|0.001 -0.29962308809254545 0.05740645754056972 0.002679203447535361
2719 1000 906 1000 1000 1000 1000 1000 2719 1000 906 1861 1535 2897|0.001 -0.0061043314288355965 0.11489284942421296 0.013615259572536953
906 1000 906 1000 1000 1000 1000 1000 2719 1000 2719 1350 1535 1861|0.001 -0.045243975441314754 0.12068967977740597 0.015268321087005265
1104 3000 1104 1104 1104 1104 1104 1000 1104 3000 1104 2054 1489 1694|0.001 -0.1438165973068939 0.06653772591194818 -0.015427450215316219
1000 1000 1000 906 2719 2719 906 1000 1000 1000 1000 1535 1861 2897|0.001 -0.07015607443073613 0.1086380143756549 -0.13072984492409567
1104 1000 1104 1104 1104 1104 1104 3000 1104 3000 1104 1489 2054 1414|0.001 -0.07287705847958792 0.12145413276787309 0.020398791064664135
2719 1000 906 1000 1000 1000 1000 1000 2719 1000 906 1861 1282 2897|0.001 -0.007352578484649541 0.12929668705775388 0.024362719395107924
906 1000 2719 1000 1000 1000 1000 1000 906 1000 2719 1861 1535 1350|0.001 -0.00674799689015404 0.156223374653508 0.04347344360100758
1000 1000 1000 2719 2719 906 906 1000 1000 1000 1000 1535 2897 1861|0.001 -0.06554876498172213 0.08932776581026536 0.006301090527816022
368 1000 368 368 368 368 368 333 368 333 368 1066 685 565|0.001 -0.01564178096082447 0.08490390699875006 0.016720896504420768
368 333 368 368 368 368 368 1000 368 333 368 685 1066 471|0.001 -0.036824317276610286 0.010096476917551556 -0.013026783132353836
2719 1000 2719 1000 1000 1000 1000 1000 906 1000 906 2897 1282 1861|0.001 -0.11905749167157809 0.04845249313115252 -0.0315977197398265
906 1000 2719 1000 1000 1000 1000 1000 906 1000 2719 1861 1282 1350|0.001 -0.06093937447947617 0.14613616094816706 0.005857194650118469
368 1000 368 368 368 368 368 333 368 333 368 1066 685 471|0.001 -0.040885957906463544 0.03545078317294781 -0.010551180067036592
1000 1000 1000 2719 2719 906 906 1000 1000 1000 1000 1282 2897 1861|0.001 -0.07497976513215932 0.059426925423211596 0.0047594128127559365
368 333 368 368 368 368 368 1000 368 333 368 685 1066 565|0.001 -0.04389465184760799 -0.0068676015701540916 -0.017750890866362612
2719 1000 2719 1000 1000 1000 1000 1000 906 1000 906 2897 1535 1861|0.001 -0.08089886570917915 0.04965143306515429 -0.001618709560160525
333 1000 333 368 368 368 368 1000 1000 1000 1000 1054 1066 685|0.001 -0.05848068123388339 0.10642271973278605 0.015747211072834055
2719 1000 2719 906 2719 2719 906 1000 2719 1000 2719 2897 1861 3845|0.001 -0.09610723743576965 0.054122357412691446 -0.2051753252689248
1104 3000 1104 3000 3000 3000 3000 1000 1104 3000 1104 2054 3162 3197|0.001 -0.4221973174884708 0.003972477521383411 -0.043965667871325165
3000 1000 3000 1104 1104 1104 1104 3000 3000 3000 3000 3162 2054 3197|0.001 -0.24917126836263015 0.09690292797058797 0.02313312785475974
2719 1000 906 2719 2719 2719 2719 1000 2719 1000 906 1861 2897 3845|0.001 -0.0055714668158968195 0.1226014881684967 0.016602323936627528
333 1000 333 368 368 368 368 1000 1000 1000 1000 1054 1066 685|0.001 -0.057534506769313376 0.14540573271244916 0.022549625513375027
1104 3000 1104 3000 3000 3000 3000 1000 1104 3000 1104 2054 3162 3197|0.001 -0.19340984224610724 0.0719548121615543 -0.011153536633858874
2719 1000 2719 906 2719 2719 906 1000 2719 1000 2719 2897 1861 3845|0.001 -0.08110193815704658 0.06284298167912761 -0.18902441764438782
3000 1000 3000 1104 1104 1104 1104 3000 3000 3000 3000 3162 2054 3197|0.001 -0.19410044011292316 0.10033246621026226 0.015541518158894707
2719 1000 906 2719 2719 2719 2719 1000 2719 1000 906 1861 2897 3845|0.001 0.011706575210588266 0.14905346468524927 0.021412042638386808
906 1000 2719 2719 2719 2719 2719 1000 906 1000 2719 1861 2897 2866|0.001 -0.026917592932116374 0.10631220974537392 0.003441788141194113
368 1000 368 1000 1000 333 333 1000 368 1000 368 1066 1414 685|0.001 -0.08396148324402053 0.0836182331300539 0.0002868178594139792
1000 1000 1000 368 368 368 368 333 1000 333 1000 1414 685 1066|0.001 -0.05257403963633944 0.008459345245277472 -0.058336487899809386
368 333 368 1000 1000 1000 1000 1000 368 333 368 685 1414 1066|0.001 -0.04323490192579493 0.00813531105778642 -0.02187707858024357
1000 1000 1000 368 368 368 368 1000 333 1000 333 1414 1066 685|0.001 -0.05286830943417975 0.1108380075067461 0.011220031970400335
906 1000 2719 2719 2719 2719 2719 1000 906 1000 2719 1861 2897 2866|0.001 -0.05022967213850427 0.1312617274917649 0.014706807318400905
1000 1000 1000 368 368 368 368 333 1000 333 1000 1414 685 1066|0.001 -0.04237694960498972 0.002912248115329863 -0.023681767527545805
368 1000 368 1000 1000 333 333 1000 368 1000 368 1066 1414 685|0.001 -0.10011898394785779 0.09349780793955764 0.0017626631963740813
368 333 368 1000 1000 1000 1000 1000 368 333 368 685 1414 1066|0.001 -0.04597517039918286 0.02018753395482964 -0.017242696203505492
1000 1000 1000 368 368 368 368 1000 333 1000 333 1414 1066 685|0.001 -0.1389785434101598 0.03513832974223474 -0.03840323939098278
1336 188 1061 1000 1104 743 738 533 713 100 566 1077 1133 1712|0.001 -0.014734341376567706 0.005284872146034125 -0.01557867318030981
533 1104 1000 1061 566 713 1336 738 100 743 188 1133 1456 574|0.001 -0.14644222641868487 0.06551462436429123 0.04922850070718354
3965 533 3937 5657 7126 3800 3017 5333 5885 2844 5333 3973 7775 4602|0.001 -0.17512951875080396 0.09860677692699715 0.0031770486550208865
1768 1875 1305 177 943 1768 331 1260 1951 2362 1314 2574 1374 2500|0.001 -0.15949685602851038 0.10645885692911916 -0.6953862838145519
7126 5333 5657 7382 7434 11035 10000 1875 13361 10000 10607 7775 7617 17117|0.001 -0.7651805792063859 0.02773228587440224 -0.013230594185059674
1061 738 566 533 1000 188 100 1104 1336 743 713 791 1414 1077|0.001 -0.08496533340327295 0.019772358164256154 -0.016486833287714386
177 1260 943 1768 1305 1314 1951 1875 331 2362 1768 1016 1398 1346|0.001 -0.027791258563003574 0.13736923770548248 0.010246050739635137
140 794 748 826 556 553 748 533 75 423 399 1091 1281 570|0.001 -0.024871960449146524 0.07906220409858111 0.002350668099821984
646 674 1211 906 483 91 170 906 513 669 961 1551 1282 705|0.001 -0.0773200773265803 0.12528689480916233 0.007403849896434611
5657 5333 7126 3965 3937 5333 5885 533 3017 2844 3800 5745 4062 4216|0.001 -0.14847209576446696 0.08837475219675817 0.009730133229921556
826 533 556 140 748 399 75 794 748 423 553 646 806 1058|0.001 -0.04367797151310304 0.098114106591487 -0.20540479277513013
7382 1875 7434 7126 5657 10607 13361 5333 10000 10000 11035 7450 5745 14560|0.001 -0.35677329670510627 0.13726338200439114 0.08260401860463062
748 794 140 1043 1549 1403 1036 1875 1403 1488 263 806 2402 1590|0.001 -0.0050734260996898595 0.1610758856413641 0.01727434576628495
906 906 483 646 1211 961 513 674 170 669 91 1027 782 1321|0.001 -0.07245702845253055 0.0783871847129336 -0.06175951765431509
533 1000 533 566 566 713 713 200 100 200 100 1133 721 574|0.001 -0.014260529048978343 0.06995655970535974 0.037613658107913395
2000 1000 2000 5657 7126 7126 5657 5333 10000 5333 10000 2236 7775 8413|0.001 -0.3065777205952436 0.11290901791766172 0.0023656076384592772
500 1000 500 2828 2828 3563 3563 5000 2667 5000 2667 1118 3606 3887|0.001 -0.2300101150389844 0.11249826520363992 0.006274207806329368
1875 1000 1875 1061 1336 1336 1061 188 375 188 375 2125 1077 1577|0.001 -0.008844871489077644 0.08361114532545733 0.007091469934341621
1875 1000 1875 1336 1061 1061 1336 188 375 188 375 2125 1458 1352|0.001 -0.008262841540516153 0.08888839935079051 -0.013251912102717478
500 1000 500 3563 3563 2828 2828 5000 2667 5000 2667 1118 4206 2872|0.001 -0.5560641982421388 -0.11483693404484185 -0.03897445904541663
2000 1000 2000 7126 5657 5657 7126 5333 10000 5333 10000 2236 5745 7211|0.001 -0.1433561394709737 0.13723658761130242 0.0019585500298391345
533 1000 533 713 713 566 566 200 100 200 100 1133 841 777|0.001 -0.010331950199109485 0.10467032062312809 -0.008251975656089483
500 1000 500 3691 3691 3717 3717 7500 938 7500 938 1118 4596 3808|0.001 -0.3320916597512258 0.12303010923176982 0.007832849673441444
8000 1000 8000 3937 3965 3965 3937 533 1067 533 1067 8062 3973 4925|0.001 -0.035681568247698525 0.08506986114309445 0.004493978475308413
271 1000 2032 254 135 135 254 1007 271 1007 2032 1245 1009 303|0.001 -0.14055039184223905 0.1491446389300788 0.05306792532938198
125 1000 125 492 492 496 496 133 67 133 67 1008 613 497|0.001 -0.008026182258965564 0.053552955603741736 0.01286036568856952
3965 533 3937 8000 8000 1067 1067 1000 3965 533 3937 3973 8062 4925|0.001 -0.03627856031524712 0.10565848033148084 -0.0013298805819672577
3691 7500 3691 500 500 938 938 1000 3717 7500 3717 4596 1118 3808|0.001 -0.5888325487349266 0.07044432526686073 -0.014436441071045136
254 1007 135 271 2032 2032 271 1000 254 1007 135 1032 1245 2048|0.001 -0.09483233322484241 -0.02105327813370028 -0.646267379614236
2000 1000 2000 7382 7434 7434 7382 1875 15000 1875 15000 2236 7617 9234|0.001 -0.11063807110775481 -0.014036632513437786 -0.009831902672405857
2000 1000 2000 7434 7382 7382 7434 1875 15000 1875 15000 2236 7450 9192|0.001 -0.10859389451009727 -0.006373667566011987 -0.006374024899762354
252 993 135 269 2018 2018 269 1000 252 993 135 1002 1242 2033|0.001 -0.09286531586578217 -0.0007559572796289604 -0.6046905629543198
3717 7500 3717 500 500 938 938 1000 3691 7500 3691 4617 1118 3725|0.001 -0.3189616146705654 0.12487017315846893 0.005567382828048917
3937 533 3965 8000 8000 1067 1067 1000 3937 533 3965 4062 8062 4903|0.001 -0.03757119815577692 0.10449548063001801 0.00026831356033651943
125 1000 125 496 496 492 492 133 67 133 67 1008 616 508|0.001 -0.003675429795353402 0.05474809629456345 0.010894307863529296
269 1000 2018 252 135 135 252 993 269 993 2018 1242 1025 301|0.001 -0.08700697728090567 0.1364065242357304 0.07013376904614566
8000 1000 8000 3965 3937 3937 3965 533 1067 533 1067 8062 4062 4903|0.001 -0.02871611741571911 0.0816204845024604 0.004911434593231068
500 1000 500 3717 3717 3691 3691 7500 938 7500 938 1118 4617 3725|0.001 -0.8208589487126572 0.006758420671713061 -0.0257278005483097
1000 1104 533 566 1061 1336 713 738 188 743 100 1414 791 1077|0.001 -0.10690604969018414 0.03300883370629393 -0.08223170590673679
7434 1875 7382 5657 7126 13361 10607 5333 11035 10000 10000 7617 7775 17117|0.001 -0.9048370403392081 0.039206977292494116 0.00783407016439197
943 1260 177 1305 1768 1951 1314 1875 1768 2362 331 1374 2574 2500|0.001 0.0019673879471771016 0.18535214892035023 0.02118878972638516
943 533 696 177 943 503 94 1260 1040 672 701 745 1374 1069|0.001 -0.04463455473301847 0.10555237697539521 -0.19662140923201066
7126 5333 5657 3937 3965 5885 5333 533 3800 2844 3017 7775 3973 4602|0.001 -0.11052375054434016 0.11751530202151583 -0.015446907855204417
566 738 1061 1000 533 100 188 1104 713 743 1336 1456 1133 574|0.001 -0.06019834854389172 0.12604679611759373 0.00998126947823863
177 1260 943 943 696 701 1040 533 94 672 503 1016 1373 702|0.001 -0.00999753030644479 0.10882768033143142 0.015878821643713348
140 794 748 1549 1043 1036 1403 1875 263 1488 1403 1091 1211 1045|0.001 -0.14265588464114076 0.1437277284295635 -0.021475917808077005
1211 674 646 483 906 170 91 906 961 669 513 782 1027 1321|0.001 -0.08189566247904678 0.03317771983308626 -0.015965073521841955
5657 5333 7126 7434 7382 10000 11035 1875 10607 10000 13361 5745 7450 14560|0.001 -0.447585372152024 0.10384790313465952 -0.002361008724989233
1549 1875 1043 140 748 1403 263 794 1403 1488 1036 2402 806 1590|0.001 -0.15069161989571866 0.09319956776142169 -0.7170533178413141
3937 533 3965 7126 5657 3017 3800 5333 5333 2844 5885 4062 5745 4216|0.001 -0.329113909406078 0.042794884072105965 0.006806670878398702
1061 188 1336 1104 1000 738 743 533 566 100 713 1458 1414 1456|0.001 -0.016197591575108916 0.0016790418957968178 -0.017363673871376717
483 906 906 1211 646 513 961 674 91 669 170 1282 1551 705|0.001 -0.02963250983555099 0.0829956294868528 0.025201419105191913
354 500 354 333 333 62 62 1000 445 500 445 791 1054 359|0.001 -0.04479649372438832 0.0795489525219173 0.005345943216632509
3000 1000 3000 1061 1336 1336 1061 188 1500 188 1500 3162 1077 2507|0.001 -0.027771898645352344 0.03957416071985964 -0.033504360326545024
177 1260 943 2828 1414 1414 2828 1000 177 1260 943 1016 2236 1425|0.001 -0.0961018429638294 0.10265530160504577 0.020460464105691578
333 1000 333 354 354 445 445 500 62 500 62 1054 791 359|0.001 -0.01784875224125404 0.08131535901790166 0.02385349413246196
8000 1000 8000 5657 7126 7126 5657 5333 16000 5333 16000 8062 7775 13371|0.001 -0.10010310927960453 0.20251107759838405 0.0318202574159443
2828 1000 1414 177 943 943 177 1260 2828 1260 1414 2236 1374 2981|0.001 -0.09966632285800303 -0.0385715852868318 -0.4127098300605403
125 1000 125 707 707 891 891 2000 667 2000 667 1008 1581 972|0.001 -0.0832490964382937 0.1433030520544154 0.012229592257277933
7126 5333 5657 8000 8000 16000 16000 1000 7126 5333 5657 7775 8062 13371|0.001 -0.309429149822833 0.09874442230292546 0.06575583243247474
333 1000 333 445 445 354 354 500 62 500 62 1054 836 486|0.001 -0.0252654135342123 0.08820170071997424 0.0332524424543057
3000 1000 3000 1336 1061 1061 1336 188 1500 188 1500 3162 1458 2372|0.001 -0.008269330935599672 0.07207836149567326 0.0004620478223271718
140 794 748 2245 1123 1123 2245 1000 140 794 748 1091 1876 1131|0.001 -0.08864785846583678 0.1284271343874166 0.05183932498915578
445 500 445 333 333 62 62 1000 354 500 354 836 1054 486|0.001 -0.0383736261286427 0.10362289858021567 -0.0005658029168498224
5657 5333 7126 8000 8000 16000 16000 1000 5657 5333 7126 5745 8062 12649|0.001 -0.4117374153956155 0.09193692750609994 -0.005260793841330713
2245 1000 1123 140 748 748 140 794 2245 794 1123 1876 806 2367|0.001 -0.09858688895695855 -0.033119587843896126 -0.4191591629135727
125 1000 125 891 891 707 707 2000 667 2000 667 1008 1671 718|0.001 -0.14456725930808934 -0.03785303530367545 -0.016683815684905845
8000 1000 8000 7126 5657 5657 7126 5333 16000 5333 16000 8062 5745 12649|0.001 -0.30545312133171243 0.06755198943657392 -0.009121917126804213
573 533 333 354 354 189 189 1000 528 533 246 629 1061 673|0.001 -0.045731778098709874 0.08830970340434341 0.010043185181096703
2828 1000 2828 943 696 1492 1622 533 1508 533 1508 3000 1373 1661|0.001 -0.056455378504457476 0.060921546051333486 -0.03058355005306268
566 738 1061 3000 1600 1600 3000 1720 566 1583 1061 1456 1887 1697|0.001 -0.10179423948034283 0.07016066512165242 0.035673387790617905
930 581 1744 616 329 329 616 920 930 429 1744 1838 1174 986|0.001 -0.05485939609505386 0.04767374829840687 0.031125589610447868
1492 533 1622 2828 2828 1508 1508 1000 696 533 943 1904 3000 2913|0.001 -0.03847353643896323 0.10769106260131833 0.018384304296346077
354 1000 354 573 333 246 528 533 189 533 189 1061 1054 485|0.001 -0.03973737471524408 0.04784209607311851 0.009305004481288126
625 1875 1075 354 354 663 663 1000 461 1875 989 1179 1061 494|0.001 -0.0802353116589416 0.07862106625016185 0.04512885317878634
616 920 329 930 1744 1744 930 581 616 429 329 935 1097 1849|0.001 -0.08513589622829887 0.012993606682760728 -0.09341111599010188
2828 1000 2828 3041 2798 1305 1768 1875 5303 1875 5303 3000 2842 3115|0.001 -0.058176909841359814 0.16437034350694324 0.035325684992257855
3000 1720 1600 566 1061 1061 566 738 3000 1583 1600 3162 791 3182|0.001 -0.08604098943260863 -0.023410789883594463 -0.08342476169563406
354 1000 354 625 1075 989 461 1875 663 1875 663 1061 1976 1005|0.001 -0.17408956278225252 0.07071911476272508 -0.020720516713549353
1305 1875 1768 2828 2828 5303 5303 1000 2798 1875 3041 1398 3000 5462|0.001 -0.14817221974629535 0.039359847838436046 -0.05038261350654438
943 533 696 2828 2828 1508 1508 1000 1622 533 1492 745 3000 1779|0.001 -0.02425995142438686 0.11405248847747851 -0.0033760327531540124
354 1000 354 246 528 573 333 533 189 533 189 1061 587 536|0.001 -0.047191389389545924 0.07392874022117857 0.024483442602689642
2167 2144 4064 1437 766 766 1437 1355 2167 2330 4064 2387 1071 2299|0.001 -0.0883963287976719 0.10306641847982245 0.023055288720241762
2828 1000 2828 1492 1622 943 696 533 1508 533 1508 3000 1516 2981|0.001 -0.05840200051662747 0.02765755125033298 -0.0076792247624202226
357 1087 670 1895 1011 1011 1895 466 357 632 670 1016 1952 1072|0.001 -0.0813988606042737 0.08616521812937039 0.015446360265478631
246 533 528 354 354 189 189 1000 333 533 573 1030 1061 264|0.001 -0.037405922919381274 0.10593825089206588 0.00787320334325825
3041 1875 2798 2828 2828 5303 5303 1000 1768 1875 1305 3571 3000 3335|0.001 -0.2185941657151247 0.028409899654893156 -0.06471355173917503
1895 466 1011 357 670 670 357 1087 1895 632 1011 1113 1276 2010|0.001 -0.07411637219827738 0.014168337690079191 -0.08627184199708426
354 1000 354 989 461 625 1075 1875 663 1875 663 1061 1101 910|0.001 -0.17088169921668617 0.054028476203094034 -0.024330506699636878
2828 1000 2828 1305 1768 3041 2798 1875 5303 1875 5303 3000 2574 5590|0.001 -0.09662804670538261 0.06426883702864705 -0.012499429613926916
1437 1355 766 2167 4064 4064 2167 2144 1437 2330 766 1972 4185 4310|0.001 -0.08626358716465443 -0.006562691373293017 -0.08715483180350536
989 1875 461 354 354 663 663 1000 1075 1875 625 1931 1061 1262|0.001 -0.19609882210339546 0.04566869094205561 -0.04242639055031194
625 1000 625 354 354 354 354 1000 125 1000 125 1179 1061 451|0.001 -0.018841323404394927 0.07626725474376927 0.0023293878844699023
566 200 566 1600 1600 1600 1600 1000 566 200 566 721 1887 1697|0.001 -0.032939893142390764 -0.013317560370270654 -0.02097837587047513
1600 1000 1600 566 566 566 566 200 1600 200 1600 1887 721 1697|0.001 -0.0090012109345039 0.02551351039106864 -0.0020502468667660256
354 1000 1768 2828 2828 2828 2828 1000 354 1000 1768 1275 3000 2850|0.001 -0.06855688536786309 0.13622185629697858 0.02498218787873485
354 1000 354 625 625 125 125 1000 354 1000 354 1061 1179 451|0.001 -0.07292366866988864 0.1019955912557724 0.00701548525598561
625 1000 625 354 354 354 354 1000 125 1000 125 1179 1061 451|0.001 -0.08009569477909206 0.10658967912568373 -0.012435187579401541
566 200 566 1600 1600 1600 1600 1000 566 200 566 721 1887 1697|0.001 -0.03351422833300366 -0.014914268199506253 -0.021846226964642446
1600 1000 1600 566 566 566 566 200 1600 200 1600 1887 721 1697|0.001 -0.007098356732488931 0.0316845679984179 0.001083423627294966
354 1000 354 625 625 125 125 1000 354 1000 354 1061 1179 451|0.001 -0.09886708658646381 0.07361938846220495 0.006008177199443576
354 1000 1768 2828 2828 2828 2828 1000 354 1000 1768 1275 3000 2850|0.001 -0.030269412189645184 0.1179257170378456 0.018917197805645714
1768 1000 354 2828 2828 2828 2828 1000 1768 1000 354 1275 3000 3335|0.001 0.01686889525735591 0.22889348454636638 0.021704659530510373
8000 1000 8000 2828 2828 2828 2828 5000 8000 5000 8000 8062 3606 8485|0.001 -0.1752516194609921 0.14103188587685667 0.007563659852001248
2828 1000 2828 354 1768 1768 354 1000 2828 1000 2828 3000 1275 3335|0.001 -0.09709260634393924 0.07032135436366715 -0.42806476408247973
2828 5000 2828 8000 8000 8000 8000 1000 2828 5000 2828 3606 8062 8485|0.001 -0.2725649300874866 0.07656882401485543 0.0033941275473670096
125 1000 125 354 354 354 354 1000 625 1000 625 1008 1061 451|0.001 -0.03255732853349236 0.02680232830839735 -0.0025243407137931495
1768 1000 354 2828 2828 2828 2828 1000 1768 1000 354 1275 3000 3335|0.001 0.012729054087248226 0.21641311935879148 0.02114140427007527
8000 1000 8000 2828 2828 2828 2828 5000 8000 5000 8000 8062 3606 8485|0.001 -0.42975191399203583 0.09868525263152961 -0.02630607516582839
2828 1000 2828 354 1768 1768 354 1000 2828 1000 2828 3000 1275 3335|0.001 -0.079915579814408 0.08230097500441236 -0.3501031426274037
2828 5000 2828 8000 8000 8000 8000 1000 2828 5000 2828 3606 8062 8485|0.001 -0.11727890383716355 0.12617450968510413 0.0368414384728144
125 1000 125 354 354 354 354 1000 625 1000 625 1008 1061 451|0.001 -0.028858852902106102 0.032799502895619614 -0.0013854439355487358
1075 1875 625 354 354 663 663 1000 989 1875 461 1976 1061 1005|0.001 -0.08045515009050819 0.10836602004607343 0.01588003749436462
2828 1000 2828 1768 1305 2798 3041 1875 5303 1875 5303 3000 1398 5462|0.001 -0.09005709927958572 0.11032140955779646 -0.0035699430420366163
1061 738 566 1600 3000 3000 1600 1720 1061 1583 566 791 3162 3182|0.001 -0.10604621376973378 -0.015054459877706927 -0.10269148217032953
1744 581 930 329 616 616 329 920 1744 429 930 1097 935 1849|0.001 -0.08686608310781052 -0.0016717508016661498 -0.07471648013317123
2798 1875 3041 2828 2828 5303 5303 1000 1305 1875 1768 2842 3000 3115|0.001 -0.21013710152758547 0.04158152183613595 -0.052347132391519224
354 1000 354 1075 625 461 989 1875 663 1875 663 1061 1179 494|0.001 -0.14669583263912767 0.07386549830551203 0.0050635067317506
333 533 573 354 354 189 189 1000 246 533 528 1054 1061 485|0.001 -0.05799032926412151 0.08484566786394421 -0.002941977933458295
329 920 616 1744 930 930 1744 581 329 429 616 1174 1838 986|0.001 -0.031165596318422084 0.06909678916419804 0.03939256493450394
2828 1000 2828 1622 1492 696 943 533 1508 533 1508 3000 1904 2913|0.001 -0.049306384259540925 0.058058188635652375 -0.02528291011687389
1600 1720 3000 1061 566 566 1061 738 1600 1583 3000 1887 1456 1697|0.001 -0.05474580303989507 0.11015014267319545 0.042472721808206604
354 1000 354 333 573 528 246 533 189 533 189 1061 629 673|0.001 -0.04551372247896368 0.07275385085507846 0.027531790596686534
696 533 943 2828 2828 1508 1508 1000 1492 533 1622 1373 3000 1661|0.001 -0.06824710919687393 0.05862463641905569 -0.0125912791057603
1768 1875 1305 2828 2828 5303 5303 1000 3041 1875 2798 2574 3000 5590|0.001 -0.0535148430128185 0.04504941143066876 -0.015588572993746608
354 1000 354 461 989 1075 625 1875 663 1875 663 1061 1931 1262|0.001 -0.1362549546430747 0.06987984236509259 -0.018977695771354997
4064 2144 2167 766 1437 1437 766 1355 4064 2330 2167 4185 1972 4310|0.001 -0.09395773368791827 -0.04215927730214619 -0.09886273556864889
2828 1000 2828 2798 3041 1768 1305 1875 5303 1875 5303 3000 3571 3335|0.001 -0.05793138207768833 0.11481542067685702 0.010704825326293133
670 1087 357 1011 1895 1895 1011 466 670 632 357 1276 1113 2010|0.001 -0.09282211342512836 0.0029933408928495275 -0.07344923929756275
461 1875 989 354 354 663 663 1000 625 1875 1075 1101 1061 910|0.001 -0.15016335198412833 0.03901076202125653 0.014031127813183275
1622 533 1492 2828 2828 1508 1508 1000 943 533 696 1516 3000 2981|0.001 -0.04033489254476774 0.060485091629243204 0.008054245799493653
1011 466 1895 670 357 357 670 1087 1011 632 1895 1952 1016 1072|0.001 -0.03592510282230732 0.10362259063676937 0.004499553366668074
354 1000 354 528 246 333 573 533 189 533 189 1061 1030 264|0.001 -0.05040258249730312 0.05683824093313472 -0.007523448214714623
2828 1000 2828 696 943 1622 1492 533 1508 533 1508 3000 745 1779|0.001 -0.06896494757199556 0.05404061231177426 -0.034680932776617324
766 1355 1437 4064 2167 2167 4064 2144 766 2330 1437 1071 2387 2299|0.001 -0.10229593711738483 0.0754853185633153 0.04491317132215178
528 533 246 354 354 189 189 1000 573 533 333 587 1061 536|0.001 -0.028264863189261247 0.08617826318437993 0.01383246733676291
3000 1000 3000 566 566 566 566 1000 2200 1000 2200 3162 1149 2631|0.001 -0.12306466982137998 0.05395921695889205 -0.036058470056008485
1768 1000 1768 5303 3889 3889 5303 1000 1768 1000 1768 2031 4650 4272|0.001 -0.02822573266772488 0.13187834912508745 0.04574898475228073
189 733 189 333 333 333 333 1000 189 733 189 877 1054 383|0.001 -0.12245480012294085 -0.015051252893604206 -0.03816756330999871
333 1000 333 189 189 189 189 733 333 733 333 1054 877 383|0.001 -0.04742880844532449 0.09938054712083755 0.020142936303895187
3889 1000 5303 1768 1768 1768 1768 1000 3889 1000 5303 4650 2031 4272|0.001 -0.13357061657399028 0.06414589230523404 -0.03581179861887662
566 1000 566 3000 3000 2200 2200 1000 566 1000 566 1149 3162 2631|0.001 -0.10366957043359215 0.036251264604525435 -0.009213440618836
3000 1000 3000 566 566 566 566 1000 2200 1000 2200 3162 1149 2631|0.001 -0.08437469860584468 0.03808185354637672 -0.008126002011770161
189 733 189 333 333 333 333 1000 189 733 189 877 1054 383|0.001 -0.061885689084358875 0.05240861991223644 -0.011056394222137556
1768 1000 1768 5303 3889 3889 5303 1000 1768 1000 1768 2031 4650 4272|0.001 -0.02373975100594561 0.06780222688193449 0.014205968300720073
333 1000 333 189 189 189 189 733 333 733 333 1054 877 383|0.001 -0.06008413342767249 0.05010049153718832 0.01643379323744254
566 1000 566 3000 3000 2200 2200 1000 566 1000 566 1149 3162 2631|0.001 -0.05138233228895395 0.11848478905037707 0.013420020401908594
3889 1000 5303 1768 1768 1768 1768 1000 3889 1000 5303 4650 2031 4272|0.001 -0.10513587116574241 0.05718719760437363 -0.005589406099512084
5303 1000 3889 1768 1768 1768 1768 1000 5303 1000 3889 4650 2031 5590|0.001 -0.1113657391948919 -0.01438453569395537 -0.017729495729196243
566 1000 566 2200 2200 3000 3000 1000 566 1000 566 1149 2417 2631|0.001 -0.1481257877701847 0.010222358516411845 -0.03340089522502532
455 1000 455 257 257 257 257 1364 455 1364 455 1098 1196 522|0.001 -0.002371182239150338 0.12286322867048449 0.01842186228557141
1768 1000 1768 3889 5303 5303 3889 1000 1768 1000 1768 2031 4650 5590|0.001 -0.034038201725939965 0.10758703710322948 0.00023850150119741897
257 1364 257 455 455 455 455 1000 257 1364 257 1196 1098 522|0.001 -0.11249428027608532 0.09415715359083476 0.006626788303409903
2200 1000 2200 566 566 566 566 1000 3000 1000 3000 2417 1149 2631|0.001 -0.1440119692526587 -0.008951288390536272 -0.03601530963817434
5303 1000 3889 1768 1768 1768 1768 1000 5303 1000 3889 4650 2031 5590|0.001 -0.05119895701950927 0.08024648509311616 0.014372845083938657
455 1000 455 257 257 257 257 1364 455 1364 455 1098 1196 522|0.001 -0.15539653100737794 0.05892658974215648 -0.025338911811111364
566 1000 566 2200 2200 3000 3000 1000 566 1000 566 1149 2417 2631|0.001 -0.10498035594432742 -0.008305051396396701 -0.0400299168743945
1768 1000 1768 3889 5303 5303 3889 1000 1768 1000 1768 2031 4650 5590|0.001 -0.04843742885880076 0.07699126114388832 0.002197190971904295
257 1364 257 455 455 455 455 1000 257 1364 257 1196 1098 522|0.001 -0.10445890085306608 0.05417349180608433 0.017716776527325617
2200 1000 2200 566 566 566 566 1000 3000 1000 3000 2417 1149 2631|0.001 -0.004114119428527685 0.1661944872856469 0.026038841287392422
125 1000 125 461 989 989 461 1875 938 1875 938 1008 1931 1047|0.001 -0.11213151528821186 -0.04134756488486713 -0.015873249195218486
4064 2144 2167 271 2032 2032 271 1000 4064 2144 2167 4185 1245 4543|0.001 -0.08108729854215957 0.027372436740060735 -0.5531241233910811
3691 7500 3691 8000 8000 15000 15000 1000 7914 7500 7914 4596 8062 15447|0.001 -0.7529994090484982 0.007660937161830805 -0.0070968237513568955
8000 1000 8000 7914 7914 3691 3691 7500 15000 7500 15000 8062 8374 8811|0.001 -0.12055324533160161 0.21002307979223422 0.04076963748903761
125 1000 125 989 461 461 989 1875 938 1875 938 1008 1101 575|0.001 -0.1073597429615436 -0.05014179456008239 -0.010719218790959939
7914 7500 7914 8000 8000 15000 15000 1000 3691 7500 3691 8374 8062 8811|0.001 -0.47767987681587853 0.07495620045880003 -0.03787281890499816
1895 466 1011 126 948 948 126 1000 1895 466 1011 1113 1058 2119|0.001 -0.08939099257638028 0.0034167760558045934 -0.6018818751927235
8000 1000 8000 3691 3691 7914 7914 7500 15000 7500 15000 8062 4596 15447|0.001 -0.7683520637492669 0.05090663663842365 0.0014658711267978575
271 1000 2032 4064 2167 2167 4064 2144 271 2144 2032 1245 2387 2184|0.001 -0.128079677924684 0.15322484698350403 0.022684558088463813
528 533 246 500 500 67 67 1000 528 533 246 587 1118 558|0.001 -0.04870232792827056 0.08240155456498588 0.0042575712637904495
2000 1000 2000 492 492 1055 1055 133 1067 133 1067 2236 613 1175|0.001 -0.0046323432180017665 0.054788649192349936 0.011363953989178555
500 1000 500 528 246 246 528 533 67 533 67 1118 1030 306|0.001 -0.03421564940367716 0.0975755400490308 -0.0014401791626195148
126 1000 948 1895 1011 1011 1895 466 126 466 948 1058 1952 1019|0.001 -0.038229813300798554 0.11215134230110113 0.025989685683458497
2000 1000 2000 1055 1055 492 492 133 1067 133 1067 2236 1117 2060|0.001 -0.0043060524619054075 0.055944768907538744 0.002437947758160419
246 533 528 500 500 67 67 1000 246 533 528 1030 1118 306|0.001 -0.04669829683445981 0.09457958215016271 -0.0023525349706521315
500 1000 500 246 528 528 246 533 67 533 67 1118 587 558|0.001 -0.03207444559241823 0.06314972336454394 0.013196163668927063
625 1000 625 354 354 354 354 500 625 500 625 1179 791 718|0.001 -0.05608317958202935 0.0791452191603681 -0.003429826016023707
1414 1000 2828 1768 1768 1768 1768 1000 1414 1000 2828 2236 2031 2264|0.001 -0.10331478548743389 0.07054554159193316 -0.013518541768664516
566 1000 566 1600 1600 800 800 1000 566 1000 566 1149 1887 1265|0.001 -0.03746313073755947 0.10810118250582867 0.0035098866496774406
1600 1000 1600 566 566 566 566 1000 800 1000 800 1887 1149 1265|0.001 -0.10503693477269205 0.06936895845394586 0.0039402383972353405
1768 1000 1768 2828 1414 1414 2828 1000 1768 1000 1768 2031 2236 2264|0.001 -0.01262233006889546 0.11633294449576281 0.030828805805114268
354 500 354 625 625 625 625 1000 354 500 354 791 1179 718|0.001 -0.0386652829134182 0.05508388007334997 -0.0021875928521541965
625 1000 625 354 354 354 354 500 625 500 625 1179 791 718|0.001 -0.037180168178899686 0.07113770365176242 -0.014060206968011801
566 1000 566 1600 1600 800 800 1000 566 1000 566 1149 1887 1265|0.001 -0.03679011845983626 0.13864273678418915 0.018312326755698383
1414 1000 2828 1768 1768 1768 1768 1000 1414 1000 2828 2236 2031 2264|0.001 -0.06252471885208166 0.059769608420210396 -0.010049597390937581
1600 1000 1600 566 566 566 566 1000 800 1000 800 1887 1149 1265|0.001 -0.0387232831233042 0.12057760160130604 0.015149659308997254
354 500 354 625 625 625 625 1000 354 500 354 791 1179 718|0.001 -0.058494185440429725 0.047767417009842994 -0.00633239699499466
1768 1000 1768 2828 1414 1414 2828 1000 1768 1000 1768 2031 2236 2264|0.001 -0.03780806045037943 0.06835838759555513 0.037735057799466176
1768 1000 1768 1414 2828 2828 1414 1000 1768 1000 1768 2031 2236 3335|0.001 -0.0712391747103347 0.06945302242331364 -0.07430836617923764
707 2000 707 1250 1250 1250 1250 1000 707 2000 707 1581 1601 1436|0.001 -0.3465704729705066 -0.020025955124199912 -0.06619915975268897
800 1000 800 566 566 566 566 1000 1600 1000 1600 1281 1149 1265|0.001 -0.10266015922424487 0.02968899622311616 -0.023229951887012712
2828 1000 1414 1768 1768 1768 1768 1000 2828 1000 1414 2236 2031 3335|0.001 -0.020908793070152365 0.0666733916084361 0.005035036764218237
566 1000 566 800 800 1600 1600 1000 566 1000 566 1149 1281 1265|0.001 -0.08338076836921116 0.022577846629907583 -0.060829939944256894
1250 1000 1250 707 707 707 707 2000 1250 2000 1250 1601 1581 1436|0.001 -0.12225682428373186 0.07654969960933844 -0.014161784049022685
1768 1000 1768 1414 2828 2828 1414 1000 1768 1000 1768 2031 2236 3335|0.001 -0.07562139180250949 0.08724074204132126 -0.07682320182614055
800 1000 800 566 566 566 566 1000 1600 1000 1600 1281 1149 1265|0.001 -0.062198851097380325 0.07129966009695288 0.004273309187967644
707 2000 707 1250 1250 1250 1250 1000 707 2000 707 1581 1601 1436|0.001 -0.13457091164641222 0.09594843917758222 -0.004747466753181051
2828 1000 1414 1768 1768 1768 1768 1000 2828 1000 1414 2236 2031 3335|0.001 -0.030251599823707398 0.055211974392352925 0.015907720201171482
566 1000 566 800 800 1600 1600 1000 566 1000 566 1149 1281 1265|0.001 -0.08420654404330041 -5.054390956882315e-06 -0.07662321964771679
1250 1000 1250 707 707 707 707 2000 1250 2000 1250 1601 1581 1436|0.001 -0.14821405107240726 0.11118388687992642 -0.0016328315008451444
1744 1000 581 329 616 616 329 867 1744 867 581 1419 819 1849|0.001 -0.05376223960903315 0.019603183600700458 -0.046270967413196695
2637 1875 3041 1768 1768 5303 5303 1000 2637 1875 3041 2491 2031 4041|0.001 -0.20795349317992318 0.04131409551611176 -0.03780901369469403
566 1000 566 1720 1720 1492 1492 3000 1061 3000 1061 1149 2441 1409|0.001 -0.17206201210227645 0.11798973968624615 0.01711096864794648
573 333 573 354 354 189 189 1000 497 333 497 814 1061 699|0.001 -0.03791422176954273 0.057054080313763134 0.002521069948142607
2828 1000 2828 1622 1406 1406 1622 533 943 533 943 3000 1978 2155|0.001 -0.06743734156574921 0.04478804859511687 -0.01841693504244235
329 867 616 1744 581 581 1744 1000 329 867 616 1219 1419 668|0.001 -0.08232811577272181 0.1336529942420217 0.07332529926919129
581 1000 1744 616 329 329 616 867 581 867 1744 1419 1219 668|0.001 -0.08865457516357034 0.07229284441287565 0.040219382027864015
354 1000 354 573 573 497 497 333 189 333 189 1061 814 699|0.001 -0.019555334445962025 0.06203801762016514 -0.006373289293835072
1406 533 1622 2828 2828 943 943 1000 1406 533 1622 1978 3000 2155|0.001 -0.05747816422431051 0.06616861016717657 0.0062515266837182
1720 3000 1720 566 566 1061 1061 1000 1492 3000 1492 2441 1149 1409|0.001 -0.28967411486912287 0.04683977176594745 -0.07530734408362383
616 867 329 581 1744 1744 581 1000 616 867 329 819 1419 1849|0.001 -0.1267851780334983 -0.0736467283374953 -0.2625818760127807
1768 1000 1768 3041 2637 2637 3041 1875 5303 1875 5303 2031 2491 4041|0.001 -0.08604695888278391 0.12600329517171271 0.0010298447510215247
1768 1000 1768 2637 3041 3041 2637 1875 5303 1875 5303 2031 3708 4316|0.001 0.03460531412023515 0.25981630358598684 0.0438597185877132
711 1153 379 670 2011 2011 670 1000 711 1153 379 1406 1532 2133|0.001 -0.08242418005245389 0.027597559858447696 -0.1888838420198169
1492 3000 1492 566 566 1061 1061 1000 1720 3000 1720 2286 1149 2098|0.001 -0.22575451040619088 0.043690070549728954 0.0024893737355591306
1622 533 1406 2828 2828 943 943 1000 1622 533 1406 1328 3000 2302|0.001 -0.03682062872609637 0.06654341380588846 0.004690613819409162
354 1000 354 497 497 573 573 333 189 333 189 1061 762 470|0.001 -0.02505407226465972 0.06458716043546531 -0.0038998640721488176
670 1000 2011 711 379 379 711 1153 670 1153 2011 1532 945 770|0.001 -0.049607458665553716 0.13745985198127197 0.036382669744283724
2828 1000 2828 1406 1622 1622 1406 533 943 533 943 3000 1328 2302|0.001 -0.05544212965802653 0.04850580961657691 0.014930057274860076
497 333 497 354 354 189 189 1000 573 333 573 762 1061 470|0.001 -0.039162935971445156 0.05378438413624398 0.0022746622784319825
379 1153 711 2011 670 670 2011 1000 379 1153 711 945 1532 770|0.001 -0.06835017390060427 0.12527833065656413 0.07064183444861039
3041 1875 2637 1768 1768 5303 5303 1000 3041 1875 2637 3708 2031 4316|0.001 -0.18344977119541417 0.07524702531507943 -0.06098961563216654
566 1000 566 1492 1492 1720 1720 3000 1061 3000 1061 1149 2286 2098|0.001 -0.13356249064203518 0.07619526690848089 0.00428720846677777
2011 1000 670 379 711 711 379 1153 2011 1153 670 1532 1406 2133|0.001 -0.0541769517322066 0.01594618500155187 -0.05346083664328316
1250 1000 1250 1395 1865 1865 1395 1875 3750 1875 3750 1601 2665 2857|0.001 -0.026339669478602223 0.12389765239186668 0.008960562562447816
1344 1337 717 896 2689 2689 896 1000 1344 1337 717 1911 1847 3006|0.001 -0.08434698887036407 0.03431230726154588 -0.1627586231127054
1116 3000 1116 800 800 1500 1500 1000 1492 3000 1492 2060 1281 2132|0.001 -0.3023293845766739 -0.0028655517574183165 -0.028211478784451183
800 1000 800 1492 1492 1116 1116 3000 1500 3000 1500 1281 2286 1151|0.001 -0.38614055047892726 0.009658546765931586 -0.012537646593463458
2011 1000 670 536 1006 1006 536 748 2011 748 670 1532 772 2249|0.001 -0.055557062613112995 0.005222167420939616 -0.053783126495972056
1395 1875 1865 1250 1250 3750 3750 1000 1395 1875 1865 1439 1601 2575|0.001 -0.14574796420465996 0.09300678956783326 -0.08936571908904956
1250 1000 1250 1865 1395 1395 1865 1875 3750 1875 3750 1601 1439 2575|0.001 -0.0585533081481604 0.1259484563077451 0.013920937988873838
1492 3000 1492 800 800 1500 1500 1000 1116 3000 1116 2286 1281 1151|0.001 -0.27715850489249516 0.05737377720675729 -0.01294313701524108
1006 748 536 670 2011 2011 670 1000 1006 748 536 772 1532 2249|0.001 -0.07270251246233372 -0.01149181832622137 -0.16528654761126416
800 1000 800 1116 1116 1492 1492 3000 1500 3000 1500 1281 2060 2132|0.001 -0.15112482360660096 0.1348984181089974 0.004732864592640329
1865 1875 1395 1250 1250 3750 3750 1000 1865 1875 1395 2665 1601 2857|0.001 -0.1488116739159695 0.07569254933864622 -0.07887185615642944
2689 1000 896 717 1344 1344 717 1337 2689 1337 896 1847 1911 3006|0.001 -0.06079486103517384 -0.007064995977758004 -0.05059427666731953
896 1000 2689 1344 717 717 1344 1337 896 1337 2689 1847 1032 1148|0.001 -0.05861646272612209 0.1150454541077317 0.029620922229731672
994 533 744 2000 2000 667 667 1000 994 533 744 767 2236 1524|0.001 -0.05802225705040853 0.07323513696199324 -0.007468416640497022
500 1000 500 372 372 497 497 333 267 333 267 1118 687 384|0.001 -0.055699040161734104 0.014003921841159173 -0.0509179915507918
536 748 1006 2011 670 670 2011 1000 536 748 1006 1429 1532 859|0.001 -0.08042544254674877 0.11981153662697475 0.07869646474044867
497 333 497 500 500 267 267 1000 372 333 372 762 1118 711|0.001 -0.04053221380473149 0.05241041918535583 0.0036821324526026267
2000 1000 2000 994 744 744 994 533 667 533 667 2236 1421 1374|0.001 -0.060617817158108434 0.04225447585740616 -0.028235332796290313
670 1000 2011 1006 536 536 1006 748 670 748 2011 1532 1429 859|0.001 -0.03616656415211805 0.13607086253154765 0.013366536628187653
500 1000 500 497 497 372 372 333 267 333 267 1118 762 711|0.001 -0.05288186058436839 0.013470254428396 -0.04178663626019263
744 533 994 2000 2000 667 667 1000 744 533 994 1421 2236 1374|0.001 -0.0650902632329764 0.0638704681020319 -0.0013659365967289006
717 1337 1344 2689 896 896 2689 1000 717 1337 1344 1032 1847 1148|0.001 -0.05423068352529037 0.13766879400666232 0.04640402150791756
372 333 372 500 500 267 267 1000 497 333 497 687 1118 384|0.001 -0.03898454131128326 0.051563021489247074 0.002576881326004088
2000 1000 2000 744 994 994 744 533 667 533 667 2236 767 1524|0.001 -0.02201878328430884 0.07209319782004453 0.032064868295271776
2200 1000 2200 1116 1116 1116 1116 3000 1500 3000 1500 2417 2060 2132|0.001 -0.168220465217217 0.0993008873542256 0.004897611981418137
2689 1000 896 1972 1344 1344 1972 1000 2689 1000 896 1847 1911 3006|0.001 0.019305210939173367 0.2025334032556425 0.04190869891530058
455 1000 455 507 507 507 507 682 1364 682 1364 1098 969 937|0.001 -0.03474143389197493 0.06764347429797368 0.003730289527361652
1344 1000 1972 896 2689 2689 896 1000 1344 1000 1972 1911 1847 3006|0.001 -0.09215239041900913 0.11392886330257035 -0.17981767883828992
1116 3000 1116 2200 2200 1500 1500 1000 1116 3000 1116 2060 2417 2132|0.001 -0.09479806462928564 0.08771213712439607 0.006614051621185446
2200 1000 2200 1116 1116 1116 1116 3000 1500 3000 1500 2417 2060 2132|0.001 -0.08471235230192775 0.1139013933214339 0.011260499182694783
2689 1000 896 1972 1344 1344 1972 1000 2689 1000 896 1847 1911 3006|0.001 0.025110368163649976 0.22275629605797764 0.035245002615951204
455 1000 455 507 507 507 507 682 1364 682 1364 1098 969 937|0.001 -0.05044257712841116 0.06073564115699481 0.003412775798308232
1116 3000 1116 2200 2200 1500 1500 1000 1116 3000 1116 2060 2417 2132|0.001 -0.31507615133996025 0.040391435964790556 0.008308177902209835
1344 1000 1972 896 2689 2689 896 1000 1344 1000 1972 1911 1847 3006|0.001 -0.09722055221312531 0.11244662559518614 -0.18485800074166114
372 333 372 500 500 733 733 1000 372 333 372 687 1118 711|0.001 -0.05652540988494659 -0.018374954554489786 -0.07353714519906962
2000 1000 2000 744 744 744 744 1467 667 1467 667 2236 1421 1374|0.001 -0.053334713525959865 0.10925758688100418 -0.007453632215704831
896 1000 2689 1344 1972 1972 1344 1000 896 1000 2689 1847 1911 2166|0.001 -0.06407761471574291 0.12492027761815239 -0.05646073689203335
744 1467 744 2000 2000 667 667 1000 744 1467 744 1421 2236 1374|0.001 -0.1142342333698243 0.08618329131396818 0.002261825648579574
500 1000 500 372 372 372 372 333 733 333 733 1118 687 711|0.001 -0.018306355999305746 0.059073563150213726 -0.008542864962508556
2000 1000 2000 744 744 744 744 1467 667 1467 667 2236 1421 1374|0.001 -0.19263115444337786 0.05123057772840278 -0.012125512547845885
372 333 372 500 500 733 733 1000 372 333 372 687 1118 711|0.001 -0.053830582252596404 -0.023448734987245867 -0.06481936469920124
896 1000 2689 1344 1972 1972 1344 1000 896 1000 2689 1847 1911 2166|0.001 -0.08717434956543535 0.11929306658160721 -0.07271868523547997
744 1467 744 2000 2000 667 667 1000 744 1467 744 1421 2236 1374|0.001 -0.12373267151967404 0.08198117609785616 0.0010560242900847783
500 1000 500 372 372 372 372 333 733 333 733 1118 687 711|0.001 -0.0306162105850194 0.07989396108336155 -0.006771231090169083
3000 1000 3000 566 566 566 566 200 3000 200 3000 3162 721 3053|0.001 -0.00499896943865874 0.039821294631712245 0.0069388940351289286
354 1000 1768 5303 5303 5303 5303 1000 354 1000 1768 1275 5397 5315|0.001 -0.0676249795682915 0.1412566988956443 0.03030678702221179
189 1000 189 333 333 67 67 1000 189 1000 189 1018 1054 240|0.001 -0.07306866930172129 0.08271607585716101 0.002491663365935537
333 1000 333 189 189 189 189 1000 67 1000 67 1054 1018 240|0.001 -0.10066934828150798 0.047463305050039484 0.006637486400791204
566 200 566 3000 3000 3000 3000 1000 566 200 566 721 3162 3053|0.001 -0.03237284003872687 -0.013827989736088231 -0.02051855311759554
3000 1000 3000 566 566 566 566 200 3000 200 3000 3162 721 3053|0.001 -0.009538635717638577 0.025549704742438006 -0.003463986461416102
189 1000 189 333 333 67 67 1000 189 1000 189 1018 1054 240|0.001 -0.10460222452142287 0.07402404245983263 0.0023426020991812457
354 1000 1768 5303 5303 5303 5303 1000 354 1000 1768 1275 5397 5315|0.001 -0.07130589836419787 0.10880912066882242 0.019457957627109224
333 1000 333 189 189 189 189 1000 67 1000 67 1054 1018 240|0.001 -0.10576016157007095 0.06640155026551353 0.0064899911640670105
566 200 566 3000 3000 3000 3000 1000 566 200 566 721 3162 3053|0.001 -0.03340919658469832 -0.014203621937750599 -0.022184722163477444
5303 1000 5303 354 1768 1768 354 1000 5303 1000 5303 5397 1275 5590|0.001 -0.08606651405462351 0.07805583124358861 -0.35165103034376255
2828 5000 2828 15000 15000 15000 15000 1000 2828 5000 2828 3606 15033 15264|0.001 -0.53922718893196 0.0023494976130211676 -0.025002041832603572
67 1000 67 189 189 189 189 1000 333 1000 333 1002 1018 240|0.001 -0.03038519169596965 0.031938247434966094 -0.0032739030637674027
1768 1000 354 5303 5303 5303 5303 1000 1768 1000 354 1275 5397 5590|0.001 0.015718261062980243 0.23135021066830852 0.022599868903647735
15000 1000 15000 2828 2828 2828 2828 5000 15000 5000 15000 15033 3606 15264|0.001 -0.28884022113089824 0.10528146135681427 0.005620928817213766
5303 1000 5303 354 1768 1768 354 1000 5303 1000 5303 5397 1275 5590|0.001 -0.09285995757567611 0.07996145412897837 -0.358705523790841
67 1000 67 189 189 189 189 1000 333 1000 333 1002 1018 240|0.001 -0.0258982979339617 0.04837272528203762 0.0009967839364377618
2828 5000 2828 15000 15000 15000 15000 1000 2828 5000 2828 3606 15033 15264|0.001 -0.22959308161342173 0.11567051996261846 -3.32150995563385e-05
1768 1000 354 5303 5303 5303 5303 1000 1768 1000 354 1275 5397 5590|0.001 0.013878267879920969 0.22176010154945747 0.020868607006967466
15000 1000 15000 2828 2828 2828 2828 5000 15000 5000 15000 15033 3606 15264|0.001 -0.39146470181654514 0.04551132936941649 0.0017075217746920224
1875 1000 1875 1061 566 566 1061 738 1875 738 1875 2125 1456 1958|0.001 0.004194553663392497 0.11665979147742256 0.018966583283237526
696 533 943 1768 1768 1768 1768 1000 696 533 943 1373 2031 1900|0.001 -0.048667324430331504 0.06331912632061343 0.0007679513984992781
566 1000 566 533 533 394 394 1000 302 1000 302 1149 1133 777|0.001 -0.07872583160401292 0.05307285090917713 -0.018863356932539155
533 1000 533 302 302 566 566 1000 394 1000 394 1133 1045 422|0.001 -0.09680774191103692 0.06267818902186528 -0.034906433764385625
3315 1000 3315 1768 1305 1305 1768 1875 3315 1875 3315 3462 1398 3562|0.001 -0.19240922062106924 0.07654682170269655 0.011475230139674775
1061 738 566 1875 1875 1875 1875 1000 1061 738 566 791 2125 2154|0.001 -0.08122790906193056 0.010512874484631674 0.004591883637614647
1875 1000 1875 566 1061 1061 566 738 1875 738 1875 2125 791 2154|0.001 -0.10478781995709285 0.014858952246326051 -0.10930095296263431
302 1000 302 533 533 394 394 1000 566 1000 566 1045 1133 422|0.001 -0.055775212037022515 0.04029949463199012 -0.009210697952662938
1305 1875 1768 3315 3315 3315 3315 1000 1305 1875 1768 1398 3462 3562|0.001 -0.1600738556630832 0.07211395460127612 0.028233236137833462
533 1000 533 566 566 302 302 1000 394 1000 394 1133 1149 777|0.001 -0.045726212828699486 0.12226765951391938 0.005428524620372244
566 738 1061 1875 1875 1875 1875 1000 566 738 1061 1456 2125 1958|0.001 -0.06992354573803206 0.1323639624817763 0.03322872542424582
1768 1000 1768 943 696 696 943 533 1768 533 1768 2031 1373 1900|0.001 -0.021041800569215896 0.10808860042500701 0.004992242980215167
1768 1000 1768 696 943 943 696 533 1768 533 1768 2031 745 2003|0.001 -0.009400994896077153 0.10894184024482279 0.035042790321480055
766 1355 1437 2540 2540 2540 2540 1000 766 1355 1437 1071 2730 2653|0.001 -0.06134996183146724 0.13784290324408977 -0.005441757078780141
394 1000 394 566 566 302 302 1000 533 1000 533 1075 1149 422|0.001 -0.04434930578360974 0.10894487724288249 -0.010220933450071357
1768 1875 1305 3315 3315 3315 3315 1000 1768 1875 1305 2574 3462 3757|0.001 -0.24898381681018766 0.030640261204573083 -0.027830177437596637
302 1000 302 394 394 533 533 1000 566 1000 566 1045 1075 777|0.001 0.024865448523061495 0.1658658642869426 0.03796477494349748
2540 1000 2540 766 1437 1437 766 1355 2540 1355 2540 2730 1972 2918|0.001 -0.1121453192413191 0.036966960557798245 -0.08583798575169
3315 1000 3315 1305 1768 1768 1305 1875 3315 1875 3315 3462 2574 3757|0.001 -0.0011464945265404758 0.1492455216602373 0.024531735131840815
394 1000 394 302 302 566 566 1000 533 1000 533 1075 1045 777|0.001 -0.11398748287422489 0.028735834462163545 0.007018338661011203
1437 1355 766 2540 2540 2540 2540 1000 1437 1355 766 1972 2730 2918|0.001 0.002832416689562134 0.16067154733453215 0.03265146028195609
943 533 696 1768 1768 1768 1768 1000 943 533 696 745 2031 2003|0.001 -0.06828118791441629 0.025947342323155986 -0.026796546695125878
566 1000 566 394 394 533 533 1000 302 1000 302 1149 1075 422|0.001 -0.08338210713801808 0.051391699213803044 -0.0021464934751735942
2540 1000 2540 1437 766 766 1437 1355 2540 1355 2540 2730 1071 2653|0.001 0.00048382865185381263 0.09223509086589088 0.03339504633937507
1000 1000 1000 2000 2000 2000 2000 1000 1000 1000 1000 1414 2236 2236|0.001 -0.034087330476462174 0.12977669471615272 0.032349989678386315
500 1000 500 500 500 500 500 1000 500 1000 500 1118 1118 707|0.001 -0.0014307407234204206 0.13145244854953608 0.037179137948892826
2000 1000 2000 1000 1000 1000 1000 1000 2000 1000 2000 2236 1414 2236|0.001 -0.057426188367286635 0.10811521060402729 0.00906103260838842
1000 1000 1000 2000 2000 2000 2000 1000 1000 1000 1000 1414 2236 2236|0.001 -0.11200257641854061 0.04345539346662264 -0.004721254445066991
500 1000 500 500 500 500 500 1000 500 1000 500 1118 1118 707|0.001 -0.07734130862305011 0.07440243482282893 -0.008127689882756473
2000 1000 2000 1000 1000 1000 1000 1000 2000 1000 2000 2236 1414 2236|0.001 -0.16168378179192477 0.0074597902214246226 -0.04575536378699008
1000 1000 1000 2000 2000 2000 2000 1000 1000 1000 1000 1414 2236 2236|0.001 -0.08885886696245349 0.021403701905191586 -0.00792776765289882
2000 1000 2000 1000 1000 1000 1000 1000 2000 1000 2000 2236 1414 2236|0.001 -0.024616813921903846 0.12413291694211903 -0.0015611953605365603
500 1000 500 500 500 500 500 1000 500 1000 500 1118 1118 707|0.001 4.751258491308974e-05 0.13023829453617353 0.019672740047411708
1000 1000 1000 2000 2000 2000 2000 1000 1000 1000 1000 1414 2236 2236|0.001 -0.007118515824129368 0.12160184944281394 0.039715847469927734
2000 1000 2000 1000 1000 1000 1000 1000 2000 1000 2000 2236 1414 2236|0.001 -0.062282785809809615 0.08173685221228189 0.0053206437918040805
500 1000 500 500 500 500 500 1000 500 1000 500 1118 1118 707|0.001 -0.08448200240854131 0.07751112181343833 -0.007990516256324298
500 1000 500 500 500 500 500 1000 500 1000 500 1118 1118 707|0.001 -0.09387980731698775 0.07141764562347719 -0.0343694556821561
2000 1000 2000 1000 1000 1000 1000 1000 2000 1000 2000 2236 1414 2236|0.001 -0.08189528221088538 0.046979865070555515 -0.01777280817217064
1000 1000 1000 2000 2000 2000 2000 1000 1000 1000 1000 1414 2236 2236|0.001 -0.08377384112340014 0.09874393130902659 0.0008729675160412675
500 1000 500 500 500 500 500 1000 500 1000 500 1118 1118 707|0.001 -0.05348240372998858 0.09724112377283323 -0.012368154672977028
2000 1000 2000 1000 1000 1000 1000 1000 2000 1000 2000 2236 1414 2236|0.001 -0.14471407738462894 0.014372555855890479 -0.04890207867586094
1000 1000 1000 2000 2000 2000 2000 1000 1000 1000 1000 1414 2236 2236|0.001 -0.12773819629826044 0.04634256365700029 -0.05001332331665442
500 1000 500 500 500 500 500 1000 500 1000 500 1118 1118 707|0.001 -0.15586392582136233 0.008331816694102656 -0.03669799605374946
1000 1000 1000 2000 2000 2000 2000 1000 1000 1000 1000 1414 2236 2236|0.001 -0.03405715079078053 0.1288348650493143 0.03719054314651693
2000 1000 2000 1000 1000 1000 1000 1000 2000 1000 2000 2236 1414 2236|0.001 -0.087464339296216 0.07264871879226087 -0.01762745895311113
500 1000 500 500 500 500 500 1000 500 1000 500 1118 1118 707|0.001 -0.10175202409084094 0.07171696502179303 -0.022295853258995635
2000 1000 2000 1000 1000 1000 1000 1000 2000 1000 2000 2236 1414 2236|0.001 -0.16422128888861742 -0.007485685870182168 -0.04103039412609033
1000 1000 1000 2000 2000 2000 2000 1000 1000 1000 1000 1414 2236 2236|0.001 -0.024255691422284675 0.13681609511915882 0.046241016507468924
566 1000 566 566 566 521 521 200 106 200 106 1149 721 625|0.001 -0.006106711230937645 0.09766370384690637 0.01469865352680344
1886 1000 1886 5333 4910 4910 5333 5333 9428 5333 9428 2134 5333 6472|0.001 -0.18720945421119572 0.19609557758035523 0.021857670166900434
530 1000 530 2828 2828 2604 2604 5000 2828 5000 2828 1132 3606 2828|0.001 -0.3079455491467131 0.12125403924382994 0.00975646483597492
1768 1000 1768 1000 921 921 1000 187 354 187 354 2031 1106 1214|0.001 -0.013311727334226475 0.07211180883070156 0.025176643561191092
1768 1000 1768 921 1000 1000 921 187 354 187 354 2031 1000 1275|0.001 -0.021265742000107224 0.03328563190090117 -0.0034492495446991622
530 1000 530 2604 2604 2828 2828 5000 2828 5000 2828 1132 3432 3127|0.001 -0.34347734162046395 0.19162318520540067 0.023320260212118527
1886 1000 1886 4910 5333 5333 4910 5333 9428 5333 9428 2134 5897 6799|0.001 -0.11356341446062013 0.19941926151346046 0.009549686517678069
566 1000 566 521 521 566 566 200 106 200 106 1149 686 566|0.001 -0.021796706895232942 0.03945896046848807 -0.016400545716686032
1000 1000 1000 533 533 67 67 1000 1104 1000 1104 1414 1133 1002|0.001 -0.08724721646529487 0.09521437390838994 -0.0014111732927002407
67 1104 533 1000 1000 1000 1000 1000 67 1104 533 1002 1414 1002|0.001 -0.0056070975815214474 0.13214236651436728 0.04749325840159857
533 1000 533 1000 1000 1104 1104 1000 67 1000 67 1133 1414 1002|0.001 -0.024250809301410436 0.10461715510625913 0.029360562061950812
15000 1000 15000 15000 16553 16553 15000 8000 15000 8000 15000 15033 17000 22338|0.001 -0.5730881859845371 0.10083294097011475 0.012577343346493741
1000 1000 1000 67 533 533 67 1104 1000 1104 1000 1414 1133 1133|0.001 -0.09448045606695099 0.08400037479577405 -0.6443899959952226
16553 8000 15000 15000 15000 15000 15000 1000 16553 8000 15000 17000 15033 22338|0.001 -0.20785405863926076 0.1441392016749865 0.03518881621573877
533 1000 533 1104 1104 1000 1000 1000 67 1000 67 1133 1489 1133|0.001 -0.1292771472479981 0.07615136780908971 -0.03205079949119005
60 906 483 906 906 906 906 1000 60 906 483 1027 1350 908|0.001 -0.030538897447625057 0.11366788329978617 0.018103651363350348
1104 1000 1104 533 533 67 67 1000 1000 1000 1000 1489 1133 1133|0.001 -0.07747220449277559 0.09128005639959191 -0.00021596926702338592
15000 8000 16553 15000 15000 15000 15000 1000 15000 8000 16553 15033 15033 21213|0.001 -0.5740835141826284 0.06864870773007459 0.014018046698156539
906 1000 906 60 483 483 60 906 906 906 906 1350 908 1027|0.001 -0.08617494836611117 0.07463092207149469 -0.6274440093371425
15000 1000 15000 16553 15000 15000 16553 8000 15000 8000 15000 15033 15033 21213|0.001 -0.26889434649184474 0.1339719801738548 0.0016838052143541837
530 1000 530 3691 3691 3872 3872 7500 994 7500 994 1132 4596 4132|0.001 -0.6868296469246971 0.0067887744234562675 -0.023892000212286657
7542 1000 7542 3712 3893 3893 3712 533 1006 533 1006 7608 3569 4769|0.001 -0.07984137697450433 0.07306828266559595 -0.036848194449718985
271 1000 2032 269 144 144 269 1049 271 1049 2032 1245 961 307|0.001 -0.04285501469723729 0.13313920683679648 0.02971273714972744
133 1000 133 492 492 516 516 133 71 133 71 1009 613 473|0.001 -0.006182857736912739 0.05670402062827762 0.012780522990460952
3893 533 3712 7542 7542 1006 1006 1000 3893 533 3712 3569 7608 4769|0.001 -0.03851047864882995 0.10457471274181396 0.0052394062978655676
3691 7500 3691 530 530 994 994 1000 3872 7500 3872 4596 1132 4132|0.001 -0.4175858765437601 0.11076628339186989 -0.023692663814326442
269 1049 144 271 2032 2032 271 1000 269 1049 144 1119 1245 2050|0.001 -0.10646150648144781 -0.023954282321576592 -0.7050835992603155
1886 1000 1886 6960 7300 7300 6960 1875 14142 1875 14142 2134 7792 8942|0.001 -0.10245033570860484 -0.05666208642715387 -0.011894953581481627
1886 1000 1886 7300 6960 6960 7300 1875 14142 1875 14142 2134 6692 8667|0.001 -0.11489024430535455 -0.030013731642108965 -0.010891062329695389
257 953 137 258 1937 1937 258 1000 257 953 137 917 1225 1954|0.001 -0.10144853770106099 -0.011630364607888577 -0.6852904016119865
3872 7500 3872 530 530 994 994 1000 3691 7500 3691 4742 1132 3549|0.001 -0.37801612535398044 0.07625760582607777 0.005074994814517897
3712 533 3893 7542 7542 1006 1006 1000 3712 533 3893 4156 7608 4622|0.001 -0.0422114062422696 0.09928065139649833 0.0019191004117069532
133 1000 133 516 516 492 492 133 71 133 71 1009 632 551|0.001 -0.006115661708344655 0.05266608013555274 0.013846814594975498
258 1000 1937 257 137 137 257 953 258 953 1937 1225 1067 292|0.001 -0.15097707655215786 0.1479559880842629 0.035433902269499384
7542 1000 7542 3893 3712 3712 3893 533 1006 533 1006 7608 4156 4622|0.001 -0.03621413788756689 0.10402940585665377 -0.029106142798231982
530 1000 530 3872 3872 3691 3691 7500 994 7500 994 1132 4742 3549|0.001 -0.2820767181781847 0.08611186973423557 -0.007456422958805886
1699 1000 1699 1875 1922 1922 1875 1875 5097 1875 5097 1972 2403 3515|0.001 -0.17382255712156125 0.014499978942528191 -0.024480887720673694
1000 1025 533 906 2719 2719 906 1000 1000 1025 533 1282 1861 2897|0.001 -0.10903338355057413 -0.03677606478900808 -0.25732208275746515
1104 3000 1104 589 589 1104 1104 1000 1131 3000 1131 2054 1160 1414|0.001 -0.28444713862594506 0.04552814537615024 -0.03382728854447237
589 1000 589 1131 1131 1104 1104 3000 1104 3000 1104 1160 2069 1340|0.001 -0.24459860481018225 0.07776708404819699 0.012770464802029924
2652 1000 884 520 975 975 520 975 2652 975 884 1829 1185 2826|0.001 -0.062446898867589695 -0.00804602815163924 -0.0641563381748178
1875 1875 1922 1699 1699 5097 5097 1000 1875 1875 1922 2277 1972 3489|0.001 -0.21478555730983562 0.047240798183869614 -0.03729319935822595
1699 1000 1699 1922 1875 1875 1922 1875 5097 1875 5097 1972 2277 3489|0.001 -0.1672663814901365 -0.016339356162317076 -0.02224184088588932
1131 3000 1131 589 589 1104 1104 1000 1104 3000 1104 2069 1160 1340|0.001 -0.11121183359123599 0.0814529915939377 0.007869103393103316
975 975 520 884 2652 2652 884 1000 975 975 520 1185 1829 2826|0.001 -0.09420315560926262 -0.011980208859027064 -0.15789590568719758
589 1000 589 1104 1104 1131 1131 3000 1104 3000 1104 1160 2054 1414|0.001 -0.29115583622947194 0.04176468081589224 -0.012029306097750547
1922 1875 1875 1699 1699 5097 5097 1000 1922 1875 1875 2403 1972 3515|0.001 -0.14482025062153236 0.07709031894803875 -0.08889156245020957
2719 1000 906 533 1000 1000 533 1025 2719 1025 906 1861 1282 2897|0.001 -0.06253793875384273 -0.0014665766661570157 -0.05758200141238401
906 1000 2719 1000 533 533 1000 1025 906 1025 2719 1861 1215 1051|0.001 -0.11048770853930856 0.14252374034311233 0.0261514118865791
1025 533 1000 2719 2719 906 906 1000 1025 533 1000 1215 2897 1875|0.001 -0.02416509079588791 0.09593319187603422 0.0052888909218862246
368 1000 368 368 368 377 377 333 196 333 196 1066 685 447|0.001 -0.04881740865818274 0.019651626152628054 -0.0449135772756426
520 975 975 2652 884 884 2652 1000 520 975 975 1250 1829 1026|0.001 -0.06402746826290495 0.12986427841926718 0.05568698698453334
377 333 377 368 368 196 196 1000 368 333 368 690 1066 471|0.001 -0.04213099674089227 0.051395252012416126 0.005002031427741027
2719 1000 2719 1025 1000 1000 1025 533 906 533 906 2897 1282 1861|0.001 -0.04273918325344184 0.0402110439291925 0.010535287541115768
884 1000 2652 975 520 520 975 975 884 975 2652 1829 1250 1026|0.001 -0.017919743318515202 0.13524825674868346 0.006340194460126014
368 1000 368 377 377 368 368 333 196 333 196 1066 690 471|0.001 -0.0497907973838152 0.04411021698606854 -0.03332630605943909
1000 533 1025 2719 2719 906 906 1000 1000 533 1025 1282 2897 1861|0.001 -0.045627762333836364 0.10001810107571174 -0.004189698000427455
533 1025 1000 2719 906 906 2719 1000 533 1025 1000 1215 1861 1051|0.001 -0.029664553015337214 0.11904890327324003 0.03446334776483484
368 333 368 368 368 196 196 1000 377 333 377 685 1066 447|0.001 -0.04171601804989322 0.050298970143178856 0.0012902951635029858
2719 1000 2719 1000 1025 1025 1000 533 906 533 906 2897 1215 1875|0.001 -0.056633331054397607 0.05108749855466943 -0.0048459097826281106
384 1000 1920 2142 1487 1487 2142 1875 2880 1875 5760 1318 1169 1821|0.001 -0.1277501284200966 0.1461050890290072 0.0012001702950836801
875 694 467 896 2689 1344 179 1000 875 694 467 546 1847 2093|0.001 -0.08975335143304508 0.008946581190021341 -0.11963760174936722
1116 3000 1116 521 521 977 977 200 774 1500 774 2060 686 609|0.001 -0.0456880648670277 0.12149029459485927 0.027926946888825466
2604 5000 2604 3872 3872 5579 5579 7500 4883 15000 4883 3432 4742 7892|0.001 -1.2385427887601441 0.09503663473460433 -0.001363940625144222
2142 1875 1487 384 1920 5760 2880 1000 2142 1875 1487 3031 1318 3956|0.001 -0.21501643509771018 -0.0031007920722936344 -1.1236707985689398
3872 7500 3872 2604 2604 4883 4883 5000 5579 15000 5579 4742 3432 7892|0.001 -1.3245803188283822 0.03522457362091558 -0.00931678040198003
521 200 521 1116 1116 774 774 3000 977 1500 977 686 2060 609|0.001 -0.1804151600697801 0.008324780058055481 -0.005280257302338054
2689 1000 896 467 875 875 467 694 1344 694 179 1847 546 2093|0.001 -0.04136521685980221 0.07312461464106468 -0.042350315587248444
896 1000 2689 875 467 467 875 694 179 694 1344 1847 1415 615|0.001 -0.06752047406494377 0.07121434167828511 0.05567191298527119
516 133 516 651 651 347 347 2000 744 667 744 632 1557 406|0.001 -0.08163233649356338 0.03629321806970953 0.004924884471402269
3072 1000 1536 793 1143 1143 793 533 1024 533 205 2391 623 2110|0.001 -0.0294622542921541 0.062317295756861846 0.028576411441239014
258 1000 1937 1261 673 673 1261 1441 1291 1441 3874 1225 786 887|0.001 -0.12373337769986503 0.1745951761880704 0.030824110180609487
651 2000 651 516 516 744 744 133 347 667 347 1557 632 406|0.001 -0.042379575849358364 0.0871777020877551 -0.02087981312634768
1143 533 793 1536 3072 1024 205 1000 1143 533 793 623 2391 2110|0.001 -0.04231292808081322 0.10891925387767287 -0.043858001116181544
467 694 875 2689 896 179 1344 1000 467 694 875 1415 1847 615|0.001 -0.02257178680842853 0.13813810635330936 0.02307605360737819
1536 1000 3072 1143 793 793 1143 533 205 533 1024 2391 1616 971|0.001 -0.0495475294421166 0.06870983178865586 0.027975190708007247
812 1000 812 651 651 651 651 2000 1000 2000 1000 1288 1557 1112|0.001 -0.15623624041219975 0.10487446930587563 -0.0044434222694222925
3072 1000 1536 1248 1536 1536 1248 1000 3072 1000 1536 2391 1708 3435|0.001 -0.054765508538617835 0.06324156101630729 0.011220686037380911
801 1231 801 1231 1231 2462 2462 1000 801 1231 801 1368 1586 1916|0.001 -0.14815588764654386 0.03749429320222486 -0.025693825712423957
1231 1000 1231 801 801 801 801 1231 2462 1231 2462 1586 1368 1916|0.001 -0.058807147202537546 0.09000580092074939 -0.011582699077569147
1536 1000 1248 1536 3072 3072 1536 1000 1536 1000 1248 1708 2391 3435|0.001 -0.09987673438326738 0.014872071813192278 -0.11257883332234875
651 2000 651 812 812 1000 1000 1000 651 2000 651 1557 1288 1112|0.001 -0.1446385723997623 0.07408354872626033 0.03611448742064649
812 1000 812 651 651 651 651 2000 1000 2000 1000 1288 1557 1112|0.001 -0.2676399816049735 0.014902518222534855 -0.04209121920419445
801 1231 801 1231 1231 2462 2462 1000 801 1231 801 1368 1586 1916|0.001 -0.1206882962347855 0.042458078550269285 -0.08819065800553028
3072 1000 1536 1248 1536 1536 1248 1000 3072 1000 1536 2391 1708 3435|0.001 -0.07931085122588888 0.019405680861515062 -0.02651519929380286
1231 1000 1231 801 801 801 801 1231 2462 1231 2462 1586 1368 1916|0.001 -0.024571830798456595 0.14630782862142588 0.024880444452004546
651 2000 651 812 812 1000 1000 1000 651 2000 651 1557 1288 1112|0.001 -0.1785069266675665 0.053072464947347964 -0.03333055667045115
1536 1000 1248 1536 3072 3072 1536 1000 1536 1000 1248 1708 2391 3435|0.001 -0.04183101158230729 0.12923864400227414 -0.0070726318461433735
1248 1000 1536 3072 1536 1536 3072 1000 1248 1000 1536 1708 2391 1979|0.001 -0.08265891894696176 0.06458461752023803 0.05695392295468338
326 500 326 500 500 406 406 1000 326 500 326 778 1118 556|0.001 -0.06836623349211979 0.04326957938445508 -0.01436811472565358
2000 1000 2000 651 651 651 651 812 1000 812 1000 2236 1112 1557|0.001 -0.0687398075840806 0.07097170161673994 -0.006425208769136326
1536 1000 3072 1536 1248 1248 1536 1000 1536 1000 3072 2391 1708 1979|0.001 -0.013066941854764647 0.12688895622269047 0.02282567198421903
651 812 651 2000 2000 1000 1000 1000 651 812 651 1112 2236 1557|0.001 -0.014084069866651117 0.1323956239210733 0.01584086560660669
500 1000 500 326 326 326 326 500 406 500 406 1118 778 556|0.001 -0.04684235496521416 0.0421112748506669 -0.019242859320650618
1248 1000 1536 3072 1536 1536 3072 1000 1248 1000 1536 1708 2391 1979|0.001 -0.047461815980385236 0.11843155606375388 0.04361964793705875
2000 1000 2000 651 651 651 651 812 1000 812 1000 2236 1112 1557|0.001 -0.0678026274615362 0.08108341876162717 0.02105344396566844
326 500 326 500 500 406 406 1000 326 500 326 778 1118 556|0.001 -0.05656858839785062 0.049407356851869366 0.011666895363013907
1536 1000 3072 1536 1248 1248 1536 1000 1536 1000 3072 2391 1708 1979|0.001 -0.0840267961942498 0.10319568715547289 0.014841003961723054
651 812 651 2000 2000 1000 1000 1000 651 812 651 1112 2236 1557|0.001 -0.050407398458480746 0.10163545150751574 -0.01166044625423246
500 1000 500 326 326 326 326 500 406 500 406 1118 778 556|0.001 -0.04490052214510709 0.0784455595313327 0.027170913272167585
1000 1000 1000 133 133 133 133 1000 812 1000 812 1414 1009 911|0.001 -0.043383030067410955 0.07490797923962678 0.006690652698313482
7542 1000 7542 7542 6128 6128 7542 1000 7542 1000 7542 7608 6872 9718|0.001 -0.03539241948180338 0.1246155015917072 0.05053465067974772
133 812 133 1000 1000 1000 1000 1000 133 812 133 911 1414 1009|0.001 -0.0674134704271101 0.07597119544776598 0.012645271546842807
1000 1000 1000 133 133 133 133 812 1000 812 1000 1414 911 1009|0.001 -0.09464371620094059 0.057808856606129666 0.0035927934948021267
6128 1000 7542 7542 7542 7542 7542 1000 6128 1000 7542 6872 7608 9718|0.001 -0.10388320188892686 0.01986733083453318 -0.020325595137247188
133 1000 133 1000 1000 812 812 1000 133 1000 133 1009 1414 911|0.001 -0.00660703674718488 0.14618013841669386 0.024690206911226475
1000 1000 1000 133 133 133 133 1000 812 1000 812 1414 1009 911|0.001 -0.15115606243202517 0.027415688769094615 -0.031539782210153744
133 812 133 1000 1000 1000 1000 1000 133 812 133 911 1414 1009|0.001 -0.06480359103174571 0.0911631350582276 -0.024440588171970035
7542 1000 7542 7542 6128 6128 7542 1000 7542 1000 7542 7608 6872 9718|0.001 -0.07729834763198884 0.04638283355008266 0.0025285659192531007
1000 1000 1000 133 133 133 133 812 1000 812 1000 1414 911 1009|0.001 -0.078520292058053 0.055828625676181964 -0.03226558557600456
133 1000 133 1000 1000 812 812 1000 133 1000 133 1009 1414 911|0.001 -0.06606846274695655 0.08701675067451564 -0.007787602210641564
6128 1000 7542 7542 7542 7542 7542 1000 6128 1000 7542 6872 7608 9718|0.001 -0.14940146287668266 0.03995987129842504 -0.04137082992933139
7542 1000 6128 7542 7542 7542 7542 1000 7542 1000 6128 6872 7608 10667|0.001 -0.06868324529028635 0.00558809650075931 -0.008594217754003264
133 1000 133 812 812 1000 1000 1000 133 1000 133 1009 1288 911|0.001 -0.05187363500971598 0.10000251822063655 -0.012199789192660626
1231 1000 1231 163 163 163 163 1231 1231 1231 1231 1586 1121 1242|0.001 -0.016593482228431933 0.12596185086283684 0.038539649720070734
7542 1000 7542 6128 7542 7542 6128 1000 7542 1000 7542 7608 6872 10667|0.001 -0.012936297176378009 0.11093373358363356 0.009003917459107225
163 1231 163 1231 1231 1231 1231 1000 163 1231 163 1121 1586 1242|0.001 -0.05776421247784658 0.12992047267117668 0.0224935278338112
812 1000 812 133 133 133 133 1000 1000 1000 1000 1288 1009 911|0.001 -0.12247887098155719 0.0071219780854314685 -0.018989512272468145
7542 1000 6128 7542 7542 7542 7542 1000 7542 1000 6128 6872 7608 10667|0.001 -0.11213595943263877 0.028152957328897443 -0.029917134707061477
1231 1000 1231 163 163 163 163 1231 1231 1231 1231 1586 1121 1242|0.001 -0.010377725600123622 0.1134916640327921 0.0073785915646729094
133 1000 133 812 812 1000 1000 1000 133 1000 133 1009 1288 911|0.001 -0.01790573089623604 0.07237961844105412 0.006008786697822011
7542 1000 7542 6128 7542 7542 6128 1000 7542 1000 7542 7608 6872 10667|0.001 -0.033533005424554174 0.12840786998788323 -0.010088501767628877
163 1231 163 1231 1231 1231 1231 1000 163 1231 163 1121 1586 1242|0.001 -0.06655388566857323 0.04741068245972979 0.009080051911407594
812 1000 812 133 133 133 133 1000 1000 1000 1000 1288 1009 911|0.001 -0.08250329792388822 0.047103739994323046 0.008807729428372824
566 1000 566 1000 1000 738 738 1000 71 1000 71 1149 1414 1051|0.001 -0.07996498387215945 0.06369384728545313 0.02010304070378277
14142 1000 14142 14142 10440 10440 14142 8000 14142 8000 14142 14177 10198 17578|0.001 -0.6199800472633454 0.07496941933391454 0.003992142579452018
1000 1000 1000 71 566 566 71 738 1000 738 1000 1414 721 1149|0.001 -0.09223258074510743 0.07790184700261271 -0.6500587860859453
10440 8000 14142 14142 14142 14142 14142 1000 10440 8000 14142 10198 14177 17578|0.001 -0.5878414259818487 0.07409324053060162 -0.015886766882647896
1000 1000 1000 566 566 71 71 1000 738 1000 738 1414 1149 1051|0.001 -0.08443096057170751 0.08612897038702272 0.003466726973997414
71 738 566 1000 1000 1000 1000 1000 71 738 566 1051 1414 1002|0.001 -0.10058241811524815 0.1285851771248625 -0.04109986860008741
96 1355 766 1355 1355 1355 1355 1000 96 1355 766 977 1684 1358|0.001 -0.1180007878129885 0.15494699945750146 -0.005434397968028248
738 1000 738 566 566 71 71 1000 1000 1000 1000 1243 1149 721|0.001 -0.08966323999917702 0.084402716933627 0.003711523463398869
14142 8000 10440 14142 14142 14142 14142 1000 14142 8000 10440 14866 14177 20000|0.001 -0.24090986113375346 0.11366133540428702 0.0433367299057319
1355 1000 1355 96 766 766 96 1355 1355 1355 1355 1684 1424 1556|0.001 -0.08906141458728478 0.09115194545641803 -0.6217978033622018
14142 1000 14142 10440 14142 14142 10440 8000 14142 8000 14142 14177 14866 20000|0.001 -0.3080810508984688 0.11818261800634833 0.03526449913464624
566 1000 566 738 738 1000 1000 1000 71 1000 71 1149 1243 721|0.001 -0.10147696619448365 0.10439990396902799 -0.03526535376352946
1000 1000 1000 71 71 71 71 900 1000 900 1000 1414 951 1002|0.001 -0.11029826001319298 0.01683638049566394 -0.028479777097241143
12728 1000 14142 14142 14142 14142 14142 1000 12728 1000 14142 13454 14177 19026|0.001 -0.10786467018937596 0.0573519537187539 -0.0036721662370131636
71 1000 71 1000 1000 900 900 1000 71 1000 71 1002 1414 951|0.001 -0.09142154080306941 0.08523635973633148 -0.0017485765606140014
1000 1000 1000 71 71 71 71 1000 900 1000 900 1414 1002 951|0.001 -0.14486350393038805 -0.007035571891552683 -0.0282921917683443
14142 1000 14142 14142 12728 12728 14142 1000 14142 1000 14142 14177 13454 19026|0.001 -0.008563496166983375 0.11244292033998793 0.03302981679678352
71 900 71 1000 1000 1000 1000 1000 71 900 71 951 1414 1002|0.001 -0.12447519634478432 -0.009706429988652898 -0.031987919945303256
1000 1000 1000 71 71 71 71 900 1000 900 1000 1414 951 1002|0.001 -0.017489290291927695 0.0968976354373452 0.007611343145144112
71 1000 71 1000 1000 900 900 1000 71 1000 71 1002 1414 951|0.001 -0.07060043256291393 0.07343814263438997 0.019499574035566347
12728 1000 14142 14142 14142 14142 14142 1000 12728 1000 14142 13454 14177 19026|0.001 -0.08075573332209318 0.060874326755882 -0.00930379408538573
1000 1000 1000 71 71 71 71 1000 900 1000 900 1414 1002 951|0.001 -0.11944240647536075 0.014244755808301424 -0.009580388823803299
71 900 71 1000 1000 1000 1000 1000 71 900 71 951 1414 1002|0.001 0.0038543799404289203 0.1623614296955389 0.036350975687622356
14142 1000 14142 14142 12728 12728 14142 1000 14142 1000 14142 14177 13454 19026|0.001 0.009609284815959018 0.13571503574050015 0.03362538154775496
14142 1000 14142 12728 14142 14142 12728 1000 14142 1000 14142 14177 13454 20000|0.001 -0.10181726774316835 0.05040289145147092 -0.04986834318532085
79 1111 79 1111 1111 1111 1111 1000 79 1111 79 1057 1495 1114|0.001 -0.06486573536962359 0.048434082818187285 0.008985704832502606
900 1000 900 71 71 71 71 1000 1000 1000 1000 1345 1002 951|0.001 -0.06381684051600112 0.07778690971735225 -0.021534295344441956
14142 1000 12728 14142 14142 14142 14142 1000 14142 1000 12728 13454 14177 20000|0.001 -0.1181149421446337 -0.002960201545560981 -0.03584095209444915
71 1000 71 900 900 1000 1000 1000 71 1000 71 1002 1345 951|0.001 -0.10351644848805908 0.07369938781695451 0.008704735610982617
1111 1000 1111 79 79 79 79 1111 1111 1111 1111 1495 1057 1114|0.001 -0.1354738854986226 0.05794166184671212 -0.029949990798342485
14142 1000 14142 12728 14142 14142 12728 1000 14142 1000 14142 14177 13454 20000|0.001 -0.11132124360963447 0.04480352673626564 -0.032696383282587727
900 1000 900 71 71 71 71 1000 1000 1000 1000 1345 1002 951|0.001 -0.058706431649032664 0.05821006020730879 -0.008827513789939623
79 1111 79 1111 1111 1111 1111 1000 79 1111 79 1057 1495 1114|0.001 -0.09561171845622218 0.07604718056735349 -0.0007832024600784582
14142 1000 12728 14142 14142 14142 14142 1000 14142 1000 12728 13454 14177 20000|0.001 -0.1277761335997707 0.0304010648635189 -0.011504324234041796
71 1000 71 900 900 1000 1000 1000 71 1000 71 1002 1345 951|0.001 -0.16351519890084876 -0.0044869118978208 -0.0720729735035408
1111 1000 1111 79 79 79 79 1111 1111 1111 1111 1495 1057 1114|0.001 -0.11068532557044097 0.016365959838577915 -0.01232096276268857
179 1000 807 896 2689 2689 896 1000 179 1000 807 1070 1847 2695|0.001 -0.06936240347612199 0.12390408026161426 -0.14938947319825258
1116 3000 1116 900 900 200 200 1000 1116 3000 1116 2060 1345 1194|0.001 -0.227572258049612 0.0738092709472582 0.005696198995146506
900 1000 900 1116 1116 1116 1116 3000 200 3000 200 1345 2060 1194|0.001 -0.31714423225201016 0.04567116756458267 0.005896899399542299
1116 3000 1116 900 900 200 200 1000 1116 3000 1116 2060 1345 1194|0.001 -0.21897904141352953 0.07575082953182655 0.006558596806169881
179 1000 807 896 2689 2689 896 1000 179 1000 807 1070 1847 2695|0.001 -0.0620998019188479 0.1254099048441426 -0.14183442153376746
900 1000 900 1116 1116 1116 1116 3000 200 3000 200 1345 2060 1194|0.001 -0.3298680522926567 0.0421565227287668 -0.0016732502276151084
896 1000 2689 179 807 807 179 1000 896 1000 2689 1847 1070 1206|0.001 -0.07708592610259135 0.12162523058407038 -0.3021442335335933
5579 4500 5579 15000 15000 5000 5000 1000 5579 4500 5579 5969 15033 10302|0.001 -0.3086585362939265 0.07170795085048365 0.006281274399773107
15000 1000 15000 5579 5579 5579 5579 4500 5000 4500 5000 15033 5969 10302|0.001 -0.4054548510682088 0.05696579078629416 0.016379216085304904
896 1000 2689 179 807 807 179 1000 896 1000 2689 1847 1070 1206|0.001 -0.0738960314683823 0.11899862663014238 -0.2915254374778098
5579 4500 5579 15000 15000 5000 5000 1000 5579 4500 5579 5969 15033 10302|0.001 -0.27743753686833794 0.07570360262232567 0.008079430728182846
15000 1000 15000 5579 5579 5579 5579 4500 5000 4500 5000 15033 5969 10302|0.001 -0.26203313187959876 0.12288059062462553 -0.02268896590188252
1355 1000 1355 1511 1511 1511 1511 1000 4064 1000 4064 1684 1916 2791|0.001 -0.04075184886154881 0.11797618734735948 0.010285165816281694
662 1000 662 896 2689 2689 896 1000 662 1000 662 1267 1847 2769|0.001 -0.07497404764734039 0.053705176185370185 -0.17092504654993124
1116 3000 1116 738 738 738 738 1000 1116 3000 1116 2060 1243 1414|0.001 -0.11928448506268508 0.08663242251967684 -0.017188557910893243
738 1000 738 1116 1116 1116 1116 3000 738 3000 738 1243 2060 1257|0.001 -0.21912059875023648 0.0940338638234306 0.013726259374653438
2689 1000 896 662 662 662 662 1000 2689 1000 896 1847 1127 2769|0.001 0.011995779358227043 0.1869891666106116 0.034575269803547304
1355 1000 1355 1511 1511 1511 1511 1000 4064 1000 4064 1684 1703 2791|0.001 -0.012256217118483681 0.13339768261788398 0.01908374049703454
1116 3000 1116 738 738 738 738 1000 1116 3000 1116 2060 1243 1257|0.001 -0.3485679626463012 0.01722539665953926 -0.04049384107844611
662 1000 662 896 2689 2689 896 1000 662 1000 662 1127 1847 2769|0.001 -0.11635031957852426 0.05816744785688943 -0.25744274996377103
738 1000 738 1116 1116 1116 1116 3000 738 3000 738 1243 2060 1414|0.001 -0.20621895639521326 0.10495588505813558 -0.02017302054603376
2689 1000 896 662 662 662 662 1000 2689 1000 896 1847 1267 2769|0.001 -0.010904190316202156 0.09410681213528171 0.013445779987513173
896 1000 2689 662 662 662 662 1000 896 1000 2689 1847 1127 1114|0.001 -0.09922060324111692 0.10473864815224498 -0.031321226718374895
1511 1000 1511 4064 4064 1355 1355 1000 1511 1000 1511 1703 4185 2791|0.001 -0.09812905681985562 0.08535146216294365 0.0017871141433434268
246 1000 246 372 372 372 372 333 246 333 246 1030 687 419|0.001 -0.015986045703263452 0.04105338426183547 0.0013653744840946835
372 333 372 246 246 246 246 1000 372 333 372 687 1030 471|0.001 -0.05243981579667767 -0.008933935195819531 -0.02284760952074527
4064 1000 4064 1511 1511 1511 1511 1000 1355 1000 1355 4185 1916 2791|0.001 -0.056690118555565716 0.08094697668633577 0.00047368974285921794
896 1000 2689 662 662 662 662 1000 896 1000 2689 1847 1267 1114|0.001 -0.006784760815411461 0.138444766441419 0.05708770441910538
246 1000 246 372 372 372 372 333 246 333 246 1030 687 471|0.001 -0.05009967506781843 0.03093009689273174 -0.049225434114711364
1511 1000 1511 4064 4064 1355 1355 1000 1511 1000 1511 1916 4185 2791|0.001 -0.08280001498451872 0.09344710832597469 -0.008356678562356779
372 333 372 246 246 246 246 1000 372 333 372 687 1030 419|0.001 -0.04268680554617488 -0.00905060644196154 -0.01778721796602989
4064 1000 4064 1511 1511 1511 1511 1000 1355 1000 1355 4185 1703 2791|0.001 -0.13909894115472832 0.026038545459263762 -0.009532961467757506
1000 1000 1000 354 354 354 354 500 1000 500 1000 1414 791 1061|0.001 -0.01969458038052041 0.05612760818600515 0.0018536727065909808
1414 1000 2828 2828 2828 2828 2828 1000 1414 1000 2828 2236 3000 3162|0.001 -0.11104143865763194 0.1077380279433715 -0.015394960259721424
354 1000 354 1000 1000 500 500 1000 354 1000 354 1061 1414 791|0.001 -0.10046952938065234 0.08624406427934161 -0.006662948136987312
1000 1000 1000 354 354 354 354 1000 500 1000 500 1414 1061 791|0.001 -0.0670372497467131 0.08568904214431461 0.040043146778074856
2828 1000 2828 2828 1414 1414 2828 1000 2828 1000 2828 3000 2236 3162|0.001 -0.0026043252378915582 0.10643831480204646 0.049729260910769124
354 500 354 1000 1000 1000 1000 1000 354 500 354 791 1414 1061|0.001 -0.06471791680389138 0.017963074890574582 -0.024976146149334744
1000 1000 1000 354 354 354 354 500 1000 500 1000 1414 791 1061|0.001 -0.014045306654296708 0.12353749049522689 0.023123546979708642
354 1000 354 1000 1000 500 500 1000 354 1000 354 1061 1414 791|0.001 -0.10477318965149474 0.06832471449875088 -0.006548235481237397
1414 1000 2828 2828 2828 2828 2828 1000 1414 1000 2828 2236 3000 3162|0.001 -0.09402615647803425 0.12931836129929986 0.015882488521505866
1000 1000 1000 354 354 354 354 1000 500 1000 500 1414 1061 791|0.001 -0.022189530486832476 0.11337546385000064 0.021416164543950345
354 500 354 1000 1000 1000 1000 1000 354 500 354 791 1414 1061|0.001 -0.0362881729770248 0.05076085718896284 0.007652293365496554
2828 1000 2828 2828 1414 1414 2828 1000 2828 1000 2828 3000 2236 3162|0.001 -0.039531247291733074 0.11270129863623524 0.028644265617587816
2828 1000 2828 1414 2828 2828 1414 1000 2828 1000 2828 3000 2236 4000|0.001 -0.11479560031672498 0.05093740268615754 -0.12658433721095208
707 2000 707 2000 2000 2000 2000 1000 707 2000 707 1581 2236 2121|0.001 -0.21376682182090212 0.016030099936434894 -0.013776594454504298
500 1000 500 354 354 354 354 1000 1000 1000 1000 1118 1061 791|0.001 -0.06953316731452275 0.04404432036474226 -0.021556906138129328
2828 1000 1414 2828 2828 2828 2828 1000 2828 1000 1414 2236 3000 4000|0.001 -0.044174610564143846 0.0838985259850733 0.019071315900489605
354 1000 354 500 500 1000 1000 1000 354 1000 354 1061 1118 791|0.001 -0.0846073536483194 0.017459768389553876 -0.04065779957215576
2000 1000 2000 707 707 707 707 2000 2000 2000 2000 2236 1581 2121|0.001 -0.2234779970996692 0.05346001960846003 -0.012478840660873347
2828 1000 2828 1414 2828 2828 1414 1000 2828 1000 2828 3000 2236 4000|0.001 -0.07451121834322949 0.09282565021653033 -0.06745779345259884
500 1000 500 354 354 354 354 1000 1000 1000 1000 1118 1061 791|0.001 -0.02659810281809394 0.05750877157821854 1.3334257471520061e-05
707 2000 707 2000 2000 2000 2000 1000 707 2000 707 1581 2236 2121|0.001 -0.16340299129845248 0.08394453405756952 -0.016803886641120203
2828 1000 1414 2828 2828 2828 2828 1000 2828 1000 1414 2236 3000 4000|0.001 -0.06552767499664935 0.04669006565982459 0.024886837414508367
354 1000 354 500 500 1000 1000 1000 354 1000 354 1061 1118 791|0.001 -0.07537615510759155 0.0475318020955906 -0.03788707017113646
2000 1000 2000 707 707 707 707 2000 2000 2000 2000 2236 1581 2121|0.001 -0.040288060507694956 0.12313171453894212 0.004544871905749481
1104 533 1000 1000 533 284 533 1104 1131 589 1104 1133 1133 1140|0.001 -0.05046246075229188 0.06460924169133575 0.020703893219118363
1104 533 1000 1000 1104 1131 1104 533 589 284 533 1133 1133 1340|0.001 -0.038992271649388455 0.022599446688578162 -0.022937876498990706
533 1104 1000 1000 533 589 1104 1104 284 1131 533 1133 1133 604|0.001 -0.08137036481462134 0.0913458765901054 0.0726149777251317
2121 533 2069 1875 2069 1104 1000 1875 2069 1000 1875 2137 2652 2652|0.001 -0.04549305300633577 0.1058598392254706 0.011672182764961292
1000 1104 533 1104 1000 1104 1131 533 533 589 284 1414 1414 1133|0.001 -0.01243724354410114 0.1014381681399601 0.024030814930697808
1875 1875 2069 533 1000 1875 1000 1104 2069 2069 2121 2125 1414 2652|0.001 -0.14710049989912988 0.09442975363002759 -0.12698795623601655
483 1025 258 483 906 1000 533 906 906 1000 483 1111 1027 1282|0.001 -0.08415207888900156 -0.11910678062377777 -0.09280290172057892
2069 1875 1875 3880 3977 3880 3516 1875 3880 3516 3516 2652 4309 4712|0.001 -0.26064122049186067 0.08589107236566029 0.00733538682806234
1000 1104 533 533 1000 533 284 1104 1104 1131 589 1414 1414 1133|0.001 -0.10384608959863262 -0.02290315460541259 -0.043495152232125855
533 1104 1000 1875 2069 2121 2069 1875 1000 2069 1875 1133 2652 2298|0.001 -0.13729662906037943 0.11946693419446763 -0.007027987851442319
2069 1875 1875 1000 1104 2069 1875 533 2121 1000 2069 2652 1133 2652|0.001 -0.05572900497175404 0.03912782329131392 -0.007230325741023336
1000 533 1104 1104 1000 533 589 533 1104 284 1131 1414 1414 1133|0.001 -0.039026146917329196 0.0328972920596704 -0.0073327304830328455
483 906 906 1000 1025 1000 906 533 258 483 483 1282 1215 1111|0.001 -0.03552730107545754 0.04765817428187935 0.0011224483292471277
533 1025 1000 906 483 258 483 906 483 1000 906 1215 1282 683|0.001 -0.03913522503353195 0.14587996441220552 0.02709072092942133
1875 1875 2069 2121 2069 1875 2069 533 1000 1000 1104 2125 2298 2652|0.001 -0.03260190486174319 0.08359749991264209 0.02076733945695519
251 975 471 975 520 471 884 975 471 884 884 1083 1250 534|0.001 -0.07260098236270274 0.11087343773520164 0.001372197805398212
1000 533 1025 483 906 483 258 906 906 483 1000 1282 1027 1282|0.001 -0.06444145946443935 0.047166491119721154 -0.05520802283916382
3880 1875 3977 2069 1875 3516 3880 1875 3516 3516 3880 4006 2125 3984|0.001 -0.31042038396769 0.045609160429405105 0.0009111068135503331
975 975 520 251 471 884 471 975 884 884 471 1185 1007 1002|0.001 -0.07743254552704415 0.025530148237424832 -0.13582008796203304
906 906 483 1922 1875 1699 1875 1875 1699 1699 906 1027 2277 1926|0.001 -0.015635038501644605 0.138044785661795 0.02117436459287303
1000 533 1104 2069 1875 2069 2121 1875 1875 1000 2069 1414 2125 2652|0.001 -0.09292481223102778 0.028388824492777687 -0.016035837276913156
906 906 483 533 1000 906 483 1025 483 1000 258 1027 1282 1282|0.001 -0.07822118141556089 0.07673005869871075 -0.09381240701891502
1875 1000 1875 1000 533 533 1000 1104 1875 1104 1875 2125 1133 1949|0.001 -0.01689555938477083 0.1179739027893878 0.013468277431976095
1104 533 1000 1875 1875 1875 1875 1000 1104 533 1000 1133 2125 2176|0.001 -0.06351815160506091 0.038454795074573944 -0.013409927514880238
533 1000 533 533 533 589 589 1000 284 1000 284 1133 1133 604|0.001 -0.1262871398406007 0.05144924649391758 -0.0174644861820461
533 1000 533 284 284 533 533 1000 589 1000 589 1133 1040 754|0.001 -0.07929451845186009 0.01665206637243788 -0.03789612825176647
3516 1000 3516 1875 2069 2069 1875 1875 3516 1875 3516 3655 2652 4079|0.001 -0.19524401214388698 0.0706705876271152 -0.030919300224828694
1000 1104 533 1875 1875 1875 1875 1000 1000 1104 533 1414 2125 2125|0.001 -0.09204259717644381 0.014186033838727852 0.012711243044929432
1875 1000 1875 533 1000 1000 533 1104 1875 1104 1875 2125 1414 2125|0.001 -0.06997201613809567 0.10730108286527207 -0.059049054323472294
284 1000 284 533 533 589 589 1000 533 1000 533 1040 1133 754|0.001 -0.10594797060663574 0.021261911768994946 -0.025902662055501402
2069 1875 1875 3516 3516 3516 3516 1000 2069 1875 1875 2652 3655 4079|0.001 -0.23260954637310927 0.01374330117017264 -0.02149477573316183
533 1000 533 533 533 284 284 1000 589 1000 589 1133 1133 604|0.001 -0.11920062298911294 0.029122657446352118 -0.010433438373590453
533 1104 1000 1875 1875 1875 1875 1000 533 1104 1000 1133 2125 1949|0.001 -0.030867265102322294 0.14201453486587745 0.009360010966996679
1875 1000 1875 1000 1104 1104 1000 533 1875 533 1875 2125 1133 2176|0.001 -0.06670527367434453 -0.01752885466245524 -0.03479406524624973
1875 1000 1875 1104 1000 1000 1104 533 1875 533 1875 2125 1414 2125|0.001 -0.08722210289091592 0.0019458304356989586 -0.05369485199300361
483 906 906 1699 1699 1699 1699 1000 483 906 906 1282 1972 1766|0.001 -0.15082712094725892 0.08126934690049659 -0.06180325849687529
589 1000 589 533 533 284 284 1000 533 1000 533 1160 1133 754|0.001 -0.01825319195699615 0.1523123707820817 0.021627169969102855
1875 1875 2069 3516 3516 3516 3516 1000 1875 1875 2069 2125 3655 3984|0.001 -0.24173915748193942 0.021694701898598012 -0.05170289413667484
284 1000 284 589 589 533 533 1000 533 1000 533 1040 1160 604|0.001 0.013611695301378735 0.2216206096369433 0.05721371480516657
1699 1000 1699 483 906 906 483 906 1699 906 1699 1972 1027 1926|0.001 -0.1076264113943326 0.06352856880777802 -0.08783406282965256
3516 1000 3516 2069 1875 1875 2069 1875 3516 1875 3516 3655 2125 3984|0.001 -0.10323690475968261 0.06872782368618102 0.0027644812978877553
589 1000 589 284 284 533 533 1000 533 1000 533 1160 1040 604|0.001 -0.08623919028218463 0.07638673923993311 -0.022684372979525635
906 906 483 1699 1699 1699 1699 1000 906 906 483 1027 1972 1926|0.001 -0.04907901286261285 0.08202204514526468 0.012201906875524138
1000 533 1104 1875 1875 1875 1875 1000 1000 533 1104 1414 2125 2125|0.001 -0.06271291410481994 0.05690150285055928 -0.004483028170934045
533 1000 533 589 589 533 533 1000 284 1000 284 1133 1160 754|0.001 -0.0010283786770215464 0.1259175045993599 0.027401120598014028
1699 1000 1699 906 483 483 906 906 1699 906 1699 1972 1282 1766|0.001 -0.04228215000846802 0.08380380220947448 0.030302511978037572
2719 1000 906 258 483 483 258 1025 2719 1025 906 1861 1111 2761|0.001 -0.03464450243390371 0.05579834077535484 -0.03777353398717542
3977 1875 3880 3516 3516 10547 10547 1000 3977 1875 3880 4309 3655 7273|0.001 -0.1881231853063714 0.07110901750381426 -0.06503099020740644
284 1000 284 1104 1104 1131 1131 3000 533 3000 533 1040 2054 1226|0.001 -0.26558069065914736 0.08945622723343538 0.011652078468928906
368 333 368 178 178 95 95 1000 377 333 377 685 1016 380|0.001 -0.04087633831021842 0.05653407747044037 0.0018943540068394604
5625 1000 5625 2069 2121 2121 2069 533 1875 533 1875 5713 2137 3879|0.001 -0.06433012947392402 0.02295572934704726 -0.02731777354415099
258 1025 483 2719 906 906 2719 1000 258 1025 483 1033 1861 942|0.001 -0.05849556563034097 0.12835721853573068 0.057793073104277504
906 1000 2719 483 258 258 483 1025 906 1025 2719 1861 1033 942|0.001 -0.001209338090991663 0.11355661922650695 0.022738165879321315
178 1000 178 368 368 377 377 333 95 333 95 1016 685 380|0.001 -0.04453182648148424 0.06062814001741135 -0.029720611643530015
2121 533 2069 5625 5625 1875 1875 1000 2121 533 2069 2137 5713 3879|0.001 -0.04952338741478157 0.08972130431607495 -0.0013238792517000775
1104 3000 1104 284 284 533 533 1000 1131 3000 1131 2054 1040 1226|0.001 -0.058363091182507265 0.11984644659766897 -0.0022276896692952075
483 1025 258 906 2719 2719 906 1000 483 1025 258 1111 1861 2761|0.001 -0.10493907581612394 -0.029495253899706197 -0.21314856655772707
3516 1000 3516 3880 3977 3977 3880 1875 10547 1875 10547 3655 4309 7273|0.001 -0.1627366772639982 0.10761793856451041 0.002294869729613236
3516 1000 3516 3977 3880 3880 3977 1875 10547 1875 10547 3655 4006 7220|0.001 -0.07491091927937843 0.1674146911840202 0.01769935304584358
471 975 251 884 2652 2652 884 1000 471 975 251 1007 1829 2694|0.001 -0.0662188685401166 0.04788769186117259 -0.1548766104943733
1131 3000 1131 284 284 533 533 1000 1104 3000 1104 2069 1040 1140|0.001 -0.10885394173156038 0.10057523414339187 0.04388894127394627
2069 533 2121 5625 5625 1875 1875 1000 2069 533 2121 2298 5713 3851|0.001 -0.04681326868212432 0.08412903148497186 0.005276080438842978
178 1000 178 377 377 368 368 333 95 333 95 1016 690 409|0.001 -0.031054992281915883 0.0940328649006128 0.003858924991535506
884 1000 2652 471 251 251 471 975 884 975 2652 1829 1083 919|0.001 -0.04824263065500767 0.09896876346360717 0.055087175311818726
5625 1000 5625 2121 2069 2069 2121 533 1875 533 1875 5713 2298 3851|0.001 -0.030056136176971338 0.0995779862470636 0.017633005913755273
377 333 377 178 178 95 95 1000 368 333 368 690 1016 409|0.001 -0.03899290509583597 0.04676285701752825 0.005629492255392332
251 975 471 2652 884 884 2652 1000 251 975 471 1083 1829 919|0.001 -0.056196294423658255 0.13435286940544966 0.04898260319423642
3880 1875 3977 3516 3516 10547 10547 1000 3880 1875 3977 4006 3655 7220|0.001 -0.2232827514615987 0.06205600108972753 -0.0414098445793587
284 1000 284 1131 1131 1104 1104 3000 533 3000 533 1040 2069 1140|0.001 -0.054846809331170476 0.17704512850498233 0.02879559963455902
2652 1000 884 251 471 471 251 975 2652 975 884 1829 1007 2694|0.001 -0.06665845466408471 -0.020773316802092934 -0.05336346213478671
1104 533 1000 1875 2069 2121 2069 1875 2069 1000 1875 1133 2652 2652|0.001 -0.09144489152842272 0.0002957762620137139 -0.014923268861078975
1000 1104 533 533 1000 1104 589 1104 533 1131 284 1414 1414 1133|0.001 -0.12942872059477972 0.0025182329104445067 -0.13436351246221445
906 906 483 258 483 906 483 1025 1000 1000 533 1027 1111 1282|0.001 -0.05530039293577316 0.054009166240209794 -0.09805773484256597
3977 1875 3880 1875 2069 3880 3516 1875 3880 3516 3516 4309 2652 4712|0.001 -0.16048354131590115 0.11701857597178567 -0.022228656669113223
1000 1104 533 2069 1875 2069 2121 1875 1875 2069 1000 1414 2125 2652|0.001 -0.06562203284600332 0.0754027243008859 0.024974999973288448
1000 533 1104 533 1000 533 284 1104 1104 589 1131 1414 1414 1133|0.001 -0.01965895696500075 0.09768693062549572 -0.010269239442686207
258 1025 483 906 483 533 1000 906 483 1000 906 1033 1282 683|0.001 -0.07210151224782302 0.09633737490323258 0.03772705490018735
2069 1875 1875 2069 2121 2069 1875 533 1104 1000 1000 2652 2137 2652|0.001 -0.10325606181417757 0.014341863396378773 -0.02284872105037028
533 1104 1000 1000 533 284 533 1104 589 1131 1104 1133 1133 604|0.001 -0.128093029080798 0.09319268280973736 0.030332839732769568
533 1104 1000 1000 1104 1131 1104 533 284 589 533 1133 1133 1140|0.001 -0.04992035522011551 0.06647966770219726 0.02039080549848915
1104 533 1000 1000 1104 589 533 533 1131 284 1104 1133 1133 1340|0.001 -0.026828248743406835 0.08245783577713439 0.006984202184767696
1875 1875 2069 1104 1000 1875 2069 533 2069 1000 2121 2125 1414 2652|0.001 -0.0963243338847275 0.05826828446747534 -0.003474350964774997
483 906 906 1875 1922 1875 1699 1875 906 1699 1699 1282 2403 1936|0.001 -0.16825571356549718 0.10426707122768386 -0.025355155018076392
1000 1025 533 483 906 483 258 906 906 1000 483 1282 1027 1282|0.001 -0.07896411999767206 0.021839204866840323 -0.040677257121665145
1875 1875 2069 3977 3880 3516 3880 1875 3516 3516 3880 2125 4006 3984|0.001 -0.2423830797148241 0.08679301339588719 0.012336798297072349
471 975 251 520 975 884 471 975 884 884 471 1007 1185 1002|0.001 -0.10416885927424069 -0.10891055092073332 -0.10258806854271718
1875 1875 1922 483 906 1699 906 906 1699 1699 1875 2277 1027 1926|0.001 -0.17338340922817053 0.05516115372831587 -0.15101478374556665
2069 533 2121 2069 1875 1000 1104 1875 1875 1000 2069 2298 2125 2652|0.001 -0.09979131313827327 0.0804472813898438 0.009740891777696437
906 906 483 1025 1000 906 1000 533 483 483 258 1027 1282 1282|0.001 -0.015407187505273034 0.06692425267046387 0.001953259531948248
1000 533 1104 1104 1000 1104 1131 533 533 284 589 1414 1414 1133|0.001 -0.02430536551201623 0.029251547900501773 -0.009584833798376158
483 906 906 1000 533 483 906 1025 258 1000 483 1282 1215 683|0.001 -0.03696105495983426 0.0874922453648419 0.05928445704599161
1025 533 1000 906 483 258 483 906 1000 483 906 1215 1282 1111|0.001 -0.049473841867849755 0.08103573050169954 0.02548509081570005
1000 1000 1000 3000 1600 200 1600 1720 1720 1720 1720 1414 1887 1020|0.001 -0.0338132485414544 0.11867486372455494 0.02782849212184413
1600 1720 3000 1000 1000 1720 1720 1000 200 1720 1600 1887 1414 1020|0.001 -0.10034946465400374 0.08985974255938167 -0.009146010208486155
1075 125 625 625 1075 1075 625 1875 1075 1000 625 637 1976 884|0.001 -0.12157769511759842 0.02267343371179953 0.00042717242515921683
3000 1720 1600 1000 1000 1720 1720 1000 1600 1720 200 3162 1414 1887|0.001 -0.016163818906891336 0.09869147245645582 0.00465968476774048
1000 1000 1000 200 1600 3000 1600 1720 1720 1720 1720 1414 1887 3162|0.001 -0.08577659822398331 0.06304369514622321 -0.7606767472304699
8602 8000 5000 5000 8602 8602 5000 8000 8602 15000 5000 9434 9434 15684|0.001 -1.472821526645014 0.01415452642194337 -0.022978779173113972
1000 1000 1000 1600 3000 1600 200 1720 1720 1720 1720 1414 3162 1887|0.001 -0.09369884260877481 0.08743170649107679 -0.08117649096751944
200 1720 1600 1000 1000 1720 1720 1000 1600 1720 3000 1020 1414 1887|0.001 -0.08397926221605734 0.13598392179365426 0.006803332912130866
1075 1875 625 625 1075 1075 625 125 1075 1000 625 1976 637 884|0.001 -0.09399514461508329 0.03926098422575075 -0.026291220527945303
930 581 1744 1000 1000 581 581 1000 116 581 930 1838 1823 1097|0.001 -0.0759873670121558 0.12243691060720208 -0.011062982645830832
1000 1000 1000 1744 930 116 930 581 581 581 581 1823 1838 1097|0.001 -0.025606877604031908 0.10350074762463413 0.02753454251744225
625 1875 1075 1075 625 625 1075 125 625 1000 1075 1179 1179 884|0.001 -0.08223150537896018 0.04931442440561318 -0.018513391808127055
116 581 930 1000 1000 581 581 1000 930 581 1744 1097 822 593|0.001 -0.05528001256378756 0.13264119726892787 0.016318922322429152
1000 1000 1000 930 1744 930 116 581 581 581 581 822 1097 1838|0.001 -0.09463037601344149 0.0832466206464555 -0.08022321361505269
5000 8000 8602 8602 5000 5000 8602 8000 5000 15000 8602 5099 5099 7071|0.001 -1.3619466429115323 0.09377083200596603 -0.023883537165630964
1000 1000 1000 116 930 1744 930 581 581 581 581 1823 593 1097|0.001 -0.09743241360357979 0.06007413259238037 -0.6923728835757414
625 125 1075 1075 625 625 1075 1875 625 1000 1075 1179 1179 884|0.001 -0.12411901624304167 0.030305940466552883 -0.018362703041133743
1744 581 930 1000 1000 581 581 1000 930 581 116 1097 822 1838|0.001 -0.028828758571871616 0.07954169397271782 0.002329022299341066
1000 1000 1000 1600 1600 200 200 1000 1720 1000 1720 1414 1887 1020|0.001 -0.09213376098926473 0.08837229632794985 0.0012782364579955185
200 1720 1600 1000 1000 1000 1000 1000 200 1720 1600 1020 1414 1020|0.001 -0.12848581060261988 0.13920932039028555 -0.029033975171152138
1600 1000 1600 1000 1000 1720 1720 1000 200 1000 200 1887 1414 1020|0.001 -0.013356283475871589 0.08439562105574172 0.01891077100313998
5000 1000 5000 5000 8602 8602 5000 8000 5000 8000 5000 5099 9434 9950|0.001 -0.6706634924120247 0.08065685524969002 -0.01399806826912986
1000 1000 1000 200 1600 1600 200 1720 1000 1720 1000 1414 1887 1887|0.001 -0.0956449055060471 0.07747812028547019 -0.670610881664514
8602 8000 5000 5000 5000 5000 5000 1000 8602 8000 5000 9434 5099 9950|0.001 -0.4862810513919402 0.055597840511072416 0.011774744948711557
1600 1000 1600 1720 1720 1000 1000 1000 200 1000 200 1887 1990 1887|0.001 -0.06527115059802413 0.0460072070666917 0.009848224337356548
116 581 930 581 581 581 581 1000 116 581 930 1097 1157 593|0.001 -0.040534159940565084 0.0978400848647265 -0.0010206207698815195
1720 1000 1720 1600 1600 200 200 1000 1000 1000 1000 1990 1887 1887|0.001 -0.08694438727443243 0.08559218866497798 0.004519158012623592
5000 8000 8602 5000 5000 5000 5000 1000 5000 8000 8602 5099 5099 7071|0.001 -0.8371267604865074 0.023056613264584858 -0.005282703488077578
581 1000 581 116 930 930 116 581 581 581 581 1157 593 1097|0.001 -0.08809013100003815 0.0781564133265844 -0.6453530830662713
5000 1000 5000 8602 5000 5000 8602 8000 5000 8000 5000 5099 5099 7071|0.001 -0.5153828797967974 0.08965742306737523 -0.004403538725027412
1000 1000 1000 200 200 200 200 1000 1000 1000 1000 1414 1020 1020|0.001 -0.12109657762240045 0.0565815148694071 -0.004690485558560553
5000 1000 5000 5000 5000 5000 5000 1000 5000 1000 5000 5099 5099 7071|0.001 -0.10651722341664116 0.033683234764774195 -0.009512711846322297
200 1000 200 1000 1000 1000 1000 1000 200 1000 200 1020 1414 1020|0.001 -0.12303602869995545 0.02725217538232405 -0.0164933694193814
1000 1000 1000 200 200 200 200 1000 1000 1000 1000 1414 1020 1020|0.001 -0.10201860010603747 0.03442475280755142 0.009977266054428391
5000 1000 5000 5000 5000 5000 5000 1000 5000 1000 5000 5099 5099 7071|0.001 -0.015818440519803634 0.10154120786169507 0.0051684483480229915
200 1000 200 1000 1000 1000 1000 1000 200 1000 200 1020 1414 1020|0.001 -0.07049028395450851 0.03452336099052378 0.0011352363023098277
1000 1000 1000 200 200 200 200 1000 1000 1000 1000 1414 1020 1020|0.001 0.0015533470676509786 0.1284750340286589 0.0332881378343286
200 1000 200 1000 1000 1000 1000 1000 200 1000 200 1020 1414 1020|0.001 -0.05585293341986208 0.09090293154466522 0.005700360093656709
5000 1000 5000 5000 5000 5000 5000 1000 5000 1000 5000 5099 5099 7071|0.001 -0.11651561816871436 0.0631295679903543 -0.03866128524427026
1000 1000 1000 200 200 200 200 1000 1000 1000 1000 1414 1020 1020|0.001 -0.09505524259655451 0.08734330793291667 -0.0027212444013602344
200 1000 200 1000 1000 1000 1000 1000 200 1000 200 1020 1414 1020|0.001 -0.13860040781524252 0.02315036998661535 -0.04631034377267418
5000 1000 5000 5000 5000 5000 5000 1000 5000 1000 5000 5099 5099 7071|0.001 -0.0929068381703746 0.08371425322325043 0.0153145856723369
5000 1000 5000 5000 5000 5000 5000 1000 5000 1000 5000 5099 5099 7071|0.001 0.008857626057294787 0.16919376061156566 0.04039044272155401
200 1000 200 1000 1000 1000 1000 1000 200 1000 200 1020 1414 1020|0.001 -0.08344127962422565 0.034685764593824775 -0.009031311889325933
1000 1000 1000 200 200 200 200 1000 1000 1000 1000 1414 1020 1020|0.001 -0.046579863209962324 0.080025239895265 0.017696264171682685
5000 1000 5000 5000 5000 5000 5000 1000 5000 1000 5000 5099 5099 7071|0.001 -0.02293149257525884 0.12165101772694475 0.009223875798938241
200 1000 200 1000 1000 1000 1000 1000 200 1000 200 1020 1414 1020|0.001 -0.03702208291086473 0.12880155697643225 0.04326318292144915
1000 1000 1000 200 200 200 200 1000 1000 1000 1000 1414 1020 1020|0.001 -0.021054850002079073 0.1065811897721769 0.026152641365941864
5000 1000 5000 5000 5000 5000 5000 1000 5000 1000 5000 5099 5099 7071|0.001 -0.0448475381702762 0.12428518105457531 0.00537042468825133
1000 1000 1000 200 200 200 200 1000 1000 1000 1000 1414 1020 1020|0.001 -0.0459085636322587 0.12754998295245956 0.03810147753820825
200 1000 200 1000 1000 1000 1000 1000 200 1000 200 1020 1414 1020|0.001 -0.07054491217783454 0.01618629484797074 -0.006994434492244572
5000 1000 5000 5000 5000 5000 5000 1000 5000 1000 5000 5099 5099 7071|0.001 -0.10280754998490571 0.07139012771768538 0.0033261372133597256
200 1000 200 1000 1000 1000 1000 1000 200 1000 200 1020 1414 1020|0.001 -0.07405296939628436 0.0688742245720797 -0.0034430025520781893
1000 1000 1000 200 200 200 200 1000 1000 1000 1000 1414 1020 1020|0.001 -0.13365577767884274 0.051027287291254275 -0.03451980496865015
1000 1000 1000 1720 1720 1720 1720 1000 3000 1000 3000 1414 1990 2441|0.001 -0.07443845771657798 0.07149830172958671 0.008140140964956188
581 1000 581 581 1744 1744 581 1000 581 1000 581 1157 1419 1838|0.001 -0.0873339687347352 0.0454805436375727 -0.18521671692498853
1720 3000 1720 1000 1000 1000 1000 1000 1720 3000 1720 2441 1414 1990|0.001 -0.13428459029773743 0.08650202728375467 0.0345054984713955
1000 1000 1000 1720 1720 1720 1720 3000 1000 3000 1000 1414 2441 1990|0.001 -0.2547141751240123 0.0976449270939761 -0.009769226405980103
1744 1000 581 581 581 581 581 1000 1744 1000 581 1419 1157 1838|0.001 -0.012907521537914857 0.09139105861895036 0.007285500033000769
1000 1000 1000 1720 1720 1720 1720 1000 3000 1000 3000 1414 1990 2441|0.001 -0.07471658065171694 0.06116130148419607 0.008924906861034199
1720 3000 1720 1000 1000 1000 1000 1000 1720 3000 1720 2441 1414 1990|0.001 -0.09661429709682423 0.08114351226351513 0.017730205762389595
581 1000 581 581 1744 1744 581 1000 581 1000 581 1157 1419 1838|0.001 -0.10106541896309773 0.048757204263472076 -0.1925873254595567
1000 1000 1000 1720 1720 1720 1720 3000 1000 3000 1000 1414 2441 1990|0.001 -0.3266652203493381 0.05774721110010095 -0.012390384569694879
1744 1000 581 581 581 581 581 1000 1744 1000 581 1419 1157 1838|0.001 0.0014898926396189616 0.13284160324485317 0.021027534703639272
581 1000 1744 581 581 581 581 1000 581 1000 1744 1419 1157 822|0.001 0.010586092038129546 0.16072315676774362 0.06760476380380132
1720 1000 1720 3000 3000 1000 1000 1000 1720 1000 1720 1990 3162 2441|0.001 -0.10275850014745846 0.08142245191976816 0.0054416063881856935
333 1000 333 573 573 573 573 333 333 333 333 1054 814 663|0.001 -0.04407107089320461 0.04919279499069784 -0.0263921189581362
573 333 573 333 333 333 333 1000 573 333 573 814 1054 663|0.001 -0.04294990616526162 0.011956953273217774 -0.005827316367444935
3000 1000 3000 1720 1720 1720 1720 1000 1000 1000 1000 3162 1990 2441|0.001 -0.0047862858396252594 0.09371983103791282 0.010666823274287918
581 1000 1744 581 581 581 581 1000 581 1000 1744 1419 1157 822|0.001 -0.0768425297293418 0.12787935251569182 -0.03616563252913818
333 1000 333 573 573 573 573 333 333 333 333 1054 814 663|0.001 -0.017382465507155276 0.07821526481191832 -0.004439752164214772
1720 1000 1720 3000 3000 1000 1000 1000 1720 1000 1720 1990 3162 2441|0.001 -0.04949346831183532 0.09946316983262093 0.003936396541759368
573 333 573 333 333 333 333 1000 573 333 573 814 1054 663|0.001 -0.03991240045482458 0.001865492436678995 -0.019584747731892227
3000 1000 3000 1720 1720 1720 1720 1000 1000 1000 1000 3162 1990 2441|0.001 -0.006298625591898421 0.12282218984495552 0.014329694835577556
581 1000 581 1000 1000 1000 1000 1000 1744 1000 1744 1157 822 1419|0.001 -0.07097140653190559 0.15372743151687907 0.020211259650442237
1000 1000 1000 581 1744 1744 581 1000 1000 1000 1000 822 1419 2010|0.001 -0.10321348832729949 0.0661288057624243 -0.23942397516049763
1720 3000 1720 1720 1720 1720 1720 1000 1720 3000 1720 2441 1990 1414|0.001 -0.16004482254768027 0.08776784018556638 0.029547431418670556
1720 1000 1720 1720 1720 1720 1720 3000 1720 3000 1720 1990 2441 3137|0.001 -0.199928504717799 0.08361657081506157 -0.02069288061677721
1744 1000 581 1000 1000 1000 1000 1000 1744 1000 581 1419 1823 2010|0.001 -0.008700511205154138 0.10481241591051127 0.011007641994627004
581 1000 581 1000 1000 1000 1000 1000 1744 1000 1744 1157 1823 1419|0.001 -0.046606726510541874 0.11290560162338092 -0.0046256975710190495
1720 3000 1720 1720 1720 1720 1720 1000 1720 3000 1720 2441 1990 3137|0.001 -0.11242709631202663 0.07474881785695109 -0.014238732963062217
1000 1000 1000 581 1744 1744 581 1000 1000 1000 1000 1823 1419 2010|0.001 -0.0774937699870537 0.08895476276260084 -0.18093851985484632
1720 1000 1720 1720 1720 1720 1720 3000 1720 3000 1720 1990 2441 1414|0.001 -0.16100903644447495 0.08435548118572056 0.0206068891925848
1744 1000 581 1000 1000 1000 1000 1000 1744 1000 581 1419 822 2010|0.001 0.0002762318625237903 0.15060805108932263 0.027436188781357895
581 1000 1744 1000 1000 1000 1000 1000 581 1000 1744 1419 1823 1157|0.001 -0.07638232836022718 0.08020071560426834 -0.02159724835621768
1000 1000 1000 1744 1744 581 581 1000 1000 1000 1000 1823 2010 1419|0.001 -0.07980104217140238 0.08259391028089702 0.001345233623586406
573 1000 573 573 573 573 573 333 573 333 573 1153 814 1046|0.001 -0.031249718239402258 0.05160782596936864 -0.013031570165511486
573 333 573 573 573 573 573 1000 573 333 573 814 1153 471|0.001 -0.046270208368730525 0.02461989172805268 -0.0050376370504534584
1744 1000 1744 1000 1000 1000 1000 1000 581 1000 581 2010 822 1419|0.001 -0.06713139263151424 0.04976378052313324 -0.0031562839651888552
581 1000 1744 1000 1000 1000 1000 1000 581 1000 1744 1419 822 1157|0.001 -0.07016257281828087 0.15236259032607835 0.03321486166729226
573 1000 573 573 573 573 573 333 573 333 573 1153 814 471|0.001 -0.01593131497347522 0.06718546759656441 0.0022366665533657404
1000 1000 1000 1744 1744 581 581 1000 1000 1000 1000 822 2010 1419|0.001 -0.04460769130299913 0.0967715861948637 0.005989239323125339
573 333 573 573 573 573 573 1000 573 333 573 814 1153 1046|0.001 -0.04158028999966423 0.005517420881877566 -0.02009234853349251
1744 1000 1744 1000 1000 1000 1000 1000 581 1000 581 2010 1823 1419|0.001 -0.06162009549477543 0.07627175678234455 0.020228905569628086
1104 533 1000 1000 1000 533 533 1000 1198 533 1104 1133 1414 1226|0.001 -0.054606087991128094 0.07574700550794677 0.0003878454400330078
1000 1000 1000 1000 1104 1198 1104 533 533 533 533 1414 1133 1226|0.001 -0.06384529191074906 0.06564271270263378 -0.026796673751230404
533 1104 1000 1000 533 533 1000 1104 533 1198 1000 1133 1133 754|0.001 -0.03951254635462531 0.05901632383304545 0.03225328074561107
483 906 906 906 483 483 906 1086 483 1000 906 1282 1111 683|0.001 -0.09711121529991984 0.13872819845523132 0.03941592365274582
1198 533 1104 1000 1000 533 533 1000 1104 533 1000 1226 1414 1489|0.001 -0.040963731463542485 0.07842889299366496 -0.0020522700668901273
1000 1000 1000 1104 1000 1104 1198 533 533 533 533 1414 1414 1133|0.001 -0.06007055044353948 0.049836808252805564 -0.000279923217951783
1875 1875 2069 1000 1000 1875 1875 1000 2069 1875 2247 2125 1414 2652|0.001 -0.0742648669507473 0.10739856185242536 0.015518761527373304
906 1086 483 483 906 906 483 906 906 1000 483 1350 1027 1282|0.001 -0.08866254031916654 -0.012855790959255264 -0.10053182077371048
1000 1000 1000 2069 2247 2069 1875 1875 1875 1875 1875 1414 2792 2298|0.001 -0.16037271490993987 0.024638838240602645 -0.01642892872056656
1000 1104 533 533 1000 1000 533 1104 1000 1198 533 1414 1414 1414|0.001 -0.08044090516925118 0.010295966770623721 -0.05922819737621432
1000 1000 1000 1875 2069 2247 2069 1875 1875 1875 1875 1414 2652 2792|0.001 -0.05345540828754047 0.1515039091658621 0.0363459708216185
2069 1875 1875 1000 1000 1875 1875 1000 2247 1875 2069 2652 1414 2792|0.001 -0.03701700974903299 0.11564517867564961 0.0426776237150861
1000 533 1104 1000 1000 533 533 1000 1104 533 1198 1414 1414 1133|0.001 -0.039109687227997236 0.08588587253078872 0.003960404804523865
1000 1000 1000 1104 1198 1104 1000 533 533 533 533 1414 1226 1489|0.001 -0.05298764250765364 0.045469824696853234 -0.006406922762463019
483 1086 906 906 483 483 906 906 483 1000 906 1111 1282 683|0.001 -0.0820658882747971 0.1176709899466255 0.043154696793734626
1000 1000 1000 1198 1104 1000 1104 533 533 533 533 1414 1489 1414|0.001 -0.07914351538738318 0.0321158897171725 -0.03299558706738148
445 921 835 835 445 445 835 921 445 835 835 1243 1243 630|0.001 -0.030527079862238127 0.11084042836319918 0.03919538919516574
1104 533 1198 1000 1000 533 533 1000 1000 533 1104 1489 1414 1414|0.001 -0.06357825327391042 0.045579973406244534 -0.0004339910417205939
2069 1875 2247 1000 1000 1875 1875 1000 1875 1875 2069 2298 1414 2125|0.001 -0.04558943226213863 0.11926664773050932 0.04344512506201603
835 921 445 445 835 835 445 921 835 835 445 1023 1023 1180|0.001 -0.0856640109438278 -0.001113552596994083 -0.08690811162556433
1000 1000 1000 2247 2069 1875 2069 1875 1875 1875 1875 1414 2298 2125|0.001 -0.009664015347794486 0.12319266432276876 0.007940894413842603
1000 1000 1000 2069 1875 2069 2247 1875 1875 1875 1875 1414 2125 2652|0.001 -0.027529077767469712 0.13538783065803583 0.014266439461616542
906 906 483 483 906 906 483 1086 906 1000 483 1027 1350 1282|0.001 -0.09154631430767335 -0.012457194882170564 -0.09839992199218939
2247 1875 2069 1000 1000 1875 1875 1000 2069 1875 1875 2792 1414 2298|0.001 -0.2111018354892602 0.044135404701821646 -0.023744931419008575
2719 1000 906 483 906 906 483 1086 2719 1086 906 1861 1350 2866|0.001 -0.05323553674698167 -0.0025287744440594118 -0.054597122926258734
2247 1875 2069 1875 1875 5625 5625 1000 2247 1875 2069 2792 2125 3949|0.001 -0.14691257123821133 0.05838875899489393 -0.09127685262702578
533 1000 533 1104 1104 1198 1198 3000 1000 3000 1000 1133 2054 1489|0.001 -0.3709508942052775 -0.04111598032995989 -0.04057239630053555
368 333 368 333 333 178 178 1000 399 333 399 685 1054 409|0.001 -0.044884021181438305 0.03971673085318317 0.0034988550446724
3000 1000 3000 1104 1198 1198 1104 533 1000 533 1000 3162 1226 2106|0.001 -0.01761473474834907 0.10254448892833334 0.005165439215688572
483 1086 906 2719 906 906 2719 1000 483 1086 906 1111 1861 1027|0.001 -0.07446699483280805 0.13733943748617694 0.07225721793388651
906 1000 2719 906 483 483 906 1086 906 1086 2719 1861 1111 1027|0.001 -0.054006821747111244 0.0917509309445097 0.03681240468849101
333 1000 333 368 368 399 399 333 178 333 178 1054 685 409|0.001 -0.033050904502868184 0.08463981743194404 -0.017473493831489106
1198 533 1104 3000 3000 1000 1000 1000 1198 533 1104 1226 3162 2106|0.001 -0.024000073123207066 0.10682074802326413 0.006255323055883721
1104 3000 1104 533 533 1000 1000 1000 1198 3000 1198 2054 1133 1489|0.001 -0.24415659740888773 0.02653712983275769 -0.022353670785117963
906 1086 483 906 2719 2719 906 1000 906 1086 483 1350 1861 2866|0.001 -0.11982652573229946 -0.048396869492270955 -0.2553377379464217
1875 1000 1875 2069 2247 2247 2069 1875 5625 1875 5625 2125 2792 3949|0.001 -0.19328601646654509 -0.02196500571873483 -0.013830065716218254
1875 1000 1875 2247 2069 2069 2247 1875 5625 1875 5625 2125 2298 3851|0.001 -0.09241402686553934 0.0842975124252554 0.0036655157943599193
835 921 445 835 2504 2504 835 1000 835 921 445 1023 1758 2639|0.001 -0.07819924762248132 0.03461643977237472 -0.1491426820381414
1198 3000 1198 533 533 1000 1000 1000 1104 3000 1104 2106 1133 1226|0.001 -0.28183625733579243 0.039443369683345164 -0.023176366638339996
1104 533 1198 3000 3000 1000 1000 1000 1104 533 1198 1489 3162 2054|0.001 -0.04512956277679114 0.07633682788830143 -0.003958347383212768
333 1000 333 399 399 368 368 333 178 333 178 1054 702 496|0.001 -0.024657771296214825 0.056697482938723454 -0.01852587009714801
835 1000 2504 835 445 445 835 921 835 921 2504 1758 1243 946|0.001 -0.05277984038253081 0.08157796420221963 0.02335454013298488
3000 1000 3000 1198 1104 1104 1198 533 1000 533 1000 3162 1489 2054|0.001 -0.05002420023296539 0.09107685516431818 -0.011107811405255408
399 333 399 333 333 178 178 1000 368 333 368 702 1054 496|0.001 -0.03832539718588768 0.07434092087549748 -0.0061499482122495674
445 921 835 2504 835 835 2504 1000 445 921 835 1243 1758 946|0.001 -0.06074888831414382 0.13412169562980525 0.05462043661872862
2069 1875 2247 1875 1875 5625 5625 1000 2069 1875 2247 2298 2125 3851|0.001 -0.16347112587889012 0.07793993890443884 -0.0643902523775175
533 1000 533 1198 1198 1104 1104 3000 1000 3000 1000 1133 2106 1226|0.001 -0.2954065025235608 0.0010437661133244625 -0.013119150940360536
2504 1000 835 445 835 835 445 921 2504 921 835 1758 1023 2639|0.001 -0.047978845519015545 0.022935819859621898 -0.05222933357117099
3000 1000 3000 1000 1000 1000 1000 1000 3000 1000 3000 3162 1414 3162|0.001 -0.043657716249349 0.08617755813721262 -0.004824994643314318
1000 1000 1000 3000 3000 3000 3000 1000 1000 1000 1000 1414 3162 3162|0.001 0.006116390739188127 0.15246356375045567 0.05314689242894355
333 1000 333 333 333 333 333 1000 333 1000 333 1054 1054 471|0.001 -0.09577583106487486 0.025201399284635606 -0.006865361848250595
333 1000 333 333 333 333 333 1000 333 1000 333 1054 1054 471|0.001 -0.015926177113609885 0.1401923356223933 0.03577105501650468
3000 1000 3000 1000 1000 1000 1000 1000 3000 1000 3000 3162 1414 3162|0.001 -0.08213715621607776 0.037808675558492766 -0.00899373862801811
1000 1000 1000 3000 3000 3000 3000 1000 1000 1000 1000 1414 3162 3162|0.001 -0.049995371838044145 0.09973419479724077 0.003278291955484125
3000 1000 3000 1000 1000 1000 1000 1000 3000 1000 3000 3162 1414 3162|0.001 -0.07162582421197161 0.0570086785253654 -0.01583208258784219
333 1000 333 333 333 333 333 1000 333 1000 333 1054 1054 471|0.001 -0.05728386407889419 0.09560941274144419 0.004169124740720509
1000 1000 1000 3000 3000 3000 3000 1000 1000 1000 1000 1414 3162 3162|0.001 -0.08659076242172214 0.013314494825820145 -0.008071952385432235
333 1000 333 333 333 333 333 1000 333 1000 333 1054 1054 471|0.001 -0.12605168681637302 0.019790670661095078 -0.00436022745161857
1000 1000 1000 3000 3000 3000 3000 1000 1000 1000 1000 1414 3162 3162|0.001 -0.10158600641082538 0.03937312375940527 -0.02541671815833313
3000 1000 3000 1000 1000 1000 1000 1000 3000 1000 3000 3162 1414 3162|0.001 -0.11754582721127171 0.02472229228747791 -0.03657653380230386
3000 1000 3000 1000 1000 1000 1000 1000 3000 1000 3000 3162 1414 3162|0.001 -0.11152037472636156 0.02146732969112275 -0.020492747264421185
1000 1000 1000 3000 3000 3000 3000 1000 1000 1000 1000 1414 3162 3162|0.001 -0.07116028730787316 0.09866888190371848 0.02558324770625786
333 1000 333 333 333 333 333 1000 333 1000 333 1054 1054 471|0.001 -0.09522215682339796 0.06480474772551759 -0.012461513192334461
1000 1000 1000 3000 3000 3000 3000 1000 1000 1000 1000 1414 3162 3162|0.001 -0.04438425642934951 0.07619263724258918 0.022227443038034256
333 1000 333 333 333 333 333 1000 333 1000 333 1054 1054 471|0.001 -0.07404344195477752 0.010817471224509045 -0.012651858897479995
3000 1000 3000 1000 1000 1000 1000 1000 3000 1000 3000 3162 1414 3162|0.001 -0.0786598141809225 0.10719352004547655 0.01661161449267201
3000 1000 3000 1000 1000 1000 1000 1000 3000 1000 3000 3162 1414 3162|0.001 -0.03669687578898406 0.06058050204881482 0.0035131677436583963
333 1000 333 333 333 333 333 1000 333 1000 333 1054 1054 471|0.001 -0.014529134568623814 0.09571477824231289 0.009070525092496062
1000 1000 1000 3000 3000 3000 3000 1000 1000 1000 1000 1414 3162 3162|0.001 0.0037648680216029184 0.16864594834636426 0.06252444255519851
1000 1000 1000 3000 3000 3000 3000 1000 1000 1000 1000 1414 3162 3162|0.001 -0.051398882318326455 0.109612752826318 -0.0006850553582338215
333 1000 333 333 333 333 333 1000 333 1000 333 1054 1054 471|0.001 -0.17435763922427405 -0.023751133363451027 -0.060876476929939694
3000 1000 3000 1000 1000 1000 1000 1000 3000 1000 3000 3162 1414 3162|0.001 -0.046012833007897935 0.11525407935605969 0.027971576055541014
1075 1875 625 573 573 1075 1075 333 947 625 802 1976 814 1104|0.001 -0.029483914967229907 0.08978018728361681 0.030156123419027292
581 1000 1744 1090 1398 1652 1875 1875 1090 1875 3269 1419 2169 2061|0.001 -0.19776392275312915 0.18948629755485724 -0.00580232867736119
1720 1282 918 1600 3000 1000 533 1720 1720 1516 918 1990 3162 2441|0.001 -0.10921879195967876 -0.03941755401636993 -0.03102492777567245
1744 581 930 533 1000 1000 533 881 581 745 310 1097 1027 1419|0.001 -0.04825478351239809 0.09838808405801647 -0.055702720143999684
573 333 573 1075 625 802 947 1875 1075 625 1075 814 1179 1244|0.001 -0.08799030093036952 -0.016641733480247112 -0.024607430112867368
333 533 573 573 573 306 306 333 427 178 505 1054 814 452|0.001 -0.01803943391729068 0.053717570085527466 -0.0020495546411414267
533 881 1000 1744 930 310 581 581 533 745 1000 1338 1838 757|0.001 -0.04470062165568445 0.11082556757611384 0.013786228028822567
581 1000 1744 1000 881 745 581 533 310 533 930 1419 1338 1099|0.001 -0.05950665843012515 0.11084940342755756 -0.023600640981529253
1600 1720 3000 1720 918 918 1720 1282 533 1516 1000 1887 1357 1302|0.001 -0.03817247367623122 0.10804424897107534 0.03287166932091079
573 333 573 333 573 505 427 533 306 178 306 814 629 767|0.001 -0.02213981743163007 0.02364108612651572 -0.014818141573961219
1090 1875 1398 581 1744 3269 1090 1000 1875 1875 1652 1479 1419 3446|0.001 -0.1410519079834227 0.10540844927097615 -0.33965460460398833
1720 3000 1720 2405 2842 3226 1875 1875 3226 5625 3226 2441 3547 4315|0.001 -0.13630828824412133 0.14890911822241115 0.037697504078961774
780 1182 416 716 1342 1342 716 780 2339 1342 1248 1475 1058 1904|0.001 -0.07113086155731474 -0.11189945166879656 -0.06880911095690667
1744 1000 581 1652 1875 1090 1398 1875 3269 1875 1090 1419 2508 2056|0.001 -0.06638437466888636 0.0369004532523709 0.02312728516392193
2405 1875 2842 1720 1720 3226 3226 3000 1875 5625 3226 2243 2441 2545|0.001 -0.3396196506526583 0.036482121366983034 -0.025194298815091054
1000 533 881 581 1744 930 310 1000 581 533 745 1027 1419 1838|0.001 -0.05596020095460008 0.07187153611109665 -0.11994097829581385
352 846 660 1135 605 605 1135 1135 1055 660 1979 1248 1165 859|0.001 -0.09914348470608458 0.1775279669544827 0.024039971627856094
1720 3000 1720 1516 1282 1000 1720 533 918 1600 918 2441 1892 1990|0.001 -0.09282496842541232 0.1013215023023184 0.0002085898124781771
1744 1000 581 745 581 1000 881 533 930 533 310 1419 1157 1097|0.001 -0.00020343875294925873 0.12782670675830943 0.015949314219854127
1516 533 1282 1720 1720 918 918 3000 1720 1600 1000 1196 2441 1766|0.001 -0.16348698107404358 0.04118425520099889 0.007845009889169141
1000 1000 1000 1000 1000 533 533 1000 1104 1000 1104 1414 1414 1133|0.001 -0.05323933837201311 0.10491898821528123 0.007407759425821503
1000 1000 1000 1000 1104 1104 1000 533 1000 533 1000 1414 1133 1489|0.001 -0.020234987344576183 0.1193554227069904 0.01630943019107267
533 1104 1000 1000 1000 1000 1000 1000 533 1104 1000 1133 1414 1133|0.001 -0.1219151302525745 0.09902274307497239 -0.01931820713891752
1000 1000 1000 1000 533 533 1000 1104 1000 1104 1000 1414 1133 1133|0.001 -0.08903056201955417 0.05917669075476306 0.05902313257396763
1104 533 1000 1000 1000 1000 1000 1000 1104 533 1000 1133 1414 1489|0.001 -0.05586441395523556 0.011156321126568614 -0.02096962603012731
1000 1000 1000 1000 1000 1104 1104 1000 533 1000 533 1414 1414 1133|0.001 -0.020487262973688525 0.12985891680752815 0.03208392492669354
1000 1000 1000 533 533 1000 1000 1000 1104 1000 1104 1414 1133 1414|0.001 -0.06588142838406252 0.028796933475305764 -0.03208648363406841
1000 1104 533 1000 1000 1000 1000 1000 1000 1104 533 1414 1414 1414|0.001 -0.03122192112369304 0.08917033000710672 0.01925167873292999
1875 1000 1875 1875 2069 2069 1875 1875 1875 1875 1875 2125 2652 2792|0.001 -0.059717421325191644 0.142997278226058 0.04170903795549741
1000 1000 1000 533 1000 1000 533 1104 1000 1104 1000 1414 1414 1414|0.001 -0.07297633273941617 0.03958969488445652 -0.06531989941230387
533 1000 533 1000 1000 1104 1104 1000 1000 1000 1000 1133 1414 1414|0.001 0.009034061386292702 0.17254750652442752 0.038635732321457006
2069 1875 1875 1875 1875 1875 1875 1000 2069 1875 1875 2652 2125 2792|0.001 -0.11200746747144774 0.06392357967593965 0.012865247750137865
1000 533 1104 1000 1000 1000 1000 1000 1000 533 1104 1414 1414 1414|0.001 -0.0902137154169469 -0.007825257369328265 -0.04748709048479682
1000 1000 1000 1104 1104 1000 1000 1000 533 1000 533 1414 1489 1414|0.001 0.014317277315842869 0.12617344487745097 0.041393380869021446
906 1000 906 906 483 483 906 906 906 906 906 1350 1282 1027|0.001 -0.050216610098307024 0.12687290688175423 0.07013697037459687
1000 1000 1000 1104 1000 1000 1104 533 1000 533 1000 1414 1414 1414|0.001 -0.08255493321121299 -0.01684772056288031 -0.044715924049637534
483 906 906 906 906 906 906 1000 483 906 906 1282 1350 1027|0.001 -0.009044365646349029 0.09450858497003445 0.0059508947376474275
1104 1000 1104 1000 1000 533 533 1000 1000 1000 1000 1489 1414 1414|0.001 -0.11494072074070605 0.07158136223957667 -0.007904476966238416
1875 1875 2069 1875 1875 1875 1875 1000 1875 1875 2069 2125 2125 2652|0.001 -0.23254103734185128 0.05110246556588427 -0.0204491461606926
906 1000 906 483 906 906 483 906 906 906 906 1350 1027 1282|0.001 -0.10080493658811585 0.0685423337948654 -0.09556307920472129
533 1000 533 1104 1104 1000 1000 1000 1000 1000 1000 1133 1489 1133|0.001 -0.10770526526721058 0.004582734592970539 -0.004097985602383725
1875 1000 1875 2069 1875 1875 2069 1875 1875 1875 1875 2125 2125 2652|0.001 -0.2044863873385605 -0.0003863900890677119 -0.020065797345125702
906 906 483 906 906 906 906 1000 906 906 483 1027 1350 1282|0.001 -0.0379584746198125 0.06811285571108883 -0.009742825311264136
1104 1000 1104 533 533 1000 1000 1000 1000 1000 1000 1489 1133 1133|0.001 -0.07496570458228713 0.08114995087209254 -0.008939644542076408
1000 1000 1000 1104 1104 1104 1104 1000 3000 1000 3000 1414 1489 2054|0.001 -0.09378714639576513 0.006372242734322686 -0.030919138140597102
906 1000 906 906 2719 2719 906 1000 906 1000 906 1350 1861 2866|0.001 -0.09700423601940344 0.07098379500515728 -0.18739340252984626
1104 3000 1104 1000 1000 1000 1000 1000 1104 3000 1104 2054 1414 1489|0.001 -0.22685873385286381 0.08202693005851192 -0.0337493285273327
1000 1000 1000 1104 1104 1104 1104 3000 1000 3000 1000 1414 2054 1489|0.001 -0.1281881818935049 0.07221032326805821 -0.008698350177978043
2719 1000 906 906 906 906 906 1000 2719 1000 906 1861 1350 2866|0.001 0.01169826406483443 0.1629918374204542 0.027934894691257206
1000 1000 1000 1104 1104 1104 1104 1000 3000 1000 3000 1414 1489 2054|0.001 -0.041124331045955254 0.10703096224270237 0.002663408122967059
1104 3000 1104 1000 1000 1000 1000 1000 1104 3000 1104 2054 1414 1489|0.001 -0.19926056609710363 0.10630275225804287 -0.007932119388015524
906 1000 906 906 2719 2719 906 1000 906 1000 906 1350 1861 2866|0.001 -0.09281167849064742 0.05194625119474994 -0.17839290436172717
1000 1000 1000 1104 1104 1104 1104 3000 1000 3000 1000 1414 2054 1489|0.001 -0.2531196325592333 0.08906336274491444 -0.026426854326643268
2719 1000 906 906 906 906 906 1000 2719 1000 906 1861 1350 2866|0.001 -0.00865864312386111 0.13361539598414796 0.014765548429933606
906 1000 2719 906 906 906 906 1000 906 1000 2719 1861 1350 1282|0.001 -0.11441969754031 0.12157749402976759 -0.015773946918451465
1104 1000 1104 3000 3000 1000 1000 1000 1104 1000 1104 1489 3162 2054|0.001 -0.11247741207206952 0.08229300720181687 -0.0007821894707049637
333 1000 333 368 368 368 368 333 333 333 333 1054 685 496|0.001 -0.049176193853452954 -0.0067601933278060855 -0.0510037562554555
368 333 368 333 333 333 333 1000 368 333 368 685 1054 496|0.001 -0.043174175242332025 -0.008402588667849598 -0.020486621853414988
3000 1000 3000 1104 1104 1104 1104 1000 1000 1000 1000 3162 1489 2054|0.001 -0.10221627261388089 0.023679207642244293 -0.005420760080695475
906 1000 2719 906 906 906 906 1000 906 1000 2719 1861 1350 1282|0.001 -0.11754098244045719 0.13725117114559593 -0.014985189594337589
333 1000 333 368 368 368 368 333 333 333 333 1054 685 496|0.001 -0.03541242700630276 0.0464793502154226 0.004330231995799405
1104 1000 1104 3000 3000 1000 1000 1000 1104 1000 1104 1489 3162 2054|0.001 -0.1242142270932256 0.059727521430030794 0.0005771969996715143
368 333 368 333 333 333 333 1000 368 333 368 685 1054 496|0.001 -0.04048233928938383 0.02124334335675826 -0.017735391013754542
3000 1000 3000 1104 1104 1104 1104 1000 1000 1000 1000 3162 1489 2054|0.001 -0.03789566133220457 0.09442741827724976 0.02592049906668281
573 533 333 739 573 268 345 533 506 316 317 629 1153 739|0.001 -0.025515384494370075 0.07563760030235622 -0.0003088641978632456
721 776 1353 451 429 685 776 467 427 362 721 1559 829 281|0.001 -0.0058539376683264255 0.10709025732982491 0.005506844271641054
1035 952 2218 3000 1600 947 1600 1720 803 1519 1720 1838 1887 1790|0.001 -0.048798106290122156 0.1361501487441008 0.031478702525158386
930 581 1744 1000 467 602 1289 883 550 553 930 1838 1288 721|0.001 -0.029293579642234446 0.10909814861092437 0.014488486690102942
883 467 1000 1744 930 550 930 1289 553 602 581 1288 1366 1406|0.001 -0.031038175729710682 0.08400123147559446 0.017177212293744137
739 533 573 573 333 317 506 533 345 316 268 783 1054 613|0.001 -0.022335301495761684 0.07630506191140363 -0.0018578089510234985
625 1875 1075 502 647 1386 1075 592 595 1000 950 1179 776 1104|0.001 -0.08116393600646532 0.08142645104316504 0.025844840796211965
1000 883 467 930 1744 930 550 581 1289 553 602 1027 1097 1366|0.001 -0.06908822804786552 0.01581832171498654 -0.03641201903518243
1179 1289 1993 2143 1892 1186 1246 2143 1993 2763 3737 1546 2200 776|0.001 -0.1756414727743716 0.11897953638360104 -0.017800223250334923
3000 1720 1600 1035 2218 1720 803 952 1600 1519 947 3162 1766 3458|0.001 -0.133100796950828 -0.01963092399603905 -0.16719802424245533
502 592 647 625 1075 950 595 1875 1075 1000 1386 1119 1976 1104|0.001 -0.09424542326374019 0.07060094187576915 0.015440924567187153
920 2143 966 1546 915 1546 2898 776 1468 1662 1662 1706 1729 2338|0.001 -0.0754807573212235 0.08870837216051086 0.1080927114057606
451 467 429 721 1353 721 427 776 776 362 685 796 1059 851|0.001 -0.047173930894544025 0.04594834053965435 -0.024239366934305506
1075 1875 1386 595 950 1075 625 592 502 1000 647 1468 390 1104|0.001 -0.14906263391748387 0.024399327059525522 -0.022716617539618733
994 1596 1681 2330 1087 843 1807 1051 1681 1807 3152 655 1856 1304|0.001 -0.04909418473276972 0.10577047183494948 0.037549628714990124
1744 1289 930 883 1000 581 553 467 930 602 550 2010 1027 1838|0.001 -0.0021211083595773506 0.11276364464978261 0.014483239272859993
528 1132 1132 1053 623 1053 1974 626 681 658 1460 1163 1593 1178|0.001 -0.1163370819893772 0.10317978483591617 0.006557593566041131
595 592 950 1075 1386 647 502 1875 625 1000 1075 1512 2161 1104|0.001 -0.04979696101563125 0.12868171695013864 0.0027300586047962483
2143 2143 1892 1179 1993 3737 1993 1289 1246 2763 1186 2760 2230 2350|0.001 -0.24000094338803235 0.023419365149544014 -0.199502610864859
1053 626 623 528 1132 1460 681 1132 1974 658 1053 410 1459 2276|0.001 -0.09204044343627205 -0.10929902553393211 -0.10439005471911345
1093 1690 848 1605 1006 1056 1817 1690 2343 3169 1817 1891 659 1942|0.001 -0.23109101581353486 0.09286668016283972 0.0013519912062598394
1546 776 915 920 966 1662 1468 2143 2898 1662 1546 1199 1776 3055|0.001 -0.10882125216372662 0.02560543028883755 -0.008481451354617198
2330 1051 1087 994 1681 3152 1681 1596 1807 1807 843 1931 2542 2468|0.001 -0.06912729529045869 0.006141509612884732 -0.11695513488816034
1605 1690 1006 1093 848 1817 2343 1690 1817 3169 1056 2556 1311 2341|0.001 -0.09289304148258903 0.13384441249626233 0.03585741737710757
625 1000 625 647 502 292 502 592 217 592 217 1179 1119 690|0.001 -0.056923097831602654 0.03027995418582119 -0.005048108551741759
915 776 1546 966 335 335 966 776 915 451 1546 1729 1239 974|0.001 -0.03350832286971861 0.13880928485634492 0.03323435314238399
803 347 1035 1600 1600 947 947 1000 467 347 803 1282 1887 1667|0.001 -0.032209477389852914 0.048232183463108314 0.0036536398704867246
1600 1000 1600 803 467 803 1035 347 947 347 947 1887 1104 1055|0.001 -0.037456860107710765 0.06413550209986241 0.011961147510071157
432 581 1246 1993 1179 1179 1993 1289 432 1000 1246 1374 1546 1256|0.001 -0.05794854235497415 0.12306520547974653 -0.0010626376899836032
647 592 502 625 625 217 217 1000 502 592 292 776 1179 802|0.001 -0.015399756900145167 0.10096842287892649 0.010103200296163184
625 1000 625 292 502 647 502 592 217 592 217 1179 660 547|0.001 -0.026235075070456526 0.09117734604750183 0.020901013377847555
803 347 467 1600 1600 947 947 1000 1035 347 803 581 1887 1241|0.001 -0.03727544581348052 0.05230773964432167 0.0034481830192079066
2029 1720 3429 2143 743 743 2143 1720 2029 2218 3429 2262 1246 2160|0.001 -0.04872993363768008 0.12862451510318618 0.047256116897806955
1600 1000 1600 803 1035 803 467 347 947 347 947 1887 875 1790|0.001 -0.03483629788842202 0.04813378219647557 -0.023137506170833877
292 592 502 625 625 217 217 1000 502 592 647 1042 1179 363|0.001 -0.03249090790860443 0.09718670260691287 -0.0013444513882088227
432 1289 1246 1993 1179 1179 1993 581 432 1000 1246 1089 2076 1256|0.001 -0.037660694215365664 0.14260489554749345 0.012818963796557004
966 776 335 915 1546 1546 915 776 966 451 335 845 1199 1823|0.001 -0.03682363419120316 0.06298540548957288 -0.026806207849767727
848 1690 1093 366 366 1056 1056 1000 493 1690 848 1311 1065 614|0.001 -0.16480845276436784 0.08156507514528233 -0.0713064476508729
2731 1000 2731 2986 2316 1346 2316 2885 4615 2885 4615 2908 2523 3045|0.001 -0.15484436152164105 0.13333104848567423 0.014105702133875297
1993 1289 1179 432 1246 1246 432 581 1993 1000 1179 2230 724 2350|0.001 -0.10296169307060454 -0.020173128432703358 -0.19114137367232997
1346 2885 2316 2731 2731 4615 4615 1000 2316 2885 2986 1677 2908 4808|0.001 -0.3492017403065317 0.049698071102448615 -0.04915656933665247
366 1000 366 848 1093 848 493 1690 1056 1690 1056 1065 1891 924|0.001 0.005333128404385601 0.2275544143321384 0.04229174940927782
2143 1720 743 2029 3429 3429 2029 1720 2143 2218 743 2365 3571 4043|0.001 -0.032457897740639785 0.0830118744623376 -0.01727313693943411
2731 1000 2731 1346 2316 2986 2316 2885 4615 2885 4615 2908 3183 5164|0.001 -0.34418690037428257 0.03177897556845943 -0.008367561007188717
848 1690 493 366 366 1056 1056 1000 1093 1690 848 1761 1065 1355|0.001 -0.16573135757937396 0.07190297131969059 -0.06210106607838051
1993 581 1179 432 1246 1246 432 1289 1993 1000 1179 1315 1597 2350|0.001 -0.11429668584977626 -0.01825436435358596 -0.22298414770966835
2986 2885 2316 2731 2731 4615 4615 1000 2316 2885 1346 3699 2908 3581|0.001 -0.2029095502138556 0.09456325064775672 0.05942072902836548
366 1000 366 848 493 848 1093 1690 1056 1690 1056 1065 1115 1166|0.001 -0.18369848661993537 0.050899205139887105 -0.008312526586731206
1744 1000 581 467 1000 581 271 883 930 1047 201 1419 1027 1838|0.001 -0.05316208126500688 0.05201990838519244 -0.07304361766280687
467 347 803 1720 1720 1801 1519 3000 1000 1600 1720 1104 2441 1990|0.001 -0.17847875321903683 0.01145919067443879 -0.010768789310672267
930 581 1744 1000 883 1047 1000 467 201 271 581 1838 1288 938|0.001 -0.05833640977459198 0.0736804242233502 -0.0382382094615219
467 883 1000 1744 581 201 930 1000 271 1047 581 1288 1419 641|0.001 -0.013197814375898176 0.12365016721548105 0.022398050730676466
581 1000 1744 581 271 467 1000 1047 201 883 930 1419 1036 338|0.001 -0.028127615124148297 0.12599006026829063 0.02375685170244113
573 533 333 573 573 506 600 333 268 116 156 629 814 739|0.001 -0.012193653221249656 0.06753071904072039 0.00302332463475663
1720 3000 1720 467 803 1720 1000 347 1519 1600 1801 2441 581 1766|0.001 -0.031055573985909746 0.1276959149528989 0.08136589213671552
581 1047 271 581 1744 930 201 1000 1000 883 467 1157 1419 1097|0.001 -0.07786614538001446 0.009924999542907376 -0.10639869057916362
743 1720 2143 3687 3860 3256 3687 2143 3429 3687 6429 1246 4264 3458|0.001 -0.2186217637745269 0.18506209498762471 -0.0002100346438449474
1246 581 432 1892 2143 2143 2243 2143 3737 1246 1993 724 2760 3041|0.001 -0.16749310768902625 -0.2381614443348512 -0.005288638377280996
5196 4615 4383 2316 1346 2885 4963 2885 4963 8654 4963 5811 1677 5142|0.001 -0.9840822030530394 0.04811026948593922 -0.05594328454167852
1000 467 883 930 1744 581 201 581 1000 271 1047 1027 1097 1419|0.001 -0.0383957342809127 0.09727285217052462 -0.03003025439161644
625 1875 1075 950 1126 1075 1075 217 292 625 502 1179 1009 1244|0.001 -0.039295854464429514 0.1021696426418206 0.003564787601439967
228 1185 1053 1132 528 307 658 1132 658 1132 1974 1062 1163 383|0.001 -0.09699077826115898 0.11578312525048373 0.03164050050463496
3000 1720 1600 1801 1720 1720 1519 467 1000 803 347 3162 1990 2441|0.001 -0.0018527558870251593 0.10196960079610573 0.03245576783589499
950 217 1126 625 1075 502 292 1875 1075 625 1075 1259 1976 1104|0.001 -0.07431104705796665 0.05236699096712982 0.006861141325924525
3687 2143 3860 743 2143 6429 3429 1720 3687 3687 3256 3820 2365 5231|0.001 -0.2985027852934363 0.028829066889362043 -0.764788928330753
2316 2885 1346 5196 4383 4963 4963 4615 4963 8654 2885 3183 4655 6393|0.001 -1.1393855791359209 -0.035949296443009704 -0.03448116226985043
1075 1875 625 502 292 625 1075 592 1126 1000 848 1976 1042 1244|0.001 -0.05784767405731417 0.07803245813510218 0.0040093068314139835
1179 581 1993 1246 1690 2243 2143 2143 1993 1246 3737 2076 2479 3246|0.001 -0.14793268288886385 0.1808999732227723 0.01749522841901996
1720 1357 803 1600 3000 1600 947 1720 1000 1801 467 1990 3162 3162|0.001 -0.08556168531357211 -0.040042135670858015 -0.036649282028462515
1744 581 930 271 581 1000 467 1047 930 789 550 1097 1157 1097|0.001 -0.10450671963426417 0.007854055247245029 -0.13013784912010107
3860 2143 3687 3429 2029 3429 6429 1720 2908 3687 2143 4264 2262 2466|0.001 -0.08853998231939553 0.1354246020688854 0.116634872665351
502 592 292 1075 625 848 1126 1875 1075 1000 625 660 1179 1244|0.001 -0.13588858784420177 -0.007412343950657929 -0.01641422299836881
333 533 573 333 573 268 156 533 452 316 600 1054 629 427|0.001 -0.014024111887748214 0.1080821016315503 2.4639974425255673e-05
271 1047 581 1744 930 550 930 581 467 789 1000 1036 1838 613|0.001 -0.06605602751337702 0.08368558261537595 0.022747522212895888
1600 1720 3000 1720 1801 1357 1000 467 947 803 1600 1887 1783 2606|0.001 -0.06995700733891108 0.04930769488391995 -0.014962696404262621
1600 1720 3000 1720 803 467 1000 1357 947 1801 1600 1887 1282 1667|0.001 -0.028671248625280477 0.06590595978805514 0.046650674584756135
333 533 573 333 573 600 452 533 156 316 268 1054 629 594|0.001 -0.03465671534559234 0.03795153534785545 -0.019665599250046073
789 467 581 1744 930 550 930 581 1047 271 1000 745 1838 669|0.001 -0.02311571594848849 0.07177133152605375 0.014592013280478877
1246 2143 1690 1179 1993 3737 1993 581 2143 1246 2243 1597 1315 3939|0.001 -0.22594285782540968 0.058854045926346465 -0.1725773895516558
493 1690 848 1434 1903 1817 1056 1690 1056 3169 1817 1115 2753 1883|0.001 -0.1796760164478306 0.03054600385550721 -0.023529247752130944
1179 1327 698 592 1268 737 344 737 2210 1268 1179 1920 945 1390|0.001 -0.058926988616314624 -0.012283637841482564 -0.08095590571378986
3429 1720 2029 3860 3687 2143 2908 2143 6429 3687 3429 3571 3820 4043|0.001 -0.21858307764445417 -0.09488947692042005 0.006825985006764235
555 955 259 526 888 1666 888 753 955 555 446 990 639 1756|0.001 -0.0865473723957888 -0.024961987704813504 -0.1251080481943445
1434 1690 1903 493 848 1817 1056 1690 1056 3169 1817 1216 1761 1355|0.001 -0.25583886071342876 0.0655396472052372 -0.07493909919433106
1720 467 1801 1600 3000 1600 947 1720 1000 803 1357 1990 3162 3162|0.001 -0.046603894631628284 0.09022724300580043 -0.035838904506729774
526 753 888 555 259 446 955 955 888 555 1666 1447 1105 925|0.001 -0.0377862773088089 0.0823313121336966 0.025085773921795784
1075 1875 625 1126 848 625 1075 592 502 1000 292 1976 1629 1244|0.001 -0.10244563279819152 0.08372913611255361 -0.010154303132821063
1744 581 930 789 581 1000 1047 467 930 271 550 1097 1157 1097|0.001 -0.03222143669926236 0.06109170553905585 0.02050065628106834
592 737 1268 1179 698 1179 2210 1327 344 1268 737 1466 848 778|0.001 -0.1327863090913517 0.09807358645566033 0.04795008215146224
1126 592 848 1075 625 292 502 1875 1075 1000 625 719 1179 1244|0.001 -0.05725605655332866 0.1122548900331144 -0.005326191681045422
573 533 333 573 573 268 268 333 506 222 452 629 814 739|0.001 -0.023459858241583476 0.06186334811730809 -7.748216654723805e-05
581 1000 1744 581 789 883 1000 467 387 467 930 1419 745 730|0.001 -0.038087918392625264 0.06956093452973322 -0.002103301488460829
803 1357 1720 3000 1600 667 1000 1720 803 1519 1720 1282 1887 1308|0.001 -0.03908133462164898 0.11390282104555283 0.0018613970052605566
930 581 1744 1000 467 467 1000 883 387 789 581 1838 1288 760|0.001 -0.07891734370083947 0.10743627840254621 0.03191374225216759
573 333 573 573 333 452 506 533 268 222 268 814 1054 427|0.001 -0.029124270512141948 0.06429145808386938 -0.013114205879635188
1000 883 467 930 1744 581 387 581 1000 789 467 1027 1097 1419|0.001 -0.09113507724027747 -0.024574530514884785 -0.02114549286084344
830 1000 1993 2143 1892 1690 1246 2143 1246 2143 3737 1629 2200 1563|0.001 -0.2366338292556902 0.13059939471021131 -0.031862840615030086
3000 1720 1600 803 1720 1720 803 1357 1000 1519 667 3162 1990 2441|0.001 -0.06473938463474438 0.06651392066888695 -0.07550689101069707
502 417 502 625 1075 950 848 1875 1075 625 1075 818 1976 1104|0.001 -0.07893045012462685 -0.005260209036860308 -0.00882135851157484
581 467 789 581 1744 930 387 1000 1000 467 883 1157 1419 1097|0.001 -0.04544388933601984 0.06237697980272072 -0.06839606293515876
1720 3000 1720 1357 1519 1720 1000 667 803 1600 803 2441 1255 1766|0.001 -0.0855491608123371 0.08801536758500594 0.03377715297275152
1744 1000 581 883 1000 581 789 467 930 467 387 1419 1027 1838|0.001 -0.003977822184699775 0.1073680464605542 0.019625404186636164
1357 667 1519 1720 1720 803 803 3000 1000 1600 1720 1977 2441 1990|0.001 -0.17480534080808297 0.03861943865293149 0.005781822129131697
2143 2143 1892 830 1993 3737 1246 1000 1246 2143 1690 2760 1629 2350|0.001 -0.18319852789485558 0.08198219226446257 -0.2551856430062127
658 893 439 528 1132 1132 528 1132 1974 658 1053 826 1459 1607|0.001 -0.0901420362461769 -0.1453036543474151 -0.11874394092282192
1204 2400 1204 2279 2036 1500 2581 1500 2581 4500 2581 1962 1883 1924|0.001 -0.14405860286146321 0.15387437888464195 0.03377190345499326
1993 1000 830 1690 1246 2143 1892 2143 3737 2143 1246 1629 1597 3939|0.001 -0.10399070954519862 -0.0018569321553141283 0.023049105049222085
2279 1500 2036 1204 1204 2581 2581 2400 2581 4500 1500 2966 1962 3324|0.001 -0.2505239950685856 0.0811930029392216 0.036271334653676934
1386 1433 820 58 866 866 58 1000 1386 1433 820 2171 1025 1634|0.001 -0.09112532188977118 0.02070465432183477 -1.304779512703701
17317 15000 17317 14200 14200 24000 24000 1000 24808 15000 24808 17745 14235 37596|0.001 -0.8869148721114872 0.040990227956962944 -0.041026846618413826
14200 1000 14200 24808 24808 17317 17317 15000 24000 15000 24000 14235 25109 13544|0.001 -1.5511228594745863 0.023540634649270586 -0.004737100336383859
24808 15000 24808 14200 14200 24000 24000 1000 17317 15000 17317 25109 14235 13544|0.001 -0.6685391662588613 0.12106750867494354 -0.00043980724519609993
967 698 572 40 605 605 40 1000 967 698 572 546 1012 1141|0.001 -0.091732042079542 0.0197114074410365 -1.314315019440404
14200 1000 14200 17317 17317 24808 24808 15000 24000 15000 24000 14235 17745 37596|0.001 -1.8149793389608948 0.015562758243448105 -0.011333304052869586
58 1000 866 1386 820 820 1386 1433 58 1433 866 1025 782 822|0.001 -0.11845155128008322 0.16390233417229894 0.05154526352118216
1034 592 722 625 625 42 42 1000 1034 592 722 564 1179 1046|0.001 -0.04893953440223031 0.09659073275309682 0.0003390506470890564
625 1000 625 1034 722 722 1034 592 42 592 42 1179 1567 739|0.001 -0.028032300649024622 0.09862951939676012 -0.004055139820460241
40 1000 605 967 572 572 967 698 40 698 605 1012 1515 574|0.001 -0.08794722204582994 0.12123144301579458 0.03352364710952571
722 592 1034 625 625 42 42 1000 722 592 1034 1567 1179 739|0.001 -0.04873471331133583 0.09173530631769067 0.001866526055585016
625 1000 625 722 1034 1034 722 592 42 592 42 1179 564 1046|0.001 -0.03943309747982293 0.08796192305053907 -0.016002473469736156
625 1000 625 502 502 647 647 417 217 417 217 1179 818 547|0.001 -0.043690541239885805 0.0438216443820294 0.014154454065966604
830 1000 1993 1246 432 432 1246 1289 830 1289 1993 1629 1089 936|0.001 -0.0343366190983585 0.09728384766358955 0.031082830979742848
1035 347 803 1600 1600 667 667 1000 1035 347 803 875 1887 1462|0.001 -0.03240562785078005 0.08236508711443546 -0.0013899975886400018
1600 1000 1600 803 1035 1035 803 347 667 347 667 1887 875 1462|0.001 -0.05124548821150543 0.031721664790695936 -0.03676521628984131
432 1289 1246 1993 830 830 1993 1000 432 1289 1246 1089 1629 936|0.001 -0.10258141895369999 0.10737994935874573 0.05932734706837861
502 417 502 625 625 217 217 1000 647 417 647 818 1179 547|0.001 -0.023459596441617325 0.09734025283697267 -0.0031470554073265156
625 1000 625 647 647 502 502 417 217 417 217 1179 914 802|0.001 -0.020943247119001862 0.09514510781169383 0.02884994059596302
803 347 1035 1600 1600 667 667 1000 803 347 1035 1282 1887 1308|0.001 -0.03821181634857562 0.05164901440934733 0.005687796027633585
644 1000 1546 966 335 335 966 776 644 776 1546 1413 1239 726|0.001 -0.07797179005244459 0.10045164417535002 0.07441776593387184
1600 1000 1600 1035 803 803 1035 347 667 347 667 1887 1282 1308|0.001 -0.050159404142434694 0.07380225252785699 -0.05082157870105353
647 417 647 625 625 217 217 1000 502 417 502 914 1179 802|0.001 -0.02620564782935375 0.08526947117708517 0.006113246979995157
335 776 966 1546 644 644 1546 1000 335 776 966 1239 1413 726|0.001 -0.04980154471180054 0.12638642568261416 0.024395407451407447
1246 1289 432 830 1993 1993 830 1000 1246 1289 432 1597 1629 2350|0.001 -0.08694212777384691 -0.06629897169628807 -0.11388840904267283
1204 2400 1204 520 520 1500 1500 1000 1553 2400 1553 1962 1127 1924|0.001 -0.1769344231034764 0.07699184094829503 0.02117581208818997
1923 1000 1923 2316 2986 2986 2316 2885 4615 2885 4615 2168 3699 4218|0.001 -0.27266581825442837 0.03529292748578383 0.001148703477384938
1993 1000 830 432 1246 1246 432 1289 1993 1289 830 1629 1597 2350|0.001 -0.0776792611686361 0.004885458783447927 -0.12920849333300066
2986 2885 2316 1923 1923 4615 4615 1000 2986 2885 2316 3699 2168 4218|0.001 -0.19438058074854547 -0.0019557862766728107 -0.0647604751312536
520 1000 520 1204 1204 1553 1553 2400 1500 2400 1500 1127 1962 1924|0.001 -0.23553605367492847 0.05978742992041708 -0.0070966108262870975
966 776 335 644 1546 1546 644 1000 966 776 335 845 1413 1823|0.001 -0.0847815783285133 -0.061387737082104765 -0.10962378165298992
1923 1000 1923 2986 2316 2316 2986 2885 4615 2885 4615 2168 2523 3774|0.001 -0.1659570588883652 0.04688820190779541 -0.017116599505583308
1553 2400 1553 520 520 1500 1500 1000 1204 2400 1204 2193 1127 1312|0.001 -0.2612403794983964 0.045505511174159796 0.01060423695489865
1546 1000 644 335 966 966 335 776 1546 776 644 1413 845 1823|0.001 -0.07727926817313158 -0.010610916387054914 -0.1650853463561297
2316 2885 2986 1923 1923 4615 4615 1000 2316 2885 2986 2523 2168 3774|0.001 -0.20059145080941088 0.09666857273637364 0.03766389041318652
520 1000 520 1553 1553 1204 1204 2400 1500 2400 1500 1127 2193 1312|0.001 0.017718996724023217 0.2023513769241192 0.03419445718051417
1744 1000 581 467 1000 1289 602 883 930 681 201 1419 1027 1366|0.001 -0.04764881808715482 0.059651972529684016 -0.06604529950870464
1035 347 803 1720 1720 1172 1519 3000 2218 1600 1720 875 2441 1510|0.001 -0.16426721444186332 -0.01626061152593339 -0.018286828927254195
930 1289 1744 1000 883 681 1000 467 201 602 581 1366 1288 1027|0.001 -0.031139491218469262 0.08885442915137709 0.015555597786713893
467 883 1000 1744 581 201 930 1000 602 681 1289 1288 1419 508|0.001 -0.01355001272492995 0.15081987645279682 0.02631974988462016
581 1000 1744 1289 602 467 1000 681 201 883 930 1419 1498 745|0.001 -0.03353397505370004 0.12381844025604272 0.036916444636905243
573 533 739 573 573 506 391 333 268 116 345 1153 814 739|0.001 -0.008428965784251785 0.04616643605488191 -0.0005967780150062385
1720 3000 1720 1035 803 1720 2218 347 1519 1600 1172 2441 1282 1766|0.001 -0.05417941006559235 0.10869531901909424 0.07791131438710464
1289 681 602 581 1744 930 201 1000 1000 883 467 878 1419 2010|0.001 -0.1178238735060233 -0.07001986560085771 -0.15354636711453096
335 776 966 1662 1132 1468 1662 2143 1546 1662 2898 1239 1459 1707|0.001 -0.10995269427829357 0.1297570021944816 -0.0031847326965050993
1246 1289 432 1892 2143 2143 1459 2143 3737 2763 1993 1597 2760 3041|0.001 -0.13992533570799326 -0.19856195549208921 -0.009362828807581991
3380 4615 4383 2316 2986 6398 4963 2885 4963 8654 4963 3726 3699 7436|0.001 -0.8613343820579022 0.0006975710875223307 -0.026081728338425147
1000 467 883 930 1744 581 201 1289 1000 602 681 1027 2010 1419|0.001 -0.044536549910062506 0.09074973228315297 -0.03848682752310317
1386 1875 1075 950 732 1075 1075 217 647 625 502 2161 1104 944|0.001 -0.07680855235609352 0.048069283245464334 -0.028812918224365713
228 771 1053 1132 528 681 1460 1132 658 1132 1974 1163 1163 844|0.001 -0.13074040136241805 0.14790366892511786 0.04248154701017359
1353 776 721 528 776 776 685 467 451 362 156 1059 681 1101|0.001 -0.01822473286482995 0.07242064755502264 0.011220058510503783
950 217 732 1386 1075 502 647 1875 1075 625 1075 807 1468 1104|0.001 -0.06350075546051603 0.05072408568062681 0.006730636060452433
1662 2143 1132 335 966 2898 1546 776 1662 1662 1468 2490 845 2358|0.001 -0.1770119019891636 0.044513627341633555 -0.477172875720957
2316 2885 2986 3380 4383 4963 4963 4615 4963 8654 6398 2523 5097 6393|0.001 -0.8258178879043365 0.0380572356894926 -0.010535179179073095
644 1000 1546 966 920 1132 1662 2143 966 2143 2898 1413 1706 1666|0.001 -0.09256014592952444 0.169660746014606 0.010482140875158752
2218 952 1035 1600 3000 1000 667 1720 2218 1172 1035 1766 3162 2814|0.001 -0.08550441307045409 -0.014603235848688056 -0.027902563592044904
1744 581 930 602 1289 1289 602 681 581 553 387 1097 878 1636|0.001 -0.07130693841299052 0.0699393750132371 -0.10113651430985748
647 417 647 1075 625 595 732 1875 1386 625 1386 914 1179 1104|0.001 -0.08069423625036709 -0.01956791416116821 -0.021215868631299095
333 533 573 739 739 345 345 333 317 222 391 1054 938 613|0.001 -0.01858241413925321 0.09211776672294558 -0.00303586496740893
602 681 1289 1744 930 387 581 581 602 553 1289 1498 1838 850|0.001 -0.09604324784019513 0.11791869840099611 0.01897225702144789
451 1000 1353 776 528 429 451 467 301 467 721 1269 1162 777|0.001 -0.026442968643863862 0.08548569181340948 -0.005160563013389963
1600 1720 3000 2218 1035 1035 2218 952 667 1172 1000 1887 1838 1462|0.001 0.0023033320128584833 0.07213891986120657 0.053762360317266555
739 333 739 333 573 391 317 533 345 222 345 938 629 859|0.001 -0.03139660011560186 0.028476346676533648 -0.01568607596656335
966 2143 920 644 1546 2898 966 1000 1662 2143 1132 1776 1413 3055|0.001 -0.17782529696505955 0.0858892458818894 -0.2647634225909157
1553 2400 1553 1428 1757 2581 1500 1500 3327 4500 3327 2193 2586 3867|0.001 -0.36666799059531074 0.07004283113916099 0.010600093935342336
1051 1231 700 1087 2330 2330 1087 1051 3152 1807 1681 1811 1931 2956|0.001 -0.10638992024648686 -0.195665422071285 -0.12070993863064206
1546 1000 644 1132 1662 966 920 2143 2898 2143 966 1413 2490 1823|0.001 -0.0378134078298098 0.11923511076359583 0.02581559182519788
1428 1500 1757 1553 1553 3327 3327 2400 1500 4500 2581 1199 2193 2757|0.001 -0.2097625680403148 0.12381702774622694 0.0543101412340552
776 467 528 451 1353 721 301 1000 451 467 429 681 1269 1426|0.001 -0.04116224231530463 0.10218090633469679 -0.07700024057074817
2218 3000 2218 1172 952 1000 1720 667 1035 1600 1035 2814 1724 1766|0.001 -0.18856975238925933 0.030554980796555498 -0.01706439932459669
1353 1000 451 429 451 776 528 467 721 467 301 1269 796 851|0.001 -0.0035582638771081143 0.1180398894956447 0.016784820830111347
1172 667 952 2218 2218 1035 1035 3000 1720 1600 1000 800 2814 1510|0.001 -0.10523779238206576 0.06352470051234294 0.008694495260985757
520 1000 520 2036 2279 1757 1428 1500 2400 1500 2400 1127 2966 1938|0.001 -0.046285624703397144 0.14432658117480734 0.009489991408617726
737 1120 491 255 1179 1179 255 701 737 863 491 1457 808 1390|0.001 -0.07997717261277515 0.03904109344307738 -0.2917821640200613
2746 4615 3915 1923 1923 2885 2885 1000 3380 4615 4383 3163 2168 4974|0.001 -0.39137663662134226 0.09502037249235817 -0.00663799848398261
1923 1000 1923 4383 3380 2746 3915 4615 2885 4615 2885 2168 3726 2307|0.001 -0.15158251476391382 0.08868461546395645 -0.006830279679694851
520 1000 520 1757 1428 2036 2279 1500 2400 1500 2400 1127 1199 2444|0.001 -0.02123391225777982 0.22178056622382814 0.029842824141348423
4383 4615 3380 1923 1923 2885 2885 1000 3915 4615 2746 5097 2168 3620|0.001 -0.11732593164533234 0.119709429531063 0.012457331299497998
853 812 569 296 1366 1366 296 1297 853 1158 569 683 1508 1610|0.001 -0.07999622960233266 0.008962622929213904 -0.31411810057626277
1923 1000 1923 2746 3915 4383 3380 4615 2885 4615 2885 2168 4701 5703|0.001 -0.4480854356268127 0.0536749577814577 -0.03607327149249606
255 701 1179 737 491 491 737 1120 255 863 1179 1201 925 554|0.001 -0.07971065774838526 0.1199629327392171 0.020218893942820504
1519 667 1357 1600 1600 347 347 1000 1172 667 952 1255 1887 1767|0.001 -0.03614059535023029 0.0866391555895274 0.0008380594004986364
625 1000 625 848 595 732 950 217 417 217 417 1179 1018 500|0.001 -0.01907754666863659 0.02967727841844736 -0.018377552182283763
1600 1000 1600 1519 1357 952 1172 667 347 667 347 1887 1977 1630|0.001 -0.016475164800969777 0.10029849426989479 0.03323902364965381
296 1297 1366 853 569 569 853 812 296 1158 1366 1102 1472 641|0.001 -0.0783250714131889 0.11328650643471994 0.04603535462462505
625 1000 625 732 950 848 595 217 417 217 417 1179 807 1236|0.001 -0.012330446051430632 0.07049219036401988 0.007527534391733592
952 667 1172 1600 1600 347 347 1000 1357 667 1519 1724 1887 1096|0.001 -0.0473169596143852 0.0998092350074975 0.0020367036005985995
1600 1000 1600 952 1172 1519 1357 667 347 667 347 1887 800 1292|0.001 -0.05218852605525903 0.07178262639234045 0.02092710936926645
573 533 333 739 739 345 345 333 391 222 317 629 938 859|0.001 -0.013581161965920963 0.09337056527388476 -0.007702858372548027
451 1000 1353 451 429 528 776 467 301 467 721 1269 829 361|0.001 -0.01891690519833844 0.12440021993628925 0.027500040634631517
1035 952 2218 3000 1600 667 1000 1720 1035 1172 2218 1838 1887 1462|0.001 -0.05431882472028193 0.11345630670213547 0.015195915921502046
930 581 1744 1289 602 602 1289 681 387 553 581 1838 1498 850|0.001 -0.11231656326745498 0.08180231305857433 0.027094589877638686
739 333 739 573 333 317 391 533 345 222 345 938 1054 613|0.001 -0.032547221813087335 0.034069792915427666 -0.023965610711460528
1289 681 602 930 1744 581 387 581 1289 553 602 878 1097 1636|0.001 -0.10814522597446086 -0.0465407804936524 -0.03226278523429604
644 1000 1546 1662 1132 920 966 2143 966 2143 2898 1413 1459 773|0.001 -0.07277225542178689 0.13363112719044334 0.004937136756448801
3000 1720 1600 1035 2218 2218 1035 952 1000 1172 667 3162 1766 2814|0.001 -0.09259661402548969 0.038719693141904266 -0.10830388351278364
647 417 647 625 1075 732 595 1875 1386 625 1386 914 1976 944|0.001 -0.06889693275410669 -0.026764550765353556 -0.01681665860163606
451 467 429 451 1353 721 301 1000 776 467 528 796 1269 851|0.001 -0.03951166813728313 0.06625945962351443 -0.07512616021445262
2218 3000 2218 952 1172 1720 1000 667 1035 1600 1035 2814 800 1510|0.001 -0.05484797315346235 0.10317667778663386 0.004891900290886486
1353 1000 451 528 776 451 429 467 721 467 301 1269 681 1426|0.001 -0.009239471980814207 0.10435402797174476 0.02159882981272121
952 667 1172 2218 2218 1035 1035 3000 1000 1600 1720 1724 2814 1766|0.001 -0.12039558200121148 0.07485159171633837 0.011210882006811307
1662 2143 1132 644 1546 2898 966 1000 966 2143 920 2490 1413 1823|0.001 -0.2081260026954479 0.06845083388146378 -0.2983343640780123
853 812 569 883 1893 1893 883 1468 2560 853 1366 683 2200 2402|0.001 -0.08448356796525225 -0.17357643297731373 -0.11170205481652484
1553 2400 1553 1757 1428 1500 2581 1500 3327 4500 3327 2193 1199 2757|0.001 -0.5978098743833682 -0.0029210024437853477 -0.02724994342104048
1546 1000 644 920 966 1662 1132 2143 2898 2143 966 1413 1776 3055|0.001 -0.09124861231591619 0.010723991867231941 0.0021988671732930953
1757 1500 1428 1553 1553 3327 3327 2400 2581 4500 1500 2586 2193 3867|0.001 -0.22060169158791942 0.0807523385069886 -0.02235079996685152
1744 1000 581 602 1289 1000 467 681 930 883 201 1419 878 2010|0.001 -0.045808059820720004 0.07141021692343985 -0.06484900519990511
803 347 1035 1720 1720 1519 1172 3000 1720 1600 2218 1282 2441 1766|0.001 -0.15259912901889217 -0.004716109047121497 -0.009470559356532515
721 776 1353 776 528 685 776 467 156 362 451 1559 1162 582|0.001 -0.060070661660328595 0.07450754459641384 -0.008721821051485001
602 681 1289 1744 581 201 930 1000 467 883 1000 1498 1419 745|0.001 -0.053192788898857035 0.13554473468481154 0.04436513770391448
581 1000 1744 1000 467 602 1289 883 201 681 930 1419 1288 508|0.001 -0.06843369250418618 0.0792765002236262 0.05151775841155892
739 533 573 573 573 391 506 333 345 116 268 783 814 859|0.001 -0.01156626546104711 0.04871992869621922 -0.002835526756055362
1720 3000 1720 803 1035 2218 1720 347 1172 1600 1519 2441 875 1510|0.001 -0.05864403827134934 0.09755875494428023 0.08549444654567306
1000 883 467 581 1744 930 201 1000 1289 681 602 1027 1419 1366|0.001 -0.10118103688144697 -0.032327545620206566 -0.1311063803062662
432 1289 1246 2143 1892 1459 2143 2143 1993 2763 3737 1089 2200 1609|0.001 -0.19285862908432816 0.16124602451910608 -0.0071688198647112955
966 776 335 1132 1662 1662 1468 2143 2898 1662 1546 845 2490 2358|0.001 -0.15377558774969047 -0.16085293987679328 0.010372039186958837
4383 4615 3380 2986 2316 4963 6398 2885 4963 8654 4963 5097 2523 6393|0.001 -0.2313807681250546 0.11620123017616057 0.05083111146737096
776 467 528 721 1353 451 156 776 776 362 685 681 1059 1101|0.001 -0.03993745684597427 0.09632507001165136 -0.035902530558407086
1075 1875 1386 732 950 1075 1075 217 502 625 647 1468 807 1104|0.001 -0.06978302098098133 0.03701183006207476 -0.034075882580266725
296 1297 1366 1893 883 685 1468 1468 853 1468 2560 1102 1289 746|0.001 -0.1245768382787582 0.168762518758383 0.050115196833995235
1744 1289 930 883 1000 1000 681 467 581 602 201 2010 1027 1419|0.001 -0.0055301603180901715 0.09845784247592526 0.027637893174123906
732 217 950 1075 1386 647 502 1875 1075 625 1075 1104 2161 944|0.001 -0.06599732960937188 0.05661311116501366 0.004970579447227674
2143 2143 1892 432 1246 3737 1993 1289 2143 2763 1459 2760 1597 3041|0.001 -0.1808299355175813 0.0662733316186781 -0.4236977313828538
2986 2885 2316 4383 3380 4963 4963 4615 6398 8654 4963 3699 3726 7436|0.001 -0.05916803722676889 0.22761675519986424 0.054357267606097714
830 1000 1993 1246 1690 1892 2143 2143 1246 2143 3737 1629 2479 2462|0.001 -0.1270151345975601 0.14821462016555875 -0.0006750690858392527
1720 1357 803 1600 3000 1000 667 1720 1720 1519 803 1990 3162 2441|0.001 -0.05029615658999509 0.04289378751767714 -0.007094847959607797
1744 581 930 467 1000 1000 467 883 581 789 387 1097 1027 1419|0.001 -0.15462546402840838 0.003892576515074353 -0.20284636696023983
502 417 502 1075 625 848 950 1875 1075 625 1075 818 1179 1244|0.001 -0.08090435503538496 -0.0033452233633091133 -0.02019987655842992
333 533 573 573 573 268 268 333 452 222 506 1054 814 427|0.001 -0.011992325800539438 0.08543574261922648 0.0017554642993600211
467 883 1000 1744 930 387 581 581 467 789 1000 1288 1838 760|0.001 -0.07034029126346875 0.14218206416638512 0.016743863700348083
581 1000 1744 1000 883 789 581 467 387 467 930 1419 1288 1149|0.001 -0.03556963657304513 0.06829785175118674 -0.00995399517546125
1600 1720 3000 1720 803 803 1720 1357 667 1519 1000 1887 1282 1308|0.001 -0.018731372015837744 0.09964415229957391 0.05065811408596854
573 333 573 333 573 506 452 533 268 222 268 814 629 739|0.001 -0.03292776954818111 0.038602127664291164 -0.017783899193045682
1246 2143 1690 830 1993 3737 1246 1000 2143 2143 1892 1597 1629 3939|0.001 -0.23783001914342905 0.03372947502288559 -0.3479911863383389
1204 2400 1204 2036 2279 2581 1500 1500 2581 4500 2581 1962 2966 3324|0.001 -0.22055929645371175 0.016647374434906048 -0.011128932730953833
737 1120 491 592 1268 1268 592 737 2210 1268 1179 1457 945 1799|0.001 -0.08084572854622496 -0.04918692390866841 -0.08638609737438352
1993 1000 830 1892 2143 1246 1690 2143 3737 2143 1246 1629 2760 2350|0.001 -0.02300076695222697 0.08950518308659561 0.010464690442186786
2036 1500 2279 1204 1204 2581 2581 2400 1500 4500 2581 1883 1962 1924|0.001 -0.37607541026102753 0.035627588418092326 -0.06499078454163643
1000 467 883 581 1744 930 387 1000 581 467 789 1027 1419 1838|0.001 -0.04977587653889892 0.06553344949614237 -0.08299933966875561
1720 3000 1720 1519 1357 1000 1720 667 803 1600 803 2441 1977 1990|0.001 -0.0845700452640108 0.06514124933002297 0.03123824719015733
1744 1000 581 789 581 1000 883 467 930 467 387 1419 1157 1097|0.001 -0.002809738070880252 0.1185000719340068 0.011363470675125331
1519 667 1357 1720 1720 803 803 3000 1720 1600 1000 1255 2441 1766|0.001 -0.0808700104334581 0.1196762312712929 0.005311742533702368
520 1000 520 1428 1757 2279 2036 1500 2400 1500 2400 1127 2586 2650|0.001 -0.014295289545890322 0.2382040496252369 0.030540673620373937
1051 1231 700 364 1681 1681 364 1426 1051 1596 700 1811 1712 1982|0.001 -0.1196415166150322 -0.004097972616038392 -0.43184799239196603
3915 4615 2746 1923 1923 2885 2885 1000 4383 4615 3380 4701 2168 5703|0.001 -0.38722345339115005 0.09438153256182025 -0.00938119675565563
1923 1000 1923 3380 4383 3915 2746 4615 2885 4615 2885 2168 5097 3620|0.001 -0.22846367151434288 0.1219183052470596 0.021845148188133212
520 1000 520 2279 2036 1428 1757 1500 2400 1500 2400 1127 1883 1645|0.001 -0.13514825124189112 0.05108196124485653 -0.009620035631189294
3380 4615 4383 1923 1923 2885 2885 1000 2746 4615 3915 3726 2168 2307|0.001 -0.4860382998189894 0.024423786068363817 -0.03493354674430793
658 893 439 228 1053 1053 228 771 658 626 439 826 850 1242|0.001 -0.09968164120754963 0.0400697195862354 -0.37879493227495953
1923 1000 1923 3915 2746 3380 4383 4615 2885 4615 2885 2168 3163 4974|0.001 -0.3046909318443458 0.024061023853418906 -0.004804702457672505
364 1426 1681 1051 700 700 1051 1231 364 1596 1681 1152 840 789|0.001 -0.017336102818223953 0.13258788436430802 0.013205263323832206
1172 667 952 1600 1600 347 347 1000 1519 667 1357 800 1887 1292|0.001 -0.0652388135818105 0.08015023499102325 -0.0005884189226934566
625 1000 625 595 848 950 732 217 417 217 417 1179 685 784|0.001 -0.014873659884725443 0.03842395929468445 -0.00032728904772683087
1600 1000 1600 1172 952 1357 1519 667 347 667 347 1887 1724 1096|0.001 -0.05301981061762828 0.09802382837051704 -0.011360811747243016
228 771 1053 658 439 439 658 893 228 626 1053 1163 1301 495|0.001 -0.02290172410390534 0.11590515697071702 0.05450324576191656
625 1000 625 950 732 595 848 217 417 217 417 1179 1104 1078|0.001 -0.010364563605732569 0.08016347124194967 -0.0009149150426801533
1357 667 1519 1600 1600 347 347 1000 952 667 1172 1977 1887 1630|0.001 -0.038286799723217246 0.09103288413905508 0.0026138208871961943
1600 1000 1600 1357 1519 1172 952 667 347 667 347 1887 1255 1767|0.001 -0.05514789661969721 0.04091395028545719 0.004136549059421402
573 533 333 573 573 306 306 333 505 178 427 629 814 767|0.001 -0.019993317996166438 0.054836586013982114 -0.00448532263571666
581 1000 1744 581 745 881 1000 533 310 533 930 1419 789 695|0.001 -0.04192064735086265 0.06784936945482656 0.022628371986002094
918 1282 1720 3000 1600 533 1000 1720 918 1516 1720 1357 1887 1302|0.001 -0.09177244695749875 0.13226211484647532 0.015473079103114351
930 581 1744 1000 533 533 1000 881 310 745 581 1838 1338 757|0.001 -0.051739298008304235 0.08404496231269709 0.029960910826098974
573 333 573 573 333 427 505 533 306 178 306 814 1054 452|0.001 -0.02851756325995658 0.024702840837276252 -0.03335389647259657
625 1875 1075 573 573 1075 1075 333 802 625 947 1179 814 1244|0.001 -0.04253809626948546 0.10595516186036491 0.035796940154579904
1000 881 533 930 1744 581 310 581 1000 745 533 1027 1097 1419|0.001 -0.11966982957212324 -0.03239421283988464 -0.03870826297470931
581 1000 1744 1875 1652 1398 1090 1875 1090 1875 3269 1419 1925 1304|0.001 -0.19541059918323334 0.16563751737024512 -0.017074897147765222
3000 1720 1600 918 1720 1720 918 1282 1000 1516 533 3162 1990 2441|0.001 -0.06710728549053857 0.06818532646607256 -0.06715304327610694
573 333 573 625 1075 947 802 1875 1075 625 1075 814 1976 1104|0.001 -0.08086528483478461 -0.014832175623020749 -0.01436952982270312
581 533 745 581 1744 930 310 1000 1000 533 881 1157 1419 1097|0.001 -0.0537360828068556 0.07569120850828615 -0.1150366281439752
1720 3000 1720 1282 1516 1720 1000 533 918 1600 918 2441 1196 1766|0.001 -0.14775382154638028 0.09320374005601151 -0.030988751199593212
416 1182 780 1342 716 716 1342 780 1248 1342 2339 933 1552 1015|0.001 -0.08119949976754359 0.14012557043380225 0.013648367636127645
1744 1000 581 881 1000 581 745 533 930 533 310 1419 1027 1838|0.001 0.002940451710622405 0.13538471250035267 0.02725874209808188
1282 533 1516 1720 1720 918 918 3000 1000 1600 1720 1892 2441 1990|0.001 -0.055388365095289105 0.10009152262933974 -0.00024029723855512053
1875 1875 1652 581 1744 3269 1090 1000 1090 1875 1398 2508 1419 2056|0.001 -0.139221961522209 0.08167127487880066 -0.3172763142875257
660 846 352 605 1135 1135 605 1135 1979 660 1055 789 1518 1610|0.001 -0.029286863201591906 0.07696849343844514 -0.0185645112691335
1720 3000 1720 2842 2405 1875 3226 1875 3226 5625 3226 2441 2243 2545|0.001 -0.5166118093149952 0.04719751199344202 -0.0016234499636391675
1744 1000 581 1398 1090 1875 1652 1875 3269 1875 1090 1419 1479 3446|0.001 0.02246745080730639 0.22309211711831756 0.02597390263413324
2842 1875 2405 1720 1720 3226 3226 3000 3226 5625 1875 3547 2441 4315|0.001 -0.7058049092510466 0.017512786316944418 -0.033046165892545165
1744 1000 581 533 1000 1000 533 881 1744 881 581 1419 1027 2010|0.001 -0.05500726809967493 0.017313529167370945 -0.04722900020603715
1652 1875 1875 1090 1090 3269 3269 1000 1652 1875 1875 1925 1479 2508|0.001 -0.16920389934504065 0.06871482139457097 -0.05744245164073569
918 1000 918 1720 1720 1516 1516 3000 1720 3000 1720 1357 2441 1766|0.001 -0.22599756563899343 0.05077598977420994 -0.016401284826510487
573 333 573 573 573 306 306 1000 505 333 505 814 1153 767|0.001 -0.04404622903264155 0.04595558957690038 0.0030402726106948386
1744 1000 1744 1000 881 881 1000 533 581 533 581 2010 1338 1338|0.001 -0.04265067724096405 0.05701420376846178 0.00938894508209609
533 881 1000 1744 581 581 1744 1000 533 881 1000 1338 1419 789|0.001 -0.07676906018136864 0.11076170812936992 0.08317313724014896
581 1000 1744 1000 533 533 1000 881 581 881 1744 1419 1338 789|0.001 -0.09507214314033341 0.11114711128991761 0.03742218909532191
573 1000 573 573 573 505 505 333 306 333 306 1153 814 767|0.001 -0.026427940329376565 0.0881557017076906 -0.014243273723598682
881 533 1000 1744 1744 581 581 1000 881 533 1000 1338 2010 1338|0.001 -0.030257632821456548 0.09707384435584832 0.005064108690076008
1720 3000 1720 918 918 1720 1720 1000 1516 3000 1516 2441 1357 1766|0.001 -0.18717671437180172 0.1118120276180612 -0.0024247758012818643
1000 881 533 581 1744 1744 581 1000 1000 881 533 1027 1419 2010|0.001 -0.09525000658026972 -0.038049909554792594 -0.19939685296545773
1090 1000 1090 1875 1652 1652 1875 1875 3269 1875 3269 1479 1925 2508|0.001 0.015256938261605235 0.24766993969112416 0.04645916975313025
1090 1000 1090 1652 1875 1875 1652 1875 3269 1875 3269 1479 2508 2661|0.001 -0.058610391046843846 0.10461481212910684 0.009344324484876765
1135 1135 605 660 1979 1979 660 1000 1135 1135 605 1518 1518 2281|0.001 -0.11049576338449274 -0.06455942799823755 -0.23450529616904747
1516 3000 1516 918 918 1720 1720 1000 1720 3000 1720 2302 1357 2301|0.001 -0.1896742932765616 0.03122676601044372 -0.030666306634228313
1000 533 881 1744 1744 581 581 1000 1000 533 881 1027 2010 1419|0.001 -0.019383352611552773 0.11495158640981051 0.0005426692989707327
573 1000 573 505 505 573 573 333 306 333 306 1153 767 589|0.001 -0.014700428837944868 0.084693093868633 0.027857828990527356
660 1000 1979 1135 605 605 1135 1135 660 1135 1979 1518 1165 895|0.001 -0.10481122753140393 0.12427243766692575 0.01967868376337112
1744 1000 1744 881 1000 1000 881 533 581 533 581 2010 1027 1419|0.001 -0.012436776002398009 0.07571949939163547 0.03361644681489695
505 333 505 573 573 306 306 1000 573 333 573 767 1153 589|0.001 -0.03479777422260577 0.05756512624781163 0.0015792891602006698
605 1135 1135 1979 660 660 1979 1000 605 1135 1135 1165 1518 895|0.001 -0.055796900576784436 0.13070452039074532 0.05138927636754387
1875 1875 1652 1090 1090 3269 3269 1000 1875 1875 1652 2508 1479 2661|0.001 -0.20302241290574896 0.05856208111541639 -0.038997504162124885
918 1000 918 1516 1516 1720 1720 3000 1720 3000 1720 1357 2302 2301|0.001 -0.01557398986911096 0.19491593998286705 0.023866726865608978
1979 1000 660 605 1135 1135 605 1135 1979 1135 660 1518 1518 2281|0.001 -0.05975773361475589 -0.0008038705946689095 -0.05897882458953174
1875 1000 1875 2405 2842 2842 2405 1875 5625 1875 5625 2125 3547 4316|0.001 -0.14813538106881907 0.11951175215299426 0.007136631222299794
780 1182 416 780 2339 2339 780 1000 780 1182 416 1475 1681 2466|0.001 -0.07442369257137926 0.03285197739201884 -0.14373733639561515
1282 3000 1282 533 533 1000 1000 1000 1516 3000 1516 2155 1133 1892|0.001 -0.15398120371010626 0.05463675126371692 0.019147891593340738
533 1000 533 1516 1516 1282 1282 3000 1000 3000 1000 1133 2302 1196|0.001 -0.10117793336658853 0.10761184567961823 0.00734167862925128
1979 1000 660 352 660 660 352 846 1979 846 660 1518 789 2086|0.001 -0.06196631252703977 -0.008465697799222571 -0.06417021407749468
2405 1875 2842 1875 1875 5625 5625 1000 2405 1875 2842 2243 2125 4041|0.001 -0.15987356009155795 0.08488616004067806 -0.06501181038854664
1875 1000 1875 2842 2405 2405 2842 1875 5625 1875 5625 2125 2243 4041|0.001 -0.036799163203004026 0.097490827480462 -0.001685185643920395
1516 3000 1516 533 533 1000 1000 1000 1282 3000 1282 2302 1133 1196|0.001 -0.1351767934772774 0.12215476337168907 0.039939391925585266
660 846 352 660 1979 1979 660 1000 660 846 352 789 1518 2086|0.001 -0.09465091456425045 -0.0023051710177024454 -0.2057939928055108
533 1000 533 1282 1282 1516 1516 3000 1000 3000 1000 1133 2155 1892|0.001 -0.3004998341624332 0.04697400213936831 -0.013380172683510327
2842 1875 2405 1875 1875 5625 5625 1000 2842 1875 2405 3547 2125 4316|0.001 -0.18191978837502898 0.07771193831717094 -0.060590211457062226
2339 1000 780 416 780 780 416 1182 2339 1182 780 1681 1475 2466|0.001 -0.06685254507522553 -0.01903901974617428 -0.05148869577896398
780 1000 2339 780 416 416 780 1182 780 1182 2339 1681 933 884|0.001 -0.07230269096510256 0.13761516727250678 0.03475953166756751
1516 533 1282 3000 3000 1000 1000 1000 1516 533 1282 1196 3162 2302|0.001 -0.04523544952014125 0.07946410074571864 -0.0046562828823604185
333 1000 333 427 427 505 505 333 178 333 178 1054 718 399|0.001 -0.010494929399548214 0.09549321712157388 0.013734739793600514
352 846 660 1979 660 660 1979 1000 352 846 660 1248 1518 748|0.001 -0.08149192960997254 0.12703215224647346 0.07490461693608452
505 333 505 333 333 178 178 1000 427 333 427 767 1054 631|0.001 -0.038271298217540384 0.06326789904481211 -0.0029365051233931627
3000 1000 3000 1516 1282 1282 1516 533 1000 533 1000 3162 1892 2155|0.001 -0.06240365961970973 0.055603238402825994 0.006190534198362574
660 1000 1979 660 352 352 660 846 660 846 1979 1518 1248 748|0.001 -0.06998174265752777 0.1053474739940885 0.009069167600215255
333 1000 333 505 505 427 427 333 178 333 178 1054 767 631|0.001 -0.02796953995852225 0.0815864867685856 -0.018243512569503517
1282 533 1516 3000 3000 1000 1000 1000 1282 533 1516 1892 3162 2155|0.001 -0.056916349406582745 0.07414863123206938 0.008972029067870757
416 1182 780 2339 780 780 2339 1000 416 1182 780 933 1681 884|0.001 -0.07167562707639852 0.14117165447509183 0.06549896730614124
427 333 427 333 333 178 178 1000 505 333 505 718 1054 399|0.001 -0.041423485209433064 0.055773423254079635 0.004863810275999025
3000 1000 3000 1282 1516 1516 1282 533 1000 533 1000 3162 1196 2302|0.001 -0.016684648646031475 0.08109522984789397 0.016160082450040747
1075 1875 625 647 502 1075 1386 592 950 1000 595 1976 1119 1104|0.001 -0.0805321246001478 0.06984463094880766 0.008032007331850721
915 776 1546 966 920 1468 1662 2143 1546 1662 2898 1729 1706 2338|0.001 -0.21757216948190994 0.15280090904554067 0.0030229234557488383
2218 952 1035 1600 3000 1600 947 1720 1720 1519 803 1766 3162 3458|0.001 -0.04343557478253879 0.06064447208210977 -0.023517957845093918
1744 581 930 467 1000 1289 602 883 930 553 550 1097 1027 1366|0.001 -0.11989696055175525 0.02230036758620324 -0.16707207784741662
1892 2143 2143 1993 1179 1993 3737 1289 1186 2763 1246 2200 1546 776|0.001 -0.03156229862114612 0.14101529373165 0.07991580263279507
647 592 502 1075 625 595 950 1875 1386 1000 1075 776 1179 1104|0.001 -0.10337489491229701 0.031567906353813235 -0.010218682655995792
333 533 573 573 739 345 268 533 317 316 506 1054 783 613|0.001 -0.03552315418451246 0.05482484529019116 -0.0071410114159420335
467 883 1000 1744 930 550 930 581 602 553 1289 1288 1838 721|0.001 -0.08202323695741032 0.09300633676006198 0.017406873928322852
930 1289 1744 1000 883 553 581 467 550 602 930 1366 1288 1406|0.001 -0.051429367405976256 0.07408838844849663 -0.018157199009677383
1600 1720 3000 2218 1035 803 1720 952 947 1519 1600 1887 1838 1790|0.001 -0.02751383216340053 0.08339726840548733 0.028758916819426883
573 533 739 333 573 506 317 533 268 316 345 1153 629 739|0.001 -0.017437081447263525 0.09924134444357247 -0.006088218882772667
429 467 451 1353 721 427 721 776 685 362 776 829 1559 281|0.001 -0.042700647462764474 0.09075725205081708 0.02130586207153673
966 2143 920 915 1546 2898 1546 776 1662 1662 1468 1776 1199 3055|0.001 -0.11538410009717781 0.11719101312235525 -0.10057661050753897
848 1690 1093 1006 1605 1817 1056 1690 1817 3169 2343 1311 2556 2341|0.001 -0.19355186575761185 0.08206807773283975 -0.003439139502813271
1681 1596 994 1087 2330 1807 843 1051 3152 1807 1681 2542 1931 2468|0.001 -0.06259161212539999 0.008241896891587608 -0.06876917703332541
1993 1289 1179 1892 2143 1246 1186 2143 3737 2763 1993 2230 2760 2350|0.001 -0.136639970515533 0.014687307207317257 -0.006943014156318705
1132 1132 528 623 1053 1974 1053 626 1460 658 681 1459 410 2276|0.001 -0.09861469800660494 -0.04293297579933797 -0.13721430033030724
1006 1690 1605 848 1093 2343 1817 1690 1056 3169 1817 659 1891 1942|0.001 -0.28446469894455206 0.05731700265984463 0.044847699837360366
1000 467 883 930 1744 930 550 1289 581 602 553 1027 2010 1838|0.001 -0.02785497185763708 0.10347190218818358 -0.027173137147388227
623 626 1053 1132 528 681 1460 1132 1053 658 1974 1593 1163 1178|0.001 -0.07154932998102215 0.10692495463788365 0.04914007904621931
1386 1875 1075 950 595 625 1075 592 647 1000 502 2161 1512 1104|0.001 -0.08291560615029447 0.05461149838652979 -0.00048049071382783026
1353 776 721 429 451 776 685 467 721 362 427 1059 796 851|0.001 -0.0049247107751948516 0.07329522771685415 0.010845688456442293
1087 1051 2330 1681 994 1681 3152 1596 843 1807 1807 1856 655 1304|0.001 -0.13272499680644811 0.09456740897110905 0.031507616786878856
950 592 595 1386 1075 502 647 1875 1075 1000 625 390 1468 1104|0.001 -0.097870615319825 0.07376836017871646 0.005550122957531656
573 533 333 573 333 178 306 533 594 284 427 629 1054 600|0.001 -0.018730939441906624 0.10665611692770138 0.006840331699717872
930 581 1744 581 745 1036 1000 533 496 310 930 1838 789 652|0.001 -0.06072517178346448 0.042848542046463045 0.003994440604877525
918 1282 1720 3000 1600 853 1600 1720 533 1783 1000 1357 1887 1687|0.001 -0.08231088989181012 0.11066216339052914 0.016745815159557864
930 581 1744 581 310 533 1000 1036 496 745 930 1838 1047 585|0.001 -0.022510102459415426 0.06924579066843739 0.01981959613917672
1783 533 1720 3000 1600 853 1600 1720 1282 918 1000 1801 1887 2509|0.001 -0.02960472439210715 0.10922928189623482 0.012651477873342198
573 533 333 573 333 427 594 533 306 284 178 629 1054 452|0.001 -0.024805151989319985 0.04720731007504586 0.010350075046510199
625 1875 1075 333 573 1075 625 533 802 1000 1114 1179 629 1244|0.001 -0.04141890906662615 0.06567374892831435 0.008412103616048938
581 1036 310 930 1744 930 496 581 1000 745 533 1157 1097 1097|0.001 -0.033316576818464005 0.07440502798492066 -0.021988736967709643
1600 1720 3000 3226 3342 2405 1875 1875 3000 3226 5625 1887 3731 2103|0.001 -0.1274900760252251 0.1474827890829089 -0.0051040330794405175
3000 1720 1600 918 1720 1000 533 1282 1600 1783 853 3162 1990 3162|0.001 -0.10236327576358062 -0.0005062381622755741 -0.11355596482012564
333 533 573 625 1075 1114 802 1875 625 1000 1075 1054 1976 1244|0.001 -0.08156224476760232 0.008853923368226102 -0.011777687507364965
581 533 745 930 1744 930 496 581 1000 310 1036 1157 1097 1097|0.001 -0.0492427270543927 0.053923451415371915 -0.039533769015562825
625 1875 1075 802 1114 1075 625 533 333 1000 573 1179 701 1244|0.001 -0.052790440844773245 0.09452753697120508 0.03664759579060872
665 1390 1248 1342 716 416 780 780 1248 1342 2339 875 1552 785|0.001 -0.09209904273447145 0.17873242445425763 0.06329744872795251
3000 1720 1600 1783 1720 1000 1282 533 1600 918 853 3162 1990 3162|0.001 -0.044927896404438616 0.028748165507574974 0.013098072628772162
802 533 1114 625 1075 573 333 1875 625 1000 1075 1568 1976 1244|0.001 -0.042083085396527053 0.1096878671680579 0.0012777479978232087
3226 1875 3342 1600 3000 5625 3000 1720 1875 3226 2405 3377 3162 3538|0.001 -0.24086010735874464 0.023580599165775595 -0.2961678274136059
898 719 479 299 561 965 515 965 1683 561 898 629 1010 1774|0.001 -0.11147164428426226 -0.1261982549512064 -0.11406697486449846
1075 1875 625 2089 1503 1172 2016 1875 2016 3516 1172 1976 1314 1590|0.001 -0.07208634668950387 0.1602794772786953 0.03956861739680129
1744 581 930 1398 1090 1875 1943 1875 3269 1090 1744 1097 1479 3446|0.001 -0.08288331024245976 0.04574963058164627 0.014058354188781763
1342 780 716 665 1248 2339 1248 1390 780 1342 416 1058 1956 1471|0.001 -0.0673896100483462 0.06508799345571914 -0.07207394628131358
2089 1875 1503 1075 625 1172 2016 1875 2016 3516 1172 2940 1179 2111|0.001 -0.21864833114300541 0.07737410687879365 0.018239923076290854
1172 1000 1172 1503 2089 2089 1503 1875 3516 1875 3516 1541 2940 2913|0.001 -0.07834479078977052 0.04799716300573076 -0.008192352961523541
1248 1390 665 780 2339 2339 780 1000 1248 1390 665 1956 1681 2651|0.001 -0.0728309209031941 -0.0132410607656952 -0.1630754648670174
1282 3000 1282 853 853 1600 1600 1000 1783 3000 1783 2155 1315 2509|0.001 -0.13256853776279498 0.12216523928511025 0.08896384690276982
853 1000 853 1783 1783 1282 1282 3000 1600 3000 1600 1315 2486 1122|0.001 -0.2410827701493634 0.08581923688829374 -0.006696378267848635
1683 1000 561 479 898 898 479 719 1683 719 561 1394 629 1907|0.001 -0.0508475259514618 0.021866616320795895 -0.04353486279005003
1503 1875 2089 1172 1172 3516 3516 1000 1503 1875 2089 1314 1541 2526|0.001 -0.21902894459721045 0.048733971524077546 -0.0331716756833389
1172 1000 1172 2089 1503 1503 2089 1875 3516 1875 3516 1541 1314 2526|0.001 -0.12568337389375572 0.09258339247245839 0.004186071612310993
1783 3000 1783 853 853 1600 1600 1000 1282 3000 1282 2486 1315 1122|0.001 -0.17766223688041372 0.07263203876500146 -0.02003556212739066
898 719 479 561 1683 1683 561 1000 898 719 479 629 1394 1907|0.001 -0.06291948255357505 0.019603105580783264 -0.14106464380908568
853 1000 853 1282 1282 1783 1783 3000 1600 3000 1600 1315 2155 2509|0.001 -0.2256786322438309 0.1175896978753177 0.021595714144417855
2089 1875 1503 1172 1172 3516 3516 1000 2089 1875 1503 2940 1541 2913|0.001 -0.1466063822183694 0.0757172935862016 -0.08071571773176411
2339 1000 780 665 1248 1248 665 1390 2339 1390 780 1681 1956 2651|0.001 -0.03190369255510528 0.06733864246440735 -0.03488222788487261
780 1000 2339 1248 665 665 1248 1390 780 1390 2339 1681 875 1025|0.001 -0.058709334977353755 0.13772441056716156 0.06776235217045734
1114 533 802 1875 1875 625 625 1000 1114 533 802 701 2125 1553|0.001 -0.0311872469776997 0.09357538650861308 0.006110222089037443
533 1000 533 427 427 594 594 333 284 333 284 1133 718 374|0.001 -0.02499847484232709 0.07809954725198631 -0.025449722133388253
479 719 898 1683 561 561 1683 1000 479 719 898 1407 1394 737|0.001 -0.08568775535983231 0.1253938676984645 0.08298096424393275
594 333 594 533 533 284 284 1000 427 333 427 829 1133 836|0.001 -0.04196141214526605 0.04954792004461028 0.0036255304936494426
1875 1000 1875 1114 802 802 1114 533 625 533 625 2125 1568 1347|0.001 -0.060794828314908456 0.08143387311481787 -0.026427170174595505
561 1000 1683 898 479 479 898 719 561 719 1683 1394 1407 737|0.001 -0.11957493151007692 0.10043862081474009 0.014645401858599527
533 1000 533 594 594 427 427 333 284 333 284 1133 829 836|0.001 -0.007550628511822088 0.08972328540582941 0.010249249220835033
802 533 1114 1875 1875 625 625 1000 802 533 1114 1568 2125 1347|0.001 -0.04844189945506394 0.061997610101509615 0.005377796632173304
665 1390 1248 2339 780 780 2339 1000 665 1390 1248 875 1681 1025|0.001 -0.07115555674202412 0.1243348972647218 0.0699214249218949
427 333 427 533 533 284 284 1000 594 333 594 718 1133 374|0.001 -0.03591241797778588 0.06577582019401618 -0.0005422730448290114
1875 1000 1875 802 1114 1114 802 533 625 533 625 2125 701 1553|0.001 -0.06310417544089897 0.07245011010200253 -0.026396309611763646
1000 1000 1000 3000 3000 1600 1600 1000 1720 1000 1720 1414 3162 1887|0.001 -0.010373114868992284 0.14595769374508238 0.02592849408735054
333 1000 333 333 573 573 333 533 333 533 333 1054 629 663|0.001 -0.06388304478925022 0.031959369722300845 -0.03371466403866319
1600 1720 3000 1000 1000 1000 1000 1000 1600 1720 3000 1887 1414 1887|0.001 -0.07459845316562852 0.0608778534931953 -0.01165881032087035
1000 1000 1000 3000 1600 1600 3000 1720 1000 1720 1000 1414 1887 1887|0.001 -0.02895389351520894 0.11541988953804205 0.022816154499636365
573 533 333 333 333 333 333 1000 573 533 333 629 1054 663|0.001 -0.04625136008694075 0.05155924547183277 0.014186859155052023
3000 1000 3000 1000 1000 1720 1720 1000 1600 1000 1600 3162 1414 1887|0.001 -0.11366420286234469 0.05951456853509507 -0.0006321621043514636
1000 1000 1000 1600 1600 3000 3000 1000 1720 1000 1720 1414 1887 3162|0.001 -0.1220561932860531 0.00800446479724437 -0.026645491350366646
3000 1720 1600 1000 1000 1000 1000 1000 3000 1720 1600 3162 1414 3162|0.001 -0.008547508024794315 0.1365263481401624 0.016654124761963374
625 1000 625 625 1075 1075 625 1875 625 1875 625 1179 1976 1244|0.001 -0.1592045581417001 0.03521493711960977 0.003617622862575054
1000 1000 1000 1600 3000 3000 1600 1720 1000 1720 1000 1414 3162 3162|0.001 -0.11194808312367743 0.01902524205814604 -0.09795123063627065
1600 1000 1600 1000 1000 1720 1720 1000 3000 1000 3000 1887 1414 3162|0.001 -0.05727333259033185 0.052457919090522775 -0.0061873657955824335
1075 1875 625 625 625 625 625 1000 1075 1875 625 1976 1179 1244|0.001 -0.19017184994750136 0.01993516367140291 -0.022257172906434697
333 533 573 333 333 333 333 1000 333 533 573 1054 1054 471|0.001 -0.03453119782798275 0.08478191696083437 -0.004236115067741686
3000 1000 3000 1720 1720 1000 1000 1000 1600 1000 1600 3162 1990 3162|0.001 -0.17973798258681506 0.008930898983825486 -0.04205903144010925
581 1000 581 1744 930 930 1744 581 581 581 581 1157 1838 1097|0.001 -0.018025010133980723 0.11522695202719424 0.05685369007092378
333 1000 333 573 333 333 573 533 333 533 333 1054 1054 471|0.001 -0.07442231357721929 0.00974557544105803 -0.05150501768581117
930 581 1744 581 581 581 581 1000 930 581 1744 1838 1157 1097|0.001 0.0005981523612352824 0.1675574529755819 0.04816541566907917
1720 1000 1720 3000 3000 1600 1600 1000 1000 1000 1000 1990 3162 3162|0.001 -0.10655844197362652 0.05490081234885702 -0.00798815335900982
625 1875 1075 625 625 625 625 1000 625 1875 1075 1179 1179 884|0.001 -0.13711376651551643 0.06403748060385572 -0.0315645377557805
581 1000 581 930 1744 1744 930 581 581 581 581 1157 1097 1838|0.001 -0.06015702570802195 0.11012655296412266 -0.05850085546619255
1600 1000 1600 1720 1720 1000 1000 1000 3000 1000 3000 1887 1990 1887|0.001 0.010763008971608201 0.20059810346815476 0.04394345807682054
625 1000 625 1075 625 625 1075 1875 625 1875 625 1179 1179 884|0.001 0.010497116722658628 0.17841896345170305 0.032293375051910544
1744 581 930 581 581 581 581 1000 1744 581 930 1097 1157 1838|0.001 -0.03965024979843412 0.08967034231337934 0.004356506335261301
1720 1000 1720 1600 1600 3000 3000 1000 1000 1000 1000 1990 1887 1887|0.001 -0.09083263612596704 0.01144318134580491 -0.030822450682931324
1000 1000 1000 1600 1600 1600 1600 1000 1000 1000 1000 1414 1887 1887|0.001 -0.05595417752054188 0.0822418347659748 0.028660328199554552
625 1000 625 625 625 625 625 1000 625 1000 625 1179 1179 884|0.001 -0.09568195736296192 0.07568259235040786 0.022997501762447303
1600 1000 1600 1000 1000 1000 1000 1000 1600 1000 1600 1887 1414 1887|0.001 -0.1026143590823081 0.04986400698186788 0.013658192497767452
1000 1000 1000 1600 1600 1600 1600 1000 1000 1000 1000 1414 1887 1887|0.001 -0.1047801650332858 0.06827431902325598 -0.018398624732837154
625 1000 625 625 625 625 625 1000 625 1000 625 1179 1179 884|0.001 -0.09603839317221863 0.048166574200187995 -0.0049312632283049496
1600 1000 1600 1000 1000 1000 1000 1000 1600 1000 1600 1887 1414 1887|0.001 -0.09319004721134005 0.06629061837960082 0.014784986569433833
1000 1000 1000 1600 1600 1600 1600 1000 1000 1000 1000 1414 1887 1887|0.001 -0.0396699431749703 0.13604002860127196 0.02079520375207311
1600 1000 1600 1000 1000 1000 1000 1000 1600 1000 1600 1887 1414 1887|0.001 -0.11641078490947976 0.007631553044762374 -0.030067212695722434
625 1000 625 625 625 625 625 1000 625 1000 625 1179 1179 884|0.001 -0.14178937298389926 0.029853915456872215 -0.047931825444296194
1000 1000 1000 1600 1600 1600 1600 1000 1000 1000 1000 1414 1887 1887|0.001 -0.007568414560135128 0.11823973622989481 0.006353394385381073
1600 1000 1600 1000 1000 1000 1000 1000 1600 1000 1600 1887 1414 1887|0.001 -0.11399779138688504 -0.007706092167092393 -0.02785377063447836
625 1000 625 625 625 625 625 1000 625 1000 625 1179 1179 884|0.001 0.013201313111026458 0.1397946286659879 0.043031447101775644
625 1000 625 625 625 625 625 1000 625 1000 625 1179 1179 884|0.001 -0.12334267006040123 0.02783837485807572 -0.036711466463228426
1600 1000 1600 1000 1000 1000 1000 1000 1600 1000 1600 1887 1414 1887|0.001 -0.08239718616130154 0.0800610314007133 -0.01751906082402832
1000 1000 1000 1600 1600 1600 1600 1000 1000 1000 1000 1414 1887 1887|0.001 -0.09763205843300926 0.013087928225510304 -0.013430304334897114
625 1000 625 625 625 625 625 1000 625 1000 625 1179 1179 884|0.001 -0.08585332841572368 0.09911078137927909 0.009017312849461945
1600 1000 1600 1000 1000 1000 1000 1000 1600 1000 1600 1887 1414 1887|0.001 -0.10765803860720236 0.012310150334844394 -0.03176601135384316
1000 1000 1000 1600 1600 1600 1600 1000 1000 1000 1000 1414 1887 1887|0.001 -0.06328249144810782 0.079471764899961 -0.007143822341360018
625 1000 625 625 625 625 625 1000 625 1000 625 1179 1179 884|0.001 0.01818214121851236 0.15590504767853286 0.047843069254931425
1000 1000 1000 1600 1600 1600 1600 1000 1000 1000 1000 1414 1887 1887|0.001 -0.05371059391874877 0.09872367393507941 -0.009815197140963239
1600 1000 1600 1000 1000 1000 1000 1000 1600 1000 1600 1887 1414 1887|0.001 -0.08099317961395847 0.10105914297910967 -0.011447956355364886
625 1000 625 625 625 625 625 1000 625 1000 625 1179 1179 884|0.001 -0.13170854234452078 0.023356597292851777 -0.002995678860279183
1600 1000 1600 1000 1000 1000 1000 1000 1600 1000 1600 1887 1414 1887|0.001 -0.02870175845622769 0.07169626905318305 0.015355774226750718
1000 1000 1000 1600 1600 1600 1600 1000 1000 1000 1000 1414 1887 1887|0.001 -0.006659486707659701 0.14164800948313738 0.028859162787153725
573 533 333 573 333 156 268 533 600 316 452 629 1054 594|0.001 -0.029867788159335662 0.05550486835752544 0.007496603041114991
930 581 1744 581 789 1047 1000 467 550 271 930 1838 745 669|0.001 -0.034394481974505675 0.06855331784237251 0.01601327069139291
803 1357 1720 3000 1600 947 1600 1720 467 1801 1000 1282 1887 1667|0.001 -0.06267934970474953 0.14111006928818615 0.031221394524116874
930 581 1744 581 271 467 1000 1047 550 789 930 1838 1036 613|0.001 -0.04871617732520983 0.07398616664932023 0.04964969861405155
1801 467 1720 3000 1600 947 1600 1720 1357 803 1000 1783 1887 2606|0.001 -0.041881603809402757 0.09114729885210782 0.020427968748200076
573 533 333 573 333 452 600 533 268 316 156 629 1054 427|0.001 -0.04831826484657631 0.03969317721939314 -0.024846127596866996
625 1875 1075 292 502 1075 625 592 848 1000 1126 1179 660 1244|0.001 -0.04406160163927253 0.09156432923882685 -0.01842004250857676
581 1047 271 930 1744 930 550 581 1000 789 467 1157 1097 1097|0.001 -0.08194608539487169 -0.004066262381722252 -0.05636490476024769
2029 1720 3429 3687 3860 2908 2143 2143 3429 3687 6429 2262 4264 2466|0.001 -0.11270174766364605 0.10216137927530733 -0.010638720647088151
3000 1720 1600 803 1720 1000 467 1357 1600 1801 947 3162 1990 3162|0.001 -0.12816191109942254 -0.0067973505459462125 -0.16450608522055488
292 592 502 625 1075 1126 848 1875 625 1000 1075 1042 1976 1244|0.001 -0.09565566525197022 0.06871392004244248 0.00634824062067274
1690 2143 1246 1993 1179 1993 3737 581 2243 1246 2143 2479 2076 3246|0.001 -0.11995550530458643 0.1199604472371707 0.13675502102024728
581 467 789 930 1744 930 550 581 1000 271 1047 1157 1097 1097|0.001 -0.04890300041913598 0.07845906705983507 -0.051432153346742115
625 1875 1075 848 1126 1075 625 592 292 1000 502 1179 719 1244|0.001 -0.06332383924237628 0.05391500074548139 0.004029528959761386
698 1327 1179 1268 592 344 737 737 1179 1268 2210 848 1466 778|0.001 -0.06531765040706738 0.11790628512503121 0.039333289876246624
3000 1720 1600 1801 1720 1000 1357 467 1600 803 947 3162 1990 3162|0.001 -0.027668851059264865 0.05249898266773689 -0.005360302289252328
259 955 555 888 526 888 1666 753 446 555 955 1105 1447 925|0.001 -0.10944796736792162 0.10407576828074028 0.01320102255000899
848 592 1126 625 1075 502 292 1875 625 1000 1075 1629 1976 1244|0.001 -0.08838784639085606 0.05781766834393132 0.007020040330181221
3687 2143 3860 2029 3429 6429 3429 1720 2143 3687 2908 3820 3571 4043|0.001 -0.11255214177033457 0.12752733091220492 -0.06038333215016567
888 753 526 259 555 955 446 955 1666 555 888 639 990 1756|0.001 -0.08876039193402518 -0.08499861024772515 -0.1240697748940367
848 1690 493 1903 1434 1056 1817 1690 1817 3169 1056 1761 1216 1355|0.001 -0.07492853320903436 0.13563771772655997 0.00992281423215724
1993 581 1179 1690 1246 2143 2243 2143 3737 1246 1993 1315 1597 3939|0.001 -0.09709718302285508 0.037381703490306784 0.014609080745477954
1268 737 592 698 1179 2210 1179 1327 737 1268 344 945 1920 1390|0.001 -0.07666106715945031 -0.03177200956333004 -0.12848579640232782
1903 1690 1434 848 493 1056 1817 1690 1817 3169 1056 2753 1115 1883|0.001 -0.13089962957391732 0.10065345197637798 -0.026288863851270383
625 1000 625 502 292 502 647 592 217 592 217 1179 1042 363|0.001 -0.05606250740204155 0.05958473746719317 -0.0108411697470423
1179 581 1993 1246 432 432 1246 1289 1179 1000 1993 2076 1089 1256|0.001 -0.03912931447229595 0.13394553300144496 0.04355050087288648
1035 347 803 1600 1600 947 947 1000 803 347 467 875 1887 1790|0.001 -0.042083670087333935 0.06470425427448356 -0.004737662525273745
1600 1000 1600 467 803 1035 803 347 947 347 947 1887 581 1241|0.001 -0.0014916778973983469 0.09020571436465064 0.010633910422841453
743 1720 2143 3429 2029 2029 3429 1720 743 2218 2143 1246 2262 2160|0.001 -0.008674585649673938 0.14682039382272416 0.024464787986180347
502 592 292 625 625 217 217 1000 647 592 502 660 1179 547|0.001 -0.03628721576454885 0.08454887848656112 0.0008362371001702229
625 1000 625 502 647 502 292 592 217 592 217 1179 776 802|0.001 -0.015285507132148934 0.08955526232145905 0.028925419202849856
467 347 803 1600 1600 947 947 1000 803 347 1035 1104 1887 1055|0.001 -0.04000007413294093 0.039998053708036885 0.0030691700972318436
1179 1289 1993 1246 432 432 1246 581 1179 1000 1993 1546 1374 1256|0.001 -0.03426871297668499 0.11736296075686825 0.04314765973832291
1600 1000 1600 1035 803 467 803 347 947 347 947 1887 1282 1667|0.001 -0.05202158378314281 0.02447437991468515 -0.04354571543645713
502 592 647 625 625 217 217 1000 292 592 502 1119 1179 690|0.001 -0.03126417233391798 0.08279050782896924 -0.0016997636555216022
335 776 966 1546 915 915 1546 776 335 451 966 1239 1729 974|0.001 -0.023064317384821065 0.04803012190685019 0.01920587010425967
1246 1289 432 1179 1993 1993 1179 581 1246 1000 432 1597 1315 2350|0.001 -0.03518921053957902 0.06033573619032895 -0.026952525639960534
493 1690 848 366 366 1056 1056 1000 848 1690 1093 1115 1065 1166|0.001 -0.13256621990146988 0.08341656284029719 -0.09479393184787854
2731 1000 2731 2316 2986 2316 1346 2885 4615 2885 4615 2908 3699 3581|0.001 -0.17301506995818228 0.0937715659852234 0.0070417682741164
3429 1720 2029 743 2143 2143 743 1720 3429 2218 2029 3571 2365 4043|0.001 -0.12794990659689254 -0.06207909327264005 -0.2534852772641405
2316 2885 1346 2731 2731 4615 4615 1000 2986 2885 2316 3183 2908 5164|0.001 -0.03651539883889665 0.09051992317748114 0.04034392485160687
366 1000 366 493 848 1093 848 1690 1056 1690 1056 1065 1761 1355|0.001 0.03461716333864606 0.28212003560107446 0.04795769327668342
1246 581 432 1179 1993 1993 1179 1289 1246 1000 432 724 2230 2350|0.001 -0.0368087988355148 0.06487877477630688 -0.023911109905422334
2731 1000 2731 2316 1346 2316 2986 2885 4615 2885 4615 2908 1677 4808|0.001 -0.24116817610680852 0.0605583046788194 -0.02381700360150063
1093 1690 848 366 366 1056 1056 1000 848 1690 493 1891 1065 924|0.001 -0.1649410053341882 0.07751830506560253 -0.057393364247994016
1546 776 915 335 966 966 335 776 1546 451 915 1199 845 1823|0.001 -0.07320360405396409 0.038597296522464575 -0.16372239716315518
2316 2885 2986 2731 2731 4615 4615 1000 1346 2885 2316 2523 2908 3045|0.001 -0.30487197778702235 0.062033971564074974 -0.08174065730971014
366 1000 366 1093 848 493 848 1690 1056 1690 1056 1065 1311 614|0.001 -0.03298194520943376 0.14696234700810384 0.022221753740734318
1744 1000 581 271 581 1000 467 1047 930 883 201 1419 1157 1097|0.001 -0.06046769976340349 0.03206803495451549 -0.07612378775412987
803 347 467 1720 1720 1519 1801 3000 1720 1600 1000 581 2441 1766|0.001 -0.19653984637420852 0.009489052456095326 -0.02660962356287433
1600 1720 3000 1720 1801 1519 1720 467 347 803 1000 1887 1783 2014|0.001 -0.038844212311005544 0.08444883028773109 0.006310596274805569
271 1047 581 1744 581 201 930 1000 467 883 1000 1036 1419 338|0.001 -0.026083210892079434 0.10743118028237353 0.032938985602082305
581 1000 1744 1000 467 271 581 883 201 1047 930 1419 1288 641|0.001 -0.01979042727207614 0.10629619617960939 0.0066819610407153895
333 533 573 573 573 600 506 333 156 116 268 1054 814 594|0.001 -0.016353709573145858 0.04315893193551634 -0.014802433106845259
1720 3000 1720 803 467 1000 1720 347 1801 1600 1519 2441 1104 1990|0.001 -0.03336079510670609 0.136270244710599 0.09451885965956475
1000 883 467 581 1744 930 201 1000 581 1047 271 1027 1419 1838|0.001 -0.09506043646083318 -0.011840490508320256 -0.12748116864775838
432 581 1246 2143 1892 2243 2143 2143 1993 1246 3737 1374 2200 2509|0.001 -0.16161304434190504 0.09835862624253178 -0.01971503012439535
2143 1720 743 3860 3687 3687 3256 2143 6429 3687 3429 2365 3820 5231|0.001 -0.06337402108918866 -0.004144818838576203 0.002994040372594764
4383 4615 5196 1346 2316 4963 2885 2885 4963 8654 4963 4655 3183 6393|0.001 -0.5664388480747173 0.05707561252781046 -0.02853915937901741
1720 467 1801 1600 3000 1000 347 1720 1720 803 1519 1990 3162 2441|0.001 -0.03590005074138647 0.09765439114849617 -0.03167894130454596
1075 1875 625 1126 950 1075 1075 217 502 625 292 1976 1259 1104|0.001 -0.06345349994364313 0.060777421414679456 -0.012815641525888433
192 844 888 555 259 446 955 955 555 955 1666 1118 1105 613|0.001 -0.14220233061133403 0.16366170226629784 0.03287495698524712
1744 581 930 883 1000 1000 1047 467 581 271 201 1097 1027 1419|0.001 -0.011802646501722913 0.07526213702056861 0.024163778161290228
1126 217 950 1075 625 292 502 1875 1075 625 1075 1009 1179 1244|0.001 -0.06789247814300792 0.055484598268598084 0.006293579709268915
2143 2143 1892 432 1246 3737 1993 581 2143 1246 2243 2760 724 3041|0.001 -0.2843331624273837 0.004684695840060371 -0.7984516045819323
1346 2885 2316 4383 5196 4963 4963 4615 2885 8654 4963 1677 5811 5142|0.001 -0.9295889387960254 -0.017609207626827494 -0.04133879442673516
366 1000 366 1434 1903 1605 1006 1690 1690 1690 1690 1065 2753 1705|0.001 -0.08835630504053782 0.03408782365931895 -0.017364458611709432
1179 1327 698 255 1179 1179 255 701 1179 1120 698 1920 808 1667|0.001 -0.09757507737532256 0.023496095181529952 -0.37382870815730773
2746 4615 3915 2731 2731 4615 4615 1000 4383 4615 5196 3163 2908 6980|0.001 -0.19818904576842766 0.12796115477158754 0.04868950100660463
2731 1000 2731 5196 4383 2746 3915 4615 4615 4615 4615 2908 4655 1798|0.001 -0.38062426462409094 0.10475927552167974 0.0006476064706850693
366 1000 366 1605 1006 1434 1903 1690 1690 1690 1690 1065 659 1721|0.001 -0.0656091058584174 0.09796695248008414 0.0018767200355807034
5196 4615 4383 2731 2731 4615 4615 1000 3915 4615 2746 5811 2908 3320|0.001 -0.11047049314553359 0.13780829783606174 0.06484229289808408
1053 626 623 228 1053 1053 228 1185 1053 893 623 410 1326 1489|0.001 -0.08405643490993375 0.02671232082561481 -0.3089832918934454
2731 1000 2731 2746 3915 5196 4383 4615 4615 4615 4615 2908 4701 7517|0.001 -0.17226437233255454 0.14983337093565252 0.010762060230293802
255 701 1179 1179 698 698 1179 1327 255 1120 1179 1201 848 743|0.001 -0.08016482809809378 0.12983508713083403 0.055296996697074
1126 592 848 1000 1000 217 217 1000 950 592 595 719 1414 1259|0.001 -0.04244136627012951 0.07905115837434362 0.004610823343476067
1000 1000 1000 848 595 950 1126 217 592 217 592 1414 1018 390|0.001 -0.02072330500163644 0.06854279175114941 -0.031815781230652984
1000 1000 1000 1126 848 595 950 592 217 592 217 1414 1629 1018|0.001 -0.001743089975089207 0.1065101615455677 0.03229399313352754
228 1185 1053 1053 623 623 1053 626 228 893 1053 1062 1593 664|0.001 -0.06392647887120684 0.11161473550498568 0.041659328605008206
1000 1000 1000 950 1126 848 595 217 592 217 592 1414 1009 1629|0.001 -0.03151212287595517 0.0330594907145465 -0.03348859405091775
595 592 950 1000 1000 217 217 1000 848 592 1126 1512 1414 685|0.001 -0.038500440790639745 0.08569492552265023 0.002392918912053066
1000 1000 1000 595 950 1126 848 592 217 592 217 1414 390 1009|0.001 -0.007169649818269397 0.08697516918609205 0.006862850527247222
1000 1000 1000 1000 533 67 533 1104 1104 1104 1104 1414 1133 1002|0.001 -0.07555559643455112 0.09552619509489935 0.039708334233099496
533 1104 1000 1000 1000 1104 1104 1000 67 1104 533 1133 1414 1002|0.001 -0.10566801027705908 0.13631303646160609 -0.025375915767225088
2069 125 1875 1875 2069 2069 1875 1875 2069 1000 1875 1879 2652 2652|0.001 -0.10864164999780268 0.010864793740048562 -0.001581401542934957
1000 1104 533 1000 1000 1104 1104 1000 533 1104 67 1414 1414 1133|0.001 -0.04495929504075735 0.0477661765668147 0.026162759876495745
1000 1000 1000 67 533 1000 533 1104 1104 1104 1104 1414 1133 1414|0.001 -0.08508616523815848 0.036788288355527055 -0.9023320020482928
16553 8000 15000 15000 16553 16553 15000 8000 16553 15000 15000 17000 17000 25417|0.001 -1.264767306844976 0.08703805005965792 0.005001313399999319
1000 1000 1000 533 1000 533 67 1104 1104 1104 1104 1414 1414 1133|0.001 -0.09312594384764727 0.08586647589880148 -0.0796688849524152
67 1104 533 1000 1000 1104 1104 1000 533 1104 1000 1002 1414 1133|0.001 -0.08453822685390966 0.16075225822121508 0.018590861192557817
2069 1875 1875 1875 2069 2069 1875 125 2069 1000 1875 2652 1879 2652|0.001 -0.03812581784169766 0.09320733223404654 0.022650493633278312
483 906 906 1000 1000 906 906 1000 60 906 483 1282 1535 1027|0.001 -0.06171607076597585 0.11388265346372162 -0.02276027468157582
1000 1000 1000 906 483 60 483 906 906 906 906 1535 1282 1027|0.001 -0.007523573912562309 0.13771296345109318 0.03212560188607272
1875 1875 2069 2069 1875 1875 2069 125 1875 1000 2069 2125 2125 2652|0.001 -0.04520822349117659 0.0382510071596065 -0.00928146026231147
60 906 483 1000 1000 906 906 1000 483 906 906 1027 1282 908|0.001 -0.03293820525527402 0.18025238112239883 0.045679863769014784
1000 1000 1000 483 906 483 60 906 906 906 906 1282 1027 1282|0.001 -0.0942318058174818 0.08647735906695875 -0.08002558034336138
15000 8000 16553 16553 15000 15000 16553 8000 15000 15000 16553 15033 15033 21213|0.001 -0.4433445064364483 0.10163408293581755 0.023990004025642442
1000 1000 1000 60 483 906 483 906 906 906 906 1535 908 1027|0.001 -0.11034098788182733 0.06862844736057694 -1.0239824484632776
1875 125 2069 2069 1875 1875 2069 1875 1875 1000 2069 2125 2125 2652|0.001 -0.12769782351818137 0.010927217001706069 -0.009402961788292918
906 906 483 1000 1000 906 906 1000 483 906 60 1027 1282 1282|0.001 -0.0114469224428837 0.0961521703118895 0.019412812280814595
1000 1000 1000 67 67 67 67 1000 1000 1000 1000 1414 1002 1002|0.001 -0.05673238188844576 0.11397137020073167 0.029783598757711083
15000 1000 15000 15000 15000 15000 15000 1000 15000 1000 15000 15033 15033 21213|0.001 -0.05247123933656006 0.1151922589065868 0.013193282442376386
67 1000 67 1000 1000 1000 1000 1000 67 1000 67 1002 1414 1002|0.001 -0.01004215589819113 0.13657343797152555 0.049258835452743455
1000 1000 1000 67 67 67 67 1000 1000 1000 1000 1414 1002 1002|0.001 -0.062340263709118604 0.1145290724444159 -0.005274599534406121
15000 1000 15000 15000 15000 15000 15000 1000 15000 1000 15000 15033 15033 21213|0.001 -0.041570313617674826 0.04189374142348212 0.00041948461437568696
67 1000 67 1000 1000 1000 1000 1000 67 1000 67 1002 1414 1002|0.001 -0.11255822769573043 0.03726357064318897 0.002734347826909289
1000 1000 1000 67 67 67 67 1000 1000 1000 1000 1414 1002 1002|0.001 -0.0570649270528345 0.092249433193754 -0.0004987775118558968
67 1000 67 1000 1000 1000 1000 1000 67 1000 67 1002 1414 1002|0.001 -0.047198274128691375 0.1356036247445136 0.026665018977949373
15000 1000 15000 15000 15000 15000 15000 1000 15000 1000 15000 15033 15033 21213|0.001 -0.02175010619489659 0.1279597639344776 0.02139977776945967
1000 1000 1000 67 67 67 67 1000 1000 1000 1000 1414 1002 1002|0.001 -0.02115384133411946 0.12285536323617618 0.005538648721801209
67 1000 67 1000 1000 1000 1000 1000 67 1000 67 1002 1414 1002|0.001 -0.11950573062015746 0.047608069489302185 -0.002963144304842791
15000 1000 15000 15000 15000 15000 15000 1000 15000 1000 15000 15033 15033 21213|0.001 -0.08970003421481132 0.018433928101737607 0.00022478292068583983
15000 1000 15000 15000 15000 15000 15000 1000 15000 1000 15000 15033 15033 21213|0.001 -0.09634148289220934 0.03135574027630206 0.0005810459971833382
67 1000 67 1000 1000 1000 1000 1000 67 1000 67 1002 1414 1002|0.001 -0.10820403690243063 0.06195016310637014 -0.010189267212772357
1000 1000 1000 67 67 67 67 1000 1000 1000 1000 1414 1002 1002|0.001 -0.10250637712386212 0.060799620372633534 -0.03576324195535885
15000 1000 15000 15000 15000 15000 15000 1000 15000 1000 15000 15033 15033 21213|0.001 -0.06318870786868103 0.09156271388452097 0.011836892061993787
67 1000 67 1000 1000 1000 1000 1000 67 1000 67 1002 1414 1002|0.001 0.016224289532245084 0.17278530440307804 0.05359032776877326
1000 1000 1000 67 67 67 67 1000 1000 1000 1000 1414 1002 1002|0.001 -0.04012446799211422 0.09394586483262746 0.026058682722918114
15000 1000 15000 15000 15000 15000 15000 1000 15000 1000 15000 15033 15033 21213|0.001 -0.08470544652520284 0.05349963276636949 -0.009016495359024379
1000 1000 1000 67 67 67 67 1000 1000 1000 1000 1414 1002 1002|0.001 -0.016446823083149376 0.11863274439954719 0.03133947058536979
67 1000 67 1000 1000 1000 1000 1000 67 1000 67 1002 1414 1002|0.001 -0.008559156052552197 0.13713145134992333 0.035796039458662054
15000 1000 15000 15000 15000 15000 15000 1000 15000 1000 15000 15033 15033 21213|0.001 -0.08082867144593386 0.081176366441984 0.020560686862740596
67 1000 67 1000 1000 1000 1000 1000 67 1000 67 1002 1414 1002|0.001 -0.008680690623169562 0.1621836580179159 0.045318191672467645
1000 1000 1000 67 67 67 67 1000 1000 1000 1000 1414 1002 1002|0.001 -0.07975020469362493 0.04220420477496489 -0.0007656153412305411
573 533 333 739 573 268 345 533 551 316 385 629 1153 710|0.001 -0.009498051380620876 0.0996491710942693 0.008467969428447297
721 776 1353 451 520 746 776 467 427 362 721 1559 781 407|0.001 -0.03497181775858116 0.10185655351774736 -0.022306846386468404
1035 1154 2218 3000 1600 947 1600 1720 803 1654 1720 1733 1887 1790|0.001 -0.06368147997349083 0.10694283170589625 0.01349154003464248
930 581 1744 1000 467 602 1289 961 550 671 930 1838 1238 721|0.001 -0.11247379251648981 0.11307455333819716 0.0490088505080033
961 467 1000 1744 930 550 930 1289 671 602 581 1238 1366 1457|0.001 -0.039706822167622224 0.0726217395123041 0.018193171011475773
739 533 573 573 333 385 551 533 345 316 268 783 1054 578|0.001 -0.042220103692369726 0.02376591676373163 -0.003990628452879008
625 1875 1075 502 647 1386 1075 592 722 1000 1034 1179 776 1237|0.001 -0.07749002071348987 0.09725572598903387 0.018080747047752865
1000 961 467 930 1744 930 550 581 1289 671 602 1151 1097 1366|0.001 -0.05812375288417715 0.024042101197170318 -0.03877225126668771
1179 1289 1993 2143 2060 1438 1246 2143 1993 2763 3737 1546 2466 1125|0.001 -0.20589880174212927 0.09055270050118303 -0.036001369481081236
3000 1720 1600 1035 2218 1720 803 1154 1600 1654 947 3162 1980 3458|0.001 -0.11145692823318565 0.0150956244228162 -0.13910654556698598
502 592 647 625 1075 1034 722 1875 1075 1000 1386 1119 1976 1237|0.001 -0.11986420794672159 0.003207622704426427 -0.01217123366887396
1115 2143 966 1546 915 1546 2898 776 1598 1662 1662 1913 1729 2421|0.001 -0.11178511551781178 0.11845585854008966 0.14493907455989108
451 467 520 721 1353 721 427 776 776 362 746 893 1059 851|0.001 -0.039652318912765105 0.09532288552207335 -0.03202947469040485
1075 1875 1386 722 1034 1075 625 592 502 1000 647 1468 564 1237|0.001 -0.1048470787430722 0.011539550020656097 -0.004037074892196957
820 1433 1386 1921 897 695 1490 866 1386 1490 2599 782 1715 1075|0.001 -0.03311739122988211 0.12623082210861725 0.004484827156636673
1744 1289 930 961 1000 581 671 467 930 602 550 2010 1151 1838|0.001 -0.037343958909007435 0.061372635961347566 -0.005016020465266058
485 1040 1040 967 572 967 1814 698 626 605 1341 1197 1515 1082|0.001 -0.09059823500694453 0.11747108270616202 0.0022004599103042644
722 592 1034 1075 1386 647 502 1875 625 1000 1075 1567 2161 1237|0.001 -0.02218606617276686 0.1091049956776291 0.011341874502652782
2143 2143 2060 1179 1993 3737 1993 1289 1246 2763 1438 2653 2230 2350|0.001 -0.1742427162224791 0.028621440823322075 -0.11698765889747387
967 698 572 485 1040 1341 626 1040 1814 605 967 546 1288 2091|0.001 -0.08411045581434573 -0.04758500612486172 -0.09553518968502206
1093 1690 848 1747 1220 1056 1817 1690 2343 3169 1817 1891 954 1831|0.001 -0.1584630997902503 0.06433498490460154 -0.0070518638542071965
1546 776 915 1115 966 1662 1598 2143 2898 1662 1546 1199 1675 3055|0.001 -0.14984262803187987 -0.02582630885789028 -0.008784211338843662
1921 866 897 820 1386 2599 1386 1433 1490 1490 695 1501 2171 2035|0.001 -0.08631764342343362 -0.01598225993021174 -0.1362708324756845
1747 1690 1220 1093 848 1817 2343 1690 1817 3169 1056 2648 1311 2250|0.001 -0.2996923705861909 0.016488523540287847 0.003475871551534837
625 1000 625 647 502 502 647 592 42 592 42 1179 1119 527|0.001 -0.061665913590405186 0.05630025303574815 0.007697670454345218
83 1000 1246 1993 1179 1179 1993 1289 83 1289 1246 1050 1546 1182|0.001 -0.07616729190625393 0.12401124622871462 0.022058827754116717
647 592 502 625 625 42 42 1000 647 592 502 776 1179 667|0.001 -0.04855532869738277 0.09281949387649924 0.002124777530971844
625 1000 625 502 647 647 502 592 42 592 42 1179 776 667|0.001 -0.0649062684981716 0.05951747367248794 -0.011314087673083284
502 592 647 625 625 42 42 1000 502 592 647 1119 1179 527|0.001 -0.048353437207165895 0.09809434290341867 0.0004896029395018431
64 1000 966 1546 915 915 1546 776 64 776 966 1031 1729 917|0.001 -0.03419132583020512 0.1312650327173337 0.03858636346717903
14200 1000 14200 15527 15527 12043 12043 15000 24000 15000 24000 14235 16002 18619|0.001 -0.6729068865106946 0.16962538795004756 0.03893129348641944
1993 1289 1179 83 1246 1246 83 1000 1993 1289 1179 2230 1050 2350|0.001 -0.09142170569094388 0.022383439864177568 -1.3082556122532796
12043 15000 12043 14200 14200 24000 24000 1000 15527 15000 15527 12651 14235 26852|0.001 -1.1250772659705943 0.050763009523462355 -0.020357711250017507
14200 1000 14200 12043 12043 15527 15527 15000 24000 15000 24000 14235 12651 26852|0.001 -1.12889753791664 0.1122235615669065 0.0038197388568361745
1546 776 915 64 966 966 64 1000 1546 776 915 1199 1031 1823|0.001 -0.09574688981454749 0.018291096400746554 -1.3271554017632015
15527 15000 15527 14200 14200 24000 24000 1000 12043 15000 12043 16002 14235 18619|0.001 -1.099654530397589 0.09735238961893877 -0.03097465753012507
581 1000 1744 1000 961 961 1000 467 39 467 581 1419 1238 973|0.001 -0.018196447628940904 0.07574242239921869 0.016378946136277328
467 961 1000 1744 581 39 581 1000 467 961 1000 1238 1419 490|0.001 -0.04472492576551468 0.12458207869934457 0.024928724949702108
581 1000 1744 1000 467 467 1000 961 39 961 581 1419 1238 490|0.001 -0.11239886197323856 0.11003755040054575 0.035436330373923575
83 1000 1246 2143 2060 2060 2143 2143 1246 2143 3737 1050 2466 2085|0.001 -0.17110570614117915 0.1888970635574383 -0.011954063700012618
24808 15000 24808 12043 12043 25807 25807 15000 25807 45000 25807 25109 12651 31954|0.001 -3.4344395009812123 0.06168074567078907 0.03903276526126653
1720 3000 1720 1654 1654 1720 1720 67 803 1000 803 2441 1674 1980|0.001 -0.0618610982425849 0.03455549482037634 0.0017300092374394893
2143 2143 2060 83 1246 3737 1246 1000 2143 2143 2060 2653 1050 3041|0.001 -0.21952629131816725 0.0346952535772016 -3.6062896843171877
12043 15000 12043 24808 24808 25807 25807 15000 25807 45000 25807 12651 25109 31954|0.001 -2.434269309972178 0.16266500962883734 0.03138794378713783
1075 1875 625 647 502 1075 1386 592 1034 1000 722 1976 1119 1237|0.001 -0.04924163484077315 0.11353137978051597 -0.00752882226717877
915 776 1546 966 1115 1598 1662 2143 1546 1662 2898 1729 1913 2421|0.001 -0.23850477088992683 0.1524727583387775 -0.015635965829783327
2218 1154 1035 1600 3000 1600 947 1720 1720 1654 803 1980 3162 3458|0.001 -0.08831252407339063 -0.010008950793243265 -0.024209606085991986
1744 581 930 467 1000 1289 602 961 930 671 550 1097 1151 1366|0.001 -0.10005303298955104 -0.003534325977204711 -0.1189624668047995
2060 2143 2143 1993 1179 1993 3737 1289 1438 2763 1246 2466 1546 1125|0.001 -0.05055978537214956 0.14860130294669371 0.10996887102627806
647 592 502 1075 625 722 1034 1875 1386 1000 1075 776 1179 1237|0.001 -0.11480272050941265 0.05783679969231237 -0.0073917727284467105
333 533 573 573 739 345 268 533 385 316 551 1054 783 578|0.001 -0.0035494944618308377 0.0958668511230254 0.005615426705012361
467 961 1000 1744 930 550 930 581 602 671 1289 1238 1838 721|0.001 -0.03928434695979477 0.12095677908664726 0.03625465278833229
930 1289 1744 1000 961 671 581 467 550 602 930 1366 1238 1457|0.001 -0.022254136475634567 0.09984321592507506 -0.0072432529102406384
1600 1720 3000 2218 1035 803 1720 1154 947 1654 1600 1887 1733 1790|0.001 -0.0014882573807684096 0.089651372473174 0.05231810438625306
573 533 739 333 573 551 385 533 268 316 345 1153 629 710|0.001 -0.024133670833279552 0.07299174342422221 -0.006072445983861252
520 467 451 1353 721 427 721 776 746 362 776 781 1559 407|0.001 -0.02707894780639042 0.08128695888418802 0.012652679000502154
966 2143 1115 915 1546 2898 1546 776 1662 1662 1598 1675 1199 3055|0.001 -0.18740666207307632 0.04024680972140926 -0.1705250739183306
848 1690 1093 1220 1747 1817 1056 1690 1817 3169 2343 1311 2648 2250|0.001 -0.09723759746035565 0.130364534262013 0.013617795144356126
1386 1433 820 897 1921 1490 695 866 2599 1490 1386 2171 1501 2035|0.001 -0.08403416156090082 -0.060883002298849354 -0.1055834096402497
1993 1289 1179 2060 2143 1246 1438 2143 3737 2763 1993 2230 2653 2350|0.001 -0.13096752312326543 0.025190680830342593 0.007463756462147142
1040 1040 485 572 967 1814 967 698 1341 605 626 1288 546 2091|0.001 -0.0812027961454509 -0.026459066265273057 -0.11601693833297566
1220 1690 1747 848 1093 2343 1817 1690 1056 3169 1817 954 1891 1831|0.001 -0.3845186136306844 0.05228859900332061 -0.08587346938883855
1000 467 961 930 1744 930 550 1289 581 602 671 1151 2010 1838|0.001 -0.04792096163681481 0.044689583399077915 -0.02799151424958124
572 698 967 1040 485 626 1341 1040 967 605 1814 1515 1197 1082|0.001 -0.10337476882362306 0.1498476011441463 0.05511910021488431
1386 1875 1075 1034 722 625 1075 592 647 1000 502 2161 1567 1237|0.001 -0.08066519068767208 0.07784090921146847 -0.006393055151409088
1353 776 721 520 451 776 746 467 721 362 427 1059 893 851|0.001 -0.020612632204092263 0.05881713687448942 0.009615918873628893
897 866 1921 1386 820 1386 2599 1433 695 1490 1490 1715 782 1075|0.001 -0.08006713165023105 0.06916614961403722 0.0001326770507725783
1034 592 722 1386 1075 502 647 1875 1075 1000 625 564 1468 1237|0.001 -0.05500115546634543 0.10912819558238862 -0.0003847048770311279
573 1000 573 333 333 1000 1000 1000 573 1000 573 1153 1054 814|0.05 -0.07063036584498694 -0.05111854890302858 -0.17138460106988052
573 1000 573 333 333 1000 1000 1000 573 1000 573 1153 1054 814|0.05 -0.15592624451566506 0.0026805391476258933 -0.1985586589315047
1744 1000 1744 1744 581 581 1744 1000 1744 1000 1744 2010 1419 1838|0.05 -0.018981034924996365 0.15439188936889447 0.06602415112609838
1744 1000 1744 1744 581 581 1744 1000 1744 1000 1744 2010 1419 1838|0.05 0.001116046537830151 0.16466946033492524 0.06422546820329167
1875 1875 2432 1805 1377 5164 5967 904 2561 1694 2775 1627 2019 3844|0.05 -0.15796129351421162 0.05830963431009639 -0.04446912787570256
353 1084 662 2016 538 705 2330 732 391 950 732 1017 1501 788|0.05 -0.05760166756123786 0.1240541064664713 0.05466944846141519
2069 1875 1875 3000 1600 3000 5625 1720 2498 3226 3226 2652 1887 3644|0.05 -0.0028485169960246193 0.05543361120220691 0.048156974372923766
689 1291 1291 1201 640 1201 2252 828 400 751 751 1061 1459 755|0.05 -0.11624309272152078 0.029364004956884404 0.05932535421150131
3342 1875 3226 3000 1600 3000 5625 1720 2405 3226 1875 3731 1887 2103|0.05 -0.04945999270605239 0.09829276646726504 0.06367653300213716
716 780 1342 1248 665 1248 2339 1390 416 1342 780 1552 875 785|0.05 -0.1120650974936499 0.10330049711283262 0.05950990076758034
4007 1875 3658 3315 2607 8618 9944 1225 3513 2296 3658 4582 2793 5762|0.05 -0.2070693100740295 0.05928910695695011 -0.012179891551407085
349 1041 654 2453 742 944 2831 1141 285 1041 534 1064 1640 795|0.05 -0.05340919778801245 0.09134241711071578 0.06025702193549254
269 927 144 271 2032 1651 68 1000 269 927 144 859 1245 1851|0.05 -0.10877423003952669 -0.030914677931290768 -0.647707898810026
3712 533 3441 6128 7542 1006 251 1000 3712 533 3441 3187 6872 4622|0.05 -0.03094156481026289 0.10425814218586904 -0.0031740679282610262
566 200 566 1600 1600 1200 1200 1000 693 200 693 721 1887 1327|0.05 -0.03683904339659261 0.02576760652740706 -0.006416880856249252
693 200 693 1600 1600 1200 1200 1000 566 200 566 825 1887 1697|0.05 -0.037845339710651515 0.013788073388811828 -0.0018584977171409722
1768 1000 354 2121 2828 2828 2121 1225 1768 1225 354 1275 3000 3335|0.05 -0.0036771362387744144 0.1838437552566119 0.01879213009670755
1443 1000 289 1732 2309 2309 1732 816 1443 816 289 1190 1915 2723|0.05 -0.017461997193009005 0.11500174062727408 9.670925098514971e-05
2834 1875 3071 1998 1524 5715 6604 1107 2075 2075 2692 2882 1823 3415|0.05 -0.154916114054634 0.026231142507699978 -0.030580632771163296
533 1297 1000 2754 734 963 3182 1366 482 1480 904 868 1646 878|0.05 -0.085222680324748 0.1393937190364114 0.06294106902627883
573 333 573 433 433 231 231 500 428 67 428 814 829 772|0.05 -0.014822483698803124 0.05392459774895997 -0.005575913398343513
433 500 433 573 573 428 428 333 231 67 231 829 814 772|0.05 -0.011338236259395007 0.07472089574845686 -0.025884707529600925
988 533 1324 2309 1155 154 770 1000 988 533 1324 1782 1915 1074|0.05 -0.007648996380623663 0.11664868061770806 0.004896165431358401
1443 1000 289 1853 2483 2483 1853 1875 4330 1875 2165 1190 3342 3524|0.05 0.014267899860176403 0.41019268500917416 0.03514776454728308
1012 1340 540 156 1169 2337 779 1000 1012 1340 540 1804 1087 1938|0.05 -0.07843072288862052 0.060866521480404945 -0.7632662025919179
1169 1000 156 540 1012 1012 540 1340 2337 1340 779 1087 1804 1938|0.05 -0.03986663230118426 -0.20014908816256338 -0.04098512213923322
2069 1875 1875 1061 566 1061 1989 738 2267 1384 2092 2652 1456 2592|0.05 0.040902621562401986 0.09178749855745405 0.02264490424439991
326 923 611 468 250 468 877 913 441 827 827 1170 1143 642|0.05 -0.08301790397583941 0.08676586343096204 0.013216215561313582
2868 1875 2987 2706 1552 5954 8119 1000 2868 1875 2987 3051 2280 4179|0.05 -0.19119579198955017 0.06964439336323291 0.08571476378158804
349 1041 654 2076 541 944 2831 1000 349 1041 654 1064 1457 795|0.05 -0.08114903131084428 0.1136541854925599 0.07822921954402817
2069 1875 1875 1299 693 1299 2436 817 1987 1532 1532 2652 1510 2114|0.05 -0.08587040084098718 0.12202112617880179 0.07106834202968093
411 771 771 654 349 654 1226 1041 503 944 944 1334 1064 760|0.05 -0.11895424390619191 0.11289498914343499 0.06886872372190878
483 906 906 1450 773 1450 2719 1207 831 1559 1559 1282 1264 1528|0.05 -0.13744358808669532 0.09763414117768043 -0.015049339843317133
1452 1875 1875 1744 930 1744 3269 581 1203 1090 1090 1541 1838 1520|0.05 -0.026513465619452115 0.10634453271113564 0.06181072794383624
1768 1000 354 187 1000 1000 187 921 354 921 88 1275 1000 1275|0.05 -0.07426677742170873 0.07739567949117676 -0.36322425574605965
566 200 566 566 566 106 106 200 521 50 521 721 721 625|0.05 -0.0076268694537617865 0.06058463838179984 0.0014549973684063744
2604 250 2604 2828 2828 530 530 5000 2828 1000 2828 2652 3606 2828|0.05 -0.07825423946005383 0.08770328727682575 0.004689951613336962
384 1000 96 204 1086 1086 204 1086 1920 1086 384 1018 1201 1385|0.05 -0.05972610964378733 -0.8308417588784123 -0.26724704341842154
493 188 816 1443 1179 1039 1066 1875 925 352 1531 976 1573 1087|0.05 -0.06537140371911665 -0.047851262914833104 -0.02853359811456735
176 975 330 1437 766 463 868 1355 938 1107 1760 1055 1071 542|0.05 -0.025282463856022286 0.16013530142222843 0.02738316702350252
629 533 770 816 493 263 435 188 554 100 568 1162 976 791|0.05 0.0014641973647355755 0.07328140182529363 0.01587393180008778
1443 1875 1179 493 816 1531 925 188 1066 352 1039 2179 577 1141|0.05 -0.045453314025311053 0.07628760334641438 -0.02674618235532278
338 1025 180 475 890 1473 786 1135 1804 1389 962 1082 1428 1760|0.05 -0.03300685475967735 -0.19989962892515756 -0.045058534271448236
2027 1655 380 1123 1275 1560 1152 533 1081 882 203 1977 1175 1700|0.05 0.008707999700237057 0.21304639547231607 0.02521444571821574
1836 1000 245 2693 1836 1836 2693 1000 1836 1000 245 1204 2438 2596|0.05 0.042246310465461345 0.4913477843407743 0.03016584212818252
1836 1000 245 2693 1836 1836 2693 1000 1836 1000 245 1204 2438 2596|0.05 0.03757612806792654 0.45133376745535303 0.03537275018531849
545 133 545 1000 1000 1467 1467 1000 545 133 545 656 1414 1328|0.05 -0.03333155432961643 -0.03235216032531629 -0.07422373592484988
545 133 545 1000 1000 1467 1467 1000 545 133 545 656 1414 1328|0.05 -0.035159897876485546 -0.05008788068966874 -0.07208909575050049
566 1116 71 1000 1000 200 900 1000 566 1116 71 1149 1414 721|0.05 0.019951383637677456 0.373645104533884 0.03922567114179376
1000 1000 1000 566 566 71 71 200 1116 900 1116 1414 721 1002|0.05 -0.06144110835393013 0.0788335413912078 0.009548926625344567
71 1116 566 1000 1000 900 200 1000 71 1116 566 1002 1414 951|0.05 -0.08886519035220752 0.14373511772143743 -0.05175549287904757
14142 8000 15780 12728 14142 14142 2828 1000 14142 8000 15780 14177 13454 20000|0.05 -0.612014745558106 0.07308012763699745 -0.07024791360748517
179 1000 807 63 507 507 63 896 896 896 896 1070 898 646|0.05 -0.07686964247164085 0.06307892510091229 -0.6052888517391231
1768 125 1972 354 1768 1768 1591 1000 1768 125 1972 2031 1275 2500|0.05 -0.030062255955982664 -0.022007416312646022 -0.39788497917284005
371 682 371 273 273 1023 1023 1000 507 682 507 905 1037 761|0.05 -0.11368643289806135 0.010967179617635825 -0.2628601328171398
507 682 507 273 273 1023 1023 1000 371 682 371 969 1037 611|0.05 -0.12288293448857401 0.005094199932924592 -0.2527706758382364
2693 1000 1836 2754 734 734 2754 1366 2693 1366 1836 2438 1646 2791|0.05 -0.01781070180123079 0.15119106216153533 0.07988350383727472
1972 1000 1344 2016 538 538 2016 732 1972 732 1344 1911 1501 2044|0.05 -0.013355498254259413 0.15851134905441544 0.07885219054580395
483 906 906 628 335 628 1177 960 395 740 740 1282 1140 527|0.05 -0.08698131919431584 0.06913695638326223 0.05090241560369524
2432 1875 1875 1590 848 1590 2981 1224 2533 2295 2295 3246 1334 2886|0.05 0.014188516152189301 0.08584311025487956 0.011041742177162472
1414 1000 2828 1225 230 230 1225 604 1149 604 1414 2236 1195 1295|0.05 -0.0086861490217649 0.11239513449296412 0.06384972213771656
1225 604 230 1414 2828 1414 1149 1000 1225 604 230 707 2236 2345|0.05 0.007737642809395595 0.2251356420382744 0.019008129261719464
816 188 493 1155 2309 1155 938 1000 816 188 493 577 1915 1826|0.05 -0.03198507243694082 0.02577235001191225 -0.03823871082695329
526 1231 526 200 200 1066 1066 1231 870 2462 870 1228 1127 1040|0.05 -0.3278067736709578 0.009528676572765349 -0.3182084960401266
354 1000 1768 1225 230 187 1000 604 221 921 1061 1275 1195 400|0.05 -0.038816550541413974 0.11191016950719446 0.05087507096774635
2828 5000 2828 650 530 2828 3464 625 2604 3000 1709 3606 1132 2828|0.05 -0.044756176015186 0.13687775092617427 0.014598006357009474
1225 604 230 354 1768 1061 221 1000 1000 921 187 707 1275 2031|0.05 -0.06627510581412865 -0.18841496698442595 -0.1974508494313032
1768 1000 354 187 1000 1225 230 921 1061 604 221 1275 1000 1458|0.05 -0.08529612507495732 -0.0958260554070467 -0.400122458501182
566 200 566 566 693 130 106 600 342 125 521 721 825 676|0.05 -0.01955930105743464 0.08090511796226663 -0.001517691113575026
868 208 570 1155 943 177 217 1667 943 333 943 648 1374 943|0.05 -0.04164346926530338 0.08826979320119 0.007307130317715238
1755 1523 366 380 2027 1655 310 1655 2925 1655 585 1819 1977 2412|0.05 -0.08937330525728315 -0.40421783565928626 -0.36551352471186793
2735 4800 4167 849 1039 5543 4525 1600 4525 8000 4525 3111 1811 5407|0.05 -0.7694575365796452 0.010643851976614993 -0.21705634386950057
1000 187 921 1061 1768 354 221 1225 1000 230 604 1000 2031 1275|0.05 -0.027209747353393876 0.06065553790061795 -0.0067045714874736095
240 656 1152 1086 204 249 1330 1086 384 1086 1920 1194 1086 435|0.05 -0.13253856511524664 0.20569713553904467 0.09969452991102301
1000 1000 1000 693 693 87 87 200 817 900 817 1414 825 1052|0.05 -0.068873925989138 0.0665798562457498 0.01189339987964333
87 817 693 1000 1000 900 200 1000 87 817 693 1052 1414 953|0.05 -0.08168532787079519 0.14295007205580523 -0.052434299358808945
693 817 87 1000 1000 200 900 1000 693 817 87 825 1414 825|0.05 0.023309676831402282 0.38596634490003945 0.03553074811752932
1443 125 1179 289 1443 1443 1299 1000 1443 125 1179 1190 1190 2041|0.05 -0.02469517767773155 -0.03123181144059406 -0.3865944771191876
11547 8000 9434 10392 11547 11547 2309 1000 11547 8000 9434 12152 11000 16330|0.05 -0.6496638489240281 0.05831219710428881 -0.06925637838633314
245 1000 1102 106 848 848 106 1224 1224 1224 1224 1127 1288 1009|0.05 -0.07289452593713275 0.057746158153242355 -0.587914584156003
1888 1075 174 475 890 1356 723 1135 3125 1549 833 1225 1428 3055|0.05 -0.034201340874492336 -0.17139965919795164 -0.0322167371072557
1152 656 240 1487 2142 1569 1383 1875 4320 1231 2610 747 3031 2581|0.05 -0.07309397650595795 -0.043687574339207336 0.017507503312050865
2016 732 538 467 875 574 306 694 1218 645 112 1205 546 1972|0.05 -0.02691060278215751 0.09619154764434645 -0.03700592865609642
434 604 285 363 496 344 320 267 231 56 152 722 598 701|0.05 -0.006671484941340733 0.0359680402773499 -0.011247208236674355
570 92 530 472 718 383 251 1655 821 441 601 607 1618 448|0.05 -0.05961702792960044 0.028650928482321092 0.004861988092002001
363 267 496 434 285 152 231 604 320 56 344 744 978 457|0.05 -0.014748282843708438 0.0302778283146643 0.004439305981898123
533 1000 533 370 370 693 693 573 436 200 436 1133 843 581|0.05 -0.016147768877800006 -0.008947193540396192 -0.06664627678889312
1316 1000 459 1590 848 848 1590 1224 2295 1224 2295 1266 1334 1934|0.05 -0.03857844150838785 0.15302929511269436 0.03889479954273023
2076 1000 541 411 771 771 411 771 1415 771 189 1457 669 1879|0.05 -0.04137243153829795 0.05739355745895569 -0.04288704650866948
2432 1875 1875 459 1316 5049 3442 1000 2432 1875 1875 3246 1266 3544|0.05 -0.22304887035034526 -0.05314543079709355 -1.0677421674770704
1836 1000 245 533 1000 1000 533 1297 2693 1297 702 1204 1731 2438|0.05 -0.02931825586815706 -0.04832181195644103 -0.03630806147796317
411 771 771 2076 541 189 1415 1000 411 771 771 1334 1457 521|0.05 -0.0017532314756985024 0.11823214491280432 0.050712516206319336
482 261 482 371 371 198 198 682 371 91 371 702 905 643|0.05 -0.018994988190363937 0.038745904069106274 0.0037264217907595487
545 133 545 545 545 290 290 1467 707 382 707 656 1328 473|0.05 -0.05723723545792647 0.035071621916862306 0.003019190115258752
1225 604 230 696 943 770 679 533 653 322 122 707 745 1424|0.05 0.013542139840929668 0.22112829882695806 0.023772627229177168
330 975 176 766 1437 868 463 1355 1760 1107 938 977 1972 1016|0.05 -0.05509062434291723 -0.33453596560626075 -0.06937690480817493
1179 1875 1443 816 493 925 1531 188 1039 352 1066 1573 976 1087|0.05 -0.018980591945448877 0.05569138391229078 -0.04948903493023016
770 533 629 493 816 435 263 188 568 100 554 839 577 1121|0.05 -0.005946817581088393 0.02090856580742484 0.004282310292882396
180 1025 338 890 475 786 1473 1135 962 1389 1804 1001 1046 939|0.05 -0.11339984178424745 0.27165856491077056 0.03954326622108928
816 188 493 1179 1443 1066 1039 1875 1531 352 925 577 2179 1141|0.05 -0.06215188499044788 -0.047423980361680496 -0.02474842733385607
2032 1000 271 4064 4064 4064 4064 1000 2032 1000 271 1245 4185 4543|0.05 0.023347796196626636 0.35205640950997985 0.027016772964902902
67 1000 67 246 246 246 246 1000 500 1000 500 1002 1030 306|0.05 -0.020281138771890417 -0.0534308785016302 -0.0026319366045435277
2032 1000 271 4064 4064 4064 4064 1000 2032 1000 271 1245 4185 4543|0.05 0.007173462498077932 0.2675238897907706 0.025238860117908768
67 1000 67 246 246 246 246 1000 500 1000 500 1002 1030 306|0.05 -0.007774404953297953 -0.004368850213662956 0.0032110888738490218
492 133 492 2000 2000 2000 2000 1000 492 133 492 613 2236 2060|0.05 -0.019548044649638774 -0.02784301186334104 -0.018207882585010715
2000 1000 2000 492 492 492 492 133 2000 133 2000 2236 613 2060|0.05 0.002610985281268352 0.009624658564912902 -0.003998091916151969
492 133 492 2000 2000 2000 2000 1000 492 133 492 613 2236 2060|0.05 -0.03197316709348197 -0.023268616303870893 -0.03137057635921203
2000 1000 2000 492 492 492 492 133 2000 133 2000 2236 613 2060|0.05 0.00533074327617733 0.02175586138847274 0.00404529099566675
162 906 133 492 492 480 516 133 87 83 71 916 613 519|0.05 -0.004468134670390089 0.03612475252905201 -0.01667909859561001
1540 816 962 5543 5683 5683 5961 1875 11547 1531 10464 1262 5997 7076|0.05 -0.0748798083106128 0.12311681281977238 0.01460992064222566
2032 1000 271 3522 3048 3048 3522 1107 2032 1107 271 1245 3208 3663|0.05 0.021673120736371843 0.34249008556475946 0.03453514213777931
1836 1000 245 3182 2754 2754 3182 904 1836 904 245 1204 3308 3310|0.05 0.01069505525285841 0.308953674289838 0.035630602688840884
492 133 492 1500 1500 1733 1733 1000 545 133 545 613 1803 1802|0.05 -0.03135609574790199 -0.01480059814332968 -0.04975505567508254
545 133 545 1500 1500 1733 1733 1000 492 133 492 656 1803 1579|0.05 -0.028508616329830927 -0.026357988688665568 -0.037148262714052915
921 187 1000 1768 1972 1369 1305 1875 1726 352 1875 1106 2577 1076|0.05 -0.06565145617448032 -0.04798012965899434 -0.0254497794135633
144 1049 269 1437 766 705 1323 1355 766 1511 1437 961 1071 766|0.05 -0.017999287959803434 0.2683110303265801 0.03731455579338405
1052 533 943 1000 921 491 533 188 730 100 696 1083 1106 1488|0.05 0.000831458624142023 0.06658557983970415 0.013528659877894977
1768 1875 1972 921 1000 1875 1726 187 1305 352 1369 2031 1000 1398|0.05 -0.012969902293712421 0.033189249686580435 -0.006839236697695483
257 953 137 673 1261 1370 731 1441 1370 1291 731 917 2038 1515|0.05 -0.06965864141489031 -0.49697589678742937 -0.09425237565524713
1086 1086 204 793 1143 1024 756 533 579 579 109 1201 623 1493|0.05 0.014654754025775762 0.2405431196136587 0.027673158351058103
1000 921 188 696 943 696 645 533 533 491 100 1000 745 1373|0.05 0.015917286559035126 0.2412932434283266 0.0290009044791395
269 927 144 766 1437 1323 705 1355 1437 1000 766 859 1972 1437|0.05 -0.0646741545306262 -0.39221826145311334 -0.07449944687861199
1305 1875 1768 1000 921 1726 1875 187 1210 352 1305 1398 1106 1667|0.05 -0.04519075332386713 0.05166482273641915 -0.051039375858571434
943 533 696 921 1000 533 491 188 696 100 645 745 1000 1373|0.05 -0.004758389988793743 0.03973843582027348 0.011063273417608599
155 1079 291 1427 761 827 1550 1079 827 1461 1550 926 1378 914|0.05 -0.06409301219451935 0.19308665395902258 0.019673836669080735
1000 187 921 1305 1768 1305 1210 1875 1875 352 1726 1000 2574 1398|0.05 -0.06588054705707003 -0.050304187239106346 -0.02664372327092046
921 187 1000 1768 1305 1210 1305 1875 1726 352 1875 1106 1398 1667|0.05 -0.06518998813004218 -0.04989736372435494 -0.027423363586613902
144 927 269 1437 766 705 1323 1355 766 1000 1437 1095 1071 766|0.05 -0.020956609791111802 0.2673083268620413 0.05078786437649585
696 533 943 1000 921 491 533 188 645 100 696 1373 1106 1007|0.05 -0.0012378565617310322 0.042219073782885363 0.006377065324476572
1768 1875 1305 921 1000 1875 1726 187 1305 352 1210 2574 1000 1398|0.05 -0.047735889491149486 0.04751242197525096 -0.027147293668353667
291 1079 155 761 1427 1550 827 1079 1550 1461 827 1182 1561 1714|0.05 -0.03376925081196025 -0.21969981540389205 -0.04629646691002187
1086 1086 204 701 756 1024 756 533 579 579 109 1201 966 810|0.05 0.012663057434509906 0.22770895276515102 0.02818010066709231
1323 927 705 271 2032 1651 68 1000 1323 927 705 1277 1245 2259|0.05 -0.09975751623217066 -0.00828199372859717 -0.5961056545002863
756 533 701 1248 1536 205 51 1000 756 533 701 966 1708 941|0.05 -0.037448805999366064 0.10266018598346305 -0.014466626597900989
1414 1000 2828 1000 187 230 1225 921 1282 604 2121 2236 1106 1295|0.05 -0.04299618760954638 0.11000634020781774 0.09219897550275968
921 187 1000 2828 2121 1282 1414 1225 604 230 1000 1106 2345 2074|0.05 -0.036128707272313765 0.02641361006925136 0.012744091305343375
1000 921 187 1414 2828 2121 1282 1000 1225 604 230 1000 2236 2345|0.05 -0.03567664892477618 0.002989691480212997 -0.021249187981039475
816 188 493 1732 2309 1155 1046 816 816 153 752 577 1915 1826|0.05 -0.036639297425388184 0.015623379544391636 -0.013010082489111063
2027 1655 380 2121 3510 4680 2340 1523 1655 1655 310 1977 3432 3881|0.05 -0.027618519231449312 0.06662416621128431 -0.040533971546266034
718 1655 472 179 146 780 956 1103 780 2207 780 1618 1011 863|0.05 -0.2566500580082576 0.057715792794414966 -0.26269976036488174
566 200 566 3000 3000 2600 2600 1000 693 200 693 721 3162 2661|0.05 -0.03886204726242792 0.014144400611630914 -0.019066791181686638
693 200 693 3000 3000 2600 2600 1000 566 200 566 825 3162 3053|0.05 -0.029789142010619996 -0.005092178081895771 -0.006810776357099035
1768 1000 354 4596 5303 5303 4596 1225 1768 1225 354 1275 5397 5590|0.05 0.014956551248377359 0.2716438861893278 0.03351528099760692
1443 1000 289 3753 4330 4330 3753 816 1443 816 289 1190 3841 4564|0.05 0.008961353004126593 0.22460824338967678 0.01607415493256159
483 906 906 513 273 513 961 1096 357 1011 669 1282 955 382|0.05 -0.10426457924265442 0.1286321804546109 0.07701945213804295
3071 1875 2834 1437 766 1437 2694 1355 2803 2540 2540 3592 1071 2675|0.05 -0.02487114825534875 0.06642718917280632 0.031219681924181675
1053 1185 228 623 1053 1053 623 626 1053 893 228 1326 410 1489|0.05 -0.022690422466955518 0.08646513000139189 -0.026925437665219487
1006 1690 1605 366 366 1690 1690 1000 1434 1690 1903 659 1065 1721|0.05 -0.21843647653433274 0.021163686562613027 -0.19869686073640702
1903 1690 1434 366 366 1690 1690 1000 1605 1690 1006 2753 1065 1705|0.05 -0.1978942843392828 0.019958532454085187 -0.21691918519038622
1179 701 255 698 1179 1179 698 1327 1179 1120 255 808 1920 1667|0.05 -0.04483328736772707 -0.0031305795992708774 -0.026979864845071422
623 626 1053 1053 228 228 1053 1185 623 893 1053 1593 1062 664|0.05 -0.03637943807239474 0.15506771652240792 0.06403893285426232
1126 217 950 1000 1000 592 592 1000 848 217 595 1009 1414 1629|0.05 -0.03575226037781709 0.031954609862157035 0.007482232154272239
698 1327 1179 1179 255 255 1179 701 698 1120 1179 848 1201 743|0.05 -0.028466775274790246 0.11430765005223442 0.0754612101260399
595 217 848 1000 1000 592 592 1000 950 217 1126 1018 1414 390|0.05 -0.03868934801851465 0.034802206204840314 0.0015840220732954435
693 200 693 3000 3000 2200 2200 1000 693 200 693 825 3162 2661|0.05 -0.02999040508983808 0.015944139658687906 -0.0039431712074256
693 200 693 3000 3000 2200 2200 1000 693 200 693 825 3162 2661|0.05 -0.03780542655996144 0.03229170264021253 -0.006279686279192509
1443 1000 289 3175 4330 4330 3175 1000 1443 1000 289 1190 3841 4564|0.05 -0.013367608844087053 0.14118791311072298 0.0015526299377421893
1443 1000 289 3175 4330 4330 3175 1000 1443 1000 289 1190 3841 4564|0.05 -0.016011131610109697 0.09025219154825903 -0.0029908811124867984
1414 1000 2828 1000 187 187 1000 921 1414 921 2828 2236 1106 1427|0.05 -0.05778320053707264 0.13653044304693607 0.09416885180612233
921 187 1000 2828 2828 1414 1414 1000 921 187 1000 1106 3000 2202|0.05 -0.033461173869802074 0.03397917302224496 0.009198067519351483
707 2000 707 133 133 707 707 1000 651 2000 651 1581 1009 707|0.05 -0.24049123155773455 0.04675531852050163 -0.21882134623051996
1000 921 187 1414 2828 2828 1414 1000 1000 921 187 1000 2236 3000|0.05 -0.04203497522980326 -0.0014625922508071376 -0.04478901848707917
1000 187 921 2828 2828 1414 1414 1000 1000 187 921 1000 3000 2236|0.05 -0.030160144645819953 0.03602429957759945 0.0074415686814433
1536 1000 3072 1086 204 204 1086 1086 1536 1086 3072 2391 1086 1549|0.05 -0.05482639952595236 0.13127341014493643 0.08986750988924319
1086 1086 204 1536 3072 3072 1536 1000 1086 1086 204 1201 2391 3258|0.05 -0.04175254020856167 0.0005495275426947721 -0.043278850358583476
651 2000 651 133 133 707 707 1000 707 2000 707 1557 1009 782|0.05 -0.27614300493741695 0.04169718849947879 -0.17864490088034368
1090 1000 1090 1744 581 581 1744 1000 1090 1000 1090 1479 1419 1235|0.05 0.00925868682961184 0.0749802961769408 0.045937237690252264
1090 1000 1090 1744 581 581 1744 1000 1090 1000 1090 1479 1419 1235|0.05 -0.026811999191033165 0.14095797830315338 0.0718652733628744
918 1000 918 533 533 1600 1600 1000 918 1000 918 1357 1133 1302|0.05 -0.09003395339480136 -0.017450910984163626 -0.16339178568972046
918 1000 918 533 533 1600 1600 1000 918 1000 918 1357 1133 1302|0.05 -0.09288884067454761 -0.025367446478918865 -0.14786613092720113
2868 1875 2987 2706 2129 7036 8119 816 3272 1531 2987 3051 2827 5173|0.05 -0.1577627719065855 0.045729314215199324 -0.058883498009925095
250 913 468 2151 651 827 2481 877 306 913 573 1143 1581 864|0.05 0.007102228782294162 0.09995374746857077 0.02459228477054598
629 533 770 770 629 629 770 533 629 67 770 1162 1162 630|0.05 0.00040306750816787584 0.032609508773886464 0.005993258364467291
693 817 87 1000 1000 817 817 1000 1299 817 693 825 1414 1090|0.05 -0.011748407107944336 0.002027375606930004 0.006654739006157762
770 533 629 629 770 770 629 533 770 67 629 839 839 1089|0.05 -0.001511354917483887 0.02899174753802969 0.002704511130162679
848 1224 106 1000 1000 1224 1224 1000 1590 1224 848 1288 1002 1848|0.05 -0.008467582313209654 0.03191406384703166 0.00738382556638939
1102 1000 245 1000 1000 1000 1000 1000 2693 1000 1836 1127 1731 1992|0.05 -0.04813569845161236 -0.297226504642637 -0.012983093525760214
1836 1000 245 1000 1000 1000 1000 1000 2693 1000 1102 1204 1731 2438|0.05 -0.02430578153932994 0.052335487785928336 0.014631719677833388
371 409 371 371 371 371 371 682 371 91 371 740 905 643|0.05 -0.020295647618130408 0.015440607370564852 -0.021780982066880172
371 682 371 371 371 371 371 409 371 91 371 905 740 643|0.05 -0.0006079379773649141 0.007765794323095765 -0.004270345486051541
483 906 906 513 273 513 961 866 539 669 1011 1282 1194 705|0.05 -0.06509768629267887 0.09440335322925986 0.01990946262645954
1607 1875 1241 951 507 951 1782 896 1854 1680 1680 2376 1306 2214|0.05 0.019757241108615542 0.17914986873192706 0.08449800002113372
533 1000 533 302 302 566 566 573 595 200 595 1133 815 777|0.05 -0.019359636881295383 0.07043218466343815 -0.0398230919360687
963 1000 336 951 507 507 951 896 1680 896 1680 1151 1306 1370|0.05 -0.02255714331488745 0.13064246704406202 0.023426215697042174
3169 1875 3658 3315 1900 7292 9944 1000 3169 1875 3658 2847 2702 4889|0.05 -0.1570015302552008 0.06637614445775153 0.04086196998183578
316 1154 592 2301 600 1046 3138 1000 316 1154 592 898 1543 853|0.05 -0.036950031533454775 0.1281619943196599 0.04272500843585547
2069 1875 1875 1061 566 1061 1989 1116 1793 2092 1384 2652 1149 1611|0.05 0.014477771182950239 0.12846631559906063 0.058244082491694105
622 772 1167 592 316 592 1109 1154 558 1046 1046 1479 898 641|0.05 -0.08025384308110395 0.07036997076574458 0.05504761399341085
2301 1000 600 622 1167 1167 622 772 1569 772 209 1543 928 2230|0.05 -0.04030291821894627 0.050506868785575865 -0.0479889048791482
1607 1875 1241 336 963 3697 2521 1000 1607 1875 1241 2376 1151 2479|0.05 -0.26577527359279873 0.03406073368786178 -0.8037700781460599
2032 1000 271 806 1511 1511 806 1295 2980 1295 777 1245 1916 2888|0.05 -0.03424541099460554 -0.09470218602943392 -0.04151069011321451
622 772 1167 2301 600 209 1569 1000 622 772 1167 1479 1543 716|0.05 0.026761453827159887 0.14676458215019395 0.03141103043213134
435 261 435 507 507 270 270 682 336 91 336 670 969 643|0.05 -0.018546193727322358 0.037902648959924345 0.0024241748070874536
492 133 492 744 744 397 397 1467 637 382 637 613 1421 591|0.05 -0.05458753756621526 0.04314669798643589 -0.0005305449242432037
1179 125 1443 1443 866 1371 1443 816 1066 102 1443 1519 1658 1373|0.05 -0.03152972277380539 -0.03308788963297338 -0.019902020476053606
693 817 87 1000 1000 600 950 1000 566 738 71 825 1414 1149|0.05 0.025978899866674343 0.3735737641609882 0.03276336473063246
766 1355 96 1287 813 1355 1355 1107 938 1355 117 1424 1289 1556|0.05 0.03135536152453211 0.47712293958922736 0.03484251647348113
1768 125 1305 1061 1768 1768 1679 1225 1768 153 1444 1275 2031 2500|0.05 -0.030273839622757537 -0.02316383430355895 -0.08876771312094633
1305 125 1768 1768 1061 1679 1768 1225 1444 153 1768 1858 1458 2127|0.05 -0.031690403241799725 -0.029865643472678505 -0.021693827939543997
566 738 71 1000 1000 600 950 1000 693 817 87 721 1414 825|0.05 0.021615395076428623 0.3765277369727382 0.0351898165602571
848 1224 106 1163 734 1224 1224 904 692 1224 87 1288 1473 1009|0.05 0.02952468412502851 0.46134704981240837 0.03621061224416744
1443 125 1179 866 1443 1443 1371 816 1443 102 1066 1190 1190 2041|0.05 -0.030103275392274753 -0.027194638469597576 -0.10004016635769886
566 738 71 1000 1000 1116 1116 1000 1061 738 566 721 1414 1458|0.05 -0.014123508814966046 -0.05819938473827335 -0.0005252168388347744
1052 533 943 943 696 696 943 533 1052 67 943 1083 1373 1185|0.05 -0.003575223387842774 0.014855146656034268 -0.0023483941455049173
507 896 63 662 662 896 896 1000 951 896 507 898 1127 1305|0.05 -0.02956472145122735 -0.23598481554090833 -0.00485900335309819
943 533 696 1052 943 943 1052 533 943 67 696 745 1374 1333|0.05 -0.0013302989373153995 0.0077974787169243776 -0.003769242761143543
566 1116 71 1000 1000 738 738 1000 1061 1116 566 1149 1414 791|0.05 -0.03655442563358813 -0.2671456800455385 -0.0029931975062136296
696 533 943 943 1052 1052 943 533 696 67 943 1373 1083 1185|0.05 -0.00027306682011007943 0.026596143512414017 0.004888744507369758
766 1355 96 1511 1511 1355 1355 1000 1437 1355 766 1424 1703 1556|0.05 -0.015220431715070593 -0.04659914129149345 0.004127823501722805
943 533 1052 696 943 943 696 533 943 67 1052 1374 745 1333|0.05 -0.0017533768879940403 0.023244123930434846 0.001126455255633374
1000 1000 1000 1163 734 2754 3182 904 1366 904 1366 1002 1473 2050|0.05 -0.12188839952505748 0.04650977964391956 -0.055575158319718376
662 1000 662 2016 538 851 2330 732 732 732 732 1127 1501 1078|0.05 -0.029842978939448317 0.13412844979663552 0.059321716856512996
1511 1000 1511 1287 813 3048 3522 1107 1107 1107 1107 1703 1289 1821|0.05 -0.12436359286347232 0.05530172992914251 -0.04746074562058222
1000 1000 1000 2754 734 1163 3182 1366 904 1366 904 1002 1646 1164|0.05 -0.04861695453397985 0.11881446208718893 0.07980839502350179
1179 1875 1443 2309 1155 2165 4330 1000 1853 1875 2483 1573 1915 2875|0.05 -0.09418628088215031 0.10205684108760105 0.08062346134013243
540 1340 1012 1169 623 1247 2337 637 540 779 1012 797 1552 1034|0.05 -0.08965492096277616 0.040164959323385485 0.012009651722790782
1853 1875 2483 1443 866 3248 4330 816 2153 1531 2483 1477 1658 2808|0.05 -0.12906402004056794 0.09980791385292065 0.0390016478974653
379 1153 711 1508 402 670 2011 860 464 1153 871 945 1304 770|0.05 -0.026668560936990993 0.1134151884899759 0.03802103528504075
2637 1875 3041 2828 1414 2652 5303 1000 1972 1875 1768 2491 2236 2035|0.05 0.028985275992339243 0.1092862158680874 0.012494320587383978
507 896 951 1344 717 1434 2689 1337 507 1542 951 1306 1032 1134|0.05 -0.15142457161783862 0.10324474842362541 0.06820697227962524
1021 1875 1604 750 750 2812 2812 1000 1395 1875 1865 1081 1250 2094|0.05 -0.18344850265802792 0.03125930709482194 -0.11329123587459966
1865 1875 1395 750 750 2812 2812 1000 1604 1875 1021 2665 1250 2087|0.05 -0.12766297143533945 -0.02729040747255773 -0.1982235166604085
623 637 1169 1753 467 467 1753 1162 623 869 1169 1552 1301 779|0.05 -0.03182202591120342 0.12085731411626721 0.0486373922152894
717 1337 1344 2016 538 538 2016 732 717 1150 1344 1032 1501 896|0.05 -0.013515979314463467 0.0756854181608424 0.05038475225524364
1155 1000 2309 1443 289 289 1443 1000 1155 1000 2309 1915 1190 1190|0.05 -0.0412950298734005 0.12899682322065287 0.07595443097483612
693 200 693 1600 1600 800 800 1000 693 200 693 825 1887 1327|0.05 -0.03576633663094575 0.051417756834797324 -0.0016298524822633276
693 200 693 1600 1600 800 800 1000 693 200 693 825 1887 1327|0.05 -0.030393927615296468 0.030957769051165318 0.009090506482420935
1155 1000 2309 1443 289 289 1443 1000 1155 1000 2309 1915 1190 1190|0.05 -0.03639153271221107 0.1506867250009991 0.06268075155370978
1443 1000 289 1155 2309 2309 1155 1000 1443 1000 289 1190 1915 2723|0.05 -0.03342016812787785 0.010210419355130007 -0.048294973352537296
866 2000 866 250 250 1250 1250 1000 866 2000 866 1658 1031 1031|0.05 -0.26367004273122996 0.024720243885427706 -0.1732624364170099
1443 1000 289 1155 2309 2309 1155 1000 1443 1000 289 1190 1915 2723|0.05 -0.045712372699349135 -0.008438582870514688 -0.04821656391841955
866 2000 866 250 250 1250 1250 1000 866 2000 866 1658 1031 1031|0.05 -0.2744137636784372 0.046232333645361834 -0.1639420587103868
2018 1000 269 959 1797 1797 959 1484 4035 1484 1345 1242 2303 3372|0.05 -0.041546042732303334 -0.3125962219106626 -0.050653860148540675
1403 1000 281 1043 1549 1549 1043 1875 4210 1875 2105 1181 2402 2882|0.05 -0.05511670830815718 -0.08632118102547937 0.014673815867101148
1797 1484 959 269 2018 4035 1345 1000 1797 1484 959 2303 1242 3372|0.05 -0.10538791714927664 -0.054520344394574094 -1.1162522288377708
556 533 826 2245 1123 150 748 1000 556 533 826 1281 1876 691|0.05 -0.006753669340634483 0.12604443272805854 0.009119584959962346
445 500 445 368 368 248 248 333 238 67 238 836 685 571|0.05 -0.005214068785901471 0.0890650229383505 -0.004853139365254
368 333 368 445 445 238 238 500 248 67 248 685 836 571|0.05 -0.014525708517244551 0.052754379605091106 -9.854520829577496e-05
1853 1875 2483 2309 1155 2165 4330 1000 1179 1875 1443 1477 1915 1248|0.05 -0.0002464396139911784 0.1643405510548912 0.09212624222151078
848 1224 1590 1836 979 1958 3672 1571 848 2106 1590 1334 1058 1624|0.05 -0.056413470108932495 0.08777745091056 0.00036072627471073204
573 333 573 354 354 189 189 500 528 67 528 814 791 673|0.05 -0.012709695690020784 0.03190978738201622 0.0030055569205167387
354 500 354 573 573 528 528 333 189 67 189 791 814 673|0.05 -0.008174354100790593 0.04665130548821228 0.01370714264970374
1492 533 1622 2828 1414 189 943 1000 1492 533 1622 1904 2236 1579|0.05 -0.022978487210896237 0.12155835144109339 0.008498071466900292
1768 1000 354 2798 3041 3041 2798 1875 5303 1875 2652 1275 3571 4316|0.05 -0.12461772531478843 -0.3622377926862175 0.005740603649087017
670 1087 357 126 948 1895 632 1000 670 1087 357 1276 1058 1499|0.05 -0.11053043702810683 -0.024076901632836822 -1.0257879943974058
948 1000 126 357 670 670 357 1087 1895 1087 632 1058 1276 1499|0.05 -0.041351770148627676 -0.32695771335818247 -0.0502132989075188
1972 1875 1768 2828 1414 2652 5303 1000 2637 1875 3041 2577 2236 3769|0.05 0.015417744639962816 0.058309886942484734 0.022000319301569427
379 1153 711 1006 536 1073 2011 748 379 670 711 945 1429 848|0.05 -0.03751084938570015 0.014881408633906634 0.012572345592358758
2637 1875 3041 1768 1061 3977 5303 1225 2269 2296 3041 2491 1458 2951|0.05 -0.12032017555746011 0.03261223781695133 -0.013460343528435281
540 1340 1012 1753 467 779 2337 1162 441 1340 826 797 1301 642|0.05 -0.058666560351092745 0.09439389216651328 0.07886159296063955
1395 1875 1865 750 750 2812 2812 1000 1021 1875 1604 1439 1250 1681|0.05 -0.2075638969092486 0.03406380814957366 -0.0991808660767568
1604 1875 1021 750 750 2812 2812 1000 1865 1875 1395 2490 1250 2432|0.05 -0.17461532427504034 0.07009714442228532 -0.17559945302136004
536 748 1006 1508 402 402 1508 860 536 548 1006 1429 1304 670|0.05 -0.03127730814014629 0.1193556577238275 0.06436122109243492
979 1571 1836 2754 734 734 2754 1366 979 1826 1836 1058 1646 1224|0.05 -0.03260093275313847 0.0828593481386708 0.0609904347148027
1768 1000 354 230 1225 1225 230 604 354 604 88 1275 707 1458|0.05 -0.11807838829612671 -0.009952112072223462 -0.521297667970021
566 200 566 693 693 130 130 200 342 50 342 721 825 676|0.05 -0.007554223323774645 0.06065385664905332 0.0013820607716175104
1709 250 1709 3464 3464 650 650 5000 2828 1000 2828 1781 4123 2000|0.05 -0.08348842066275508 0.10980486063145944 0.0037063258754432837
585 1000 146 380 2027 2027 380 1655 2925 1655 585 1042 1977 2412|0.05 -0.06131433522941432 -0.8484901536449552 -0.2710244141053819
330 975 176 271 2032 1651 68 1000 330 975 176 977 1245 1861|0.05 -0.10216848044698357 5.400070234973242e-05 -0.602396837747422
3031 533 2956 5004 6158 821 205 1000 3031 533 2956 2960 5640 3774|0.05 -0.04553370587159433 0.08703642385960997 -0.0029102870793717983
785 881 418 245 1836 1492 61 1000 785 881 418 922 1204 1831|0.05 -0.10417568403228827 -0.01688290031602313 -0.6288215116920881
1275 533 1123 1901 2340 312 78 1000 1275 533 1123 1175 2334 1534|0.05 -0.03956683857323284 0.103760685960812 -0.005821619823428437
1414 1000 2828 1000 187 187 1000 921 1149 921 1414 2236 1106 1288|0.05 -0.03819402606448641 0.08343247028450129 0.09597670399220215
1000 921 187 1414 2828 1414 1149 1000 1000 921 187 1000 2236 2236|0.05 0.00044786132894714115 0.17985403278977907 0.008851376081138174
1000 187 921 1414 2828 1414 1149 1000 1000 187 921 1000 2236 2236|0.05 -0.03794298757395009 0.00871410251555682 -0.05681907067236591
801 1231 801 163 163 870 870 1231 870 2462 870 1368 1121 962|0.05 -0.30971342590363493 0.03244086197288887 -0.3564674943522217
1000 921 188 696 943 1052 730 533 533 491 100 1000 745 1083|0.05 0.013435155293266554 0.23828019228430808 0.026549387096357346
269 1049 144 766 1437 1323 705 1355 1437 1511 766 1119 1972 1437|0.05 -0.06381363074137836 -0.3840073989832882 -0.07620424023768502
1972 1875 1768 1000 921 1726 1875 187 1369 352 1305 2577 1106 1076|0.05 -0.027291641521555166 0.00010774455716289211 -0.01863449327613953
943 533 1052 921 1000 533 491 188 696 100 730 1374 1000 1373|0.05 -0.0029573901559709626 0.025940660865073628 0.005278204863006231
137 953 257 1261 673 731 1370 1441 731 1291 1370 1067 786 808|0.05 -0.10196421461921568 0.22296801468022265 0.027202032864341863
1000 187 921 1972 1768 1305 1369 1875 1875 352 1726 1000 2031 1398|0.05 -0.06546290534200194 -0.04210529911145011 -0.02444320588769644
354 1000 1768 1000 187 230 1225 921 221 604 1061 1275 1106 290|0.05 -0.023347372503034203 0.10443599986703411 0.04769867815590523
2828 5000 2828 530 650 3464 2828 625 1709 3000 2604 3606 820 2000|0.05 -0.030766922545262254 0.13738506518957028 0.00665835131405057
1000 921 187 354 1768 1061 221 1000 1225 604 230 1000 1275 1458|0.05 -0.06672450400019625 -0.14455609574749229 -0.18198653193527425
1768 1000 354 230 1225 1000 187 604 1061 921 221 1275 707 2031|0.05 -0.09539816251295963 -0.09871731865918276 -0.42739779116820253
566 200 566 693 566 106 130 600 521 125 342 721 1149 625|0.05 -0.019732617032672817 0.0634197620421384 0.006411589610539892
570 208 868 943 1155 217 177 1667 943 333 943 1037 1915 667|0.05 -0.042109909574433724 0.08501484290694084 0.007080224610107599
1152 656 240 204 1086 1330 249 1086 1920 1086 384 747 1201 2206|0.05 -0.08790815540314578 -0.3862393331485525 -0.34277028857989555
4167 4800 2735 1039 849 4525 5543 1600 4525 8000 4525 4976 1311 5004|0.05 -0.5044256870990838 0.017412015907434242 -0.26980585948749525
816 188 493 866 1443 289 180 816 816 153 752 577 1190 1041|0.05 -0.02217361568920606 0.09410497372175808 -0.017668177073827396
366 1523 1755 2027 380 310 1655 1655 585 1655 2925 1138 1170 480|0.05 -0.13308462898512508 0.20433339416132013 0.10084096841007639
133 906 162 492 492 516 480 133 71 83 87 1009 613 473|0.05 0.002896990930223442 0.0332484729901128 0.004768803414620937
1886 1225 1179 7300 6960 6960 6789 1875 14142 2296 12816 2134 6692 8667|0.05 -0.06453240907220215 -0.12599286194473258 -0.003908327411733525
1756 930 161 673 1261 828 442 1441 2906 1055 775 1065 2038 2099|0.05 -0.02712250778102554 -0.13987299057828584 -0.036343595808341345
1755 1523 366 2106 2390 3264 2265 1875 6581 2856 3976 1819 3007 4899|0.05 -0.04129595168387179 0.12298766483123558 0.017155643173614177
2754 1366 734 418 785 1195 637 881 1664 948 153 2050 922 1989|0.05 -0.02811208375277041 0.09479600988062886 -0.03773452099796293
285 604 434 496 363 320 344 267 152 56 231 978 744 457|0.05 -0.0073284838715070855 0.03916378347257332 -0.025499143518403766
530 92 570 718 472 251 383 1655 601 441 821 649 1196 554|0.05 -0.06413341590802868 0.03734997264859041 0.009127727222553172
496 267 363 285 434 231 152 604 344 56 320 598 722 701|0.05 -0.016221627827550655 0.023085752279508043 0.003868062221037416
1414 1000 2828 1225 230 187 1000 604 1282 921 2121 2236 1195 1427|0.05 -0.02630255434513895 0.12517040703107218 0.07088426529371139
493 188 816 2309 1732 1046 1155 816 752 153 816 976 2449 1251|0.05 -0.03496610795886812 0.036092052251552875 0.011644525288525553
1225 604 230 1414 2828 2121 1282 1000 1000 921 187 707 2236 3000|0.05 -0.02359822006163026 0.08022825130047151 -0.012960406759208176
1000 187 921 2121 2828 1414 1282 1225 1000 230 604 1000 3000 2236|0.05 -0.03525348946114559 0.022138578687136423 -0.01387916058018357
1086 1086 204 1392 2304 3072 1536 656 1330 1086 249 1201 1664 3258|0.05 -0.03604759203750918 0.031200329702611995 -0.04632953833860087
472 1655 718 146 179 956 780 1103 780 2207 780 1196 1113 932|0.05 -0.28676258793006504 0.04522313773922537 -0.24473920257068182
1000 1000 1000 906 906 2719 2719 1000 1000 1000 1000 1535 1350 1861|0.05 -0.14685335355487772 0.02888982601781276 -0.19839333779407387
1000 1000 1000 906 906 2719 2719 1000 1000 1000 1000 1282 1350 1861|0.05 -0.0939477794005028 -0.018241063023469728 -0.13714361258782115
1000 1000 1000 2719 906 906 2719 1000 1000 1000 1000 1282 1861 1350|0.05 -0.07434089431266333 0.10774422337452405 0.08215019929117107
1000 1000 1000 2719 906 906 2719 1000 1000 1000 1000 1535 1861 1350|0.05 -0.06847030405868204 0.09484848268291657 0.07919371446712509
368 1000 368 333 333 1000 1000 1000 368 1000 368 1066 1054 685|0.05 -0.09267512026007507 0.01931759691899293 -0.12591852210258714
368 1000 368 333 333 1000 1000 1000 368 1000 368 1066 1054 685|0.05 -0.0899289579288054 -0.008865980060556167 -0.15896659958015036
2719 1000 2719 2719 906 906 2719 1000 2719 1000 2719 2897 1861 2866|0.05 -0.0622168032483994 0.10178539132407849 0.08866960930998813
2719 1000 2719 2719 906 906 2719 1000 2719 1000 2719 2897 1861 2866|0.05 -0.01765017393274615 0.1656281978787244 0.061149193383800426
943 1260 177 696 943 1040 701 533 503 672 94 1374 745 1069|0.05 0.009759126570176857 0.21580422534623 0.023507815677641375
254 1007 135 766 1437 1810 965 1355 1355 1495 722 1032 1972 1975|0.05 -0.059287232246721944 -0.36130951540847334 -0.07303904863048105
2069 1875 1875 1061 1336 2505 1989 188 1394 352 1384 2652 1077 1618|0.05 0.005378044271877602 0.058721622750199653 -0.01410554611429693
1000 533 1104 1336 1061 566 713 188 738 100 743 1414 1458 1456|0.05 -0.00173224588219556 0.05090715769259013 0.0064224805039869715
135 993 252 1797 959 761 1427 1484 717 1345 1345 1025 1161 773|0.05 -0.058143701078725574 0.4152299883071242 0.06201784979464886
1061 188 1336 2069 1875 1384 1394 1875 1989 352 2505 1458 2125 1482|0.05 -0.06688715022240332 -0.05536377143555482 -0.03027116307588562
354 1000 1768 943 177 177 943 1260 354 1260 1768 1275 1016 395|0.05 -0.093280421084736 0.12877047372189088 0.10121399328866243
1336 188 1061 1875 1875 375 375 1000 1336 188 1061 1077 2125 1577|0.05 -0.02715847310734376 0.08553574092378113 -0.0013365618353478048
2828 5000 2828 500 500 2667 2667 1000 3563 5000 3563 3606 1118 3887|0.05 -0.3007807797041151 0.04663325053788858 -0.19886724260265498
943 1260 177 354 1768 1768 354 1000 943 1260 177 1374 1275 2003|0.05 -0.08061538466286655 -0.1944453469693641 -0.3269066411087951
1768 1000 354 177 943 943 177 1260 1768 1260 354 1275 1374 2003|0.05 -0.06437887886719618 -0.11825570812749708 -0.3435214545621734
7126 5333 5657 2000 2000 10000 10000 1000 7126 5333 5657 7775 2236 8413|0.05 -0.5715106751347698 0.04568912367994615 -0.047736732741154864
566 200 566 533 533 100 100 1000 713 200 713 721 1133 574|0.05 -0.030008218463514202 0.06419093446189184 0.007110906082150592
177 1260 943 1768 354 354 1768 1000 177 1260 943 1016 1275 395|0.05 -0.02169074949498362 0.10625667867175004 0.042662681056011564
140 794 748 1403 281 281 1403 1000 140 794 748 1091 1181 314|0.05 -0.07274921295503223 0.13477839959114446 0.0710871981854444
713 200 713 533 533 100 100 1000 566 200 566 841 1133 777|0.05 -0.030981508839921235 0.08413728736492265 -0.0002841992266311433
5657 5333 7126 2000 2000 10000 10000 1000 5657 5333 7126 5745 2236 7211|0.05 -0.4283399135305954 0.06380628799441679 -0.048554656446658795
1403 1000 281 140 748 748 140 794 1403 794 281 1181 806 1590|0.05 -0.0870743003274399 -0.212886630080229 -0.3677772318927508
3563 5000 3563 500 500 2667 2667 1000 2828 5000 2828 4206 1118 2872|0.05 -0.4312504667585515 0.07701953428308927 0.0034200915572246693
748 794 140 281 1403 1403 281 1000 748 794 140 806 1181 1590|0.05 -0.06784094377966343 -0.1408817455248379 -0.30149392005219044
1061 188 1336 1875 1875 375 375 1000 1061 188 1336 1458 2125 1352|0.05 -0.02627288686069762 0.09577368869014835 -0.0056654333551076075
281 1000 1403 748 140 140 748 794 281 794 1403 1181 1091 314|0.05 -0.03312165405958134 0.11907608005464976 0.04819713348911403
1336 188 1061 1875 2069 1394 1384 1875 2505 352 1989 1077 2652 1618|0.05 -0.06528179696041247 -0.047108238464889096 -0.028728210656329134
135 1007 254 1437 766 965 1810 1355 722 1495 1355 1009 1071 1053|0.05 0.013146604379794535 0.13465571444784885 0.01508256747082326
1104 533 1000 1061 1336 713 566 188 743 100 738 1133 1077 1712|0.05 -0.004626744957375584 0.03157497987610114 0.007844382004433825
1875 1875 2069 1336 1061 1989 2505 188 1384 352 1394 2125 1458 1482|0.05 0.003922604849326827 0.06232134018850699 -0.018374022915232935
252 993 135 959 1797 1427 761 1484 1345 1345 717 1002 2303 1449|0.05 -0.06823542640585933 -0.4526479779274184 -0.09261075541477148
748 794 140 556 826 748 553 533 399 423 75 806 646 1058|0.05 0.009561434922069623 0.2189127731640217 0.026941403653382157
1414 1000 2828 943 177 177 943 1260 1414 1260 2828 2236 1016 1425|0.05 -0.06845936385481255 0.13728661359845518 0.10311958547140732
1336 188 1061 3000 3000 1500 1500 1000 1336 188 1061 1077 3162 2507|0.05 -0.03640531190291174 0.027086563170752864 0.0026535754159140446
707 2000 707 125 125 667 667 1000 891 2000 891 1581 1008 972|0.05 -0.2319561938263226 0.04781118184253863 -0.22815983586126243
943 1260 177 1414 2828 2828 1414 1000 943 1260 177 1374 2236 2981|0.05 -0.04368848292900851 -0.017023087138893223 -0.04747317878453172
1061 188 1336 3000 3000 1500 1500 1000 1061 188 1336 1458 3162 2372|0.05 -0.03397878411336874 0.027859509581684705 0.006552790332616798
1123 1000 2245 748 140 140 748 794 1123 794 2245 1876 1091 1131|0.05 -0.0566579918157184 0.1195690401775229 0.09723549804548703
748 794 140 1123 2245 2245 1123 1000 748 794 140 806 1876 2367|0.05 -0.041760641398918 0.0023878981920910647 -0.0513213218318731
891 2000 891 125 125 667 667 1000 707 2000 707 1671 1008 718|0.05 -0.2532011461382 0.05033834692194317 -0.19376999168895126
507 682 507 455 455 1364 1364 1000 507 682 507 969 1098 937|0.05 -0.11695346038703369 -0.003085964705141775 -0.1461999076606646
507 682 507 455 455 1364 1364 1000 507 682 507 969 1098 937|0.05 -0.11016802338558396 0.0214775117585031 -0.1782383101589824
1972 1000 1344 2689 896 896 2689 1000 1972 1000 1344 1911 1847 2166|0.05 0.0008620544814497144 0.11768940236578151 0.062423173068364424
1972 1000 1344 2689 896 896 2689 1000 1972 1000 1344 1911 1847 2166|0.05 0.004299038980037917 0.15702181393684622 0.0366245404713994
354 1000 1768 1000 187 187 1000 921 354 921 1768 1275 1106 400|0.05 -0.06598042375720148 0.12876050455405075 0.07819112875684375
921 187 1000 1768 1768 354 354 1000 921 187 1000 1106 2031 1214|0.05 -0.026589711827964546 0.09062907257093133 -0.004437099239010811
2828 5000 2828 530 530 2828 2828 1000 2604 5000 2604 3606 1132 2828|0.05 -0.3927854141856235 0.0850677732096905 -0.049959335858474896
1000 921 187 354 1768 1768 354 1000 1000 921 187 1000 1275 2031|0.05 -0.0867538694297576 -0.2231456440566082 -0.3468341450398438
1768 1000 354 187 1000 1000 187 921 1768 921 354 1275 1000 2031|0.05 -0.10028491049118737 -0.27005289170704216 -0.3981810511186945
4910 5333 5333 1886 1886 9428 9428 1000 4910 5333 5333 5333 2134 6472|0.05 -0.31746692795089904 0.07562691049040726 -0.18852220614505866
566 200 566 566 566 106 106 1000 521 200 521 721 1149 625|0.05 -0.02981524799129498 0.09219069829162763 -0.003134083697191592
187 921 1000 1768 354 354 1768 1000 187 921 1000 1106 1275 400|0.05 -0.08686304335211337 0.11013277181151082 0.09531435571756841
204 1086 1086 1920 384 384 1920 1000 204 1086 1086 1086 1318 435|0.05 -0.1162606397990873 0.13027971204691458 0.10379393064487985
521 200 521 566 566 106 106 1000 566 200 566 686 1149 566|0.05 -0.029782703776032315 0.09564515512167526 -0.0029206348662302872
5333 5333 4910 1886 1886 9428 9428 1000 5333 5333 4910 5897 2134 6799|0.05 -0.5822268762494209 0.039877935594492264 -0.05814209975366191
1920 1000 384 204 1086 1086 204 1086 1920 1086 384 1318 1201 2206|0.05 -0.09593431737781155 -0.2606167414235816 -0.38272166106110284
2604 5000 2604 530 530 2828 2828 1000 2828 5000 2828 3432 1132 3127|0.05 -0.3035994894799343 0.05923469039501805 -0.1643852669167245
1086 1086 204 384 1920 1920 384 1000 1086 1086 204 1201 1318 2206|0.05 -0.06791159067364716 -0.14857019910261338 -0.3057588489294183
1000 187 921 1768 1768 354 354 1000 1000 187 921 1000 2031 1275|0.05 -0.030619454803310076 0.07195759112683664 0.005268785768122175
384 1000 1920 1086 204 204 1086 1086 384 1086 1920 1318 1086 435|0.05 -0.025195996184963487 0.13734757827130295 0.032079540501446235
2069 125 1875 1875 1875 1875 1875 1000 2069 125 1875 1879 2125 2792|0.05 -0.024040620402623336 -0.0261040573330662 -0.026810515569429816
533 1104 67 1000 1000 1000 1000 1000 533 1104 67 1133 1414 1133|0.05 0.03800341664345064 0.4733711986852174 0.029612732466601788
1875 125 2069 1875 1875 1875 1875 1000 1875 125 2069 2125 2125 2652|0.05 -0.02135536041233288 -0.03320285089998487 -0.0222523241209982
483 906 60 906 906 906 906 1000 483 906 60 908 1350 1027|0.05 0.03070934403623049 0.3858151041893598 0.023910104836681878
1937 1000 258 673 1261 1261 673 1441 3874 1441 1291 1225 2038 3016|0.05 -0.06027445010486132 -0.4010460391181625 -0.06044776456152867
1920 1000 384 1487 2142 2142 1487 1875 5760 1875 2880 1318 3031 3956|0.05 -0.0316940322627457 0.5200180032503221 0.06389529888096712
1261 1441 673 258 1937 3874 1291 1000 1261 1441 673 2038 1225 3016|0.05 -0.08596611009556554 -0.036839525907352844 -1.0294800045939334
793 533 1143 3072 1536 205 1024 1000 793 533 1143 1616 2391 971|0.05 -0.015382290536474219 0.12831156079512462 0.005973075604730482
326 500 326 372 372 258 258 333 174 67 174 778 687 526|0.05 -0.007338283902671439 0.07944149144604173 0.0011585288908788627
372 333 372 326 326 174 174 500 258 67 258 687 778 526|0.05 -0.015843345266748354 0.05108370801801598 0.006723788309603851
1305 125 1768 1768 1768 1768 1768 1000 1305 125 1768 1858 2031 2197|0.05 -0.02715848651938857 -0.016664342002522536 -0.023215799313053287
566 738 71 1000 1000 1000 1000 1000 566 738 71 721 1414 1149|0.05 0.018443627917354988 0.3609979214660508 0.028642520510626657
766 1355 96 1355 1355 1355 1355 1000 766 1355 96 1424 1684 1556|0.05 0.03440558350621181 0.41141320234561185 0.024005276136083165
1768 125 1305 1768 1768 1768 1768 1000 1768 125 1305 1275 2031 2500|0.05 -0.03016392499707088 -0.014920874481918478 -0.029656521060567043
1511 1000 1511 1355 1355 4064 4064 1000 1511 1000 1511 1703 1684 2791|0.05 -0.1297543133328749 -0.0013413535312090108 -0.18114241634573647
1511 1000 1511 1355 1355 4064 4064 1000 1511 1000 1511 1916 1684 2791|0.05 -0.1274073003465248 -0.007502362233551274 -0.1745567617117727
662 1000 662 2689 896 896 2689 1000 662 1000 662 1267 1847 1114|0.05 0.0005463489234780461 0.09000206095727048 0.0485569788269502
662 1000 662 2689 896 896 2689 1000 662 1000 662 1127 1847 1114|0.05 0.0328438518040719 0.08675593301373574 0.03257081357672664
483 906 906 483 258 483 906 1025 533 1000 1000 1282 1033 683|0.05 -0.0919495453492225 0.12254306818328953 0.011162219577656174
1922 1875 1875 906 483 906 1699 906 1875 1699 1699 2403 1282 1936|0.05 -0.07051333654000569 0.11138901019831948 0.06450271026080978
2069 1875 1875 1000 533 1000 1875 1104 2121 2069 2069 2652 1133 2298|0.05 -0.07191069869391553 0.03391755571672039 0.048722193195624985
520 975 975 471 251 471 884 975 471 884 884 1250 1083 534|0.05 -0.06010312662312001 0.12236873147777771 0.008932192642485681
573 533 333 333 573 573 333 533 573 67 333 629 629 1046|0.05 -0.001191158916005186 0.034609543154942024 0.004546680497194977
1600 1720 200 1000 1000 1720 1720 1000 3000 1720 1600 1887 1414 3162|0.05 -0.01640165908788238 -0.09230910313545171 0.0013271014739313358
333 533 573 573 333 333 573 533 333 67 573 1054 1054 471|0.05 -0.002766537551766035 0.024279373819258154 0.0024071175250073296
930 581 116 1000 1000 581 581 1000 1744 581 930 593 1823 1097|0.05 -0.024730868718050303 -0.15117926756108457 -0.002051496717502266
1075 125 625 625 625 625 625 1000 1075 125 625 637 1179 1244|0.05 -0.026235670937863054 -0.03229887931318176 -0.02893251930452867
1600 1720 200 1000 1000 1000 1000 1000 1600 1720 200 1887 1414 1887|0.05 0.029374495501190978 0.44956495339771196 0.02882341426925672
625 125 1075 625 625 625 625 1000 625 125 1075 1179 1179 884|0.05 -0.030001655878810762 -0.01779289361717784 -0.022661442995820513
930 581 116 581 581 581 581 1000 930 581 116 593 1157 1097|0.05 0.020417243928749773 0.3724688177722313 0.02236499672194192
1720 1000 1720 1000 1000 3000 3000 1000 1720 1000 1720 1990 1414 2441|0.05 -0.15214840139559427 0.007141232046536938 -0.14395373349060714
1720 1000 1720 1000 1000 3000 3000 1000 1720 1000 1720 1990 1414 2441|0.05 -0.1377750336912431 -0.0031477981632888064 -0.16833207244956738
581 1000 581 1744 581 581 1744 1000 581 1000 581 1157 1419 822|0.05 -0.004135452840539067 0.12142760679268116 0.04818148123239663
581 1000 581 1744 581 581 1744 1000 581 1000 581 1157 1419 822|0.05 0.00812447078476275 0.15370352788565356 0.05447413115313493
1000 1000 1000 581 581 1744 1744 1000 1000 1000 1000 1823 1157 1419|0.05 -0.10163446379482854 -0.024953633122997143 -0.16359261592536756
1000 1000 1000 581 581 1744 1744 1000 1000 1000 1000 822 1157 1419|0.05 -0.12633628840400757 0.06264597098093239 -0.0672626876135729
1000 1000 1000 1744 581 581 1744 1000 1000 1000 1000 822 1419 1157|0.05 0.013841743915712357 0.1093979438554693 0.05863085017422387
1000 1000 1000 1744 581 581 1744 1000 1000 1000 1000 1823 1419 1157|0.05 0.04480926310159283 0.1731253497081986 0.014649140324562993
1652 1875 1875 1744 581 1090 3269 1000 1398 1875 1090 1925 1419 1304|0.05 -0.07727217960046495 0.11323585680034443 0.16826201039159994
745 533 581 1744 581 310 930 1000 881 533 1000 789 1419 695|0.05 -0.033372028279125 0.11226141982829674 0.020395343824810563
1135 1135 605 352 660 1979 1055 846 1135 660 605 1518 789 1610|0.05 -0.10645891319899792 -0.004561366779499698 -0.3252184497282229
716 780 1342 780 416 1248 2339 1182 716 1342 1342 1552 933 1015|0.05 -0.12284877115218085 0.10114554760827676 -0.017550552122925778
1104 1000 1104 1000 1000 3000 3000 1000 1104 1000 1104 1489 1414 2054|0.05 -0.1439239101507661 0.037289417038135486 -0.11105543083851366
1104 1000 1104 1000 1000 3000 3000 1000 1104 1000 1104 1489 1414 2054|0.05 -0.13095754883395094 0.03375405598956327 -0.1279845922081324
906 1000 906 2719 906 906 2719 1000 906 1000 906 1350 1861 1282|0.05 -0.02150225802696748 0.11858546916314383 0.051920731590542335
906 1000 906 2719 906 906 2719 1000 906 1000 906 1350 1861 1282|0.05 0.03059236045207525 0.17000504468684285 0.0281405224261011
573 333 573 573 333 156 268 533 600 116 506 814 1054 594|0.05 -0.0168435728666394 0.05119580695054582 0.004675808964367256
1801 467 1720 3000 1600 347 1000 1720 1519 803 1720 1783 1887 2014|0.05 -0.017328880414071435 0.1015164948295455 0.007876271489446474
1132 1132 528 228 1053 1974 658 1185 658 1132 307 1459 1326 1242|0.05 -0.09401038033849396 -0.0060976686784008916 -0.5280424766101788
888 844 192 259 555 955 446 955 1666 955 555 896 990 1756|0.05 -0.06001749326573713 -0.26533701934778664 -0.08299296712657389
883 467 1000 1744 581 387 930 1000 789 467 581 1288 1419 1149|0.05 -0.027532111801575887 0.0955043974255565 0.023308972264703964
625 1875 1075 502 502 1075 1075 417 848 625 950 1179 818 1244|0.05 -0.06789640810915598 0.07918042692624416 0.035928153304223276
1690 2143 1246 1993 830 1246 3737 1000 1892 2143 2143 2479 1629 2462|0.05 -0.04162677847624141 0.1246504666874082 0.15923366468884925
491 1120 737 1268 592 592 1268 737 1179 1268 2210 925 1466 964|0.05 -0.02088067139711769 0.0815080155096104 0.01913851113152676
528 1132 1132 658 439 1053 1974 893 528 658 1132 1163 1301 861|0.05 -0.14731137563626762 0.08823861911869013 -0.03529743958574749
1268 737 592 491 737 2210 1179 1120 1268 1268 592 945 1457 1799|0.05 -0.10322258707441745 -0.019012830648927892 -0.20312206699052204
573 333 573 573 739 345 268 533 391 116 506 814 783 859|0.05 -0.02067326272791159 0.058086036279376696 -0.0012255840687036557
528 467 776 1353 721 156 451 776 685 362 776 1162 1559 582|0.05 -0.031316494528161876 0.09571908405070495 0.017462619091679343
1132 1132 528 228 1053 1974 658 771 1460 1132 681 1459 850 2276|0.05 -0.1048687173081686 -0.020859051899467795 -0.6479876777780069
1366 1297 296 883 1893 1468 685 1468 2560 1468 853 1508 2200 2005|0.05 -0.053583942042155774 -0.1548122330948276 -0.07344152933316361
1075 1875 625 647 647 1386 1386 417 732 625 595 1976 914 944|0.05 -0.046851138789231195 -0.0071348420384920175 -0.08509236674823284
1132 2143 1662 1546 644 966 2898 1000 920 2143 966 1459 1413 773|0.05 0.038824552826335346 0.1747311510865468 0.09552917044534093
429 467 451 1353 451 301 721 1000 528 467 776 829 1269 361|0.05 -0.025075167461108272 0.071105948389516 0.02906184469660511
1893 1468 883 569 853 2560 1366 812 1893 853 883 2200 683 2402|0.05 -0.08330750254978536 -0.021896031953043682 -0.1949313989417223
569 812 853 1893 883 883 1893 1468 1366 853 2560 1472 1289 1248|0.05 -0.04459028544281485 0.11626443440758916 0.023147130724823217
1087 1051 2330 1051 700 1681 3152 1231 1087 1807 2330 1856 840 1536|0.05 -0.12538812182035675 0.05685792077181784 -0.011947062573558487
1053 771 228 439 658 658 439 893 1053 626 228 850 826 1242|0.05 -0.020494097908194675 0.09532219326384261 -0.010920448498510371
2036 1500 2279 520 520 2400 2400 1000 1428 1500 1757 1883 1127 1645|0.05 -0.22124486011326994 0.02083446734399752 -0.19990364633312496
1757 1500 1428 520 520 2400 2400 1000 2279 1500 2036 2586 1127 2650|0.05 -0.18793406902305243 0.03642916396371376 -0.24164766866791032
1681 1426 364 700 1051 1051 700 1231 1681 1596 364 1712 1811 1982|0.05 -0.022371551166835424 0.07479175459164988 -0.007905013676750006
439 893 658 1053 228 228 1053 771 439 626 658 1301 1163 495|0.05 -0.026570250006575646 0.12486254596432378 0.07327475256693639
732 217 950 625 625 417 417 1000 595 217 848 1104 1179 1078|0.05 -0.037071530945218534 0.01881512743991287 -0.003429152207118369
700 1231 1051 1681 364 364 1681 1426 700 1596 1051 840 1152 789|0.05 -0.0462172096973279 0.1342249234349202 0.09516680506511
848 217 595 625 625 417 417 1000 950 217 732 685 1179 784|0.05 -0.03266300879216755 0.014956005132491512 0.003579420742423345
528 467 776 1353 451 301 721 1000 429 467 451 1162 1269 777|0.05 -0.04539877815827764 0.09832690784868925 0.03388823024725429
625 1875 1075 647 647 1386 1386 417 595 625 732 1179 914 1104|0.05 -0.09252698695779826 0.009334974862751366 -0.06394726526480654
920 2143 966 1546 644 966 2898 1000 1132 2143 1662 1706 1413 1666|0.05 -0.001293495643406306 0.13980241560105133 0.10503630936360198
700 1231 1051 2330 1087 1087 2330 1051 1681 1807 3152 840 1856 1536|0.05 0.029600225330128627 0.10325709725501397 0.006439255404124822
883 1468 1893 853 569 1366 2560 812 883 853 1893 1289 1472 1248|0.05 -0.16137846015329305 0.08525068566874072 -0.005729631957324122
2330 1051 1087 700 1051 3152 1681 1231 2330 1807 1087 1931 1811 2956|0.05 -0.09463673939372974 -0.06641656328607026 -0.2283710114217563
573 333 573 739 573 268 345 533 506 116 391 814 1153 739|0.05 -0.014240547904096346 0.04586130083924056 0.00567830569611516
883 467 1000 1744 930 201 581 1289 681 602 1000 1288 1366 1027|0.05 -0.01840748609543086 0.09262972699527028 0.017774967287440546
1893 1468 883 296 1366 2560 853 1297 1468 1468 685 2200 1508 2005|0.05 -0.11173218999091739 -0.11290717300854958 -0.6116609529069328
1053 771 228 528 1132 1460 681 1132 1974 1132 658 850 1459 2276|0.05 -0.02906106398899322 0.028016167451225815 -0.039849557181834694
1075 1875 625 502 502 1075 1075 417 950 625 848 1976 818 1104|0.05 -0.07874816100741588 0.05178378393604577 0.008728413971417215
1892 2143 2143 1993 830 1246 3737 1000 1690 2143 1246 2200 1629 1563|0.05 0.0034001411556916494 0.11178322218675651 0.11485845833507646
789 467 581 1744 581 387 930 1000 883 467 1000 745 1419 730|0.05 -0.04696829451426021 0.1027645839417124 0.031056847676236288
1132 1132 528 439 658 1974 1053 893 1132 658 528 1459 826 1607|0.05 -0.08882754936807347 0.018586822845723106 -0.19458951192475427
439 893 658 1132 528 528 1132 1132 1053 658 1974 1301 1163 861|0.05 0.036014850810728305 0.10156073395361398 0.013167354911252094
592 737 1268 737 491 1179 2210 1120 592 1268 1268 1466 925 964|0.05 -0.16332407129235227 0.0988709174918645 0.006795668041115199
1366 1297 296 569 853 853 569 812 1366 1158 296 1508 683 1610|0.05 -0.019565215342568498 0.09104874425481801 -0.019324862087400918
1428 1500 1757 520 520 2400 2400 1000 2036 1500 2279 1199 1127 2444|0.05 -0.2248111433357991 0.013392388361566088 -0.19746153353089713
2279 1500 2036 520 520 2400 2400 1000 1757 1500 1428 2966 1127 1938|0.05 -0.18677112356765946 0.042293411670997205 -0.2573344146908485
1179 701 255 491 737 737 491 1120 1179 863 255 808 1457 1390|0.05 -0.0288961135761312 0.05654319349072345 -0.007302261731872983
569 812 853 1366 296 296 1366 1297 569 1158 853 1472 1102 641|0.05 -0.04680487585681736 0.13304796906076222 0.08972699632174397
950 217 732 625 625 417 417 1000 848 217 595 807 1179 1236|0.05 -0.035235328076290706 0.025800883235416183 0.0049611794635828765
491 1120 737 1179 255 255 1179 701 491 863 737 925 1201 554|0.05 -0.018896731336638384 0.14907403023140642 0.0589998507139633
595 217 848 625 625 417 417 1000 732 217 950 1018 1179 500|0.05 -0.03218748388706949 0.01825774872655561 0.004611419609912293
881 533 1000 1744 581 310 930 1000 745 533 581 1338 1419 1099|0.05 -0.011689537998607058 0.1251279249779258 0.015134194692769665
1398 1875 1090 1744 581 1090 3269 1000 1652 1875 1875 2169 1419 2061|0.05 -0.07523257486818147 0.1267197016064281 0.17066179380335056
605 1135 1135 660 352 1055 1979 846 605 660 1135 1165 1248 859|0.05 -0.13710727891955043 0.10042947230086918 0.0005906820842938032
1342 780 716 416 780 2339 1248 1182 1342 1342 716 1058 1475 1904|0.05 -0.11774748825947756 -0.031600651946603886 -0.3182132959841555
1398 1875 1090 1744 930 1744 3269 581 1943 1090 1875 2169 1838 2734|0.05 -0.09553445389915316 0.0426863515880771 0.08256495321034896
299 965 561 898 479 898 1683 719 515 561 965 1116 1407 946|0.05 -0.09192848380538021 0.0809656881177534 0.024801922368076212
573 333 573 333 573 268 156 533 506 116 600 814 629 739|0.05 -0.019490092637820533 0.045979797501773945 0.0009296954604587349
883 467 1000 1744 930 201 581 581 1047 271 1000 1288 1838 938|0.05 -0.017572989570314723 0.11460634295936689 0.009502146074293893
555 955 259 192 888 1666 555 844 955 955 446 990 896 1756|0.05 -0.10950232193780662 -0.05462217163763827 -0.6716190574383818
1053 1185 228 528 1132 658 307 1132 1974 1132 658 1326 1459 1242|0.05 -0.044439275112967414 -0.11803224468971973 -0.06484920606203537
888 844 192 526 888 888 526 753 888 528 192 896 639 1256|0.05 -0.04698571703154686 0.004918175957362436 -0.02307277613002312
1434 1690 1903 366 366 1690 1690 1000 1006 1690 1605 1216 1065 1158|0.05 -0.19857546929286762 0.058837972602017174 -0.20272394121704673
1605 1690 1006 366 366 1690 1690 1000 1903 1690 1434 2556 1065 2128|0.05 -0.16406375564640974 0.06003651627974227 -0.22357902336724966
1681 1426 364 994 1681 1681 994 1596 1681 1892 364 1712 2542 2377|0.05 -0.041131679645843855 0.027330054617038524 -0.018045335819973918
526 753 888 888 192 192 888 844 526 528 888 1447 1118 560|0.05 -0.011448204449665544 0.143134197821837 0.050418049942733134
950 217 1126 1000 1000 592 592 1000 595 217 848 1259 1414 1512|0.05 -0.04209644694820325 0.01749873997356266 -0.005108816235356306
994 1596 1681 1681 364 364 1681 1426 994 1892 1681 655 1152 1059|0.05 -0.0409851967520114 0.1124000021403293 0.08688315524435941
848 217 595 1000 1000 592 592 1000 1126 217 950 685 1414 719|0.05 -0.035919186685959836 0.03856195327446965 0.002150124752846594
1104 533 1000 1000 1104 1104 1000 533 1104 67 1000 1133 1133 1694|0.05 -0.002358856120225905 0.02471183670389454 -0.0021463676442945445
533 1104 67 1000 1000 1104 1104 1000 1000 1104 533 1133 1414 1414|0.05 -0.029288884314958574 -0.2255440934057118 -0.0037237558752123423
1000 533 1104 1104 1000 1000 1104 533 1000 67 1104 1414 1414 1414|0.05 -0.00253160167677402 0.02493148669243661 0.00039012672541582916
483 906 60 1000 1000 906 906 1000 906 906 483 908 1535 1027|0.05 -0.032112460460502756 -0.281612740177134 -0.00683598811732633
1744 1000 581 467 1000 1000 467 961 581 961 39 1419 1151 1419|0.05 -0.03197661834593579 0.11955242027573476 -0.056990608133081766
803 67 803 1720 1720 1654 1654 3000 1720 1000 1720 843 2441 1980|0.05 -0.14549209397004215 -0.05320464901410693 -0.03196688792804325
573 333 573 573 573 551 551 333 268 22 268 814 814 710|0.05 -0.0043144739883482774 0.034993093533657316 -0.018578549419265844
1720 3000 1720 803 803 1720 1720 67 1654 1000 1654 2441 843 1980|0.05 -0.03332573529291172 0.02584337656932556 -0.00822502361605304
1000 961 467 581 1744 581 39 1000 1000 961 467 1151 1419 1419|0.05 -0.08045326949175369 0.02173248968396102 -0.073955308964202
1246 1000 83 2060 2143 2143 2060 2143 3737 2143 1246 1050 2653 3041|0.05 -0.05945526674503432 -0.27511822155847687 0.026287303647472005
1000 467 961 581 1744 581 39 1000 1000 467 961 1151 1419 1419|0.05 -0.038232783186166186 0.09760175817777439 -0.07473092263601933
40 1000 605 1040 485 485 1040 1040 605 1040 1814 1012 1197 510|0.05 -0.07994885581422251 0.16633707928360275 0.03158082497078052
1744 1000 581 961 1000 1000 961 467 581 467 39 1419 1151 1419|0.05 0.008283772594217531 0.14064455723713953 0.014723883933589477
1654 67 1654 1720 1720 803 803 3000 1720 1000 1720 1674 2441 1980|0.05 -0.10434319276551474 0.07191436824331987 0.012299976964496029
2032 1000 271 144 269 269 144 927 1651 927 68 1245 859 1851|0.1 -0.028077406749023037 0.08111947160764466 -0.02674977757967656
492 133 492 133 133 71 71 812 456 33 456 613 911 539|0.1 -0.022083725363740703 0.028931329780821358 0.006559868725515283
144 927 269 2032 271 68 1651 1000 144 927 269 1095 1245 197|0.1 0.034282381349928226 0.1519897114120239 0.052897460965066756
133 812 133 492 492 456 456 133 71 33 71 911 613 539|0.1 0.009362970027630979 0.014782682585443574 -0.0413423182793804
1886 1000 471 6452 6960 6960 6452 1875 14142 1875 11490 1374 7623 8667|0.1 0.026475219421382423 0.7357809271566329 0.030459512518459242
561 41 561 163 163 87 87 1231 606 164 606 597 1121 520|0.1 -0.039670567640044396 0.018858933937255795 0.007231527097038004
6960 1875 6452 471 1886 14142 11490 1000 6960 1875 6452 7623 1374 8667|0.1 -0.21128009501868772 0.008878005506098852 -2.5662712361408477
1781 1000 73 155 291 291 155 1079 2192 1079 292 1063 1182 1997|0.1 -0.014250812131704205 0.11009427916954584 -0.02060503677108083
1169 1000 156 935 1753 1753 935 575 1169 575 156 1087 1098 2107|0.1 -0.03152924738012097 0.05540395353892835 -0.045007191079771136
615 1875 1070 167 167 1250 1250 1000 615 1875 1070 1174 1014 766|0.1 -0.28551823071589544 -0.04951159315658149 -0.4574051715623695
1070 1875 615 167 167 1250 1250 1000 1070 1875 615 1973 1014 1163|0.1 -0.2352052823308881 -0.035909045378027526 -0.5332512650744103
2032 1000 271 1625 3048 3048 1625 1739 2032 1739 271 1245 3208 3663|0.1 -0.03866172132557466 -0.007115634042855756 -0.030388441774084063
935 575 1753 1169 156 156 1169 1000 935 575 1753 1845 1087 948|0.1 -0.041215038334778686 0.13911659114362207 0.09519185429871735
856 133 856 1500 1500 800 800 1000 492 133 492 930 1803 1579|0.1 -0.03313325280001278 0.029354262641461126 0.0016972860122077549
1625 1739 3048 2032 271 271 2032 1000 1625 1739 3048 1908 1245 1648|0.1 0.0014798875871591122 0.09400415287731834 0.07479082895046174
492 133 492 1500 1500 800 800 1000 856 133 856 613 1803 939|0.1 -0.027441956892825248 0.023291502805826703 0.006799442356013596
2121 1225 2828 1768 354 354 1768 1000 2121 1225 2828 2345 1275 2151|0.1 -0.049160747026656404 0.11006545123133371 0.07753413513789109
1732 816 2309 1443 289 289 1443 1000 1732 816 2309 2449 1190 1756|0.1 0.022024585604956126 0.09838905399993658 0.06510910564322403
577 1333 471 167 167 833 833 1000 577 1333 471 1414 1014 687|0.1 -0.18709225163363707 -0.020679767683299266 -0.4473499667886094
471 1333 577 167 167 833 833 1000 471 1333 577 1106 1014 601|0.1 -0.12876418164715298 -0.004605150754659615 -0.3729254740713661
1853 1875 2483 1443 289 2165 4330 1000 1853 1875 2483 1477 1190 2014|0.1 -0.11326032005142816 0.12522420070892215 0.1361196856082958
540 1340 1012 1169 156 779 2337 1000 540 1340 1012 797 1087 642|0.1 -0.07952848242067878 0.11945141375544255 0.08745875488663346
2828 5000 2828 530 530 2828 2828 250 2604 1000 2604 3606 729 2828|0.1 0.013542221624371908 0.09523509680126052 0.025378237383579805
530 250 530 2828 2828 2604 2604 5000 2828 1000 2828 729 3606 2828|0.1 -0.17986244737172474 -0.15404777410809367 -0.02316414720732518
1768 1000 354 921 1000 1000 921 187 354 187 88 1275 1000 1275|0.1 0.0044665615913919154 0.17396065321676035 0.026608850324125743
96 1000 384 1086 204 204 1086 1086 384 1086 1920 1018 1086 280|0.1 -0.052142385957416604 0.2746986738395907 0.07021401994553145
1305 1875 1768 1225 230 431 2296 604 1273 1133 1444 1398 1195 1275|0.1 -0.04446205403706105 0.14602580108709518 0.19435446946404866
1437 1355 766 176 330 1760 938 975 868 1107 463 1972 977 1016|0.1 -0.1111533643127749 -0.051996066909223426 -0.6994461358553417
475 1135 890 338 180 962 1804 1025 786 1389 1473 1046 1001 939|0.1 -0.11451458404354464 0.07296944178764253 -0.11843035795965573
1123 533 1275 2027 380 203 1081 1655 1152 882 1560 1604 1170 1125|0.1 -0.016926548038332934 0.13606671086867417 0.027190383272024388
371 682 371 91 91 682 682 1000 371 682 371 905 1004 447|0.1 -0.10868726848121901 -0.012070965323597305 -0.6632779279155776
91 1000 91 371 371 371 371 682 682 682 682 1004 905 447|0.1 0 0 0
371 682 371 91 91 682 682 1000 371 682 371 905 1004 447|0.1 -0.14423467574678162 -0.025958625077775466 -0.6217267127769688
91 1000 91 371 371 371 371 682 682 682 682 1004 905 447|0.1 0 0 0
2693 1000 1836 1836 245 245 1836 1000 2693 1000 1836 2438 1204 2704|0.1 0.019838236746725357 0.16417051273335037 0.0737731176687606
1000 1000 1000 545 545 545 545 133 1467 133 1467 1414 656 1328|0.1 0 0 0
2693 1000 1836 1836 245 245 1836 1000 2693 1000 1836 2438 1204 2704|0.1 0.0035620672376612816 0.17739718883209799 0.08319888165715605
1000 1000 1000 545 545 545 545 133 1467 133 1467 1414 656 1328|0.1 0 0 0
354 1000 1768 1768 1972 1972 1768 125 1591 125 1768 1275 1772 2110|0.1 0.0025929827100612535 0.02606669324992872 0.014427797863405534
1000 1000 1000 566 71 71 566 1116 900 1116 200 1414 1002 951|0.1 0.004186307949800572 0.08416026190338544 0.09137843288127057
79 1111 79 1240 1240 1111 1111 222 629 1111 629 1057 1326 1114|0.1 -0.029043143010440975 0.010641780726530214 -0.014210949997851552
1240 222 1240 79 79 629 629 1111 1111 1111 1111 1326 1057 1114|0.1 -0.17362724511011174 -0.0048407093058100426 -0.7622458420296929
493 188 816 2309 1155 938 1155 1000 493 188 816 976 1915 1152|0.1 -0.035228570125906966 0.04807165925465373 0.012964353746263146
707 2000 707 162 162 866 866 812 427 1000 427 1581 916 500|0.1 -0.13584196489243583 0.04429395898415178 -0.2534701648780291
1901 1000 2340 2027 380 380 2027 1655 2340 1655 4680 2334 1170 2143|0.1 -0.07510863729638939 0.1972733375523661 0.09063260983694477
2027 1655 380 1901 2340 4680 2340 1000 2027 1655 380 1977 2334 3881|0.1 -0.023591952200409105 0.026908334382234056 -0.05317378087575486
493 188 816 1443 866 180 289 816 752 153 816 976 1658 561|0.1 -0.030355303447499038 0.09048995949939354 0.007428794391921567
4910 5333 5333 1886 1179 5657 9428 1225 3223 6532 5333 5333 1546 3667|0.1 -0.12556309082995099 0.10085552520427532 0.022000972410234354
380 1655 2027 1755 366 585 2925 1523 310 1655 1655 1170 1138 480|0.1 -0.06283111614948322 0.13947135905037822 0.0909130638791078
1086 1086 204 240 1152 1920 384 656 1330 1086 249 1201 747 2206|0.1 -0.08016910292516388 -0.1534561440237292 -0.5437979722727593
289 1000 1443 1443 1179 1179 1443 125 1299 125 1443 1190 1519 1329|0.1 -0.016358674559813213 0.06315891364505832 0.021400185058995103
1000 1000 1000 693 87 87 693 817 900 817 200 1414 1052 953|0.1 0.021462491971491193 0.09269552062741493 0.0782015778348244
96 1111 96 908 908 1111 1111 222 770 1111 770 1058 1023 1169|0.1 -0.06759205727519313 0.26055672174672084 0.04020201097859166
908 222 908 96 96 770 770 1111 1111 1111 1111 1023 1058 1169|0.1 -0.18305788978584703 -0.01734659906328928 -0.7680803562749228
1487 1875 2142 1152 240 2610 4320 656 1383 1231 1569 1169 1194 1584|0.1 -0.18001083033062248 0.06056394409792665 0.10464760717495913
475 1135 890 1888 174 833 3125 1075 723 1549 1356 1046 1145 864|0.1 -0.0989049203228698 0.14650052939488845 0.12228292146652109
629 533 770 1443 289 828 1443 1000 629 533 770 1162 1190 797|0.1 -0.052972226801557554 0.10773255053504682 0.02556244875679292
1590 1224 848 1316 459 2295 2295 1000 1590 1224 848 1848 1266 1892|0.1 -0.0691183946687679 0.05709786328784272 0.006505288050486779
1875 1875 2432 1316 459 3442 5049 1000 1875 1875 2432 1627 1266 2257|0.1 -0.1577623235614456 0.046636388341827484 0.012948295022703338
533 1297 1000 1836 245 702 2693 1000 533 1297 1000 868 1204 675|0.1 -0.08487216180372847 0.10810095393950281 0.11970619071579813
696 533 943 1225 230 122 653 604 679 322 770 1373 1195 734|0.1 -0.005521740392518959 0.1417396411112093 0.014886576886621317
766 1355 1437 330 176 938 1760 975 463 1107 868 1071 1055 542|0.1 -0.1384488402338957 0.07647905582344183 -0.09011570247488443
890 1135 475 180 338 1804 962 1025 1473 1389 786 1428 1082 1760|0.1 -0.13025615654867817 -0.0692488726046403 -0.7379666674981411
2106 1875 2390 2027 380 712 3800 1655 2159 3103 2925 2203 1170 2279|0.1 0.017204200871923092 0.12497578786505148 0.1371271798207796
246 1000 246 67 67 500 500 1000 246 1000 246 1030 1002 306|0.1 -0.14597327729742982 0.004868156263873047 -0.633819033549422
246 1000 246 67 67 500 500 1000 246 1000 246 1030 1002 306|0.1 -0.1514278429909055 0.01783523242039342 -0.5533970886677753
4064 1000 4064 2032 271 271 2032 1000 4064 1000 4064 4185 1245 4073|0.1 -0.017021573447993932 0.14173609224745531 0.09586870895692101
4064 1000 4064 2032 271 271 2032 1000 4064 1000 4064 4185 1245 4073|0.1 -0.009736219691249826 0.18140987604366554 0.07407988806017896
948 1000 126 758 1422 1422 758 516 948 516 126 1058 711 1709|0.1 -0.025013854274068548 0.030540481585681345 -0.045167512820324385
681 1875 1319 167 167 1250 1250 1000 681 1875 1319 938 1014 820|0.1 -0.27221792985757 0.012150526687868535 -0.47970305521939927
1319 1875 681 167 167 1250 1250 1000 1319 1875 681 2252 1014 1396|0.1 -0.18737676127102532 -0.02909494971183979 -0.49221058034235377
1836 1000 245 1469 2754 2754 1469 1937 1836 1937 245 1204 3308 3310|0.1 -0.015150358222979499 0.07977939614169927 -0.03623651713790865
758 516 1422 948 126 126 948 1000 758 516 1422 1708 1058 769|0.1 -0.0033297959781675157 0.12973940254372485 0.07019776202725758
1055 133 1055 1500 1500 800 800 1000 545 133 545 1117 1803 1802|0.1 -0.03802367971535214 0.026698525161685804 0.003066731782808141
1469 1937 2754 1836 245 245 1836 1000 1469 1937 2754 1378 1204 1489|0.1 0.009911978637224816 0.11094377768268382 0.07587268905065558
545 133 545 1500 1500 800 800 1000 1055 133 1055 656 1803 751|0.1 -0.025028892113757584 0.01738379796646594 0.008325415250871604
2032 1000 271 176 330 269 144 975 1841 1049 169 1245 977 2050|0.1 -0.022967762126860913 0.11333278844396055 -0.03355939898277538
5543 1875 5683 1540 962 10464 11547 816 5961 1531 5683 5551 1743 6789|0.1 -0.21260833204779894 -0.0007737264206497674 -0.4066590433215578
492 133 492 162 133 71 87 906 516 83 480 613 1009 473|0.1 -0.026151706280213016 0.030287770172376938 0.0010581794161557134
176 975 330 2032 271 169 1841 1000 144 1049 269 1055 1245 307|0.1 0.019347361369190796 0.14573740275937386 0.06575635430349891
530 92 570 146 179 96 78 1103 543 147 543 649 1113 530|0.1 -0.038984778580689605 0.034517305297976364 -0.005163360778074333
137 953 257 1756 161 258 1937 930 168 953 315 1067 1139 292|0.1 -0.03706852126153737 0.14088219565965288 0.09080104318407889
6960 1875 7300 1179 1886 14142 12816 1225 6960 2296 6789 6692 2134 8667|0.1 -0.28597479737311415 0.016296842517193877 -0.8176217480718107
1756 930 161 137 257 315 168 953 1937 953 258 1065 917 1954|0.1 -0.011666824295799572 0.1531375100474519 -0.02161863062021152
314 865 284 77 77 577 577 1000 314 865 284 911 1003 378|0.1 -0.15607957839725572 -0.0017854124038751973 -0.5620357701839884
77 1000 77 284 314 314 284 865 577 865 577 1003 911 378|0.1 0 0 0
284 865 314 77 77 577 577 1000 284 865 314 1040 1003 354|0.1 -0.16539565193127603 -0.00982279212450421 -0.6093356278102424
77 1000 77 314 284 284 314 865 577 865 577 1003 1040 354|0.1 0 0 0
3522 1107 3048 2032 271 271 2032 1000 3522 1107 3048 3661 1245 3532|0.1 0.0312515948355907 0.1761818557806838 0.05588555950132301
1500 1000 1500 492 492 545 545 133 1733 133 1733 1803 613 1802|0.1 0 0 0
3182 904 2754 1836 245 245 1836 1000 3182 904 2754 2898 1204 3192|0.1 -0.00418713238116486 0.1707851176242925 0.08056007772527574
1500 1000 1500 545 545 492 492 133 1733 133 1733 1803 656 1579|0.1 0 0 0
1305 1875 1768 1000 187 352 1875 921 1369 1726 1972 1398 1106 1461|0.1 0.030395530226383638 0.18582787000789525 0.1430152472207591
1437 1355 766 144 269 1437 766 1049 1323 1511 705 1972 1119 1437|0.1 -0.133517109128809 -0.04864571611839841 -0.6780863199648113
673 1441 1261 257 137 731 1370 953 731 1291 1370 786 1067 808|0.1 -0.15295155772401925 0.0815271983938981 -0.06175428873707367
793 533 1143 1086 204 109 579 1086 756 579 1024 1616 1086 846|0.1 -0.020433178482273107 0.15166141269395972 0.01971849577214524
696 533 943 1000 188 100 533 921 645 491 696 1373 1106 762|0.1 -0.02183168783115197 0.13916114985499162 0.028036969766283004
766 1355 1437 269 144 766 1437 927 705 1000 1323 1071 1095 766|0.1 -0.12588768859895905 0.05691965860755488 -0.12280924064638321
1427 1079 761 155 291 1550 827 1079 1550 1461 827 1561 1182 1714|0.1 -0.15257255575326645 -0.09085285249038177 -0.7652261183296682
1314 1875 1417 1086 204 382 2037 1086 1417 2037 1920 1811 1086 1552|0.1 -0.0507278059716787 0.13766516845457488 0.20186359391874742
1305 1875 1768 1000 187 352 1875 921 1210 1726 1305 1398 1106 1120|0.1 -0.0028529928993448195 0.1544739284887009 0.17324943124080505
1437 1355 766 144 269 1437 766 927 1323 1000 705 1972 859 1437|0.1 -0.1333637629998463 -0.062351571350498514 -0.7009938647850344
761 1079 1427 291 155 827 1550 1079 827 1461 1550 1378 926 914|0.1 -0.15790829613648305 0.08588610743573977 -0.06092800218881589
701 533 756 1086 204 109 579 1086 756 579 1024 1094 1086 649|0.1 -0.03547554191725255 0.1123945091942935 0.04292920022881619
1781 1000 73 761 1427 1427 761 1079 2192 1079 292 1063 1561 2437|0.1 -0.02012197401143001 0.07699814325639043 -0.020455814022072305
1417 1875 1314 96 384 2880 2340 1000 1417 1875 1314 2051 1018 1765|0.1 -0.32858310002039204 -0.03851457255147017 -2.73444765811091
384 1000 96 1314 1417 1417 1314 1875 2880 1875 2340 1018 2051 1765|0.1 0.026273099014819667 0.6063009194708724 0.023281832639898692
2032 1000 271 705 1323 1323 705 927 1651 927 68 1245 1277 2259|0.1 -0.014163134932605459 0.16687190613525082 -0.022822890796193596
651 812 651 492 492 456 456 133 347 33 347 1112 613 712|0.1 0.003160333973952767 0.016288428849202674 -0.016928802193790782
561 41 561 801 801 427 427 1231 606 164 606 597 1368 774|0.1 -0.04117240194400962 0.024434469522491842 0.008184058043914089
705 927 1323 2032 271 68 1651 1000 705 927 1323 1447 1245 718|0.1 0.024571307901959383 0.13036460317299658 0.05071903402681599
492 133 492 651 651 347 347 812 456 33 456 613 1112 712|0.1 -0.01570810618846674 0.01603043593016107 0.009240623550927918
707 2000 707 133 162 866 707 906 427 1500 651 1581 916 500|0.1 -0.16667347665797472 -0.034047413091580214 -0.4270348213410069
2121 1523 3510 2027 380 310 1655 1655 2340 1655 4680 2535 1170 2143|0.1 0.005826275678715298 0.1806164697320889 0.07196439939402888
4596 1225 5303 1768 354 354 1768 1000 4596 1225 5303 4704 1275 4610|0.1 -0.010917777440430099 0.13755720302345065 0.08251104354930483
3753 816 4330 1443 289 289 1443 1000 3753 816 4330 4406 1190 3764|0.1 0.016379382777085283 0.15861178893598504 0.07313840692245943
266 1154 218 77 77 385 385 1000 266 1154 218 1174 1003 317|0.1 -0.142901965275124 0.017871508665403546 -0.3041464292258933
218 1154 266 77 77 385 385 1000 218 1154 266 1023 1003 277|0.1 -0.1565829912044825 0.014844991328164525 -0.3112692139562434
3175 1000 4330 1443 289 289 1443 1000 3175 1000 4330 3841 1190 3189|0.1 -0.08883689586543064 0.10709896539440988 0.10978110215594361
3175 1000 4330 1443 289 289 1443 1000 3175 1000 4330 3841 1190 3189|0.1 0.038315109184741125 0.1481868571243683 0.04523640239358695
315 1364 315 91 91 455 455 1000 315 1364 315 1209 1004 375|0.1 -0.15445933353682495 -0.021429293552803763 -0.4499918182965479
315 1364 315 91 91 455 455 1000 315 1364 315 1209 1004 375|0.1 -0.17372485334072985 0.009404535620927135 -0.3356680107952237
1000 1000 1000 693 87 693 1299 817 817 817 817 1414 1052 825|0.1 -0.050904551179458135 0.11498221796077956 0.033396528522866564
1000 1000 1000 848 106 848 1590 1224 1224 1224 1224 1731 1009 1288|0.1 -0.09842429334752767 0.10151823826841655 0.08722506677692365
1000 1000 1000 908 908 908 908 222 2444 222 2444 1414 1023 1808|0.1 0 0 0
2693 1000 1102 1102 245 245 1102 1000 2693 1000 1102 1992 1127 2704|0.1 0.002019206837016174 0.19775286954472948 0.09244135870726256
908 222 908 1000 1000 2444 2444 1000 908 222 908 1023 1414 1808|0.1 -0.048256895971124925 0.0034242891087643557 -0.17707463802085988
1000 1000 1000 908 908 908 908 222 2444 222 2444 1414 1023 1808|0.1 0 0 0
908 222 908 1000 1000 2444 2444 1000 908 222 908 1023 1414 1808|0.1 -0.03797813427445229 -0.05024043995711214 -0.1260630856023337
2693 1000 1102 1102 245 245 1102 1000 2693 1000 1102 1992 1127 2704|0.1 0.0032044278263421155 0.16005155075134114 0.08049029824909404
91 1000 91 371 371 371 371 409 409 409 409 1004 740 418|0.1 0 0 0
1102 1000 245 2693 1102 1102 2693 1000 1102 1000 245 1127 1992 1558|0.1 0.024620472981757846 0.3012095072602272 0.06665753595678447
371 409 371 91 91 409 409 1000 371 409 371 740 1004 418|0.1 -0.07162855665193368 -0.04810887148754217 -0.4073481377815824
91 1000 91 371 371 371 371 409 409 409 409 1004 740 418|0.1 0 0 0
1102 1000 245 2693 1102 1102 2693 1000 1102 1000 245 1127 1992 1558|0.1 0.03237154983498858 0.3342904682548342 0.04719250535756725
371 409 371 91 91 409 409 1000 371 409 371 740 1004 418|0.1 -0.0747544470192052 -0.022316058024749452 -0.3864480355485733
1000 1000 1000 1102 245 1836 2693 1000 1000 1000 1000 1002 1127 1204|0.1 -0.07718758089483746 0.02733375013580952 0.0009900546151708767
1000 1000 1000 1836 245 1102 2693 1000 1000 1000 1000 1002 1204 1127|0.1 -0.014455752266032684 0.0637139436953893 0.056074753808699196
1052 533 943 1768 354 1014 1768 1000 1052 533 943 1083 1275 1210|0.1 -0.055858777548167815 0.06391782216978781 0.0234093086805931
951 896 507 963 336 1680 1680 1000 951 896 507 1030 1151 1212|0.1 -0.11182349432429017 -0.02914909180253944 0.021786447177543078
1169 1000 156 623 1169 1169 623 637 1169 637 156 1087 674 1653|0.1 -0.005787912231794978 0.24793063189298525 -0.0013293594914964846
1021 1875 1604 250 250 1875 1875 1000 1021 1875 1604 1081 1031 1230|0.1 -0.26781241825828417 0.026053066642051093 -0.3824683250491523
1604 1875 1021 250 250 1875 1875 1000 1604 1875 1021 2490 1031 1744|0.1 -0.23363772043195175 -0.05347369091327048 -0.5368232886080149
1836 1000 245 979 1836 1836 979 1571 1836 1571 245 1204 2438 2596|0.1 -0.02174099544502761 0.09138696968920224 -0.0385685248372869
623 637 1169 1169 156 156 1169 1000 623 637 1169 1552 1087 642|0.1 0.0011159890258682914 0.09975031671066725 0.07023038391592129
856 133 856 1000 1000 533 533 1000 545 133 545 930 1414 1328|0.1 -0.032582843855419874 0.037264647767145664 0.002526191822711521
979 1571 1836 1836 245 245 1836 1000 979 1571 1836 1058 1204 1009|0.1 -0.04575658006252925 0.14876688190273546 0.08665400264834977
545 133 545 1000 1000 533 533 1000 856 133 856 656 1414 576|0.1 -0.03327689359555852 0.03814233711890713 -0.002096093002807997
1241 1875 1607 963 336 2521 3697 1000 1241 1875 1607 1491 1151 1545|0.1 -0.13502006837031844 0.09786713419264848 0.01621697639945463
806 1295 1511 2032 271 777 2980 1000 806 1295 1511 1202 1245 927|0.1 -0.10494113192241139 0.1052292344390815 0.14707434538480557
1000 1000 1000 693 87 71 566 817 950 738 600 1414 1052 1002|0.1 0.006520136044330105 0.12037324948650507 0.08584919514138978
1000 1000 1000 87 71 566 693 950 738 600 817 1414 1002 721|0.1 -0.09004480951871341 0.007892881221907011 -0.7080011868275837
87 950 71 1000 1000 817 738 1000 693 600 566 953 1414 825|0.1 0.001656778752294752 -0.03587685829567144 0.0032545583299725678
1061 1225 1768 1768 1305 1444 1768 125 1679 153 1768 1458 1858 2127|0.1 0 0 0
1443 816 866 1179 1443 1443 1066 125 1443 102 1371 1190 1190 2041|0.1 0.00048723102762382453 -0.06437014460590862 -0.022839631107937075
74 1053 91 860 777 1053 1053 632 595 1053 729 1003 1266 1107|0.1 0 0 0
860 632 777 74 91 729 595 1053 1053 1053 1053 1001 1055 1108|0.1 -0.15925456799630755 -0.002589252724661817 -0.7578272867723101
1287 1107 813 766 96 117 938 1355 1355 1355 1355 1630 977 1358|0.1 -0.018122274639853497 0.21909645306855907 0.10435058512607842
71 950 87 1000 1000 738 817 1000 566 600 693 1002 1414 721|0.1 0.018744055682173855 0.20762046386130661 0.033519651408984164
866 816 1443 1443 1179 1066 1443 125 1371 102 1443 1658 1519 1373|0.1 0 0 0
1000 1000 1000 566 71 87 693 738 950 817 600 1414 1051 953|0.1 -0.003752579894827912 0.10120274259225015 0.09332993467406236
1000 1000 1000 71 87 693 566 950 817 600 738 1414 953 825|0.1 -0.08573114260410741 0.011833117107860058 -0.6947496790129692
777 632 860 91 74 595 729 1053 1053 1053 1053 1266 1003 1107|0.1 -0.14163245177265527 -0.02106631251445501 -0.755364921930225
1163 904 734 848 106 87 692 1224 1224 1224 1224 1164 1009 1166|0.1 -0.009229050053061183 0.20155027569017436 0.09274334095885184
1768 1225 1061 1305 1768 1768 1444 125 1768 153 1679 2031 1275 2500|0.1 0.005395275031256919 -0.018397470629419876 -0.014577853102586413
91 1053 74 777 860 1053 1053 632 729 1053 595 1055 1001 1108|0.1 0 0 0
1000 1000 1000 566 71 566 1061 738 1116 738 1116 1414 1051 1149|0.1 -0.079136189240685 0.09112182959778004 0.0650400404278706
662 1000 662 507 63 507 951 896 896 896 896 1267 1030 942|0.1 -0.09854664454881035 0.07214447576008531 0.09181675249364973
1000 1000 1000 566 71 566 1061 1116 738 1116 738 1414 1002 721|0.1 -0.06376361091974148 0.10281008015354365 0.05860752507095057
1511 1000 1511 766 96 766 1437 1355 1355 1355 1355 1916 977 1358|0.1 -0.09862680639429522 0.0693956049537392 0.08444976702999929
1056 1000 1056 908 908 1240 1240 222 2889 222 2889 1454 1023 2235|0.1 0 0 0
3182 1366 1163 1102 245 245 1102 1000 3182 1366 1163 2462 1127 3192|0.1 0.032729512395159865 0.23296442040716014 0.05387095841355771
908 222 908 1056 1056 2889 2889 1000 1240 222 1240 1023 1454 2235|0.1 -0.059930588908051474 -0.053810534844067615 -0.23943762503602306
1056 1000 1056 1240 1240 908 908 222 2889 222 2889 1454 1326 1861|0.1 0 0 0
1240 222 1240 1056 1056 2889 2889 1000 908 222 908 1326 1454 1861|0.1 -0.0416703719258682 -0.06610155175959642 -0.1576229699260634
2330 732 851 807 179 179 807 1000 2330 732 851 1501 1070 2337|0.1 0.04844384066439167 0.30809787764562335 0.04113931645663982
77 1000 77 314 429 429 314 365 346 365 346 1003 644 459|0.1 0 0 0
1102 1000 245 3182 1163 1163 3182 1366 1102 1366 245 1127 2050 1602|0.1 0.023993392676446845 0.30129025512264596 0.06402782808995866
429 365 314 77 77 346 346 1000 429 365 314 644 1003 459|0.1 -0.07241764463099098 -0.034663027513923694 -0.3350633296909722
77 1000 77 429 314 314 429 365 346 365 346 1003 774 354|0.1 0 0 0
807 1000 179 2330 851 851 2330 732 807 732 179 1070 1803 1173|0.1 0.06550010966210662 0.45900447513608444 0.029715318291454462
314 365 429 77 77 346 346 1000 314 365 429 774 1003 354|0.1 -0.053853929819247526 -0.053700645950897075 -0.39135740890362314
1043 1875 1549 1403 281 2105 4210 1000 1043 1875 1549 1211 1181 1296|0.1 -0.1760598592415541 0.08869625581761076 0.16678819216604523
959 1484 1797 2018 269 1345 4035 1000 959 1484 1797 1161 1242 1132|0.1 -0.11444088420452192 0.11195547431851471 0.12702249970395707
2798 1875 3041 1768 354 2652 5303 1000 2798 1875 3041 2842 1275 2961|0.1 -0.05287653279420823 0.14440875501345873 0.08717794199890827
357 1087 670 948 126 632 1895 1000 357 1087 670 1016 1058 456|0.1 -0.10694897484504917 0.13362321467113025 0.11066458747708063
2828 5000 2828 650 650 3464 3464 250 1709 1000 1709 3606 820 2000|0.1 -0.10343284693589805 0.08438283641668765 -0.036139536412614914
650 250 650 2828 2828 1709 1709 5000 3464 1000 3464 820 3606 2000|0.1 -0.17429071842971156 -0.1431320363792854 -0.020203350933257758
1443 1000 289 493 816 816 493 188 289 188 72 1190 577 1041|0.1 0.005695679345505411 0.18580445000072388 0.026696683136986366
146 1000 585 2027 380 380 2027 1655 585 1655 2925 1042 1170 480|0.1 -0.05032595472031387 0.4214933502328133 0.05994159295880763
2032 1000 271 176 330 330 176 975 1651 975 68 1245 977 1861|0.1 -0.032617947695752214 0.03183855121281276 -0.0290514326464153
492 133 492 162 162 87 87 812 480 33 480 613 916 519|0.1 -0.019466165788212253 0.014152029470351213 0.0037910108105077
176 975 330 2032 271 68 1651 1000 176 975 330 1055 1245 222|0.1 0.03964679326970533 0.11069503406439196 0.045267243513811284
162 812 162 492 492 480 480 133 87 33 87 916 613 519|0.1 0.011547722879654554 0.019737144198874734 0.0031455284924852833
1540 1000 385 5543 5683 5683 5543 1875 11547 1875 9382 1262 5997 7076|0.1 -0.08397469743777752 -0.937827246236751 -0.018396931701635255
591 41 591 200 200 107 107 1231 606 164 606 625 1127 592|0.1 -0.0409846570608674 0.006598250344227452 0.0006221223504865314
5683 1875 5543 385 1540 11547 9382 1000 5683 1875 5543 5997 1262 7076|0.1 -0.28084614674401265 0.011927693508977377 -2.879205249384519
1692 1000 69 180 338 338 180 1025 2083 1025 278 1057 1082 1908|0.1 -0.03027073893139942 -0.1796874735289289 -0.025405908588173043
1692 1000 69 475 890 890 475 1135 2083 1135 278 1057 1428 2078|0.1 -0.01621479636659595 -0.03843637471760197 -0.027427545880389648
2390 1875 2106 146 585 4388 3565 1000 2390 1875 2106 3007 1042 2877|0.1 -0.2529671112975551 0.003588698789671607 -2.8777688615526986
585 1000 146 2106 2390 2390 2106 1875 4388 1875 3565 1042 3007 2877|0.1 -0.024156447911717338 -0.06613849766218038 0.014878160747047176
1836 1000 245 418 785 785 418 881 1492 881 61 1204 922 1831|0.1 -0.01867816333281702 0.11642547778250467 -0.026315621920266485
427 812 427 545 545 480 480 133 228 33 228 998 656 685|0.1 0.0045564145473164785 0.013690223429345671 -0.048206720066491515
591 41 591 526 526 281 281 1231 670 164 670 625 1228 618|0.1 -0.03945266313965745 0.02320826961293987 0.005092023750972174
418 881 785 1836 245 61 1492 1000 418 881 785 1258 1204 436|0.1 0.0643722858859408 0.08878952056277534 0.03306133434645808
545 133 545 427 427 228 228 812 480 33 480 656 998 685|0.1 -0.015602037136506208 0.01642451732368544 0.006803503076064921
921 187 1000 2828 1414 1149 1414 1000 921 187 1000 1106 2236 1572|0.1 -0.03527960763188953 0.03132948206051589 0.020787221648697063
707 2000 707 133 133 707 707 812 651 1000 651 1581 911 707|0.1 -0.14463342954356917 0.01686729560576028 -0.16993713585435666
1248 1000 1536 1086 204 204 1086 1086 1536 1086 3072 1708 1086 1399|0.1 0.01632695397565831 0.09973416331082285 0.05172195956211878
1086 1086 204 1248 1536 3072 1536 1000 1086 1086 204 1201 1708 2429|0.1 -0.013114494967383372 0.15805141955964608 -0.023597715744961834
696 533 943 1000 188 100 533 921 730 491 1052 1373 1106 669|0.1 -0.01909108482467836 0.14610311774985174 0.020555554386940678
766 1355 1437 269 144 766 1437 1049 705 1511 1323 1071 961 766|0.1 -0.14336616484499354 0.09288379540110414 -0.07922400759344028
1261 1441 673 137 257 1370 731 953 1370 1291 731 2038 917 1515|0.1 -0.1432533262784541 -0.09858312822960569 -0.7779568253153268
1487 1875 2142 1086 204 382 2037 1086 1417 2037 1920 1169 1086 1363|0.1 -0.013121289082578258 0.16616984803444534 0.1689414087491259
921 187 1000 1768 1061 221 354 1225 604 230 1000 1106 1458 1100|0.1 -0.03029843620753203 0.09039301164404101 0.008491820240950076
2632 5333 4355 1540 962 4619 7698 816 4009 4355 4355 3079 1743 4788|0.1 -0.3202285737245847 0.08433510864350957 0.13470510325511054
204 1086 1086 1152 240 384 1920 656 249 1086 1330 1086 1194 435|0.1 -0.11799567353225737 0.15656998700079416 0.155772756338608
2027 1655 380 366 1755 2925 585 1523 1655 1655 310 1977 1819 2412|0.1 -0.10845088257949165 -0.3018394294223026 -0.5802655014940994
2032 1000 271 144 269 330 176 1049 1841 975 169 1245 1119 1861|0.1 -0.024922326541271245 0.03845747328441673 -0.03024181536194326
7300 1875 6960 1886 1179 12816 14142 1225 6789 2296 6960 7792 1546 7776|0.1 -0.2758625492080069 0.011535303765541904 -0.305848318866081
492 133 492 133 162 87 71 906 480 83 516 613 916 519|0.1 -0.02879062091761142 0.028993524494489442 0.0038972176663309988
144 1049 269 2032 271 169 1841 1000 176 975 330 961 1245 222|0.1 0.013727277226049939 0.1194904682685416 0.05404459894136737
570 92 530 179 146 78 96 1103 543 147 543 607 1011 608|0.1 -0.033913246984673684 0.03010338009076241 0.00030854482431452723
180 1025 338 1888 174 278 2083 1075 147 1025 276 1001 1145 228|0.1 -0.05250678752157678 0.14261516248751827 0.10875658289620338
5683 1875 5543 962 1540 11547 10464 816 5683 1531 5961 5997 1262 7076|0.1 -0.3126437576700636 -0.004950375541775687 -1.039400542764819
1888 1075 174 180 338 276 147 1025 2083 1025 278 1225 1082 1908|0.1 -0.0027336900367269656 0.26490530839860194 -0.012242674347192617
2106 1875 2390 1755 366 3976 6581 1523 2265 2856 3264 2203 1138 2580|0.1 -0.11566544254889122 0.11610601714216129 0.0553979814088712
673 1441 1261 1756 161 775 2906 930 442 1055 828 786 1139 502|0.1 -0.10588238205506584 0.11992902961498908 0.14563164300747555
707 2000 707 162 133 707 866 906 651 1500 427 1581 1009 707|0.1 -0.22759519675475626 0.020224099145194074 -0.3035634801617715
1392 656 2304 1086 204 249 1330 1086 1536 1086 3072 2253 1086 1549|0.1 -0.06750644899798486 0.16252116535938832 0.09316090891017703
696 533 943 943 177 94 503 1260 701 672 1040 1373 1016 702|0.1 -0.02956203116563305 0.13361929845156606 0.029486079455589564
766 1355 1437 254 135 722 1355 1007 965 1495 1810 1071 1009 1053|0.1 -0.20018420461037634 0.06869602239607087 -0.010035597132527219
1797 1484 959 135 252 1345 717 993 1427 1345 761 2303 1002 1449|0.1 -0.15118569295701434 -0.11135487189154802 -0.7983496597239015
1043 1875 1549 748 140 263 1403 794 1036 1488 1403 1211 1091 1045|0.1 0.002666614819062385 0.125166961487313 0.15007363130778772
2032 1000 271 135 254 254 135 1007 2032 1007 271 1245 1032 2048|0.1 -0.01258832909776686 0.1770353788010337 -0.016165947762621924
7434 1875 7382 2000 2000 15000 15000 1000 7434 1875 7382 7617 2236 9234|0.1 -0.17891385095432977 -0.04773450140043156 -0.5613845750565949
492 133 492 125 125 67 67 1000 496 133 496 613 1008 497|0.1 -0.03448365283653887 0.006440638257383391 -0.00045023127917431793
135 1007 254 2032 271 271 2032 1000 135 1007 254 1009 1245 303|0.1 0.018113747829962 0.07679943091098762 0.05538103186391696
496 133 496 125 125 67 67 1000 492 133 492 616 1008 508|0.1 -0.035249482210483185 0.021125235815986354 0.004440563042562573
135 993 252 2018 269 269 2018 1000 135 993 252 1025 1242 301|0.1 -0.016715679148636697 0.13600747865999407 0.08061377610299125
7382 1875 7434 2000 2000 15000 15000 1000 7382 1875 7434 7450 2236 9192|0.1 -0.2788596053717818 0.014034807941503136 -0.3042047599625075
2018 1000 269 135 252 252 135 993 2018 993 269 1242 1002 2033|0.1 -0.03458334065042146 0.024858311303948 -0.024272692450720834
1305 1875 1768 943 177 331 1768 1260 1314 2362 1951 1398 1016 1346|0.1 0.02261668814081741 0.17911742067848513 0.14716947264704183
1437 1355 766 135 254 1355 722 1007 1810 1495 965 1972 1032 1975|0.1 -0.12923008788413126 -0.025317259622709143 -0.6470276906602845
959 1484 1797 252 135 717 1345 993 761 1345 1427 1161 1025 773|0.1 -0.11521698302965566 0.057009008376371906 -0.14187736126130557
556 533 826 748 140 75 399 794 553 423 748 1281 1091 570|0.1 -0.012484685253704164 0.15325500540482428 0.018854910937142755
2828 1000 2828 1768 354 354 1768 1000 2828 1000 2828 3000 1275 2850|0.1 0.006733838024017835 0.14229271757615347 0.058861636539178086
2828 1000 2828 1768 354 354 1768 1000 2828 1000 2828 3000 1275 2850|0.1 0.07057391291247272 0.13445265389909755 0.01631138620049377
354 1000 354 125 125 625 625 1000 354 1000 354 1061 1008 451|0.1 -0.1244518556337304 -0.03148661404749009 -0.35184235376546247
354 1000 354 125 125 625 625 1000 354 1000 354 1061 1008 451|0.1 -0.08617347006041998 -0.07760771627123741 -0.4035989530714512
948 1000 126 1011 1895 1895 1011 466 948 466 126 1058 1113 2119|0.1 -0.002942537970308523 0.2393539808613343 -0.007928800518286483
461 1875 989 125 125 938 938 1000 461 1875 989 1101 1008 575|0.1 -0.24246898869664024 0.025854126808653177 -0.5472429586245697
989 1875 461 125 125 938 938 1000 989 1875 461 1931 1008 1047|0.1 -0.2100847622330615 -0.05608414224313463 -0.5768733588170682
2032 1000 271 2167 4064 4064 2167 2144 2032 2144 271 1245 4185 4543|0.1 -0.04150450344223233 0.004169586809175119 -0.029134311892810016
1011 466 1895 948 126 126 948 1000 1011 466 1895 1952 1058 1019|0.1 -0.037135746742378295 0.14253790078230244 0.0879712377609354
1055 133 1055 2000 2000 1067 1067 1000 492 133 492 1117 2236 2060|0.1 -0.03464202511523129 0.03436856212778894 0.0012677937285299201
2167 2144 4064 2032 271 271 2032 1000 2167 2144 4064 2387 1245 2184|0.1 -0.01635996342632784 0.10932680131858774 0.08531024399405229
492 133 492 2000 2000 1067 1067 1000 1055 133 1055 613 2236 1175|0.1 -0.03497082431759391 0.01587958043206994 0.004470334132531395
5303 1000 5303 1768 354 354 1768 1000 5303 1000 5303 5397 1275 5315|0.1 0.018247559104394018 0.09744706865345343 0.052028610764889294
5303 1000 5303 1768 354 354 1768 1000 5303 1000 5303 5397 1275 5315|0.1 0.042628445080610256 0.15998952881471018 0.0237523126802075
189 1000 189 67 67 333 333 1000 189 1000 189 1018 1002 240|0.1 -0.13015856362386224 -0.04751687462094645 -0.4199979357046124
189 1000 189 67 67 333 333 1000 189 1000 189 1018 1002 240|0.1 -0.10770606816123074 -0.05819051567720779 -0.33741011604950466
1875 1000 1875 1875 2069 2069 1875 125 1875 125 1875 2125 1879 2792|0.1 0 0 0
1000 1000 1000 533 67 67 533 1104 1000 1104 1000 1414 1002 1002|0.1 -0.017205400127426884 0.1602181289458926 0.0926988918694649
1000 1000 1000 67 67 533 533 1000 1104 1000 1104 1414 1002 1133|0.1 -0.1639942323830168 0.0032771283652310856 -0.598115963159207
67 1000 67 1000 1000 1104 1104 1000 533 1000 533 1002 1414 1133|0.1 0 0 0
906 1000 906 483 60 60 483 906 906 906 906 1350 1027 908|0.1 0.010030778102301241 0.18141111603502624 0.06370606406732371
1875 1000 1875 2069 1875 1875 2069 125 1875 125 1875 2125 2125 2652|0.1 0 0 0
67 1000 67 1104 1104 1000 1000 1000 533 1000 533 1002 1489 1002|0.1 0 0 0
1104 1000 1104 67 67 533 533 1000 1000 1000 1000 1489 1002 1002|0.1 -0.19250421365215598 -0.007091267150362013 -0.5647258381182751
2032 1000 271 144 269 269 144 1049 2032 1049 271 1245 1119 2050|0.1 -0.04217227961634262 -0.056046310654427334 -0.04009327057242662
7300 1875 6960 1886 1886 14142 14142 1000 7300 1875 6960 7792 2134 8942|0.1 -0.17691089183418218 -0.0057245662348059945 -0.46256845769023114
492 133 492 133 133 71 71 1000 516 133 516 613 1009 473|0.1 -0.03340247437537691 0.056164244397298724 -0.007642175720560251
144 1049 269 2032 271 271 2032 1000 144 1049 269 961 1245 307|0.1 0.03643582444655458 0.09954569525521872 0.04208426709293667
516 133 516 133 133 71 71 1000 492 133 492 632 1009 551|0.1 -0.032204340093521244 0.052902588961143415 -0.0022505204443024063
137 953 257 1937 258 258 1937 1000 137 953 257 1067 1225 292|0.1 0.050880282202818705 0.10555339004201025 0.025052727360133087
6960 1875 7300 1886 1886 14142 14142 1000 6960 1875 7300 6692 2134 8667|0.1 -0.2667889740047902 0.014331341565470002 -0.6260343227255349
1937 1000 258 137 257 257 137 953 1937 953 258 1225 917 1954|0.1 -0.038184206932926346 0.008920027251095863 -0.03029264849527591
1487 1875 2142 1920 384 2880 5760 1000 1487 1875 2142 1169 1318 1821|0.1 -0.019368757637017175 0.14267473881644843 0.05492431697653899
673 1441 1261 1937 258 1291 3874 1000 673 1441 1261 786 1225 887|0.1 -0.09699754487410894 0.12851394211909506 0.10500586390675304
1000 1000 1000 566 71 71 566 738 1000 738 1000 1414 1051 1002|0.1 0.008587187503996674 0.1865339883313899 0.06663260408096061
1000 1000 1000 71 71 566 566 1000 738 1000 738 1414 1002 721|0.1 -0.19180065427577886 -0.019169558034730638 -0.6081941548044689
71 1000 71 1000 1000 738 738 1000 566 1000 566 1002 1414 721|0.1 0 0 0
1768 1000 1768 1768 1305 1305 1768 125 1768 125 1768 2031 1858 2197|0.1 0 0 0
1768 1000 1768 1305 1768 1768 1305 125 1768 125 1768 2031 1275 2500|0.1 0 0 0
71 1000 71 738 738 1000 1000 1000 566 1000 566 1002 1243 1051|0.1 0 0 0
738 1000 738 71 71 566 566 1000 1000 1000 1000 1243 1002 1051|0.1 -0.14852046973007793 -0.00440872264084291 -0.7115187308018611
1355 1000 1355 766 96 96 766 1355 1355 1355 1355 1684 977 1358|0.1 -0.007350681108382329 0.14300728719087719 0.08738791356562414
1111 1000 1111 1240 1240 1240 1240 222 3333 222 3333 1495 1326 2289|0.1 0 0 0
2689 1000 896 807 179 179 807 1000 2689 1000 896 1847 1070 2695|0.1 0.026843176287423276 0.2639237871538769 0.056873619743778026
1240 222 1240 1111 1111 3333 3333 1000 1240 222 1240 1326 1495 2289|0.1 -0.054343027012146994 -0.06395276344071554 -0.20187713534446594
1111 1000 1111 1240 1240 1240 1240 222 3333 222 3333 1495 1326 2289|0.1 0 0 0
1240 222 1240 1111 1111 3333 3333 1000 1240 222 1240 1326 1495 2289|0.1 -0.02419780475538258 -0.07557501684582246 -0.2239387449109398
2689 1000 896 807 179 179 807 1000 2689 1000 896 1847 1070 2695|0.1 0.06138555275861268 0.2590330877326896 0.03949661278242811
67 1000 67 372 372 372 372 333 300 333 300 1002 687 398|0.1 0 0 0
807 1000 179 2689 896 896 2689 1000 807 1000 179 1070 1847 1206|0.1 0.032332916478978735 0.3215588675675485 0.05022825980801171
372 333 372 67 67 300 300 1000 372 333 372 687 1002 398|0.1 -0.06151955398394304 -0.031107253220312714 -0.35010061842397966
67 1000 67 372 372 372 372 333 300 333 300 1002 687 398|0.1 0 0 0
807 1000 179 2689 896 896 2689 1000 807 1000 179 1070 1847 1206|0.1 0.03529742294389626 0.3515972117704669 0.04744847323326917
372 333 372 67 67 300 300 1000 372 333 372 687 1002 398|0.1 -0.056076598015269985 -0.036027295587531816 -0.36481038636539065
1000 1000 1000 1600 200 1600 3000 1720 1720 1720 1720 1414 1020 1887|0.1 -0.0403223475903125 0.10657417632908395 0.01750452481433573
1000 1000 1000 930 116 930 1744 581 581 581 581 822 1097 593|0.1 -0.1208630483668438 0.06433516573686404 0.12251260450241386
625 1000 625 625 1075 1075 625 125 625 125 625 1179 637 1244|0.1 0 0 0
1000 1000 1000 1600 200 200 1600 1720 1000 1720 1000 1414 1020 1020|0.1 -0.010159934231817047 0.16083170808290026 0.08888140128628041
1000 1000 1000 200 200 1600 1600 1000 1720 1000 1720 1414 1020 1887|0.1 -0.14241873027761698 -0.007788636471270927 -0.7226694616556928
200 1000 200 1000 1000 1720 1720 1000 1600 1000 1600 1020 1414 1887|0.1 0 0 0
581 1000 581 930 116 116 930 581 581 581 581 1157 1097 593|0.1 0.02161936449487145 0.1966117000716383 0.05713727805628288
625 1000 625 1075 625 625 1075 125 625 125 625 1179 1179 884|0.1 0 0 0
200 1000 200 1720 1720 1000 1000 1000 1600 1000 1600 1020 1990 1020|0.1 0 0 0
1720 1000 1720 200 200 1600 1600 1000 1000 1000 1000 1990 1020 1020|0.1 -0.13955732470389948 -3.117525698703716e-05 -0.7405664280394408
1892 2143 2143 1246 432 1993 3737 581 2243 1246 2143 2200 1374 2509|0.1 -0.05212439759147869 0.1471882086147258 0.1534327182758477
259 955 555 888 192 555 1666 844 446 955 955 1105 1118 613|0.1 -0.11139490554768927 0.09453804938649002 0.11038692107822268
70 1000 70 1220 1747 1747 1220 1690 1056 1690 1056 1002 2648 1768|0.1 0.016178948752578748 0.5699992078975136 0.030475198989527996
605 1000 40 572 967 967 572 698 605 698 40 1012 546 1141|0.1 -0.0005964113891887557 0.4124079164890526 0.00012063280498297857
1220 1690 1747 70 70 1056 1056 1000 1220 1690 1747 954 1002 1250|0.1 -0.20993203654960158 0.03605935444240593 -1.2257351557746776
70 1000 70 1747 1220 1220 1747 1690 1056 1690 1056 1002 954 1250|0.1 -0.1315960091589785 -0.23681448989595788 -0.0024586038987362002
1747 1690 1220 70 70 1056 1056 1000 1747 1690 1220 2648 1002 1768|0.1 -0.208765332466746 0.03674702736808921 -1.2280359412603037
866 1000 58 820 1386 1386 820 1433 866 1433 58 1025 2171 1634|0.1 -0.01237221147744716 0.2147308079558452 -0.011593001384816448
1600 1000 1600 1154 1154 1654 1654 67 947 67 947 1887 1183 903|0.1 0.010861332109051158 0.03693674033365291 -0.0006275902026608993
572 698 967 605 40 40 605 1000 572 698 967 1515 1012 574|0.1 -0.03631496406077184 0.13787702033829508 0.11582835145405035
1654 67 1654 1600 1600 947 947 1000 1154 67 1154 1674 1887 2506|0.1 -0.021758209836131304 -0.0014271925123843232 0.002892604746824734
1600 1000 1600 1654 1654 1154 1154 67 947 67 947 1887 1674 2506|0.1 -0.005054249070534089 -0.01674756231162755 -0.06991199724343145
820 1433 1386 866 58 58 866 1000 820 1433 1386 782 1025 822|0.1 -0.03626181505851367 0.13955124649688733 0.11533658646172285
1154 67 1154 1600 1600 947 947 1000 1654 67 1654 1183 1887 903|0.1 -0.027783509631191805 0.02079913073187667 -0.005465116211164078
1892 2143 2143 1246 432 1993 3737 1289 1459 2763 2143 2200 1089 1609|0.1 -0.08578703993474601 0.12449076099159573 0.11442089024804591
883 1468 1893 1366 296 853 2560 1297 685 1468 1468 1289 1102 746|0.1 -0.13019085397235175 0.11526808639000574 0.13873871964717788
1132 2143 1662 966 335 1546 2898 776 1468 1662 1662 1459 1239 1707|0.1 -0.17119999795658924 0.09094383377584503 0.17182740289165555
528 1132 1132 1053 228 658 1974 771 681 1132 1460 1163 1163 844|0.1 -0.04715978571090851 0.07389974685679146 0.06794475221175933
3860 2143 3687 2143 743 3429 6429 1720 3256 3687 3687 4264 1246 3458|0.1 -0.008657841214576578 0.12656936603838265 0.06534286486201246
528 1132 1132 1053 228 658 1974 1185 307 1132 658 1163 1062 383|0.1 -0.1091818370240738 0.09124084182155823 0.11544496102172008
1000 1000 1000 533 67 533 1000 1104 1104 1104 1104 1414 1002 1133|0.1 -0.10258071764518428 0.0901938172929806 0.09023059308833181
1000 1000 1000 483 60 483 906 906 906 906 906 1282 1027 908|0.1 -0.050417710499466306 0.09793707802793206 0.04317194915325118
915 776 1546 966 64 64 966 1000 915 776 1546 1729 1031 917|0.1 -0.0371411310354508 0.13836850700214232 0.11657084392608486
1035 67 1035 1600 1600 947 947 1000 803 67 803 1067 1887 1790|0.1 -0.028009604180063707 0.0058644901345639155 -0.0018990610546087971
1600 1000 1600 803 803 1035 1035 67 947 67 947 1887 843 1241|0.1 0.0017052412980755882 0.027264477768413897 -0.07785742891089464
803 67 803 1600 1600 947 947 1000 1035 67 1035 843 1887 1241|0.1 -0.026615485599492672 0.0057095521296623986 -0.002938830851730856
1179 1289 1993 1246 83 83 1246 1000 1179 1289 1993 1546 1050 1182|0.1 -0.03653211315075455 0.13953432787707554 0.11560526863966913
1600 1000 1600 1035 1035 803 803 67 947 67 947 1887 1067 1790|0.1 0.010198085546628821 0.08413437787671674 0.018861456365726337
966 1000 64 915 1546 1546 915 776 966 776 64 1031 1199 1823|0.1 -0.007448475045904734 0.2811618690446993 -0.0026317911014961393
848 1690 1093 70 70 1056 1056 1000 848 1690 1093 1311 1002 891|0.1 -0.20895762150156205 0.036341968786501866 -1.2274043425073622
70 1000 70 848 1093 1093 848 1690 1056 1690 1056 1002 1891 1127|0.1 0.06540461726419755 1.2294795545432535 0.07138219981565053
1246 1000 83 1179 1993 1993 1179 1289 1246 1289 83 1050 2230 2350|0.1 -0.010757172099156165 0.21992395637414397 -0.00503077970999688
1093 1690 848 70 70 1056 1056 1000 1093 1690 848 1891 1002 1127|0.1 -0.20831832034434283 0.03692053531583861 -1.2288101494911807
70 1000 70 1093 848 848 1093 1690 1056 1690 1056 1002 1311 891|0.1 -0.06096631003015718 -0.21551747463694815 -0.006557558480124737
961 467 1000 1744 581 39 581 1000 961 467 1000 1238 1419 973|0.1 -0.03387991597456619 0.11041977492881605 0.026930915780711828
1040 1040 485 40 605 1814 605 1000 1040 1040 485 1288 1012 1476|0.1 -0.14440500350384244 -0.11464159012596897 -4.361067610398526
6452 1875 6960 1886 471 11490 14142 1000 6452 1875 6960 5976 1374 6859|0.15 -0.1478067007372741 -0.01445560114535449 -0.31056728828935953
155 1079 291 1781 73 292 2192 1000 155 1079 291 926 1063 213|0.15 0.015969529981723074 0.054250684770793534 0.061642198768687706
4910 5333 5333 1886 471 1886 9428 1000 4910 5333 5333 5333 1374 5000|0.15 0.178835109966331 0.18784613946692064 0.31360175615444685
204 1086 1086 384 96 384 1920 1000 204 1086 1086 1086 1018 280|0.15 -0.17947726204974646 0.11626291825101776 0.30637640174493663
1000 1000 1000 71 71 566 566 900 1116 200 1116 1414 951 1149|0.15 -0.06122476382419473 -0.007414640681441265 -0.8717156425560812
71 900 71 1000 1000 1116 1116 1000 566 200 566 951 1414 1149|0.15 0.012351530038281489 -0.08700019095395306 0.010157209910022225
1972 125 1768 1768 354 1591 1768 1000 1972 125 1768 1772 1275 2110|0.15 -0.04388439894790874 0.020873174971898223 -0.021023228520096193
507 896 63 807 179 896 896 1000 507 896 63 898 1070 646|0.15 0.019560984568336437 0.41087357794566737 0.03946605526295777
807 1000 179 507 63 63 507 896 896 896 896 1070 1030 853|0.15 0.01342862454422944 0.3828885227350498 0.06492882396146316
1768 1000 354 1972 1768 1768 1972 125 1768 125 1591 1275 2031 2500|0.15 0.006223129766349533 0.017230108600996275 0.003950609002458805
1179 125 1443 1443 289 1299 1443 1000 1179 125 1443 1519 1190 1329|0.15 -0.030145652384899746 -0.026298641863349292 -0.017833539111449248
1000 1000 1000 87 87 693 693 900 817 200 817 1414 953 825|0.15 -0.0442866422996635 -0.048677058741245505 -0.8293991721730776
87 900 87 1000 1000 817 817 1000 693 200 693 953 1414 825|0.15 0.010869946357046079 0.16034732323124912 0.04001774267795577
1102 1000 245 848 106 106 848 1224 1224 1224 1224 1127 1009 1166|0.15 -0.015430501118909312 0.598510200718454 0.10382295916746109
1443 1000 289 1179 1443 1443 1179 125 1443 125 1299 1190 1190 2041|0.15 0.012716115745217138 -0.23831525219185745 -0.06272764632168526
848 1224 106 1102 245 1224 1224 1000 848 1224 106 1288 1127 1009|0.15 0.015036189657464671 0.356502487592556 0.05109783004485724
1314 1875 1417 384 96 2340 2880 1000 1314 1875 1417 1811 1018 1397|0.15 -0.1445879157477703 0.042841066132794925 -0.22367027883660073
761 1079 1427 1781 73 292 2192 1000 761 1079 1427 1378 1063 775|0.15 -0.03507333536473256 0.11070126093756016 0.09119260149285324
2632 5333 4355 1540 385 1540 7698 1000 2632 5333 4355 3079 1262 2742|0.15 0.3971545047180536 0.23401383043525792 0.2851344109219367
380 1655 2027 585 146 585 2925 1000 380 1655 2027 1170 1042 480|0.15 -0.21436220423248442 0.11401390523694044 0.340107738672657
5543 1875 5683 1540 385 9382 11547 1000 5543 1875 5683 5551 1262 5860|0.15 -0.12589750143993883 -0.03399243082641612 -0.4533488448884171
180 1025 338 1692 69 278 2083 1000 180 1025 338 1001 1057 228|0.15 0.03373233432381717 0.1687453028105801 0.047809368838624966
2106 1875 2390 585 146 3565 4388 1000 2106 1875 2390 2203 1042 2227|0.15 -0.13943129098896279 -0.014412490050249582 -0.302698825855513
475 1135 890 1692 69 278 2083 1000 475 1135 890 1046 1057 495|0.15 0.060304164113580416 0.046329069887269814 0.0332289266646324
2060 2143 2143 1246 83 1246 3737 1000 2060 2143 2143 2466 1050 2085|0.15 0.015543649881890609 0.14938074547583335 0.12809236588345652
573 333 573 573 573 268 268 333 551 22 551 814 814 710|0.15 0 0 0
485 1040 1040 605 40 605 1814 1000 485 1040 1040 1197 1012 510|0.15 -0.09441539750484673 0.041039483411320354 0.07297003928721235
605 1000 40 485 1040 1040 485 1040 1814 1040 605 1012 1288 1476|0.15 0 0 0
921 187 1000 1768 354 88 354 1000 921 187 1000 1106 1275 938|0.2 -0.03750181175312339 0.13632570011960832 0.00939048682607524
1086 1086 204 96 384 1920 384 1000 1086 1086 204 1201 1018 1385|0.2 -0.09918772702948275 -0.19991215189183453 -1.564054198504049
493 188 816 1443 289 72 289 1000 493 188 816 976 1190 514|0.2 -0.04293417527530763 0.1446584863264988 0.00512442860692186
2027 1655 380 146 585 2925 585 1000 2027 1655 380 1977 1042 2412|0.2 -0.14517483574560175 -0.44957103643455953 -1.7934568509350002