2032 1000 271 144 269 269 144 927 1651 927 68 1245 859 1851|0.001 -0.06273454834949788 0.6074973049431809 0.07066653562457503
6452 1875 6960 1886 471 11490 14142 1000 6452 1875 6960 5976 1374 6859|0.001 0.2296445824240867 0.011005136598292165 -0.3989114084582712
6128 1000 7542 3712 3441 3441 3712 533 251 533 1006 6872 4066 3658|0.001 -0.11661704097409631 0.004604744564549179 0.1804083779635679
3441 533 3712 7542 6128 251 1006 1000 3441 533 3712 4066 6872 3658|0.001 -0.082586038772412 0.09153980390092409 0.05615824463613084
269 927 144 271 2032 1651 68 1000 269 927 144 859 1245 1851|0.001 -0.001740695348169119 0.0012022723786664358 0.8310273389749767
471 1000 1886 6960 6452 6452 6960 1875 11490 1875 14142 1374 5976 6859|0.001 0.03229968487006518 -0.6712445099111575 -0.11030591429118886
1886 1000 471 6452 6960 6960 6452 1875 14142 1875 11490 1374 7623 8667|0.001 0.1179565308726871 -3.284409547621765 -0.13571871769118116
291 1079 155 73 1781 2192 292 1000 291 1079 155 1182 1063 1997|0.001 -0.1118148747890424 0.18368073111875383 0.5501156455032596
163 1231 163 561 561 606 606 41 87 164 87 1121 597 520|0.001 -0.02893125139351027 -0.05535838187650466 0.027344470192296466
561 41 561 163 163 87 87 1231 606 164 606 597 1121 520|0.001 -0.10970244064406387 0.12102344900817297 -0.04751043817887157
6960 1875 6452 471 1886 14142 11490 1000 6960 1875 6452 7623 1374 8667|0.001 0.18944930687427197 -0.09412462686099632 -2.2614442332707996
1781 1000 73 155 291 291 155 1079 2192 1079 292 1063 1182 1997|0.001 -0.1789189840089589 -0.39076433691857315 0.09781535805324815
167 1000 167 615 1070 1070 615 1875 1250 1875 1250 1014 1973 1163|0.001 0.2548064841079256 -0.16202304746793517 0.0893784400094888
3048 1739 1625 271 2032 2032 271 1000 3048 1739 1625 3208 1245 3663|0.001 0.07356025905712826 0.0784284586137507 1.3331215402818053
1169 1000 156 935 1753 1753 935 575 1169 575 156 1087 1098 2107|0.001 -0.004216920946902292 0.6141342784828208 0.19682177426177283
615 1875 1070 167 167 1250 1250 1000 615 1875 1070 1174 1014 766|0.001 0.05429096266979849 0.0023371935959559664 -0.4086918309705012
167 1000 167 1070 615 615 1070 1875 1250 1875 1250 1014 1174 766|0.001 0.12740631528578295 -0.3650395793611805 0.0463268227785929
1753 575 935 156 1169 1169 156 1000 1753 575 935 1098 1087 2107|0.001 -0.1274057653100258 0.11184615591865565 0.04087285471903179
1070 1875 615 167 167 1250 1250 1000 1070 1875 615 1973 1014 1163|0.001 0.19134287482457601 -0.020517226849163794 -0.12840518839818849
2032 1000 271 1625 3048 3048 1625 1739 2032 1739 271 1245 3208 3663|0.001 -0.07791588284389195 0.43224426161732943 -0.031855599251785494
1500 1000 1500 492 492 856 856 133 800 133 800 1803 613 939|0.001 -0.07789879712350123 0.013245556858128005 0.07295436097036534
856 133 856 1500 1500 800 800 1000 492 133 492 930 1803 1579|0.001 -0.058866152405104843 0.07064104773241153 -0.05060887617145071
1500 1000 1500 856 856 492 492 133 800 133 800 1803 930 1579|0.001 -0.07571716575340504 -0.0029139345423756513 0.0720667972780542
492 133 492 1500 1500 800 800 1000 856 133 856 613 1803 939|0.001 -0.08259691407166647 0.0965535506213766 -0.042755461515537885
566 200 566 1600 1600 1200 1200 1000 693 200 693 721 1887 1327|0.001 -0.03054791791205047 0.01948832033805914 0.030212741524322517
1600 1000 1600 693 693 566 566 200 1200 200 1200 1887 825 1697|0.001 -0.07639827298124069 -0.04399782508219263 0.10150319425552334
693 200 693 1600 1600 1200 1200 1000 566 200 566 825 1887 1697|0.001 -0.06662917345311659 0.08930913985949251 -0.02304772328090343
1600 1000 1600 566 566 693 693 200 1200 200 1200 1887 721 1327|0.001 -0.07324767288460654 -0.031105343458034396 0.10067920682011344
1768 1000 354 2121 2828 2828 2121 1225 1768 1225 354 1275 3000 3335|0.001 -0.013741616822406932 0.6754318420687633 -0.009250366490841655
577 1333 471 167 167 833 833 1000 577 1333 471 1414 1014 687|0.001 0.22195214333379232 -0.1278891541240168 -0.35830523877925513
2309 816 1732 289 1443 1443 289 1000 2309 816 1732 1915 1190 2723|0.001 0.06159906510231794 0.08229756272316813 0.482154667159862
167 1000 167 577 471 471 577 1333 833 1333 833 1014 1106 601|0.001 0.023996193370194874 -0.26778906247845624 -0.01860385319169877
1443 1000 289 1732 2309 2309 1732 816 1443 816 289 1190 1915 2723|0.001 0.04162947093360181 0.7223699659439031 -0.0492982112040985
471 1333 577 167 167 833 833 1000 471 1333 577 1106 1014 601|0.001 0.14911062587924517 -0.0071832486310030585 -0.3714972622561208
2828 1225 2121 354 1768 1768 354 1000 2828 1225 2121 3000 1275 3335|0.001 -0.004529642832680203 0.06125126203247344 0.27526386618577314
167 1000 167 471 577 577 471 1333 833 1333 833 1014 1414 687|0.001 0.17792296585819045 -0.04902844594503741 -0.06869886308515483
1744 1000 581 403 755 755 403 746 872 746 116 1419 595 1446|0.001 0.07333240929501494 0.2534573084306935 -0.12760950445706354
403 746 755 1744 581 116 872 1000 403 746 755 1346 1419 479|0.001 0.05293408114408926 -0.0751683763703348 0.03346243916330316
581 1000 1744 755 403 403 755 746 116 746 872 1419 1346 479|0.001 0.15229626101015192 -0.057331151931341306 -0.1043108776273638
755 746 403 581 1744 872 116 1000 755 746 403 595 1419 1446|0.001 -0.09003286193285276 0.11915755306818099 0.04431592986645638
1324 533 988 1155 2309 770 154 1000 1324 533 988 788 1915 1879|0.001 0.10226917402035962 -0.050402719540143526 0.1280883846999803
2309 1000 1155 988 1324 1324 988 533 770 533 154 1915 788 1879|0.001 -0.027575944577376 -0.014169388622590207 0.09771135920038088
354 1000 1768 1000 187 187 1000 921 88 921 354 1275 1106 258|0.001 -0.07608595985161504 0.002647746298538589 0.09585635187625119
921 187 1000 1768 354 88 354 1000 921 187 1000 1106 1275 938|0.001 -0.06696818473465482 0.08835402977974027 -0.009259637776790619
2828 5000 2828 530 530 2828 2828 250 2604 1000 2604 3606 729 2828|0.001 0.10961080704941173 -0.02132892462517244 -0.2836235687288291
1000 921 187 354 1768 354 88 1000 1000 921 187 1000 1275 1275|0.001 -0.0171967915490312 0.09888968295914013 0.44617212938356854
1768 1000 354 187 1000 1000 187 921 354 921 88 1275 1000 1275|0.001 -0.07717756339562176 0.32186915405947314 -0.06922452149211278
530 250 530 2828 2828 2604 2604 5000 2828 1000 2828 729 3606 2828|0.001 0.30072088673854136 -0.7053178311438857 -0.09901684047753379
187 921 1000 1768 354 88 354 1000 187 921 1000 1106 1275 258|0.001 -0.10163708237796998 0.09357529113838359 0.03563795429439853
354 1000 1768 1000 921 921 1000 187 88 187 354 1275 1106 938|0.001 0.010717657695611393 0.005919468034218944 -0.02216546697556332
1768 1000 354 921 1000 1000 921 187 354 187 88 1275 1000 1275|0.001 -0.0423580492568254 0.18702852031654116 0.055105818297835896
204 1086 1086 384 96 384 1920 1000 204 1086 1086 1086 1018 280|0.001 0.008477771077477492 -0.020421086187509818 -0.11263315141334163
384 1000 96 204 1086 1086 204 1086 1920 1086 384 1018 1201 1385|0.001 0.25304270860240674 0.45996542194723933 0.6433705483790497
1086 1086 204 96 384 1920 384 1000 1086 1086 204 1201 1018 1385|0.001 0.2608555776967414 0.5944837799995439 0.30325357453172774
1000 187 921 354 1768 354 88 1000 1000 187 921 1000 1275 1275|0.001 -0.035091721269373544 0.03962935402062051 0.24654853816079791
96 1000 384 1086 204 204 1086 1086 384 1086 1920 1018 1086 280|0.001 0.008807320652262085 -0.11191643417464592 -0.02088685318880623
1299 817 693 566 1061 641 342 738 244 720 130 1090 791 1267|0.001 0.08026460223574672 -0.09882394934911165 0.30380652406113207
1437 1355 766 176 330 1760 938 975 868 1107 463 1972 977 1016|0.001 0.23915312477206685 0.10497421151486108 -0.5575438917932418
1225 604 230 1305 1768 1444 1273 1875 2296 1133 431 707 2574 1926|0.001 -0.06429414036375092 0.9150346932718589 0.08757369879725418
943 533 696 230 1225 653 122 604 770 322 679 745 707 1424|0.001 -0.015751029018541418 0.005944792905892005 0.5160478700453286
176 975 330 1437 766 463 868 1355 938 1107 1760 1055 1071 542|0.001 0.09682334311913676 -0.404063233261005 -0.09841065614588751
566 738 1061 1299 693 130 244 817 342 720 641 1456 1510 676|0.001 0.16525436164666063 -0.07353900344095887 -0.021357413099831746
785 881 418 848 1590 298 159 1224 1298 904 692 922 1848 918|0.001 0.12119380577277017 0.032956323118196185 0.153173668065556
338 1025 180 475 890 1473 786 1135 1804 1389 962 1082 1428 1760|0.001 0.1340130383353566 -0.44989913701476425 -0.11580583663488686
2390 1875 2106 380 2027 3800 712 1655 2925 3103 2159 3007 1977 4417|0.001 -0.1810891551813043 0.022658753660123043 0.14892106223468815
475 1135 890 338 180 962 1804 1025 786 1389 1473 1046 1001 939|0.001 0.07707598450837017 -0.07682077392597964 -0.3584407839541137
2027 1655 380 1123 1275 1560 1152 533 1081 882 203 1977 1175 1700|0.001 -0.06258168228849503 0.3377653145665449 0.01752855670159592
848 1224 1590 785 418 692 1298 881 159 904 298 1334 1258 490|0.001 -0.03466559555759474 0.028593479180167858 0.036556669671898856
1836 1000 245 2693 1836 1836 2693 1000 1836 1000 245 1204 2438 2596|0.001 0.03339530310167538 1.3360261327156397 -0.06167798447524131
371 682 371 91 91 682 682 1000 371 682 371 905 1004 447|0.001 0.1538281143863851 -0.1398934942388641 -0.7119864151986555
91 1000 91 371 371 371 371 682 682 682 682 1004 905 447|0.001 0.13561937648513434 -0.8152113308355502 -0.10778567898707903
1836 1000 2693 245 1836 1836 245 1000 1836 1000 2693 2438 1204 2596|0.001 -0.03986740663164512 0.01859420527701605 0.9308976103608635
371 682 371 91 91 682 682 1000 371 682 371 905 1004 447|0.001 0.18323071958628478 -0.1819707805494497 -0.969863933754257
1836 1000 245 2693 1836 1836 2693 1000 1836 1000 245 1204 2438 2596|0.001 -0.08490384343675328 0.3307330671451236 0.12290535913322742
91 1000 91 371 371 371 371 682 682 682 682 1004 905 447|0.001 0.14516115701184162 -0.9596685840565211 -0.1523499951585916
1836 1000 2693 245 1836 1836 245 1000 1836 1000 2693 2438 1204 2596|0.001 -0.09326241579503347 0.1708905064395294 0.25907460247382774
1000 1000 1000 545 545 545 545 1467 133 1467 133 1414 1328 656|0.001 0.156811350323931 0.029615787135996996 -0.094672905714559
545 1467 545 1000 1000 133 133 1000 545 1467 545 1328 1414 656|0.001 0.023963971142866303 0.10444034108521016 -0.012114998215019268
1000 1000 1000 545 545 545 545 1467 133 1467 133 1414 1328 656|0.001 -0.07878896868420804 0.009854370877553364 0.11039591501734058
545 1467 545 1000 1000 133 133 1000 545 1467 545 1328 1414 656|0.001 -0.041686864129444334 0.0003334407881983026 0.07048580520179204
12728 1000 14142 14142 15780 15780 14142 8000 2828 8000 14142 13454 16248 16882|0.001 1.3047406772576542 -0.15124956243695253 0.011111209931251587
566 1116 71 1000 1000 200 900 1000 566 1116 71 1149 1414 721|0.001 0.0010142950616920388 1.2606497656090254 -0.006751391403824192
1000 1000 1000 71 566 566 71 1116 200 1116 900 1414 1149 721|0.001 0.009574408671559897 -0.030543062077883487 1.3342894501906044
15780 8000 14142 14142 12728 2828 14142 1000 15780 8000 14142 16248 13454 16882|0.001 -0.256585574168694 0.013271788963733488 0.17920959435078876
1000 1000 1000 566 566 71 71 200 1116 900 1116 1414 721 1002|0.001 0.11333536724146498 0.07080807202484607 -0.03193659474734156
566 200 566 1000 1000 1116 1116 1000 71 900 71 721 1414 1002|0.001 0.013352729967215371 -0.0260535205654977 0.11154049526755916
79 1111 79 1240 1240 1111 1111 222 629 1111 629 1057 1326 1114|0.001 0.14473768249080088 -0.8359296357961976 -0.1044513785946033
179 1000 807 63 507 507 63 896 896 896 896 1070 898 646|0.001 -0.07272538649036875 0.11993843167756424 0.7389059669638032
507 896 63 807 179 896 896 1000 507 896 63 898 1070 646|0.001 -0.034113105528316146 1.1347015816872985 0.05008790033316224
1240 222 1240 79 79 629 629 1111 1111 1111 1111 1326 1057 1114|0.001 0.18883821612042606 -0.11864898876140173 -0.852091738988201
2828 5000 2828 5579 5579 5000 5000 4500 354 5000 354 3606 5969 5745|0.001 0.32187059725026446 -0.036233892284815994 0.17703259488503376
5579 4500 5579 2828 2828 354 354 5000 5000 5000 5000 5969 3606 5745|0.001 0.2406739572816341 0.21982341546208817 -0.0236019678720345
2754 1366 734 2693 1836 1836 2693 1000 2754 1366 734 2050 2438 3310|0.001 -0.040329310622068126 0.4259854663037155 0.0022506370367425532
371 682 371 273 273 1023 1023 1000 507 682 507 905 1037 761|0.001 0.0870886213459432 -0.032672679284538875 -0.18840055628609575
273 1000 273 507 507 371 371 682 1023 682 1023 1037 969 611|0.001 0.19032515292976893 -0.35970937381376356 -0.18626630092799634
1344 1000 1972 538 2016 2016 538 732 1344 732 1972 1911 1205 2424|0.001 0.1591483589826992 -0.11979493903232385 0.567493648664541
507 682 507 273 273 1023 1023 1000 371 682 371 969 1037 611|0.001 0.19925841250846732 -0.19249780345653056 -0.4307518465174398
2016 732 538 1972 1344 1344 1972 1000 2016 732 538 1205 1911 2424|0.001 -0.08369811115180537 -0.09755499883312369 0.1611251612507325
273 1000 273 371 371 507 507 682 1023 682 1023 1037 905 761|0.001 0.14673075148973203 -0.3969047645832191 -0.07268947557665606
1836 1000 2693 734 2754 2754 734 1366 1836 1366 2693 2438 2050 3310|0.001 -0.10018125472249562 0.054227360891563325 0.40287670817802157
496 267 363 667 667 978 978 1000 496 267 363 598 1202 948|0.001 -0.05334139969982665 0.05808905614208992 -0.012267319374340557
667 1000 667 496 363 363 496 267 978 267 978 1202 744 885|0.001 -0.05065094350639954 -0.08482563776808671 0.07123300721558978
363 267 496 667 667 978 978 1000 363 267 496 744 1202 885|0.001 0.006206041987244504 0.006967807897808598 -0.13140016840194502
667 1000 667 363 496 496 363 267 978 267 978 1202 598 948|0.001 -0.03772652922635844 -0.05596616581628466 0.05699464193050341
1155 1000 2309 816 493 493 816 188 938 188 1155 1915 976 1152|0.001 -0.0770264897359485 0.014178491300775864 0.07466320401322557
493 188 816 2309 1155 938 1155 1000 493 188 816 976 1915 1152|0.001 -0.06158857548016594 0.06869210732620035 -0.019366812989345394
1225 604 230 1414 2828 1414 1149 1000 1225 604 230 707 2236 2345|0.001 0.06401849288539596 0.38371610818277446 0.14439176592422331
2828 1000 1414 230 1225 1225 230 604 1414 604 1149 2236 707 2345|0.001 0.0932863664128658 0.18382389177207692 0.4620781100703586
2340 1000 1901 380 2027 2027 380 1655 4680 1655 2340 2334 1977 3881|0.001 0.14842440290567804 0.09833041107184526 0.9150134341420113
200 1231 200 526 526 870 870 1231 1066 2462 1066 1127 1228 1040|0.001 0.16391125089431524 -0.13188500159979633 -0.07425942208007741
2027 1655 380 1901 2340 4680 2340 1000 2027 1655 380 1977 2334 3881|0.001 -0.07047591747130433 0.628837126594457 0.02206094845008888
526 1231 526 200 200 1066 1066 1231 870 2462 870 1228 1127 1040|0.001 0.3269336777755516 -0.14270297048472935 -0.3359076984893794
1225 604 230 354 1768 1061 221 1000 1000 921 187 707 1275 2031|0.001 -0.0011603366024470763 0.3129729065435183 0.33780605616966497
1768 1000 354 187 1000 1225 230 921 1061 604 221 1275 1000 1458|0.001 -0.04630740133507616 0.5293946204598265 -0.09916335585581915
1755 1523 366 380 2027 1655 310 1655 2925 1655 585 1819 1977 2412|0.001 0.085794989805279 0.7357766892971296 0.2238536867359131
1086 1086 204 240 1152 1920 384 656 1330 1086 249 1201 747 2206|0.001 0.21647598475379448 0.645049058825713 0.6084807987415819
1000 1000 1000 693 693 87 87 200 817 900 817 1414 825 1052|0.001 0.09216039708501489 -0.00709514012810164 0.03571087232867365
693 200 693 1000 1000 817 817 1000 87 900 87 825 1414 1052|0.001 -0.016196472680126694 -0.04643148622104021 0.15736758232332448
693 817 87 1000 1000 200 900 1000 693 817 87 825 1414 825|0.001 -0.08750686814256392 0.4610469187777233 0.02663782780480517
10392 1000 11547 11547 9434 9434 11547 8000 2309 8000 11547 11000 9522 10630|0.001 -0.1340176234906043 0.058801499484704145 0.00966677283277706
1000 1000 1000 87 693 693 87 817 200 817 900 1414 825 825|0.001 -0.13805771143083456 0.07970703625076014 0.2936512954335768
9434 8000 11547 11547 10392 2309 11547 1000 9434 8000 11547 9522 11000 10630|0.001 1.2308584774285825 0.12873385958490635 -0.0871789861010075
3464 5000 3464 4085 4085 5000 5000 4500 433 5000 433 4123 4603 4123|0.001 0.42171143776438713 0.04786312829888395 0.03498164493543898
4085 4500 4085 3464 3464 433 433 5000 5000 5000 5000 4603 4123 4123|0.001 0.5466575704690224 -0.08869264319782189 0.05484810387181627
245 1000 1102 106 848 848 106 1224 1224 1224 1224 1127 1288 1009|0.001 -0.027484142196742 0.13947250170851966 1.0256829147602908
96 1111 96 908 908 1111 1111 222 770 1111 770 1058 1023 1169|0.001 0.15688838592292642 -0.844875865742617 -0.12341887564701559
848 1224 106 1102 245 1224 1224 1000 848 1224 106 1288 1127 1009|0.001 -0.005075400319044521 1.0006345862530575 0.045126640947534824
908 222 908 96 96 770 770 1111 1111 1111 1111 1023 1058 1169|0.001 0.16192905867070229 -0.06495820361572369 -0.8167806287244939
785 881 418 734 2754 1664 153 1366 1195 948 637 922 2050 1989|0.001 0.050171915639163345 -0.06925852417470235 0.48515719487659537
1888 1075 174 475 890 1356 723 1135 3125 1549 833 1225 1428 3055|0.001 0.05922087953686539 1.1847121256919668 -0.08660212665591693
2390 1875 2106 366 1755 6581 3976 1523 3264 2856 2265 3007 1819 4899|0.001 0.294178547530608 0.046106711492057695 0.7502106518538931
1152 656 240 1487 2142 1569 1383 1875 4320 1231 2610 747 3031 2581|0.001 0.1887386307879968 0.18835991812201858 -0.058960277166395514
1261 1441 673 161 1756 2906 775 930 828 1055 442 2038 1065 2099|0.001 0.0015316992897074222 0.3110077453506177 0.5253882107634422
2016 732 538 467 875 574 306 694 1218 645 112 1205 546 1972|0.001 0.04650345883792095 0.4071917231798916 0.005110006134927403
734 1366 2754 785 418 637 1195 881 153 948 1664 1646 1258 476|0.001 0.04558745241637796 0.01061383998359755 -0.07315631083968599
1123 533 1275 3510 2121 195 936 1523 1208 812 1741 1604 2535 1287|0.001 0.07588836534216714 -0.05841154560952244 0.04744861459631711
467 694 875 2016 538 112 1218 732 306 645 574 1415 1501 557|0.001 -0.100097493699417 0.13344575566562433 0.06546389555314613
1392 656 2304 1143 793 737 837 533 128 350 614 2253 1616 903|0.001 -0.0021093074086353525 0.052401379254307656 -0.03071303016560667
533 1000 533 370 370 693 693 573 436 200 436 1133 843 581|0.001 -0.09506578703297408 0.045744710446165016 0.16145373160476595
370 573 370 533 533 436 436 1000 693 200 693 843 1133 581|0.001 -0.09452846010909788 0.16435186369812005 0.03270558004694779
1000 1297 533 245 1836 2693 702 1000 1000 1297 533 1731 1204 2438|0.001 -0.0016217345233593417 0.2884232741082049 0.8008133688036012
2076 1000 541 411 771 771 411 771 1415 771 189 1457 669 1879|0.001 0.08628650742615429 0.29904849196452865 0.06742607249929922
771 771 411 541 2076 1415 189 1000 771 771 411 669 1457 1879|0.001 -0.12298101930820482 0.022249147582931172 0.06626943720868139
1836 1000 245 533 1000 1000 533 1297 2693 1297 702 1204 1731 2438|0.001 0.030195400419097407 0.2653619776414784 0.2788695281257403
693 817 1299 1061 566 342 641 738 130 720 244 1510 1456 676|0.001 -0.06682537825489443 0.07093743234409144 0.052618573305422967
766 1355 1437 330 176 938 1760 975 463 1107 868 1071 1055 542|0.001 0.09385562797095348 -0.08241091367561348 -0.3488735227601403
1225 604 230 696 943 770 679 533 653 322 122 707 745 1424|0.001 -0.028421809751859595 0.5030153567351459 0.01028997223775363
1768 1875 1305 230 1225 2296 431 604 1444 1133 1273 2574 707 1926|0.001 -0.09779610962346141 0.19139661338713587 0.21710893524704122
330 975 176 766 1437 868 463 1355 1760 1107 938 977 1972 1016|0.001 0.21489255781024674 -0.5537053298814998 -0.009710217682982192
1061 738 566 693 1299 244 130 817 641 720 342 791 1090 1267|0.001 -0.029056064435896145 0.17566233529999087 -0.08122696031362286
418 881 785 1590 848 159 298 1224 692 904 1298 1258 1334 490|0.001 0.08235255664756469 -0.07462505185651946 0.06643539336837367
180 1025 338 890 475 786 1473 1135 962 1389 1804 1001 1046 939|0.001 0.06829912288735196 -0.2409156997732842 -0.01260197881999936
1275 533 1123 380 2027 1081 203 1655 1560 882 1152 1175 1977 1700|0.001 0.03858208976780464 -0.003155998443715724 0.5770898122086154
890 1135 475 180 338 1804 962 1025 1473 1389 786 1428 1082 1760|0.001 0.2437047044661922 -0.13228332535764498 -0.44861739482619734
2027 1655 380 2106 2390 2925 2159 1875 3800 3103 712 1977 3007 4417|0.001 0.015803695715101984 0.44137849298679477 0.22214513408758574
1590 1224 848 418 785 1298 692 881 298 904 159 1848 922 918|0.001 -0.039140149640968236 -0.11697994590804006 0.28483266366785553
2032 1000 271 4064 4064 4064 4064 1000 2032 1000 271 1245 4185 4543|0.001 -0.10828344622245245 0.6923477067768258 0.031259521943076685
246 1000 246 67 67 500 500 1000 246 1000 246 1030 1002 306|0.001 0.18893689486433773 -0.16014094413932978 -1.035878085301587
67 1000 67 246 246 246 246 1000 500 1000 500 1002 1030 306|0.001 0.12116633483665318 -0.7225882308134723 -0.14595787324655496
4064 1000 4064 271 2032 2032 271 1000 4064 1000 4064 4185 1245 4543|0.001 -0.049697222597915314 0.12417583521889597 0.7073393175155052
246 1000 246 67 67 500 500 1000 246 1000 246 1030 1002 306|0.001 0.2269189942634875 -0.1298807253395351 -0.9381712117672969
2032 1000 271 4064 4064 4064 4064 1000 2032 1000 271 1245 4185 4543|0.001 0.08597833163558999 1.473348481187291 -0.09160522181155706
67 1000 67 246 246 246 246 1000 500 1000 500 1002 1030 306|0.001 0.1795381047500011 -0.5845126150182267 -0.15172942806272682
4064 1000 4064 271 2032 2032 271 1000 4064 1000 4064 4185 1245 4543|0.001 -0.08799506737211082 0.059922248451245164 0.5563828168184326
500 1000 500 246 246 246 246 1000 67 1000 67 1118 1030 306|0.001 0.07589968733403563 -0.04833963849777523 0.10661871320138516
246 1000 246 500 500 67 67 1000 246 1000 246 1030 1118 306|0.001 -0.029649616524819455 0.07919011128875164 0.059255695640740846
500 1000 500 246 246 246 246 1000 67 1000 67 1118 1030 306|0.001 0.06501426062399895 0.016865400506520523 0.05343171696309934
246 1000 246 500 500 67 67 1000 246 1000 246 1030 1118 306|0.001 0.0373812007600427 0.130515406300995 -0.03931882205910786
167 1000 167 681 1319 1319 681 1875 1250 1875 1250 1014 2252 1396|0.001 0.2603376762232701 -0.2652403343081433 0.08710435986918785
2754 1937 1469 245 1836 1836 245 1000 2754 1937 1469 3308 1204 3310|0.001 -0.12207864833519988 0.25255627368811373 0.007032304481076057
948 1000 126 758 1422 1422 758 516 948 516 126 1058 711 1709|0.001 -0.08316766109477625 0.24776666523993018 0.24386960848446382
681 1875 1319 167 167 1250 1250 1000 681 1875 1319 938 1014 820|0.001 0.18238766202316903 -0.03316579143937903 -0.37045426525609937
167 1000 167 1319 681 681 1319 1875 1250 1875 1250 1014 938 820|0.001 0.12975602965025645 -0.7332458791487528 -0.1566534233246175
1422 516 758 126 948 948 126 1000 1422 516 758 711 1058 1709|0.001 -0.006341100097132513 0.27745331713343147 0.6183423498532692
1319 1875 681 167 167 1250 1250 1000 1319 1875 681 2252 1014 1396|0.001 0.3115944036001461 0.03202343443942102 -0.3598530883722695
1836 1000 245 1469 2754 2754 1469 1937 1836 1937 245 1204 3308 3310|0.001 -0.10002627863891722 0.7938363009803973 -0.08614433394908083
1500 1000 1500 545 545 1055 1055 133 800 133 800 1803 656 751|0.001 -0.10880885181608568 -0.06391531411768847 0.14054480559670735
1055 133 1055 1500 1500 800 800 1000 545 133 545 1117 1803 1802|0.001 -0.07558523034428055 0.09664674035761767 -0.05489687414846456
1500 1000 1500 1055 1055 545 545 133 800 133 800 1803 1117 1802|0.001 -0.10162907803045851 -0.05825165511892716 0.12064686227647226
545 133 545 1500 1500 800 800 1000 1055 133 1055 656 1803 751|0.001 -0.09070537877576834 0.10306040222977986 -0.041139017875796435
2032 1000 271 176 330 269 144 975 1841 1049 169 1245 977 2050|0.001 -0.0879730724898864 0.04101238842022514 0.2572590766024807
5543 1875 5683 1540 962 10464 11547 816 5961 1531 5683 5551 1743 6789|0.001 0.20987941874730742 -0.10810450818249717 -0.9451061103677683
5581 816 6158 3031 2956 3179 3031 533 513 435 821 6212 3198 3386|0.001 0.10281092379746948 0.0544818888866927 -0.09958964435513917
3893 533 3712 7542 6835 629 1006 1225 3621 653 3712 3569 6908 4434|0.001 -0.0988914800727081 0.1509094323204918 -0.010303642357986087
269 1049 144 271 2032 1841 169 1000 330 975 176 1119 1245 1861|0.001 0.051226326014712775 0.06440674584683004 1.1222528276373578
1179 1225 1886 6960 7300 6789 6960 1875 12816 2296 14142 1546 7792 7776|0.001 0.1347675113759661 -0.7389822724197403 -0.15238776358293404
1540 816 962 5543 5683 5683 5961 1875 11547 1531 10464 1262 5997 7076|0.001 0.28616961198996593 -0.38092141473927366 -0.028912951172722634
338 1025 180 174 1888 2083 278 1075 276 1025 147 1082 1225 1908|0.001 -0.027473406307718662 0.29692972887506164 0.8869010985963288
146 1103 179 530 570 543 543 92 78 147 96 1011 607 608|0.001 -0.06501474266610185 -0.01680803667781894 0.07217643202817037
530 92 570 146 179 96 78 1103 543 147 543 649 1113 530|0.001 -0.07473642461988561 0.09545599166610907 -0.05785389365118632
6960 1875 7300 1179 1886 14142 12816 1225 6960 2296 6789 6692 2134 8667|0.001 0.26178704975901246 0.041105670851588894 -0.8833802659549395
1756 930 161 137 257 315 168 953 1937 953 258 1065 917 1954|0.001 0.05922997883633263 1.8161815766053246 0.03784217330040418
2032 1000 271 3522 3048 3048 3522 1107 2032 1107 271 1245 3208 3663|0.001 -0.1084211099788146 0.3983087725618262 0.15317575698242436
314 865 284 77 77 577 577 1000 314 865 284 911 1003 378|0.001 0.1674653453720909 -0.11665175985763443 -0.8752032930944909
77 1000 77 284 314 314 284 865 577 865 577 1003 911 378|0.001 0.1491241349687944 -0.7243255086689426 -0.135370699148597
3048 1107 3522 271 2032 2032 271 1000 3048 1107 3522 3208 1245 3663|0.001 -0.12849101860620826 0.22986901030901175 -0.06115382272830594
284 865 314 77 77 577 577 1000 284 865 314 1040 1003 354|0.001 0.19648567858852273 -0.15311751021351183 -0.8223527113856011
1836 1000 245 3182 2754 2754 3182 904 1836 904 245 1204 3308 3310|0.001 -0.06544307293669172 0.5800442948315432 0.02839817032683767
77 1000 77 314 284 284 314 865 577 865 577 1003 1040 354|0.001 0.1706018916266694 -0.8437464507368075 -0.15486897844369296
2754 904 3182 245 1836 1836 245 1000 2754 904 3182 3308 1204 3310|0.001 -0.046973460537326206 0.15147195435365912 0.576810870311526
667 1000 667 328 363 363 328 1156 89 1156 89 1202 1201 437|0.001 -0.037814434597881474 -0.045515856746836114 0.1957566839991931
363 1156 328 667 667 89 89 1000 363 1156 328 1201 1202 437|0.001 -0.10163417451600099 0.021443072422777654 0.07750282087676919
667 1000 667 363 328 328 363 1156 89 1156 89 1202 1052 409|0.001 0.11236318753180985 0.01549754038354667 0.035318609209071816
328 1156 363 667 667 89 89 1000 328 1156 363 1052 1202 409|0.001 -0.11835217631974482 0.16260248327649496 0.053923659593508866
1061 1116 566 566 1061 977 521 738 199 774 106 1458 791 1173|0.001 0.023397914665168607 0.23591612070391843 -0.03773629749827534
1437 1355 766 144 269 1437 766 1049 1323 1511 705 1972 1119 1437|0.001 0.12046583734678595 -0.06635367560897443 -0.7831033850930236
1000 921 187 1305 1768 1972 1369 1875 1875 1726 352 1000 2574 2577|0.001 0.17159129482936297 1.161675065540615 0.030228872967883458
943 533 696 188 1000 533 100 921 1052 491 730 745 1000 1083|0.001 0.06022050750393415 -0.024202662512381456 0.5971457115326051
144 1049 269 1437 766 705 1323 1355 766 1511 1437 961 1071 766|0.001 0.12262075232216008 -0.5052419878008318 -0.09607564273313551
566 738 1061 1061 566 106 199 1116 521 774 977 1456 1149 625|0.001 -0.0394451532996698 0.04371477685814362 0.05371802139121362
875 694 467 507 951 178 95 896 951 662 507 546 1030 951|0.001 0.10644148671711262 -0.03711657762950016 0.0979367705304024
257 953 137 673 1261 1370 731 1441 1370 1291 731 917 2038 1515|0.001 0.20503995545683606 -0.6772585801360942 0.11633424752418353
2142 1875 1487 204 1086 2037 382 1086 1920 2037 1417 3031 1201 2206|0.001 -0.08619977642416399 0.06304183782552819 0.4264591123438555
673 1441 1261 257 137 731 1370 953 731 1291 1370 786 1067 808|0.001 0.06269620610491078 -0.05976222781745588 -0.24884915371390592
1086 1086 204 793 1143 1024 756 533 579 579 109 1201 623 1493|0.001 -0.0031080034163610826 0.6668334849205348 -0.019442990630297308
507 896 951 875 467 507 951 694 95 662 178 1306 1415 507|0.001 0.013193902826065251 0.04044673494436157 -0.03863431552746266
566 738 1061 1061 566 521 977 738 106 684 199 1456 1456 625|0.001 -0.03383296951540715 0.002290858151137165 0.08948634080941709
766 1355 1437 269 144 766 1437 927 705 1000 1323 1071 1095 766|0.001 0.07857367360097678 -0.09421293437871792 -0.2946122413872121
1000 921 188 696 943 696 645 533 533 491 100 1000 745 1373|0.001 -0.03823184055886664 0.46744834591341267 -0.0076928366962736305
1768 1875 1305 187 1000 1875 352 921 1305 1726 1210 2574 1000 1398|0.001 0.08571021664644407 0.19653886149780586 0.6073434113431508
269 927 144 766 1437 1323 705 1355 1437 1000 766 859 1972 1437|0.001 0.02841427043261291 -0.6419462356993144 0.02616865958161574
1061 738 566 566 1061 199 106 738 977 684 521 791 791 1173|0.001 0.12525634007144903 -0.09454422937479001 0.21850114655073583
705 927 1323 1437 766 144 269 1355 766 1000 1437 1447 1071 766|0.001 0.061973273270208296 -0.05501034917169134 0.04661925598326677
155 1079 291 1427 761 827 1550 1079 827 1461 1550 926 1378 914|0.001 0.08191637061609525 -0.24665873818738304 -0.06206133887387777
756 533 701 204 1086 579 109 1086 1024 579 756 966 1201 810|0.001 -0.07158087561830784 0.0683257414079641 0.4360361443612737
1427 1079 761 155 291 1550 827 1079 1550 1461 827 1561 1182 1714|0.001 0.22735311734656705 -0.19546182158975078 -0.2752377371879189
1086 1086 204 1314 1417 1920 1417 1875 2037 2037 382 1201 2051 2796|0.001 -0.04739991822550582 1.166170989463584 -0.06861960286441038
1437 1355 766 705 1323 1437 766 927 269 1000 144 1972 1277 1437|0.001 0.09789569842497237 0.12344458389777602 0.1080582959648102
1061 738 566 566 1061 977 521 738 199 684 106 791 791 1173|0.001 -0.04966993360141059 0.01806427623715301 0.22446635501584655
1437 1355 766 144 269 1437 766 927 1323 1000 705 1972 859 1437|0.001 0.1584422290317189 0.061200301520909495 -0.7403439216215923
1000 921 187 1305 1768 1305 1210 1875 1875 1726 352 1000 2574 1398|0.001 0.1470953792248686 0.8893113993122559 0.11732336762473317
943 533 696 188 1000 533 100 921 696 491 645 745 1000 1373|0.001 -0.030280621139081587 0.026560180281505197 0.6057054773896886
144 927 269 1437 766 705 1323 1355 766 1000 1437 1095 1071 766|0.001 0.07123378085468479 -0.266287890430289 -0.038426727785489945
566 738 1061 1061 566 106 199 738 521 684 977 1456 1456 625|0.001 0.05443511897564424 -0.06480981933379648 0.05589653341972811
1323 927 705 766 1437 269 144 1355 1437 1000 766 1277 1972 1437|0.001 0.08385527404344062 0.09936802615338802 0.11326093519289815
291 1079 155 761 1427 1550 827 1079 1550 1461 827 1182 1561 1714|0.001 0.21370049181143713 -0.12745914140465997 0.17935818150106586
1417 1875 1314 204 1086 2037 382 1086 1920 2037 1417 2051 1201 2796|0.001 -0.14839632938149494 0.15214463693537628 0.26930840649625143
761 1079 1427 291 155 827 1550 1079 827 1461 1550 1378 926 914|0.001 0.0425500665754619 -0.06356022297609898 -0.23869671061134468
1086 1086 204 701 756 1024 756 533 579 579 109 1201 966 810|0.001 -0.04949555642558945 0.3848769715877931 0.030176252583331564
766 1355 1437 1323 705 766 1437 927 144 1000 269 1071 1447 766|0.001 0.051963287566185734 0.003083971741453251 -0.0018431855912082185
96 1000 384 1417 1314 1314 1417 1875 2340 1875 2880 1018 1811 1397|0.001 0.23126218945916266 -0.5814356227258799 -0.023900661339871787
1323 927 705 271 2032 1651 68 1000 1323 927 705 1277 1245 2259|0.001 -0.0634328476863466 -0.09111959219291976 0.6068011174285992
1781 1000 73 761 1427 1427 761 1079 2192 1079 292 1063 1561 2437|0.001 0.018081112388392828 4.749363818190256 -0.030771342431217263
1417 1875 1314 96 384 2880 2340 1000 1417 1875 1314 2051 1018 1765|0.001 0.30634015491476374 0.007834315884756027 -2.2468866356298434
384 1000 96 1314 1417 1417 1314 1875 2880 1875 2340 1018 2051 1765|0.001 0.3473704655154286 -1.1524017905649397 0.021353356744435725
1427 1079 761 73 1781 2192 292 1000 1427 1079 761 1561 1063 2437|0.001 0.05482383316264494 -0.028783649182720916 4.605848699546751
1314 1875 1417 384 96 2340 2880 1000 1314 1875 1417 1811 1018 1397|0.001 0.1889121845191566 -0.03486852808224139 -0.5725785014422902
2032 1000 271 705 1323 1323 705 927 1651 927 68 1245 1277 2259|0.001 -0.0601123074943144 0.46726638216549876 0.12703610280000666
701 533 756 1536 1248 51 205 1000 701 533 756 1094 1708 745|0.001 -0.06674272403163761 0.13716901838111584 -0.043048064595752056
561 41 561 801 801 427 427 1231 606 164 606 597 1368 774|0.001 -0.069116274726857 0.06072769058438565 -0.033152509223577376
801 1231 801 561 561 606 606 41 427 164 427 1368 597 774|0.001 -0.09686846258883275 -0.04593881765573293 0.09415976848632379
1248 1000 1536 756 701 701 756 533 51 533 205 1708 1094 745|0.001 0.052347164917518896 -0.009440853685717121 0.04127516642507212
1732 816 2309 816 493 752 816 188 1046 153 1155 2449 976 1251|0.001 -0.07849580043852722 -0.02583568975966566 0.1113408519004544
921 187 1000 2828 2121 1282 1414 1225 604 230 1000 1106 2345 2074|0.001 -0.03358761936944843 0.021639228620056183 0.02380458758008297
1000 921 187 1414 2828 2121 1282 1000 1225 604 230 1000 2236 2345|0.001 -0.1055465273635714 0.0853670234935322 0.2300187401842546
2828 1000 1414 230 1225 1000 187 604 2121 921 1282 2236 707 3000|0.001 0.09935588734832468 -0.1487861370977328 0.709942591458177
2304 656 1392 204 1086 1330 249 1086 3072 1086 1536 1664 1201 3258|0.001 0.14002013096816812 0.04469228180408402 0.7051610794164098
179 1103 146 718 472 780 780 1655 956 2207 780 1113 1196 932|0.001 0.21097832219213464 -0.6088036582617873 -0.07520969411131895
2027 1655 380 2121 3510 4680 2340 1523 1655 1655 310 1977 3432 3881|0.001 -0.011039080549549718 0.30407217869563574 0.1340575613389583
718 1655 472 179 146 780 956 1103 780 2207 780 1618 1011 863|0.001 0.14855456736150519 0.04935744491763039 -0.5084805832594619
3000 1000 3000 566 566 693 693 200 2600 200 2600 3162 721 2661|0.001 -0.09655777764502216 -0.03825640852028078 0.12909422479990607
566 200 566 3000 3000 2600 2600 1000 693 200 693 721 3162 2661|0.001 -0.047971497273416874 0.07080381447200468 -0.04906055505087825
3000 1000 3000 693 693 566 566 200 2600 200 2600 3162 825 3053|0.001 -0.05610724251327248 -0.030913278657286325 0.062112260070403824
693 200 693 3000 3000 2600 2600 1000 566 200 566 825 3162 3053|0.001 -0.07801135578623719 0.0909797366941989 0.0008600287500404313
5303 1225 4596 354 1768 1768 354 1000 5303 1225 4596 5397 1275 5590|0.001 -0.07934049708007929 0.16943874843514228 0.23019807817759919
77 1000 77 218 266 266 218 1154 385 1154 385 1003 1174 317|0.001 0.0538463893620289 -0.40395237789549454 0.0011881013394754447
1768 1000 354 4596 5303 5303 4596 1225 1768 1225 354 1275 5397 5590|0.001 0.05188984283554632 0.2886078554834093 0.1871899853626413
266 1154 218 77 77 385 385 1000 266 1154 218 1174 1003 317|0.001 0.19886538231087325 -0.12014678116123556 -0.30475279157431867
4330 816 3753 289 1443 1443 289 1000 4330 816 3753 3841 1190 4564|0.001 -0.07465324792174877 0.12828556457530116 0.11895014135102855
77 1000 77 266 218 218 266 1154 385 1154 385 1003 1023 277|0.001 0.10707970848995885 -0.0667203406046446 0.04622130086447074
1443 1000 289 3753 4330 4330 3753 816 1443 816 289 1190 3841 4564|0.001 -0.09725540538880861 -0.1803775626331494 0.24078019995403377
218 1154 266 77 77 385 385 1000 218 1154 266 1023 1003 277|0.001 0.2487271212346842 -0.02488681238628887 -0.4416783522206047
1681 1596 994 364 1681 1681 364 1426 1681 1892 994 2542 1712 2377|0.001 -0.034073093887636574 0.053690996446082995 0.2540550186184376
1053 1185 228 623 1053 1053 623 626 1053 893 228 1326 410 1489|0.001 0.04843299811930546 0.8489716240764245 -0.12455296144501915
888 753 526 192 888 888 192 844 888 528 526 639 896 1256|0.001 0.02237755759886717 0.230251267828665 0.12409116356021599
1179 701 255 698 1179 1179 698 1327 1179 1120 255 808 1920 1667|0.001 -0.13345758140656971 0.0427320783590579 0.014470703102980043
3000 1000 3000 693 693 693 693 200 2200 200 2200 3162 825 2661|0.001 -0.05547337065698099 -0.05914190314839751 0.09653780349807128
693 200 693 3000 3000 2200 2200 1000 693 200 693 825 3162 2661|0.001 -0.023006872685467084 0.04191071285353898 -0.06240526473620833
3000 1000 3000 693 693 693 693 200 2200 200 2200 3162 825 2661|0.001 -0.024395984598675202 -0.006028266306069563 0.011217147386612947
693 200 693 3000 3000 2200 2200 1000 693 200 693 825 3162 2661|0.001 -0.07878401879173769 0.11633392138812315 -0.056609850800035666
4330 1000 3175 289 1443 1443 289 1000 4330 1000 3175 3841 1190 4564|0.001 -0.0010946819217616532 0.03858131181615043 0.659757525394189
91 1000 91 315 315 315 315 1364 455 1364 455 1004 1209 375|0.001 0.22938121446111737 -0.5103610885236942 -0.05735456603269129
1443 1000 289 3175 4330 4330 3175 1000 1443 1000 289 1190 3841 4564|0.001 -0.07414953289190951 -0.11637910998076095 0.21048441097669013
315 1364 315 91 91 455 455 1000 315 1364 315 1209 1004 375|0.001 0.017839599365048198 -0.03385675518532638 -0.35993884679448085
4330 1000 3175 289 1443 1443 289 1000 4330 1000 3175 3841 1190 4564|0.001 -0.10104705786571633 0.004658370627017572 0.523847052083033
91 1000 91 315 315 315 315 1364 455 1364 455 1004 1209 375|0.001 0.11442931983213667 -0.18165839031474507 0.056261848120326974
1443 1000 289 3175 4330 4330 3175 1000 1443 1000 289 1190 3841 4564|0.001 -0.1129000931250368 0.11814695712539791 0.1885681684919427
315 1364 315 91 91 455 455 1000 315 1364 315 1209 1004 375|0.001 0.06269591279774556 0.09776129691591029 -0.10249240970939932
1000 921 187 1414 2828 2828 1414 1000 1000 921 187 1000 2236 3000|0.001 0.040086483274799356 0.48331036642457637 0.23242874027658011
2828 1000 1414 187 1000 1000 187 921 2828 921 1414 2236 1000 3000|0.001 -0.08520653230196462 0.04053778956436771 0.39534557752791244
3072 1000 1536 204 1086 1086 204 1086 3072 1086 1536 2391 1201 3258|0.001 -0.09005642753243226 0.007706660248840702 0.18563704429036543
1086 1086 204 1536 3072 3072 1536 1000 1086 1086 204 1201 2391 3258|0.001 -0.12817705899175857 -0.15032382584210469 0.07010227372004962
1000 1000 1000 1299 693 87 693 817 817 817 817 1414 1510 1052|0.001 0.09774200761207608 -0.0520804383905471 0.006141008078983656
693 817 1299 1000 1000 817 817 1000 87 817 693 1510 1414 1052|0.001 -0.04778960865953641 0.030529311684206473 0.11630842674771102
1299 817 693 1000 1000 817 817 1000 693 817 87 1090 1414 1510|0.001 -0.10891842174670874 -0.08808659919152473 0.19479131671148897
1000 1000 1000 693 1299 693 87 817 817 817 817 1414 1090 1510|0.001 -0.03034648208400048 0.12095818120686497 -0.06789892155431798
848 1224 1590 1000 1000 1224 1224 1000 106 1224 848 1334 1002 1009|0.001 0.0005074823968365116 0.0505372115517444 -0.04820918658748119
1000 1000 1000 1590 848 106 848 1224 1224 1224 1224 1002 1334 1009|0.001 0.15929123516054355 -0.06935197408962979 -0.04435472954426145
1000 1000 1000 848 1590 848 106 1224 1224 1224 1224 1731 1848 1334|0.001 -0.018428638317523616 0.045751445787780565 0.19195754418008137
1590 1224 848 1000 1000 1224 1224 1000 848 1224 106 1848 1731 1334|0.001 0.03580795950728355 0.09365314165131533 -0.002832045953738982
908 2444 908 1000 1000 222 222 1000 908 2444 908 1808 1414 1023|0.001 0.14262800561186895 0.03544176104990138 0.07574868092330878
1000 1000 1000 908 908 908 908 2444 222 2444 222 1414 1808 1023|0.001 0.14473058903776925 -0.0735026262029892 0.19159407081783764
908 2444 908 1000 1000 222 222 1000 908 2444 908 1808 1414 1023|0.001 -0.06218447579027786 -0.0014750583257649996 0.023001217269116303
1000 1000 1000 908 908 908 908 2444 222 2444 222 1414 1808 1023|0.001 -0.04405157971960172 0.12164987205631306 0.07796017366886288
1102 1000 2693 245 1102 1102 245 1000 1102 1000 2693 1992 1127 1558|0.001 0.04321145201669152 -0.06406893792331614 0.7111137960387426
91 1000 91 371 371 371 371 409 409 409 409 1004 740 418|0.001 0.05743206477684337 -0.40459078574159757 -0.07224500729335781
1102 1000 245 2693 1102 1102 2693 1000 1102 1000 245 1127 1992 1558|0.001 -0.11055876386189101 0.07495825002885148 0.14491103009879547
371 409 371 91 91 409 409 1000 371 409 371 740 1004 418|0.001 0.041671494672226306 -0.029726242869007047 -0.3574109146553872
1102 1000 2693 245 1102 1102 245 1000 1102 1000 2693 1992 1127 1558|0.001 -0.15853754044718782 0.1337277770572265 -0.035206632943506344
91 1000 91 371 371 371 371 409 409 409 409 1004 740 418|0.001 0.060013054289749235 -0.3574092550772068 -0.07811553970325846
1102 1000 245 2693 1102 1102 2693 1000 1102 1000 245 1127 1992 1558|0.001 -0.10261966018936919 0.16063264501964047 0.13114094112945285
371 409 371 91 91 409 409 1000 371 409 371 740 1004 418|0.001 0.06955746563533483 -0.08174029173507069 -0.445895037820182
1102 1000 245 1000 1000 1000 1000 1000 2693 1000 1836 1127 1731 1992|0.001 0.09973323267516765 0.23221811042914764 0.006843125031166242
1000 1000 1000 245 1836 2693 1102 1000 1000 1000 1000 1731 1204 2438|0.001 0.052768723045959476 0.05776616122798561 1.3475026782863897
2693 1000 1102 1000 1000 1000 1000 1000 1836 1000 245 1992 1002 2438|0.001 0.1374326438723994 0.270995292691103 -0.0547272730012649
1000 1000 1000 1102 2693 1836 245 1000 1000 1000 1000 1002 1992 2438|0.001 -0.00043217635812498045 0.07746688446187866 0.2267912099880265
1000 1000 1000 245 1102 2693 1836 1000 1000 1000 1000 1731 1127 1992|0.001 0.2268239109068615 -0.08162879315890437 0.1847937308957337
1836 1000 245 1000 1000 1000 1000 1000 2693 1000 1102 1204 1731 2438|0.001 -0.09120085202359518 -0.13416758037408716 0.16079710289963467
1836 1000 2693 1000 1000 1000 1000 1000 245 1000 1102 2438 1731 1204|0.001 -0.07739110634366053 0.0069218434460882605 0.10623229591388172
1000 1000 1000 2693 1836 245 1102 1000 1000 1000 1000 1731 2438 1204|0.001 0.059384254693641836 0.08429704183098963 -0.011513088410338712
533 1000 533 302 302 566 566 573 595 200 595 1133 815 777|0.001 -0.09344245153454889 0.008014268451139728 0.1692892399676693
302 573 302 533 533 595 595 1000 566 200 566 815 1133 777|0.001 -0.09447793201920573 0.16406108337168712 0.033469462789623705
250 1000 250 1021 1604 1604 1021 1875 1875 1875 1875 1031 2490 1744|0.001 0.341986604247686 -0.475221176929016 0.0005713765433568163
1836 1571 979 245 1836 1836 245 1000 1836 1571 979 2438 1204 2596|0.001 0.016940237837501648 0.15825214325464243 0.949961464134943
1169 1000 156 623 1169 1169 623 637 1169 637 156 1087 674 1653|0.001 0.003316294610069548 0.5996820543328019 0.06163264550613334
1021 1875 1604 250 250 1875 1875 1000 1021 1875 1604 1081 1031 1230|0.001 0.20420523850099626 -0.16303672677842385 -0.6152769869154984
250 1000 250 1604 1021 1021 1604 1875 1875 1875 1875 1031 1081 1230|0.001 0.18404620692972884 -0.4928618353646874 -0.06517942925285625
1169 637 623 156 1169 1169 156 1000 1169 637 623 674 1087 1653|0.001 -0.12697531806722062 0.009013903201255946 0.5394661495109898
1604 1875 1021 250 250 1875 1875 1000 1604 1875 1021 2490 1031 1744|0.001 0.13642571045741292 -0.10502562818535677 -0.8546458438475113
1836 1000 245 979 1836 1836 979 1571 1836 1571 245 1204 2438 2596|0.001 -0.061180169137632356 0.30427138781051744 0.14718515023129042
1000 1000 1000 545 545 856 856 133 533 133 533 1414 656 576|0.001 -0.06850087220594991 -0.04962019663987571 0.08168079670735962
856 133 856 1000 1000 533 533 1000 545 133 545 930 1414 1328|0.001 -0.08303451443179788 0.10773829642174215 -0.06177864820605561
1000 1000 1000 856 856 545 545 133 533 133 533 1414 930 1328|0.001 -0.08783922946053346 -0.07100501712041574 0.11804626487841974
545 133 545 1000 1000 533 533 1000 856 133 856 656 1414 576|0.001 -0.07913657615409853 0.07728710525855442 0.008938828538749277
1511 1295 806 271 2032 2980 777 1000 1511 1295 806 1916 1245 2888|0.001 0.00836843924977515 0.263395270661666 0.1404955043140066
2301 1000 600 622 1167 1167 622 772 1569 772 209 1543 928 2230|0.001 -0.04451478352873739 0.11667741232932904 0.01840395189301125
1167 772 622 600 2301 1569 209 1000 1167 772 622 928 1543 2230|0.001 -0.08177539051377303 -0.04719891968894441 0.47295110934020057
2032 1000 271 806 1511 1511 806 1295 2980 1295 777 1245 1916 2888|0.001 -0.04688337428113698 0.6801958687316834 -0.019785583897716785
566 600 693 1000 1000 738 817 1000 71 950 87 1149 1414 1051|0.001 0.0377273779234133 0.03176390353052838 -0.04550267483659498
1000 1000 1000 87 71 566 693 950 738 600 817 1414 1002 721|0.001 0.10104246246925408 -0.08238025457160014 -0.7856886151104248
693 817 87 1000 1000 600 950 1000 566 738 71 825 1414 1149|0.001 -0.0593659203392527 0.9585170223426065 -0.007563502502895281
1000 1000 1000 71 566 693 87 738 600 817 950 1414 721 825|0.001 -0.1399389476693813 0.17568877090674562 0.03663316083398316
87 950 71 1000 1000 817 738 1000 693 600 566 953 1414 825|0.001 0.12851933541435878 -0.9022800895718674 -0.13323687148054097
1000 1000 1000 566 693 87 71 600 817 950 738 1414 825 1052|0.001 -0.07830660398359113 0.06384133243476864 0.02081071572274995
1230 1583 1362 1155 943 118 144 1667 1667 1667 1667 1586 1374 1202|0.001 0.010702189663649442 0.1519150707206296 -0.05117780809293482
74 1053 91 860 777 1053 1053 632 595 1053 729 1003 1266 1107|0.001 0.19851397238795698 -0.8115703444776023 -0.05114390722424922
734 904 1163 106 848 692 87 1224 1224 1224 1224 1473 1288 1009|0.001 -0.14150938265979907 0.1109482434234188 0.059402848003251574
860 632 777 74 91 729 595 1053 1053 1053 1053 1001 1055 1108|0.001 0.21654917952793618 -0.15292595532388265 -0.7460979072577145
766 1355 96 1287 813 1355 1355 1107 938 1355 117 1424 1289 1556|0.001 -0.06172028814108055 0.7246092159608608 0.06261113715833266
1155 1667 943 1230 1362 1667 1667 1583 144 1667 118 1915 2005 1374|0.001 -0.16644694081348277 0.01383595687471928 0.14921263798872708
1000 1000 1000 87 693 566 71 817 600 738 950 1414 825 1149|0.001 -0.13671929883218858 0.09666083519141999 0.2917598702222368
71 950 87 1000 1000 738 817 1000 566 600 693 1002 1414 721|0.001 0.09944137186964186 -0.8119513364241715 -0.1269533889499197
1000 1000 1000 693 566 71 87 600 738 950 817 1414 1149 1051|0.001 -0.0037689046563804673 0.14100862785808577 -0.013060156140947132
693 600 566 1000 1000 817 738 1000 87 950 71 825 1414 1052|0.001 -0.058517978408837434 -0.03173351448408357 0.1996735200575639
1000 1000 1000 71 87 693 566 950 817 600 738 1414 953 825|0.001 0.10801200023908608 -0.10305600622981803 -0.7186436794518036
566 738 71 1000 1000 600 950 1000 693 817 87 721 1414 825|0.001 -0.0015284792926717472 1.1301671421038595 0.04457895917014287
848 1224 106 1163 734 1224 1224 904 692 1224 87 1288 1473 1009|0.001 -0.09013931077139326 0.3466557354576727 0.09788804486560387
777 632 860 91 74 595 729 1053 1053 1053 1053 1266 1003 1107|0.001 0.14940014949759162 -0.10058941968439039 -0.8802434491150191
943 1667 1155 1362 1230 1667 1667 1583 118 1667 144 1374 1586 1202|0.001 0.10936215752589407 0.08055231766992632 -0.06636580069085962
1362 1583 1230 943 1155 144 118 1667 1667 1667 1667 2005 1915 1374|0.001 0.11778901873515935 -0.04566134289205048 0.06679172874263672
91 1053 74 777 860 1053 1053 632 729 1053 595 1055 1001 1108|0.001 0.19026277497635968 -0.641691974034474 -0.09049135440623912
813 1107 1287 96 766 938 117 1355 1355 1355 1355 1289 1424 1556|0.001 -0.1003576683434304 0.1498681639347077 0.3281483288247
1061 1116 566 1000 1000 738 738 1000 566 1116 71 1458 1414 1456|0.001 -0.09170183228900286 0.0655686649187559 0.10468276104785845
1000 1000 1000 566 1061 566 71 738 1116 738 1116 1414 791 1149|0.001 0.07423116359459359 0.020018780969781602 0.19435287242821175
1000 1000 1000 1061 566 71 566 1116 738 1116 738 1414 1149 1051|0.001 0.003900437537449619 0.03520212990199889 -0.0013161974206055138
566 738 1061 1000 1000 1116 1116 1000 71 738 566 1456 1414 1002|0.001 -0.030004665185391355 0.06243397714617238 -0.04176594219574059
662 1000 662 507 951 507 63 896 896 896 896 1267 1030 709|0.001 0.21867255172706823 -0.05442575348719947 0.20507341096957843
1437 1355 766 1511 1511 1355 1355 1000 766 1355 96 1972 1916 1975|0.001 -0.12060924755350144 0.003499638034882846 0.12825977322727056
507 896 951 662 662 896 896 1000 63 896 507 1306 1127 646|0.001 -0.09985344812138974 0.09091603628100353 0.04353687207801382
1511 1000 1511 1437 766 96 766 1355 1355 1355 1355 1703 1071 1556|0.001 -0.015331495935874129 -0.011529142810455806 0.03914483077461339
1000 1000 1000 566 1061 566 71 1116 738 1116 738 1414 1458 1456|0.001 -0.061524449077235976 0.19402167002338544 -0.007762438052598686
1000 1000 1000 1061 566 71 566 738 1116 738 1116 1414 1456 1002|0.001 -0.10752860722145763 0.06403494330085913 0.061917175015411274
566 1116 1061 1000 1000 738 738 1000 71 1116 566 1149 1414 1051|0.001 -0.003885276647372926 0.04067669159477871 -0.003917515697581253
1061 738 566 1000 1000 1116 1116 1000 566 738 71 791 1414 1149|0.001 -0.023475892626558803 -0.020413470055246075 0.18072036442770223
951 896 507 662 662 896 896 1000 507 896 63 1030 1267 709|0.001 -0.07611953913935321 0.12342776661588895 0.031774305926033364
662 1000 662 951 507 63 507 896 896 896 896 1127 1306 646|0.001 -0.027178594618967322 -0.01186161557117038 0.04466763461894008
766 1355 1437 1511 1511 1355 1355 1000 96 1355 766 1071 1703 1556|0.001 0.09911854876136106 -0.01904605865268527 -0.044842766165651415
1511 1000 1511 766 1437 766 96 1355 1355 1355 1355 1916 1972 1975|0.001 0.12564299640764665 0.008152163094410358 0.09040511161536369
245 1000 1102 1163 3182 3182 1163 1366 245 1366 1102 1127 2462 3192|0.001 0.009360384694101498 0.019297163739824263 0.07499930584143666
1175 2737 860 947 947 211 211 1000 1175 2737 860 2118 1378 1257|0.001 0.34600004684165686 -0.016640747122615984 0.019100135840151022
947 1000 947 860 1175 1175 860 2737 211 2737 211 1378 2118 1257|0.001 0.11941842539069603 0.01255697237972031 0.0832396441544625
3182 1366 1163 1102 245 245 1102 1000 3182 1366 1163 2462 1127 3192|0.001 0.10950747192099541 0.32014126249056307 -0.0987385682869002
860 2737 1175 947 947 211 211 1000 860 2737 1175 1763 1378 969|0.001 0.19774868970542814 0.11721999732589028 -0.03420897891794228
179 1000 807 851 2330 2330 851 732 179 732 807 1070 1501 2337|0.001 -0.060694189507880525 0.0746046982876436 0.3293930420109348
947 1000 947 1175 860 860 1175 2737 211 2737 211 1378 1763 969|0.001 -0.07306397594126546 0.13123202162685033 -0.03858310925248465
2330 732 851 807 179 179 807 1000 2330 732 851 1501 1070 2337|0.001 0.011261257692398718 0.3284209763220214 0.01048028520994837
1163 1366 3182 245 1102 1102 245 1000 1163 1366 3182 2050 1127 1602|0.001 -0.09257716624731738 0.10386558499418497 0.14253037637968147
77 1000 77 314 429 429 314 365 346 365 346 1003 644 459|0.001 0.049275694045540774 -0.4171962267278506 -0.07214131708298877
1102 1000 245 3182 1163 1163 3182 1366 1102 1366 245 1127 2050 1602|0.001 -0.08199056591365661 0.21180512937964524 0.0682974943720116
429 365 314 77 77 346 346 1000 429 365 314 644 1003 459|0.001 0.04519212050674293 -0.06624741596543027 -0.3932078823228513
851 732 2330 179 807 807 179 1000 851 732 2330 1803 1070 1173|0.001 -0.11689001424153078 0.13239839158886157 -0.04382254274162056
77 1000 77 429 314 314 429 365 346 365 346 1003 774 354|0.001 0.04576822227837729 -0.40586264578285514 -0.06252881125824117
807 1000 179 2330 851 851 2330 732 807 732 179 1070 1803 1173|0.001 -0.041514441617924724 0.3996630982152327 0.017847143654377007
314 365 429 77 77 346 346 1000 314 365 429 774 1003 354|0.001 0.046101602371615424 -0.06639884005845476 -0.3804058619767192
429 365 314 314 284 284 314 865 429 231 314 644 1040 544|0.001 -0.042275047114945785 0.09294049217588363 -0.060717827904757105
314 865 284 429 314 314 429 365 314 231 284 911 774 544|0.001 -0.09790860851553895 0.039246453295169736 0.13045536790364354
284 865 314 314 429 429 314 365 284 231 314 1040 644 544|0.001 -0.09789134253661902 -0.01667357473891351 0.16480641510627114
314 365 429 284 314 314 284 865 314 231 429 774 911 544|0.001 -0.01878132477398653 0.009833812806905318 0.0062034648723652275
1443 1000 289 1155 2309 2309 1155 1000 1443 1000 289 1190 1915 2723|0.001 0.09561233936413283 0.715034551959226 0.0974814240387567
2309 1000 1155 289 1443 1443 289 1000 2309 1000 1155 1915 1190 2723|0.001 -0.033709890364427286 0.00024288725450682946 0.6731210517515307
1443 1000 289 1155 2309 2309 1155 1000 1443 1000 289 1190 1915 2723|0.001 -0.08437578574607474 0.12930148418587306 0.03984536070839484
2309 1000 1155 289 1443 1443 289 1000 2309 1000 1155 1915 1190 2723|0.001 -0.0862916784312906 0.3712568865203214 -0.006778157719384836
1211 674 646 906 2719 1359 181 1000 1211 674 646 782 1861 2272|0.001 0.07090938625059717 0.11462255964079349 0.3213274586780135
2719 1000 906 646 1211 1211 646 674 1359 674 181 1861 782 2272|0.001 0.03268029572566222 0.34266207448766073 0.04706988056844441
906 1000 2719 1211 646 646 1211 674 181 674 1359 1861 1551 762|0.001 0.1103665591455183 -0.05207215150741629 -0.021599977107711332
2245 1000 1123 556 826 826 556 533 748 533 150 1876 646 1537|0.001 0.061933835260747916 0.0616703612606484 -0.0069180143828107
826 533 556 1123 2245 748 150 1000 826 533 556 646 1876 1537|0.001 -0.020789188765640843 0.08430228035860576 -0.028734246080636128
646 674 1211 2719 906 181 1359 1000 646 674 1211 1551 1861 762|0.001 -0.1045404370152303 0.0768749084939202 0.05443643769442508
1744 1000 581 329 616 616 329 920 872 920 116 1419 935 1379|0.001 -0.09557529490582417 -0.19679647344151507 0.3021543422160211
329 920 616 1744 581 116 872 1000 329 920 616 1174 1419 419|0.001 -0.0028387083176828476 0.05846324797574187 -0.010162649258216305
581 1000 1744 616 329 329 616 920 116 920 872 1419 1174 419|0.001 -0.05864383180136823 0.05647361016377639 0.07853881437535959
616 920 329 581 1744 872 116 1000 616 920 329 935 1419 1379|0.001 0.12940963134740358 0.12101415994407505 0.21752047002140396
1622 533 1492 1414 2828 943 189 1000 1622 533 1492 1516 2236 2302|0.001 0.09707787067199547 -0.0775360119872659 0.22702891826701377
2828 1000 1414 1492 1622 1622 1492 533 943 533 189 2236 1516 2302|0.001 0.011528759819448009 0.019816660005114173 -0.010567656687714422
354 1000 1768 1225 230 230 1225 604 88 604 354 1275 1195 290|0.001 0.03494667411640062 0.007413310818489283 -0.02928531128164269
493 188 816 1443 289 72 289 1000 493 188 816 976 1190 514|0.001 -0.10786678386404347 0.14600228276850924 -0.02075090792087897
2828 5000 2828 650 650 3464 3464 250 1709 1000 1709 3606 820 2000|0.001 0.0009617283074514482 -0.09788034925073075 -0.37735936902123846
1225 604 230 354 1768 354 88 1000 1225 604 230 707 1275 1458|0.001 -0.10810035099347415 -0.24754300349358882 0.2761045885856639
1768 1000 354 230 1225 1225 230 604 354 604 88 1275 707 1458|0.001 -0.0034776316142914876 0.6253187128293036 -0.11879765078206983
650 250 650 2828 2828 1709 1709 5000 3464 1000 3464 820 3606 2000|0.001 0.14170831937141415 -0.347469167269846 -0.041287581493422154
230 604 1225 1768 354 88 354 1000 230 604 1225 1195 1275 290|0.001 -0.05854799913427966 0.08332430952542991 -0.0003059685570538928
289 1000 1443 816 493 493 816 188 72 188 289 1190 976 514|0.001 -0.12272825186863345 -0.023051777734591772 0.16269336968796733
1443 1000 289 493 816 816 493 188 289 188 72 1190 577 1041|0.001 -0.04597392086054697 0.24177361280766307 0.034716621423986904
380 1655 2027 585 146 585 2925 1000 380 1655 2027 1170 1042 480|0.001 0.008587832769249015 -0.01975813949601113 -0.11108623910015103
585 1000 146 380 2027 2027 380 1655 2925 1655 585 1042 1977 2412|0.001 0.20849287077580936 0.2172817414273065 0.48547110717815256
2027 1655 380 146 585 2925 585 1000 2027 1655 380 1977 1042 2412|0.001 0.24225029501690587 0.6102581092005255 0.02172844511220573
816 188 493 289 1443 289 72 1000 816 188 493 577 1190 1041|0.001 -0.10129226713766148 0.12452461932653813 0.012535597243081842
146 1000 585 2027 380 380 2027 1655 585 1655 2925 1042 1170 480|0.001 0.010601106465024657 -0.11920640322219622 -0.0220751225175142
2032 1000 271 176 330 330 176 975 1651 975 68 1245 977 1861|0.001 -0.06209195629745423 0.6785788185586816 -0.0492749112483426
5543 1875 5683 1540 385 9382 11547 1000 5543 1875 5683 5551 1262 5860|0.001 0.13885816595755607 -0.13151239356294475 -0.532225327964192
5004 1000 6158 3031 2956 2956 3031 533 205 533 821 5640 3198 3125|0.001 0.10739218139709239 0.05963956487609945 -0.08991206912095984
2956 533 3031 6158 5004 205 821 1000 2956 533 3031 3198 5640 3125|0.001 0.014564762546078747 0.019482673456403532 0.03419784537496362
330 975 176 271 2032 1651 68 1000 330 975 176 977 1245 1861|0.001 0.09070890658958497 -0.026670708226887996 1.4065558944990353
385 1000 1540 5683 5543 5543 5683 1875 9382 1875 11547 1262 5551 5860|0.001 0.15218411084792605 -0.7142358385323333 -0.07402169898532818
1540 1000 385 5543 5683 5683 5543 1875 11547 1875 9382 1262 5997 7076|0.001 0.24005862722745075 -3.4477136002244846 -0.1451358725471774
338 1025 180 69 1692 2083 278 1000 338 1025 180 1082 1057 1908|0.001 -0.041721037342465905 0.10255281022607976 2.8121728396431434
200 1231 200 591 591 606 606 41 107 164 107 1127 625 592|0.001 -0.0012089076250709763 -0.007651356479121407 -0.00310027548389491
591 41 591 200 200 107 107 1231 606 164 606 625 1127 592|0.001 -0.09235714688033414 0.09819739960186924 -0.04357007517552969
5683 1875 5543 385 1540 11547 9382 1000 5683 1875 5543 5997 1262 7076|0.001 0.3630410661179462 -0.06476541424734195 -1.9323714709561213
1692 1000 69 180 338 338 180 1025 2083 1025 278 1057 1082 1908|0.001 0.02182160580363357 3.647926647966775 0.1901497130954133
146 1000 585 2390 2106 2106 2390 1875 3565 1875 4388 1042 2203 2227|0.001 0.30004170620914206 -0.5109097527116491 -0.024808409845495927
785 881 418 245 1836 1492 61 1000 785 881 418 922 1204 1831|0.001 -0.01893538956229679 -0.1098246501992739 1.1518340981381825
1692 1000 69 475 890 890 475 1135 2083 1135 278 1057 1428 2078|0.001 0.029591269920199448 4.426887459507611 0.06613955044221909
2390 1875 2106 146 585 4388 3565 1000 2390 1875 2106 3007 1042 2877|0.001 0.333831377084739 -0.02871426914492159 -2.478184612476678
585 1000 146 2106 2390 2390 2106 1875 4388 1875 3565 1042 3007 2877|0.001 0.41396314639803533 -1.6165729423041586 -0.036630482841052414
890 1135 475 69 1692 2083 278 1000 890 1135 475 1428 1057 2078|0.001 -0.02850687416588671 0.232422795735725 2.2844593438687544
2106 1875 2390 585 146 3565 4388 1000 2106 1875 2390 2203 1042 2227|0.001 0.21706950489449373 -0.0670969650215536 -0.6978689072974187
1836 1000 245 418 785 785 418 881 1492 881 61 1204 922 1831|0.001 0.0871732496695965 1.370047516989581 -0.029863841771585742
1123 533 1275 2340 1901 78 312 1000 1123 533 1275 1604 2334 1188|0.001 -0.028328766650822512 0.10018688801598952 -0.026059494907408887
591 41 591 526 526 281 281 1231 670 164 670 625 1228 618|0.001 -0.029568094464973438 0.034003863348301966 -0.05078793089626443
526 1231 526 591 591 670 670 41 281 164 281 1228 625 618|0.001 -0.022771207085878764 -0.024092035390860245 0.02312022435624783
1901 1000 2340 1275 1123 1123 1275 533 78 533 312 2334 1604 1188|0.001 0.055571848348268116 -0.001638090389578517 0.020389041796755603
1414 1000 2828 1000 921 921 1000 187 1149 187 1414 2236 1106 1572|0.001 -0.07246575388327514 -0.03240063489041933 0.09633636750157049
921 187 1000 2828 1414 1149 1414 1000 921 187 1000 1106 2236 1572|0.001 -0.07703384448607187 0.1077954859007324 -0.04014002060500954
1000 921 187 1414 2828 1414 1149 1000 1000 921 187 1000 2236 2236|0.001 0.06292680411553508 0.7175721887721465 -0.12092910215039221
2828 1000 1414 187 1000 1000 187 921 1414 921 1149 2236 1000 2236|0.001 -0.05990054198046657 0.0003896257143054527 0.3768415770277045
1536 1000 1248 204 1086 1086 204 1086 3072 1086 1536 1708 1201 2429|0.001 -0.07065803287375161 0.18843729553942534 -0.14800898921901173
163 1231 163 801 801 870 870 1231 870 2462 870 1121 1368 962|0.001 0.21954902502071105 0.0841881367543329 0.04663804399339
1086 1086 204 1248 1536 3072 1536 1000 1086 1086 204 1201 1708 2429|0.001 0.05447586822012518 0.09503440414627917 0.2577940818443025
801 1231 801 163 163 870 870 1231 870 2462 870 1368 1121 962|0.001 0.21940833107948698 -0.10491967423020387 -0.6086841900989659
566 1116 1061 1061 566 521 977 738 106 774 199 1149 1456 625|0.001 0.17296923464495073 0.029639633598135262 -0.17362274875568962
766 1355 1437 269 144 766 1437 1049 705 1511 1323 1071 961 766|0.001 0.10873888407155752 -0.10947330416226864 -0.5181258175819214
1000 921 188 696 943 1052 730 533 533 491 100 1000 745 1083|0.001 0.09973595879380515 0.8120634302561869 -0.0634724542914511
1768 1875 1305 187 1000 1875 352 921 1972 1726 1369 2574 1000 2577|0.001 -0.09509753837431467 -0.0003767861461578814 0.9253756352912856
269 1049 144 766 1437 1323 705 1355 1437 1511 766 1119 1972 1437|0.001 0.15708246720480767 -0.14373870676101186 0.06343428286960329
1061 738 566 566 1061 199 106 1116 977 774 521 791 1458 1173|0.001 0.005493413097787947 -0.030748523380755843 0.1841727839649998
467 694 875 951 507 95 178 896 507 662 951 1415 1306 507|0.001 -0.04494622647559954 0.094226626144438 -0.002051219356096201
137 953 257 1261 673 731 1370 1441 731 1291 1370 1067 786 808|0.001 0.06178611585715199 -0.3042460863602414 -0.07078280593944886
1143 533 793 204 1086 579 109 1086 1024 579 756 623 1201 1493|0.001 -0.06544487282289957 0.11741631097148986 0.2938091800790277
1261 1441 673 137 257 1370 731 953 1370 1291 731 2038 917 1515|0.001 0.1331563430713656 -0.02203502813746261 -0.5174593871326072
1086 1086 204 1487 2142 1920 1417 1875 2037 2037 382 1201 3031 2206|0.001 0.011184187461679151 0.7356886599558221 -0.008944232145272624
951 896 507 467 875 951 507 694 178 662 95 1030 546 951|0.001 -0.02294289014000417 0.1137426503964245 0.025581070059812472
1000 921 187 354 1768 1061 221 1000 1225 604 230 1000 1275 1458|0.001 0.10873437982773959 0.2674502424240921 0.6086123570592372
1768 1000 354 230 1225 1000 187 604 1061 921 221 1275 707 2031|0.001 0.10271954229892799 0.26498801086750845 0.7688259197239655
1152 656 240 204 1086 1330 249 1086 1920 1086 384 747 1201 2206|0.001 0.09431467289564788 0.1352631005713678 0.5519164848370117
2027 1655 380 366 1755 2925 585 1523 1655 1655 310 1977 1819 2412|0.001 0.056055923546636244 0.3327501197395888 0.839762805331048
2032 1000 271 144 269 330 176 1049 1841 975 169 1245 1119 1861|0.001 -0.14372013752134705 -0.0370685995053599 0.19869194841052096
7300 1875 6960 1886 1179 12816 14142 1225 6789 2296 6960 7792 1546 7776|0.001 0.2208647931990937 -0.04691830019361243 -0.19449433751873357
6835 1225 7542 3712 3893 3621 3712 533 629 653 1006 6908 3569 4434|0.001 0.016322285423533422 -0.008468916720910658 0.0642304926075199
2956 533 3031 6158 5581 513 821 816 3179 435 3031 3198 6212 3386|0.001 0.08526490884834148 0.01499974661550052 -0.024042506013208786
330 975 176 271 2032 1841 169 1000 269 1049 144 977 1245 2050|0.001 -0.08153310799857039 0.26039724093532834 0.08424005591167294
962 816 1540 5683 5543 5961 5683 1875 10464 1531 11547 1743 5551 6789|0.001 0.31033674702264813 -0.7968932136587425 -0.03657074213786138
1886 1225 1179 7300 6960 6960 6789 1875 14142 2296 12816 2134 6692 8667|0.001 0.3059455607482531 -0.9731416231544676 0.03513092113632155
257 953 137 161 1756 1937 258 930 315 953 168 917 1065 1954|0.001 -0.037460227700590876 -0.09341206710612449 0.8960443447624833
179 1103 146 570 530 543 543 92 96 147 78 1113 649 530|0.001 -0.05991478465249722 -0.03973536039059811 0.05782350824297122
570 92 530 179 146 78 96 1103 543 147 543 607 1011 608|0.001 -0.059051080986713966 0.06499184497640087 -0.031232625012984627
5683 1875 5543 962 1540 11547 10464 816 5683 1531 5961 5997 1262 7076|0.001 0.2993292296156991 -0.10122810136859672 -0.9712427679358693
1888 1075 174 180 338 276 147 1025 2083 1025 278 1225 1082 1908|0.001 -0.013434463013487496 1.1841300695081003 0.10279037002515201
875 694 467 538 2016 1218 112 732 574 645 306 546 1205 1972|0.001 -0.07660097510332031 0.3338323899922657 -0.15082663271157926
1756 930 161 673 1261 828 442 1441 2906 1055 775 1065 2038 2099|0.001 0.08257076037798683 0.8251157327323866 0.0989744446211338
2142 1875 1487 240 1152 4320 2610 656 1569 1231 1383 3031 747 2581|0.001 -0.011337612058831548 -0.033925500130562725 -0.39848444818858964
1755 1523 366 2106 2390 3264 2265 1875 6581 2856 3976 1819 3007 4899|0.001 0.13447199797720355 0.49144344401512274 0.11658665682192426
890 1135 475 174 1888 3125 833 1075 1356 1549 723 1428 1225 3055|0.001 0.01160888307290886 0.12266872006734264 0.5672405014571269
2754 1366 734 418 785 1195 637 881 1664 948 153 2050 922 1989|0.001 0.013041290168709363 0.4115279849707165 0.010015899034441222
538 732 2016 875 467 306 574 694 112 645 1218 1501 1415 557|0.001 -0.015102908179315255 0.015266268500082614 0.0420160270836889
793 533 1143 2304 1392 128 614 656 737 350 837 1616 2253 903|0.001 0.12596865690920778 -0.13360940683040945 0.05264256052615934
418 881 785 2754 734 153 1664 1366 637 948 1195 1258 1646 476|0.001 -0.015069269000521635 0.07442379651688258 0.01744156091732396
2121 1523 3510 1275 1123 1208 1741 533 195 812 936 2535 1604 1287|0.001 0.08455969813282893 0.01710189484949387 -0.06444144819972464
2121 1225 2828 1000 921 604 1000 187 1282 230 1414 2345 1106 2074|0.001 -0.0914460025154562 -0.04094201478236692 0.11684962504972196
493 188 816 2309 1732 1046 1155 816 752 153 816 976 2449 1251|0.001 -0.05876277614683678 0.06891575483457091 -0.010923312137733898
1225 604 230 1414 2828 2121 1282 1000 1000 921 187 707 2236 3000|0.001 0.02562210671077425 0.5905575728330059 -0.03092586278119369
2828 1000 1414 187 1000 1225 230 921 2121 604 1282 2236 1000 2345|0.001 -0.03445878707870942 -0.1261675290275477 0.8934474806102166
3510 1523 2121 380 2027 1655 310 1655 4680 1655 2340 3432 1977 3881|0.001 -0.02822368275521292 0.3232128988394445 0.0123399552037462
146 1103 179 472 718 780 780 1655 780 2207 956 1011 1618 863|0.001 0.1024005752479984 -0.3861902779551796 -0.05356646507125307
1086 1086 204 1392 2304 3072 1536 656 1330 1086 249 1201 1664 3258|0.001 0.01335440751993433 0.798961597850798 -0.012345148192947075
472 1655 718 146 179 956 780 1103 780 2207 780 1196 1113 932|0.001 0.18698597785697268 -0.10240052201763827 -0.8152440147983098
533 1104 1000 1061 566 713 1336 738 100 743 188 1133 1456 574|0.001 0.0834533377840807 0.02640484472040905 -0.03237783138776873
766 1355 1437 254 135 722 1355 1007 965 1495 1810 1071 1009 1053|0.001 0.05958004273727058 -0.03689679352180564 -0.2984167808548266
943 1260 177 696 943 1040 701 533 503 672 94 1374 745 1069|0.001 -0.04303534122014119 0.43689053233050057 0.005023182560246475
1768 1875 1305 177 943 1768 331 1260 1951 2362 1314 2574 1374 2500|0.001 0.09301759260261111 0.0678022488290475 0.9555703411197847
254 1007 135 766 1437 1810 965 1355 1355 1495 722 1032 1972 1975|0.001 0.07887476261364101 -0.8573146646640539 -0.1424552554175984
1061 738 566 533 1000 188 100 1104 1336 743 713 791 1414 1077|0.001 -0.05075357868945973 0.01452845555421245 0.14049475543144396
646 674 1211 906 483 91 170 906 513 669 961 1551 1282 705|0.001 0.13193221416140322 -0.06510344734060869 0.011020930662868356
135 993 252 1797 959 761 1427 1484 717 1345 1345 1025 1161 773|0.001 0.06227386736629592 -0.252158538979278 -0.03186601954667356
826 533 556 140 748 399 75 794 748 423 553 646 806 1058|0.001 -0.10307124765028375 0.1740679322011096 -0.12770925243641984
1797 1484 959 135 252 1345 717 993 1427 1345 761 2303 1002 1449|0.001 0.16763356868057855 -0.038405598707884625 -0.2582857393944771
748 794 140 1043 1549 1403 1036 1875 1403 1488 263 806 2402 1590|0.001 0.07813325101007962 0.5469695623787207 0.21503581191804066
906 906 483 646 1211 961 513 674 170 669 91 1027 782 1321|0.001 -0.027710947778678552 0.15533830091944978 -0.09627744354803514
943 1260 177 354 1768 1768 354 1000 943 1260 177 1374 1275 2003|0.001 -0.10443490883332518 0.5670242874735387 -0.14778538045564282
1768 1000 354 177 943 943 177 1260 1768 1260 354 1275 1374 2003|0.001 0.04872071111429177 0.1476686995706289 0.3122999954822281
1403 1000 281 140 748 748 140 794 1403 794 281 1181 806 1590|0.001 0.009863148829121204 0.3100562323533751 0.5865741650466716
748 794 140 281 1403 1403 281 1000 748 794 140 806 1181 1590|0.001 -0.08584035200321471 0.14801313817605743 0.27157220561866424
2032 1000 271 135 254 254 135 1007 2032 1007 271 1245 1032 2048|0.001 0.019425760052738106 1.3896007508153452 -0.04074040993719663
7434 1875 7382 2000 2000 15000 15000 1000 7434 1875 7382 7617 2236 9234|0.001 0.11141754050855823 -0.1517287718933935 -0.8858209615238333
492 133 492 125 125 67 67 1000 496 133 496 613 1008 497|0.001 -0.0786558229869172 0.08870647230593054 -0.03418430153385499
125 1000 125 492 492 496 496 133 67 133 67 1008 613 497|0.001 -0.09047853810504436 -0.054763849380959906 0.10464964420642708
254 1007 135 271 2032 2032 271 1000 254 1007 135 1032 1245 2048|0.001 0.10409601061935447 0.07099040614563235 1.3986504120579424
2000 1000 2000 7382 7434 7434 7382 1875 15000 1875 15000 2236 7617 9234|0.001 0.1736196003495616 -0.31775241780222174 0.08563959453677938
2000 1000 2000 7434 7382 7382 7434 1875 15000 1875 15000 2236 7450 9192|0.001 0.17797234792419347 -0.5360758539466048 -0.04927335635998675
252 993 135 269 2018 2018 269 1000 252 993 135 1002 1242 2033|0.001 0.019501769455521067 0.14359096177445352 1.0023727307984354
125 1000 125 496 496 492 492 133 67 133 67 1008 616 508|0.001 -0.0672036242458185 -0.03306003358258702 0.06937793408164028
496 133 496 125 125 67 67 1000 492 133 492 616 1008 508|0.001 -0.09847915346462233 0.12162502030139688 -0.060345437821270886
7382 1875 7434 2000 2000 15000 15000 1000 7382 1875 7434 7450 2236 9192|0.001 0.3184575827424929 0.008785491937297607 -0.3990857513163293
2018 1000 269 135 252 252 135 993 2018 993 269 1242 1002 2033|0.001 0.01283781209429291 1.187101822735086 0.0960801446412285
1000 1104 533 566 1061 1336 713 738 188 743 100 1414 791 1077|0.001 -0.05242656466155626 0.055047414644091575 0.02342847405653048
1437 1355 766 135 254 1355 722 1007 1810 1495 965 1972 1032 1975|0.001 0.18667761547235484 -0.10707618792805684 -0.4765844042684897
943 1260 177 1305 1768 1951 1314 1875 1768 2362 331 1374 2574 2500|0.001 0.01873909700392362 0.8276571689082779 -0.06740780124874002
943 533 696 177 943 503 94 1260 1040 672 701 745 1374 1069|0.001 -0.0952434182568751 0.1311346922225498 0.031082778078912465
135 1007 254 1437 766 965 1810 1355 722 1495 1355 1009 1071 1053|0.001 0.09119547261070782 -0.39613452186651354 -0.075028317711473
566 738 1061 1000 533 100 188 1104 713 743 1336 1456 1133 574|0.001 -0.05424898987827609 0.08117246912431764 0.016383522623879543
1211 674 646 483 906 170 91 906 961 669 513 782 1027 1321|0.001 0.019906189846501388 0.316229366699845 -0.07281612938082604
252 993 135 959 1797 1427 761 1484 1345 1345 717 1002 2303 1449|0.001 0.11692392865386259 -0.37594605414176696 -0.004818171421456796
1549 1875 1043 140 748 1403 263 794 1403 1488 1036 2402 806 1590|0.001 0.09077866193740292 -0.09069072206977391 1.4697857062020514
959 1484 1797 252 135 717 1345 993 761 1345 1427 1161 1025 773|0.001 0.07107039198548826 -0.08539953379830045 -0.38929717771807537
748 794 140 556 826 748 553 533 399 423 75 806 646 1058|0.001 0.029053342554734574 0.7807686301474992 -0.0341603624770237
483 906 906 1211 646 513 961 674 91 669 170 1282 1551 705|0.001 -0.0845025401345223 0.03733630514398234 0.08359821780830945
943 1260 177 1414 2828 2828 1414 1000 943 1260 177 1374 2236 2981|0.001 -0.09192901239562068 0.08366672829981825 -0.005003520809458983
2828 1000 1414 177 943 943 177 1260 2828 1260 1414 2236 1374 2981|0.001 0.011661479097395677 0.16457190961843393 0.5296554732615943
2245 1000 1123 140 748 748 140 794 2245 794 1123 1876 806 2367|0.001 -0.04957492237575911 0.13320394333774077 0.21584032184357893
748 794 140 1123 2245 2245 1123 1000 748 794 140 806 1876 2367|0.001 0.1904799809091262 0.9471165859721098 -0.11460884202448729
566 200 566 1600 1600 1600 1600 1000 566 200 566 721 1887 1697|0.001 -0.07629626204047502 0.07532449868368207 0.00961350234052638
1600 1000 1600 566 566 566 566 200 1600 200 1600 1887 721 1697|0.001 -0.07924799776562907 -0.057775222450814345 0.11179237796258956
566 200 566 1600 1600 1600 1600 1000 566 200 566 721 1887 1697|0.001 -0.06406633372198378 0.07182224096939693 -0.012769823846306982
1600 1000 1600 566 566 566 566 200 1600 200 1600 1887 721 1697|0.001 -0.057108744980328696 -5.784986710111184e-05 0.053962162360425836
1768 1000 354 2828 2828 2828 2828 1000 1768 1000 354 1275 3000 3335|0.001 -0.10023722173187255 -0.15953877572734254 0.19591181354114529
354 1000 354 125 125 625 625 1000 354 1000 354 1061 1008 451|0.001 0.0798234186572433 0.11643722480511931 -0.2477426581347486
2828 1000 2828 354 1768 1768 354 1000 2828 1000 2828 3000 1275 3335|0.001 -0.04908736211485243 0.08378057628166458 0.6358757967644313
125 1000 125 354 354 354 354 1000 625 1000 625 1008 1061 451|0.001 0.08450422992055895 -0.3144811021389393 -0.10784334783298655
1768 1000 354 2828 2828 2828 2828 1000 1768 1000 354 1275 3000 3335|0.001 -0.10315888734821255 0.06306320853643577 0.0285971747970315
354 1000 354 125 125 625 625 1000 354 1000 354 1061 1008 451|0.001 0.16382554974417207 0.03892609990019613 -0.25148631482453165
2828 1000 2828 354 1768 1768 354 1000 2828 1000 2828 3000 1275 3335|0.001 -0.07382287250728314 0.08709700350943761 0.15598880206618926
125 1000 125 354 354 354 354 1000 625 1000 625 1008 1061 451|0.001 0.18215413057047325 -0.4935423511806769 -0.005355274262122123
125 1000 125 461 989 989 461 1875 938 1875 938 1008 1931 1047|0.001 0.24908064823869092 -0.47405786514428727 0.03143970014525266
4064 2144 2167 271 2032 2032 271 1000 4064 2144 2167 4185 1245 4543|0.001 0.018590277576071568 0.08307559100785511 0.8218421627932848
948 1000 126 1011 1895 1895 1011 466 948 466 126 1058 1113 2119|0.001 -0.07481582485697968 -0.1157003241802923 0.41678243115490066
461 1875 989 125 125 938 938 1000 461 1875 989 1101 1008 575|0.001 0.07272246784232106 0.016947341143704886 -0.3843692851580982
125 1000 125 989 461 461 989 1875 938 1875 938 1008 1101 575|0.001 0.1867487825026748 -0.5767814489678724 -0.03499277913132093
1895 466 1011 126 948 948 126 1000 1895 466 1011 1113 1058 2119|0.001 -0.031549506306108865 0.06212136532909307 0.45499138916299975
989 1875 461 125 125 938 938 1000 989 1875 461 1931 1008 1047|0.001 0.247012608920405 0.01096343079642681 -0.5750312108140221
2032 1000 271 2167 4064 4064 2167 2144 2032 2144 271 1245 4185 4543|0.001 -0.058983564965577884 0.4480284508529686 -0.08554590288390229
2000 1000 2000 492 492 1055 1055 133 1067 133 1067 2236 613 1175|0.001 -0.09059036487940375 -0.039211773669054484 0.10509582502046033
1055 133 1055 2000 2000 1067 1067 1000 492 133 492 1117 2236 2060|0.001 -0.07996210071586352 0.08233716262320945 -0.027048173156081212
2000 1000 2000 1055 1055 492 492 133 1067 133 1067 2236 1117 2060|0.001 -0.09199263644812938 -0.024900941418651845 0.10599888093203225
492 133 492 2000 2000 1067 1067 1000 1055 133 1055 613 2236 1175|0.001 -0.07745375346439265 0.08814718905270524 -0.04727184657294714
507 682 507 455 455 1364 1364 1000 507 682 507 969 1098 937|0.001 0.16422397282516155 -0.1383147088666703 -0.32549782776311487
455 1000 455 507 507 507 507 682 1364 682 1364 1098 969 937|0.001 0.05521732874167018 -0.060409891836116225 -0.07880159612137394
507 682 507 455 455 1364 1364 1000 507 682 507 969 1098 937|0.001 0.08061210903602234 -0.1043093208992163 0.01858162826593679
455 1000 455 507 507 507 507 682 1364 682 1364 1098 969 937|0.001 0.03812538252163655 -0.12163788394600417 0.06080974918411197
3000 1000 3000 566 566 566 566 200 3000 200 3000 3162 721 3053|0.001 -0.04480084761737002 0.028133012194229146 0.030686296406747804
566 200 566 3000 3000 3000 3000 1000 566 200 566 721 3162 3053|0.001 -0.03462222652018787 0.029697065582223736 -0.019920353457716367
3000 1000 3000 566 566 566 566 200 3000 200 3000 3162 721 3053|0.001 -0.053696985065208036 -0.017857142889498023 0.05273903582302619
566 200 566 3000 3000 3000 3000 1000 566 200 566 721 3162 3053|0.001 -0.06732149468212878 0.07574155054843379 -0.030216003494860644
5303 1000 5303 354 1768 1768 354 1000 5303 1000 5303 5397 1275 5590|0.001 0.10714722977184898 -0.056806652526643076 1.1039562243986123
67 1000 67 189 189 189 189 1000 333 1000 333 1002 1018 240|0.001 0.16571436268203898 -0.3136898424900858 -0.10124220979933929
1768 1000 354 5303 5303 5303 5303 1000 1768 1000 354 1275 5397 5590|0.001 -0.06744211969181291 0.2088450737694436 0.2233596624238654
189 1000 189 67 67 333 333 1000 189 1000 189 1018 1002 240|0.001 0.13191590853103952 -0.03886770996599065 -0.4781668900309999
5303 1000 5303 354 1768 1768 354 1000 5303 1000 5303 5397 1275 5590|0.001 0.05001386530440799 0.08647481478643693 0.3845056571298078
67 1000 67 189 189 189 189 1000 333 1000 333 1002 1018 240|0.001 0.14193689894765882 -0.09531603570399505 -0.09312625188505397
1768 1000 354 5303 5303 5303 5303 1000 1768 1000 354 1275 5397 5590|0.001 -0.0017055275454735952 0.16366742796263933 0.16662706944408745
189 1000 189 67 67 333 333 1000 189 1000 189 1018 1002 240|0.001 0.12325837637089387 0.09639087594881302 -0.20651304384437963
1000 921 187 354 1768 1768 354 1000 1000 921 187 1000 1275 2031|0.001 -0.0958735996912885 0.11440329401859906 0.20527376786968698
1768 1000 354 187 1000 1000 187 921 1768 921 354 1275 1000 2031|0.001 0.09614301140316917 0.6921946366171228 0.24250949964135238
1920 1000 384 204 1086 1086 204 1086 1920 1086 384 1318 1201 2206|0.001 0.02027288254399684 0.9133122414682671 0.09336645571333513
1086 1086 204 384 1920 1920 384 1000 1086 1086 204 1201 1318 2206|0.001 0.14998507288870533 0.711370492207879 0.38604681559875287
1000 1000 1000 533 533 67 67 1000 1104 1000 1104 1414 1133 1002|0.001 0.12831722269582846 0.007831817602910185 0.04085259966956967
533 1000 533 1000 1000 1104 1104 1000 67 1000 67 1133 1414 1002|0.001 -0.007407946089202921 0.034585569090079815 0.05358166195815084
1000 1000 1000 67 67 533 533 1000 1104 1000 1104 1414 1002 1133|0.001 0.14374106869638803 -0.0384878100335162 -0.7025860029224151
533 1104 67 1000 1000 1000 1000 1000 533 1104 67 1133 1414 1133|0.001 -0.04787264868329144 1.0082895816191484 0.03779884069023298
1000 1000 1000 67 533 533 67 1104 1000 1104 1000 1414 1133 1133|0.001 0.08489119078042506 -0.03451547028295754 1.6322848897286235
67 1000 67 1000 1000 1104 1104 1000 533 1000 533 1002 1414 1133|0.001 0.126406865498494 -0.8676025636863316 -0.1321399889135355
533 1000 533 1104 1104 1000 1000 1000 67 1000 67 1133 1489 1133|0.001 -0.08808340140343596 0.10428895519839054 0.024628795679444426
1104 1000 1104 533 533 67 67 1000 1000 1000 1000 1489 1133 1133|0.001 -0.0008990922568830051 -0.032539170675139895 0.051500962737069944
906 1000 906 60 483 483 60 906 906 906 906 1350 908 1027|0.001 -0.08713154209569529 0.002183955613497268 0.8330866061427056
67 1000 67 1104 1104 1000 1000 1000 533 1000 533 1002 1489 1002|0.001 0.15464108576740632 -0.759148994033183 -0.02993371231911346
483 906 60 906 906 906 906 1000 483 906 60 908 1350 1027|0.001 -0.03151395557723369 0.7093099307805528 0.13731474826652157
1104 1000 1104 67 67 533 533 1000 1000 1000 1000 1489 1002 1002|0.001 0.1164621650757236 -0.1359999675066248 -0.7220777205705997
2032 1000 271 144 269 269 144 1049 2032 1049 271 1245 1119 2050|0.001 0.025556139468712047 0.8172826049151349 0.013942510042836975
7300 1875 6960 1886 1886 14142 14142 1000 7300 1875 6960 7792 2134 8942|0.001 0.36557232369339276 -0.022274453623543078 -0.4717642369675401
492 133 492 133 133 71 71 1000 516 133 516 613 1009 473|0.001 -0.07971333703209682 0.09367251750033612 -0.03424703127270612
133 1000 133 492 492 516 516 133 71 133 71 1009 613 473|0.001 -0.09330126032295549 -0.0634093562789273 0.1176370886725997
269 1049 144 271 2032 2032 271 1000 269 1049 144 1119 1245 2050|0.001 -0.16455087539640978 0.0666561667021659 -0.005987108943658059
1886 1000 1886 6960 7300 7300 6960 1875 14142 1875 14142 2134 7792 8942|0.001 0.1626868169672835 -0.509744307364709 -0.0603111511630916
1886 1000 1886 7300 6960 6960 7300 1875 14142 1875 14142 2134 6692 8667|0.001 0.38173314376139356 -0.7287345981187499 0.0014380027957172636
257 953 137 258 1937 1937 258 1000 257 953 137 917 1225 1954|0.001 0.023280854838962917 0.13696004761530878 1.0471550968074683
133 1000 133 516 516 492 492 133 71 133 71 1009 632 551|0.001 -0.08382692287684734 -0.04103360216930807 0.0983887073674139
516 133 516 133 133 71 71 1000 492 133 492 632 1009 551|0.001 -0.06337227285216795 0.058918648423060827 -0.008689549622269421
6960 1875 7300 1886 1886 14142 14142 1000 6960 1875 7300 6692 2134 8667|0.001 0.20712769169053846 -0.04197974988211839 -0.3866658047810223
1937 1000 258 137 257 257 137 953 1937 953 258 1225 917 1954|0.001 -0.1072526322355849 0.04682459710547482 0.30761441756967267
875 694 467 896 2689 1344 179 1000 875 694 467 546 1847 2093|0.001 0.0358521771096032 0.3388969984985968 0.008378210611696968
2689 1000 896 467 875 875 467 694 1344 694 179 1847 546 2093|0.001 0.05004342811522067 0.21954049348136273 0.09696797302291449
896 1000 2689 875 467 467 875 694 179 694 1344 1847 1415 615|0.001 0.08393049665246677 -0.014522670396153181 -0.025325430266759374
3072 1000 1536 793 1143 1143 793 533 1024 533 205 2391 623 2110|0.001 0.08462905100464102 0.02982763827958701 0.0026348066042714002
1143 533 793 1536 3072 1024 205 1000 1143 533 793 623 2391 2110|0.001 -0.12812541677498568 0.10032914366130852 -0.025119542573787124
467 694 875 2689 896 179 1344 1000 467 694 875 1415 1847 615|0.001 0.036326911528543615 0.026710887117886717 -0.004058834418321222
566 1000 566 1000 1000 738 738 1000 71 1000 71 1149 1414 1051|0.001 0.018816080220960263 0.010848325800043579 -0.00793408032457421
1000 1000 1000 71 71 566 566 1000 738 1000 738 1414 1002 721|0.001 0.1891830012125606 -0.14603451534986545 -0.9857985881496645
566 738 71 1000 1000 1000 1000 1000 566 738 71 721 1414 1149|0.001 -0.030801548672990675 0.8428290263942273 0.0639347732209572
1000 1000 1000 71 566 566 71 738 1000 738 1000 1414 721 1149|0.001 -0.14836346095646213 0.16352682984256628 -0.09066539748532221
71 1000 71 1000 1000 738 738 1000 566 1000 566 1002 1414 721|0.001 0.10300678388281748 -0.8244847814795075 -0.09763794793605451
1000 1000 1000 566 566 71 71 1000 738 1000 738 1414 1149 1051|0.001 0.006278188520889572 0.08658224091625755 -0.037809557281253126
738 1000 738 566 566 71 71 1000 1000 1000 1000 1243 1149 721|0.001 -0.1293863415726959 0.08210767865664437 0.0196338831081877
71 1000 71 738 738 1000 1000 1000 566 1000 566 1002 1243 1051|0.001 0.10286330274677846 -0.7407749750370873 -0.08556303869898585
1355 1000 1355 96 766 766 96 1355 1355 1355 1355 1684 1424 1556|0.001 -0.15095088901685316 0.13955226368250528 -0.04396842365634979
738 1000 738 71 71 566 566 1000 1000 1000 1000 1243 1002 1051|0.001 0.06651111482190553 -0.08928077304398041 -0.8172217783379454
766 1355 96 1355 1355 1355 1355 1000 766 1355 96 1424 1684 1556|0.001 -0.031928382642050224 1.2556390749646584 -0.01471105561864694
566 1000 566 738 738 1000 1000 1000 71 1000 71 1149 1243 721|0.001 0.029733776890807917 -0.06854978065985007 0.1679201775768413
179 1000 807 896 2689 2689 896 1000 179 1000 807 1070 1847 2695|0.001 -0.02537806241983409 0.04208861541756814 0.3103294015411562
1116 3000 1116 900 900 200 200 1000 1116 3000 1116 2060 1345 1194|0.001 -0.1030241702326895 -0.05544173850916101 0.13721107223016782
900 1000 900 1116 1116 1116 1116 3000 200 3000 200 1345 2060 1194|0.001 0.3336785819400334 0.021891230628514613 -0.03722098816391073
2689 1000 896 807 179 179 807 1000 2689 1000 896 1847 1070 2695|0.001 0.0592340382979506 0.19410660217376252 -0.022579394493288385
1116 3000 1116 900 900 200 200 1000 1116 3000 1116 2060 1345 1194|0.001 0.19066241992057087 0.18943444010033117 -0.024686548751684523
179 1000 807 896 2689 2689 896 1000 179 1000 807 1070 1847 2695|0.001 0.0018290856890668117 0.0024749383346489573 0.35283407586182536
900 1000 900 1116 1116 1116 1116 3000 200 3000 200 1345 2060 1194|0.001 -0.019949074439210568 0.07357510187326222 0.15208618714042776
2689 1000 896 807 179 179 807 1000 2689 1000 896 1847 1070 2695|0.001 -0.05431351364701742 0.0015460736042394174 0.09750023225469917
896 1000 2689 179 807 807 179 1000 896 1000 2689 1847 1070 1206|0.001 -0.09880964044928997 0.15791531671169645 -0.06272911192179986
807 1000 179 2689 896 896 2689 1000 807 1000 179 1070 1847 1206|0.001 -0.13151589566545607 0.037044215959856075 0.12502310873167888
896 1000 2689 179 807 807 179 1000 896 1000 2689 1847 1070 1206|0.001 -0.05404001005075321 0.05980523858963416 0.3432124889409538
807 1000 179 2689 896 896 2689 1000 807 1000 179 1070 1847 1206|0.001 -0.05371473365397117 0.19585062071820092 0.04712747391659278
1000 1000 1000 3000 1600 200 1600 1720 1720 1720 1720 1414 1887 1020|0.001 0.04937031098774858 -7.027769436063203e-05 -0.019705825574892755
1600 1720 3000 1000 1000 1720 1720 1000 200 1720 1600 1887 1414 1020|0.001 0.1644698513332954 -0.039043297677557876 -0.09402696317631243
3000 1720 1600 1000 1000 1720 1720 1000 1600 1720 200 3162 1414 1887|0.001 0.024888328898322598 0.06464652969897511 -0.019896218899102536
1000 1000 1000 1600 3000 1600 200 1720 1720 1720 1720 1414 3162 1887|0.001 0.11067431439567788 -0.026030209513727698 0.1575389870065047
930 581 1744 1000 1000 581 581 1000 116 581 930 1838 1823 1097|0.001 -0.0735588529894704 0.03739362930275547 0.06455165015038178
1000 1000 1000 1744 930 116 930 581 581 581 581 1823 1838 1097|0.001 -0.12536445692194476 0.11377115661738157 0.10492543373370689
1000 1000 1000 930 1744 930 116 581 581 581 581 822 1097 1838|0.001 0.11529384135354537 -0.003386898811812422 0.1854399233883175
1744 581 930 1000 1000 581 581 1000 930 581 116 1097 822 1838|0.001 0.20411640403718678 0.07791909298185296 0.00794073389663863
1000 1000 1000 1600 1600 200 200 1000 1720 1000 1720 1414 1887 1020|0.001 -0.056295014900058504 -0.01459569943421557 0.054494426515707683
1600 1000 1600 1000 1000 1720 1720 1000 200 1000 200 1887 1414 1020|0.001 -0.097845947532883 -0.034027341638419584 0.20232075359347235
1000 1000 1000 200 200 1600 1600 1000 1720 1000 1720 1414 1020 1887|0.001 0.15458868359067957 -0.0909819199754458 -0.816837877951041
1600 1720 200 1000 1000 1000 1000 1000 1600 1720 200 1887 1414 1887|0.001 0.0024447479158573593 1.2256347994782368 -0.0570556011370027
1000 1000 1000 200 1600 1600 200 1720 1000 1720 1000 1414 1887 1887|0.001 0.07067164453018027 -0.029728578547890683 1.619231643312895
200 1000 200 1000 1000 1720 1720 1000 1600 1000 1600 1020 1414 1887|0.001 0.2308784037398781 -0.8267238784395425 -0.09166285496942539
1600 1000 1600 1720 1720 1000 1000 1000 200 1000 200 1887 1990 1887|0.001 0.10121297369750204 0.002646144531577299 0.027073597483506795
1720 1000 1720 1600 1600 200 200 1000 1000 1000 1000 1990 1887 1887|0.001 -0.01721780584185373 0.1098208079601215 -0.026128374431252377
581 1000 581 116 930 930 116 581 581 581 581 1157 593 1097|0.001 -0.020387183944086118 -0.03759747844849892 0.9944870354290947
200 1000 200 1720 1720 1000 1000 1000 1600 1000 1600 1020 1990 1020|0.001 0.1130824324839641 -0.7838158671300954 -0.09941703792857304
930 581 116 581 581 581 581 1000 930 581 116 593 1157 1097|0.001 -0.07024015441353226 0.679126193919033 0.048572496737571136
1720 1000 1720 200 200 1600 1600 1000 1000 1000 1000 1990 1020 1020|0.001 0.16744970895946398 -0.009252830029875536 -0.7068987099763169
1744 1000 581 467 1000 581 271 883 930 1047 201 1419 1027 1838|0.001 0.04462389897187169 0.14615186550628323 0.06049764106653699
573 333 573 573 333 156 268 533 600 116 506 814 1054 594|0.001 -0.1079989694525918 0.12148794091635828 0.020620608321062495
573 533 333 573 573 506 600 333 268 116 156 629 814 739|0.001 -0.10960644839425493 0.01800324954888799 0.1264655481564403
581 1047 271 581 1744 930 201 1000 1000 883 467 1157 1419 1097|0.001 -0.1060687089427792 0.1936281657936445 -0.08760075881010354
70 1000 70 1220 1747 1747 1220 1690 1056 1690 1056 1002 2648 1768|0.001 0.18505481639101262 -1.740048463280084 -0.11022702614050028
1386 1433 820 58 866 866 58 1000 1386 1433 820 2171 1025 1634|0.001 -0.04072480295355785 -0.029732075332666863 1.9519311696460462
605 1000 40 572 967 967 572 698 605 698 40 1012 546 1141|0.001 -0.0595998377448248 1.797959530371116 -0.03253845846985626
1220 1690 1747 70 70 1056 1056 1000 1220 1690 1747 954 1002 1250|0.001 0.2246734872454259 -0.06395166828224608 -1.5592506745497214
70 1000 70 1747 1220 1220 1747 1690 1056 1690 1056 1002 954 1250|0.001 0.22915936396255665 -1.6028903439253062 -0.0930925120409054
967 698 572 40 605 605 40 1000 967 698 572 546 1012 1141|0.001 -0.06367719968434771 -0.014547730090676003 1.8152820408414505
1747 1690 1220 70 70 1056 1056 1000 1747 1690 1220 2648 1002 1768|0.001 0.30952669776785235 -0.10746201226742969 -1.4596250365900887
866 1000 58 820 1386 1386 820 1433 866 1433 58 1025 2171 1634|0.001 -0.0985589219312133 1.0433465463097824 0.021084819009065114
1034 592 722 625 625 42 42 1000 1034 592 722 564 1179 1046|0.001 -0.03358552319507102 0.04247132863138381 -0.0016321317384149214
625 1000 625 1034 722 722 1034 592 42 592 42 1179 1567 739|0.001 -0.112194033432369 0.05931186395728538 0.08510126789129879
722 592 1034 625 625 42 42 1000 722 592 1034 1567 1179 739|0.001 0.05871764818609293 -0.0665003415948473 0.052619574055081664
625 1000 625 722 1034 1034 722 592 42 592 42 1179 564 1046|0.001 -0.13121758006524153 -0.0001271487683152106 0.10213363056046143
1744 1000 581 467 1000 1289 602 883 930 681 201 1419 1027 1366|0.001 -0.03632092307996215 0.04811752663088864 0.29276805353651625
573 333 573 573 739 345 268 533 391 116 506 814 783 859|0.001 -0.10811713308086501 0.14349913504592138 -0.005595573609273874
573 533 739 573 573 506 391 333 268 116 345 1153 814 739|0.001 -0.10844688093796573 0.004257226532728975 0.1359527538518135
1289 681 602 581 1744 930 201 1000 1000 883 467 878 1419 2010|0.001 -0.024498095869812664 -0.010478833123809261 0.37649613151057526
520 1000 520 2036 2279 1757 1428 1500 2400 1500 2400 1127 2966 1938|0.001 0.24161689489896387 -0.20121820275874058 0.07218923735638372
737 1120 491 255 1179 1179 255 701 737 863 491 1457 808 1390|0.001 -0.04988942793169859 0.1365159758571255 0.11870233981633893
1053 771 228 439 658 658 439 893 1053 626 228 850 826 1242|0.001 -0.0502235604366863 0.16017078132045004 0.1360853885358182
2036 1500 2279 520 520 2400 2400 1000 1428 1500 1757 1883 1127 1645|0.001 0.11450184874140623 0.08090939648498718 -0.11183087330484898
520 1000 520 1757 1428 2036 2279 1500 2400 1500 2400 1127 1199 2444|0.001 -0.019200519097059 -0.08406138846143829 -0.0646934610656924
853 812 569 296 1366 1366 296 1297 853 1158 569 683 1508 1610|0.001 0.042763519798521 -0.05540539166620562 0.693703358306168
1757 1500 1428 520 520 2400 2400 1000 2279 1500 2036 2586 1127 2650|0.001 0.1477927280553204 0.14527359413415208 -0.0572156673011881
1681 1426 364 700 1051 1051 700 1231 1681 1596 364 1712 1811 1982|0.001 0.09485739988346342 0.5712072720662498 0.02735322889105385
1744 1000 581 602 1289 1000 467 681 930 883 201 1419 878 2010|0.001 0.04357374315212326 -0.12717727657414857 0.3912489393303109
573 333 573 739 573 268 345 533 506 116 391 814 1153 739|0.001 -0.1086257832466897 0.12049394668999014 0.02286786466072055
739 533 573 573 573 391 506 333 345 116 268 783 814 859|0.001 -0.11010500868581907 -0.009511434851986467 0.1502549168957712
1000 883 467 581 1744 930 201 1000 1289 681 602 1027 1419 1366|0.001 -0.06030226164127628 -0.09565811413486114 0.06364177249601033
520 1000 520 1428 1757 2279 2036 1500 2400 1500 2400 1127 2586 2650|0.001 0.15776348280030383 0.056140354179661234 0.10106105564140044
1051 1231 700 364 1681 1681 364 1426 1051 1596 700 1811 1712 1982|0.001 -0.07842434860829806 -0.004214885348587938 0.013895055925152722
1366 1297 296 569 853 853 569 812 1366 1158 296 1508 683 1610|0.001 -0.04829950774895675 0.22648245646462506 0.1731460422504405
1428 1500 1757 520 520 2400 2400 1000 2036 1500 2279 1199 1127 2444|0.001 0.18850520361511913 -0.010301687752705124 -0.4837887181341738
520 1000 520 2279 2036 1428 1757 1500 2400 1500 2400 1127 1883 1645|0.001 -0.03156898827579635 -0.18170909590089157 -0.02331646106043528
658 893 439 228 1053 1053 228 771 658 626 439 826 850 1242|0.001 0.04354088883914864 -0.0014490044359571908 0.6034745336097247
2279 1500 2036 520 520 2400 2400 1000 1757 1500 1428 2966 1127 1938|0.001 0.004206929364407586 0.010886836257333332 -0.0235409070812842
1179 701 255 491 737 737 491 1120 1179 863 255 808 1457 1390|0.001 0.20464621543044625 0.7078520247583131 -0.022048504928621204
1744 1000 581 271 581 1000 467 1047 930 883 201 1419 1157 1097|0.001 0.036341159372736964 -0.01984097180672273 0.22444044044324096
573 333 573 333 573 268 156 533 506 116 600 814 629 739|0.001 -0.1063154780971276 0.1483514819187315 -0.014857928930503972
333 533 573 573 573 600 506 333 156 116 268 1054 814 594|0.001 -0.10739828423757647 -0.0016210514946268795 0.13932180542655548
1000 883 467 581 1744 930 201 1000 581 1047 271 1027 1419 1838|0.001 0.035961204784535905 -0.005995098202599136 0.12269787526563825
1179 1327 698 255 1179 1179 255 701 1179 1120 698 1920 808 1667|0.001 0.03350057089911873 0.046332326939695356 0.31929962649627885
888 844 192 526 888 888 526 753 888 528 192 896 639 1256|0.001 0.07932310804460663 0.19313177245182445 0.20923513687334694
1053 626 623 228 1053 1053 228 1185 1053 893 623 410 1326 1489|0.001 0.15009427421520005 -0.009846137415904233 0.6023737378132576
1681 1426 364 994 1681 1681 994 1596 1681 1892 364 1712 2542 2377|0.001 0.03148492902134592 0.14914533489583048 0.22695403859783747
1000 1000 1000 1000 533 67 533 1104 1104 1104 1104 1414 1133 1002|0.001 0.05742922086274804 -0.021247754114591677 0.03551259119560557
533 1104 1000 1000 1000 1104 1104 1000 67 1104 533 1133 1414 1002|0.001 0.05547180790826278 0.04480287189237542 -0.06544104269808892
1000 1104 533 1000 1000 1104 1104 1000 533 1104 67 1414 1414 1133|0.001 -0.03345256449273415 -0.008199597058105024 0.07068901830170171
1000 1000 1000 533 1000 533 67 1104 1104 1104 1104 1414 1414 1133|0.001 -0.042882408596973676 0.037391068013972184 0.1649109853315167
483 906 906 1000 1000 906 906 1000 60 906 483 1282 1535 1027|0.001 -0.07398591102298346 0.04705804449012696 0.01414811494516277
1000 1000 1000 906 483 60 483 906 906 906 906 1535 1282 1027|0.001 0.20820952798554782 -0.07968940424460946 -0.08640280199521677
1000 1000 1000 483 906 483 60 906 906 906 906 1282 1027 1282|0.001 0.10739627403974605 -0.0815488562135902 0.28603864380209565
906 906 483 1000 1000 906 906 1000 483 906 60 1027 1282 1282|0.001 0.11943436110932737 0.2624072069165284 -0.05639994836079465
625 1000 625 647 502 502 647 592 42 592 42 1179 1119 527|0.001 0.06834607916024416 -0.003043457967162322 -0.012012859789727326
647 592 502 625 625 42 42 1000 647 592 502 776 1179 667|0.001 0.06719696226814786 -0.08411366528682462 0.060959919178320554
625 1000 625 502 647 647 502 592 42 592 42 1179 776 667|0.001 0.07664842793191129 0.10557818631033555 -0.056510245025994665
502 592 647 625 625 42 42 1000 502 592 647 1119 1179 527|0.001 0.07295097784814741 -0.06469087609221269 0.08532828215787269
966 1000 64 915 1546 1546 915 776 966 776 64 1031 1199 1823|0.001 -0.008807288614065545 2.793722596805277 -0.04910901698610415
848 1690 1093 70 70 1056 1056 1000 848 1690 1093 1311 1002 891|0.001 0.19317691448594188 -0.18010750681108134 -1.844808594312617
1993 1289 1179 83 1246 1246 83 1000 1993 1289 1179 2230 1050 2350|0.001 -0.01122115473855878 0.05582503497197244 2.1800655102009525
70 1000 70 848 1093 1093 848 1690 1056 1690 1056 1002 1891 1127|0.001 0.3267059269021644 -1.4107809038532315 -0.03438363025513813
1246 1000 83 1179 1993 1993 1179 1289 1246 1289 83 1050 2230 2350|0.001 -0.11407623888295415 1.2399533869186463 0.0057602987080973556
1093 1690 848 70 70 1056 1056 1000 1093 1690 848 1891 1002 1127|0.001 0.3027941874366169 -0.0864382199998115 -1.6123936895207391
1546 776 915 64 966 966 64 1000 1546 776 915 1199 1031 1823|0.001 -0.10198486663991813 0.11010431408345678 0.811584854798375
70 1000 70 1093 848 848 1093 1690 1056 1690 1056 1002 1311 891|0.001 0.22188719698991388 -1.620658319364967 -0.15274755054422107
1744 1000 581 467 1000 1000 467 961 581 961 39 1419 1151 1419|0.001 -0.03167179366920014 0.07357330047737642 0.007725889263785479
581 1000 1744 1000 961 961 1000 467 39 467 581 1419 1238 973|0.001 0.010848560866740797 0.05186144953560401 -0.0375073832349182
467 961 1000 1744 581 39 581 1000 467 961 1000 1238 1419 490|0.001 0.01340120255723054 0.021970472544980968 0.008528042435651528
581 1000 1744 1000 467 467 1000 961 39 961 581 1419 1238 490|0.001 -0.015870211785828925 0.02092336493507707 0.03066492274163224
961 467 1000 1744 581 39 581 1000 961 467 1000 1238 1419 973|0.001 -0.04333420881542871 -0.0014998304850888378 0.04306708318491115
1000 961 467 581 1744 581 39 1000 1000 961 467 1151 1419 1419|0.001 -0.13522998658390017 0.13204988884015556 -0.03504152651025216
1246 1000 83 2060 2143 2143 2060 2143 3737 2143 1246 1050 2653 3041|0.001 0.07075175499689612 3.0109154185631537 -0.07272597517451462
1040 1040 485 40 605 1814 605 1000 1040 1040 485 1288 1012 1476|0.001 0.17734103209431806 0.04546092105360833 1.065590858935641
1000 467 961 581 1744 581 39 1000 1000 467 961 1151 1419 1419|0.001 0.03228999187508519 -0.006899673049848287 0.30707872865345376
1744 1000 581 961 1000 1000 961 467 581 467 39 1419 1151 1419|0.001 -0.014500439268555487 0.1367666656851818 0.07544856883574536
2143 2143 2060 83 1246 3737 1246 1000 2143 2143 2060 2653 1050 3041|0.001 0.087994838490415 0.12352469901278695 2.4856838096826794
605 1000 40 485 1040 1040 485 1040 1814 1040 605 1012 1288 1476|0.001 0.20625456091336591 1.819162803125438 -0.03433165858854004
566 200 566 566 566 521 521 200 106 50 106 721 721 625|0.05 -0.09492361599050536 -0.012982185568183313 0.12079920499589614
566 200 566 566 566 106 106 200 521 50 521 721 721 625|0.05 -0.07069177296264106 0.06458262589711161 0.00864765872874207
629 533 770 816 493 263 435 188 554 100 568 1162 976 791|0.05 -0.046011883447142354 -0.011801243108541248 0.04305161592685236
816 188 493 629 770 568 554 533 435 100 263 577 839 1121|0.05 -0.07458326697101891 0.04674360230606078 0.03433933372626763
545 133 545 1000 1000 1467 1467 1000 545 133 545 656 1414 1328|0.05 -0.07529704231911905 0.07238677190198217 -0.028712860435744503
1000 1000 1000 545 545 545 545 133 1467 133 1467 1414 656 1328|0.05 -0.07577829393085045 -0.07049133981497757 0.0825458821424685
545 133 545 1000 1000 1467 1467 1000 545 133 545 656 1414 1328|0.05 -0.08064185924545719 0.08311158644724648 -0.04080762515175529
1000 1000 1000 545 545 545 545 133 1467 133 1467 1414 656 1328|0.05 -0.07069546984308395 -0.037195175429507454 0.06268756704676193
1768 125 1972 354 1768 1768 1591 1000 1768 125 1972 2031 1275 2500|0.05 -0.05310224206069636 0.05129296879660128 -0.3248875308726329
1768 1000 354 1972 1768 1768 1972 125 1768 125 1591 1275 2031 2500|0.05 -0.06179728406154439 -0.2950596422823515 0.0619470761150831
1443 125 1179 289 1443 1443 1299 1000 1443 125 1179 1190 1190 2041|0.05 -0.06405227186225049 0.07108075161752714 -0.40872886273317643
1443 1000 289 1179 1443 1443 1179 125 1443 125 1299 1190 1190 2041|0.05 -0.05449134725075133 -0.2374049362472086 0.0507433816500269
482 261 482 371 371 198 198 682 371 91 371 702 905 643|0.05 -0.0992196822903113 0.11798010184722596 -0.0012076121902182546
371 682 371 482 482 371 371 261 198 91 198 905 702 643|0.05 -0.10697752277182615 -0.04687266952209668 0.15448101031204864
493 188 816 770 629 554 568 533 263 100 435 976 1162 791|0.05 -0.07447941727774632 0.05712789750949465 0.027658824218170786
770 533 629 493 816 435 263 188 568 100 554 839 577 1121|0.05 -0.07334581646065819 0.07373655158217973 0.023048261280405047
492 133 492 2000 2000 2000 2000 1000 492 133 492 613 2236 2060|0.05 -0.04933328286309102 0.03024492114719335 -0.0030530155502872525
2000 1000 2000 492 492 492 492 133 2000 133 2000 2236 613 2060|0.05 -0.09147086131831017 -0.025840243145578423 0.0964084207874838
492 133 492 2000 2000 2000 2000 1000 492 133 492 613 2236 2060|0.05 -0.07332691837461547 0.08430734635442638 -0.07071277943881182
2000 1000 2000 492 492 492 492 133 2000 133 2000 2236 613 2060|0.05 -0.07719257115664124 0.003466786141863576 0.06327749242758918
492 133 492 162 133 71 87 906 516 83 480 613 1009 473|0.05 -0.09498645816560902 0.11381651831764872 -0.041519294177024824
162 906 133 492 492 480 516 133 87 83 71 916 613 519|0.05 -0.09981120280869615 -0.03850104579918634 0.12251627356248296
492 133 492 1500 1500 1733 1733 1000 545 133 545 613 1803 1802|0.05 -0.05282056889696296 0.05775700215123525 -0.09299824304145332
1500 1000 1500 492 492 545 545 133 1733 133 1733 1803 613 1802|0.05 -0.07569869926710049 -0.07640632131477254 0.09289611758799055
545 133 545 1500 1500 1733 1733 1000 492 133 492 656 1803 1579|0.05 -0.0783603679128797 0.07730691432067616 -0.03081890903823603
1500 1000 1500 545 545 492 492 133 1733 133 1733 1803 656 1579|0.05 -0.0782032394937715 -0.014341855426026617 0.07493531437461787
1052 533 943 1000 921 491 533 188 730 100 696 1083 1106 1488|0.05 -0.07583038178127888 0.013167402302458608 0.06472777069002511
1000 188 921 1052 943 696 730 533 533 100 491 1000 1374 1373|0.05 -0.08766876384961986 0.0824949707953504 0.02382606404420784
921 188 1000 943 696 645 696 533 491 100 533 1106 1373 1007|0.05 -0.08495922753760432 0.07829034771388743 0.01739944552415551
943 533 696 921 1000 533 491 188 696 100 645 745 1000 1373|0.05 -0.06883118006378752 0.02041345459362187 0.05137963731485229
696 533 943 1000 921 491 533 188 645 100 696 1373 1106 1007|0.05 -0.08579475606900311 0.04142385977910168 0.06412268588803949
1000 188 921 696 943 696 645 533 533 100 491 1000 745 1373|0.05 -0.0965296814909522 0.06907038825379574 0.052901399127061044
1000 1000 1000 908 908 908 908 222 2444 222 2444 1414 1023 1808|0.05 -0.020660214016067213 -0.12923186279379717 0.01987504845637922
908 222 908 1000 1000 2444 2444 1000 908 222 908 1023 1414 1808|0.05 -0.02588185432971568 0.02335589051610354 -0.1070100495096804
1000 1000 1000 908 908 908 908 222 2444 222 2444 1414 1023 1808|0.05 -0.0006086041345465532 -0.0926037119808143 -0.02887868568390628
908 222 908 1000 1000 2444 2444 1000 908 222 908 1023 1414 1808|0.05 -0.01568302738543137 0.019332579289388363 -0.23157707119489612
371 409 371 371 371 371 371 682 371 91 371 740 905 643|0.05 -0.11461332429012705 0.13142137966325018 0.04958446282739226
371 682 371 371 371 371 371 409 371 91 371 905 740 643|0.05 -0.11420323292875456 0.04732702122896226 0.13201219917486684
435 261 435 507 507 270 270 682 336 91 336 670 969 643|0.05 -0.10574390265591815 0.1558940631422967 -0.038963080887481905
507 682 507 435 435 336 336 261 270 91 270 969 670 643|0.05 -0.10892757329773683 -0.013137413738173453 0.13080806682525203
1179 125 1443 1443 866 1371 1443 816 1066 102 1443 1519 1658 1373|0.05 -0.08813401951556998 0.08563308984968598 -0.020052556376617403
1061 1225 1768 1768 1305 1444 1768 125 1679 153 1768 1458 1858 2127|0.05 -0.08333952202572936 -0.01631601307572672 0.08059762923630309
1443 816 866 1179 1443 1443 1066 125 1443 102 1371 1190 1190 2041|0.05 -0.08846364583293576 -0.07094323027128646 0.10435998213101039
1768 125 1305 1061 1768 1768 1679 1225 1768 153 1444 1275 2031 2500|0.05 -0.05695701667915665 0.0514176932293009 -0.07697665526393838
866 816 1443 1443 1179 1066 1443 125 1371 102 1443 1658 1519 1373|0.05 -0.08219105254184234 -0.018590289632895995 0.07874025712697907
1305 125 1768 1768 1061 1679 1768 1225 1444 153 1768 1858 1458 2127|0.05 -0.08098465967442459 0.07405590859041356 -0.009777480140810146
1443 125 1179 866 1443 1443 1371 816 1443 102 1066 1190 1190 2041|0.05 -0.07581151699116329 0.07370713569858856 -0.04537877454403705
1768 1225 1061 1305 1768 1768 1444 125 1768 153 1679 2031 1275 2500|0.05 -0.06620595589191702 -0.07352413512202616 0.06442247616986307
1056 1000 1056 908 908 1240 1240 222 2889 222 2889 1454 1023 2235|0.05 -0.016210935596726594 -0.22156189324196496 0.025668884337333164
908 222 908 1056 1056 2889 2889 1000 1240 222 1240 1023 1454 2235|0.05 -0.025144894615986013 0.031245310531247128 -0.16607021007564726
1056 1000 1056 1240 1240 908 908 222 2889 222 2889 1454 1326 1861|0.05 -0.02522661583581054 -0.13684370385254163 0.03173347824408257
1240 222 1240 1056 1056 2889 2889 1000 908 222 908 1326 1454 1861|0.05 0.02066566048053886 -0.040466615496002056 -0.24935179722917145
693 200 693 566 566 342 342 200 130 50 130 825 721 676|0.05 -0.10176633284551317 -0.000192162554506492 0.11261993297621897
566 200 566 693 693 130 130 200 342 50 342 721 825 676|0.05 -0.055318419977370414 0.038324153146487294 0.01588388347129488
921 188 1000 943 1052 730 696 533 491 100 533 1106 1083 1488|0.05 -0.060699141794077205 0.03284939370831852 0.033249133470489856
943 533 1052 921 1000 533 491 188 696 100 730 1374 1000 1373|0.05 -0.08264129339760728 0.029445863690602536 0.06133341325522457
492 133 492 133 162 87 71 906 480 83 516 613 916 519|0.05 -0.09076353196132758 0.09141119395360997 -0.01893597033548189
133 906 162 492 492 516 480 133 71 83 87 1009 613 473|0.05 -0.10064808174919171 -0.03567284970789952 0.12076717362425438
1336 188 1061 1000 1104 743 738 533 713 100 566 1077 1133 1712|0.05 -0.07937062324235189 0.05636477602991796 0.042102818724343294
1000 533 1104 1336 1061 566 713 188 738 100 743 1414 1458 1456|0.05 -0.06861722006430315 0.03361566980656594 0.04595465386444619
1104 533 1000 1061 1336 713 566 188 743 100 738 1133 1077 1712|0.05 -0.050877608913496575 0.01772049751785243 0.028385235595242975
1061 188 1336 1104 1000 738 743 533 566 100 713 1458 1414 1456|0.05 -0.08184772848290112 0.04267576069846735 0.05891907899109983
1875 1000 1875 1875 2069 2069 1875 125 1875 125 1875 2125 1879 2792|0.05 -0.0899983163225504 -0.03420774958213357 0.09614276373879571
2069 125 1875 1875 1875 1875 1875 1000 2069 125 1875 1879 2125 2792|0.05 -0.0825959950484112 0.09969936800218848 -0.08035791068378706
1875 125 2069 1875 1875 1875 1875 1000 1875 125 2069 2125 2125 2652|0.05 -0.08699769387974898 0.10064076123203813 -0.06294920381503366
1875 1000 1875 2069 1875 1875 2069 125 1875 125 1875 2125 2125 2652|0.05 -0.07313591579617196 0.015174352828737359 0.05715470721168847
1305 125 1768 1768 1768 1768 1768 1000 1305 125 1768 1858 2031 2197|0.05 -0.04694326477608923 0.04293842023372685 -0.06443354688126846
1768 1000 1768 1768 1305 1305 1768 125 1768 125 1768 2031 1858 2197|0.05 -0.05321418551632706 0.003909720237791348 0.0336389572300666
1768 1000 1768 1305 1768 1768 1305 125 1768 125 1768 2031 1275 2500|0.05 -0.06650717654023919 0.038085119927784294 0.04800594558388216
1768 125 1305 1768 1768 1768 1768 1000 1768 125 1305 1275 2031 2500|0.05 -0.08636359531210558 0.08759796802891184 -0.037350435725092
1111 1000 1111 1240 1240 1240 1240 222 3333 222 3333 1495 1326 2289|0.05 -0.0041769253456969135 -0.18088208664220784 -0.014262134976220642
1240 222 1240 1111 1111 3333 3333 1000 1240 222 1240 1326 1495 2289|0.05 0.005189589520848692 -0.029024371750959732 -0.2125887117808778
1111 1000 1111 1240 1240 1240 1240 222 3333 222 3333 1495 1326 2289|0.05 -0.007416473867269957 -0.1703210952225409 -0.016134362684482317
1240 222 1240 1111 1111 3333 3333 1000 1240 222 1240 1326 1495 2289|0.05 -0.02868660598730033 0.03021138060246953 -0.18822756744107827
67 1000 67 372 372 372 372 333 300 333 300 1002 687 398|0.05 -0.0012290939045100924 -0.24219214558939828 -0.014415860436661765
372 333 372 67 67 300 300 1000 372 333 372 687 1002 398|0.05 0.025435132755149414 0.0068423279274920645 -0.36506419584639516
67 1000 67 372 372 372 372 333 300 333 300 1002 687 398|0.05 -0.001481167415733342 -0.3286117587206705 0.017603043064446933
372 333 372 67 67 300 300 1000 372 333 372 687 1002 398|0.05 0.03479164238876731 -0.02964579785216026 -0.36330293265071534
625 1000 625 625 1075 1075 625 125 625 125 625 1179 637 1244|0.05 -0.06332159143081606 -0.06674026603952554 0.06905270483934745
1075 125 625 625 625 625 625 1000 1075 125 625 637 1179 1244|0.05 -0.04849932631873388 0.040924414537657494 -0.05558066318397503
625 125 1075 625 625 625 625 1000 625 125 1075 1179 1179 884|0.05 -0.07258580428309291 0.07376553239669681 -0.034712469499347254
625 1000 625 1075 625 625 1075 125 625 125 625 1179 1179 884|0.05 -0.07616284367403248 -0.04771783801879259 0.07825711245135647
1600 1000 1600 1154 1154 1654 1654 67 947 67 947 1887 1183 903|0.05 -0.11267686947225353 -0.054179802218411455 0.12060709763906052
1654 67 1654 1600 1600 947 947 1000 1154 67 1154 1674 1887 2506|0.05 -0.10256031602946969 0.10486359514581878 -0.04195389458117038
1600 1000 1600 1654 1654 1154 1154 67 947 67 947 1887 1674 2506|0.05 -0.10364955854143099 -0.046743303802812 0.10351180892378409
1154 67 1154 1600 1600 947 947 1000 1654 67 1654 1183 1887 903|0.05 -0.10587319956654517 0.10637946920541985 -0.04859893088067224
1035 67 1035 1600 1600 947 947 1000 803 67 803 1067 1887 1790|0.05 -0.10866212289007415 0.10877323416253581 -0.04994462662117227
1600 1000 1600 803 803 1035 1035 67 947 67 947 1887 843 1241|0.05 -0.09879815597752084 -0.048327648557391356 0.0983668435101448
803 67 803 1600 1600 947 947 1000 1035 67 1035 843 1887 1241|0.05 -0.10300536595921561 0.10504298478253737 -0.05295281802855323
1600 1000 1600 1035 1035 803 803 67 947 67 947 1887 1067 1790|0.05 -0.11070903485645767 -0.0579884840654743 0.11801894824143622
492 133 492 133 133 71 71 812 456 33 456 613 911 539|0.1 -0.09283842522210706 0.10862811687701646 -0.046483726370674106
133 812 133 492 492 456 456 133 71 33 71 911 613 539|0.1 -0.07646969160279515 -0.0032308665883773457 0.0646038853455333
573 333 573 433 433 231 231 500 428 67 428 814 829 772|0.1 -0.09390109386620216 0.14295706552464482 -0.026986903561175835
433 500 433 573 573 428 428 333 231 67 231 829 814 772|0.1 -0.021163951946097104 -0.038088770485960044 0.03345704183573828
1000 1000 1000 71 71 566 566 900 1116 200 1116 1414 951 1149|0.1 0.03865963673033379 -0.08286781936967635 -0.7492272657705046
71 900 71 1000 1000 1116 1116 1000 566 200 566 951 1414 1149|0.1 -0.003342392343315126 -0.3186964395727887 -0.04814746338547282
354 1000 1768 1768 1972 1972 1768 125 1591 125 1768 1275 1772 2110|0.1 -0.030698208805254312 -0.023050814998603064 -0.0007992870971207378
1972 125 1768 1768 354 1591 1768 1000 1972 125 1768 1772 1275 2110|0.1 -0.07321951211115008 0.051836196689367675 0.004163007046054101
289 1000 1443 1443 1179 1179 1443 125 1299 125 1443 1190 1519 1329|0.1 -0.06506540275268535 -0.005443094251480485 0.04768291032101635
1179 125 1443 1443 289 1299 1443 1000 1179 125 1443 1519 1190 1329|0.1 -0.02612426901595688 -0.012857585876488997 0.0032019447310815963
1000 1000 1000 87 87 693 693 900 817 200 817 1414 953 825|0.1 0.010789847161656319 0.07765765162643934 -0.3340055416190546
87 900 87 1000 1000 817 817 1000 693 200 693 953 1414 825|0.1 0.02072709635604353 -0.47474149030761525 -0.02374686941918891
434 604 285 363 496 344 320 267 231 56 152 722 598 701|0.1 -0.1104537442831166 0.020622879452367737 0.11796543541552351
363 267 496 434 285 152 231 604 320 56 344 744 978 457|0.1 -0.058788427998165416 0.030584836344493826 0.03427899997167083
651 812 651 492 492 456 456 133 347 33 347 1112 613 712|0.1 -0.07865263447070725 0.0093116136349769 0.06057831578951456
492 133 492 651 651 347 347 812 456 33 456 613 1112 712|0.1 -0.09910485693645721 0.09703593323019843 0.003862896129440685
629 533 770 770 629 629 770 533 629 67 770 1162 1162 630|0.1 -0.09937137793835871 0.06480184602901895 0.1063863047693947
770 533 629 629 770 770 629 533 770 67 629 839 839 1089|0.1 -0.08523859229219721 0.0724921802978229 0.03889995078024677
1052 533 943 943 696 696 943 533 1052 67 943 1083 1373 1185|0.1 -0.08102839675286466 0.06353789682179478 0.0544512212095305
943 533 696 1052 943 943 1052 533 943 67 696 745 1374 1333|0.1 -0.08957282479407636 0.057508057915174327 0.07811252888552334
696 533 943 943 1052 1052 943 533 696 67 943 1373 1083 1185|0.1 -0.09466844556723308 0.0176693090691038 0.13427432545809026
943 533 1052 696 943 943 696 533 943 67 1052 1374 745 1333|0.1 -0.09123537947188343 0.04917140291696098 0.07433956436257327
445 500 445 368 368 248 248 333 238 67 238 836 685 571|0.1 -0.08667098046350019 0.019392729988210178 0.09143631714717104
368 333 368 445 445 238 238 500 248 67 248 685 836 571|0.1 0.010773886455353043 -0.054350445414945714 -0.0032103783132919617
573 333 573 354 354 189 189 500 528 67 528 814 791 673|0.1 -0.025138800246876647 0.04612772288564937 -0.04855352545708791
354 500 354 573 573 528 528 333 189 67 189 791 814 673|0.1 -0.03960938529872449 -0.036013883887907605 0.06370888468696156
492 133 492 162 162 87 87 812 480 33 480 613 916 519|0.1 -0.10023048391478162 0.10997051216241394 -0.022466426840423992
162 812 162 492 492 480 480 133 87 33 87 916 613 519|0.1 -0.08863029815856627 -0.03994312147309831 0.09414328701721209
427 812 427 545 545 480 480 133 228 33 228 998 656 685|0.1 -0.08616064780037624 0.013881982665409076 0.06840454060857093
545 133 545 427 427 228 228 812 480 33 480 656 998 685|0.1 -0.1118346970541717 0.13313137270640762 -0.029195612505966695
285 604 434 496 363 320 344 267 152 56 231 978 744 457|0.1 -0.10054446780920157 0.0655855671222727 0.06559127177149238
496 267 363 285 434 231 152 604 344 56 320 598 722 701|0.1 -0.09560505810924047 0.07214235151436599 0.06441377449472485
326 500 326 372 372 258 258 333 174 67 174 778 687 526|0.1 -0.0692003920795281 0.030332055477062525 0.05201158567562869
372 333 372 326 326 174 174 500 258 67 258 687 778 526|0.1 -0.07770357445695986 0.02808563757850102 0.08450712271785621
573 533 333 333 573 573 333 533 573 67 333 629 629 1046|0.1 -0.0769492642997649 0.04587843058822205 0.04998540542025198
333 533 573 573 333 333 573 533 333 67 573 1054 1054 471|0.1 -0.11169619359224225 0.11534080545749115 0.08213565539122003
1104 533 1000 1000 1104 1104 1000 533 1104 67 1000 1133 1133 1694|0.1 -0.10632878662209633 0.1434120314708598 0.04022539101950828
1000 533 1104 1104 1000 1000 1104 533 1000 67 1104 1414 1414 1414|0.1 -0.07400796959260658 0.02414754198533542 0.0744297318457754
573 333 573 573 573 268 268 333 551 22 551 814 814 710|0.15 -0.08635360789271629 0.0445852482950837 0.05596043042371823
573 333 573 573 573 551 551 333 268 22 268 814 814 710|0.15 -0.09654672340147497 -0.03199637033755587 0.15649187512791984