231 867 189 333 333 272 246 1000 433 750 354 887 1054 363|0.001 -0.0362094848559702 0.019311526958396552 0.06024584850537362
2121 1225 2828 943 696 770 943 533 2451 653 2828 2345 1373 2548|0.001 -0.0031724793469789514 0.004376939489743048 -0.01618308967189508
629 533 770 2309 1732 2001 2309 816 568 435 770 1162 2449 1823|0.001 -0.011683977576016913 0.03092980543268231 -0.04780430033573091
333 1000 333 231 189 354 433 867 246 750 272 1054 1018 264|0.001 0.0135700224594415 -0.03337469914204694 -0.04304542556264668
1000 1000 1000 573 573 573 573 333 1000 333 1000 1414 814 1153|0.001 -0.04335255967184093 -0.027510488900498453 0.04633761756865473
573 333 573 1000 1000 1000 1000 1000 573 333 573 814 1414 1153|0.001 -0.05042548457628526 0.060505819425153984 -0.041666662103339025
1000 1000 1000 573 573 573 573 333 1000 333 1000 1414 814 1153|0.001 -0.05010152966782644 -0.04127498762120596 0.06107639476845783
573 333 573 1000 1000 1000 1000 1000 573 333 573 814 1414 1153|0.001 -0.049899858704653965 0.05644155668115047 -0.028449545016911992
1875 1875 2432 1805 1377 5164 5967 904 2561 1694 2775 1627 2019 3844|0.001 -0.012638573397459885 -0.016037024827908475 0.01104124785609617
1524 1107 1998 3071 2834 2075 2692 1875 5715 2075 6604 1823 2882 3415|0.001 0.023932056503521704 -0.1394103434149807 -0.08618489045369326
734 1366 2754 1000 533 482 904 1297 963 1480 3182 1646 868 878|0.001 -0.07711454253776728 0.0763060660492032 0.06077868827859989
411 771 771 2453 742 566 2123 1141 372 1053 697 1334 1640 830|0.001 -0.06185863578693218 0.04812638075033959 0.03802925757932174
465 303 408 314 284 151 168 865 429 231 314 669 1040 544|0.001 -0.035488110345220925 0.06008577612012456 -0.05337434881119263
651 877 2151 611 326 360 676 923 496 676 1861 1581 1170 594|0.001 -0.0001827935276077497 0.008073272506372575 -0.024609226662712924
314 865 284 465 408 314 429 303 168 231 151 911 735 544|0.001 -0.032333577429199956 -0.056688668863099645 0.0576755334489687
353 1084 662 2016 538 705 2330 732 391 950 732 1017 1501 788|0.001 -0.0797358710213647 0.0718850092528811 0.07691974459753004
629 533 770 1443 866 1135 1443 816 568 435 770 1162 1658 1036|0.001 -0.04724765390167085 0.024518988265662678 0.04274328981963116
533 1000 533 370 302 566 693 787 394 600 436 1133 1045 422|0.001 -0.035627089131349265 0.004784949311118503 0.04110245919908717
370 787 302 533 533 436 394 1000 693 600 566 843 1133 581|0.001 -0.035695749021711354 0.04261887117096741 0.0035617484757399787
1061 1225 1768 943 696 770 943 533 1391 653 1768 1458 1373 1555|0.001 -0.025539681887476462 -0.015126677948086309 0.032231709564320976
368 333 368 189 231 123 101 867 353 262 403 685 887 419|0.001 -0.024234857907715623 0.03554109977980113 -0.03209041802093693
189 867 231 368 368 403 353 333 101 262 123 1018 685 351|0.001 0.014200919179869764 0.006196589495583993 -0.02835616640484151
651 877 2151 468 250 306 573 913 827 913 2481 1581 1143 864|0.001 -0.07655379381741323 0.08890735260475457 0.053245213664276925
349 1041 654 2453 742 944 2831 1141 285 1041 534 1064 1640 795|0.001 -0.09312763262385393 0.07997281834398517 0.09891820529877915
930 1289 1744 1744 581 581 1744 1000 930 1289 1744 1366 1419 1097|0.001 -0.05738250315398319 0.06651087424838664 0.0403861388111304
581 1000 1744 1744 930 930 1744 1289 581 1289 1744 1419 1366 1097|0.001 -0.08453503477503177 0.0775157138003224 0.07947175251893368
451 1000 1353 1353 721 721 1353 776 451 776 1353 1269 1559 851|0.001 -0.016587833111149086 -0.002887419126171853 0.0279658896376489
721 776 1353 1353 451 451 1353 1000 721 776 1353 1559 1269 851|0.001 -0.06030445401792428 0.05659389616718302 0.04504060700517787
6128 1000 7542 3712 3441 3441 3712 533 251 533 1006 6872 4066 3658|0.001 -0.005865659223208697 0.015143452735455476 0.05839007236098759
3441 533 3712 7542 6128 251 1006 1000 3441 533 3712 4066 6872 3658|0.001 0.03952043747467382 0.03372089745449891 0.004120702873851023
13687 24375 13687 2121 2121 3977 3977 4000 14765 30000 14765 14550 2915 16171|0.001 0.9634464836886814 -0.07154657082696692 -0.057696139269727276
3712 533 3441 6128 7542 1006 251 1000 3712 533 3441 3187 6872 4622|0.001 0.011707468799269094 0.0022733073126635084 0.0458329487800202
7542 1000 6128 3441 3712 3712 3441 533 1006 533 251 6872 3187 4622|0.001 0.007629107587945327 0.029477848522581063 0.005119203526706695
2121 4000 2121 13687 13687 14765 14765 24375 3977 30000 3977 2915 14550 16171|0.001 -0.3339160544671227 0.04683618690965341 -0.08545937327255615
3691 7500 3691 6000 6000 11250 11250 1000 6418 7500 6418 4596 6083 11840|0.001 0.166118512202722 -0.06807990699646105 -0.02096689498099158
6000 1000 6000 6418 6418 3691 3691 7500 11250 7500 11250 6083 6978 7045|0.001 0.5170039356817058 -0.09919632680855495 -0.016206904942742684
6418 7500 6418 6000 6000 11250 11250 1000 3691 7500 3691 6978 6083 7045|0.001 -0.01969270289666647 -0.055956190967476616 -0.039069970993411696
6000 1000 6000 3691 3691 6418 6418 7500 11250 7500 11250 6083 4596 11840|0.001 0.2977161288418717 -0.07728791392509149 -0.02304673836931559
271 1000 2032 3048 1625 1625 3048 1739 271 1739 2032 1245 1908 1648|0.001 -0.06104328987741048 0.0712850369011031 0.014813648317097972
570 533 328 667 667 89 89 1000 570 533 328 626 1202 620|0.001 0.06568953872337913 -0.05347346513848272 0.052967416591147565
935 575 1753 1169 156 156 1169 1000 935 575 1753 1845 1087 948|0.001 -0.06116139428890777 0.01493653799858663 0.07131985787577788
667 1000 667 570 328 328 570 533 89 533 89 1202 1052 409|0.001 0.00922970875887108 0.08622479820570739 0.016735307618698236
156 1000 1169 1753 935 935 1753 575 156 575 1169 1087 1845 948|0.001 -0.061238890995076734 0.07147161125000023 0.015004362518493686
328 533 570 667 667 89 89 1000 328 533 570 1052 1202 409|0.001 -0.0790592045739058 0.05043185888924606 0.048303553351445316
1625 1739 3048 2032 271 271 2032 1000 1625 1739 3048 1908 1245 1648|0.001 -0.061209990848209994 0.015299233631420606 0.07149570023266438
667 1000 667 328 570 570 328 533 89 533 89 1202 626 620|0.001 0.030555851709859194 0.04845330431098471 -0.012529947093671279
1625 1739 3048 1437 766 938 1760 1355 2167 2330 4064 1908 1071 2299|0.001 -0.02390280756531471 0.028578319301328925 0.0028751084025646634
540 1340 1012 1753 935 1247 2337 575 441 779 826 797 1845 1034|0.001 -0.032257149230282556 0.014799794226778573 0.020121626549314264
625 1000 625 354 433 433 354 750 125 750 125 1179 829 515|0.001 0.04170995296356228 0.08928421338617376 -0.037527881908454574
2121 1225 2828 1768 354 354 1768 1000 2121 1225 2828 2345 1275 2151|0.001 -0.07342281794725292 0.036949384667326335 0.0821093826221686
289 1000 1443 2309 1732 1732 2309 816 289 816 1443 1190 2449 1756|0.001 -0.011755527490227013 0.02076776042893469 -0.032568131513690535
354 750 433 625 625 125 125 1000 354 750 433 1061 1179 451|0.001 0.05767442855969085 0.005209699025590098 0.04062140849657947
625 1000 625 433 354 354 433 750 125 750 125 1179 1061 451|0.001 0.020966108400921613 0.044438215362361255 0.05623088804527221
1732 816 2309 1443 289 289 1443 1000 1732 816 2309 2449 1190 1756|0.001 -0.06742720923100465 0.033375589307733655 0.05877241423657642
433 750 354 625 625 125 125 1000 433 750 354 829 1179 515|0.001 0.05605742047314788 -0.013594179315474797 0.02194922240969177
354 1000 1768 2828 2121 2121 2828 1225 354 1225 1768 1275 2345 2151|0.001 -0.06591186864411291 0.06610416047724499 0.03776444275425117
1768 1000 354 2121 2828 2828 2121 1225 1768 1225 354 1275 3000 3335|0.001 0.0264208504795449 0.5790347446118438 -0.020211401260007422
6000 1000 6000 2828 2828 3464 3464 5000 8000 5000 8000 6083 3606 8485|0.001 0.168397638646669 -0.012194982469627691 0.03450453660755137
2309 816 1732 289 1443 1443 289 1000 2309 816 1732 1915 1190 2723|0.001 -0.024592352165356823 -0.08053917517779507 0.5490758600352597
3464 5000 3464 6000 6000 8000 8000 1000 2828 5000 2828 4123 6083 6633|0.001 -0.08458547249641124 -0.06015578363484986 -0.00902703483500189
1443 1000 289 1732 2309 2309 1732 816 1443 816 289 1190 1915 2723|0.001 -0.017574816343728372 0.39960871533895714 0.012131197138876004
6000 1000 6000 3464 3464 2828 2828 5000 8000 5000 8000 6083 4123 6633|0.001 0.45314043079365707 -0.06952638546736556 -0.022350204869615586
2828 1225 2121 354 1768 1768 354 1000 2828 1225 2121 3000 1275 3335|0.001 -0.04718418568196325 -0.011379246555227596 0.3709982571544801
2828 5000 2828 6000 6000 8000 8000 1000 3464 5000 3464 3606 6083 8485|0.001 0.0875678903804733 -0.02899011934341278 -0.03016400994688584
2834 1875 3071 1998 1524 5715 6604 1107 2075 2075 2692 2882 1823 3415|0.001 0.004358201094549763 -0.05046153872834802 -0.07453533728854711
1377 904 1805 2432 1875 2561 2775 1875 5164 1694 5967 2019 1627 3844|0.001 0.03720151775648883 -0.1702719621227533 -0.07783950877702894
538 732 2016 662 353 391 732 1084 705 950 2330 1501 1017 788|0.001 -0.06936243776044182 0.0791684414804128 0.034443142467446286
326 923 611 2151 651 496 1861 877 360 676 676 1170 1581 594|0.001 -0.04627646322614587 0.03180963876151077 0.03866544622716184
408 303 465 284 314 168 151 865 314 231 429 735 911 544|0.001 0.0035396732677894782 -0.006148371565936062 -0.028732876814483443
742 1141 2453 771 411 372 697 771 566 1053 2123 1640 1334 830|0.001 -0.07442768382370013 0.06530414325051304 0.05761824376081748
284 865 314 408 465 429 314 303 151 231 168 1040 669 544|0.001 -0.01985806467989626 -0.0294528360725943 0.02521716145941655
533 1297 1000 2754 734 963 3182 1366 482 1480 904 868 1646 878|0.001 -0.08581221730331046 0.0646247963652935 0.0945396972096324
696 533 943 1768 1061 1391 1768 1225 770 653 943 1373 1458 1555|0.001 -0.04917915083811231 0.02951832639900509 0.05178420648826343
533 1000 533 302 370 693 566 787 436 600 394 1133 843 581|0.001 -0.034868640871702494 -0.0028902391138352357 0.043830243303195626
302 787 370 533 533 394 436 1000 566 600 693 1045 1133 422|0.001 -0.037381007824413004 0.04199993867673113 0.01264074145356675
866 816 1443 770 629 568 770 533 1135 435 1443 1658 1162 1036|0.001 -0.05679088194465387 -0.015226717787072408 0.0843136081212581
773 1207 1450 2719 906 906 2719 1000 773 1207 1450 1264 1861 1191|0.001 -0.07159134238700293 0.07855192974293157 0.048282423572432176
906 1000 2719 1450 773 773 1450 1207 906 1207 2719 1861 1264 1191|0.001 -0.07752255245956241 0.0827921618552252 0.05378852901464892
751 1000 2252 1201 640 640 1201 828 751 828 2252 1640 1459 987|0.001 -0.08497791521042464 0.07093585211857434 0.0721402391367909
640 828 1201 2252 751 751 2252 1000 640 828 1201 1459 1640 987|0.001 -0.02493279618264843 -0.0026336834896223404 0.03293065620967539
1744 1000 581 403 755 755 403 746 872 746 116 1419 595 1446|0.001 0.0757611764995425 0.1855610472154745 0.0673396062531828
693 200 693 1720 1720 1284 1284 3000 1299 1500 1299 825 2441 1023|0.001 -0.02263623332632414 0.008600853224465244 -0.03830506351393703
1155 1000 2309 1324 988 988 1324 533 154 533 770 1915 1782 1074|0.001 -0.07294570739743156 0.062355107496259166 0.0655180176764758
403 746 755 1744 581 116 872 1000 403 746 755 1346 1419 479|0.001 0.012262101089008937 -0.04307217674333952 0.03254257531748461
581 1000 1744 755 403 403 755 746 116 746 872 1419 1346 479|0.001 -0.008775496172732655 0.03542848118140984 -0.03440954847484301
988 533 1324 2309 1155 154 770 1000 988 533 1324 1782 1915 1074|0.001 -0.056523715539579245 0.07459045131152253 0.034466216851851694
1720 3000 1720 693 693 1299 1299 200 1284 1500 1284 2441 825 1023|0.001 0.11859349503073435 -0.06634306953018587 -0.13588495308236026
755 746 403 581 1744 872 116 1000 755 746 403 595 1419 1446|0.001 0.02441488019211846 0.05224386748112542 0.13744965785823515
1443 1000 289 1853 2483 2483 1853 1875 4330 1875 2165 1190 3342 3524|0.001 0.04500412031193113 -0.10134760817169242 0.09698115837237564
1324 533 988 1155 2309 770 154 1000 1324 533 988 788 1915 1879|0.001 0.05651561167115293 -0.051270040324471466 0.14839782655293066
866 2000 866 856 856 1147 1147 133 462 667 462 1658 930 682|0.001 0.08672775359364948 0.018759480921841654 -0.033662243910898004
2309 1000 1155 988 1324 1324 988 533 770 533 154 1915 788 1879|0.001 -0.07413965456745664 0.06341999015223587 0.06315224926740637
856 133 856 866 866 462 462 2000 1147 667 1147 930 1658 682|0.001 0.034085554993370515 0.01841654002265214 0.01538849387899166
2483 1875 1853 289 1443 4330 2165 1000 2483 1875 1853 3342 1190 3524|0.001 0.0508765681944956 0.13878253411969688 -0.1179517584698686
935 575 1753 1012 540 441 826 1340 1247 779 2337 1845 797 1034|0.001 -0.08905114984329887 0.097281822222679 0.0861965542184584
766 1355 1437 3048 1625 2167 4064 1739 938 2330 1760 1071 1908 2299|0.001 -0.05523983042697855 0.014038846024748697 0.09714729258095467
2868 1875 2987 2706 1552 5954 8119 1000 2868 1875 2987 3051 2280 4179|0.001 -0.02619774767432137 -0.047551173698935356 0.0002974755761964154
1552 1000 2706 2987 2868 2868 2987 1875 5954 1875 8119 2280 3051 4179|0.001 -0.002162363987187055 -0.07087432318990672 -0.07484325530335179
541 1000 2076 654 349 349 654 1041 944 1041 2831 1457 1064 795|0.001 -0.0679013838867848 0.08050597607704768 0.04404071269725085
349 1041 654 2076 541 944 2831 1000 349 1041 654 1064 1457 795|0.001 -0.0753755528434652 0.0581519281628573 0.08823381951521547
354 1000 1768 1000 187 187 1000 921 88 921 354 1275 1106 258|0.001 -0.03451379312473857 0.03003759912606263 0.021211871445194763
1000 921 187 354 1768 354 88 1000 1000 921 187 1000 1275 1275|0.001 0.07015330784327034 0.5667085620136159 0.16875068969321338
1768 1000 354 187 1000 1000 187 921 354 921 88 1275 1000 1275|0.001 -0.015282744310696206 0.24789549637854957 -0.0076368518472724745
187 921 1000 1768 354 88 354 1000 187 921 1000 1106 1275 258|0.001 -0.026888204234531976 0.017521743752482166 0.026372894993955676
1768 1000 354 921 1000 1000 921 187 354 187 88 1275 1000 1275|0.001 0.05971682856498628 0.5344166784057602 -0.05681236716473692
2604 250 2604 2828 2828 530 530 5000 2828 1000 2828 2652 3606 2828|0.001 0.4836931649112741 -0.10928320008462555 0.07351080762367124
2121 4000 2121 10416 10416 11314 11314 4000 11314 20000 11314 2915 10607 12510|0.001 0.4456604053889346 -0.27138840504064565 0.024619625066275574
10416 4000 10416 2121 2121 11314 11314 4000 11314 20000 11314 10607 2915 12510|0.001 0.43242148224405863 0.0014615471059231666 -0.18899477635375472
1000 187 921 354 1768 354 88 1000 1000 187 921 1000 1275 1275|0.001 0.021361067988545646 -0.0019559933667645524 0.3503279275413851
2828 5000 2828 2604 2604 2828 2828 250 530 1000 530 3606 2652 2828|0.001 0.40826590749862834 0.05928265283877021 -0.07302932707554888
1305 1875 1768 1225 230 431 2296 604 1273 1133 1444 1398 1195 1275|0.001 -0.00676659423486714 -0.07890794344808993 -0.054061602504780204
1299 817 693 566 1061 641 342 738 244 720 130 1090 791 1267|0.001 0.009240654522872926 0.14910876737298073 -0.1011413849034104
5543 1875 5683 4355 2632 4934 8165 5333 6289 10000 7698 5551 3079 7914|0.001 0.5165232611394344 -0.024534979311762184 0.10429238606959546
943 533 696 230 1225 653 122 604 770 322 679 745 707 1424|0.001 0.0033878857644054072 -0.040506174521693916 0.5996066513182874
2632 5333 4355 3031 2956 3354 4106 533 1404 2844 2322 3079 3198 3093|0.001 0.47515460876305315 0.04500146512980141 -0.055461024361983524
566 738 1061 1299 693 130 244 817 342 720 641 1456 1510 676|0.001 -0.06468037097445367 0.038949529800522686 0.07667079560584211
380 1655 2027 2390 2106 2159 2925 1875 712 3103 3800 1170 2203 2279|0.001 -0.0598438095880105 0.08259323045258782 0.012639985917766161
785 881 418 848 1590 298 159 1224 1298 904 692 922 1848 918|0.001 0.09291687529488168 -0.02800582798884954 0.18827439550996417
4355 5333 2632 5543 5683 7698 6289 1875 8165 10000 4934 5203 5997 11208|0.001 0.2740400523825226 -0.12616820375624727 0.02756944949839024
3031 533 2956 2632 4355 2322 1404 5333 4106 2844 3354 2960 5203 3246|0.001 0.25688602007252426 -0.05829775663018011 -0.00808865777150336
2027 1655 380 1123 1275 1560 1152 533 1081 882 203 1977 1175 1700|0.001 0.01669302218863411 0.6549600033415426 -0.02827029014919158
848 1224 1590 785 418 692 1298 881 159 904 298 1334 1258 490|0.001 0.04044890497237885 0.03214396457456914 -0.06395171710029679
581 1000 1744 1000 533 533 1000 774 581 774 1744 1419 1411 789|0.001 -0.0837146444008885 0.0799679493889105 0.06308004912989329
689 1291 1291 2252 751 751 2252 1000 689 1291 1291 1061 1640 1019|0.001 -0.08350679036237985 0.05276917305451878 0.07334012430091796
751 1000 2252 1291 689 689 1291 1291 751 1291 2252 1640 1061 1019|0.001 -0.08755587626013805 0.08348661651601308 0.06832257179913981
533 774 1000 1744 581 581 1744 1000 533 774 1000 1411 1419 789|0.001 -0.08183666694861369 0.061948838848668863 0.07428443788859651
11000 1000 11000 4085 4085 4085 4085 7500 7500 7500 7500 11045 4918 9959|0.001 0.5215382424059967 -0.040737087568243346 -0.010773441183591359
4085 7500 4085 11000 11000 7500 7500 1000 4085 7500 4085 4918 11045 9959|0.001 0.7339340993047672 0.0548443722883829 -0.02238096124537292
11000 1000 11000 4085 4085 4085 4085 7500 7500 7500 7500 11045 4918 9959|0.001 0.641494623982326 -0.04403064504716059 0.0212440424221505
4085 7500 4085 11000 11000 7500 7500 1000 4085 7500 4085 4918 11045 9959|0.001 0.5197927621868814 0.018036170923605432 -0.000652398700567991
2693 1000 1836 1836 245 245 1836 1000 2693 1000 1836 2438 1204 2704|0.001 -0.07743354304795891 -0.06317398700454557 0.09384506989682073
1000 1000 1000 545 545 545 545 1467 133 1467 133 1414 1328 656|0.001 -0.11791438242088392 0.10963812347047686 0.05689026315892187
245 1000 1836 1836 2693 2693 1836 1000 245 1000 1836 1204 2438 2704|0.001 -0.06529171714202309 0.08297732005938085 -0.0782302478554886
545 1467 545 1000 1000 133 133 1000 545 1467 545 1328 1414 656|0.001 -0.07003005976706111 -0.04598102099759749 0.13806965700506435
2693 1000 1836 1836 245 245 1836 1000 2693 1000 1836 2438 1204 2704|0.001 -0.07713172014064518 -0.06275892678943906 0.09358425943686077
1000 1000 1000 545 545 545 545 1467 133 1467 133 1414 1328 656|0.001 0.003769072788661898 0.05662725037562266 0.00897378473001531
245 1000 1836 1836 2693 2693 1836 1000 245 1000 1836 1204 2438 2704|0.001 -0.06268675744769414 0.08066081281230986 -0.08016527014314878
545 1467 545 1000 1000 133 133 1000 545 1467 545 1328 1414 656|0.001 0.129463308821125 0.02207581580539797 0.0023748750652430317
12728 1000 14142 14142 15780 15780 14142 8000 2828 8000 14142 13454 16248 16882|0.001 0.5729568015916509 -0.030123644946788986 -0.029955548286896283
15780 8000 14142 14142 12728 2828 14142 1000 15780 8000 14142 16248 13454 16882|0.001 0.6898369135710736 -0.004251684816392043 -0.04428008845433817
1000 1000 1000 566 566 71 71 200 1116 900 1116 1414 721 1002|0.001 -0.015487723524338914 -0.07648099183591772 0.07562810615235893
566 200 566 1000 1000 1116 1116 1000 71 900 71 721 1414 1002|0.001 -0.03719503512619182 0.1128740596186617 -0.11893102371782316
14142 8000 15780 12728 14142 14142 2828 1000 14142 8000 15780 14177 13454 20000|0.001 0.5560637015793368 0.022868126549258072 0.03371137595811202
14142 1000 12728 15780 14142 14142 15780 8000 14142 8000 2828 13454 14177 20000|0.001 0.5304481139293715 -0.005938882964923176 -0.019642266375962114
2828 5000 2828 5579 5579 5000 5000 4500 354 5000 354 3606 5969 5745|0.001 0.23433492270688916 0.08323921640986942 -0.027565915325551416
5579 4500 5579 2828 2828 354 354 5000 5000 5000 5000 5969 3606 5745|0.001 0.1705913626083344 0.1414940832740963 0.030631171677248936
1414 1000 2828 943 1052 1052 943 533 2074 533 2828 2236 1083 2010|0.001 -0.04031650056597891 0.03346159486766087 0.02275549502236629
1052 533 943 2828 1414 2074 2828 1000 1052 533 943 1083 2236 2010|0.001 -0.044959247884597264 0.03676943984233905 0.022278764098639936
3667 1000 3667 1362 1860 1860 1362 3750 2500 3750 2500 3801 2791 3553|0.001 0.23321320713494353 -0.038748029938389106 0.04886287480469598
2754 1366 734 2693 1836 1836 2693 1000 2754 1366 734 2050 2438 3310|0.001 -0.03977916685377059 0.115683184046389 0.06452471614805555
1344 1000 1972 538 2016 2016 538 732 1344 732 1972 1911 1205 2424|0.001 -0.04864181609820384 0.09836504634019638 0.07565689915938201
1362 3750 1860 3667 3667 2500 2500 1000 1362 3750 1860 2241 3801 3320|0.001 0.005906017498962246 -0.025857237757853646 0.017848460342646533
3667 1000 3667 1860 1362 1362 1860 3750 2500 3750 2500 3801 2241 3320|0.001 0.17893112222177932 -0.03215971392082406 -0.004831371754113745
2016 732 538 1972 1344 1344 1972 1000 2016 732 538 1205 1911 2424|0.001 -0.047135184111071204 0.32742601516447145 0.005268046659059333
1860 3750 1362 3667 3667 2500 2500 1000 1860 3750 1362 2791 3801 3553|0.001 0.149955462094562 -0.035949992987128754 0.017464513172871232
1836 1000 2693 734 2754 2754 734 1366 1836 1366 2693 2438 2050 3310|0.001 -0.051738762414313966 0.09418908189218866 0.10562215148783638
1500 1000 1500 545 545 744 744 1467 400 1467 400 1803 1328 896|0.001 0.1374721204676943 0.039312706318470614 -0.06760774100011968
744 1467 744 1500 1500 400 400 1000 545 1467 545 1421 1803 1117|0.001 0.11689136635325559 -0.0018807976501045154 0.07713855007705828
1500 1000 1500 744 744 545 545 1467 400 1467 400 1803 1421 1117|0.001 0.08489832582115442 0.08496262392323928 -0.11653193325900091
545 1467 545 1500 1500 400 400 1000 744 1467 744 1328 1803 896|0.001 0.005797882153362188 -0.024675691229513186 0.13235798726599413
354 500 354 433 433 81 81 500 214 406 214 791 829 422|0.001 -0.03076178555485365 0.05115736250759895 0.055521632345800764
433 500 433 354 354 214 214 500 81 406 81 829 791 422|0.001 0.07366911689252742 0.07222032799653055 -0.10799821782421226
1225 604 230 1414 2828 1414 1149 1000 1225 604 230 707 2236 2345|0.001 0.036238011955311844 0.7038989397845596 -0.06142772172902933
5004 1000 6158 4355 2632 2632 4355 5333 6158 5333 12317 5640 3079 6143|0.001 -0.23076272633511752 0.060050874200139326 -0.06047857931504863
2828 1000 1414 230 1225 1225 230 604 1414 604 1149 2236 707 2345|0.001 0.006647893200779631 0.054411418654221055 0.45897375145242947
2632 5333 4355 6158 5004 6158 12317 1000 2632 5333 4355 3079 5640 6143|0.001 -0.02173866977433936 -0.06532985811831038 -0.06939159423483998
4355 5333 2632 5004 6158 12317 6158 1000 4355 5333 2632 5203 5640 9737|0.001 0.13547665851076474 0.024422522738463126 -0.014617781474304259
2340 1000 1901 380 2027 2027 380 1655 4680 1655 2340 2334 1977 3881|0.001 -0.047576294401372454 0.0026436842562205243 0.36662220300640813
6158 1000 5004 2632 4355 4355 2632 5333 12317 5333 6158 5640 5203 9737|0.001 0.16282755052739573 0.10613352552603983 0.024910810619467316
2027 1655 380 1901 2340 4680 2340 1000 2027 1655 380 1977 2334 3881|0.001 -0.007110003398594911 0.6507780111925454 -0.055827666360536154
354 1000 1768 1225 230 187 1000 604 221 921 1061 1275 1195 400|0.001 -0.06165326211830413 0.03755576581663034 0.049435032477898044
2828 5000 2828 650 530 2828 3464 625 2604 3000 1709 3606 1132 2828|0.001 0.032033591320705934 -0.038432096439791064 -0.192933455200216
1225 604 230 354 1768 1061 221 1000 1000 921 187 707 1275 2031|0.001 -0.016538688147231806 -0.08401389027084427 0.28553508962795515
1768 1000 354 187 1000 1225 230 921 1061 604 221 1275 1000 1458|0.001 -0.021343085127774053 -0.0062157178940935864 0.41487548899933335
650 625 530 2828 2828 1709 2604 5000 3464 3000 2828 820 3606 2000|0.001 -0.029610618048567794 -0.15969541803546483 -0.05293671386182974
187 921 1000 1768 354 221 1061 1000 230 604 1225 1106 1275 290|0.001 -0.06713855631395704 0.05420132390512089 0.03844947966496148
1000 1000 1000 693 693 87 87 200 817 900 817 1414 825 1052|0.001 -0.06905976663800772 -0.034276103911939915 0.10187033020508496
693 200 693 1000 1000 817 817 1000 87 900 87 825 1414 1052|0.001 -0.053356229070056216 0.08272391599946083 -0.014359754423950433
10392 1000 11547 11547 9434 9434 11547 8000 2309 8000 11547 11000 9522 10630|0.001 0.8753898488164347 -0.048706109424160315 0.05549060359231639
9434 8000 11547 11547 10392 2309 11547 1000 9434 8000 11547 9522 11000 10630|0.001 1.0471371081233438 0.06718844447064276 -0.0759940832454431
3464 5000 3464 4085 4085 5000 5000 4500 433 5000 433 4123 4603 4123|0.001 0.5188417235505272 0.011875628496149648 -0.020440765865704646
4085 4500 4085 3464 3464 433 433 5000 5000 5000 5000 4603 4123 4123|0.001 0.2859888422783907 -0.024323883754178155 0.061021038669741845
11547 8000 9434 10392 11547 11547 2309 1000 11547 8000 9434 12152 11000 16330|0.001 0.8300038766297213 0.04652190226455799 0.0005248830161797002
11547 1000 10392 9434 11547 11547 9434 8000 11547 8000 2309 11000 12152 16330|0.001 0.6916971144284534 0.011613909186825033 0.08729910508979533
785 881 418 734 2754 1664 153 1366 1195 948 637 922 2050 1989|0.001 -0.0570382452153495 -0.04217236606512076 0.1636306179027125
1860 3750 1362 570 868 1628 1068 208 1291 2266 1200 2791 648 1014|0.001 0.18588812611064265 -0.0682260625991149 -0.13887564878224734
570 208 868 1860 1362 1200 1291 3750 1068 2266 1628 1037 2241 1255|0.001 0.27242060834930415 -0.18804393516597906 -0.04386086373773246
2016 732 538 467 875 574 306 694 1218 645 112 1205 546 1972|0.001 -0.041126042122575646 0.32267905064627955 -0.08966057698726049
734 1366 2754 785 418 637 1195 881 153 948 1664 1646 1258 476|0.001 -0.03151077644762523 0.0575134384606768 -0.01121323091997195
1123 533 1275 3510 2121 195 936 1523 1208 812 1741 1604 2535 1287|0.001 0.019912746575374562 0.00616780222978619 0.00656795057265791
570 92 530 472 718 383 251 1655 821 441 601 607 1618 448|0.001 0.007020665665742332 0.01353895378587655 -0.031040348771463888
472 1655 718 570 530 601 821 92 251 441 383 1196 649 554|0.001 0.03288393460986194 0.0012671075416692545 -0.011610066008747033
467 694 875 2016 538 112 1218 732 306 645 574 1415 1501 557|0.001 0.0018863735589991215 -0.03807877867678 0.03837337850759237
1392 656 2304 1143 793 737 837 533 128 350 614 2253 1616 903|0.001 -0.04517086271196957 -0.013544581176040404 0.11364393576341003
693 200 693 533 533 436 436 1000 370 573 370 825 1133 805|0.001 -0.025782107633074425 0.08979687646632373 -0.08584741735988444
1552 1000 2706 1443 1179 1179 1443 1875 541 1875 2706 2280 1573 1493|0.001 0.06243232417639133 0.0029538446810795094 -0.07664165916544396
1299 817 693 1875 1875 375 1075 1000 1299 817 693 1090 2125 1546|0.001 -0.021305547071763797 -0.07509097523879515 0.06694622010398055
1875 1000 1875 693 1299 1299 693 817 375 817 1075 2125 1090 1546|0.001 0.0019316702401495078 0.05136833422299869 0.026208405555325776
1179 1875 1443 2706 1552 541 2706 1000 1179 1875 1443 1573 2280 1493|0.001 -0.04440663815697521 -0.05711442476662665 0.046994264754991466
533 1000 533 693 693 370 370 200 436 573 436 1133 825 805|0.001 0.04276816403195216 0.03742019763141924 -0.025584424747019385
644 1744 644 760 760 930 930 349 1208 1744 1208 1470 963 1405|0.001 0.04347694293253879 -0.1388302298531352 -0.03400846479857944
760 349 760 644 644 1208 1208 1744 930 1744 930 963 1470 1405|0.001 0.13941555270985395 -0.09188269385301373 -0.1067522644731933
1316 1000 459 1875 2432 2432 1875 1875 5049 1875 3442 1266 3246 3544|0.001 0.07694172482080708 -0.5414509360764119 -0.0691465280836745
1000 1297 533 245 1836 2693 702 1000 1000 1297 533 1731 1204 2438|0.001 0.022351695654514447 -0.016398453060640916 0.80481532201226
760 349 760 1849 1849 1425 1425 3837 1425 2616 1425 963 2693 1237|0.001 -0.06618649562181611 0.04011877833203226 -0.05660690812818947
2076 1000 541 411 771 771 411 771 1415 771 189 1457 669 1879|0.001 -0.007339062264800633 0.4247427399302217 -0.07198041891870122
1849 3837 1849 760 760 1425 1425 349 1425 2616 1425 2693 963 1237|0.001 0.12347426191448685 -0.04408364213419169 -0.08890383792063306
771 771 411 541 2076 1415 189 1000 771 771 411 669 1457 1879|0.001 -0.02414284592774707 0.0860831985498578 0.11127077268108243
2432 1875 1875 459 1316 5049 3442 1000 2432 1875 1875 3246 1266 3544|0.001 0.07797527763204748 -0.08594621217259402 -0.5507495205683932
1836 1000 245 533 1000 1000 533 1297 2693 1297 702 1204 1731 2438|0.001 -0.04474903008277131 0.23886246511286569 0.1750328607471041
411 771 771 2076 541 189 1415 1000 411 771 771 1334 1457 521|0.001 -0.023295057301909727 -0.02236777406057544 0.049872917741797806
1836 1000 2693 1297 1000 1000 1297 533 245 533 702 2438 1731 1204|0.001 0.04919557981833744 0.00953038335717915 -0.04325260366292438
541 1000 2076 771 411 411 771 771 189 771 1415 1457 1334 521|0.001 -0.045962174301606984 0.06504423881830368 0.0018433470731737955
1000 533 1297 2693 1836 245 702 1000 1000 533 1297 1731 2438 1204|0.001 -0.07951073098940054 0.07018696801252222 0.05857338931245293
693 817 1299 1061 566 342 641 738 130 720 244 1510 1456 676|0.001 0.0082307319062358 0.03632768324032254 0.005997090870779598
2956 533 3031 4355 2632 1404 2322 5333 3354 2844 4106 3198 3079 3093|0.001 0.4382332836200131 -0.035360404933868494 0.031592916816958194
1225 604 230 696 943 770 679 533 653 322 122 707 745 1424|0.001 0.011728382625348921 0.5609244206667796 -0.023457208332163804
2632 5333 4355 5683 5543 6289 7698 1875 4934 10000 8165 3079 5551 7914|0.001 0.27319338208229293 -0.015552174863895374 0.007000134494277166
1061 738 566 693 1299 244 130 817 641 720 342 791 1090 1267|0.001 0.05252810200501168 0.12601994515275994 -0.02462717953914284
230 604 1225 1768 1305 1273 1444 1875 431 1133 2296 1195 1398 1275|0.001 -0.07368282441810314 0.053156671053704585 -0.04897182282169732
418 881 785 1590 848 159 298 1224 692 904 1298 1258 1334 490|0.001 0.03986319200529609 -0.07047506737633547 0.04638126859135561
4355 5333 2632 2956 3031 4106 3354 533 2322 2844 1404 5203 2960 3246|0.001 0.3574953238077616 0.034842120009337396 0.006258452179010998
1275 533 1123 380 2027 1081 203 1655 1560 882 1152 1175 1977 1700|0.001 0.030544135860564037 -0.037735176398560055 0.597297610154115
5683 1875 5543 2632 4355 8165 4934 5333 7698 10000 6289 5997 5203 11208|0.001 0.2363898751186455 -0.04277537753384575 -0.047609695426240606
1590 1224 848 418 785 1298 692 881 298 904 159 1848 922 918|0.001 0.0654312620167774 0.0812899947861423 0.05318389145409608
2106 1875 2390 2027 380 712 3800 1655 2159 3103 2925 2203 1170 2279|0.001 -0.04680245197012267 -0.05403784515599752 0.011321809950479711
1155 1000 2309 770 629 629 770 533 1694 533 2309 1915 1162 1533|0.001 -0.04822862154920671 0.04150866509712747 0.03226604956760415
629 533 770 2309 1155 1694 2309 1000 629 533 770 1162 1915 1533|0.001 -0.04357123760243553 0.016693729904333487 0.04530304277889474
15000 1000 15000 3691 3691 3691 3691 7500 15000 7500 15000 15033 4596 15447|0.001 0.25640175423533584 0.012953766239629516 -0.02176729866627647
3691 7500 3691 15000 15000 15000 15000 1000 3691 7500 3691 4596 15033 15447|0.001 0.3483632867842923 -0.07019274498255235 -0.011712398378871391
15000 1000 15000 3691 3691 3691 3691 7500 15000 7500 15000 15033 4596 15447|0.001 0.29684250891726993 0.04947157907409405 -0.023568303694183612
3691 7500 3691 15000 15000 15000 15000 1000 3691 7500 3691 4596 15033 15447|0.001 0.5159253965625443 -0.00170882464445965 -0.002744559213919695
4064 1000 4064 2032 271 271 2032 1000 4064 1000 4064 4185 1245 4073|0.001 -0.045690614397598805 -0.05376890618870034 0.06431464627433048
500 1000 500 246 246 246 246 1000 67 1000 67 1118 1030 306|0.001 0.026760107508536635 0.07317594091960533 -0.06857471762669487
271 1000 2032 4064 4064 4064 4064 1000 271 1000 2032 1245 4185 4073|0.001 -0.0461322920073759 0.06419030398569614 -0.05297099102181568
246 1000 246 500 500 67 67 1000 246 1000 246 1030 1118 306|0.001 0.07610543101227885 -0.07878062145648235 0.0779532844646802
4064 1000 4064 2032 271 271 2032 1000 4064 1000 4064 4185 1245 4073|0.001 -0.05708564656962789 -0.03914128344898349 0.07381788419188684
500 1000 500 246 246 246 246 1000 67 1000 67 1118 1030 306|0.001 -0.08765895966960868 0.09573194968372833 0.02100361730137612
271 1000 2032 4064 4064 4064 4064 1000 271 1000 2032 1245 4185 4073|0.001 -0.050906408147117777 0.06786148350356402 -0.04560722534143746
246 1000 246 500 500 67 67 1000 246 1000 246 1030 1118 306|0.001 -0.020004091791188117 0.0361063063537026 0.051126909188075054
4085 7500 4085 6000 6000 11250 11250 1000 7914 7500 7914 4918 6083 13514|0.001 0.18377944526235312 -0.016613112145082987 0.013374983151899222
6000 1000 6000 7914 7914 4085 4085 7500 11250 7500 11250 6083 8374 5629|0.001 0.4770160041917526 -0.08385132227801906 -0.01885461198422811
7914 7500 7914 6000 6000 11250 11250 1000 4085 7500 4085 8374 6083 5629|0.001 0.17043064048242407 -0.02339478362281988 -0.06998519392366287
6000 1000 6000 4085 4085 7914 7914 7500 11250 7500 11250 6083 4918 13514|0.001 -0.023848592437136773 0.12684955963413014 -0.002057985655952166
245 1000 1836 2754 1469 1469 2754 1937 245 1937 1836 1204 1378 1489|0.001 -0.06042825616114467 0.07072140887299794 0.014280972065003894
703 533 363 667 667 89 89 1000 703 533 363 500 1202 744|0.001 0.00018054492477714845 0.04994502283058866 0.057443036510216317
758 516 1422 948 126 126 948 1000 758 516 1422 1708 1058 769|0.001 -0.06080540175874449 0.014577855618769231 0.07114534867800337
667 1000 667 703 363 363 703 533 89 533 89 1202 1201 437|0.001 0.06061050490214104 0.10089561201688468 -0.052533987654823644
126 1000 948 1422 758 758 1422 516 126 516 948 1058 1708 769|0.001 -0.06083065514375763 0.07105850948397441 0.01467158202882457
363 533 703 667 667 89 89 1000 363 533 703 1201 1202 437|0.001 0.06558431640389939 -0.022680987871962488 0.005062437872267456
1469 1937 2754 1836 245 245 1836 1000 1469 1937 2754 1378 1204 1489|0.001 -0.0610231644209569 0.015062821210676258 0.0713033314110545
667 1000 667 363 703 703 363 533 89 533 89 1202 500 744|0.001 0.015843545093554567 0.07217302057136665 0.01460732289932265
530 625 650 3691 3691 3872 3601 7500 994 6797 1218 1132 4596 4132|0.001 0.48737624524771705 -0.11707300088436456 -0.02485070336843309
5581 816 6158 3031 2956 3179 3031 533 513 435 821 6212 3198 3386|0.001 0.02323520767869791 0.060653788568518774 -0.04237916786752449
3893 533 3712 7542 6835 629 1006 1225 3621 653 3712 3569 6908 4434|0.001 0.05326748955898575 -0.026874347730744264 0.06968877479417435
3691 7500 3691 530 650 1218 994 625 3601 6797 3872 4596 820 3605|0.001 0.39680952013502413 -0.007332911933193298 -0.03490645785958035
6194 10875 5761 1039 849 1591 1949 1600 5906 12000 5906 7055 1311 5678|0.001 0.015148149431021274 -0.05307078259264686 -0.05038519386565521
3031 533 2956 5581 6158 821 513 816 3031 435 3179 2960 5640 3774|0.001 -0.08046740845508715 0.055609559474429915 0.053686317820349494
7542 1225 6835 3893 3712 3712 3621 533 1006 653 629 7608 4156 4622|0.001 0.08195663775294237 0.07720758186381849 -0.07307195349429807
1039 1600 849 6194 5761 5906 5906 10875 1949 12000 1591 1811 6598 6232|0.001 1.1672095502371893 -0.10641880148818506 0.04990864276012141
13000 1000 13000 3691 3691 4085 4085 7500 11250 7500 11250 13038 4596 11840|0.001 0.2588035215156026 0.0015002646969120015 -0.042379796812322956
3691 7500 3691 13000 13000 11250 11250 1000 4085 7500 4085 4596 13038 11840|0.001 0.5474661914380818 0.032519881254235994 -0.05292804038080967
13000 1000 13000 4085 4085 3691 3691 7500 11250 7500 11250 13038 4918 13514|0.001 0.36730782562326203 -0.023667929526965947 -0.028045551085773557
4085 7500 4085 13000 13000 11250 11250 1000 3691 7500 3691 4918 13038 13514|0.001 0.22473512714910937 0.028166607483570694 0.07914111590928474
3522 1107 3048 2032 271 271 2032 1000 3522 1107 3048 3661 1245 3532|0.001 -0.07405433576865517 -0.034898866993875455 0.08968967684679363
667 1000 667 328 363 363 328 1156 89 1156 89 1202 1201 437|0.001 0.03419158687345769 0.10547392566753855 -0.016334132151761827
271 1000 2032 3048 3522 3522 3048 1107 271 1107 2032 1245 3661 3532|0.001 -0.043022981837080865 0.06199473806335343 -0.07248082690647695
363 1156 328 667 667 89 89 1000 363 1156 328 1201 1202 437|0.001 -0.05784240321038525 -0.032210738904164815 0.12392650105558012
3182 904 2754 1836 245 245 1836 1000 3182 904 2754 2898 1204 3192|0.001 -0.05718438370187706 -0.055566460535965145 0.07510428481730003
667 1000 667 363 328 328 363 1156 89 1156 89 1202 1052 409|0.001 0.0804199582715559 0.053283631166867185 0.007610037747294296
245 1000 1836 2754 3182 3182 2754 904 245 904 1836 1204 2898 3192|0.001 -0.053444334864014564 0.0717302868811509 -0.06026121352710523
328 1156 363 667 667 89 89 1000 328 1156 363 1052 1202 409|0.001 0.09175881422829324 -0.08403054713492786 0.056530965196008864
1305 1875 1768 1000 187 352 1875 921 1369 1726 1972 1398 1106 1461|0.001 -0.006449447914027573 -0.07107423862238615 -0.04281678334982497
1061 1116 566 566 1061 977 521 738 199 774 106 1458 791 1173|0.001 0.11156497643289187 0.16576310738462663 -0.09139332842856729
7300 1875 6960 5333 4910 9207 10000 5333 10520 10000 9428 7792 5333 14881|0.001 0.04181602398106943 0.10463993122379778 -0.06553056715312588
943 533 696 188 1000 533 100 921 1052 491 730 745 1000 1083|0.001 -0.00872836348880468 0.02922347521565838 0.4321240930616299
4910 5333 5333 3712 3893 5611 5028 533 2619 2844 2844 5333 3569 3061|0.001 0.4281385059579512 0.03941667454032238 -0.03986144109688339
566 738 1061 1061 566 106 199 1116 521 774 977 1456 1149 625|0.001 0.004548231001222369 0.06773478129959098 -0.0026073762933631617
204 1086 1086 2142 1487 1417 1920 1875 382 2037 2037 1086 1169 1363|0.001 -0.03213919989345948 -0.003579925875797363 -0.0532795892774629
875 694 467 507 951 178 95 896 951 662 507 546 1030 951|0.001 0.04371233625996673 0.06140369244872712 0.017781522643496306
5333 5333 4910 7300 6960 9428 10520 1875 10000 10000 9207 5897 6692 13728|0.001 0.20316470163006972 -0.08619577705228809 0.0006650850737455194
3712 533 3893 4910 5333 2844 2619 5333 5028 2844 5611 4156 5897 3975|0.001 0.4490544570885313 -0.047894800627381606 0.029064569845573818
1086 1086 204 793 1143 1024 756 533 579 579 109 1201 623 1493|0.001 -0.016550532422764386 0.4061618229632291 0.01916419330700414
507 896 951 875 467 507 951 694 95 662 178 1306 1415 507|0.001 0.07987024254033637 0.03750662406692751 -0.07394254988563165
566 738 1061 1061 566 521 977 738 106 684 199 1456 1456 625|0.001 0.051538823011108015 0.01604071373988214 -0.033006591153703635
3441 533 3712 5333 4910 2619 2844 5333 3712 2844 5028 4066 5333 4742|0.001 0.3373719338235026 0.024040654293340236 0.08109977881498587
1000 921 188 696 943 696 645 533 533 491 100 1000 745 1373|0.001 0.02414018787328276 0.4913422113382593 -0.004370350543145829
4910 5333 5333 6960 6452 6960 9428 1875 9207 10000 10000 5333 5976 10072|0.001 0.13004252116485038 -0.08636349583106884 -0.02962471360293928
1061 738 566 566 1061 199 106 738 977 684 521 791 791 1173|0.001 -0.05820055063802898 0.08298033481079825 0.06203973372746141
187 921 1000 1768 1305 1210 1305 1875 352 1726 1875 1106 1398 1120|0.001 -0.11211112536785306 0.155992496640307 0.05652946913255352
705 927 1323 1437 766 144 269 1355 766 1000 1437 1447 1071 766|0.001 0.07600142722677505 -0.027919697487516215 0.007953932206576919
5333 5333 4910 3441 3712 5028 3712 533 2844 2844 2619 5897 3187 3975|0.001 0.2840672348030271 -0.0014895212149901305 -0.007207913742642846
756 533 701 204 1086 579 109 1086 1024 579 756 966 1201 810|0.001 0.001611554783138569 -0.023474812437199732 0.6447754227335856
6960 1875 6452 4910 5333 10000 9207 5333 9428 10000 6960 7623 5897 13728|0.001 0.10603513489182648 0.09284930398133051 -0.019012475753460434
1437 1355 766 705 1323 1437 766 927 269 1000 144 1972 1277 1437|0.001 0.10330353857455288 0.15389537234813622 -0.08374169102023266
1314 1875 1417 1086 204 382 2037 1086 1417 2037 1920 1811 1086 1552|0.001 -0.04809413978092203 -0.00499012565908008 0.04415334955665484
1305 1875 1768 1000 187 352 1875 921 1210 1726 1305 1398 1106 1120|0.001 -0.12238012573285939 -0.025195925376213513 0.11285650593097829
1061 738 566 566 1061 977 521 738 199 684 106 791 791 1173|0.001 0.02142411151940804 -0.04211392147377091 0.21343356553522153
6452 1875 6960 5333 4910 9207 10000 5333 6960 10000 9428 5976 5333 10072|0.001 0.4128832377493019 -0.042604600049481745 -0.011019323615470977
943 533 696 188 1000 533 100 921 696 491 645 745 1000 1373|0.001 -0.039466314666889435 0.03615133766465384 0.240699359691825
4910 5333 5333 3712 3441 3712 5028 533 2619 2844 2844 5333 4066 4742|0.001 0.38958223054774477 0.029150686648671265 -0.07674913786603677
566 738 1061 1061 566 106 199 738 521 684 977 1456 1456 625|0.001 -0.07170150082706161 0.046196357156671475 0.06392687527710272
204 1086 1086 1417 1314 1417 1920 1875 382 2037 2037 1086 1811 1552|0.001 -0.12475689357631214 0.1471219212005792 0.022150020607984988
1323 927 705 766 1437 269 144 1355 1437 1000 766 1277 1972 1437|0.001 0.0990775220733342 0.18100953099062567 0.045400973288654
5333 5333 4910 6452 6960 9428 6960 1875 10000 10000 9207 5897 7623 13728|0.001 0.4360015990889865 0.026097643969431594 -0.002710928211557828
3712 533 3441 4910 5333 2844 2619 5333 5028 2844 3712 3187 5897 3975|0.001 0.4312484372791525 -0.029975848094088153 0.02355303506119899
1086 1086 204 701 756 1024 756 533 579 579 109 1201 966 810|0.001 -0.029177076865610774 0.350222940146967 -0.010147226180567959
766 1355 1437 1323 705 766 1437 927 144 1000 269 1071 1447 766|0.001 0.08286358789583614 0.013152106326699275 -0.0288362283303778
10416 4000 10416 13687 13687 14765 14765 24375 19531 30000 19531 10607 14550 21366|0.001 0.5293785327066614 0.004726184715038162 -0.012955549886694007
13687 24375 13687 10416 10416 19531 19531 4000 14765 30000 14765 14550 10607 21366|0.001 0.8986095594829235 -0.09261793222297032 -0.16993485523966956
701 533 756 1536 1248 51 205 1000 701 533 756 1094 1708 745|0.001 -0.017402920939367794 -0.018968784660831073 0.07798449140471231
1536 1000 1248 701 756 756 701 533 205 533 51 1708 966 941|0.001 0.011262846791733061 0.1001730550908464 -0.03858998909719191
756 533 701 1248 1536 205 51 1000 756 533 701 966 1708 941|0.001 0.04351661855452882 0.034784082266747784 0.021663147267629856
1248 1000 1536 756 701 701 756 533 51 533 205 1708 1094 745|0.001 0.034108194178743556 0.018339549212549322 -0.013448467436286693
230 604 1225 2828 1414 1282 2121 1000 187 921 1000 1195 2236 1427|0.001 -0.04993039000922739 0.05548417453109966 0.00935483646980817
1414 1000 2828 1000 187 230 1225 921 1282 604 2121 2236 1106 1295|0.001 -0.052875029472367885 -0.0003479171719744656 0.06587964941436208
1000 921 187 1414 2828 2121 1282 1000 1225 604 230 1000 2236 2345|0.001 -0.0372535000018237 0.36359547141241455 -0.033177221041484906
6835 1225 7542 5333 4910 3223 5333 5333 11314 6532 15085 6908 5333 8172|0.001 0.31380488782313476 -0.05975751084574821 -0.0007925505810035816
2828 1000 1414 230 1225 1000 187 604 2121 921 1282 2236 707 3000|0.001 -0.009269874060406913 -0.00852237619991314 0.4795379174535186
2632 5333 4355 6158 5581 9238 12317 816 4009 4355 4355 3079 6212 9033|0.001 -0.011988353299127175 -0.10433488778648359 -0.036372464079097444
2121 1523 3510 2027 380 310 1655 1655 2340 1655 4680 2535 1170 2143|0.001 -0.07093156631358011 0.06398255294386646 0.0639885542628682
204 1086 1086 2304 1392 1536 3072 656 249 1086 1330 1086 2253 1549|0.001 -0.08809465672789618 0.08430981875336307 0.08898765370828787
5333 5333 4910 6835 7542 15085 11314 1225 5333 6532 3223 5897 7608 11926|0.001 -0.09802021919544046 -0.04054377839734724 0.114010331160459
2304 656 1392 204 1086 1330 249 1086 3072 1086 1536 1664 1201 3258|0.001 -0.022021077862588445 -0.09103497360477442 0.5536302451378616
6158 816 5581 2632 4355 4355 4009 5333 12317 4355 9238 5640 5203 9737|0.001 0.40001259305741055 -0.02944582188085243 0.04893937642030277
2027 1655 380 2121 3510 4680 2340 1523 1655 1655 310 1977 3432 3881|0.001 -0.010365271469813253 0.541912500671462 -0.06294906896340491
354 1000 1768 5303 4596 4596 5303 1225 354 1225 1768 1275 4704 4610|0.001 -0.023640619526521522 0.03479615771808664 -0.033168703865992244
231 867 189 333 333 67 67 1000 231 867 189 887 1054 275|0.001 0.10321020202260112 -0.04607027351857362 0.03522036787915628
333 1000 333 189 231 231 189 867 67 867 67 1054 887 275|0.001 -0.04729854771159392 0.022800292489297824 0.06914066394432483
4596 1225 5303 1768 354 354 1768 1000 4596 1225 5303 4704 1275 4610|0.001 -0.06061016203624314 0.00920383243648848 0.07783639992788416
189 867 231 333 333 67 67 1000 189 867 231 1018 1054 240|0.001 -0.027138040085021853 -0.016456348600605297 0.05594717188558862
289 1000 1443 4330 3753 3753 4330 816 289 816 1443 1190 4406 3764|0.001 -0.08267689352010499 0.09823696073215649 0.03580162696949385
333 1000 333 231 189 189 231 867 67 867 67 1054 1018 240|0.001 0.0329131021537199 0.029414965439851226 -0.03299378718328971
3753 816 4330 1443 289 289 1443 1000 3753 816 4330 4406 1190 3764|0.001 -0.07731583868625602 0.037620772450863704 0.07151831547131282
5303 1225 4596 354 1768 1768 354 1000 5303 1225 4596 5397 1275 5590|0.001 -0.04013468933838138 0.0013232131087703713 0.39081243954927736
2828 5000 2828 13000 13000 15000 15000 1000 3464 5000 3464 3606 13038 15264|0.001 0.2525604482295063 -0.05393787418538021 -0.028899045640905507
1768 1000 354 4596 5303 5303 4596 1225 1768 1225 354 1275 5397 5590|0.001 -0.05848350183263906 0.328197586362875 -0.007818179265441927
13000 1000 13000 2828 2828 3464 3464 5000 15000 5000 15000 13038 3606 15264|0.001 0.16379703922571265 -0.05018736253295408 -0.08051886873771008
4330 816 3753 289 1443 1443 289 1000 4330 816 3753 3841 1190 4564|0.001 -0.05965005241960086 0.0073104110024857505 0.3350312686901269
3464 5000 3464 13000 13000 15000 15000 1000 2828 5000 2828 4123 13038 13304|0.001 0.07236216659492811 -0.014220665113657827 0.06303360444273265
1443 1000 289 3753 4330 4330 3753 816 1443 816 289 1190 3841 4564|0.001 -0.04011660196006517 0.389029905966245 0.02087206289565824
13000 1000 13000 3464 3464 2828 2828 5000 15000 5000 15000 13038 4123 13304|0.001 -0.03912612926448067 0.05849697820192512 -0.06515577113705873
1681 1596 994 364 1681 1681 364 1426 1681 1892 994 2542 1712 2377|0.001 0.04336981686471342 -0.0010928996692893822 0.5662480601372555
1053 1185 228 623 1053 1053 623 626 1053 893 228 1326 410 1489|0.001 0.01861682135038789 0.2803929218234602 0.08086756211106438
888 753 526 192 888 888 192 844 888 528 526 639 896 1256|0.001 0.06739356747802461 -0.005060603020455856 0.5487838060995354
1179 701 255 698 1179 1179 698 1327 1179 1120 255 808 1920 1667|0.001 -0.057702611913197366 0.18150985668829112 0.07278543085388112
364 1426 1681 1681 994 994 1681 1596 364 1892 1681 1152 655 1059|0.001 -0.07137548161805674 0.06696272653556878 0.052847926300192416
623 626 1053 1053 228 228 1053 1185 623 893 1053 1593 1062 664|0.001 -0.07048064892080097 0.036881504716748115 0.06967079824670597
192 844 888 888 526 526 888 753 192 528 888 1118 1447 560|0.001 -0.05252141323755399 0.04097108966671703 0.04966177430926866
698 1327 1179 1179 255 255 1179 701 698 1120 1179 848 1201 743|0.001 -0.06073210078333613 0.01797269016759584 0.07155052019071073
289 1000 1443 4330 3175 3175 4330 1000 289 1000 1443 1190 3841 3189|0.001 -0.06713199479833065 0.08282159375656128 0.02116023408455847
231 733 231 333 333 67 67 1000 231 733 231 887 1054 275|0.001 -0.025230639981925762 0.06501935656449964 0.0543621967993313
333 1000 333 231 231 231 231 733 67 733 67 1054 887 275|0.001 0.0024145224248828256 0.09373180610304122 -0.019414242992986663
3175 1000 4330 1443 289 289 1443 1000 3175 1000 4330 3841 1190 3189|0.001 -0.06281841384851994 -0.001548519447244212 0.08041277744980091
231 733 231 333 333 67 67 1000 231 733 231 887 1054 275|0.001 0.060900394397809254 0.038056575024809636 0.004690090285224269
289 1000 1443 4330 3175 3175 4330 1000 289 1000 1443 1190 3841 3189|0.001 -0.038394225949460736 0.03839457752884856 0.0037505256690839595
333 1000 333 231 231 231 231 733 67 733 67 1054 887 275|0.001 0.04461196855180205 -0.0027518113910030007 0.001963626246257455
3175 1000 4330 1443 289 289 1443 1000 3175 1000 4330 3841 1190 3189|0.001 -0.0016114122042432122 -0.04984230494183062 0.013184083682684644
4330 1000 3175 289 1443 1443 289 1000 4330 1000 3175 3841 1190 4564|0.001 -0.015688979383995383 0.0722685426828118 0.3267932411545349
3464 5000 3464 11000 11000 15000 15000 1000 3464 5000 3464 4123 11045 13304|0.001 -0.12998379828077167 -0.01106255943874035 0.1545059097290702
1443 1000 289 3175 4330 4330 3175 1000 1443 1000 289 1190 3841 4564|0.001 0.004224770634897457 0.5545619561394632 -0.07566789803557628
11000 1000 11000 3464 3464 3464 3464 5000 15000 5000 15000 11045 4123 13304|0.001 -0.09002391435998791 0.018396874039989797 -0.11013226689055466
4330 1000 3175 289 1443 1443 289 1000 4330 1000 3175 3841 1190 4564|0.001 -0.04655596207574275 0.062275361137578145 0.303030221552103
3464 5000 3464 11000 11000 15000 15000 1000 3464 5000 3464 4123 11045 13304|0.001 0.5386177454681329 0.09676274147831121 -0.09206451226150159
1443 1000 289 3175 4330 4330 3175 1000 1443 1000 289 1190 3841 4564|0.001 -0.010580590889592845 0.5926660044262544 -0.0785432050937096
11000 1000 11000 3464 3464 3464 3464 5000 15000 5000 15000 11045 4123 13304|0.001 0.06751998609198173 0.06709161972626276 0.010489766357852925
187 921 1000 2828 1414 1414 2828 1000 187 921 1000 1106 2236 1427|0.001 -0.07800061371092681 0.07278564589972447 0.061892384124353494
1414 1000 2828 1000 187 187 1000 921 1414 921 2828 2236 1106 1427|0.001 -0.08453888479878269 0.06078342367659584 0.07785851567611246
1000 921 187 1414 2828 2828 1414 1000 1000 921 187 1000 2236 3000|0.001 0.008073962033015025 0.5799319952604898 -0.008516140190201194
7542 1000 7542 5333 4910 4910 5333 5333 15085 5333 15085 7608 5333 11743|0.001 0.07377476617232315 -0.10088625584466215 -0.05750137131967037
2828 1000 1414 187 1000 1000 187 921 2828 921 1414 2236 1000 3000|0.001 -0.040876186661626956 -0.116383947511296 0.44311850135306363
4910 5333 5333 7542 7542 15085 15085 1000 4910 5333 5333 5333 7608 11743|0.001 0.22572823689570587 0.0014785706735009896 -0.07992079621220949
1536 1000 3072 1086 204 204 1086 1086 1536 1086 3072 2391 1086 1549|0.001 -0.06704377320172261 0.04307716272013096 0.06495181914008885
204 1086 1086 3072 1536 1536 3072 1000 204 1086 1086 1086 2391 1549|0.001 -0.05905511224052473 0.0505918120515636 0.038742326690053286
5333 5333 4910 7542 7542 15085 15085 1000 5333 5333 4910 5897 7608 11926|0.001 0.17956907017975254 0.006198353304718296 0.006264042400534464
3072 1000 1536 204 1086 1086 204 1086 3072 1086 1536 2391 1201 3258|0.001 0.014591738114455577 -0.04478826893048904 0.6354972729902775
7542 1000 7542 4910 5333 5333 4910 5333 15085 5333 15085 7608 5897 11926|0.001 0.14773771070184072 -0.06869462179401875 -0.01748153020342147
1086 1086 204 1536 3072 3072 1536 1000 1086 1086 204 1201 2391 3258|0.001 0.06723055360677188 0.6463961745547131 -0.011912091334949082
273 1096 513 2719 906 906 2719 1000 273 1096 513 955 1861 947|0.001 -0.028174530299522882 0.014504012114731069 0.028790707052481768
906 1000 2719 513 273 273 513 1096 906 1096 2719 1861 955 947|0.001 -0.02183348102049565 0.03300844202562825 -0.01342033287664135
827 1000 2481 468 250 250 468 913 827 913 2481 1747 1143 864|0.001 -0.0674033860888712 0.08841186639667376 0.02466842409594161
250 913 468 2481 827 827 2481 1000 250 913 468 1143 1747 864|0.001 -0.000963092101547991 -0.013211351635828983 -0.0009840101210711882
189 867 231 333 333 246 272 1000 354 750 433 1018 1054 264|0.001 -0.028900556758135743 0.012955669739123099 0.050278299288788464
1732 816 2309 770 629 568 770 533 2001 435 2309 2449 1162 1823|0.001 -0.06424192851390287 0.02755960094932952 0.06073531734551496
696 533 943 2828 2121 2451 2828 1225 770 653 943 1373 2345 2548|0.001 -0.04927007331133382 0.04600146938139593 0.02800019388070174
333 1000 333 189 231 433 354 867 272 750 246 1054 887 363|0.001 -0.023490347155336044 -0.02410234806393685 0.050890291122107634
625 1000 625 573 573 573 573 333 625 333 625 1179 814 848|0.001 -0.05012682446195127 -0.033790071368434704 0.05887901328125
573 333 573 625 625 625 625 1000 573 333 573 814 1179 848|0.001 -0.05175614276619056 0.05936915472978477 -0.033397421788589066
625 1000 625 573 573 573 573 333 625 333 625 1179 814 848|0.001 -0.053990642956033286 -0.04033425854658157 0.06404445486908106
573 333 573 625 625 625 625 1000 573 333 573 814 1179 848|0.001 -0.05029191761505847 0.060020071174742284 -0.036811173672762765
368 333 368 231 189 101 123 867 403 262 353 685 1018 351|0.001 -0.03301116496278955 0.07420607312189187 -0.06866795211181942
231 867 189 368 368 353 403 333 123 262 101 887 685 419|0.001 -0.0021446151752146925 -0.05362667188859027 0.025670889221935944
742 1141 2453 654 349 285 534 1041 944 1041 2831 1640 1064 795|0.001 -0.03974140546984084 0.028000321563572683 0.035833844638109014
250 913 468 2151 651 827 2481 877 306 913 573 1143 1581 864|0.001 -0.09365519485051044 0.06926097664183839 0.09795984699816129
1000 1000 1000 1299 693 87 693 817 817 817 817 1414 1510 1052|0.001 -0.005065003552775504 -0.0023144226313420724 0.04075151207813876
693 817 1299 1000 1000 817 817 1000 87 817 693 1510 1414 1052|0.001 0.035267070926545685 0.03854156182923507 -0.07844918446432869
1179 125 1443 1443 1179 1179 1443 1875 1179 1000 1443 1519 1573 2041|0.001 0.1190265291222925 -0.05342192678633784 -0.02965398266940311
1179 1875 1443 1443 1179 1179 1443 125 1179 1000 1443 1573 1519 2041|0.001 0.11824733925765107 -0.036785407394936964 -0.057242236255782286
848 1224 1590 1000 1000 1224 1224 1000 106 1224 848 1334 1002 1009|0.001 0.03820883558557808 0.03537655345678514 -0.05069916760019
1000 1000 1000 1590 848 106 848 1224 1224 1224 1224 1002 1334 1009|0.001 -0.040380000000722616 0.03886140364938617 0.06572040209184449
1443 1875 1179 1179 1443 1443 1179 125 1443 1000 1179 2179 1190 2041|0.001 0.07617741855659554 -0.030269822148634162 -0.03699885763208566
1443 125 1179 1179 1443 1443 1179 1875 1443 1000 1179 1190 2179 2041|0.001 0.010113595047316348 0.022200644118901547 -0.055416173788668255
245 1000 1102 1102 2693 2693 1102 1000 245 1000 1102 1127 1992 2704|0.001 -0.03589441447650277 0.048887798948014094 -0.005308295136440266
908 2444 908 1000 1000 222 222 1000 908 2444 908 1808 1414 1023|0.001 -0.10253536054912415 -0.08308448663943757 0.0976665808193311
1000 1000 1000 908 908 908 908 2444 222 2444 222 1414 1808 1023|0.001 0.2813738636352814 -0.003791458866648778 0.029477450178327924
2693 1000 1102 1102 245 245 1102 1000 2693 1000 1102 1992 1127 2704|0.001 -0.08471552073120336 -0.004129680737682273 0.08084119200761908
908 2444 908 1000 1000 222 222 1000 908 2444 908 1808 1414 1023|0.001 0.1699083498428644 0.07671234046486397 0.014886013704771273
245 1000 1102 1102 2693 2693 1102 1000 245 1000 1102 1127 1992 2704|0.001 -0.02784988434101021 0.05435275858620692 -0.02857918267977655
1000 1000 1000 908 908 908 908 2444 222 2444 222 1414 1808 1023|0.001 0.15173821733800885 0.022146204833379812 -0.047728575348429114
2693 1000 1102 1102 245 245 1102 1000 2693 1000 1102 1992 1127 2704|0.001 -0.10242096873359974 0.0036735323497860684 0.10128419714096948
1102 1000 2693 245 1102 1102 245 1000 1102 1000 2693 1992 1127 1558|0.001 -0.06379127343103974 0.029700657914537576 0.3393825310575349
4085 4500 4085 11000 11000 4500 4500 1000 4085 4500 4085 4603 11045 8136|0.001 0.24522705874585826 0.029156692427947384 0.020542834318968417
1102 1000 245 2693 1102 1102 2693 1000 1102 1000 245 1127 1992 1558|0.001 -0.07231647347511694 0.24813869312999115 0.060096807921901085
11000 1000 11000 4085 4085 4085 4085 4500 4500 4500 4500 11045 4603 8136|0.001 0.06885007868716819 0.07648067989219909 -0.03468068988596973
1102 1000 2693 245 1102 1102 245 1000 1102 1000 2693 1992 1127 1558|0.001 -0.06395923096401024 0.04311438302063708 0.26861632853322437
4085 4500 4085 11000 11000 4500 4500 1000 4085 4500 4085 4603 11045 8136|0.001 0.34441802397646937 0.12274234985713228 0.00992559263195636
1102 1000 245 2693 1102 1102 2693 1000 1102 1000 245 1127 1992 1558|0.001 -0.04090466256416847 0.3714574188838027 0.011502209326665902
11000 1000 11000 4085 4085 4085 4085 4500 4500 4500 4500 11045 4603 8136|0.001 0.4072818640676945 -0.005168698926723003 -0.03341941697634909
908 222 908 908 908 908 908 2444 908 1667 908 1023 1808 909|0.001 0.08978733705540254 -0.034183850369104984 -0.042297580739670826
908 2444 908 908 908 908 908 222 908 1667 908 1808 1023 909|0.001 0.21885495327334636 0.025697973260569995 -0.07965564757281718
545 1467 545 545 545 545 545 133 545 600 545 1328 656 546|0.001 -0.040931092547817904 -0.06943261422599822 0.03841396942230624
1000 1000 1000 2693 1102 245 1836 1000 1000 1000 1000 1731 1992 1127|0.001 0.07576513369980331 -0.1081006367994164 -0.006010040517695492
1836 1000 2693 1000 1000 1000 1000 1000 245 1000 1102 2438 1731 1204|0.001 0.05048433443743949 0.01918689632818049 0.026980443053992165
1102 1000 2693 1000 1000 1000 1000 1000 245 1000 1836 1992 1731 1127|0.001 0.05609219492614059 0.006142062403888815 -0.044280748806246883
1000 1000 1000 2693 1836 245 1102 1000 1000 1000 1000 1731 2438 1204|0.001 0.0741434050398726 -0.056605176971770144 0.03686301808286885
545 133 545 545 545 545 545 1467 545 600 545 656 1328 546|0.001 -0.007680949151405159 -0.0010633242160196232 -0.06903861750103157
566 200 566 533 533 595 595 1000 302 573 302 721 1133 613|0.001 0.038177481456469486 0.004934947863890482 -0.023828464756109335
1900 1000 3315 1768 1972 1972 1768 1875 663 1875 3315 2702 2577 2269|0.001 -0.06168373664267812 0.08892762035550339 -0.010380399976497312
1061 1116 566 1875 1875 375 1075 1000 1061 1116 566 1458 2125 1352|0.001 -0.022959231765375954 -0.04991587401007469 0.03127348663446661
1875 1000 1875 566 1061 1061 566 1116 375 1116 1075 2125 1458 1352|0.001 0.014143093408229834 0.04341852067098806 -0.047868023596985276
1972 1875 1768 3315 1900 663 3315 1000 1972 1875 1768 2577 2702 2269|0.001 -0.07396127910924699 0.08827824737394518 0.10555723866538136
533 1000 533 566 566 302 302 200 595 573 595 1133 721 613|0.001 0.026922114755276727 0.03505760531347324 0.008875066512117336
526 1744 526 1038 1038 930 930 349 987 1744 987 1422 1194 1069|0.001 0.0763216460643612 -0.17628622300828178 -0.0409592890802557
1038 349 1038 526 526 987 987 1744 930 1744 930 1194 1422 1069|0.001 -0.021394263136311764 0.06625268416032615 -0.12447910359892012
4085 7500 4085 4000 4000 7500 7500 1000 6418 7500 6418 4918 4123 9959|0.001 0.34743601586235684 0.014304590527882688 0.019021125621145885
4000 1000 4000 6418 6418 4085 4085 7500 7500 7500 7500 4123 6978 4323|0.001 0.06607200944094282 0.05413894761866267 -0.0057799848417783295
6418 7500 6418 4000 4000 7500 7500 1000 4085 7500 4085 6978 4123 4323|0.001 0.20877818795068448 -0.03999109852559579 -0.10415761990308581
4000 1000 4000 4085 4085 6418 6418 7500 7500 7500 7500 4123 4918 9959|0.001 0.10966614039563671 -0.02950294690298949 -0.061039433457268366
245 1000 1836 1836 979 979 1836 1571 245 1571 1836 1204 1058 1009|0.001 -0.06065253355927447 0.07124721838932757 0.014075553785963812
856 533 545 1000 1000 133 133 1000 856 533 545 576 1414 930|0.001 0.07582759250616133 -0.035918295075827444 0.06600518048733628
623 637 1169 1169 156 156 1169 1000 623 637 1169 1552 1087 642|0.001 -0.060690219493660935 0.014344012032985187 0.07103958381502684
1000 1000 1000 856 545 545 856 533 133 533 133 1414 1328 656|0.001 0.05065894671560489 0.033771138047302696 -0.02611941944571705
156 1000 1169 1169 623 623 1169 637 156 637 1169 1087 1552 642|0.001 -0.06085772354486485 0.07131473340706185 0.014518504954446065
545 533 856 1000 1000 133 133 1000 545 533 856 1328 1414 656|0.001 0.09049677732983374 -0.09456933603784634 0.040157745614539664
979 1571 1836 1836 245 245 1836 1000 979 1571 1836 1058 1204 1009|0.001 -0.06133056366906975 0.015213401917086866 0.07150665997419203
1000 1000 1000 545 856 856 545 533 133 533 133 1414 576 930|0.001 -0.08125318115695168 0.0629949385726869 0.09692674731476725
3169 1875 3658 3315 1900 7292 9944 1000 3169 1875 3658 2847 2702 4889|0.001 -0.001102693455554693 -0.03639059257417476 -0.04945043158723572
1900 1000 3315 3658 3169 3169 3658 1875 7292 1875 9944 2702 2847 4889|0.001 -0.021424727666536914 -0.0028614323065645486 -0.015351462595877274
600 1000 2301 592 316 316 592 1154 1046 1154 3138 1543 898 853|0.001 -0.06831278909319893 0.08095594815694884 0.04450752004608205
316 1154 592 2301 600 1046 3138 1000 316 1154 592 898 1543 853|0.001 -0.07179901221380347 0.040418462504434594 0.09051802162356903
963 1000 336 1241 1607 1607 1241 1875 3697 1875 2521 1151 2376 2479|0.001 0.07364940857984337 -0.5566459127042367 -0.08949139213316637
1511 1295 806 271 2032 2980 777 1000 1511 1295 806 1916 1245 2888|0.001 -0.020407952747089064 0.11296336845409094 0.43689088250219665
1038 349 1038 1668 1668 1288 1288 3837 1946 2616 1946 1194 2573 1547|0.001 0.041268947985175775 -0.07299444414468392 -0.08594501311639968
2301 1000 600 622 1167 1167 622 772 1569 772 209 1543 928 2230|0.001 0.003169728026790608 0.053333469662992794 0.15544205339550032
1668 3837 1668 1038 1038 1946 1946 349 1288 2616 1288 2573 1194 1547|0.001 0.08919765814553005 -0.07055650147968828 -0.09914591322649602
1167 772 622 600 2301 1569 209 1000 1167 772 622 928 1543 2230|0.001 0.03706164412063728 -0.08892437395932817 0.37066978844969567
1607 1875 1241 336 963 3697 2521 1000 1607 1875 1241 2376 1151 2479|0.001 0.0827403010631178 -0.05731169854238605 -0.5255173924725232
2032 1000 271 806 1511 1511 806 1295 2980 1295 777 1245 1916 2888|0.001 -0.04386761175503073 0.23571256019678133 0.184643121361161
622 772 1167 2301 600 209 1569 1000 622 772 1167 1479 1543 716|0.001 -0.04495921381384216 0.0035484632717008857 0.05416163812896224
1344 1000 1972 857 662 662 857 533 179 533 514 1911 1267 824|0.001 -0.0284808049619234 0.03159240935677099 -0.006361576974567296
600 1000 2301 1167 622 622 1167 772 209 772 1569 1543 1479 716|0.001 -0.02123188334259729 0.048575277528015715 -0.02593907981941812
662 533 857 1972 1344 179 514 1000 662 533 857 1267 1911 824|0.001 0.08545146194764985 -0.04377464970213629 0.022545298463778618
566 600 693 1000 1000 738 817 1000 71 950 87 1149 1414 1051|0.001 0.04315517039256811 0.04654864408918158 -0.01056304350214754
10970 816 11547 11547 9434 8524 11547 8000 6928 6532 11547 11576 9522 13892|0.001 0.33942759929961985 -0.03141793947188498 -0.07926935444527827
10440 8000 14142 14142 13435 8485 14142 1225 11554 9798 14142 10198 13472 13454|0.001 0.86003671120092 0.05715493241855718 -0.07643360300398361
1000 1000 1000 566 693 87 71 600 817 950 738 1414 825 1052|0.001 -0.0489016566392142 0.06443444410379806 0.04097799882591513
1230 1583 1362 1155 943 118 144 1667 1667 1667 1667 1586 1374 1202|0.001 0.0911848444997676 -0.009594854998861146 0.10579694828668496
11547 8000 9434 10970 11547 11547 6928 816 11547 6532 8524 12152 11000 16330|0.001 0.9315547962191784 0.0896753668916972 -0.0207537564652982
14142 1225 13435 10440 14142 14142 11554 8000 14142 9798 8485 14177 14866 20000|0.001 0.3017162153142072 0.02691386960563813 -0.0830460788472609
1155 1667 943 1230 1362 1667 1667 1583 144 1667 118 1915 2005 1374|0.001 0.013514592680381465 0.0763693705996693 0.006925433550557525
9434 8000 11547 11547 10970 6928 11547 816 8524 6532 11547 9522 11576 13892|0.001 0.43804235498761335 -0.027063938442197788 -0.02007080623737112
1000 1000 1000 693 566 71 87 600 738 950 817 1414 1149 1051|0.001 0.07605057310166252 0.019228300969480472 0.00683887831748109
693 600 566 1000 1000 817 738 1000 87 950 71 825 1414 1052|0.001 0.10732586596797988 0.001882596546738391 0.03900716685815375
13435 1225 14142 14142 10440 11554 14142 8000 8485 9798 14142 13472 10198 13454|0.001 0.6013133777005275 -0.058998838373282014 0.01698581271646793
11547 816 10970 9434 11547 11547 8524 8000 11547 6532 6928 11000 12152 16330|0.001 0.7003779212158667 -0.024850656922545955 0.004379373888372395
943 1667 1155 1362 1230 1667 1667 1583 118 1667 144 1374 1586 1202|0.001 -0.024373807801876257 0.06887528975412449 0.0919226548049612
1362 1583 1230 943 1155 144 118 1667 1667 1667 1667 2005 1915 1374|0.001 0.1659167265782191 -0.03340014979633987 0.09760149971941967
14142 8000 10440 13435 14142 14142 8485 1225 14142 9798 11554 14866 14177 20000|0.001 0.4442725212244425 -0.0438379817986323 -0.006048712145505508
1305 125 1768 1768 1972 1972 1768 1875 1305 1000 1768 1858 2577 2500|0.001 0.12234686882871104 -0.06270166749409833 0.006071062452916998
1305 1875 1768 1768 1972 1972 1768 125 1305 1000 1768 1398 1772 2500|0.001 0.14539347427148241 -0.0101729628015923 -0.0735583283630159
1000 1000 1000 1061 566 71 566 1116 738 1116 738 1414 1149 1051|0.001 -0.03881662370203043 0.010561299818496739 0.06601040861777374
566 738 1061 1000 1000 1116 1116 1000 71 738 566 1456 1414 1002|0.001 -0.01608179058051662 0.051982177594258605 -0.053633838448601256
1768 1875 1972 1305 1768 1768 1305 125 1768 1000 1972 2031 1275 2500|0.001 0.04108157844755711 -0.07676813627031875 -0.0012763628153356077
1768 125 1972 1305 1768 1768 1305 1875 1768 1000 1972 2031 2574 2500|0.001 -0.025861747138359314 0.06184323404422987 -0.028860129807262158
507 896 951 662 662 896 896 1000 63 896 507 1306 1127 646|0.001 0.05083938690190637 0.013011894292405124 -0.011959359354553056
1511 1000 1511 1437 766 96 766 1355 1355 1355 1355 1703 1071 1556|0.001 -0.0372462851581723 -0.044786318403203795 0.08809726362503767
1972 1875 1768 1768 1305 1305 1768 125 1972 1000 1768 2577 1858 2500|0.001 0.005413170953589841 -0.03616613808335445 0.04005509099961557
1000 1000 1000 1061 566 71 566 738 1116 738 1116 1414 1456 1002|0.001 0.018616584365964695 -0.025690904572645 0.02741441566944891
566 1116 1061 1000 1000 738 738 1000 71 1116 566 1149 1414 1051|0.001 0.00896959068079628 -2.1777407325229703e-05 0.08900577060459991
1972 125 1768 1768 1305 1305 1768 1875 1972 1000 1768 1772 1398 2500|0.001 0.15353085358508434 -0.09127082349076665 -0.04921196890831259
1768 125 1305 1972 1768 1768 1972 1875 1768 1000 1305 1275 2031 2500|0.001 0.0033129185072477974 0.02988124856572183 -0.06199292475251528
662 1000 662 951 507 63 507 896 896 896 896 1127 1306 646|0.001 -0.08509355634084947 0.007596517226302613 0.10423627916005263
766 1355 1437 1511 1511 1355 1355 1000 96 1355 766 1071 1703 1556|0.001 0.04038073011306542 0.03793340574327786 -0.07440015347622397
1768 1875 1305 1972 1768 1768 1972 125 1768 1000 1305 2574 2031 2500|0.001 0.03094837218206692 -0.05789272951773006 0.011411990028109553
245 1000 1102 1163 3182 3182 1163 1366 245 1366 1102 1127 2462 3192|0.001 -0.11661300871939284 0.11276900006840451 0.016813129464496868
1175 2737 860 947 947 211 211 1000 1175 2737 860 2118 1378 1257|0.001 -0.04927380397868664 -0.1299828655270363 0.10606944440874955
947 1000 947 860 1175 1175 860 2737 211 2737 211 1378 2118 1257|0.001 0.17622564926466522 0.035984670877795555 0.0722766603446745
3182 1366 1163 1102 245 245 1102 1000 3182 1366 1163 2462 1127 3192|0.001 -0.06003794040600585 0.07009127128126291 0.0545670374912377
860 2737 1175 947 947 211 211 1000 860 2737 1175 1763 1378 969|0.001 -0.03785931896650441 -0.0856037118020514 0.07322560691287228
179 1000 807 851 2330 2330 851 732 179 732 807 1070 1501 2337|0.001 -0.06645386954411525 0.061596660059328734 -0.03883605367105969
947 1000 947 1175 860 860 1175 2737 211 2737 211 1378 1763 969|0.001 0.2802058272915464 0.014450579160851795 0.015345574573328857
2330 732 851 807 179 179 807 1000 2330 732 851 1501 1070 2337|0.001 -0.07656359533141921 -0.07391210416798577 0.08659185780838241
1163 1366 3182 245 1102 1102 245 1000 1163 1366 3182 2050 1127 1602|0.001 -0.0807610924290425 0.06484318488926943 0.22945014493981564
4085 4500 4085 13000 13000 4750 4750 1000 5579 4500 5579 4603 13038 8374|0.001 -0.13399986610984738 -0.03954816220383517 0.07272612174732629
1102 1000 245 3182 1163 1163 3182 1366 1102 1366 245 1127 2050 1602|0.001 -0.0500584901465595 0.4089562237479205 0.020032557961342512
13000 1000 13000 4085 4085 5579 5579 4500 4750 4500 4750 13038 4603 8374|0.001 -0.23901971867276273 0.14541940332483572 -0.0666753608468984
851 732 2330 179 807 807 179 1000 851 732 2330 1803 1070 1173|0.001 -0.056322335923433275 0.02575319604334103 0.3755513786113207
5579 4500 5579 13000 13000 4750 4750 1000 4085 4500 4085 5969 13038 10059|0.001 0.017135739135982764 -0.09176124814096243 0.09922208101872831
807 1000 179 2330 851 851 2330 732 807 732 179 1070 1803 1173|0.001 -0.06885869100574427 0.31216650960326664 0.040869722755241256
13000 1000 13000 5579 5579 4085 4085 4500 4750 4500 4750 13038 5969 10059|0.001 0.13865231708994452 0.05898358353305211 -0.09340017535958145
1000 1000 1000 734 2754 3182 1163 1366 904 1366 904 1731 2050 2898|0.001 -0.04256742039539296 0.04462661796392986 0.15221856061252703
2016 732 538 662 662 732 732 1000 2330 732 851 1205 1267 2422|0.001 -0.04021209622017241 0.2892233660871413 -0.028037748832886455
734 1366 2754 1000 1000 904 904 1000 1163 1366 3182 1646 1002 1164|0.001 -0.0479102733279968 0.06631757924434156 -0.000590771907607035
328 1156 363 363 496 496 363 267 328 422 363 1052 598 559|0.001 -0.021594876252853945 -0.03341895950774498 0.022653551883378142
2754 904 3182 1000 1000 1366 1366 1000 734 904 1163 3308 1731 1646|0.001 0.09680872091300863 -0.04367085903789758 0.04379814110707869
1511 1000 1511 3522 3048 813 1287 1107 1107 1107 1107 1916 3208 2269|0.001 -0.00350217146177223 0.06617865403953482 0.04123533186502382
662 1000 662 2016 538 851 2330 732 732 732 732 1127 1501 1078|0.001 -0.02022584408642114 -0.04588869023797071 0.037368001706268306
363 267 496 328 363 363 328 1156 363 422 496 744 1201 364|0.001 -0.031206248154974636 0.038694539878616485 -0.0572850082934695
2754 1366 734 1000 1000 904 904 1000 3182 1366 1163 2050 1731 2898|0.001 -0.048821027354780666 0.16251291163281723 0.09633559024399219
662 1000 662 538 2016 2330 851 732 732 732 732 1267 1205 2422|0.001 -0.08684499509465815 0.05890406734536224 0.06956429822368548
1000 1000 1000 3182 2754 734 1163 904 1366 904 1366 1731 3308 1646|0.001 0.10316977194268606 -0.02714608401939378 0.04012943158339333
1000 1000 1000 2754 734 1163 3182 1366 904 1366 904 1002 1646 1164|0.001 -0.07642437834539328 0.03962571561640038 0.08412246742378171
496 267 363 363 328 328 363 1156 496 422 363 598 1052 559|0.001 -0.005367934071911495 -0.003609728387329314 -0.00949553892820365
538 732 2016 662 662 732 732 1000 851 732 2330 1501 1127 1078|0.001 -0.09948651422715837 0.11176303037981228 0.07461358780995297
363 1156 328 496 363 363 496 267 363 422 328 1201 744 364|0.001 -0.023418432019477464 -0.013962502572886226 0.013657772031545612
3048 1107 3522 1511 1511 1107 1107 1000 813 1107 1287 3208 1916 2269|0.001 -0.04121426574156262 0.0658593500643101 -0.018309543810031137
896 1000 2689 662 353 353 662 1084 896 1084 2689 1847 1017 963|0.001 -0.038204217865251966 0.051214336075326994 0.0025637194593630674
326 923 611 2481 827 827 2481 1000 326 923 611 1170 1747 889|0.001 -0.04541094567186432 0.017323897236463104 0.05226794475738039
827 1000 2481 611 326 326 611 923 827 923 2481 1747 1170 889|0.001 -0.03245821740274546 0.027873735002994504 0.02322233754505021
353 1084 662 2689 896 896 2689 1000 353 1084 662 1017 1847 963|0.001 -0.06571443119615328 0.048308986054803604 0.060523849002971364
1853 1875 2483 1443 866 3248 4330 816 2153 1531 2483 1477 1658 2808|0.001 -0.036021769976560813 -0.015018492413092499 0.027236330079183357
1061 1225 1768 3041 2637 2269 3041 1875 3977 2296 5303 1458 2491 2951|0.001 -0.010857518616451678 -0.057042160193293556 -0.07386388646846487
467 1162 1753 1012 540 441 826 1340 779 1340 2337 1301 797 642|0.001 -0.07845812062085566 0.09477458747995104 0.05701943142484733
379 1153 711 1508 402 670 2011 860 464 1153 871 945 1304 770|0.001 -0.07306870158801826 0.05100507120810116 0.08726064707878178
750 1000 750 1021 1604 1865 1395 1875 2812 1875 2812 1250 2490 2432|0.001 0.016535433986542003 -0.11673334224199916 -0.056021798222412045
1836 1571 979 734 2754 2754 734 1366 1836 1826 979 2438 2050 3310|0.001 0.03261776234291025 -0.009070053581337056 0.2552702070999291
1753 1162 467 623 1169 1169 623 637 1753 869 467 1516 674 2107|0.001 -0.03363107612810334 0.18950118374268188 0.11750409574860177
1021 1875 1604 750 750 2812 2812 1000 1395 1875 1865 1081 1250 2094|0.001 0.031798921959795834 -0.08054158409449896 -0.1812415698392511
750 1000 750 1865 1395 1021 1604 1875 2812 1875 2812 1250 1439 1681|0.001 -0.006018220272285824 -0.07224989044080199 -0.0924163948245238
1006 748 536 402 1508 1508 402 860 1006 548 536 772 1119 1813|0.001 0.0015544455956084668 0.007085926887178129 0.3323142003157087
1865 1875 1395 750 750 2812 2812 1000 1604 1875 1021 2665 1250 2087|0.001 0.017035164659475743 -0.05755351931171604 -0.1309399826568769
2016 732 538 717 1344 1344 717 1337 2016 1150 538 1205 1911 2424|0.001 0.0592108318838247 0.0057396388283348365 0.17785058849359547
734 1366 2754 1836 979 979 1836 1571 734 1826 2754 1646 1058 1224|0.001 -0.04182353633302882 0.04748142183037096 0.006283192037253027
667 1000 667 363 496 663 570 267 356 267 356 1202 598 512|0.001 -0.03550354774573661 -0.06505739020637447 0.06144562185069535
623 637 1169 1753 467 467 1753 1162 623 869 1169 1552 1301 779|0.001 -0.003724014377972651 -0.011712146595754813 -0.0022965534604102444
663 267 570 667 667 356 356 1000 496 267 363 742 1202 948|0.001 -0.012926756467195322 0.01887994616651456 -0.028489982848514117
402 860 1508 1006 536 536 1006 748 402 548 1508 1304 1429 670|0.001 -0.0591285525496954 0.06074768470257563 0.028527939911806577
667 1000 667 663 570 363 496 267 356 267 356 1202 865 885|0.001 -0.04193864510559364 -0.0635268751925 0.06547884037568563
717 1337 1344 2016 538 538 2016 732 717 1150 1344 1032 1501 896|0.001 -0.06833062444621785 0.04487935549228217 0.071388448579357
363 267 496 667 667 356 356 1000 570 267 663 744 1202 384|0.001 0.021519152025275545 -0.02528956202114019 -0.026748960695522905
1155 1000 2309 1443 289 289 1443 1000 1155 1000 2309 1915 1190 1190|0.001 -0.0820720942501163 0.0585681547903949 0.07372028543887632
289 1000 1443 2309 1155 1155 2309 1000 289 1000 1443 1190 1915 1190|0.001 -0.07187612922638031 0.08048710875079301 0.03768471906561599
1155 1000 2309 1443 289 289 1443 1000 1155 1000 2309 1915 1190 1190|0.001 -0.05819304170114448 0.035931293728139746 0.05613430348744286
289 1000 1443 2309 1155 1155 2309 1000 289 1000 1443 1190 1915 1190|0.001 -0.04887087358308784 0.04402835813113848 0.025028016933723585
1443 1000 289 1155 2309 2309 1155 1000 1443 1000 289 1190 1915 2723|0.001 -0.028233865630056254 0.3774094567506836 0.043985638432886276
2309 1000 1155 289 1443 1443 289 1000 2309 1000 1155 1915 1190 2723|0.001 -0.0022111917357181543 0.004747587416882304 0.37064243495708027
1443 1000 289 1155 2309 2309 1155 1000 1443 1000 289 1190 1915 2723|0.001 -0.02914733182621254 0.29377854327246267 0.017660842840436786
2309 1000 1155 289 1443 1443 289 1000 2309 1000 1155 1915 1190 2723|0.001 -0.021117490890446566 0.2347770033611951 0.03358619478466718
1211 674 646 906 2719 1359 181 1000 1211 674 646 782 1861 2272|0.001 -0.021512005089178166 0.04574826768480866 0.16985013798953785
1104 3000 1104 713 713 1336 1336 200 743 1500 743 2054 841 863|0.001 -0.03550508366241378 -0.05041348089209641 -0.016686781791206418
1549 1875 1043 281 1403 4210 2105 1000 1549 1875 1043 2402 1181 2882|0.001 0.055674976114770125 0.13675016935062123 -0.0946788987189251
1403 1000 281 1043 1549 1549 1043 1875 4210 1875 2105 1181 2402 2882|0.001 0.04675988728651381 -0.11955767574057696 0.1251429447324881
713 200 713 1104 1104 743 743 3000 1336 1500 1336 841 2054 863|0.001 -0.01171537602113304 -0.017706430203093815 -0.04554677144138264
2719 1000 906 646 1211 1211 646 674 1359 674 181 1861 782 2272|0.001 0.0466039497578663 0.16984110925746476 0.004927230716937903
906 1000 2719 1211 646 646 1211 674 181 674 1359 1861 1551 762|0.001 -0.037826739920729935 0.057028438164146156 -0.009060465879875412
556 533 826 2245 1123 150 748 1000 556 533 826 1281 1876 691|0.001 -0.05490097921167725 0.028359438777278978 0.06628321065382359
496 133 496 891 891 475 475 2000 736 667 736 616 1671 575|0.001 0.07181926473035283 -0.005175976098068524 0.04336927507995414
2245 1000 1123 556 826 826 556 533 748 533 150 1876 646 1537|0.001 -0.09571866374318394 -0.09280515871920914 0.16366017827034618
891 2000 891 496 496 736 736 133 475 667 475 1671 616 575|0.001 0.11439262462316302 0.035757596011336545 -0.04462193817238447
826 533 556 1123 2245 748 150 1000 826 533 556 646 1876 1537|0.001 -0.024022906418580403 0.003080702803106572 0.07369751913342881
646 674 1211 2719 906 181 1359 1000 646 674 1211 1551 1861 762|0.001 -0.061442257687189805 0.03445659962783232 0.05620626066281442
1123 1000 2245 826 556 556 826 533 150 533 748 1876 1281 691|0.001 -0.07090613108454158 0.025859764156852538 0.0885563737067585
1469 1937 2754 1590 848 692 1298 1224 1958 2106 3672 1378 1334 1624|0.001 -0.06061883459074435 0.0511743667815745 0.04704232040798839
357 1087 670 1422 758 1011 1895 516 438 632 821 1016 1708 1072|0.001 -0.029088156978844815 0.021385603789880747 0.022674329453280517
1744 1000 581 329 616 616 329 920 872 920 116 1419 935 1379|0.001 0.02805404748720486 0.1392405250225126 -0.12494956662162382
566 200 566 1720 1720 1583 1583 3000 1061 1500 1061 721 2441 1608|0.001 0.009291985892880827 -0.04635834900542868 -0.037026045114884054
1414 1000 2828 1622 1492 1492 1622 533 189 533 943 2236 1904 1579|0.001 0.003598507852702326 0.03291829234022492 -0.014248882714954503
329 920 616 1744 581 116 872 1000 329 920 616 1174 1419 419|0.001 0.015387436374085794 -0.032719602892281596 0.02823913382787202
581 1000 1744 616 329 329 616 920 116 920 872 1419 1174 419|0.001 -0.047305092977367735 0.047121826439342485 0.031199255793086245
1492 533 1622 2828 1414 189 943 1000 1492 533 1622 1904 2236 1579|0.001 0.069090485055181 -0.05800493560447095 0.03154374596260778
1720 3000 1720 566 566 1061 1061 200 1583 1500 1583 2441 721 1608|0.001 -0.013515582431107287 -0.04729595041078061 -0.025997820237281255
616 920 329 581 1744 872 116 1000 616 920 329 935 1419 1379|0.001 0.013588803743600497 -0.05166361262574304 0.33697361643390433
1768 1000 354 2798 3041 3041 2798 1875 5303 1875 2652 1275 3571 4316|0.001 0.03965086844326837 -0.12762630744864167 0.12023317192413341
1622 533 1492 1414 2828 943 189 1000 1622 533 1492 1516 2236 2302|0.001 0.04812534414115888 -0.02821893719336277 0.0993589611744139
707 2000 707 1055 1055 1147 1147 133 377 667 377 1581 1117 1072|0.001 -0.02550391063468216 -0.01956788033303236 0.05947219048232144
2828 1000 1414 1492 1622 1622 1492 533 943 533 189 2236 1516 2302|0.001 0.04672223966825095 0.22182268854199716 -0.05908486154328485
1055 133 1055 707 707 377 377 2000 1147 667 1147 1117 1581 1072|0.001 0.0875450877732753 -0.009306670466242561 0.006663712237042763
3041 1875 2798 354 1768 5303 2652 1000 3041 1875 2798 3571 1275 4316|0.001 0.04669776992489938 0.11616748851599912 -0.12208324570491258
758 516 1422 670 357 438 821 1087 1011 632 1895 1708 1016 1072|0.001 -0.03648100735223703 0.02951407789552496 0.01898317898450408
848 1224 1590 2754 1469 1958 3672 1937 692 2106 1298 1334 1378 1624|0.001 -0.051070291507693266 0.02582881247911395 0.07257288580599486
2637 1875 3041 1768 1061 3977 5303 1225 2269 2296 3041 2491 1458 2951|0.001 -0.031441544524205556 -0.0041700302972569325 0.045165516444316545
866 816 1443 2483 1853 2153 2483 1875 3248 1531 4330 1658 1477 2808|0.001 -0.015502042584216724 -0.024892244780557737 -0.0660779740426487
402 860 1508 711 379 464 871 1153 670 1153 2011 1304 945 770|0.001 -0.07722396475997262 0.08658424483426463 0.06466717600982941
540 1340 1012 1753 467 779 2337 1162 441 1340 826 797 1301 642|0.001 -0.07017081410955583 0.05238396460963024 0.0804877253719205
750 1000 750 1395 1865 1604 1021 1875 2812 1875 2812 1250 2665 2087|0.001 0.013208578921986014 -0.07707596448226939 -0.037032605269463614
1344 1337 717 538 2016 2016 538 732 1344 1150 717 1911 1205 2424|0.001 -0.07356398967718003 0.04511196136155915 0.027472936100465528
1508 860 402 536 1006 1006 536 748 1508 548 402 1119 772 1813|0.001 -0.005606571768757007 0.09808418972001354 0.19622394429947176
1395 1875 1865 750 750 2812 2812 1000 1021 1875 1604 1439 1250 1681|0.001 0.04209671246882429 -0.032781847130335384 -0.16902740101049973
750 1000 750 1604 1021 1395 1865 1875 2812 1875 2812 1250 1081 2094|0.001 0.008954739675692824 -0.10280031694785863 -0.08017080282743283
1169 637 623 467 1753 1753 467 1162 1169 869 623 674 1516 2107|0.001 -0.03697633247082277 0.06282849776292343 -0.08198642609912654
1604 1875 1021 750 750 2812 2812 1000 1865 1875 1395 2490 1250 2432|0.001 0.01930821642839531 -0.09730751033298457 -0.12868839917529185
2754 1366 734 979 1836 1836 979 1571 2754 1826 734 2050 2438 3310|0.001 -0.04383860133986506 0.06448938072427302 -0.018229063496607578
538 732 2016 1344 717 717 1344 1337 538 1150 2016 1501 1032 896|0.001 -0.04793447323629629 0.03993511885009182 0.02936586456893764
667 1000 667 496 363 570 663 267 356 267 356 1202 744 384|0.001 -0.06978432113418309 -0.06777041725890998 0.10502101052736412
536 748 1006 1508 402 402 1508 860 536 548 1006 1429 1304 670|0.001 -0.08038497341514295 0.0778128968169578 0.06989807206897014
570 267 663 667 667 356 356 1000 363 267 496 865 1202 885|0.001 -0.02289592602306767 0.02721675532838086 -0.040229076322400026
467 1162 1753 1169 623 623 1169 637 467 869 1753 1301 1552 779|0.001 -0.06238265405512089 0.05430874211199255 0.051395330078958246
667 1000 667 570 663 496 363 267 356 267 356 1202 742 948|0.001 -0.013038616277367687 -0.01593848285578403 0.014546547486837813
979 1571 1836 2754 734 734 2754 1366 979 1826 1836 1058 1646 1224|0.001 -0.03388443027322441 0.011841051629175592 0.030468511157901723
496 267 363 667 667 356 356 1000 663 267 570 598 1202 512|0.001 -0.0636456798910312 0.08431390535957428 -0.052240442180940816
354 1000 1768 1225 230 230 1225 604 88 604 354 1275 1195 290|0.001 0.025974116422886606 0.013932129016585026 -0.03017251540628929
1225 604 230 354 1768 354 88 1000 1225 604 230 707 1275 1458|0.001 -0.07754291402741753 -0.09912050083850432 0.03195545713608805
1768 1000 354 230 1225 1225 230 604 354 604 88 1275 707 1458|0.001 0.021296826962851068 -0.08295818639331376 0.671689593095075
230 604 1225 1768 354 88 354 1000 230 604 1225 1195 1275 290|0.001 0.04988713413498491 -0.0597906614135546 0.01604245536660054
1443 1000 289 493 816 816 493 188 289 188 72 1190 577 1041|0.001 0.05463878968436475 0.4915651539604826 -0.04432237191245303
1709 250 1709 3464 3464 650 650 5000 2828 1000 2828 1781 4123 2000|0.001 0.495259318175274 -0.10373713075427227 0.08127794785163456
2598 4000 2598 6837 6837 11314 11314 4000 13856 20000 13856 3279 7124 13519|0.001 0.24094028663770972 -0.3332087885565638 5.030375533010556e-05
6837 4000 6837 2598 2598 13856 13856 4000 11314 20000 11314 7124 3279 13519|0.001 0.2697680913631584 0.020603947737025674 -0.30253488956997976
816 188 493 289 1443 289 72 1000 816 188 493 577 1190 1041|0.001 0.04069991461575162 -0.03004153837746215 0.4758632699506915
3464 5000 3464 1709 1709 2828 2828 250 650 1000 650 4123 1781 2000|0.001 0.527999348983923 0.09962514897668306 -0.08713276148949345
5004 1000 6158 3031 2956 2956 3031 533 205 533 821 5640 3198 3125|0.001 -0.05260100763356257 0.04247380416134705 0.035470797218257744
2956 533 3031 6158 5004 205 821 1000 2956 533 3031 3198 5640 3125|0.001 -0.06693306248902076 0.041259093798349245 0.06854865884799333
14402 24375 14402 2598 2598 4871 4871 4000 14765 30000 14765 15225 3279 15580|0.001 0.30171611782347396 -0.0895663660779289 -0.03602676511834102
3031 533 2956 5004 6158 821 205 1000 3031 533 2956 2960 5640 3774|0.001 0.038151825459102895 -0.0354492222473457 0.1038395987740981
6158 1000 5004 2956 3031 3031 2956 533 821 533 205 5640 2960 3774|0.001 0.04199542240153065 0.1285195458766064 -0.060611701622603764
2598 4000 2598 14402 14402 14765 14765 24375 4871 30000 4871 3279 15225 15580|0.001 0.9917442222389927 -0.0328210428153608 0.030738341394531687
6837 4000 6837 14402 14402 16340 16340 24375 12820 30000 12820 7124 15225 20561|0.001 -0.22681649457087838 0.08864767844145582 -0.04685004438827689
14402 24375 14402 6837 6837 12820 12820 4000 16340 30000 16340 15225 7124 20561|0.001 0.8033200177783972 0.04518714825342274 0.1148725078974655
1123 533 1275 2340 1901 78 312 1000 1123 533 1275 1604 2334 1188|0.001 0.017742527304411837 -0.023544305124323373 0.06711413515210873
2340 1000 1901 1123 1275 1275 1123 533 312 533 78 2334 1175 1534|0.001 -0.09521807144583727 0.02357845182330509 0.08509628911188116
1275 533 1123 1901 2340 312 78 1000 1275 533 1123 1175 2334 1534|0.001 -0.00375360538912628 0.017666121809687407 0.019834970085561565
1901 1000 2340 1275 1123 1123 1275 533 78 533 312 2334 1604 1188|0.001 0.02565710990900749 0.07756659087909235 -0.044082476260034476
354 500 354 354 354 66 66 500 326 406 326 791 791 391|0.001 -0.06004469574334648 0.11589080858490419 -0.010012806359627202
354 500 354 354 354 326 326 500 66 406 66 791 791 391|0.001 0.041855339110967726 0.005571492576865733 -0.03097837769770906
1000 921 187 1414 2828 1414 1149 1000 1000 921 187 1000 2236 2236|0.001 -0.02759231115027072 0.5532841013603718 -0.049576680275732476
6128 1000 7542 5333 4910 4910 5333 5333 7542 5333 15085 6872 5333 8386|0.001 0.02999508781129201 -0.03159928897352948 -0.018627227384739875
2828 1000 1414 187 1000 1000 187 921 1414 921 1149 2236 1000 2236|0.001 0.041784962595268205 -0.025087443581019997 0.6746509403782852
4910 5333 5333 7542 6128 7542 15085 1000 4910 5333 5333 5333 6872 8386|0.001 0.008590918482251908 -0.07111113408665548 -0.08354967476992825
5333 5333 4910 6128 7542 15085 7542 1000 5333 5333 4910 5897 6872 11926|0.001 0.3986823322729349 0.021734685463037362 -0.00450676922972959
1536 1000 1248 204 1086 1086 204 1086 3072 1086 1536 1708 1201 2429|0.001 0.004460049703176594 -0.09657794103886563 0.6172349806794997
7542 1000 6128 4910 5333 5333 4910 5333 15085 5333 7542 6872 5897 11926|0.001 0.5301415204770366 -0.11782135973177676 0.01299596146127957
1086 1086 204 1248 1536 3072 1536 1000 1086 1086 204 1201 1708 2429|0.001 -0.044606773109818754 0.38875657500148986 0.03345740899760141
566 1116 1061 1061 566 521 977 738 106 774 199 1149 1456 625|0.001 -0.049559192336825486 0.02616619515994456 0.06741139318576783
3893 533 3712 5333 4910 2619 2844 5333 5611 2844 5028 3569 5333 3061|0.001 0.22206524131777927 -0.0008494560742322577 0.012355859008832404
1000 921 188 696 943 1052 730 533 533 491 100 1000 745 1083|0.001 0.03751975099084204 0.6126386295971731 -0.07856954504385283
4910 5333 5333 6960 7300 10520 9428 1875 9207 10000 10000 5333 7792 14881|0.001 0.04159487645541082 -0.054470996611527545 0.06775806241892113
1061 738 566 566 1061 199 106 1116 977 774 521 791 1458 1173|0.001 0.04658017031896167 0.009151656921080331 0.1272744618093058
187 921 1000 1768 1305 1369 1972 1875 352 1726 1875 1106 1398 1461|0.001 -0.1216562423509604 0.12234036570891282 -0.018973925263920943
467 694 875 951 507 95 178 896 507 662 951 1415 1306 507|0.001 0.02106268280133161 -0.04906812754572054 0.050884032191891304
5333 5333 4910 3893 3712 5028 5611 533 2844 2844 2619 5897 4156 3975|0.001 0.2087055770362145 0.006186843570306078 0.02364921573412504
1143 533 793 204 1086 579 109 1086 1024 579 756 623 1201 1493|0.001 0.03761076210204273 -0.015169760692806955 0.55668471770141
6960 1875 7300 4910 5333 10000 9207 5333 9428 10000 10520 6692 5897 13728|0.001 0.39192260875588136 -0.012957695522609614 0.05567347107361176
951 896 507 467 875 951 507 694 178 662 95 1030 546 951|0.001 0.02480291842768656 0.20728559270911884 -0.13534026214608863
1487 1875 2142 1086 204 382 2037 1086 1417 2037 1920 1169 1086 1363|0.001 -0.08336265375235463 0.08699690987469921 0.15054384397235498
354 1000 1768 1000 187 230 1225 921 221 604 1061 1275 1106 290|0.001 -0.05887027921361976 0.0341607890484541 0.04838154140707873
2828 5000 2828 530 650 3464 2828 625 1709 3000 2604 3606 820 2000|0.001 -0.11019067505266489 -0.09775005250529434 -0.25214229179599035
1000 921 187 354 1768 1061 221 1000 1225 604 230 1000 1275 1458|0.001 0.030875205791165428 0.03726176314240215 0.5274141075482741
1768 1000 354 230 1225 1000 187 604 1061 921 221 1275 707 2031|0.001 -0.03381889703385044 0.004207758801932915 0.0682961030587137
530 625 650 2828 2828 2604 1709 5000 2828 3000 3464 1132 3606 2828|0.001 -0.05720380855454121 -0.33483946211645965 -0.10384627122190127
230 604 1225 1768 354 221 1061 1000 187 921 1000 1195 1275 400|0.001 -0.06289963069912474 0.05008922952344008 0.03559261797283053
650 625 530 3691 3691 3601 3872 7500 1218 6797 994 820 4596 3605|0.001 0.6309245126311347 -0.16121032377735545 -0.01209099838592187
6835 1225 7542 3712 3893 3621 3712 533 629 653 1006 6908 3569 4434|0.001 0.06437878540487496 0.03948838472261906 -0.04855384194364265
2956 533 3031 6158 5581 513 821 816 3179 435 3031 3198 6212 3386|0.001 0.033894754438930086 0.018840772499366665 0.042468747460018275
3691 7500 3691 650 530 994 1218 625 3872 6797 3601 4596 1132 4132|0.001 0.4861382856430807 -0.03191142070235964 -0.11116065398834696
5761 10875 6194 849 1039 1949 1591 1600 5906 12000 5906 6598 1811 6232|0.001 0.7418508581270977 -0.026996977446090975 -0.15093008645972184
3712 533 3893 6835 7542 1006 629 1225 3712 653 3621 4156 7608 4622|0.001 -0.07218083102550232 0.1451165370773655 -0.013044164503889233
6158 816 5581 2956 3031 3031 3179 533 821 435 513 5640 2960 3774|0.001 -0.06289282251445427 0.06983311650632151 0.09020866919050574
849 1600 1039 5761 6194 5906 5906 10875 1591 12000 1949 1311 7055 5678|0.001 0.45468831819044375 0.06435995363677449 0.04143055475114954
875 694 467 538 2016 1218 112 732 574 645 306 546 1205 1972|0.001 0.07764319235967099 0.05627347672761962 0.35418764099115485
1362 3750 1860 868 570 1068 1628 208 1200 2266 1291 2241 1037 1255|0.001 0.22547008000676882 -0.059925230093126336 -0.16843486938525998
868 208 570 1362 1860 1291 1200 3750 1628 2266 1068 648 2791 1014|0.001 0.2695269423748403 -0.1802681297601294 -0.04302210635110493
2754 1366 734 418 785 1195 637 881 1664 948 153 2050 922 1989|0.001 0.07318912481221407 0.4176433680394309 -0.038278056568260554
538 732 2016 875 467 306 574 694 112 645 1218 1501 1415 557|0.001 -0.052943666206042295 0.06438335904469517 0.0019544532657334024
793 533 1143 2304 1392 128 614 656 737 350 837 1616 2253 903|0.001 -0.07876681981956235 0.10640042977075437 0.03203379478861734
530 92 570 718 472 251 383 1655 601 441 821 649 1196 554|0.001 0.014274569816352667 0.004402516629504749 -0.033232701491962
718 1655 472 530 570 821 601 92 383 441 251 1618 607 448|0.001 -0.03548416467441973 -0.03815600944216513 0.0520253828766859
418 881 785 2754 734 153 1664 1366 637 948 1195 1258 1646 476|0.001 -0.048760124106238534 0.010605479366825321 0.0674555239080199
2121 1523 3510 1275 1123 1208 1741 533 195 812 936 2535 1604 1287|0.001 -0.00710145683392116 0.06820169484883509 -0.02205751578949089
187 921 1000 2828 1414 1282 2121 1000 230 604 1225 1106 2236 1295|0.001 -0.018212446863961063 0.014519656973437378 0.0035052622396447575
1414 1000 2828 1225 230 187 1000 604 1282 921 2121 2236 1195 1427|0.001 -0.04000424049295903 -0.0008802595168333482 0.04317882904171899
1225 604 230 1414 2828 2121 1282 1000 1000 921 187 707 2236 3000|0.001 -0.04722463438464053 0.34602397567522036 0.0029420887134734564
5581 816 6158 4355 2632 4009 4355 5333 9238 4355 12317 6212 3079 9033|0.001 0.05486852762457195 -0.01661215048539999 -0.03647233655490578
2828 1000 1414 187 1000 1225 230 921 2121 604 1282 2236 1000 2345|0.001 0.011146900028571327 -0.06974897537909142 0.7006684663024965
4910 5333 5333 7542 6835 11314 15085 1225 3223 6532 5333 5333 6908 8172|0.001 0.02541073344293432 -0.06522056658471276 -0.06575823987936658
1392 656 2304 1086 204 249 1330 1086 1536 1086 3072 2253 1086 1549|0.001 -0.08008338318948427 0.07578931637610253 0.0742694478376027
380 1655 2027 3510 2121 2340 4680 1523 310 1655 1655 1170 2535 2143|0.001 -0.07090295706607352 0.06096333941292276 0.07012207744896415
4355 5333 2632 5581 6158 12317 9238 816 4355 4355 4009 5203 5640 9737|0.001 0.1639898858356248 0.028671121727856796 -0.0012678017182288226
3510 1523 2121 380 2027 1655 310 1655 4680 1655 2340 3432 1977 3881|0.001 -0.01831619498404491 -0.018241367256172092 0.4555074571689932
7542 1225 6835 4910 5333 5333 3223 5333 15085 6532 11314 7608 5897 11926|0.001 0.09740295901711438 0.06658164483368534 -0.03861464596337405
1086 1086 204 1392 2304 3072 1536 656 1330 1086 249 1201 1664 3258|0.001 -0.013001733336940324 0.47036182285941086 0.030367225918424
310 1036 581 1744 581 581 1744 1000 310 1036 581 1047 1419 659|0.001 -0.08022784930027282 0.061018470639402356 0.08065606791459734
581 1000 1744 581 310 310 581 1036 581 1036 1744 1419 1047 659|0.001 -0.044701414085245306 0.022259883344026843 0.04750845805610915
561 1000 1683 561 299 299 561 965 561 965 1683 1394 1116 636|0.001 -0.084549925784837 0.08658846638623707 0.07504592259227394
299 965 561 1683 561 561 1683 1000 299 965 561 1116 1394 636|0.001 -0.090949763632866 0.09294770822060539 0.07408777351732843
906 1000 2719 2719 1450 1450 2719 1615 906 1615 2719 1861 1761 1710|0.001 -0.05647837734326644 0.06758677327572737 0.01642387346195262
898 619 1683 1683 561 561 1683 1000 898 619 1683 1793 1394 1058|0.001 -0.028569961413125178 0.020254394385554875 0.01450486839434273
561 1000 1683 1683 898 898 1683 619 561 619 1683 1394 1793 1058|0.001 -0.022109530505900477 0.02298957773133825 -0.004559684042935164
1450 1615 2719 2719 906 906 2719 1000 1450 1615 2719 1761 1861 1710|0.001 -0.04903114844431844 0.003992213327683736 0.07273246799870403
368 1000 368 368 368 368 368 333 368 333 368 1066 685 565|0.001 -0.05456462712028931 -0.03237203866977345 0.06461291901644906
368 333 368 368 368 368 368 1000 368 333 368 685 1066 471|0.001 -0.05313897943935664 0.06576743024372833 -0.04136068744739263
368 1000 368 368 368 368 368 333 368 333 368 1066 685 471|0.001 -0.04360668148797875 -0.022769532954161065 0.045379722879281825
368 333 368 368 368 368 368 1000 368 333 368 685 1066 565|0.001 -0.049864622380103585 0.059783522819802926 -0.04227633583520407
1000 1000 1000 368 368 368 368 333 1000 333 1000 1414 685 1066|0.001 -0.04558186495503325 -0.026381208118794186 0.0486333349051149
368 333 368 1000 1000 1000 1000 1000 368 333 368 685 1414 1066|0.001 -0.05382968194831417 0.06407766759422673 -0.03679896591347598
1000 1000 1000 368 368 368 368 333 1000 333 1000 1414 685 1066|0.001 -0.049667772770833896 -0.04750731550878795 0.06270309824464526
368 333 368 1000 1000 1000 1000 1000 368 333 368 685 1414 1066|0.001 -0.05587893331492233 0.06669390015313859 -0.036593170494386706
533 1104 1000 1061 566 713 1336 738 100 743 188 1133 1456 574|0.001 0.02083432386435602 0.04675042227448856 -0.028373104874133137
3965 533 3937 5657 7126 3800 3017 5333 5885 2844 5333 3973 7775 4602|0.001 0.13664033068176762 0.04141267696303519 -0.02445981042908718
943 1260 177 696 943 1040 701 533 503 672 94 1374 745 1069|0.001 -0.051439838134765825 0.1596516720347485 0.08560299561652052
7126 5333 5657 7382 7434 11035 10000 1875 13361 10000 10607 7775 7617 17117|0.001 -0.055931539607881886 -0.1417431707949579 0.010169366382057898
1061 738 566 533 1000 188 100 1104 1336 743 713 791 1414 1077|0.001 0.08288123088132204 -0.12241448685701428 0.204765765122914
177 1260 943 1768 1305 1314 1951 1875 331 2362 1768 1016 1398 1346|0.001 -0.02034875608003639 0.0042689395434436506 -0.03404075777684756
646 674 1211 906 483 91 170 906 513 669 961 1551 1282 705|0.001 0.09610816037025183 -0.028247540161603357 -0.013354337488765688
5657 5333 7126 3965 3937 5333 5885 533 3017 2844 3800 5745 4062 4216|0.001 0.4413277671998528 0.08347876056189696 -0.01592964893424975
826 533 556 140 748 399 75 794 748 423 553 646 806 1058|0.001 0.006548306155207406 0.016990880155511867 0.4426469548880263
7382 1875 7434 7126 5657 10607 13361 5333 10000 10000 11035 7450 5745 14560|0.001 0.07766721336532667 0.0641757113306829 -0.05138116288812
906 906 483 646 1211 961 513 674 170 669 91 1027 782 1321|0.001 -0.07072371406248834 0.1416749962946584 0.012461148677862521
1043 1875 1549 748 140 263 1403 794 1036 1488 1403 1211 1091 1045|0.001 -0.06476230241082459 -0.01848086226192147 0.05702258670418292
943 1260 177 354 1768 1768 354 1000 943 1260 177 1374 1275 2003|0.001 0.0518657286429014 0.09487209742431668 0.5599112873803391
1768 1000 354 177 943 943 177 1260 1768 1260 354 1275 1374 2003|0.001 -0.0053297189253442845 -0.041970551749749285 0.2924491759285064
1403 1000 281 140 748 748 140 794 1403 794 281 1181 806 1590|0.001 0.03076671640088735 0.15412751565035965 0.3488251850248547
748 794 140 281 1403 1403 281 1000 748 794 140 806 1181 1590|0.001 0.14900771521982215 0.4319986018853972 0.2598854004464979
500 1000 500 3691 3691 3717 3717 7500 938 7500 938 1118 4596 3808|0.001 0.1824544802922734 -0.05526263506282603 -0.02809398436555588
8000 1000 8000 3937 3965 3965 3937 533 1067 533 1067 8062 3973 4925|0.001 0.05795098403391874 0.08973765847747783 -0.058869552551509274
135 1007 254 2032 271 271 2032 1000 135 1007 254 1009 1245 303|0.001 -0.06070369187721858 0.014528092976640039 0.07095088678468864
271 1000 2032 254 135 135 254 1007 271 1007 2032 1245 1009 303|0.001 -0.060090350790964475 0.07049401303879987 0.013683288896506607
3965 533 3937 8000 8000 1067 1067 1000 3965 533 3937 3973 8062 4925|0.001 -0.004832135702194096 0.0059857484609060485 0.03639789439102481
3691 7500 3691 500 500 938 938 1000 3717 7500 3717 4596 1118 3808|0.001 0.317114427561378 0.0014976532177368718 -0.06097142881404061
3717 7500 3717 500 500 938 938 1000 3691 7500 3691 4617 1118 3725|0.001 0.12764648676137025 -0.060895199482194906 -0.09325681259277796
3937 533 3965 8000 8000 1067 1067 1000 3937 533 3965 4062 8062 4903|0.001 -0.06095824883868506 0.06639217481627435 0.041814478919168785
269 1000 2018 252 135 135 252 993 269 993 2018 1242 1025 301|0.001 -0.0607912560038637 0.07119333068478895 0.014322074997294987
8000 1000 8000 3965 3937 3937 3965 533 1067 533 1067 8062 4062 4903|0.001 0.03696174604916003 0.0687875923549619 -0.013075682984174941
135 993 252 2018 269 269 2018 1000 135 993 252 1025 1242 301|0.001 -0.06094313814718699 0.014483166944865289 0.07133208406242986
500 1000 500 3717 3717 3691 3691 7500 938 7500 938 1118 4617 3725|0.001 0.24889717758399543 0.008602850089021175 0.004898365233751978
1305 1875 1768 943 177 331 1768 1260 1314 2362 1951 1398 1016 1346|0.001 -0.05665846476634262 -0.05953182114171396 0.018700725353575365
1000 1104 533 566 1061 1336 713 738 188 743 100 1414 791 1077|0.001 -0.05785487104924769 0.0709725798931582 0.01996479377820437
7434 1875 7382 5657 7126 13361 10607 5333 11035 10000 10000 7617 7775 17117|0.001 -0.005920035071563801 0.012199105348695838 -0.07814056132908753
943 533 696 177 943 503 94 1260 1040 672 701 745 1374 1069|0.001 -0.0025504362956896287 -0.01981607183685785 0.44089120228936185
7126 5333 5657 3937 3965 5885 5333 533 3800 2844 3017 7775 3973 4602|0.001 0.12023564106216078 -0.019971878668232357 0.049465498460812274
566 738 1061 1000 533 100 188 1104 713 743 1336 1456 1133 574|0.001 -0.018706822617534646 0.011860564044636757 0.03918379495899238
140 794 748 1549 1043 1036 1403 1875 263 1488 1403 1091 1211 1045|0.001 -0.05680258691705964 0.05935393038460468 -0.005353677651692701
1211 674 646 483 906 170 91 906 961 669 513 782 1027 1321|0.001 -0.001061217497599909 -0.026228002540743534 0.18951231715913286
5657 5333 7126 7434 7382 10000 11035 1875 10607 10000 13361 5745 7450 14560|0.001 0.3851988420136432 -0.13611787277449605 -0.06024807607928895
3937 533 3965 7126 5657 3017 3800 5333 5333 2844 5885 4062 5745 4216|0.001 0.5213926614984343 -0.09992321718636954 0.05723690213859545
748 794 140 556 826 748 553 533 399 423 75 806 646 1058|0.001 0.005353539757808612 0.5388488058662855 -0.0492776953168339
483 906 906 1211 646 513 961 674 91 669 170 1282 1551 705|0.001 0.01601332343331041 0.03837677142000784 -0.022817335196181343
177 1260 943 2828 1414 1414 2828 1000 177 1260 943 1016 2236 1425|0.001 -0.07320873099492031 0.07184294397465374 0.04091800600232398
1414 1000 2828 943 177 177 943 1260 1414 1260 2828 2236 1016 1425|0.001 -0.0675092979797387 0.0334282154237453 0.07327738147937302
943 1260 177 1414 2828 2828 1414 1000 943 1260 177 1374 2236 2981|0.001 -0.04990821654072275 0.27958235681701415 0.08819698368411455
8000 1000 8000 5657 7126 7126 5657 5333 16000 5333 16000 8062 7775 13371|0.001 0.19274732771350278 -0.11447847612124251 -0.014332656203571714
2828 1000 1414 177 943 943 177 1260 2828 1260 1414 2236 1374 2981|0.001 0.02578970897387789 0.07579648858387689 0.43957971341615387
7126 5333 5657 8000 8000 16000 16000 1000 7126 5333 5657 7775 8062 13371|0.001 0.10513444709217445 0.0162652590590584 -0.011369104844716205
1123 1000 2245 748 140 140 748 794 1123 794 2245 1876 1091 1131|0.001 -0.07306583850144044 0.06075691417981366 0.06540908955967373
140 794 748 2245 1123 1123 2245 1000 140 794 748 1091 1876 1131|0.001 -0.04505381670608655 0.049566158735485644 0.009642698701286534
5657 5333 7126 8000 8000 16000 16000 1000 5657 5333 7126 5745 8062 12649|0.001 0.03202740079750743 -0.05237451795895631 -0.08406077594984018
2245 1000 1123 140 748 748 140 794 2245 794 1123 1876 806 2367|0.001 -0.005374124911955436 -0.04886195428032036 0.5942337706697431
8000 1000 8000 7126 5657 5657 7126 5333 16000 5333 16000 8062 5745 12649|0.001 0.028392542200470494 -0.021456674071295145 -0.04486796193147735
748 794 140 1123 2245 2245 1123 1000 748 794 140 806 1876 2367|0.001 -0.019798005111707484 0.2096668563407844 0.15727793380603705
625 1000 625 354 354 354 354 1000 125 1000 125 1179 1061 451|0.001 0.05824448942895577 0.057964231810712086 -0.07273973193264616
2828 1000 2828 1768 354 354 1768 1000 2828 1000 2828 3000 1275 2850|0.001 -0.03948887267431478 -0.037288746913508586 0.05478618622581255
354 1000 1768 2828 2828 2828 2828 1000 354 1000 1768 1275 3000 2850|0.001 0.008115551109817432 0.010810846498305882 -0.06203783078855607
354 1000 354 625 625 125 125 1000 354 1000 354 1061 1179 451|0.001 0.13140053829542753 -0.09332469800101606 0.06680268143094636
625 1000 625 354 354 354 354 1000 125 1000 125 1179 1061 451|0.001 0.080313308345068 0.056549962670806586 -0.02365147231816911
2828 1000 2828 1768 354 354 1768 1000 2828 1000 2828 3000 1275 2850|0.001 -0.08518184220223768 0.05706734581119033 0.0830709094168558
354 1000 354 625 625 125 125 1000 354 1000 354 1061 1179 451|0.001 -0.08284164853262554 0.10618149937484223 0.06678506233045445
354 1000 1768 2828 2828 2828 2828 1000 354 1000 1768 1275 3000 2850|0.001 -0.0367722320323427 0.04188281244945857 -0.026571289751885496
1768 1000 354 2828 2828 2828 2828 1000 1768 1000 354 1275 3000 3335|0.001 -0.04273458201455416 0.4203627157828893 0.021813992924111236
8000 1000 8000 2828 2828 2828 2828 5000 8000 5000 8000 8062 3606 8485|0.001 0.028954514186472213 0.02446360441443085 -0.0036450905440532644
2828 1000 2828 354 1768 1768 354 1000 2828 1000 2828 3000 1275 3335|0.001 -0.030679304657134088 0.015881283104286492 0.3994266740413277
2828 5000 2828 8000 8000 8000 8000 1000 2828 5000 2828 3606 8062 8485|0.001 0.013521458173595402 -0.0931873542100492 0.048141236831129586
1768 1000 354 2828 2828 2828 2828 1000 1768 1000 354 1275 3000 3335|0.001 -0.0033181710914631513 0.5147876735237755 -0.009319530732836423
8000 1000 8000 2828 2828 2828 2828 5000 8000 5000 8000 8062 3606 8485|0.001 -0.14488309157711932 0.09364234244213065 -0.02432028577202039
2828 1000 2828 354 1768 1768 354 1000 2828 1000 2828 3000 1275 3335|0.001 0.011873564433508843 -0.031101538034155052 0.5927536521523691
2828 5000 2828 8000 8000 8000 8000 1000 2828 5000 2828 3606 8062 8485|0.001 0.30551502761732463 -0.0008402782435501521 0.035745694461586375
3691 7500 3691 8000 8000 15000 15000 1000 7914 7500 7914 4596 8062 15447|0.001 0.5305281409554863 -0.005603561750618935 -0.13166766235250815
8000 1000 8000 7914 7914 3691 3691 7500 15000 7500 15000 8062 8374 8811|0.001 -0.11477208276739814 0.12095636603891124 -0.01618181334398283
7914 7500 7914 8000 8000 15000 15000 1000 3691 7500 3691 8374 8062 8811|0.001 0.31733376664997204 -0.0021637145737818386 -0.0458355228213847
8000 1000 8000 3691 3691 7914 7914 7500 15000 7500 15000 8062 4596 15447|0.001 0.16321525036723017 -0.0953188216703793 -0.06176292087327395
271 1000 2032 4064 2167 2167 4064 2144 271 2144 2032 1245 2387 2184|0.001 -0.05994640304173626 0.07050237630402245 0.01329656188053141
528 533 246 500 500 67 67 1000 528 533 246 587 1118 558|0.001 -0.040599381454963224 0.029431353741335986 0.09962189091553997
1011 466 1895 948 126 126 948 1000 1011 466 1895 1952 1058 1019|0.001 -0.06107662456655061 0.014888235776409076 0.07149189393818922
500 1000 500 528 246 246 528 533 67 533 67 1118 1030 306|0.001 0.1144975189591424 0.05302258160124751 -0.10823963782706114
126 1000 948 1895 1011 1011 1895 466 126 466 948 1058 1952 1019|0.001 -0.060523375634794485 0.07100945209359333 0.0139633999926847
246 533 528 500 500 67 67 1000 246 533 528 1030 1118 306|0.001 0.12406140209989758 -0.0977501723688301 0.04585680627658961
2167 2144 4064 2032 271 271 2032 1000 2167 2144 4064 2387 1245 2184|0.001 -0.06027171300721057 0.013610986993664032 0.07086475915713208
500 1000 500 246 528 528 246 533 67 533 67 1118 587 558|0.001 -0.0341871676578398 0.08589388558891242 0.04026266229942843
329 867 616 1744 581 581 1744 1000 329 867 616 1219 1419 668|0.001 -0.03242882113993706 0.044698340640560996 0.00936305153499406
581 1000 1744 616 329 329 616 867 581 867 1744 1419 1219 668|0.001 -0.0003152603026312928 -0.012090317483385293 -0.004719640510466583
670 1000 2011 711 379 379 711 1153 670 1153 2011 1532 945 770|0.001 -0.051234719521728866 0.04010967582565916 0.02510253925682271
379 1153 711 2011 670 670 2011 1000 379 1153 711 945 1532 770|0.001 -0.07241511769453202 0.0405935690940562 0.062176033103507056
896 1000 2689 1344 717 717 1344 1337 896 1337 2689 1847 1032 1148|0.001 -0.039027362218790884 0.023784256913848 0.03086369251449117
536 748 1006 2011 670 670 2011 1000 536 748 1006 1429 1532 859|0.001 -0.10432459460138821 0.08833132992668524 0.09679302178157156
670 1000 2011 1006 536 536 1006 748 670 748 2011 1532 1429 859|0.001 -0.07696256023601245 0.058815222488943775 0.05582264811862192
717 1337 1344 2689 896 896 2689 1000 717 1337 1344 1032 1847 1148|0.001 -0.04409644120800804 0.002715615518118497 0.06514595976601978
2200 1000 2200 1116 1116 1116 1116 3000 1500 3000 1500 2417 2060 2132|0.001 -0.12118946578759449 0.10913888377456882 -0.0766552550053079
2689 1000 896 1972 1344 1344 1972 1000 2689 1000 896 1847 1911 3006|0.001 -0.0288846863119685 -0.02123850818650852 0.06780416794005095
1344 1000 1972 896 2689 2689 896 1000 1344 1000 1972 1911 1847 3006|0.001 -0.047311615089007386 0.030637248634479697 0.15710878669694672
1116 3000 1116 2200 2200 1500 1500 1000 1116 3000 1116 2060 2417 2132|0.001 -0.1152776878675199 -0.06204648182041139 0.09098429330478552
2200 1000 2200 1116 1116 1116 1116 3000 1500 3000 1500 2417 2060 2132|0.001 0.21262109590450384 -0.008999127550726183 0.009395929974955752
2689 1000 896 1972 1344 1344 1972 1000 2689 1000 896 1847 1911 3006|0.001 -0.06446355854909491 0.1106444300260101 0.0640326241348288
1116 3000 1116 2200 2200 1500 1500 1000 1116 3000 1116 2060 2417 2132|0.001 0.12583332584056084 -0.11366903864322153 -0.01696704220574108
1344 1000 1972 896 2689 2689 896 1000 1344 1000 1972 1911 1847 3006|0.001 -0.03543294512445727 0.01170784371322009 0.20770082952095814
2000 1000 2000 744 744 744 744 1467 667 1467 667 2236 1421 1374|0.001 0.02101166814138633 0.07765093099016962 0.02419799679594714
744 1467 744 2000 2000 667 667 1000 744 1467 744 1421 2236 1374|0.001 0.14104902747205106 -0.14255717161597126 0.03179691161490528
2000 1000 2000 744 744 744 744 1467 667 1467 667 2236 1421 1374|0.001 0.11470094330038982 0.012007240307916334 0.08174891224853598
744 1467 744 2000 2000 667 667 1000 744 1467 744 1421 2236 1374|0.001 0.06284573499068857 -0.04755123676783213 0.11022566046027249
354 1000 1768 5303 5303 5303 5303 1000 354 1000 1768 1275 5397 5315|0.001 -0.06550881952652077 0.08412932836044718 -0.016894161042855238
189 1000 189 333 333 67 67 1000 189 1000 189 1018 1054 240|0.001 0.031648212405370746 -0.0390323007688298 0.1107572359071951
333 1000 333 189 189 189 189 1000 67 1000 67 1054 1018 240|0.001 -0.04118695091808622 0.07763687653074003 0.02763479815895531
5303 1000 5303 1768 354 354 1768 1000 5303 1000 5303 5397 1275 5315|0.001 -0.0659968941036504 0.010582282629816309 0.07725760100481871
189 1000 189 333 333 67 67 1000 189 1000 189 1018 1054 240|0.001 0.1566325829434856 -0.08161962873245221 0.025957373887164348
354 1000 1768 5303 5303 5303 5303 1000 354 1000 1768 1275 5397 5315|0.001 -0.02440344546808637 0.04825781008036101 -0.04746038263486074
333 1000 333 189 189 189 189 1000 67 1000 67 1054 1018 240|0.001 -0.029158040454241307 0.11306223324434983 -0.043346844165543796
5303 1000 5303 1768 354 354 1768 1000 5303 1000 5303 5397 1275 5315|0.001 -0.020006598548917287 -0.019830913383989124 0.024301676435876107
5303 1000 5303 354 1768 1768 354 1000 5303 1000 5303 5397 1275 5590|0.001 -0.02163506164239437 0.026309058986662137 0.42759223408247005
2828 5000 2828 15000 15000 15000 15000 1000 2828 5000 2828 3606 15033 15264|0.001 -0.0070883900468532435 -0.02520686621311774 0.10436901748019256
1768 1000 354 5303 5303 5303 5303 1000 1768 1000 354 1275 5397 5590|0.001 -0.008211142519052306 0.5925650936669924 -0.05479750068417166
15000 1000 15000 2828 2828 2828 2828 5000 15000 5000 15000 15033 3606 15264|0.001 -0.2975257831591316 0.14318561114018857 -0.08396166326556598
5303 1000 5303 354 1768 1768 354 1000 5303 1000 5303 5397 1275 5590|0.001 -0.01044138988926524 -0.04610405748230351 0.616925213467856
2828 5000 2828 15000 15000 15000 15000 1000 2828 5000 2828 3606 15033 15264|0.001 -0.1091194600118095 -0.012548298351814369 0.08573861724554543
1768 1000 354 5303 5303 5303 5303 1000 1768 1000 354 1275 5397 5590|0.001 -0.057320562832233746 0.3713738409691669 -0.005547858177563647
15000 1000 15000 2828 2828 2828 2828 5000 15000 5000 15000 15033 3606 15264|0.001 0.07838559233225961 0.054768363969928124 -0.04432476796115914
1000 921 187 354 1768 1768 354 1000 1000 921 187 1000 1275 2031|0.001 0.017525234334736517 0.3746076214198424 0.06770346407318772
1768 1000 354 187 1000 1000 187 921 1768 921 354 1275 1000 2031|0.001 -0.05278658685091031 0.16880178734213658 -0.11356178011399543
1920 1000 384 204 1086 1086 204 1086 1920 1086 384 1318 1201 2206|0.001 0.009901370039082646 0.07444811695415332 0.24030073206614544
1086 1086 204 384 1920 1920 384 1000 1086 1086 204 1201 1318 2206|0.001 0.027609327039634923 0.1480346928378773 0.2587718343245937
1000 1000 1000 533 533 67 67 1000 1104 1000 1104 1414 1133 1002|0.001 0.06431467849273176 0.04221884502850104 0.011048647253706356
533 1000 533 1000 1000 1104 1104 1000 67 1000 67 1133 1414 1002|0.001 0.11511722182191875 -0.0032997174167292975 0.003155635321234751
15000 1000 15000 15000 16553 16553 15000 8000 15000 8000 15000 15033 17000 22338|0.001 0.532884657319328 0.003300027660348981 0.053341567540654555
16553 8000 15000 15000 15000 15000 15000 1000 16553 8000 15000 17000 15033 22338|0.001 0.26682677676884037 -0.022329920844170736 0.03467449059597838
533 1000 533 1104 1104 1000 1000 1000 67 1000 67 1133 1489 1133|0.001 0.018599111721522288 0.08210750042096482 -0.03571543576591729
1104 1000 1104 533 533 67 67 1000 1000 1000 1000 1489 1133 1133|0.001 0.06172667886736871 0.019678474538697976 0.036158355609949844
15000 8000 16553 15000 15000 15000 15000 1000 15000 8000 16553 15033 15033 21213|0.001 0.3048367064567059 -0.041376760036735405 0.04082288864373673
15000 1000 15000 16553 15000 15000 16553 8000 15000 8000 15000 15033 15033 21213|0.001 0.31272164643908695 -0.00022702104771510356 -0.0227695178155507
530 1000 530 3691 3691 3872 3872 7500 994 7500 994 1132 4596 4132|0.001 0.36264538101723476 -0.08176127909168551 -0.05255478935932034
7542 1000 7542 3712 3893 3893 3712 533 1006 533 1006 7608 3569 4769|0.001 0.03981577323964203 0.0621778884629709 -0.016044383306142995
144 1049 269 2032 271 271 2032 1000 144 1049 269 961 1245 307|0.001 -0.06093661877400347 0.014672448996266851 0.07130240954362987
271 1000 2032 269 144 144 269 1049 271 1049 2032 1245 961 307|0.001 -0.060671283044519964 0.07106790972068788 0.014478968114217672
3893 533 3712 7542 7542 1006 1006 1000 3893 533 3712 3569 7608 4769|0.001 -0.07922171469955219 0.1379321562656033 0.0053862003617921594
3691 7500 3691 530 530 994 994 1000 3872 7500 3872 4596 1132 4132|0.001 0.24834224746521638 -0.021804793251767318 -0.02803567278027219
3872 7500 3872 530 530 994 994 1000 3691 7500 3691 4742 1132 3549|0.001 0.5904362728554391 0.019523695840195643 -0.11574042888931158
3712 533 3893 7542 7542 1006 1006 1000 3712 533 3893 4156 7608 4622|0.001 0.009814971035546627 -0.03917769368271595 0.05892825251770706
258 1000 1937 257 137 137 257 953 258 953 1937 1225 1067 292|0.001 -0.06042558037620327 0.07069441195289627 0.014240476576310446
7542 1000 7542 3893 3712 3712 3893 533 1006 533 1006 7608 4156 4622|0.001 -0.041133631734413534 0.06850383091377754 0.017435905505338578
137 953 257 1937 258 258 1937 1000 137 953 257 1067 1225 292|0.001 -0.06052104300195427 0.01390157089689703 0.0710243957678447
530 1000 530 3872 3872 3691 3691 7500 994 7500 994 1132 4742 3549|0.001 0.4163681862283042 -0.11649640158765351 -0.03673356268918404
906 1000 2719 1000 533 533 1000 1025 906 1025 2719 1861 1215 1051|0.001 -0.0036200350025827888 -0.0013160088475727694 -0.00962197954547439
520 975 975 2652 884 884 2652 1000 520 975 975 1250 1829 1026|0.001 -0.06074339719170485 0.03875983424589613 0.06887710462275098
884 1000 2652 975 520 520 975 975 884 975 2652 1829 1250 1026|0.001 -0.0348503346686746 0.039550395148650885 0.008432683034278465
533 1025 1000 2719 906 906 2719 1000 533 1025 1000 1215 1861 1051|0.001 -0.039777475206703716 0.02917665667047764 0.025517053194223926
875 694 467 896 2689 1344 179 1000 875 694 467 546 1847 2093|0.001 0.04062741602913089 0.0614699564385468 0.11917366702174359
1116 3000 1116 521 521 977 977 200 774 1500 774 2060 686 609|0.001 -0.008264125315676774 -0.029643294503106654 0.01623627340458622
2142 1875 1487 384 1920 5760 2880 1000 2142 1875 1487 3031 1318 3956|0.001 0.05317123562435855 0.14374113441250502 -0.13333983455981802
1920 1000 384 1487 2142 2142 1487 1875 5760 1875 2880 1318 3031 3956|0.001 0.04865898210688613 -0.08032463970912951 0.143676891729152
521 200 521 1116 1116 774 774 3000 977 1500 977 686 2060 609|0.001 0.06824559817147913 -0.09707234766183848 -0.08195893174805069
2689 1000 896 467 875 875 467 694 1344 694 179 1847 546 2093|0.001 0.008649843062591422 0.26937877018727185 0.042698283403328485
896 1000 2689 875 467 467 875 694 179 694 1344 1847 1415 615|0.001 0.02303206736300245 0.0362528010988572 -0.050531917981029295
793 533 1143 3072 1536 205 1024 1000 793 533 1143 1616 2391 971|0.001 0.05220078765393099 -0.03857124526893796 0.02375129611868143
516 133 516 651 651 347 347 2000 744 667 744 632 1557 406|0.001 0.08253000220676654 -0.007646926741836646 0.04050835112839879
3072 1000 1536 793 1143 1143 793 533 1024 533 205 2391 623 2110|0.001 -0.06306809770560973 0.03121343318058578 0.034114365722852646
651 2000 651 516 516 744 744 133 347 667 347 1557 632 406|0.001 0.14314770436912205 0.0337311321924183 -0.06523921114742759
1143 533 793 1536 3072 1024 205 1000 1143 533 793 623 2391 2110|0.001 0.02040624058928131 -0.05467980326629207 0.24883804910222462
467 694 875 2689 896 179 1344 1000 467 694 875 1415 1847 615|0.001 -0.03530363601564224 0.031682332676103986 0.038974794380288724
1536 1000 3072 1143 793 793 1143 533 205 533 1024 2391 1616 971|0.001 0.01368684943073406 0.05394370260417336 -0.020236950525945874
566 1000 566 1000 1000 738 738 1000 71 1000 71 1149 1414 1051|0.001 -0.0671436408519599 0.13101983574681064 -0.016253723706091128
14142 1000 14142 14142 10440 10440 14142 8000 14142 8000 14142 14177 10198 17578|0.001 0.710538274298822 -0.006206343911435708 0.057747062319890574
10440 8000 14142 14142 14142 14142 14142 1000 10440 8000 14142 10198 14177 17578|0.001 0.6830649288391233 0.03192273609026186 -0.026279673119502522
1000 1000 1000 566 566 71 71 1000 738 1000 738 1414 1149 1051|0.001 0.012069469512607789 0.04639464322121922 0.037101847686784595
738 1000 738 566 566 71 71 1000 1000 1000 1000 1243 1149 721|0.001 0.019135304021853372 0.013236745397693372 0.09176683835683042
14142 8000 10440 14142 14142 14142 14142 1000 14142 8000 10440 14866 14177 20000|0.001 0.3466785615150614 0.05762999930868151 0.061593567680608974
14142 1000 14142 10440 14142 14142 10440 8000 14142 8000 14142 14177 14866 20000|0.001 0.22459535673335695 0.07097809127463606 0.0071099831806531455
566 1000 566 738 738 1000 1000 1000 71 1000 71 1149 1243 721|0.001 0.05269145846251044 0.02543708584364257 0.002764899326304082
179 1000 807 896 2689 2689 896 1000 179 1000 807 1070 1847 2695|0.001 -0.07873447638024667 0.07071624705174528 0.04030231422538888
1116 3000 1116 900 900 200 200 1000 1116 3000 1116 2060 1345 1194|0.001 0.06379219237848899 0.005987800042537295 0.04533986624116304
900 1000 900 1116 1116 1116 1116 3000 200 3000 200 1345 2060 1194|0.001 0.2702594691787663 0.012658068204700612 -0.005897574179515308
2689 1000 896 807 179 179 807 1000 2689 1000 896 1847 1070 2695|0.001 -0.07894640895108718 0.0692947181406045 0.0848147529449439
1116 3000 1116 900 900 200 200 1000 1116 3000 1116 2060 1345 1194|0.001 0.3381082633171828 0.02175851867749712 -0.02599595641426866
179 1000 807 896 2689 2689 896 1000 179 1000 807 1070 1847 2695|0.001 -0.11629426725652259 0.10372725053981346 0.10259756676554099
900 1000 900 1116 1116 1116 1116 3000 200 3000 200 1345 2060 1194|0.001 0.30253676484562675 0.022112051550875478 -0.024892537072515042
2689 1000 896 807 179 179 807 1000 2689 1000 896 1847 1070 2695|0.001 -0.09129739365448586 0.11102117388639865 0.0943093510850801
896 1000 2689 179 807 807 179 1000 896 1000 2689 1847 1070 1206|0.001 -0.07369067031746557 0.05193336197868215 0.28634481025664016
5579 4500 5579 15000 15000 5000 5000 1000 5579 4500 5579 5969 15033 10302|0.001 0.05114592865528955 -0.07462505247161855 0.10166024422483044
807 1000 179 2689 896 896 2689 1000 807 1000 179 1070 1847 1206|0.001 -0.0729472808807563 0.2758811215157442 0.04719824538084838
15000 1000 15000 5579 5579 5579 5579 4500 5000 4500 5000 15033 5969 10302|0.001 0.3283856501113891 0.038049262280026586 -0.052907927950324174
896 1000 2689 179 807 807 179 1000 896 1000 2689 1847 1070 1206|0.001 -0.06576966232506143 0.04380826724772913 0.2922066730296824
5579 4500 5579 15000 15000 5000 5000 1000 5579 4500 5579 5969 15033 10302|0.001 -0.1970792595454851 -0.04415078519594995 0.10991210462129697
807 1000 179 2689 896 896 2689 1000 807 1000 179 1070 1847 1206|0.001 -0.07277446124026365 0.2703132511619133 0.058094196992040104
15000 1000 15000 5579 5579 5579 5579 4500 5000 4500 5000 15033 5969 10302|0.001 -0.14410388262838136 0.10633875785590385 -0.05916072131960548
246 1000 246 372 372 372 372 333 246 333 246 1030 687 419|0.001 -0.04892713903408619 -0.02921318310491583 0.05543827189611106
372 333 372 246 246 246 246 1000 372 333 372 687 1030 471|0.001 -0.04941434465988159 0.05582714183898885 -0.030468801611208685
246 1000 246 372 372 372 372 333 246 333 246 1030 687 471|0.001 -0.053093687846913484 -0.038604601748440937 0.06346448091871126
372 333 372 246 246 246 246 1000 372 333 372 687 1030 419|0.001 -0.04787887995302609 0.05519612710572108 -0.03552241898091113
258 1025 483 2719 906 906 2719 1000 258 1025 483 1033 1861 942|0.001 -0.048689152525440704 0.04438323194048133 0.027788983465311112
906 1000 2719 483 258 258 483 1025 906 1025 2719 1861 1033 942|0.001 -0.061053293590618285 0.04303208804573577 0.06759454436542578
884 1000 2652 471 251 251 471 975 884 975 2652 1829 1083 919|0.001 -0.0430832901845013 0.03156545223305329 0.04038579171059986
251 975 471 2652 884 884 2652 1000 251 975 471 1083 1829 919|0.001 -0.037052894792801716 0.012527216961415455 0.02897787795205442
1000 1000 1000 3000 1600 200 1600 1720 1720 1720 1720 1414 1887 1020|0.001 0.0782254208458033 -0.06860056870003572 0.019813612688115434
1600 1720 3000 1000 1000 1720 1720 1000 200 1720 1600 1887 1414 1020|0.001 -0.05988522373406968 0.08218598036866753 0.008231854599662913
1075 125 625 625 1075 1075 625 1875 1075 1000 625 637 1976 884|0.001 0.17398284351302973 -0.09485828403096752 -0.007139662634251254
1075 1875 625 625 1075 1075 625 125 1075 1000 625 1976 637 884|0.001 0.05904699428423976 0.0020757870271048695 -0.010828208849373855
930 581 1744 1000 1000 581 581 1000 116 581 930 1838 1823 1097|0.001 -0.04017116659964626 0.05858320573267184 0.019542236005269942
1000 1000 1000 1744 930 116 930 581 581 581 581 1823 1838 1097|0.001 -0.010305326325192876 -0.00016116131964172276 0.0601807621856576
625 1875 1075 1075 625 625 1075 125 625 1000 1075 1179 1179 884|0.001 -0.04275098566495994 -0.03425103473303048 0.07314750431494099
625 125 1075 1075 625 625 1075 1875 625 1000 1075 1179 1179 884|0.001 0.09080061211391932 -0.029436624100416253 0.0019536806845277255
1000 1000 1000 1600 1600 200 200 1000 1720 1000 1720 1414 1887 1020|0.001 0.1379008581540031 -0.10661884221491835 0.07866110577117391
1600 1000 1600 1000 1000 1720 1720 1000 200 1000 200 1887 1414 1020|0.001 -0.004916560074227361 0.07630843900198636 -0.052747538981033903
5000 1000 5000 5000 8602 8602 5000 8000 5000 8000 5000 5099 9434 9950|0.001 0.29389448110278327 -0.01410200004051898 -0.06459261337215638
8602 8000 5000 5000 5000 5000 5000 1000 8602 8000 5000 9434 5099 9950|0.001 0.6825229221590501 0.02737850471635328 -0.04189849257175693
1600 1000 1600 1720 1720 1000 1000 1000 200 1000 200 1887 1990 1887|0.001 -0.013807800757185129 0.11453513644396507 -0.029322620235682217
1720 1000 1720 1600 1600 200 200 1000 1000 1000 1000 1990 1887 1887|0.001 -0.08702017302170018 0.06184109210157329 0.062369972251541395
5000 8000 8602 5000 5000 5000 5000 1000 5000 8000 8602 5099 5099 7071|0.001 0.32037469064029045 -0.04586526815314684 -0.015934901253542577
5000 1000 5000 8602 5000 5000 8602 8000 5000 8000 5000 5099 5099 7071|0.001 0.5414267082514246 -0.03046323675797824 0.025889584687894818
333 1000 333 573 573 573 573 333 333 333 333 1054 814 663|0.001 -0.05580357027563765 -0.037792588330132215 0.06736709130306773
573 333 573 333 333 333 333 1000 573 333 573 814 1054 663|0.001 -0.05308857015143609 0.06135164569800233 -0.0356958309668276
333 1000 333 573 573 573 573 333 333 333 333 1054 814 663|0.001 -0.043282937802207044 -0.023404007512296543 0.044765650037585925
573 333 573 333 333 333 333 1000 573 333 573 814 1054 663|0.001 -0.04673182611022897 0.05105783445310097 -0.026731558556416513
573 1000 573 573 573 573 573 333 573 333 573 1153 814 1046|0.001 -0.04333264637255363 -0.024410888285110177 0.045664799397022726
573 333 573 573 573 573 573 1000 573 333 573 814 1153 471|0.001 -0.054766102930647875 0.06804430501777148 -0.0400956207293135
573 1000 573 573 573 573 573 333 573 333 573 1153 814 471|0.001 -0.04671781415805376 -0.03424277012017973 0.05351958902557241
573 333 573 573 573 573 573 1000 573 333 573 814 1153 1046|0.001 -0.05258044287930641 0.06130304513246587 -0.03324825857705993
483 1086 906 2719 906 906 2719 1000 483 1086 906 1111 1861 1027|0.001 -0.09662680292006454 0.09335697946459387 0.09081994684693395
906 1000 2719 906 483 483 906 1086 906 1086 2719 1861 1111 1027|0.001 -0.06703995416364683 0.07621527482949864 0.03799101659945903
835 1000 2504 835 445 445 835 921 835 921 2504 1758 1243 946|0.001 -0.06930913698443342 0.06176533279238727 0.03986514366679961
445 921 835 2504 835 835 2504 1000 445 921 835 1243 1758 946|0.001 -0.03873196045512506 0.04424751213846667 0.024446092109375872
1075 1875 625 573 573 1075 1075 333 947 625 802 1976 814 1104|0.001 -0.028424610237987036 -0.06313404124043798 -0.01868433723789087
573 333 573 1075 625 802 947 1875 1075 625 1075 814 1179 1244|0.001 -0.03330988535824586 -0.015072389015133858 -0.06945181484396046
533 881 1000 1744 930 310 581 581 533 745 1000 1338 1838 757|0.001 0.028875847185168002 -0.04770609709102258 0.005304179645644336
1600 1720 3000 1720 918 918 1720 1282 533 1516 1000 1887 1357 1302|0.001 -0.03051048389418609 0.02189909164094228 0.02045389099481376
780 1182 416 716 1342 1342 716 780 2339 1342 1248 1475 1058 1904|0.001 0.08180266461462304 -0.24867899097674728 -0.000870492636916298
1135 1135 605 352 660 1979 1055 846 1135 660 605 1518 789 1610|0.001 0.08409176322191847 -0.03832493849498575 -0.2689457591281885
333 1000 333 368 368 368 368 333 333 333 333 1054 685 496|0.001 -0.049774328406535506 -0.03974792227329105 0.0591132472229039
368 333 368 333 333 333 333 1000 368 333 368 685 1054 496|0.001 -0.04511096451237151 0.04829618769277788 -0.02391307526590336
333 1000 333 368 368 368 368 333 333 333 333 1054 685 496|0.001 -0.050431898011491505 -0.04480177694410448 0.061539183809289355
368 333 368 333 333 333 333 1000 368 333 368 685 1054 496|0.001 -0.04788037036862702 0.05773926505949545 -0.04296837743545501
625 1875 1075 502 647 1386 1075 592 595 1000 950 1179 776 1104|0.001 -0.0354493101478115 0.020310057247612257 0.05466249723676597
502 592 647 625 1075 950 595 1875 1075 1000 1386 1119 1976 1104|0.001 -0.035216263123168945 0.001963613456372748 -0.09520363027499479
994 1596 1681 2330 1087 843 1807 1051 1681 1807 3152 655 1856 1304|0.001 -0.048108614572967 0.06087930431647681 0.03187696355418934
528 1132 1132 1053 623 1053 1974 626 681 658 1460 1163 1593 1178|0.001 -0.048072336330762244 0.030995946785545847 0.061126367750341526
915 776 1546 966 335 335 966 776 915 451 1546 1729 1239 974|0.001 -0.06491298791911015 0.05216508025288835 0.0688378314766136
432 581 1246 1993 1179 1179 1993 1289 432 1000 1246 1374 1546 1256|0.001 -0.07478360297931586 0.07223434235944293 0.05630161482289342
2029 1720 3429 2143 743 743 2143 1720 2029 2218 3429 2262 1246 2160|0.001 -0.03685549278645062 -0.004014283362531179 0.04644635548253229
432 1289 1246 1993 1179 1179 1993 581 432 1000 1246 1089 2076 1256|0.001 -0.0789420439226951 0.09028604102738313 0.05027537412750416
1892 2143 2143 1246 432 1993 3737 581 2243 1246 2143 2200 1374 2509|0.001 -0.025840714972483747 -0.04061010592662395 -0.021317252707980794
467 883 1000 1744 581 201 930 1000 271 1047 581 1288 1419 641|0.001 0.09181179135957951 -0.08838272213179454 -0.016655330194806917
581 1000 1744 581 271 467 1000 1047 201 883 930 1419 1036 338|0.001 -0.021756120983226213 0.04201572881606053 -0.0028960817163592445
743 1720 2143 3687 3860 3256 3687 2143 3429 3687 6429 1246 4264 3458|0.001 -0.04010712621147827 -0.022315110220968437 -0.05869809682134797
1075 1875 625 502 292 625 1075 592 1126 1000 848 1976 1042 1244|0.001 -0.07879477319610806 -0.06898507266485887 0.07071024041709117
502 592 292 1075 625 848 1126 1875 1075 1000 625 660 1179 1244|0.001 -0.04838396635079012 0.05346329460371724 -0.017258529309273074
526 753 888 555 259 446 955 955 888 555 1666 1447 1105 925|0.001 -0.04782239595042426 0.05950882002209834 0.0322519664807408
592 737 1268 1179 698 1179 2210 1327 344 1268 737 1466 848 778|0.001 -0.04572774303810201 0.02486586104979205 0.06017466419720563
573 533 333 573 573 268 268 333 506 222 452 629 814 739|0.001 0.024611508186727082 -0.03284733900862258 -0.01487314350505864
581 1000 1744 581 789 883 1000 467 387 467 930 1419 745 730|0.001 -0.06417944260597608 -0.0005282353974100928 0.08786265476410593
803 1357 1720 3000 1600 667 1000 1720 803 1519 1720 1282 1887 1308|0.001 0.11484588393375184 -0.06723344859785985 -0.03660400887960491
930 581 1744 1000 467 467 1000 883 387 789 581 1838 1288 760|0.001 0.010582035194870443 -0.006978974284849171 0.00720716080185424
883 467 1000 1744 581 387 930 1000 789 467 581 1288 1419 1149|0.001 -0.042066542306571364 0.04832421365307704 0.00041991539793784227
573 333 573 573 333 452 506 533 268 222 268 814 1054 427|0.001 -0.005783915196415634 1.6437857000006773e-05 0.000390902031643936
625 1875 1075 502 502 1075 1075 417 848 625 950 1179 818 1244|0.001 -0.05291815089562113 -0.0919205526953304 -0.010276596121140402
502 417 502 625 1075 950 848 1875 1075 625 1075 818 1976 1104|0.001 -0.05243484583991154 -0.01004120180972401 -0.09070793534073918
658 893 439 528 1132 1132 528 1132 1974 658 1053 826 1459 1607|0.001 0.14789544264318888 -0.2932311157900225 -0.049829068084839
1268 737 592 491 737 2210 1179 1120 1268 1268 592 945 1457 1799|0.001 0.06870385328109796 -0.09462495425435202 -0.13816679181422375
1034 592 722 625 625 42 42 1000 1034 592 722 564 1179 1046|0.001 0.07412638340482225 -0.016621971221881804 0.05577443706701768
625 1000 625 1034 722 722 1034 592 42 592 42 1179 1567 739|0.001 0.007981635749578775 0.08301982369779193 -0.032177045794749004
722 592 1034 625 625 42 42 1000 722 592 1034 1567 1179 739|0.001 -0.013518056217647345 0.04319108710007402 0.0400214863442816
625 1000 625 722 1034 1034 722 592 42 592 42 1179 564 1046|0.001 0.060615957425957934 0.022739755118283966 -0.021301484515886537
830 1000 1993 1246 432 432 1246 1289 830 1289 1993 1629 1089 936|0.001 -0.040426208545761844 0.04514715083589582 0.017033564181694327
432 1289 1246 1993 830 830 1993 1000 432 1289 1246 1089 1629 936|0.001 -0.04720863259539132 0.047461510863553436 0.026381471429299808
644 1000 1546 966 335 335 966 776 644 776 1546 1413 1239 726|0.001 -0.08660199162036308 0.07446040209701188 0.0679392075730223
335 776 966 1546 644 644 1546 1000 335 776 966 1239 1413 726|0.001 -0.054411224039474515 0.05696200774639282 0.028348936954065707
1892 2143 2143 1246 432 1993 3737 1289 1459 2763 2143 2200 1089 1609|0.001 -0.0035166751109516614 -0.06752501719363924 -0.09614258590345148
467 883 1000 1744 581 201 930 1000 602 681 1289 1288 1419 508|0.001 -0.08814913709982886 0.06934582107316123 0.06936804431674437
581 1000 1744 1289 602 467 1000 681 201 883 930 1419 1498 745|0.001 0.010082996716265225 0.011633958056704863 -0.013123050081934595
335 776 966 1662 1132 1468 1662 2143 1546 1662 2898 1239 1459 1707|0.001 -0.033846356731404015 0.04557583704951629 0.008077800251289347
1075 1875 625 647 647 1386 1386 417 732 625 595 1976 914 944|0.001 -0.05307957631517368 -0.09210403326844308 -0.009163850075725177
647 417 647 1075 625 595 732 1875 1386 625 1386 914 1179 1104|0.001 -0.05559971640661243 -0.008319966893813868 -0.09628007649526538
333 533 573 739 739 345 345 333 317 222 391 1054 938 613|0.001 0.010941511414830352 -0.06717930385930937 0.03598168424667758
602 681 1289 1744 930 387 581 581 602 553 1289 1498 1838 850|0.001 0.09449505668123415 -0.09550635576031752 -0.014381408782766503
451 1000 1353 776 528 429 451 467 301 467 721 1269 1162 777|0.001 -0.02893583382908349 0.03906060738456674 0.0015212253552499
1600 1720 3000 2218 1035 1035 2218 952 667 1172 1000 1887 1838 1462|0.001 0.13526775215695785 -0.01665830523238987 -0.09897556100638472
739 333 739 333 573 391 317 533 345 222 345 938 629 859|0.001 0.0177408992525252 -0.023326700447572346 -0.008162104853811636
429 467 451 1353 451 301 721 1000 528 467 776 829 1269 361|0.001 -0.06630382001124535 0.0960877249152059 -0.005170943502376124
1051 1231 700 1087 2330 2330 1087 1051 3152 1807 1681 1811 1931 2956|0.001 0.04873604433155876 -0.16414228235165362 0.019672311999876513
1893 1468 883 569 853 2560 1366 812 1893 853 883 2200 683 2402|0.001 0.034401162707646815 0.13624553236776915 -0.14332620950487485
737 1120 491 255 1179 1179 255 701 737 863 491 1457 808 1390|0.001 0.017456253800898214 -0.0073997036735284905 0.3900265347762688
1053 771 228 439 658 658 439 893 1053 626 228 850 826 1242|0.001 -0.013889656779739745 0.22804445475438584 0.11837616690876684
853 812 569 296 1366 1366 296 1297 853 1158 569 683 1508 1610|0.001 -0.00528245112860648 -0.09571633843830529 0.5571220336977833
1681 1426 364 700 1051 1051 700 1231 1681 1596 364 1712 1811 1982|0.001 -0.02116863227672794 0.34965185978600877 0.006223373339810934
255 701 1179 737 491 491 737 1120 255 863 1179 1201 925 554|0.001 -0.037427841939636775 0.04065136915079259 0.002324806258104939
439 893 658 1053 228 228 1053 771 439 626 658 1301 1163 495|0.001 -0.09394443964886201 0.05434152299000905 0.09131850776836536
296 1297 1366 853 569 569 853 812 296 1158 1366 1102 1472 641|0.001 -0.044650618545099 0.04908208648965351 0.017997164611547323
700 1231 1051 1681 364 364 1681 1426 700 1596 1051 840 1152 789|0.001 -0.06517894909777833 0.039534654479655984 0.05635473135044755
573 533 333 739 739 345 345 333 391 222 317 629 938 859|0.001 0.019703095813727867 -0.011311657017076815 -0.02142509467642939
451 1000 1353 451 429 528 776 467 301 467 721 1269 829 361|0.001 -0.0013625039202536104 -0.0011880189924906581 -0.01158053930415015
1035 952 2218 3000 1600 667 1000 1720 1035 1172 2218 1838 1887 1462|0.001 -0.0005713099108073383 0.04478040853502785 -0.0016389146496953444
930 581 1744 1289 602 602 1289 681 387 553 581 1838 1498 850|0.001 -0.01949192683256218 0.03413195197996988 -0.016881791724346895
528 467 776 1353 451 301 721 1000 429 467 451 1162 1269 777|0.001 0.0016750833447942703 -0.0200759627507463 0.0044808895058801035
739 333 739 573 333 317 391 533 345 222 345 938 1054 613|0.001 0.03674320203791215 -0.0004546452040166127 -0.062872308390165
625 1875 1075 647 647 1386 1386 417 595 625 732 1179 914 1104|0.001 -0.05289479562821997 -0.08892933187909957 -0.007710077577751662
647 417 647 625 1075 732 595 1875 1386 625 1386 914 1976 944|0.001 -0.05532224950904219 -0.007857752340814095 -0.09361530624949599
853 812 569 883 1893 1893 883 1468 2560 853 1366 683 2200 2402|0.001 0.07018256676546653 -0.2022531128363747 0.09228134231829
2330 1051 1087 700 1051 3152 1681 1231 2330 1807 1087 1931 1811 2956|0.001 0.054598142953552475 -0.0043074464139625235 -0.1137255943044635
1132 2143 1662 966 335 1546 2898 776 1468 1662 1662 1459 1239 1707|0.001 -0.028231379135293944 -0.05014603213445268 -0.026542419848073484
602 681 1289 1744 581 201 930 1000 467 883 1000 1498 1419 745|0.001 -0.06500682002412161 0.04926139720717204 0.056131644043437845
581 1000 1744 1000 467 602 1289 883 201 681 930 1419 1288 508|0.001 0.008789136578910561 0.018601254302486048 -0.03386605158116618
432 1289 1246 2143 1892 1459 2143 2143 1993 2763 3737 1089 2200 1609|0.001 -0.03363065978106983 -0.01784844335948832 -0.039728698736191115
1075 1875 625 502 502 1075 1075 417 950 625 848 1976 818 1104|0.001 -0.052817098834364584 -0.09441586316211059 -0.011226725312352137
502 417 502 1075 625 848 950 1875 1075 625 1075 818 1179 1244|0.001 -0.05380325671821229 -0.008899395479134986 -0.09249817686630246
333 533 573 573 573 268 268 333 452 222 506 1054 814 427|0.001 -0.006827606733091907 -0.016961966181011645 0.016258722771069767
467 883 1000 1744 930 387 581 581 467 789 1000 1288 1838 760|0.001 0.08242038320079637 -0.050155854035552894 -0.01284071375919571
581 1000 1744 1000 883 789 581 467 387 467 930 1419 1288 1149|0.001 -0.012270060514613101 0.03456993502565897 -0.01752097420338883
1600 1720 3000 1720 803 803 1720 1357 667 1519 1000 1887 1282 1308|0.001 0.046631093701563486 -0.015115419729241353 -0.013663936508457875
573 333 573 333 573 506 452 533 268 222 268 814 629 739|0.001 0.018460321199995633 -0.0029083518975425715 -0.03269588448674421
789 467 581 1744 581 387 930 1000 883 467 1000 745 1419 730|0.001 -0.0531044554448723 0.05971605879630193 0.005173732867558289
737 1120 491 592 1268 1268 592 737 2210 1268 1179 1457 945 1799|0.001 0.05869343561167417 -0.15950383347256292 0.016402222606504147
1132 1132 528 439 658 1974 1053 893 1132 658 528 1459 826 1607|0.001 0.04871850841525749 0.04312964426456345 -0.11377236660579215
1051 1231 700 364 1681 1681 364 1426 1051 1596 700 1811 1712 1982|0.001 -0.040488433688059544 0.035949291507053616 0.3086403810510685
1366 1297 296 569 853 853 569 812 1366 1158 296 1508 683 1610|0.001 -0.04984953405038128 0.41837744030724044 -0.055864448755623686
658 893 439 228 1053 1053 228 771 658 626 439 826 850 1242|0.001 0.006127533132842533 0.006130108927893119 0.4745531211579679
1179 701 255 491 737 737 491 1120 1179 863 255 808 1457 1390|0.001 0.027301558514727375 0.4402967323291729 -0.021918801537959
364 1426 1681 1051 700 700 1051 1231 364 1596 1681 1152 840 789|0.001 -0.05399666452349128 0.05239513370767224 0.03600114440098334
569 812 853 1366 296 296 1366 1297 569 1158 853 1472 1102 641|0.001 -0.07880813850041246 0.03957493638442111 0.0929435443114679
228 771 1053 658 439 439 658 893 228 626 1053 1163 1301 495|0.001 -0.04406071310487092 0.04834249323390383 0.004728243393368192
491 1120 737 1179 255 255 1179 701 491 863 737 925 1201 554|0.001 -0.051556902141868255 0.020008553293109355 0.05455508770446871
918 1282 1720 3000 1600 533 1000 1720 918 1516 1720 1357 1887 1302|0.001 0.06040772107724024 -0.06100883284233638 0.003694457521334904
930 581 1744 1000 533 533 1000 881 310 745 581 1838 1338 757|0.001 -0.057041440930641896 0.04861624715323698 0.030844063255131005
625 1875 1075 573 573 1075 1075 333 802 625 947 1179 814 1244|0.001 -0.038348719086452876 -0.10171410595922192 -0.02546909933857422
573 333 573 625 1075 947 802 1875 1075 625 1075 814 1976 1104|0.001 -0.04150842428791157 -0.011905992987280012 -0.08521175171048112
660 846 352 605 1135 1135 605 1135 1979 660 1055 789 1518 1610|0.001 0.09204561945789447 -0.17895599114487015 -0.11971932403957108
1342 780 716 416 780 2339 1248 1182 1342 1342 716 1058 1475 1904|0.001 0.09205789429198141 -0.041889359764569756 -0.2562493928556553
533 881 1000 1744 581 581 1744 1000 533 881 1000 1338 1419 789|0.001 -0.06775514074256583 0.03511619685325762 0.07749374961134148
581 1000 1744 1000 533 533 1000 881 581 881 1744 1419 1338 789|0.001 -0.04465377375069246 0.03712079335091323 0.03296353112409278
660 1000 1979 1135 605 605 1135 1135 660 1135 1979 1518 1165 895|0.001 -0.08769118144287824 0.08100674696231325 0.0581053674505605
605 1135 1135 1979 660 660 1979 1000 605 1135 1135 1165 1518 895|0.001 -0.05368766428662797 0.03972362590197731 0.04577756577378134
780 1000 2339 780 416 416 780 1182 780 1182 2339 1681 933 884|0.001 -0.060981707617810965 0.07466349985597143 0.02477571625685515
352 846 660 1979 660 660 1979 1000 352 846 660 1248 1518 748|0.001 -0.04573166613320634 0.05906210003406409 0.022386898868842486
660 1000 1979 660 352 352 660 846 660 846 1979 1518 1248 748|0.001 -0.06651794702323799 0.04826247546681817 0.05853478221841124
416 1182 780 2339 780 780 2339 1000 416 1182 780 933 1681 884|0.001 -0.08956194957532637 0.08447553807004571 0.08159310179035151
1075 1875 625 647 502 1075 1386 592 950 1000 595 1976 1119 1104|0.001 -0.058729408841964315 -0.049665079870819806 0.039283226964503815
647 592 502 1075 625 595 950 1875 1386 1000 1075 776 1179 1104|0.001 -0.018370379485653787 0.0343264607953242 0.019836012781806467
623 626 1053 1132 528 681 1460 1132 1053 658 1974 1593 1163 1178|0.001 -0.04646818182514889 0.05898462438319818 0.028411928303311296
1087 1051 2330 1681 994 1681 3152 1596 843 1807 1807 1856 655 1304|0.001 -0.04766884219363665 0.028830416820890825 0.062140535453749646
780 1000 2339 1248 665 665 1248 1390 780 1390 2339 1681 875 1025|0.001 -0.042247762895942786 0.06264896293171507 0.0006587862215234885
479 719 898 1683 561 561 1683 1000 479 719 898 1407 1394 737|0.001 -0.07239030701709726 0.051297643468766196 0.058044658331501964
561 1000 1683 898 479 479 898 719 561 719 1683 1394 1407 737|0.001 -0.0581563064011148 0.06712676931192929 0.024384877473890842
665 1390 1248 2339 780 780 2339 1000 665 1390 1248 875 1681 1025|0.001 -0.08774812335227922 0.08475445648645108 0.0833418411409026
625 1875 1075 292 502 1075 625 592 848 1000 1126 1179 660 1244|0.001 -0.020460567093421034 -0.012230149543797086 0.0115386484642932
292 592 502 625 1075 1126 848 1875 625 1000 1075 1042 1976 1244|0.001 0.00046118945131290445 -0.05334030148253399 -0.08773788056102738
698 1327 1179 1268 592 344 737 737 1179 1268 2210 848 1466 778|0.001 -0.04621043202414077 0.060678418784752 0.02557024882465786
259 955 555 888 526 888 1666 753 446 555 955 1105 1447 925|0.001 -0.045757498156238086 0.02644919271712398 0.0586503686452966
1179 581 1993 1246 432 432 1246 1289 1179 1000 1993 2076 1089 1256|0.001 -0.0003635634103982266 -0.01630767394944055 0.006185318679037266
743 1720 2143 3429 2029 2029 3429 1720 743 2218 2143 1246 2262 2160|0.001 -0.03657296670613763 0.03331134979230432 0.013158569646616325
1179 1289 1993 1246 432 432 1246 581 1179 1000 1993 1546 1374 1256|0.001 -0.05492242858514351 0.024517413449978154 0.05005784144270997
335 776 966 1546 915 915 1546 776 335 451 966 1239 1729 974|0.001 -0.06967746390408314 0.06432440758004088 0.054026527412971426
3860 2143 3687 2143 743 3429 6429 1720 3256 3687 3687 4264 1246 3458|0.001 -0.04274974699284617 -0.024284337852860105 0.03187692294928324
271 1047 581 1744 581 201 930 1000 467 883 1000 1036 1419 338|0.001 0.05483800671487682 -0.07905768317065798 0.0062714944316466514
581 1000 1744 1000 467 271 581 883 201 1047 930 1419 1288 641|0.001 0.02840812068968246 -0.0013293782975443147 -0.0295547004302954
432 581 1246 2143 1892 2243 2143 2143 1993 1246 3737 1374 2200 2509|0.001 -0.03790048492794296 -0.028106214989604972 -0.05997193106352161
1179 1327 698 255 1179 1179 255 701 1179 1120 698 1920 808 1667|0.001 0.053571733663349 -0.086673008969681 0.5301560250693971
888 844 192 526 888 888 526 753 888 528 192 896 639 1256|0.001 -0.03211188005138643 0.30643469864643835 0.09789361172426236
1053 626 623 228 1053 1053 228 1185 1053 893 623 410 1326 1489|0.001 -0.034025984463330605 0.03471817115728415 0.22810836578934568
1681 1426 364 994 1681 1681 994 1596 1681 1892 364 1712 2542 2377|0.001 0.07173333371420121 0.5848481354541613 -0.07120459475464802
255 701 1179 1179 698 698 1179 1327 255 1120 1179 1201 848 743|0.001 -0.042657325451267436 0.032574706909414 0.028584841552166118
526 753 888 888 192 192 888 844 526 528 888 1447 1118 560|0.001 -0.07818777334053562 0.07897581756536987 0.06458934367769897
228 1185 1053 1053 623 623 1053 626 228 893 1053 1062 1593 664|0.001 -0.052067063448906215 0.0629466117296551 0.006591509565458953
994 1596 1681 1681 364 364 1681 1426 994 1892 1681 655 1152 1059|0.001 -0.06611278233718876 0.025164627491118807 0.07534508589685185
1000 1000 1000 1000 533 67 533 1104 1104 1104 1104 1414 1133 1002|0.001 0.007310770898647512 -0.07099493772536158 0.05084859525862129
533 1104 1000 1000 1000 1104 1104 1000 67 1104 533 1133 1414 1002|0.001 0.10762894877553775 -0.017864697045697486 -0.0323110777528135
2069 125 1875 1875 2069 2069 1875 1875 2069 1000 1875 1879 2652 2652|0.001 -0.017114587544954096 0.04210185788331211 -0.06690935661536779
2069 1875 1875 1875 2069 2069 1875 125 2069 1000 1875 2652 1879 2652|0.001 0.1006459632167056 -0.0550319068406957 -0.04719206426788469
483 906 906 1000 1000 906 906 1000 60 906 483 1282 1535 1027|0.001 -0.09588966722683723 0.10111985685790525 0.015080689736584052
1000 1000 1000 906 483 60 483 906 906 906 906 1535 1282 1027|0.001 -0.10449655883267073 0.0703552026688592 0.08190632093595163
1875 1875 2069 2069 1875 1875 2069 125 1875 1000 2069 2125 2125 2652|0.001 0.0990385304630026 -0.05362409592853057 -0.053402787510345995
1875 125 2069 2069 1875 1875 2069 1875 1875 1000 2069 2125 2125 2652|0.001 0.12662016621713956 -0.06439602655423093 0.012498028258658422
625 1875 1075 502 647 1386 1075 592 722 1000 1034 1179 776 1237|0.001 0.00957420957311328 -0.004184318358599892 -0.030719202507125676
502 592 647 625 1075 1034 722 1875 1075 1000 1386 1119 1976 1237|0.001 -0.001553506010271155 -0.0077310145492359705 0.006360848065141145
820 1433 1386 1921 897 695 1490 866 1386 1490 2599 782 1715 1075|0.001 -0.04843001096547228 0.06124979293508748 0.03169992719034953
485 1040 1040 967 572 967 1814 698 626 605 1341 1197 1515 1082|0.001 -0.046621406993984094 0.02669816906528677 0.060660381330288615
625 1000 625 647 502 502 647 592 42 592 42 1179 1119 527|0.001 -0.02189040640535156 0.07910530016207451 0.019331400054092285
647 592 502 625 625 42 42 1000 647 592 502 776 1179 667|0.001 -0.00953050231932262 -0.0280544544480954 0.06615312067826062
625 1000 625 502 647 647 502 592 42 592 42 1179 776 667|0.001 0.0078520873765342 0.09124094028245766 -0.0037974336233737027
502 592 647 625 625 42 42 1000 502 592 647 1119 1179 527|0.001 -0.052490170062278185 0.08107940058970087 0.04442839784361885
1744 1000 581 467 1000 1000 467 961 581 961 39 1419 1151 1419|0.001 0.07462912531567278 0.07335045564068832 0.17121252530118758
467 961 1000 1744 581 39 581 1000 467 961 1000 1238 1419 490|0.001 0.0032326163929763396 -0.04131503441079487 0.04466660035702397
581 1000 1744 1000 467 467 1000 961 39 961 581 1419 1238 490|0.001 -0.054410984308902455 0.061048759549839904 0.008719030219752621
1000 961 467 581 1744 581 39 1000 1000 961 467 1151 1419 1419|0.001 0.047756791924964404 0.02779267825291143 0.19630350869858537
24808 15000 24808 12043 12043 25807 25807 15000 25807 45000 25807 25109 12651 31954|0.001 1.4816807201102944 -0.01809878555583011 0.05371287322643026
1000 467 961 581 1744 581 39 1000 1000 467 961 1151 1419 1419|0.001 0.052987044873487044 -0.04679573913327295 0.3071421073168512
1744 1000 581 961 1000 1000 961 467 581 467 39 1419 1151 1419|0.001 0.03766430080497152 0.22373488607378977 0.006907409220517913
12043 15000 12043 24808 24808 25807 25807 15000 25807 45000 25807 12651 25109 31954|0.001 1.234183454340807 -0.06906415623763706 0.05360063003587934
1075 1875 625 647 502 1075 1386 592 1034 1000 722 1976 1119 1237|0.001 -0.020091558072213855 -0.01961666594991085 -0.001993078273422322
647 592 502 1075 625 722 1034 1875 1386 1000 1075 776 1179 1237|0.001 -0.08362797289946822 0.06700269504265499 -0.05478097858207298
572 698 967 1040 485 626 1341 1040 967 605 1814 1515 1197 1082|0.001 -0.04741355000306369 0.06120941507026911 0.02943595079970107
897 866 1921 1386 820 1386 2599 1433 695 1490 1490 1715 782 1075|0.001 -0.045186376727132105 0.024890688789795945 0.058490172963878706
333 1000 333 573 573 573 573 1000 1000 1000 1000 1054 1153 814|0.05 0 0 0
573 1000 573 333 333 1000 1000 1000 573 1000 573 1153 1054 814|0.05 0 0 0
333 1000 333 573 573 573 573 1000 1000 1000 1000 1054 1153 814|0.05 0 0 0
573 1000 573 333 333 1000 1000 1000 573 1000 573 1153 1054 814|0.05 0 0 0
773 1207 1450 906 483 831 1559 906 1450 1559 2719 1264 1282 1528|0.05 0.05427970947211813 -0.142193794763239 -0.07631617081933717
689 1291 1291 1201 640 1201 2252 828 400 751 751 1061 1459 755|0.05 0.04071111847383291 -0.05671633284947464 -0.14147801794068493
479 719 898 561 299 515 965 965 898 561 1683 1407 1116 946|0.05 0.01511172169653019 -0.04970201983386491 -0.007880679886853592
716 780 1342 1248 665 1248 2339 1390 416 1342 780 1552 875 785|0.05 -0.011326263057697128 0.011619130288651469 -0.05614108388488637
2032 1000 271 144 269 269 144 927 1651 927 68 1245 859 1851|0.05 -0.0037821538750570927 0.9031698021969081 -0.06971722259715318
6452 1875 6960 1886 471 11490 14142 1000 6452 1875 6960 5976 1374 6859|0.05 0.022759838270385302 -0.05054049807059591 -0.3239409818668937
530 250 530 3691 3691 3422 3422 7500 994 6094 994 729 4596 3169|0.05 0.4823745038348348 -0.07246229571145513 0.002097676440402374
3691 7500 3691 530 530 994 994 250 3422 6094 3422 4596 729 3169|0.05 0.8172008880386827 0.025411911486385996 -0.15187182969594426
269 927 144 271 2032 1651 68 1000 269 927 144 859 1245 1851|0.05 -0.005245358868563033 -0.06091906877639275 0.847008108424292
471 1000 1886 6960 6452 6452 6960 1875 11490 1875 14142 1374 5976 6859|0.05 0.008647618757746667 -0.4490043598333604 -0.09131350951114392
1886 1000 471 6452 6960 6960 6452 1875 14142 1875 11490 1374 7623 8667|0.05 0.08191862938078165 -2.0197073729067148 -0.109977132664838
291 1079 155 73 1781 2192 292 1000 291 1079 155 1182 1063 1997|0.05 -0.027302693937614197 -0.11937943711477272 2.787897018695902
73 1000 1781 291 155 155 291 1079 292 1079 2192 1063 926 213|0.05 -0.09589695073151994 0.11079196442167039 0.04700408542826384
155 1079 291 1781 73 292 2192 1000 155 1079 291 926 1063 213|0.05 -0.07024861013172568 0.04114726364668808 0.08028577304542983
6960 1875 6452 471 1886 14142 11490 1000 6960 1875 6452 7623 1374 8667|0.05 0.07881119280491733 -0.08320996381804613 -1.804373353620904
1781 1000 73 155 291 291 155 1079 2192 1079 292 1063 1182 1997|0.05 -0.027401908609663295 2.7835838845220096 -0.11852665709927712
167 1000 167 615 1070 1070 615 1875 1250 1875 1250 1014 1973 1163|0.05 0.06456562881274497 -0.32476042013817596 -0.005567345842544258
3048 1739 1625 271 2032 2032 271 1000 3048 1739 1625 3208 1245 3663|0.05 -0.04250530667778585 -0.041511341224077514 0.4421679291923586
1169 1000 156 935 1753 1753 935 575 1169 575 156 1087 1098 2107|0.05 0.07332312397648533 0.982071052475344 0.027265710787638398
615 1875 1070 167 167 1250 1250 1000 615 1875 1070 1174 1014 766|0.05 0.02602898858953484 0.0739309859107129 0.02818684994264853
167 1000 167 1070 615 615 1070 1875 1250 1875 1250 1014 1174 766|0.05 0.053210206749003675 -0.5299861675357442 -0.10356657231771149
1753 575 935 156 1169 1169 156 1000 1753 575 935 1098 1087 2107|0.05 0.043196672338423614 -0.0413699360659181 1.066554314351431
1070 1875 615 167 167 1250 1250 1000 1070 1875 615 1973 1014 1163|0.05 0.006905834238344344 -0.07497342031334231 -0.4624896097893383
2032 1000 271 1625 3048 3048 1625 1739 2032 1739 271 1245 3208 3663|0.05 0.0178074350128421 0.8011168098179922 -0.011290991951894425
566 200 566 1600 1600 1200 1200 1000 693 200 693 721 1887 1327|0.05 -0.014264770288813233 0.019757662798005615 -0.08180709577413348
1600 1000 1600 693 693 566 566 200 1200 200 1200 1887 825 1697|0.05 -0.021983421269717862 -0.08255027544741167 0.030075425240876363
693 200 693 1600 1600 1200 1200 1000 566 200 566 825 1887 1697|0.05 -0.004802911362054019 0.011043734503521918 -0.08404978828555731
1600 1000 1600 566 566 693 693 200 1200 200 1200 1887 721 1327|0.05 -0.01905900255194326 -0.08341446991863788 0.02715875179177374
577 1333 471 167 167 833 833 1000 577 1333 471 1414 1014 687|0.05 0.011409416496546143 -0.10555883482476824 -0.14387044980841868
167 1000 167 577 471 471 577 1333 833 1333 833 1014 1106 601|0.05 0.03420208034328631 -0.28468724878805585 -0.05659566847856734
471 1333 577 167 167 833 833 1000 471 1333 577 1106 1014 601|0.05 -0.006351043217619479 -0.031661947110058763 -0.15938871123979514
167 1000 167 471 577 577 471 1333 833 1333 833 1014 1414 687|0.05 0.0034477615808437 -0.19672197115829237 -0.07212701807463029
1853 1875 2483 1443 289 2165 4330 1000 1853 1875 2483 1477 1190 2014|0.05 0 0 0
289 1000 1443 2483 1853 1853 2483 1875 2165 1875 4330 1190 1477 2014|0.05 0 0 0
1012 1340 540 156 1169 2337 779 1000 1012 1340 540 1804 1087 1938|0.05 0 0 0
156 1000 1169 1012 540 540 1012 1340 779 1340 2337 1087 797 642|0.05 -0.05335366264546337 0.051378654606932805 0.01049076176512509
540 1340 1012 1169 156 779 2337 1000 540 1340 1012 797 1087 642|0.05 -0.036822162898965116 -0.027111189907472744 0.047403268970218626
1169 1000 156 540 1012 1012 540 1340 2337 1340 779 1087 1804 1938|0.05 0 0 0
273 1096 513 906 483 357 669 906 513 1011 961 955 1282 382|0.05 -0.08170212380884556 0.07531111643745758 0.11532136862290043
326 923 611 468 250 468 877 913 441 827 827 1170 1143 642|0.05 -0.06234968953503506 0.044156862134445696 0.03921917186696655
368 333 368 231 231 123 123 733 353 191 353 685 887 419|0.05 0 0 0
231 733 231 368 368 353 353 333 123 191 123 887 685 419|0.05 0 0 0
335 960 628 906 483 395 740 906 628 740 1177 1140 1282 527|0.05 -0.01540556401252946 0.015251637945765673 -0.016359804579003656
411 771 771 654 349 654 1226 1041 503 944 944 1334 1064 760|0.05 -0.003684425338897901 -0.008935641788546667 -0.02495938655029728
483 906 906 1450 773 1450 2719 1207 831 1559 1559 1282 1264 1528|0.05 -0.04241940663373245 -0.004348888235420345 0.02478475092298371
640 828 1201 1291 689 400 751 1291 1201 751 2252 1459 1061 755|0.05 -0.05515876069176695 0.11374557451915734 0.03534989272003575
921 187 1000 1768 354 88 354 1000 921 187 1000 1106 1275 938|0.05 -0.009764108370784452 -0.02556602733296054 0.04914619321288338
2828 5000 2828 530 530 2828 2828 250 2604 1000 2604 3606 729 2828|0.05 0.15559861144115672 -0.07595097333102374 -0.5486665241726296
530 250 530 2828 2828 2604 2604 5000 2828 1000 2828 729 3606 2828|0.05 0.03666504723536246 -0.371133475325941 -0.0769799784695957
354 1000 1768 1000 921 921 1000 187 88 187 354 1275 1106 938|0.05 -0.005422301909274729 0.04772474447082731 -0.029400107255442842
5333 5333 4910 471 1886 9428 1886 1000 5333 5333 4910 5897 1374 6799|0.05 0 0 0
384 1000 96 204 1086 1086 204 1086 1920 1086 384 1018 1201 1385|0.05 0.14634870484443674 -0.4729702195531027 0.22068511369408572
1886 1000 471 4910 5333 5333 4910 5333 9428 5333 1886 1374 5897 6799|0.05 0 0 0
1086 1086 204 96 384 1920 384 1000 1086 1086 204 1201 1018 1385|0.05 0.16651546643655646 0.2787389526111905 -0.5258886092321369
493 188 816 1443 1179 1039 1066 1875 925 352 1531 976 1573 1087|0.05 -0.04740287561083134 -0.0334894103285166 -0.10365684090404503
1437 1355 766 176 330 1760 938 975 868 1107 463 1972 977 1016|0.05 0.08886647001292491 -0.006877170612307193 -0.4652423073597878
1225 604 230 1305 1768 1444 1273 1875 2296 1133 431 707 2574 1926|0.05 -0.02803268792911595 0.4298375003110899 0.028619052569647252
176 975 330 1437 766 463 868 1355 938 1107 1760 1055 1071 542|0.05 0.018487533974747006 -0.26343399252091726 -0.05647113241155077
230 604 1225 943 696 679 770 533 122 322 653 1195 1373 734|0.05 -0.07439455888289981 0.0836620401490995 0.031404195684938685
1443 1875 1179 493 816 1531 925 188 1066 352 1039 2179 577 1141|0.05 -0.044912151316592874 -0.09968361399868453 -0.03301171611725828
338 1025 180 475 890 1473 786 1135 1804 1389 962 1082 1428 1760|0.05 0.08846750680128856 -0.4666999480109668 0.011551319615803468
2390 1875 2106 380 2027 3800 712 1655 2925 3103 2159 3007 1977 4417|0.05 -0.07452278189983064 0.07894594120317011 0.16715312371815338
475 1135 890 338 180 962 1804 1025 786 1389 1473 1046 1001 939|0.05 0.0189440373343297 -0.05895774667471709 -0.26406003821446644
1123 533 1275 2027 380 203 1081 1655 1152 882 1560 1604 1170 1125|0.05 -0.003761477907416877 -0.04174344297949273 0.042335484076139185
1836 1000 245 2693 1836 1836 2693 1000 1836 1000 245 1204 2438 2596|0.05 0.0025077181531996118 0.8624061927354876 -0.012553586385773974
1836 1000 2693 245 1836 1836 245 1000 1836 1000 2693 2438 1204 2596|0.05 -0.02937434909507486 0.011110636253082173 0.7751871571828439
1836 1000 245 2693 1836 1836 2693 1000 1836 1000 245 1204 2438 2596|0.05 -0.022249418257298537 0.7740529341112712 -0.006392291072665479
1836 1000 2693 245 1836 1836 245 1000 1836 1000 2693 2438 1204 2596|0.05 0.011845095780445014 -0.030395684583187643 0.9022537445281631
566 1116 71 1000 1000 200 900 1000 566 1116 71 1149 1414 721|0.05 -0.01789603823525554 0.7277805504699519 0.0424512350181927
1000 1000 1000 71 566 566 71 1116 200 1116 900 1414 1149 721|0.05 -0.04014748189968276 0.024500828401599062 0.719366580109102
71 1116 566 1000 1000 900 200 1000 71 1116 566 1002 1414 951|0.05 -0.058803862112466465 0.06926394176437922 -0.060827418854232373
1000 1000 1000 566 71 71 566 1116 900 1116 200 1414 1002 951|0.05 -0.047683416760082586 -0.0009510737835838334 0.06476637617999215
179 1000 807 63 507 507 63 896 896 896 896 1070 898 646|0.05 -0.0215651438651443 -0.01286811553520173 0.8849571879215934
507 896 63 807 179 896 896 1000 507 896 63 898 1070 646|0.05 -0.027035971349427257 0.8737778775944416 -0.009693006533481041
807 1000 179 507 63 63 507 896 896 896 896 1070 1030 853|0.05 -0.04754539148074777 -0.21987439801383624 0.06945851137950099
63 896 507 179 807 896 896 1000 63 896 507 1030 1070 853|0.05 -0.07738931369351887 0.09136649048446799 0.1287196798232615
189 733 189 333 333 372 372 1000 354 500 354 877 1054 486|0.05 0.058546479940040363 -0.11925967781317492 -0.10214556549187237
333 1000 333 189 189 354 354 733 372 500 372 1054 877 486|0.05 0.034345622944180754 -0.11920944306401893 -0.036920579687135247
371 682 371 273 273 1023 1023 1000 507 682 507 905 1037 761|0.05 0.030881172902805787 -0.04927313213537898 -0.24776926391136156
273 1000 273 507 507 371 371 682 1023 682 1023 1037 969 611|0.05 0.04347883279930409 -0.26606756465203607 -0.07778258035204155
507 682 507 273 273 1023 1023 1000 371 682 371 969 1037 611|0.05 0.05233987503817206 -0.09928247895285458 -0.23532210388692243
273 1000 273 371 371 507 507 682 1023 682 1023 1037 905 761|0.05 0.04660121273851958 -0.22030868190204833 -0.0929691733102278
496 267 363 667 667 978 978 1000 496 267 363 598 1202 948|0.05 -0.026392739693801293 0.025483982485829948 -0.09264339986820747
667 1000 667 496 363 363 496 267 978 267 978 1202 744 885|0.05 -0.010214748670686058 -0.13976010766251767 0.014076152432969113
363 267 496 667 667 978 978 1000 363 267 496 744 1202 885|0.05 -0.020404967839842136 0.017448114379163826 -0.10248527107063587
667 1000 667 363 496 496 363 267 978 267 978 1202 598 948|0.05 -0.02449642704689503 -0.09684856104536399 0.02666903406850496
483 906 906 628 335 628 1177 960 395 740 740 1282 1140 527|0.05 -0.04585490576569873 0.03236460326506263 0.07731847634319555
349 1041 654 771 411 503 944 771 654 944 1226 1064 1334 760|0.05 0.044114608254863796 -0.06886537158929618 -0.06711571335674904
1155 1000 2309 816 493 493 816 188 938 188 1155 1915 976 1152|0.05 -0.033649158156425774 -0.05015251911813623 0.04320512886630157
493 188 816 2309 1155 938 1155 1000 493 188 816 976 1915 1152|0.05 -0.01188861885880077 0.010479154687512704 -0.045748141477442994
707 2000 707 162 162 866 866 812 427 1000 427 1581 916 500|0.05 0.04577671238632064 -0.08966736141880594 -0.3980033705990871
162 812 162 707 707 427 427 2000 866 1000 866 916 1581 500|0.05 -0.017079962157559025 -0.13877558025759962 -0.05256949102619535
816 188 493 1155 2309 1155 938 1000 816 188 493 577 1915 1826|0.05 0.028412344744843665 -0.03970839407824833 0.00872790535165091
1901 1000 2340 2027 380 380 2027 1655 2340 1655 4680 2334 1170 2143|0.05 -0.04624040875077173 0.023171397572641084 0.03933758465945125
2309 1000 1155 493 816 816 493 188 1155 188 938 1915 577 1826|0.05 0.03551202494891159 -0.08369432240313723 -0.025010954937019214
380 1655 2027 2340 1901 2340 4680 1000 380 1655 2027 1170 2334 2143|0.05 -0.01485949033928069 0.023758999763217048 -0.0834360596790118
200 1231 200 526 526 870 870 1231 1066 2462 1066 1127 1228 1040|0.05 0.09586418647462791 -0.4651173393647867 -0.04850249352746028
526 1231 526 200 200 1066 1066 1231 870 2462 870 1228 1127 1040|0.05 0.04601994304836321 -0.08447209565292435 -0.19283389511747573
380 1655 2027 1755 366 585 2925 1523 310 1655 1655 1170 1138 480|0.05 -0.07594535595401686 0.07858143456893618 0.09388508822500308
240 656 1152 1086 204 249 1330 1086 384 1086 1920 1194 1086 435|0.05 -0.059513331922168566 0.0952741236125565 0.03140026935215756
87 817 693 1000 1000 900 200 1000 87 817 693 1052 1414 953|0.05 -0.055939673434211024 0.07893234986424469 -0.05446264433796033
1000 1000 1000 693 87 87 693 817 900 817 200 1414 1052 953|0.05 -0.04097613667129352 -0.03983118456269752 0.05517857545754623
693 817 87 1000 1000 200 900 1000 693 817 87 825 1414 825|0.05 -0.021787855136572443 0.8809505063407275 -0.02918346205509459
1000 1000 1000 87 693 693 87 817 200 817 900 1414 825 825|0.05 -0.04089657014187287 0.029344849562646935 0.695824556177731
1102 1000 245 848 106 106 848 1224 1224 1224 1224 1127 1009 1166|0.05 -0.056652779087937866 -0.12951416909317337 0.08116611927525996
106 1224 848 245 1102 1224 1224 1000 106 1224 848 1009 1127 1166|0.05 -0.07469235798862606 0.09079332113262728 0.2628580996926999
245 1000 1102 106 848 848 106 1224 1224 1224 1224 1127 1288 1009|0.05 -0.03647678592785142 0.0027794016582660674 0.8333827693761009
848 1224 106 1102 245 1224 1224 1000 848 1224 106 1288 1127 1009|0.05 -0.03737830745679016 0.8275345932522016 -0.00010792101847734159
366 1523 1755 2390 2106 2265 3264 1875 3976 2856 6581 1138 2203 2580|0.05 0 0 0
1888 1075 174 475 890 1356 723 1135 3125 1549 833 1225 1428 3055|0.05 -0.01145545598995601 0.5648073510997076 0.10569173399487708
2390 1875 2106 366 1755 6581 3976 1523 3264 2856 2265 3007 1819 4899|0.05 0 0 0
1152 656 240 1487 2142 1569 1383 1875 4320 1231 2610 747 3031 2581|0.05 0 0 0
1261 1441 673 161 1756 2906 775 930 828 1055 442 2038 1065 2099|0.05 -0.02551801381079133 -0.11968205130680531 0.7124669293405583
1487 1875 2142 1152 240 2610 4320 656 1383 1231 1569 1169 1194 1584|0.05 0 0 0
475 1135 890 1888 174 833 3125 1075 723 1549 1356 1046 1145 864|0.05 -0.07901637464738376 0.054388054573868416 0.12299312757252379
161 930 1756 1261 673 442 828 1441 775 1055 2906 1139 786 502|0.05 -0.011076433009827857 -0.015771971192846124 -0.007100579918374317
629 533 770 1443 289 828 1443 1000 629 533 770 1162 1190 797|0.05 -0.030406780784891785 -0.012707528173416804 0.03611697302349004
289 1000 1443 770 629 629 770 533 828 533 1443 1190 1162 797|0.05 -0.049633892458114115 0.07350470072728044 -0.0018229436529038079
848 1224 1590 459 1316 2295 2295 1000 848 1224 1590 1334 1266 1934|0.05 0 0 0
459 1000 1316 848 1590 1590 848 1224 2295 1224 2295 1266 1848 1892|0.05 0 0 0
1590 1224 848 1316 459 2295 2295 1000 1590 1224 848 1848 1266 1892|0.05 0 0 0
1316 1000 459 1590 848 848 1590 1224 2295 1224 2295 1266 1334 1934|0.05 0 0 0
1875 1875 2432 1316 459 3442 5049 1000 1875 1875 2432 1627 1266 2257|0.05 0 0 0
459 1000 1316 2432 1875 1875 2432 1875 3442 1875 5049 1266 1627 2257|0.05 0 0 0
245 1000 1836 1000 533 533 1000 1297 702 1297 2693 1204 868 675|0.05 -0.029586793494179586 0.021099802698880676 0.009280262358393188
533 1297 1000 1836 245 702 2693 1000 533 1297 1000 868 1204 675|0.05 -0.013441322243016307 -0.03318560948645244 0.017565291369250335
696 533 943 1225 230 122 653 604 679 322 770 1373 1195 734|0.05 -0.04264827846996777 -0.004676953118420979 0.05985883688481408
766 1355 1437 330 176 938 1760 975 463 1107 868 1071 1055 542|0.05 0.01886903748870905 -0.05786464871434527 -0.26412401129728535
1768 1875 1305 230 1225 2296 431 604 1444 1133 1273 2574 707 1926|0.05 -0.0858619265464855 -0.07740644822629372 0.49426551843315014
330 975 176 766 1437 868 463 1355 1760 1107 938 977 1972 1016|0.05 0.07723818736249388 -0.5104476803082492 -0.07115549323571058
1179 1875 1443 816 493 925 1531 188 1039 352 1066 1573 976 1087|0.05 -0.06152674066185693 -0.11462695204362827 -0.014072124768736982
380 1655 2027 1275 1123 1152 1560 533 203 882 1081 1170 1604 1125|0.05 -0.025125048056995336 0.05384084241419895 -0.025353512821288948
180 1025 338 890 475 786 1473 1135 962 1389 1804 1001 1046 939|0.05 0.01930438579655469 -0.2686053399929522 -0.059106329045991446
890 1135 475 180 338 1804 962 1025 1473 1389 786 1428 1082 1760|0.05 0.0887727046614395 0.00804783024264566 -0.4384210531705812
2027 1655 380 2106 2390 2925 2159 1875 3800 3103 712 1977 3007 4417|0.05 -0.04604827223372521 0.345010370397254 0.09892643585312832
816 188 493 1179 1443 1066 1039 1875 1531 352 925 577 2179 1141|0.05 -0.017354791653885204 -0.06660421448429821 -0.0842534504158543
231 733 231 333 333 272 272 1000 433 500 433 887 1054 363|0.05 -0.015065763152579681 -0.0013535718464063873 -0.029451482250967276
333 1000 333 231 231 433 433 733 272 500 272 1054 887 363|0.05 -0.021463073763888785 0.00219045919870986 0.01931608046777944
2032 1000 271 4064 4064 4064 4064 1000 2032 1000 271 1245 4185 4543|0.05 -0.042890873749166225 0.6972867823030837 -0.03901286287545824
4064 1000 4064 271 2032 2032 271 1000 4064 1000 4064 4185 1245 4543|0.05 -0.010310561520173733 0.027005134408772946 0.7108167640050356
2032 1000 271 4064 4064 4064 4064 1000 2032 1000 271 1245 4185 4543|0.05 -0.03241718017174877 0.6430617714358822 -0.025217499207512706
4064 1000 4064 271 2032 2032 271 1000 4064 1000 4064 4185 1245 4543|0.05 -0.05756329138413396 -0.05188354330285749 0.5773239151232712
167 1000 167 681 1319 1319 681 1875 1250 1875 1250 1014 2252 1396|0.05 0.01659017411764996 -0.2942759905714343 -0.06441880457585536
2754 1937 1469 245 1836 1836 245 1000 2754 1937 1469 3308 1204 3310|0.05 -0.0388570564722035 -0.004597317894321495 0.4563298230015467
948 1000 126 758 1422 1422 758 516 948 516 126 1058 711 1709|0.05 0.0973845524493111 1.1144595962625736 -0.04374743477081666
681 1875 1319 167 167 1250 1250 1000 681 1875 1319 938 1014 820|0.05 -0.0016011541095173332 -0.08214225479242776 -0.4392563624388657
167 1000 167 1319 681 681 1319 1875 1250 1875 1250 1014 938 820|0.05 0.0333252513065152 -0.27718154346889623 -0.03234869472837132
1422 516 758 126 948 948 126 1000 1422 516 758 711 1058 1709|0.05 -0.06371136293471524 0.019466949651483212 0.30983466727165787
1319 1875 681 167 167 1250 1250 1000 1319 1875 681 2252 1014 1396|0.05 0.05622673040702075 -0.09115864799134066 -0.482913865667296
1836 1000 245 1469 2754 2754 1469 1937 1836 1937 245 1204 3308 3310|0.05 0.05809902112418275 1.0168828813041997 -0.04202476366972241
2032 1000 271 176 330 269 144 975 1841 1049 169 1245 977 2050|0.05 0.03399807957891188 0.9658321175332518 -0.026690084959282157
5543 1875 5683 1540 962 10464 11547 816 5961 1531 5683 5551 1743 6789|0.05 -0.013914516114253983 -0.05432649410069157 -0.3554549025107101
176 975 330 2032 271 169 1841 1000 144 1049 269 1055 1245 307|0.05 -0.09801348338345783 0.07195886320791489 0.1027200809028539
271 1000 2032 269 144 176 330 1049 169 975 1841 1245 961 222|0.05 -0.1157517406197417 0.11875411588800233 0.09580388501414072
269 1049 144 271 2032 1841 169 1000 330 975 176 1119 1245 1861|0.05 -0.011151743844466377 -0.01794658649744152 0.7085980082253962
1179 1225 1886 6960 7300 6789 6960 1875 12816 2296 14142 1546 7792 7776|0.05 0.051330131469757845 -0.5470129349305286 -0.09321079255510178
1540 816 962 5543 5683 5683 5961 1875 11547 1531 10464 1262 5997 7076|0.05 0.05306531586024121 -0.5532634109947354 -0.014450950620628067
338 1025 180 174 1888 2083 278 1075 276 1025 147 1082 1225 1908|0.05 0.0011525028731740328 -0.10271888433540988 1.3615026441542066
174 1075 1888 338 180 147 276 1025 278 1025 2083 1145 1001 228|0.05 -0.028520337075823576 0.031229873786835505 -0.028289971858157514
137 953 257 1756 161 258 1937 930 168 953 315 1067 1139 292|0.05 -0.11844866398009746 0.1056074908227167 0.12206477022731699
6960 1875 7300 1179 1886 14142 12816 1225 6960 2296 6789 6692 2134 8667|0.05 0.02690977079183199 -0.07334211993698769 -0.6250042052644544
1756 930 161 137 257 315 168 953 1937 953 258 1065 917 1954|0.05 -0.009469590334345579 0.9915850806560567 0.05334446486741973
2032 1000 271 3522 3048 3048 3522 1107 2032 1107 271 1245 3208 3663|0.05 -0.027076991999793742 0.7566279210091031 0.020518774184012933
3048 1107 3522 271 2032 2032 271 1000 3048 1107 3522 3208 1245 3663|0.05 -0.010972216530508172 -0.025031877559754667 0.93185416142743
1836 1000 245 3182 2754 2754 3182 904 1836 904 245 1204 3308 3310|0.05 -0.02755778147115695 0.7075117582720591 0.025706927685265057
2754 904 3182 245 1836 1836 245 1000 2754 904 3182 3308 1204 3310|0.05 -0.04030151086398037 -0.029446560061177074 0.8033713889050675
921 187 1000 1768 1972 1369 1305 1875 1726 352 1875 1106 2577 1076|0.05 7.740786850840564e-05 -0.097137176416634 -0.08161082070614833
1437 1355 766 144 269 1437 766 1049 1323 1511 705 1972 1119 1437|0.05 0.09205184065641525 -0.09356078514705324 -0.5063901042300734
1000 921 187 1305 1768 1972 1369 1875 1875 1726 352 1000 2574 2577|0.05 -0.05178581759681444 0.31864395206342433 0.01819104627224233
144 1049 269 1437 766 705 1323 1355 766 1511 1437 961 1071 766|0.05 0.020764587323938155 -0.27269460079140107 -0.06257448142791722
188 921 1000 943 696 730 1052 533 100 491 533 1106 1373 669|0.05 -0.002739997454750398 0.03566992408010394 -0.027857610424241175
1768 1875 1972 921 1000 1875 1726 187 1305 352 1369 2031 1000 1398|0.05 -0.039237961631732876 -0.10756998188029554 -0.040164725100799714
257 953 137 673 1261 1370 731 1441 1370 1291 731 917 2038 1515|0.05 0.09572174983056625 -0.4427776904875802 -0.08239504823628896
2142 1875 1487 204 1086 2037 382 1086 1920 2037 1417 3031 1201 2206|0.05 -0.07668709378127803 -0.0720472642533776 0.46070085454262166
673 1441 1261 257 137 731 1370 953 731 1291 1370 786 1067 808|0.05 0.01946814606287539 -0.05888310442587641 -0.2678069857008747
793 533 1143 1086 204 109 579 1086 756 579 1024 1616 1086 846|0.05 0.02622782827477188 -0.08068498451072603 0.029648739724588147
696 533 943 1000 188 100 533 921 645 491 696 1373 1106 762|0.05 -0.010104404935171729 -0.0026208922995185624 0.02988071815331672
766 1355 1437 269 144 766 1437 927 705 1000 1323 1071 1095 766|0.05 0.019831669601872992 -0.06160834774905699 -0.2679836558053572
1768 1875 1305 187 1000 1875 352 921 1305 1726 1210 2574 1000 1398|0.05 -0.06513076777790117 -0.014566458674815097 0.2559863845385446
269 927 144 766 1437 1323 705 1355 1437 1000 766 859 1972 1437|0.05 0.0783470452560886 -0.4314770985461447 0.016786618388413554
1305 1875 1768 1000 921 1726 1875 187 1210 352 1305 1398 1106 1667|0.05 0.0030502187071679288 -0.08432893638672279 -0.09474056002512943
204 1086 1086 756 701 756 1024 533 109 579 579 1086 1094 649|0.05 0.07060070912082494 0.005977715687037755 -0.10966811509938279
155 1079 291 1427 761 827 1550 1079 827 1461 1550 926 1378 914|0.05 0.020105514532413604 -0.2700300203004147 -0.06021660406807072
1427 1079 761 155 291 1550 827 1079 1550 1461 827 1561 1182 1714|0.05 0.10596649666609448 -0.09681583037279062 -0.47357378142411477
1086 1086 204 1314 1417 1920 1417 1875 2037 2037 382 1201 2051 2796|0.05 -0.055861290035014166 0.5432226298276199 0.0204350943508258
1000 187 921 1305 1768 1305 1210 1875 1875 352 1726 1000 2574 1398|0.05 -0.0351230924202961 -0.06480077236681536 -0.09597407849046058
921 187 1000 1768 1305 1210 1305 1875 1726 352 1875 1106 1398 1667|0.05 0.007216054215024581 -0.08968170326776548 -0.05608060862826725
1437 1355 766 144 269 1437 766 927 1323 1000 705 1972 859 1437|0.05 0.08597084179366332 0.04483375862586625 -0.4693359834264976
1000 921 187 1305 1768 1305 1210 1875 1875 1726 352 1000 2574 1398|0.05 -0.057027484192565536 0.4808914504342021 -0.04763855510783066
144 927 269 1437 766 705 1323 1355 766 1000 1437 1095 1071 766|0.05 0.019808544995087995 -0.26948042202970646 -0.05872245994581471
188 921 1000 943 696 645 696 533 100 491 533 1106 1373 762|0.05 -0.08923754592020994 0.06298733133090595 0.0823224658562971
1768 1875 1305 921 1000 1875 1726 187 1305 352 1210 2574 1000 1398|0.05 -0.03184420322821624 -0.08686216607987629 -0.06049117507577528
291 1079 155 761 1427 1550 827 1079 1550 1461 827 1182 1561 1714|0.05 0.08002238501822134 -0.4630439147673038 -0.004538381062246799
1417 1875 1314 204 1086 2037 382 1086 1920 2037 1417 2051 1201 2796|0.05 -0.08929339014934312 0.04985465954355339 0.25752385012499435
761 1079 1427 291 155 827 1550 1079 827 1461 1550 1378 926 914|0.05 0.021856662992456588 -0.06343901421332454 -0.2810248536045068
701 533 756 1086 204 109 579 1086 756 579 1024 1094 1086 649|0.05 0.04651367882907653 -0.08951022535620079 0.01611683922253082
96 1000 384 1417 1314 1314 1417 1875 2340 1875 2880 1018 1811 1397|0.05 0.003980727149426322 -0.5053556699693573 -0.1031202435959766
1323 927 705 271 2032 1651 68 1000 1323 927 705 1277 1245 2259|0.05 -0.03416491252171583 -0.013476594142298737 0.6627949164542013
3691 7500 3691 2604 2604 4883 4883 250 3422 6094 3422 4596 2652 4715|0.05 0.205279489685668 -0.051049152289938116 0.004171302175572933
1781 1000 73 761 1427 1427 761 1079 2192 1079 292 1063 1561 2437|0.05 -0.02706045376254962 2.7945593765906174 -0.12033216358594889
1417 1875 1314 96 384 2880 2340 1000 1417 1875 1314 2051 1018 1765|0.05 0.05983396014829223 -0.11890728287843322 -2.106502959099582
384 1000 96 1314 1417 1417 1314 1875 2880 1875 2340 1018 2051 1765|0.05 0.07277186697341786 -1.9602736282166866 -0.1156536074924297
1427 1079 761 73 1781 2192 292 1000 1427 1079 761 1561 1063 2437|0.05 -0.026979888720175538 -0.12053729164436144 2.798014171723533
2604 250 2604 3691 3691 3422 3422 7500 4883 6094 4883 2652 4596 4715|0.05 0.5635402688945534 -0.06778059480035958 0.04999952704592081
1314 1875 1417 384 96 2340 2880 1000 1314 1875 1417 1811 1018 1397|0.05 -0.014541097188180974 -0.10873194265711317 -0.47056265064449265
2032 1000 271 705 1323 1323 705 927 1651 927 68 1245 1277 2259|0.05 -0.007555611299125964 0.7405417416567506 0.020693318960234297
761 1079 1427 1781 73 292 2192 1000 761 1079 1427 1378 1063 775|0.05 -0.01413968199010629 -0.039835627151888486 0.007791213423034016
73 1000 1781 1427 761 761 1427 1079 292 1079 2192 1063 1378 775|0.05 -0.07271247751765686 0.08701587366221064 0.015404513816577037
1732 816 2309 816 493 752 816 188 1046 153 1155 2449 976 1251|0.05 0.039850088652584326 -0.01586661753360752 -0.06469250232290613
921 187 1000 2828 2121 1282 1414 1225 604 230 1000 1106 2345 2074|0.05 -0.04197652292106113 0.059923032661444164 -0.06218184291970519
707 2000 707 133 162 866 707 906 427 1500 651 1581 916 500|0.05 0 0 0
133 906 162 707 707 651 427 2000 707 1500 866 1009 1581 707|0.05 0 0 0
816 188 493 1732 2309 1155 1046 816 816 153 752 577 1915 1826|0.05 -0.017298958685126875 0.03048261912943495 -0.08184950542197478
2828 1225 2121 921 1000 1000 604 187 1414 230 1282 3000 1000 2236|0.05 -0.01077809879841185 -0.07290442982288092 0.021965310396132587
179 1103 146 718 472 780 780 1655 956 2207 780 1113 1196 932|0.05 0 0 0
718 1655 472 179 146 780 956 1103 780 2207 780 1618 1011 863|0.05 0 0 0
3000 1000 3000 566 566 693 693 200 2600 200 2600 3162 721 2661|0.05 -0.013826340181330998 -0.09458470950671094 0.016477956965812446
566 200 566 3000 3000 2600 2600 1000 693 200 693 721 3162 2661|0.05 -0.021873909698305605 0.029090164848619704 -0.09555424712343608
3000 1000 3000 693 693 566 566 200 2600 200 2600 3162 825 3053|0.05 -0.033144332975859614 -0.0990682711461921 0.04671483392153064
693 200 693 3000 3000 2600 2600 1000 566 200 566 825 3162 3053|0.05 0.0016343966495102613 -0.006199982436904117 -0.09095616665755313
77 1000 77 218 266 266 218 1154 385 1154 385 1003 1174 317|0.05 0.06589138586937215 -0.3990430662017108 -0.13307943583726556
266 1154 218 77 77 385 385 1000 266 1154 218 1174 1003 317|0.05 0.02403732733931907 -0.009723232128445725 -0.24802696515780265
77 1000 77 266 218 218 266 1154 385 1154 385 1003 1023 277|0.05 0.04576067733757405 -0.309238556980187 -0.08206033162872717
218 1154 266 77 77 385 385 1000 218 1154 266 1023 1003 277|0.05 0.04238657436117732 -0.03468505294792368 -0.2675542250793139
483 906 906 513 273 513 961 1096 357 1011 669 1282 955 382|0.05 0.034825253043690996 -0.025926823629093265 -0.10843493507782576
250 913 468 611 326 441 827 923 468 827 877 1143 1170 642|0.05 0.04509183727953614 -0.10943086261811397 -0.07803554234463772
366 1000 366 1006 1605 1903 1434 1690 1690 1690 1690 1065 2556 2128|0.05 0 0 0
1006 1690 1605 366 366 1690 1690 1000 1434 1690 1903 659 1065 1721|0.05 0 0 0
366 1000 366 1903 1434 1006 1605 1690 1690 1690 1690 1065 1216 1158|0.05 0 0 0
1903 1690 1434 366 366 1690 1690 1000 1605 1690 1006 2753 1065 1705|0.05 0 0 0
1000 1000 1000 595 848 1126 950 217 592 217 592 1414 685 719|0.05 0 0 0
1126 217 950 1000 1000 592 592 1000 848 217 595 1009 1414 1629|0.05 0 0 0
1000 1000 1000 1126 950 595 848 217 592 217 592 1414 1259 1512|0.05 0 0 0
595 217 848 1000 1000 592 592 1000 950 217 1126 1018 1414 390|0.05 0 0 0
3000 1000 3000 693 693 693 693 200 2200 200 2200 3162 825 2661|0.05 -0.014014501123355005 -0.06946815804277362 0.017097636766760793
693 200 693 3000 3000 2200 2200 1000 693 200 693 825 3162 2661|0.05 0.030950954323498703 -0.04083562853724243 -0.07518051012407545
3000 1000 3000 693 693 693 693 200 2200 200 2200 3162 825 2661|0.05 0.042574925606209124 -0.0475040345321176 -0.06516789599268269
693 200 693 3000 3000 2200 2200 1000 693 200 693 825 3162 2661|0.05 0.007856599080930948 -0.015357704270944073 -0.07442040475105105
91 1000 91 315 315 315 315 1364 455 1364 455 1004 1209 375|0.05 0.016556656339417053 -0.08495882368525942 0.02158105703448543
315 1364 315 91 91 455 455 1000 315 1364 315 1209 1004 375|0.05 0.025624311399801147 0.020342520456888558 -0.17068674879918033
91 1000 91 315 315 315 315 1364 455 1364 455 1004 1209 375|0.05 0.006481854156741296 -0.021861003210771335 0.003996731594237968
315 1364 315 91 91 455 455 1000 315 1364 315 1209 1004 375|0.05 0.02685597202314538 -0.03349253854357914 -0.11536876457815204
2828 1000 2828 1000 921 921 1000 187 1414 187 1414 3000 1106 2202|0.05 0.012983413368019558 -0.02148953563002598 -0.020224706650505686
921 187 1000 2828 2828 1414 1414 1000 921 187 1000 1106 3000 2202|0.05 -0.04907069459383684 0.07627389250889349 -0.059915864626224336
707 2000 707 133 133 707 707 1000 651 2000 651 1581 1009 707|0.05 0 0 0
133 1000 133 707 707 651 651 2000 707 2000 707 1009 1581 707|0.05 0 0 0
1000 187 921 2828 2828 1414 1414 1000 1000 187 921 1000 3000 2236|0.05 0.007150795907930885 -0.004938718292009092 -0.0332637678824399
2828 1000 2828 921 1000 1000 921 187 1414 187 1414 3000 1000 2236|0.05 0.03151065382483553 -0.01714635995656799 -0.04798284327680369
133 1000 133 651 651 707 707 2000 707 2000 707 1009 1557 782|0.05 0 0 0
651 2000 651 133 133 707 707 1000 707 2000 707 1557 1009 782|0.05 0 0 0
533 1000 533 918 918 918 918 1000 1600 1000 1600 1133 1357 1302|0.05 0 0 0
918 1000 918 533 533 1600 1600 1000 918 1000 918 1357 1133 1302|0.05 0 0 0
533 1000 533 918 918 918 918 1000 1600 1000 1600 1133 1357 1302|0.05 0 0 0
918 1000 918 533 533 1600 1600 1000 918 1000 918 1357 1133 1302|0.05 0 0 0
1000 1000 1000 693 87 693 1299 817 817 817 817 1414 1052 825|0.05 0.012490124372308564 -0.08237297498749685 -0.054214909203017525
1000 1000 1000 87 693 1299 693 817 817 817 817 1414 825 1090|0.05 0 0 0
693 817 87 1000 1000 817 817 1000 1299 817 693 825 1414 1090|0.05 0 0 0
87 817 693 1000 1000 817 817 1000 693 817 1299 1052 1414 825|0.05 -0.057768207374577774 0.07887633919457349 0.0040639394326213996
106 1224 848 1000 1000 1224 1224 1000 848 1224 1590 1009 1731 1288|0.05 -0.05070118991984618 0.06058801537997871 -0.0420907313065344
1000 1000 1000 106 848 1590 848 1224 1224 1224 1224 1002 1288 1848|0.05 0 0 0
848 1224 106 1000 1000 1224 1224 1000 1590 1224 848 1288 1002 1848|0.05 0 0 0
1000 1000 1000 848 106 848 1590 1224 1224 1224 1224 1731 1009 1288|0.05 -0.05903056496234682 -0.011635310492522644 0.06654280647256927
1102 1000 245 1000 1000 1000 1000 1000 2693 1000 1836 1127 1731 1992|0.05 0.08620103546612468 -0.5602373830478735 -0.03418028865702194
1000 1000 1000 245 1836 2693 1102 1000 1000 1000 1000 1731 1204 2438|0.05 0 0 0
1000 1000 1000 1102 245 1836 2693 1000 1000 1000 1000 1002 1127 1204|0.05 -0.015303690750854138 0.006978606063827719 -0.023071749308100076
245 1000 1102 1000 1000 1000 1000 1000 1836 1000 2693 1127 1002 1204|0.05 -0.033364584507921125 0.023486980210005726 0.01279152594948707
1000 1000 1000 245 1102 2693 1836 1000 1000 1000 1000 1731 1127 1992|0.05 -0.0032193649694811644 0.02410685256930556 -0.3470568155230924
1836 1000 245 1000 1000 1000 1000 1000 2693 1000 1102 1204 1731 2438|0.05 0 0 0
245 1000 1836 1000 1000 1000 1000 1000 1102 1000 2693 1204 1002 1127|0.05 -0.0027719219228727887 -0.02472197755165273 -0.003321539780780647
1000 1000 1000 1836 245 1102 2693 1000 1000 1000 1000 1002 1204 1127|0.05 -0.08741334817561008 0.09081745459581292 0.11514121439583525
483 906 906 513 273 513 961 866 539 669 1011 1282 1194 705|0.05 -0.00673535575754558 -0.03719743983610191 -0.0333852658592082
316 1154 592 1167 622 558 1046 772 592 1046 1109 898 1479 641|0.05 0.014560125606666308 -0.012775475227074784 -0.04488055311910655
1052 533 943 1768 354 1014 1768 1000 1052 533 943 1083 1275 1210|0.05 -0.07589991849127675 0.09720626281122913 0.03615025077941203
354 1000 1768 943 1052 1052 943 533 1014 533 1768 1275 1083 1210|0.05 -0.04808532355034645 0.048556580981748976 -0.0028542474900050685
507 896 951 336 963 1680 1680 1000 507 896 951 1306 1151 1370|0.05 0 0 0
336 1000 963 507 951 951 507 896 1680 896 1680 1151 1030 1212|0.05 0 0 0
951 896 507 963 336 1680 1680 1000 951 896 507 1030 1151 1212|0.05 0 0 0
963 1000 336 951 507 507 951 896 1680 896 1680 1151 1306 1370|0.05 0 0 0
250 1000 250 1021 1604 1604 1021 1875 1875 1875 1875 1031 2490 1744|0.05 0.08169551036373068 -0.45266692978981116 -0.02864369104321307
1836 1571 979 245 1836 1836 245 1000 1836 1571 979 2438 1204 2596|0.05 -0.03538735827745887 -0.13601478218114305 0.7715492826247861
1169 1000 156 623 1169 1169 623 637 1169 637 156 1087 674 1653|0.05 0.01927615161182672 0.981305521912017 -0.06187660991240018
1021 1875 1604 250 250 1875 1875 1000 1021 1875 1604 1081 1031 1230|0.05 0.030216413162809097 0.0797763417361752 -0.07605608346331949
250 1000 250 1604 1021 1021 1604 1875 1875 1875 1875 1031 1081 1230|0.05 0.006800555911694595 -0.027681634517663367 0.040902909886813
1169 637 623 156 1169 1169 156 1000 1169 637 623 674 1087 1653|0.05 -0.010866430275972006 -0.1287451772446413 0.8686608761858272
1604 1875 1021 250 250 1875 1875 1000 1604 1875 1021 2490 1031 1744|0.05 0.0731759156785472 -0.07201543743172056 -0.5371512096291786
1836 1000 245 979 1836 1836 979 1571 1836 1571 245 1204 2438 2596|0.05 -0.04807594784012159 0.4367174135269103 0.03055480875818084
368 333 368 189 189 101 101 733 319 191 319 685 877 439|0.05 0 0 0
189 733 189 368 368 319 319 333 101 191 101 877 685 439|0.05 0 0 0
273 866 513 906 483 539 1011 906 513 669 961 1194 1282 705|0.05 0.0095610992489914 -0.027548052531961575 -0.05050121494521331
622 772 1167 592 316 592 1109 1154 558 1046 1046 1479 898 641|0.05 0.08392898934063808 -0.1162508930327033 -0.1474952676257557
1241 1875 1607 963 336 2521 3697 1000 1241 1875 1607 1491 1151 1545|0.05 0 0 0
336 1000 963 1607 1241 1241 1607 1875 2521 1875 3697 1151 1491 1545|0.05 0 0 0
271 1000 2032 1511 806 806 1511 1295 777 1295 2980 1245 1202 927|0.05 -0.06342134483818263 0.08094263701075244 0.053442499123381726
806 1295 1511 2032 271 777 2980 1000 806 1295 1511 1202 1245 927|0.05 -0.04527231848684865 0.006926044658113195 0.02689205547226292
1000 1000 1000 693 87 71 566 817 950 738 600 1414 1052 1002|0.05 -0.04721851969013202 -0.040523115718547054 0.06789544695129601
693 817 87 1000 1000 600 950 1000 566 738 71 825 1414 1149|0.05 -0.012828368326882611 0.7437425436762846 0.040696086386364794
1000 1000 1000 71 566 693 87 738 600 817 950 1414 721 825|0.05 0.007903183510737932 -0.045016056440798646 1.02375745666746
71 738 566 1000 1000 950 600 1000 87 817 693 1051 1414 953|0.05 -0.12610421527108784 0.13404809966444775 0.009708998203479258
106 1224 848 734 1163 1224 1224 904 87 1224 692 1009 1164 1166|0.05 0.01029887841239363 0.014396532752452007 -0.11218244991713977
734 904 1163 106 848 692 87 1224 1224 1224 1224 1473 1288 1009|0.05 -0.02880134072854923 -0.004947836421814733 0.8834702206707545
766 1355 96 1287 813 1355 1355 1107 938 1355 117 1424 1289 1556|0.05 -0.03474437054881485 0.8021148800343725 0.0035238429660289228
1287 1107 813 766 96 117 938 1355 1355 1355 1355 1630 977 1358|0.05 -0.05390949187658367 -0.06416271459551703 0.0777883858565609
1000 1000 1000 87 693 566 71 817 600 738 950 1414 825 1149|0.05 -0.00886976059642608 -0.02212074867998237 0.9375120185834929
87 817 693 1000 1000 950 600 1000 71 738 566 1052 1414 1002|0.05 -0.09435050794678324 0.10875983422191426 0.03699149912774535
1000 1000 1000 566 71 87 693 738 950 817 600 1414 1051 953|0.05 -0.09031629805603236 -0.035667521869010566 0.10027052512904033
566 738 71 1000 1000 600 950 1000 693 817 87 721 1414 825|0.05 -0.004409114169444672 0.9763755949505426 -0.021368363492412223
848 1224 106 1163 734 1224 1224 904 692 1224 87 1288 1473 1009|0.05 -0.01907667933641166 0.930381989502238 -0.016171889023257613
1163 904 734 848 106 87 692 1224 1224 1224 1224 1164 1009 1166|0.05 -0.08810461051906748 0.0296438694096679 0.10794756072957101
96 1355 766 813 1287 1355 1355 1107 117 1355 938 977 1630 1358|0.05 -0.0976969504530012 0.11394853828729623 0.015915849013654615
813 1107 1287 96 766 938 117 1355 1355 1355 1355 1289 1424 1556|0.05 -0.00280821601723491 -0.008109718222193418 0.9099499451792448
1000 1000 1000 566 71 566 1061 738 1116 738 1116 1414 1051 1149|0.05 -0.004257145611901159 -0.04230013430359336 -0.01809228756343373
1000 1000 1000 71 566 1061 566 1116 738 1116 738 1414 1149 791|0.05 0 0 0
566 738 71 1000 1000 1116 1116 1000 1061 738 566 721 1414 1458|0.05 0 0 0
71 1116 566 1000 1000 738 738 1000 566 1116 1061 1002 1414 721|0.05 0.008399241682044423 -0.0644872262481122 -0.03182657686839341
96 1355 766 1511 1511 1355 1355 1000 766 1355 1437 977 1916 1358|0.05 -0.023999296181421714 0.029329216231126498 -0.03809836144959111
507 896 63 662 662 896 896 1000 951 896 507 898 1127 1305|0.05 0 0 0
1511 1000 1511 96 766 1437 766 1355 1355 1355 1355 1703 1424 1556|0.05 0 0 0
662 1000 662 507 63 507 951 896 896 896 896 1267 1030 942|0.05 -0.02809970677128404 -0.024040592531963112 0.02719477384293567
1000 1000 1000 71 566 1061 566 738 1116 738 1116 1414 721 1458|0.05 0 0 0
566 1116 71 1000 1000 738 738 1000 1061 1116 566 1149 1414 791|0.05 0 0 0
71 738 566 1000 1000 1116 1116 1000 566 738 1061 1051 1414 1149|0.05 -0.07790771920609063 0.09419083654183646 0.04060876181784412
1000 1000 1000 566 71 566 1061 1116 738 1116 738 1414 1002 721|0.05 -0.036639010405543626 -0.029672086145723364 0.04506004882270709
766 1355 96 1511 1511 1355 1355 1000 1437 1355 766 1424 1703 1556|0.05 0 0 0
662 1000 662 63 507 951 507 896 896 896 896 1127 898 1305|0.05 0 0 0
1511 1000 1511 766 96 766 1437 1355 1355 1355 1355 1916 977 1358|0.05 0.01981209092239089 -0.0897631698066137 -0.06637577930893923
63 896 507 662 662 896 896 1000 507 896 951 1030 1267 942|0.05 -0.028193324337036918 0.012778149259460303 -0.05512314674848473
1163 904 734 1000 1000 1366 1366 1000 3182 904 2754 1164 1731 2462|0.05 0 0 0
1000 1000 1000 1163 734 2754 3182 904 1366 904 1366 1002 1473 2050|0.05 0.03836571661386179 -0.049768707538254686 -0.14957472668692628
813 1107 1287 1511 1511 1107 1107 1000 3048 1107 3522 1289 1703 1821|0.05 -0.03448598776574219 0.040066842229429245 0.08027625053681042
1511 1000 1511 813 1287 3522 3048 1107 1107 1107 1107 1916 1630 2269|0.05 0 0 0
429 365 314 314 284 284 314 865 429 231 314 644 1040 544|0.05 0.014708036627959498 -0.023885169005353202 -0.05186109248104587
314 865 284 429 314 314 429 365 314 231 284 911 774 544|0.05 -0.006365086174231482 -0.0755756941036212 0.020167019784178564
734 904 1163 1000 1000 1366 1366 1000 2754 904 3182 1473 1002 2050|0.05 0.002939560391963525 -0.05468080462125324 -0.06264065428180476
1000 1000 1000 734 1163 3182 2754 904 1366 904 1366 1731 1164 2462|0.05 0 0 0
1287 1107 813 1511 1511 1107 1107 1000 3522 1107 3048 1630 1916 2269|0.05 0 0 0
1511 1000 1511 1287 813 3048 3522 1107 1107 1107 1107 1703 1289 1821|0.05 -0.011445809586022593 0.005551380940820305 -0.029545754660535994
284 865 314 314 429 429 314 365 284 231 314 1040 644 544|0.05 -0.012289584791667085 -0.0748891004126706 0.021982017407431442
314 365 429 284 314 314 284 865 314 231 429 774 911 544|0.05 0.026292499528728364 -0.0512941412040302 -0.04440179168152869
979 1571 1836 1590 848 848 1590 1224 1958 2106 3672 1058 1334 1624|0.05 -0.06504854550193007 0.07414774012958869 0.08532189719449912
540 1340 1012 1169 623 1247 2337 637 540 779 1012 797 1552 1034|0.05 -0.07047471201300448 0.03427125833968869 0.07594580468593293
573 333 573 433 354 189 231 750 497 200 428 814 1061 699|0.05 0 0 0
433 750 354 573 573 428 497 333 231 200 189 829 814 772|0.05 0 0 0
536 748 1006 711 379 379 711 1153 1073 670 2011 1429 945 848|0.05 -0.003032203670596534 -0.02696633026832762 -0.04429906097824232
507 896 951 1344 717 1434 2689 1337 507 1542 951 1306 1032 1134|0.05 -0.018622494372811937 0.0800202002129824 -0.03577589955699456
693 200 693 1600 1600 800 800 1000 693 200 693 825 1887 1327|0.05 0 0 0
1600 1000 1600 693 693 693 693 200 800 200 800 1887 825 1327|0.05 0 0 0
693 200 693 1600 1600 800 800 1000 693 200 693 825 1887 1327|0.05 0 0 0
1600 1000 1600 693 693 693 693 200 800 200 800 1887 825 1327|0.05 0 0 0
866 2000 866 250 250 1250 1250 1000 866 2000 866 1658 1031 1031|0.05 0 0 0
250 1000 250 866 866 866 866 2000 1250 2000 1250 1031 1658 1031|0.05 0 0 0
866 2000 866 250 250 1250 1250 1000 866 2000 866 1658 1031 1031|0.05 0 0 0
250 1000 250 866 866 866 866 2000 1250 2000 1250 1031 1658 1031|0.05 0 0 0
281 1000 1403 1549 1043 1043 1549 1875 2105 1875 4210 1181 1211 1296|0.05 0 0 0
2018 1000 269 959 1797 1797 959 1484 4035 1484 1345 1242 2303 3372|0.05 0 0 0
1797 1484 959 269 2018 4035 1345 1000 1797 1484 959 2303 1242 3372|0.05 0 0 0
1043 1875 1549 1403 281 2105 4210 1000 1043 1875 1549 1211 1181 1296|0.05 0 0 0
959 1484 1797 2018 269 1345 4035 1000 959 1484 1797 1161 1242 1132|0.05 -0.06927771567838192 0.08564550589354569 0.10297105725542988
269 1000 2018 1797 959 959 1797 1484 1345 1484 4035 1242 1161 1132|0.05 -0.06624374104988062 0.0877276292838447 0.028248590385790973
623 637 1169 1012 540 540 1012 1340 1247 779 2337 1552 797 1034|0.05 -0.06320122858273658 0.13976547671634698 0.0007482861627416959
848 1224 1590 1836 979 1958 3672 1571 848 2106 1590 1334 1058 1624|0.05 0.009354143704369822 0.006144242380075049 -0.04596927115031346
2798 1875 3041 1768 354 2652 5303 1000 2798 1875 3041 2842 1275 2961|0.05 0 0 0
354 1000 1768 3041 2798 2798 3041 1875 2652 1875 5303 1275 2842 2961|0.05 0 0 0
670 1087 357 126 948 1895 632 1000 670 1087 357 1276 1058 1499|0.05 0 0 0
126 1000 948 670 357 357 670 1087 632 1087 1895 1058 1016 456|0.05 -0.05849753445618222 0.07173167268054392 0.08537958969035087
357 1087 670 948 126 632 1895 1000 357 1087 670 1016 1058 456|0.05 -0.05926501960131558 0.0012098721444497862 0.09434472188332377
948 1000 126 357 670 670 357 1087 1895 1087 632 1058 1276 1499|0.05 0 0 0
717 1337 1344 951 507 507 951 896 1434 1542 2689 1032 1306 1134|0.05 0.06288595151796139 -0.15454394153266549 -0.07149706010736168
379 1153 711 1006 536 1073 2011 748 379 670 711 945 1429 848|0.05 0.06674098736306533 -0.05731825144718927 -0.18195295284670232
573 333 573 354 433 231 189 750 428 200 497 814 829 772|0.05 0 0 0
354 750 433 573 573 497 428 333 189 200 231 1061 814 699|0.05 0 0 0
493 188 816 1443 289 72 289 1000 493 188 816 976 1190 514|0.05 -0.01208766538910111 -0.022138842598603548 0.04787893358964013
2828 5000 2828 650 650 3464 3464 250 1709 1000 1709 3606 820 2000|0.05 0.07154288001943065 -0.09968988541385948 -0.509454164026012
650 250 650 2828 2828 1709 1709 5000 3464 1000 3464 820 3606 2000|0.05 0.07819584303624172 -0.5257146838265114 -0.10276318135034157
289 1000 1443 816 493 493 816 188 72 188 289 1190 976 514|0.05 -0.0063696417113479065 0.048771704117238635 -0.02915840655577151
4355 5333 2632 385 1540 7698 1540 1000 4355 5333 2632 5203 1262 5551|0.05 0 0 0
585 1000 146 380 2027 2027 380 1655 2925 1655 585 1042 1977 2412|0.05 0.15141321752218273 -0.3260044666060047 0.29768178900003717
1540 1000 385 2632 4355 4355 2632 5333 7698 5333 1540 1262 5203 5551|0.05 0 0 0
2027 1655 380 146 585 2925 585 1000 2027 1655 380 1977 1042 2412|0.05 0.15862782235681605 0.24667864644890125 -0.41689443102918444
2032 1000 271 176 330 330 176 975 1651 975 68 1245 977 1861|0.05 -0.03777983738275981 0.6918536079326199 -0.06332798877720203
5543 1875 5683 1540 385 9382 11547 1000 5543 1875 5683 5551 1262 5860|0.05 -0.013342356126102572 -0.11564119247133853 -0.4773495109214776
650 250 650 3691 3691 3601 3601 7500 1218 6094 1218 820 4596 3605|0.05 0.41873558063971306 0.03998141303050318 0.052232547736452695
3691 7500 3691 650 650 1218 1218 250 3601 6094 3601 4596 820 3605|0.05 0.3581011563004832 -0.0003435049529609824 -0.0017615640569668134
330 975 176 271 2032 1651 68 1000 330 975 176 977 1245 1861|0.05 -0.014840254774272088 -0.02469140138330661 0.7430987462722238
385 1000 1540 5683 5543 5543 5683 1875 9382 1875 11547 1262 5551 5860|0.05 0.03234046705847815 -0.4238383776693122 -0.06534768883629916
1540 1000 385 5543 5683 5683 5543 1875 11547 1875 9382 1262 5997 7076|0.05 0.07109704334747446 -1.8767843810556983 -0.11168759338442191
338 1025 180 69 1692 2083 278 1000 338 1025 180 1082 1057 1908|0.05 -0.026982734415308407 -0.12041016344165767 2.795489222791465
69 1000 1692 338 180 180 338 1025 278 1025 2083 1057 1001 228|0.05 -0.0030602736355422877 0.0028178164523517957 -0.049156668400966996
180 1025 338 1692 69 278 2083 1000 180 1025 338 1001 1057 228|0.05 -0.05036826780796422 0.004923238399707763 0.06423974359570206
5683 1875 5543 385 1540 11547 9382 1000 5683 1875 5543 5997 1262 7076|0.05 0.06977734954277226 -0.11163607792375907 -1.9356579494559478
1692 1000 69 180 338 338 180 1025 2083 1025 278 1057 1082 1908|0.05 -0.02730694701107539 2.788963579357071 -0.12018765115970109
146 1000 585 2390 2106 2106 2390 1875 3565 1875 4388 1042 2203 2227|0.05 0.019066462864034683 -0.34748317140123497 -0.05503953091888114
785 881 418 245 1836 1492 61 1000 785 881 418 922 1204 1831|0.05 -0.014310199622821207 -0.062035786263937576 0.845364406195841
4085 7500 4085 1709 1709 3205 3205 250 3601 6094 3601 4918 1781 3766|0.05 0.1522742177099956 -0.09524714715675842 -0.10741298688302092
1692 1000 69 475 890 890 475 1135 2083 1135 278 1057 1428 2078|0.05 -0.027216214377367987 2.791884595848617 -0.12008156074837406
2390 1875 2106 146 585 4388 3565 1000 2390 1875 2106 3007 1042 2877|0.05 0.061270739838164 -0.12574613027407144 -2.032745730478147
585 1000 146 2106 2390 2390 2106 1875 4388 1875 3565 1042 3007 2877|0.05 0.07427686875655981 -2.0243513925993395 -0.10341752544153926
890 1135 475 69 1692 2083 278 1000 890 1135 475 1428 1057 2078|0.05 -0.027191646256238267 -0.119915784620096 2.79287778695118
1709 250 1709 4085 4085 3601 3601 7500 3205 6094 3205 1781 4918 3766|0.05 0.30505134917141685 -0.07864616220600418 -0.0370601098805845
2106 1875 2390 585 146 3565 4388 1000 2106 1875 2390 2203 1042 2227|0.05 0.028869220117042627 -0.07185161444638433 -0.4203264319515587
1836 1000 245 418 785 785 418 881 1492 881 61 1204 922 1831|0.05 -0.006853314546391154 0.8022612903405357 -0.04050455058311364
475 1135 890 1692 69 278 2083 1000 475 1135 890 1046 1057 495|0.05 -0.08924055199335146 0.06554001947177479 0.10268477106444074
69 1000 1692 890 475 475 890 1135 278 1135 2083 1057 1046 495|0.05 -0.06221045516366708 0.06976772383357366 0.03648793369382508
1414 1000 2828 1000 921 921 1000 187 1149 187 1414 2236 1106 1572|0.05 -0.03711793554805998 -0.05205095102801871 0.048843010284553845
921 187 1000 2828 1414 1149 1414 1000 921 187 1000 1106 2236 1572|0.05 -0.0033558940117373037 -0.0028094008081958055 -0.04356987970707937
707 2000 707 133 133 707 707 812 651 1000 651 1581 911 707|0.05 0.04893415655643496 0.00720848231524629 -0.19988898326237847
133 812 133 707 707 651 651 2000 707 1000 707 911 1581 707|0.05 0.013769402767123129 -0.34266762848252474 -0.10132000190060331
1000 187 921 1414 2828 1414 1149 1000 1000 187 921 1000 2236 2236|0.05 0.047068202220903466 -0.028879533583617834 -0.10473849438421001
1248 1000 1536 1086 204 204 1086 1086 1536 1086 3072 1708 1086 1399|0.05 -0.06110433729130116 0.03414800966190734 0.08590320520635908
2828 1000 1414 921 1000 1000 921 187 1414 187 1149 2236 1000 2236|0.05 0.011881318604620716 -0.10254096818316127 0.006212804761323021
204 1086 1086 1536 1248 1536 3072 1000 204 1086 1086 1086 1708 1399|0.05 0.00716090768771549 -0.010385576973287458 -0.0927322427728805
163 1231 163 801 801 870 870 1231 870 2462 870 1121 1368 962|0.05 0.013062956308289575 0.024679798116171714 0.024564467095180564
801 1231 801 163 163 870 870 1231 870 2462 870 1368 1121 962|0.05 0.03944632354829558 -0.057323629814141075 -0.3898183729013194
696 533 943 1000 188 100 533 921 730 491 1052 1373 1106 669|0.05 -0.06534734001218845 0.01904070276875558 0.06620944882782309
766 1355 1437 269 144 766 1437 1049 705 1511 1323 1071 961 766|0.05 0.018822918782219755 -0.05849770931441567 -0.2674804994114155
1768 1875 1305 187 1000 1875 352 921 1972 1726 1369 2574 1000 2577|0.05 -0.09762345422708041 0.02971461801295705 0.22911644126632602
269 1049 144 766 1437 1323 705 1355 1437 1511 766 1119 1972 1437|0.05 0.09327644424390602 -0.5145444219652251 -0.042085253424289926
1972 1875 1768 1000 921 1726 1875 187 1369 352 1305 2577 1106 1076|0.05 -0.03648973826398394 -0.09529230768995145 -0.05916716766788288
204 1086 1086 1143 793 756 1024 533 109 579 579 1086 1616 846|0.05 -0.0609650173287557 0.06235356762896549 0.004753439682079197
137 953 257 1261 673 731 1370 1441 731 1291 1370 1067 786 808|0.05 0.019562852127319452 -0.2654217169663897 -0.06222916366527054
1261 1441 673 137 257 1370 731 953 1370 1291 731 2038 917 1515|0.05 0.09065212075882512 -0.15285840078033575 -0.552433501825329
1086 1086 204 1487 2142 1920 1417 1875 2037 2037 382 1201 3031 2206|0.05 0.026001333444629626 0.4841246457558257 0.0265901682759484
1000 187 921 1972 1768 1305 1369 1875 1875 352 1726 1000 2031 1398|0.05 0.029772588298695446 -0.14273333335906524 -0.10305990990087666
204 1086 1086 1152 240 384 1920 656 249 1086 1330 1086 1194 435|0.05 -0.055459817438889836 0.04306530063372449 0.05995539238653036
366 1523 1755 2027 380 310 1655 1655 585 1655 2925 1138 1170 480|0.05 -0.08521339019854746 0.10111432164455092 0.05543624833972416
2032 1000 271 144 269 330 176 1049 1841 975 169 1245 1119 1861|0.05 -0.031585708874722895 0.48647927808199043 0.09593545875324683
7300 1875 6960 1886 1179 12816 14142 1225 6789 2296 6960 7792 1546 7776|0.05 0.042287110322003496 -0.05466005127079954 -0.4030676200395822
144 1049 269 2032 271 169 1841 1000 176 975 330 961 1245 222|0.05 -0.06676345805130879 0.02847972606008886 0.08401939195120667
271 1000 2032 330 176 144 269 975 169 1049 1841 1245 1055 307|0.05 -0.06296426558923263 0.07819718282794819 -0.0033439945803392934
330 975 176 271 2032 1841 169 1000 269 1049 144 977 1245 2050|0.05 -0.021149538366741494 -0.1583993577861187 0.7691985935385803
962 816 1540 5683 5543 5961 5683 1875 10464 1531 11547 1743 5551 6789|0.05 0.009355018844909857 -0.2856737170397461 -0.030832203342124886
1886 1225 1179 7300 6960 6960 6789 1875 14142 2296 12816 2134 6692 8667|0.05 0.0681499206563263 -0.7273310211751338 -0.074360821978523
257 953 137 161 1756 1937 258 930 315 953 168 917 1065 1954|0.05 4.087564106525221e-05 -0.08080926253094978 1.374813281707501
161 930 1756 257 137 168 315 953 258 953 1937 1139 1067 292|0.05 -0.08693398429054922 0.08842065206196903 0.05129392045415404
180 1025 338 1888 174 278 2083 1075 147 1025 276 1001 1145 228|0.05 -0.013146176933471754 -0.04197860633720296 0.0330963943387963
5683 1875 5543 962 1540 11547 10464 816 5683 1531 5961 5997 1262 7076|0.05 0.03136388284526781 -0.0698897713939628 -0.7146960115714873
1888 1075 174 180 338 276 147 1025 2083 1025 278 1225 1082 1908|0.05 0.007918170830105709 1.2672162839123335 -0.07708142032083587
240 656 1152 2142 1487 1383 1569 1875 2610 1231 4320 1194 1169 1584|0.05 0 0 0
1756 930 161 673 1261 828 442 1441 2906 1055 775 1065 2038 2099|0.05 -0.03995617554439779 0.7270048553749198 0.06096053832192139
2142 1875 1487 240 1152 4320 2610 656 1569 1231 1383 3031 747 2581|0.05 0 0 0
1755 1523 366 2106 2390 3264 2265 1875 6581 2856 3976 1819 3007 4899|0.05 0 0 0
890 1135 475 174 1888 3125 833 1075 1356 1549 723 1428 1225 3055|0.05 -0.023557188662560735 0.1772617054307335 0.3755791339239889
2106 1875 2390 1755 366 3976 6581 1523 2265 2856 3264 2203 1138 2580|0.05 0 0 0
673 1441 1261 1756 161 775 2906 930 442 1055 828 786 1139 502|0.05 -0.06670011546734189 0.032720146071494316 0.08589912384890264
174 1075 1888 890 475 723 1356 1135 833 1549 3125 1145 1046 864|0.05 -0.07654823012447576 0.08869638051825612 0.06960688726971975
2121 1225 2828 1000 921 604 1000 187 1282 230 1414 2345 1106 2074|0.05 -0.047212806636639515 -0.0692086107681067 0.06913412991504275
493 188 816 2309 1732 1046 1155 816 752 153 816 976 2449 1251|0.05 -0.009997594794277642 0.015846956040426186 -0.04680262378997879
707 2000 707 162 133 707 866 906 651 1500 427 1581 1009 707|0.05 0 0 0
162 906 133 707 707 427 651 2000 866 1500 707 916 1581 500|0.05 0 0 0
1000 187 921 2121 2828 1414 1282 1225 1000 230 604 1000 3000 2236|0.05 0.049115230146523636 -0.05585750029734715 -0.0501046206414546
2309 816 1732 493 816 816 752 188 1155 153 1046 1915 577 1826|0.05 0.10043513589162334 -0.024644227984675915 -0.12058654635100918
146 1103 179 472 718 780 780 1655 780 2207 956 1011 1618 863|0.05 0 0 0
472 1655 718 146 179 956 780 1103 780 2207 780 1196 1113 932|0.05 0 0 0
906 1000 906 1000 1000 1000 1000 1000 2719 1000 2719 1350 1282 1861|0.05 0 0 0
1000 1000 1000 906 906 2719 2719 1000 1000 1000 1000 1535 1350 1861|0.05 0 0 0
906 1000 906 1000 1000 1000 1000 1000 2719 1000 2719 1350 1535 1861|0.05 0 0 0
1000 1000 1000 906 906 2719 2719 1000 1000 1000 1000 1282 1350 1861|0.05 0 0 0
333 1000 333 368 368 368 368 1000 1000 1000 1000 1054 1066 685|0.05 0 0 0
368 1000 368 333 333 1000 1000 1000 368 1000 368 1066 1054 685|0.05 0 0 0
333 1000 333 368 368 368 368 1000 1000 1000 1000 1054 1066 685|0.05 0 0 0
368 1000 368 333 333 1000 1000 1000 368 1000 368 1066 1054 685|0.05 0 0 0
696 533 943 943 177 94 503 1260 701 672 1040 1373 1016 702|0.05 0.07005447938887022 -0.11058841301840538 0.010277193379848448
766 1355 1437 254 135 722 1355 1007 965 1495 1810 1071 1009 1053|0.05 0.019079255863685418 -0.06034185854364327 -0.26787765757199655
1768 1875 1305 177 943 1768 331 1260 1951 2362 1314 2574 1374 2500|0.05 0.0045235783984831635 -0.057538755376975725 0.6811666232470315
254 1007 135 766 1437 1810 965 1355 1355 1495 722 1032 1972 1975|0.05 0.10874243026288477 -0.4953803005049151 -0.04420318897436659
2069 1875 1875 1061 1336 2505 1989 188 1394 352 1384 2652 1077 1618|0.05 -0.02075192399811354 -0.07308055413675296 -0.06341917193497859
140 794 748 826 556 553 748 533 75 423 399 1091 1281 570|0.05 -0.021704775724197267 0.054777744176928156 -0.04149289866826389
135 993 252 1797 959 761 1427 1484 717 1345 1345 1025 1161 773|0.05 0.018283889659562735 -0.26523557634380523 -0.0596525801533887
1797 1484 959 135 252 1345 717 993 1427 1345 761 2303 1002 1449|0.05 0.08670336821981373 -0.075212123601065 -0.46397931410945836
748 794 140 1043 1549 1403 1036 1875 1403 1488 263 806 2402 1590|0.05 -0.10056603159112276 0.20635716803279358 0.056165784777151284
1061 188 1336 2069 1875 1384 1394 1875 1989 352 2505 1458 2125 1482|0.05 0.010889689796576008 -0.09115053566614684 -0.062383796750627996
354 1000 1768 943 177 177 943 1260 354 1260 1768 1275 1016 395|0.05 -0.06564750122193819 0.07299518208203848 0.04086602668208261
177 1260 943 1768 354 354 1768 1000 177 1260 943 1016 1275 395|0.05 -0.0888943611729931 0.07667622984486311 0.08178912194504617
140 794 748 1403 281 281 1403 1000 140 794 748 1091 1181 314|0.05 -0.006863696775595285 -0.02025969169214159 4.494090217743718e-06
281 1000 1403 748 140 140 748 794 281 794 1403 1181 1091 314|0.05 -0.10449162148456259 0.09185789557307533 0.09277699761905511
2032 1000 271 135 254 254 135 1007 2032 1007 271 1245 1032 2048|0.05 -0.0027943257482521133 0.9271245021000674 -0.09521108936367595
7434 1875 7382 2000 2000 15000 15000 1000 7434 1875 7382 7617 2236 9234|0.05 -0.011013946384123008 -0.009510355523807412 -0.2024499097693755
254 1007 135 271 2032 2032 271 1000 254 1007 135 1032 1245 2048|0.05 -0.044879855659220036 -0.15757393774633477 0.7081170057944797
2000 1000 2000 7382 7434 7434 7382 1875 15000 1875 15000 2236 7617 9234|0.05 0.03039602321991408 -0.003685226964837973 0.08334213140539726
2000 1000 2000 7434 7382 7382 7434 1875 15000 1875 15000 2236 7450 9192|0.05 -0.02401638882364665 -0.29635272827843284 -0.0994116992751215
252 993 135 269 2018 2018 269 1000 252 993 135 1002 1242 2033|0.05 -0.023235326695669745 -0.04070760845733212 0.7736102970412073
7382 1875 7434 2000 2000 15000 15000 1000 7382 1875 7434 7450 2236 9192|0.05 0.010759912656921333 -0.07478440764522198 -0.4846737194163875
2018 1000 269 135 252 252 135 993 2018 993 269 1242 1002 2033|0.05 -0.03509466291205521 0.4891097803239064 0.09769620627241071
1336 188 1061 1875 2069 1394 1384 1875 2505 352 1989 1077 2652 1618|0.05 0.009721832144300446 -0.1058759910700302 -0.0886092956007678
1437 1355 766 135 254 1355 722 1007 1810 1495 965 1972 1032 1975|0.05 0.09037206947160703 -0.08735573623226744 -0.41351509017711785
943 1260 177 1305 1768 1951 1314 1875 1768 2362 331 1374 2574 2500|0.05 -0.05642387943479377 0.06045838899530587 0.1385604475205371
135 1007 254 1437 766 965 1810 1355 722 1495 1355 1009 1071 1053|0.05 0.020780505758628554 -0.2749661525887803 -0.06196604364254732
177 1260 943 943 696 701 1040 533 94 672 503 1016 1373 702|0.05 0.08206345641371682 0.010704255971389909 -0.12983169375120118
1875 1875 2069 1336 1061 1989 2505 188 1384 352 1394 2125 1458 1482|0.05 -0.0023972360138047044 -0.057226003126327196 -0.06753418456998839
252 993 135 959 1797 1427 761 1484 1345 1345 717 1002 2303 1449|0.05 0.09827436381909971 -0.4594485991995234 -0.06594514659451489
1549 1875 1043 140 748 1403 263 794 1403 1488 1036 2402 806 1590|0.05 -0.05763340654533433 -0.03913812682317275 0.45721476577798015
959 1484 1797 252 135 717 1345 993 761 1345 1427 1161 1025 773|0.05 0.021252427482663094 -0.06293878019427157 -0.2778143555842727
556 533 826 748 140 75 399 794 553 423 748 1281 1091 570|0.05 0.015657788576095566 -0.06336213517023626 0.04391269101225337
3000 1000 3000 1061 1336 1336 1061 188 1500 188 1500 3162 1077 2507|0.05 0.001516963593357623 -0.049701939047258614 0.006864203244587586
1336 188 1061 3000 3000 1500 1500 1000 1336 188 1061 1077 3162 2507|0.05 0.048052486311724874 -0.05417293456762673 -0.03012896230362605
707 2000 707 125 125 667 667 1000 891 2000 891 1581 1008 972|0.05 0 0 0
125 1000 125 707 707 891 891 2000 667 2000 667 1008 1581 972|0.05 0 0 0
1061 188 1336 3000 3000 1500 1500 1000 1061 188 1336 1458 3162 2372|0.05 0.018580055948524965 -0.023362794334900183 -0.019230951798793194
3000 1000 3000 1336 1061 1061 1336 188 1500 188 1500 3162 1458 2372|0.05 0.023916195737012647 0.005373165688735693 -0.036746283727787654
125 1000 125 891 891 707 707 2000 667 2000 667 1008 1671 718|0.05 0 0 0
891 2000 891 125 125 667 667 1000 707 2000 707 1671 1008 718|0.05 0 0 0
354 1000 354 125 125 625 625 1000 354 1000 354 1061 1008 451|0.05 0.05320824643487043 -0.08438101537272757 -0.33072328798044115
125 1000 125 354 354 354 354 1000 625 1000 625 1008 1061 451|0.05 0.05685905956055448 -0.381798010008334 -0.11273302677882735
354 1000 354 125 125 625 625 1000 354 1000 354 1061 1008 451|0.05 0.033474860875479795 -0.07424648248486432 -0.3114398539833896
125 1000 125 354 354 354 354 1000 625 1000 625 1008 1061 451|0.05 0.04253825813079315 -0.2771373582573877 -0.10006508522027335
125 1000 125 461 989 989 461 1875 938 1875 938 1008 1931 1047|0.05 0.0033064651558212255 -0.2594268424970303 -0.025372986955083388
4064 2144 2167 271 2032 2032 271 1000 4064 2144 2167 4185 1245 4543|0.05 -0.026012992638148047 -0.09161387455017822 0.6604218284963648
948 1000 126 1011 1895 1895 1011 466 948 466 126 1058 1113 2119|0.05 -0.06812067799458976 0.4247285789203259 -0.09639775538807238
461 1875 989 125 125 938 938 1000 461 1875 989 1101 1008 575|0.05 0.03059993894659163 -0.0886761885362386 -0.37578305136116597
125 1000 125 989 461 461 989 1875 938 1875 938 1008 1101 575|0.05 0.04186399569751309 -0.146497436473082 0.018077687598982983
1895 466 1011 126 948 948 126 1000 1895 466 1011 1113 1058 2119|0.05 0.01704462288007358 0.026417601441692806 0.6293489436124666
989 1875 461 125 125 938 938 1000 989 1875 461 1931 1008 1047|0.05 0.020598609085664688 -0.014220705021442681 -0.17621758678684984
2032 1000 271 2167 4064 4064 2167 2144 2032 2144 271 1245 4185 4543|0.05 -0.05047741123879845 0.6626718886795868 -0.14423801403273484
507 682 507 455 455 1364 1364 1000 507 682 507 969 1098 937|0.05 0.04534810359267505 -0.05361045128704611 -0.2375435298812567
455 1000 455 507 507 507 507 682 1364 682 1364 1098 969 937|0.05 0.0036894425321021274 -0.16424481420996284 0.03674489872274034
507 682 507 455 455 1364 1364 1000 507 682 507 969 1098 937|0.05 0.012703977714996206 -0.00501669649045966 -0.183261610366231
455 1000 455 507 507 507 507 682 1364 682 1364 1098 969 937|0.05 0.036328293875249607 -0.18870796523829614 -0.05868017010452031
372 333 372 500 500 733 733 1000 372 333 372 687 1118 711|0.05 0.02673059739939143 -0.037977427651244566 -0.09807841165569098
500 1000 500 372 372 372 372 333 733 333 733 1118 687 711|0.05 0.013944992336527573 -0.1079902738754801 -0.01817342968095992
372 333 372 500 500 733 733 1000 372 333 372 687 1118 711|0.05 -0.009936885977464005 -0.014044204809600114 -0.00873490290257184
500 1000 500 372 372 372 372 333 733 333 733 1118 687 711|0.05 0.02240828341328216 -0.1565467394010922 -0.014119991138763499
67 1000 67 189 189 189 189 1000 333 1000 333 1002 1018 240|0.05 0.050338838867232116 -0.3473852240447439 -0.08209839352573245
189 1000 189 67 67 333 333 1000 189 1000 189 1018 1002 240|0.05 0.046975242916784676 -0.08604125412392194 -0.2903270090839194
67 1000 67 189 189 189 189 1000 333 1000 333 1002 1018 240|0.05 0.03852822446293702 -0.31708940555361664 -0.045014986090852194
189 1000 189 67 67 333 333 1000 189 1000 189 1018 1002 240|0.05 0.03452179456513882 -0.051655280100511014 -0.29892110750819323
354 1000 1768 1000 187 187 1000 921 354 921 1768 1275 1106 400|0.05 -0.018660869094220267 0.023434347087796237 -0.00829277536566031
187 921 1000 1768 354 354 1768 1000 187 921 1000 1106 1275 400|0.05 -0.03459103515667805 0.03315064312604754 0.013688027835490058
204 1086 1086 1920 384 384 1920 1000 204 1086 1086 1086 1318 435|0.05 -0.10776436575357762 0.10234796860102424 0.08880948552151047
384 1000 1920 1086 204 204 1086 1086 384 1086 1920 1318 1086 435|0.05 0.010496311616572385 -0.027921664495881293 -0.020536309976573186
67 1104 533 1000 1000 1000 1000 1000 67 1104 533 1002 1414 1002|0.05 -0.06157297261862649 0.08556761703877092 -0.043784135445046335
1000 1000 1000 533 67 67 533 1104 1000 1104 1000 1414 1002 1002|0.05 -0.036442366913991275 0.013758191997750302 0.053895559869823195
533 1104 67 1000 1000 1000 1000 1000 533 1104 67 1133 1414 1133|0.05 0.03230860189987084 1.1181268012296264 -0.040593895072215114
1000 1000 1000 67 533 533 67 1104 1000 1104 1000 1414 1133 1133|0.05 -0.037168280649810814 -0.06759047013375263 0.7940310723259802
906 1000 906 483 60 60 483 906 906 906 906 1350 1027 908|0.05 -0.11938207985020766 0.08144976589930408 0.12061856604134169
60 906 483 906 906 906 906 1000 60 906 483 1027 1350 908|0.05 -0.06966700718102681 0.07859548701335983 -0.01774085028316774
906 1000 906 60 483 483 60 906 906 906 906 1350 908 1027|0.05 -0.06496627292845947 0.02935567373714809 0.4764523544058763
483 906 60 906 906 906 906 1000 483 906 60 908 1350 1027|0.05 -0.04501578728470457 0.6431256066971347 0.018462644926564575
2032 1000 271 144 269 269 144 1049 2032 1049 271 1245 1119 2050|0.05 0.004093410301304612 0.6276219619887469 0.03412844661328407
7300 1875 6960 1886 1886 14142 14142 1000 7300 1875 6960 7792 2134 8942|0.05 -0.00029807977467100066 -0.09627494787304625 -0.35965917457676966
269 1049 144 271 2032 2032 271 1000 269 1049 144 1119 1245 2050|0.05 -0.044052696328641394 -0.03374186671780133 0.6324763930793065
1886 1000 1886 6960 7300 7300 6960 1875 14142 1875 14142 2134 7792 8942|0.05 0.008355799004391429 -0.17355421652443637 -0.023838707592815922
1886 1000 1886 7300 6960 6960 7300 1875 14142 1875 14142 2134 6692 8667|0.05 -0.03040728135594417 -0.2554091804553138 -0.09018270282231011
257 953 137 258 1937 1937 258 1000 257 953 137 917 1225 1954|0.05 0.04554126850563778 -0.041841053669805506 1.0121263484864595
6960 1875 7300 1886 1886 14142 14142 1000 6960 1875 7300 6692 2134 8667|0.05 0.03127889030301034 0.004810933534518114 -0.1193515630942199
1937 1000 258 137 257 257 137 953 1937 953 258 1225 917 1954|0.05 -0.0007962443683684484 0.7660184391748759 0.04192940824754299
384 1000 1920 2142 1487 1487 2142 1875 2880 1875 5760 1318 1169 1821|0.05 0 0 0
1937 1000 258 673 1261 1261 673 1441 3874 1441 1291 1225 2038 3016|0.05 0 0 0
1261 1441 673 258 1937 3874 1291 1000 1261 1441 673 2038 1225 3016|0.05 0 0 0
1487 1875 2142 1920 384 2880 5760 1000 1487 1875 2142 1169 1318 1821|0.05 0 0 0
673 1441 1261 1937 258 1291 3874 1000 673 1441 1261 786 1225 887|0.05 -0.046772691649205056 0.014110896882115753 0.0645811130236229
258 1000 1937 1261 673 673 1261 1441 1291 1441 3874 1225 786 887|0.05 -0.009598358981506294 -0.015942478917446712 -0.037792667529171764
1000 1000 1000 566 71 71 566 738 1000 738 1000 1414 1051 1002|0.05 -0.1098623181231706 0.03306497851861323 0.1269901793215622
566 738 71 1000 1000 1000 1000 1000 566 738 71 721 1414 1149|0.05 -0.03721472521251212 0.7897390359211443 -0.07238840635338861
1000 1000 1000 71 566 566 71 738 1000 738 1000 1414 721 1149|0.05 -0.050979067302547865 -0.04470641653688601 0.7618247330018457
71 738 566 1000 1000 1000 1000 1000 71 738 566 1051 1414 1002|0.05 0.017285842261554052 0.00243087844546519 -0.0793378300627412
96 1355 766 1355 1355 1355 1355 1000 96 1355 766 977 1684 1358|0.05 -0.1345702287879269 0.14178472702758738 0.06277981046148629
1355 1000 1355 96 766 766 96 1355 1355 1355 1355 1684 1424 1556|0.05 -0.024390623463494965 0.003120870469346393 0.7895054523243483
766 1355 96 1355 1355 1355 1355 1000 766 1355 96 1424 1684 1556|0.05 -0.026670381162716694 0.8842811289297869 -0.011617311016698384
1355 1000 1355 766 96 96 766 1355 1355 1355 1355 1684 977 1358|0.05 -0.06379918882665647 0.008507518338167763 0.07293216966269611
1355 1000 1355 1511 1511 1511 1511 1000 4064 1000 4064 1684 1916 2791|0.05 0 0 0
1511 1000 1511 1355 1355 4064 4064 1000 1511 1000 1511 1703 1684 2791|0.05 0 0 0
1355 1000 1355 1511 1511 1511 1511 1000 4064 1000 4064 1684 1703 2791|0.05 0 0 0
1511 1000 1511 1355 1355 4064 4064 1000 1511 1000 1511 1916 1684 2791|0.05 0 0 0
483 906 906 483 258 483 906 1025 533 1000 1000 1282 1033 683|0.05 -0.05746994016108453 0.07382625155074374 0.07052756983397801
251 975 471 975 520 471 884 975 471 884 884 1083 1250 534|0.05 0.004273485674088917 -0.04563513497653049 0.010225745381695628
258 1025 483 906 483 533 1000 906 483 1000 906 1033 1282 683|0.05 0.0076392255854673685 -0.0502980250530094 -0.04887097448979749
520 975 975 471 251 471 884 975 471 884 884 1250 1083 534|0.05 -0.06171705803368566 0.04089641239596986 0.06850885332069012
1000 1000 1000 1600 200 1600 3000 1720 1720 1720 1720 1414 1020 1887|0.05 -0.020059716477274225 0.053627635214499314 -0.005674732879948907
1000 1000 1000 200 1600 3000 1600 1720 1720 1720 1720 1414 1887 3162|0.05 0 0 0
1600 1720 200 1000 1000 1720 1720 1000 3000 1720 1600 1887 1414 3162|0.05 0 0 0
200 1720 1600 1000 1000 1720 1720 1000 1600 1720 3000 1020 1414 1887|0.05 0.0198528921567509 -0.06479253837018306 -0.09085753928949725
116 581 930 1000 1000 581 581 1000 930 581 1744 1097 822 593|0.05 -0.023623848566746153 0.0008030803910674678 -0.0551925722560731
1000 1000 1000 116 930 1744 930 581 581 581 581 1823 593 1097|0.05 0 0 0
930 581 116 1000 1000 581 581 1000 1744 581 930 593 1823 1097|0.05 0 0 0
1000 1000 1000 930 116 930 1744 581 581 581 581 822 1097 593|0.05 -0.026016535761043125 -0.01860088230047352 0.000727484672220502
200 1720 1600 1000 1000 1000 1000 1000 200 1720 1600 1020 1414 1020|0.05 -0.08875430083898017 0.10285086505537056 0.06383629652764178
1000 1000 1000 1600 200 200 1600 1720 1000 1720 1000 1414 1020 1020|0.05 -0.11917724544229125 0.06046657947555323 0.12868857863509664
1600 1720 200 1000 1000 1000 1000 1000 1600 1720 200 1887 1414 1887|0.05 -0.00019794697562192098 0.8936721740685005 -0.004990065334335991
1000 1000 1000 200 1600 1600 200 1720 1000 1720 1000 1414 1887 1887|0.05 0.006912790447435313 -0.018049448327170925 1.005997413337123
581 1000 581 930 116 116 930 581 581 581 581 1157 1097 593|0.05 -0.07175410998011555 0.022093055130267825 0.08874260070392381
116 581 930 581 581 581 581 1000 116 581 930 1097 1157 593|0.05 -0.12953521799933254 0.13084007743342063 0.01530737020346562
581 1000 581 116 930 930 116 581 581 581 581 1157 593 1097|0.05 0.01919100339907054 0.013109131683206598 0.9190016028553516
930 581 116 581 581 581 581 1000 930 581 116 593 1157 1097|0.05 -0.01916870804009485 0.7696392801230889 -0.016226895186975954
1000 1000 1000 1720 1720 1720 1720 1000 3000 1000 3000 1414 1990 2441|0.05 0 0 0
1720 1000 1720 1000 1000 3000 3000 1000 1720 1000 1720 1990 1414 2441|0.05 0 0 0
1000 1000 1000 1720 1720 1720 1720 1000 3000 1000 3000 1414 1990 2441|0.05 0 0 0
1720 1000 1720 1000 1000 3000 3000 1000 1720 1000 1720 1990 1414 2441|0.05 0 0 0
581 1000 581 1000 1000 1000 1000 1000 1744 1000 1744 1157 822 1419|0.05 0 0 0
1000 1000 1000 581 581 1744 1744 1000 1000 1000 1000 1823 1157 1419|0.05 0 0 0
581 1000 581 1000 1000 1000 1000 1000 1744 1000 1744 1157 1823 1419|0.05 0 0 0
1000 1000 1000 581 581 1744 1744 1000 1000 1000 1000 822 1157 1419|0.05 0 0 0
333 533 573 573 573 306 306 333 427 178 505 1054 814 452|0.05 0.055818361967077124 -0.10074951590471226 -0.01170620602978567
573 333 573 333 573 505 427 533 306 178 306 814 629 767|0.05 0.08614498999679032 -0.0407234161967851 -0.10190936459363198
352 846 660 1135 605 605 1135 1135 1055 660 1979 1248 1165 859|0.05 0.00890437609342376 -0.12174066980722875 -0.006413356293247796
716 780 1342 780 416 1248 2339 1182 716 1342 1342 1552 933 1015|0.05 0.004721566239893615 -0.040139834194318214 -0.06408483627488248
1000 1000 1000 1104 1104 1104 1104 1000 3000 1000 3000 1414 1489 2054|0.05 0 0 0
1104 1000 1104 1000 1000 3000 3000 1000 1104 1000 1104 1489 1414 2054|0.05 0 0 0
1000 1000 1000 1104 1104 1104 1104 1000 3000 1000 3000 1414 1489 2054|0.05 0 0 0
1104 1000 1104 1000 1000 3000 3000 1000 1104 1000 1104 1489 1414 2054|0.05 0 0 0
228 1185 1053 1132 528 307 658 1132 658 1132 1974 1062 1163 383|0.05 -0.0753313899510144 0.11049662090713674 0.09133685086991639
259 955 555 888 192 555 1666 844 446 955 955 1105 1118 613|0.05 -0.037192666916523454 0.03927996445932225 0.0316819410925806
491 1120 737 1268 592 592 1268 737 1179 1268 2210 925 1466 964|0.05 0.001968030725862935 -0.05735449506859225 -0.013264889689980075
528 1132 1132 658 439 1053 1974 893 528 658 1132 1163 1301 861|0.05 0.0029078537417270844 -0.04501339748557598 -0.056321824310489044
17317 15000 17317 14200 14200 24000 24000 1000 24808 15000 24808 17745 14235 37596|0.05 1.2436921262227174 0.018719316425568344 -0.01990203286319825
14200 1000 14200 24808 24808 17317 17317 15000 24000 15000 24000 14235 25109 13544|0.05 1.41519480761092 -0.029136676412008233 0.03900516627309614
24808 15000 24808 14200 14200 24000 24000 1000 17317 15000 17317 25109 14235 13544|0.05 0.2809181353397405 -0.07948037676668962 -0.05196389704625104
14200 1000 14200 17317 17317 24808 24808 15000 24000 15000 24000 14235 17745 37596|0.05 1.2264301907175756 -0.08674942125433516 0.019150984985474295
228 771 1053 1132 528 681 1460 1132 658 1132 1974 1163 1163 844|0.05 -0.033262420572390816 0.03832635533222106 0.013279096802885082
883 1468 1893 1366 296 853 2560 1297 685 1468 1468 1289 1102 746|0.05 -0.019941294314664848 -0.014575788094099984 0.009704117096673848
569 812 853 1893 883 883 1893 1468 1366 853 2560 1472 1289 1248|0.05 0.023060843896323124 -0.12560845641789387 -0.06288466647444646
1087 1051 2330 1051 700 1681 3152 1231 1087 1807 2330 1856 840 1536|0.05 -0.0043471312802922935 -0.04227020374360291 0.007685271673254501
520 1000 520 2036 2279 1757 1428 1500 2400 1500 2400 1127 2966 1938|0.05 0 0 0
2036 1500 2279 520 520 2400 2400 1000 1428 1500 1757 1883 1127 1645|0.05 0 0 0
520 1000 520 1757 1428 2036 2279 1500 2400 1500 2400 1127 1199 2444|0.05 0 0 0
1757 1500 1428 520 520 2400 2400 1000 2279 1500 2036 2586 1127 2650|0.05 0 0 0
625 1000 625 848 595 732 950 217 417 217 417 1179 1018 500|0.05 -0.02984664068500953 -0.07351018255585817 0.03553559597654132
732 217 950 625 625 417 417 1000 595 217 848 1104 1179 1078|0.05 0.061518169952141655 -0.08497209207417922 -0.024234948876716844
625 1000 625 732 950 848 595 217 417 217 417 1179 807 1236|0.05 -0.06772048619808846 -0.07382936110604477 0.10584969575028635
848 217 595 625 625 417 417 1000 950 217 732 685 1179 784|0.05 -0.032958488533373353 0.04131444701454434 -0.06935285420765935
700 1231 1051 2330 1087 1087 2330 1051 1681 1807 3152 840 1856 1536|0.05 -0.04736541445492848 0.05723105860270916 0.009972963905511278
883 1468 1893 853 569 1366 2560 812 883 853 1893 1289 1472 1248|0.05 0.062294422922026804 -0.09376611810711588 -0.24399116570269386
296 1297 1366 1893 883 685 1468 1468 853 1468 2560 1102 1289 746|0.05 0.015481543796698194 -0.07056075936586637 -0.043186655715984346
528 1132 1132 1053 228 658 1974 771 681 1132 1460 1163 1163 844|0.05 0.024721435528975988 -0.02662858502012977 -0.09441033969240231
439 893 658 1132 528 528 1132 1132 1053 658 1974 1301 1163 861|0.05 -0.019906222679461072 0.026349763276976024 0.004002303907342242
592 737 1268 737 491 1179 2210 1120 592 1268 1268 1466 925 964|0.05 -0.014254088253301544 -0.016614822269831464 -0.06299688974559126
520 1000 520 1428 1757 2279 2036 1500 2400 1500 2400 1127 2586 2650|0.05 0 0 0
1428 1500 1757 520 520 2400 2400 1000 2036 1500 2279 1199 1127 2444|0.05 0 0 0
520 1000 520 2279 2036 1428 1757 1500 2400 1500 2400 1127 1883 1645|0.05 0 0 0
2279 1500 2036 520 520 2400 2400 1000 1757 1500 1428 2966 1127 1938|0.05 0 0 0
625 1000 625 595 848 950 732 217 417 217 417 1179 685 784|0.05 -0.0012027263793956688 -0.08189143253126363 0.019670420535728983
950 217 732 625 625 417 417 1000 848 217 595 807 1179 1236|0.05 0.024833422264312066 -0.038104122491061654 -0.01469673556903417
625 1000 625 950 732 595 848 217 417 217 417 1179 1104 1078|0.05 0.006136926903737017 -0.08006733852581438 0.012411630535886786
595 217 848 625 625 417 417 1000 732 217 950 1018 1179 500|0.05 -0.060933822075285304 0.08801633754072613 -0.08299047446872487
573 533 333 573 573 306 306 333 505 178 427 629 814 767|0.05 0.011027416876676632 -0.052367271400914905 0.025175205137601964
573 333 573 573 333 427 505 533 306 178 306 814 1054 452|0.05 0.02762210789244879 0.006724857402256035 -0.05956299920757857
416 1182 780 1342 716 716 1342 780 1248 1342 2339 933 1552 1015|0.05 -0.009795026517390726 -0.035282064661971146 -0.020745564498276803
605 1135 1135 660 352 1055 1979 846 605 660 1135 1165 1248 859|0.05 -0.03253858266209164 0.02005980584914413 -0.011846441441134559
665 1390 1248 1342 716 416 780 780 1248 1342 2339 875 1552 785|0.05 -0.0626806849712791 0.1194995367005025 0.022571240369591017
299 965 561 898 479 898 1683 719 515 561 965 1116 1407 946|0.05 -0.05878625406913862 0.021525479875315057 0.049977818652964245
192 844 888 555 259 446 955 955 555 955 1666 1118 1105 613|0.05 -0.0789589223738918 0.10422074301691842 0.1152862744943306
528 1132 1132 1053 228 658 1974 1185 307 1132 658 1163 1062 383|0.05 0.015471344272426357 -0.04142716276244518 -0.05860128701542289
366 1000 366 1434 1903 1605 1006 1690 1690 1690 1690 1065 2753 1705|0.05 0 0 0
1434 1690 1903 366 366 1690 1690 1000 1006 1690 1605 1216 1065 1158|0.05 0 0 0
366 1000 366 1605 1006 1434 1903 1690 1690 1690 1690 1065 659 1721|0.05 0 0 0
1605 1690 1006 366 366 1690 1690 1000 1903 1690 1434 2556 1065 2128|0.05 0 0 0
1000 1000 1000 848 595 950 1126 217 592 217 592 1414 1018 390|0.05 0 0 0
950 217 1126 1000 1000 592 592 1000 595 217 848 1259 1414 1512|0.05 0 0 0
1000 1000 1000 950 1126 848 595 217 592 217 592 1414 1009 1629|0.05 0 0 0
848 217 595 1000 1000 592 592 1000 1126 217 950 685 1414 719|0.05 0 0 0
1000 1000 1000 533 67 533 1000 1104 1104 1104 1104 1414 1002 1133|0.05 -0.03610217997025211 -0.040567877903290306 0.030757680923845232
1000 1000 1000 67 533 1000 533 1104 1104 1104 1104 1414 1133 1414|0.05 0 0 0
533 1104 67 1000 1000 1104 1104 1000 1000 1104 533 1133 1414 1414|0.05 0 0 0
67 1104 533 1000 1000 1104 1104 1000 533 1104 1000 1002 1414 1133|0.05 0.006738309351264071 -0.05107385788000185 -0.01086293444580444
60 906 483 1000 1000 906 906 1000 483 906 906 1027 1282 908|0.05 -0.001979043480234699 -0.04230675350141988 -0.007667377946802834
1000 1000 1000 60 483 906 483 906 906 906 906 1535 908 1027|0.05 0 0 0
483 906 60 1000 1000 906 906 1000 906 906 483 908 1535 1027|0.05 0 0 0
1000 1000 1000 483 60 483 906 906 906 906 906 1282 1027 908|0.05 0.004450031187730463 -0.06492604011118064 -0.03479788102617398
14200 1000 14200 15527 15527 12043 12043 15000 24000 15000 24000 14235 16002 18619|0.05 0.8411951180871458 -0.0012586852030160856 -0.011167242228432572
12043 15000 12043 14200 14200 24000 24000 1000 15527 15000 15527 12651 14235 26852|0.05 1.4076700933186848 0.004098543371549024 -0.044584909138402073
14200 1000 14200 12043 12043 15527 15527 15000 24000 15000 24000 14235 12651 26852|0.05 1.3276603819797872 -0.1942785025587257 0.010993350571757432
15527 15000 15527 14200 14200 24000 24000 1000 12043 15000 12043 16002 14235 18619|0.05 1.3587315671516609 -0.02384001600268193 -0.14081034249433633
2060 2143 2143 1246 83 1246 3737 1000 2060 2143 2143 2466 1050 2085|0.05 0 0 0
803 67 803 1720 1720 1654 1654 3000 1720 1000 1720 843 2441 1980|0.05 -0.023879146194569767 -0.11113588935047991 -0.08446946656523902
581 1000 1744 1000 961 961 1000 467 39 467 581 1419 1238 973|0.05 -0.06404415456657153 0.05764810299765166 0.051779563240872406
961 467 1000 1744 581 39 581 1000 961 467 1000 1238 1419 973|0.05 -0.010924460535576275 0.0016320814358228297 0.04459884100568967
1720 3000 1720 803 803 1720 1720 67 1654 1000 1654 2441 843 1980|0.05 0.14979667823367127 -0.018827223993271858 -0.15811049370138996
83 1000 1246 2143 2060 2060 2143 2143 1246 2143 3737 1050 2466 2085|0.05 0 0 0
1246 1000 83 2060 2143 2143 2060 2143 3737 2143 1246 1050 2653 3041|0.05 -0.054083785269524176 1.5378633767711625 -0.005811967419260267
1040 1040 485 40 605 1814 605 1000 1040 1040 485 1288 1012 1476|0.05 0.06204348186972686 0.2307694662220383 -0.9126792414963658
1720 3000 1720 1654 1654 1720 1720 67 803 1000 803 2441 1674 1980|0.05 0.2011696842109134 0.01959272708752291 -0.06573294615641156
40 1000 605 1040 485 485 1040 1040 605 1040 1814 1012 1197 510|0.05 -0.02380128550971916 -0.0026218093827290456 -0.015811540383837697
1654 67 1654 1720 1720 803 803 3000 1720 1000 1720 1674 2441 1980|0.05 0.147820826662024 -0.02034688594699685 0.021483153902921437
485 1040 1040 605 40 605 1814 1000 485 1040 1040 1197 1012 510|0.05 -0.02531349982411335 0.0013927233467203592 -0.008729415114117067
2143 2143 2060 83 1246 3737 1246 1000 2143 2143 2060 2653 1050 3041|0.05 -0.10299273533527109 -0.046104738153973646 -0.214818647907975
605 1000 40 485 1040 1040 485 1040 1814 1040 605 1012 1288 1476|0.05 0.08785640020163132 -0.7249887376506936 0.18130430529937014
144 927 269 2032 271 68 1651 1000 144 927 269 1095 1245 197|0.1 -0.11524523233800599 0.05658077349444346 0.12047088988256238
271 1000 2032 269 144 144 269 927 68 927 1651 1245 1095 197|0.1 0.023644702193452716 0.020345838952888773 -0.04692354896837392
163 1231 163 561 561 606 606 41 87 164 87 1121 597 520|0.1 0.17267339974629703 0.019736766525093596 -0.1878271396427711
561 41 561 163 163 87 87 1231 606 164 606 597 1121 520|0.1 0.018621948689971912 -0.011757374076146743 -0.057761347127144314
1500 1000 1500 492 492 856 856 133 800 133 800 1803 613 939|0.1 0.09510027809835897 -0.022765282481675975 -0.13022382302016133
856 133 856 1500 1500 800 800 1000 492 133 492 930 1803 1579|0.1 -0.003883788424003942 0.000911532619674027 -0.05796404943122502
1500 1000 1500 856 856 492 492 133 800 133 800 1803 930 1579|0.1 0.12132791486879402 -0.0708037788639726 -0.12432709453658042
492 133 492 1500 1500 800 800 1000 856 133 856 613 1803 939|0.1 0.14454831067679974 -0.1838895261639395 0.02933438947002598
566 200 566 566 566 521 521 200 106 50 106 721 721 625|0.1 0.09430287909343749 0.020379282962439405 -0.13972297255887334
566 200 566 566 566 106 106 200 521 50 521 721 721 625|0.1 0.1203453604591398 -0.15281247130096265 0.009922714063081983
204 1086 1086 384 96 384 1920 1000 204 1086 1086 1086 1018 280|0.1 -0.06306405441530383 0.0611050333710117 0.15713570273035327
96 1000 384 1086 204 204 1086 1086 384 1086 1920 1018 1086 280|0.1 0.005072099824319221 -0.1468495493547639 -0.02141964635105298
629 533 770 816 493 263 435 188 554 100 568 1162 976 791|0.1 0.06770735600552413 -0.10802528379432408 -0.03121010387346579
816 188 493 629 770 568 554 533 435 100 263 577 839 1121|0.1 0.06226160833682881 -0.01678481302631374 -0.12391947088069899
371 682 371 91 91 682 682 1000 371 682 371 905 1004 447|0.1 0.028757180134340032 -0.04233400810274679 -0.42761892908584787
91 1000 91 371 371 371 371 682 682 682 682 1004 905 447|0.1 0.03402418885119829 -0.5428760617912187 -0.07892197295316761
371 682 371 91 91 682 682 1000 371 682 371 905 1004 447|0.1 0.028507623029518925 -0.08189773760336583 -0.4538517944795284
91 1000 91 371 371 371 371 682 682 682 682 1004 905 447|0.1 0.055583696054952725 -0.5586666770133464 -0.11729053369611053
1000 1000 1000 71 71 566 566 900 1116 200 1116 1414 951 1149|0.1 0.059310600588782236 -0.13761572195570726 -0.7957426094601705
71 900 71 1000 1000 1116 1116 1000 566 200 566 951 1414 1149|0.1 0.05573518952302514 -0.7558631682200878 -0.12853124887667544
79 1111 79 1240 1240 1111 1111 222 629 1111 629 1057 1326 1114|0.1 0.07835771339164355 -0.5699994120753316 -0.12019197054188524
1240 222 1240 79 79 629 629 1111 1111 1111 1111 1326 1057 1114|0.1 0.05932408683350321 -0.05814838786099674 -0.5853283516486496
1000 1000 1000 87 87 693 693 900 817 200 817 1414 953 825|0.1 0.057763126230063744 -0.13342060358480068 -0.7788671556537341
87 900 87 1000 1000 817 817 1000 693 200 693 953 1414 825|0.1 0.0583392522336279 -0.7837280194063934 -0.13509605495437116
96 1111 96 908 908 1111 1111 222 770 1111 770 1058 1023 1169|0.1 0.08971769578351996 -0.6368468323829857 -0.1154678541710763
908 222 908 96 96 770 770 1111 1111 1111 1111 1023 1058 1169|0.1 0.09718321968219534 -0.12543037643469646 -0.5141174354082834
533 1000 533 370 370 693 693 573 436 200 436 1133 843 581|0.1 0.03591859079974835 -0.07926137056998184 -0.10031302410369425
370 573 370 533 533 436 436 1000 693 200 693 843 1133 581|0.1 0.01737106121940002 -0.0363826407248935 -0.12838253077175454
482 261 482 371 371 198 198 682 371 91 371 702 905 643|0.1 0.028836274808770046 -0.002124562971463906 -0.08392966346487118
371 682 371 482 482 371 371 261 198 91 198 905 702 643|0.1 0.0984953297167257 -0.054561775734436324 -0.12719871170311037
493 188 816 770 629 554 568 533 263 100 435 976 1162 791|0.1 0.07945442917064227 -0.04114829244728502 -0.12390036416094374
770 533 629 493 816 435 263 188 568 100 554 839 577 1121|0.1 0.08565787879377451 -0.09752766452965411 -0.0649487741284116
246 1000 246 67 67 500 500 1000 246 1000 246 1030 1002 306|0.1 0 0 0
67 1000 67 246 246 246 246 1000 500 1000 500 1002 1030 306|0.1 0 0 0
246 1000 246 67 67 500 500 1000 246 1000 246 1030 1002 306|0.1 0 0 0
67 1000 67 246 246 246 246 1000 500 1000 500 1002 1030 306|0.1 0 0 0
492 133 492 2000 2000 2000 2000 1000 492 133 492 613 2236 2060|0.1 -0.028652176289197806 0.046905087517559174 -0.140090335990255
2000 1000 2000 492 492 492 492 133 2000 133 2000 2236 613 2060|0.1 -0.02530476984321406 -0.14287819981098626 0.04218183980150503
492 133 492 2000 2000 2000 2000 1000 492 133 492 613 2236 2060|0.1 -0.030405121688107384 0.04927100732316392 -0.14095571426954612
2000 1000 2000 492 492 492 492 133 2000 133 2000 2236 613 2060|0.1 -0.01885153277966012 -0.14197276734841613 0.03270811775786697
1500 1000 1500 545 545 1055 1055 133 800 133 800 1803 656 751|0.1 0.03827766288303058 -0.07674712026503716 -0.02647101398997931
1055 133 1055 1500 1500 800 800 1000 545 133 545 1117 1803 1802|0.1 0.033365754793583946 -0.030254837569467785 -0.03910744125285692
1500 1000 1500 1055 1055 545 545 133 800 133 800 1803 1117 1802|0.1 0.12663449083134548 -0.04766118598496738 -0.13896711523491034
545 133 545 1500 1500 800 800 1000 1055 133 1055 656 1803 751|0.1 0.10645904602940348 -0.14103701421599002 -0.03309683995503021
146 1103 179 530 570 543 543 92 78 147 96 1011 607 608|0.1 0.11170926667764425 0.0026484484661448704 -0.13166508592902693
530 92 570 146 179 96 78 1103 543 147 543 649 1113 530|0.1 0.10632556061853649 -0.14240221646453555 -0.020295806919304882
314 865 284 77 77 577 577 1000 314 865 284 911 1003 378|0.1 0.00717205316592695 0.0007121943817023357 -0.2432816389864978
77 1000 77 284 314 314 284 865 577 865 577 1003 911 378|0.1 0.05019322230813028 -0.5882355125229077 -0.12033467557356459
284 865 314 77 77 577 577 1000 284 865 314 1040 1003 354|0.1 -0.016230734567312943 0.07605647618296407 -0.19149006015092618
77 1000 77 314 284 284 314 865 577 865 577 1003 1040 354|0.1 0.047897200573183696 -0.49842194047747257 -0.11466076816294635
1052 533 943 1000 921 491 533 188 730 100 696 1083 1106 1488|0.1 0.07904010808884587 -0.09826670780134106 -0.05621986575243598
1000 188 921 1052 943 696 730 533 533 100 491 1000 1374 1373|0.1 0.08889111322740062 -0.0685076635465165 -0.10039125400935545
921 188 1000 943 696 645 696 533 491 100 533 1106 1373 1007|0.1 0.09948431668387991 -0.057034184438431446 -0.13537951916295143
943 533 696 921 1000 533 491 188 696 100 645 745 1000 1373|0.1 0.08875476366787316 -0.11543638613596974 -0.062391052628396615
696 533 943 1000 921 491 533 188 645 100 696 1373 1106 1007|0.1 0.03410498674019102 -0.1113378008958843 0.017676354421616303
1000 188 921 696 943 696 645 533 533 100 491 1000 745 1373|0.1 0.09899537091683452 -0.06517848043474994 -0.12137524521174115
271 1000 2032 1323 705 705 1323 927 68 927 1651 1245 1447 718|0.1 -0.016799369733897507 0.05176580309433243 -0.017211545120887628
561 41 561 801 801 427 427 1231 606 164 606 597 1368 774|0.1 0.08467118106489036 -0.1036552330382734 -0.04393112622362638
801 1231 801 561 561 606 606 41 427 164 427 1368 597 774|0.1 0.10011138343977821 0.05071064560557614 -0.11092458561203333
705 927 1323 2032 271 68 1651 1000 705 927 1323 1447 1245 718|0.1 -0.0657789301397893 0.04484822756921414 0.07591457409588553
1000 1000 1000 908 908 908 908 222 2444 222 2444 1414 1023 1808|0.1 -0.0033284395917676513 -0.21777891203882405 -0.006551505356177101
908 222 908 1000 1000 2444 2444 1000 908 222 908 1023 1414 1808|0.1 0.048366410626692335 -0.09113612070472343 -0.18196285583416016
1000 1000 1000 908 908 908 908 222 2444 222 2444 1414 1023 1808|0.1 0.001689262388016033 -0.19213665062027485 -0.015217311234908548
908 222 908 1000 1000 2444 2444 1000 908 222 908 1023 1414 1808|0.1 -0.005960535942801659 -0.0004526840660390441 -0.2096425037393601
91 1000 91 371 371 371 371 409 409 409 409 1004 740 418|0.1 0.013535991421900206 -0.33654306812744617 -0.036926577731044574
371 409 371 91 91 409 409 1000 371 409 371 740 1004 418|0.1 0.055628346818603625 -0.07278972469850875 -0.40134192424331583
91 1000 91 371 371 371 371 409 409 409 409 1004 740 418|0.1 0.058282918253045324 -0.3362573247012368 -0.09836200461800004
371 409 371 91 91 409 409 1000 371 409 371 740 1004 418|0.1 0.04159814028097175 -0.06362063021551956 -0.30561915667494666
533 1000 533 302 302 566 566 573 595 200 595 1133 815 777|0.1 0.007665554226352622 -0.12721813879033705 -0.019634878945633538
302 573 302 533 533 595 595 1000 566 200 566 815 1133 777|0.1 0.0579252821674725 -0.18642445252488704 0.023409465754711256
1000 1000 1000 545 545 856 856 133 533 133 533 1414 656 576|0.1 0.15808209669787354 -0.035327175310068126 -0.1875928891269274
856 133 856 1000 1000 533 533 1000 545 133 545 930 1414 1328|0.1 -0.0056899783259989345 0.012715698140406406 -0.022354965258027937
1000 1000 1000 856 856 545 545 133 533 133 533 1414 930 1328|0.1 0.08653578409645979 0.011865562714037381 -0.12094007107791183
545 133 545 1000 1000 533 533 1000 856 133 856 656 1414 576|0.1 0.011547511188518822 0.007244130404442384 -0.05303315404986075
435 261 435 507 507 270 270 682 336 91 336 670 969 643|0.1 0.08473526672448495 -0.10455711276463053 -0.05486945225705364
507 682 507 435 435 336 336 261 270 91 270 969 670 643|0.1 0.10363426691077704 -0.05084731488550265 -0.13529587995416814
1000 1000 1000 87 71 566 693 950 738 600 817 1414 1002 721|0.1 0.023863399645580596 -0.02192895530635397 -0.4562897192082771
87 950 71 1000 1000 817 738 1000 693 600 566 953 1414 825|0.1 0.0006808621645060242 -0.3154426466174609 -0.013354174260432616
74 1053 91 860 777 1053 1053 632 595 1053 729 1003 1266 1107|0.1 0.04493644829645316 -0.3665940469619944 -0.09619110143009646
860 632 777 74 91 729 595 1053 1053 1053 1053 1001 1055 1108|0.1 0.08664909159429746 -0.10299198339412619 -0.603229024516656
71 950 87 1000 1000 738 817 1000 566 600 693 1002 1414 721|0.1 0.0061457486992444466 -0.34524713111535155 -0.0764030067909327
1000 1000 1000 71 87 693 566 950 817 600 738 1414 953 825|0.1 0.0390558540897179 -0.10084770942621502 -0.4665882081914319
777 632 860 91 74 595 729 1053 1053 1053 1053 1266 1003 1107|0.1 0.055352111093576184 -0.09607874580147113 -0.3563709638901924
91 1053 74 777 860 1053 1053 632 729 1053 595 1055 1001 1108|0.1 0.05420277355651315 -0.48416854208201965 -0.08357506445091589
1056 1000 1056 908 908 1240 1240 222 2889 222 2889 1454 1023 2235|0.1 0.023362450618498176 -0.22886228223084615 -0.049190698665689814
908 222 908 1056 1056 2889 2889 1000 1240 222 1240 1023 1454 2235|0.1 -0.003295689105411448 0.0034153556386984363 -0.23978494169163422
1056 1000 1056 1240 1240 908 908 222 2889 222 2889 1454 1326 1861|0.1 0.012376340425785948 -0.2127073983745753 -0.026112989666936537
1240 222 1240 1056 1056 2889 2889 1000 908 222 908 1326 1454 1861|0.1 -0.0002263587392115074 -0.012975219600258603 -0.18891489160269614
77 1000 77 314 429 429 314 365 346 365 346 1003 644 459|0.1 0.03677391394428131 -0.37575563969834636 -0.08008751974737827
429 365 314 77 77 346 346 1000 429 365 314 644 1003 459|0.1 0.06975290525633282 -0.1156270584223329 -0.4217308475294568
77 1000 77 429 314 314 429 365 346 365 346 1003 774 354|0.1 0.030460466056272395 -0.2955811351864668 -0.05789212603895644
314 365 429 77 77 346 346 1000 314 365 429 774 1003 354|0.1 0.05250931765774958 -0.08951781601251763 -0.3398338346964225
693 200 693 566 566 342 342 200 130 50 130 825 721 676|0.1 0.13374240487519007 0.041363673682657254 -0.19506582251897941
566 200 566 693 693 130 130 200 342 50 342 721 825 676|0.1 0.06513734963920825 -0.046578861613084666 -0.023578515319567783
380 1655 2027 585 146 585 2925 1000 380 1655 2027 1170 1042 480|0.1 -0.07019890268340934 0.05501669868145154 0.21227661624998007
146 1000 585 2027 380 380 2027 1655 585 1655 2925 1042 1170 480|0.1 -0.01335768952048455 -0.032432219952150954 -0.006459231088128403
176 975 330 2032 271 68 1651 1000 176 975 330 1055 1245 222|0.1 0.03556446266391289 -0.0785859703955738 0.010371424402988438
271 1000 2032 330 176 176 330 975 68 975 1651 1245 1055 222|0.1 -0.03601705988867887 0.06731557706380453 -0.01402667900365362
200 1231 200 591 591 606 606 41 107 164 107 1127 625 592|0.1 0.0994131757154082 -0.0009963549909641767 -0.12351895938111701
591 41 591 200 200 107 107 1231 606 164 606 625 1127 592|0.1 0.06670967717967269 -0.061819053996577944 -0.04337350219713709
245 1000 1836 785 418 418 785 881 61 881 1492 1204 1258 436|0.1 -0.02747620142816598 0.05735303586552165 -0.030266127936541265
591 41 591 526 526 281 281 1231 670 164 670 625 1228 618|0.1 0.02602687889084132 -0.01623638340842004 -0.027957627234882487
526 1231 526 591 591 670 670 41 281 164 281 1228 625 618|0.1 0.17579051893835684 -0.0005065653479496834 -0.18710894854630178
418 881 785 1836 245 61 1492 1000 418 881 785 1258 1204 436|0.1 -0.13972789271301744 0.08459053836383346 0.12852343635468388
921 188 1000 943 1052 730 696 533 491 100 533 1106 1083 1488|0.1 0.05095048300435723 0.0028128968389840026 -0.12667286231346053
943 533 1052 921 1000 533 491 188 696 100 730 1374 1000 1373|0.1 0.06740991557812936 -0.0963707949655157 -0.04687651299517537
179 1103 146 570 530 543 543 92 96 147 78 1113 649 530|0.1 0.031511271703508204 -0.0299402731925158 -0.03969157701832926
570 92 530 179 146 78 96 1103 543 147 543 607 1011 608|0.1 0.025700243448183446 -0.031818506840856076 -0.037272335532090306
1336 188 1061 1000 1104 743 738 533 713 100 566 1077 1133 1712|0.1 0.08009996774311468 -0.06284381099823766 -0.08970934803553376
1000 533 1104 1336 1061 566 713 188 738 100 743 1414 1458 1456|0.1 0.07715133625064707 -0.09159095039685039 -0.05558193605266326
492 133 492 125 125 67 67 1000 496 133 496 613 1008 497|0.1 0.033981635055950754 -0.04116631442087959 -0.006324067809060363
125 1000 125 492 492 496 496 133 67 133 67 1008 613 497|0.1 0.05700012757074324 -0.03678601815206406 -0.06351947944452596
125 1000 125 496 496 492 492 133 67 133 67 1008 616 508|0.1 -0.0001304457156625638 -0.03502820387443761 0.0037959801651177294
496 133 496 125 125 67 67 1000 492 133 492 616 1008 508|0.1 0.03275826417926009 -0.055187658179800536 -0.05225273997002122
1104 533 1000 1061 1336 713 566 188 743 100 738 1133 1077 1712|0.1 0.0917410221407744 -0.12690022222068387 -0.05436879951578266
1061 188 1336 1104 1000 738 743 533 566 100 713 1458 1414 1456|0.1 0.06825629997712968 0.0034691992247593006 -0.15942200679604834
566 200 566 1600 1600 1600 1600 1000 566 200 566 721 1887 1697|0.1 0.07324431060498737 -0.11376387731725446 -0.08529823116923296
1600 1000 1600 566 566 566 566 200 1600 200 1600 1887 721 1697|0.1 0.024950784778619006 -0.12418587422875715 -0.010053495108274246
566 200 566 1600 1600 1600 1600 1000 566 200 566 721 1887 1697|0.1 0.0728979329291346 -0.10709481867873238 -0.09832733690993245
1600 1000 1600 566 566 566 566 200 1600 200 1600 1887 721 1697|0.1 -0.07098367551885865 -0.08040124838486706 0.11785041520056438
2000 1000 2000 492 492 1055 1055 133 1067 133 1067 2236 613 1175|0.1 -0.025939864368833554 -0.028837567830060085 0.045548514783269045
1055 133 1055 2000 2000 1067 1067 1000 492 133 492 1117 2236 2060|0.1 0.02508399209886214 -0.024330423142203683 -0.05650095780577624
2000 1000 2000 1055 1055 492 492 133 1067 133 1067 2236 1117 2060|0.1 0.130168144643803 -0.03485864043643594 -0.16354983241280263
492 133 492 2000 2000 1067 1067 1000 1055 133 1055 613 2236 1175|0.1 0.15815370348937208 -0.18419330213474527 -0.039622372484680035
3000 1000 3000 566 566 566 566 200 3000 200 3000 3162 721 3053|0.1 0.03434043838980161 -0.13251465361380887 -0.0530927448079721
566 200 566 3000 3000 3000 3000 1000 566 200 566 721 3162 3053|0.1 -0.016090565688600122 0.05223036561444294 -0.13857566730369864
3000 1000 3000 566 566 566 566 200 3000 200 3000 3162 721 3053|0.1 0.025840557256469054 -0.050852455344955194 -0.06277118724148378
566 200 566 3000 3000 3000 3000 1000 566 200 566 721 3162 3053|0.1 0.1002932742740037 -0.13844870689400324 -0.035655031481222066
1000 1000 1000 67 67 533 533 1000 1104 1000 1104 1414 1002 1133|0.1 0 0 0
67 1000 67 1000 1000 1104 1104 1000 533 1000 533 1002 1414 1133|0.1 0 0 0
67 1000 67 1104 1104 1000 1000 1000 533 1000 533 1002 1489 1002|0.1 0 0 0
1104 1000 1104 67 67 533 533 1000 1000 1000 1000 1489 1002 1002|0.1 0 0 0
492 133 492 133 133 71 71 1000 516 133 516 613 1009 473|0.1 -0.012346665395058798 0.024500740703345958 -0.09081092752767139
133 1000 133 492 492 516 516 133 71 133 71 1009 613 473|0.1 0.12096935913452844 -0.03163725943821416 -0.1436543930128531
133 1000 133 516 516 492 492 133 71 133 71 1009 632 551|0.1 0.06756421817918135 -0.04870977516805208 -0.09563308797734704
516 133 516 133 133 71 71 1000 492 133 492 632 1009 551|0.1 0.04844279943116092 -0.04953523873228782 -0.05429021737791584
1000 1000 1000 71 71 566 566 1000 738 1000 738 1414 1002 721|0.1 0 0 0
71 1000 71 1000 1000 738 738 1000 566 1000 566 1002 1414 721|0.1 0 0 0
71 1000 71 738 738 1000 1000 1000 566 1000 566 1002 1243 1051|0.1 0 0 0
738 1000 738 71 71 566 566 1000 1000 1000 1000 1243 1002 1051|0.1 0 0 0
1111 1000 1111 1240 1240 1240 1240 222 3333 222 3333 1495 1326 2289|0.1 0.011375368766175509 -0.23028511282648712 -0.03148944546547905
1240 222 1240 1111 1111 3333 3333 1000 1240 222 1240 1326 1495 2289|0.1 0.011563183325504767 -0.03601400454498971 -0.21561466042797073
1111 1000 1111 1240 1240 1240 1240 222 3333 222 3333 1495 1326 2289|0.1 0.005525557162946448 -0.24543318967437444 -0.019048473554386103
1240 222 1240 1111 1111 3333 3333 1000 1240 222 1240 1326 1495 2289|0.1 0.005386632570116845 -0.021958095788658927 -0.24965068305629834
67 1000 67 372 372 372 372 333 300 333 300 1002 687 398|0.1 0.04747378313738171 -0.31291945827203405 -0.09267197603917254
372 333 372 67 67 300 300 1000 372 333 372 687 1002 398|0.1 0.04494417599115064 -0.08791060019985086 -0.35349596648318604
67 1000 67 372 372 372 372 333 300 333 300 1002 687 398|0.1 0.04749608811263517 -0.28987500031715463 -0.088914581198003
372 333 372 67 67 300 300 1000 372 333 372 687 1002 398|0.1 0.058926597852251295 -0.10845005384807926 -0.37876097025700384
1000 1000 1000 200 200 1600 1600 1000 1720 1000 1720 1414 1020 1887|0.1 0 0 0
200 1000 200 1000 1000 1720 1720 1000 1600 1000 1600 1020 1414 1887|0.1 0 0 0
200 1000 200 1720 1720 1000 1000 1000 1600 1000 1600 1020 1990 1020|0.1 0 0 0
1720 1000 1720 200 200 1600 1600 1000 1000 1000 1000 1990 1020 1020|0.1 0 0 0
573 333 573 573 333 156 268 533 600 116 506 814 1054 594|0.1 0 0 0
573 533 333 573 573 506 600 333 268 116 156 629 814 739|0.1 0 0 0
70 1000 70 1220 1747 1747 1220 1690 1056 1690 1056 1002 2648 1768|0.1 0 0 0
1386 1433 820 58 866 866 58 1000 1386 1433 820 2171 1025 1634|0.1 -0.0509047601763879 0.05450756164300463 0.9568191936720871
605 1000 40 572 967 967 572 698 605 698 40 1012 546 1141|0.1 -0.024592212599110486 1.4029105583049972 -0.02066946811866921
1220 1690 1747 70 70 1056 1056 1000 1220 1690 1747 954 1002 1250|0.1 0 0 0
70 1000 70 1747 1220 1220 1747 1690 1056 1690 1056 1002 954 1250|0.1 0 0 0
967 698 572 40 605 605 40 1000 967 698 572 546 1012 1141|0.1 -0.026869636579163192 0.10642420071965475 0.9485385196960916
1747 1690 1220 70 70 1056 1056 1000 1747 1690 1220 2648 1002 1768|0.1 0 0 0
866 1000 58 820 1386 1386 820 1433 866 1433 58 1025 2171 1634|0.1 -0.01800443349400327 1.0485183168352719 0.09475640922525397
58 1000 866 1386 820 820 1386 1433 58 1433 866 1025 782 822|0.1 -0.015717807541965056 0.038682976951225356 -0.026251438685994666
572 698 967 605 40 40 605 1000 572 698 967 1515 1012 574|0.1 -0.04679205130733166 0.01824126004943194 0.06988509907730922
40 1000 605 967 572 572 967 698 40 698 605 1012 1515 574|0.1 -0.12559448625738434 0.14136568267190563 0.0645842281112774
820 1433 1386 866 58 58 866 1000 820 1433 1386 782 1025 822|0.1 -0.060518677411017796 -0.0045974453837172025 0.07878662818707527
573 333 573 573 739 345 268 533 391 116 506 814 783 859|0.1 0 0 0
573 533 739 573 573 506 391 333 268 116 345 1153 814 739|0.1 0 0 0
573 333 573 739 573 268 345 533 506 116 391 814 1153 739|0.1 0 0 0
739 533 573 573 573 391 506 333 345 116 268 783 814 859|0.1 0 0 0
573 333 573 333 573 268 156 533 506 116 600 814 629 739|0.1 0 0 0
333 533 573 573 573 600 506 333 156 116 268 1054 814 594|0.1 0 0 0
915 776 1546 966 64 64 966 1000 915 776 1546 1729 1031 917|0.1 -0.10567477708801287 0.07202947368236456 0.11357853316562139
83 1000 1246 1993 1179 1179 1993 1289 83 1289 1246 1050 1546 1182|0.1 -0.09515762579234477 0.10604754373237713 0.04830586363216316
1179 1289 1993 1246 83 83 1246 1000 1179 1289 1993 1546 1050 1182|0.1 -0.11517986470554686 0.03771434916763017 0.11970862696490503
64 1000 966 1546 915 915 1546 776 64 776 966 1031 1729 917|0.1 -0.019708117914072343 0.05150342892036308 -0.025655059363688393
966 1000 64 915 1546 1546 915 776 966 776 64 1031 1199 1823|0.1 -0.023563666050084864 1.5587774930476872 -0.1234015822730683
848 1690 1093 70 70 1056 1056 1000 848 1690 1093 1311 1002 891|0.1 0 0 0
1993 1289 1179 83 1246 1246 83 1000 1993 1289 1179 2230 1050 2350|0.1 -0.013915092260636808 -0.148639288427872 1.587138061566613
70 1000 70 848 1093 1093 848 1690 1056 1690 1056 1002 1891 1127|0.1 0 0 0
1246 1000 83 1179 1993 1993 1179 1289 1246 1289 83 1050 2230 2350|0.1 -0.03656064110129642 1.2245865494485386 -0.05482362429122478
1093 1690 848 70 70 1056 1056 1000 1093 1690 848 1891 1002 1127|0.1 0 0 0
1546 776 915 64 966 966 64 1000 1546 776 915 1199 1031 1823|0.1 -0.027449827258081427 -0.07849654002223927 1.5784180442763307
70 1000 70 1093 848 848 1093 1690 1056 1690 1056 1002 1311 891|0.1 0 0 0
492 133 492 133 133 71 71 812 456 33 456 613 911 539|0.15 -0.019325583213095632 0.07973182677256441 -0.14374687837950706
133 812 133 492 492 456 456 133 71 33 71 911 613 539|0.15 -0.019387017931700168 -0.14374734725999372 0.07982130127096365
573 333 573 433 433 231 231 500 428 67 428 814 829 772|0.15 0.06504051094870622 -0.026232901501543893 -0.07185527714901663
433 500 433 573 573 428 428 333 231 67 231 829 814 772|0.15 0.07714135654832921 0.018932738733032917 -0.12916716282594276
545 133 545 1000 1000 1467 1467 1000 545 133 545 656 1414 1328|0.15 -0.03644359370680639 0.05967665107222686 -0.1266764558017941
1000 1000 1000 545 545 545 545 133 1467 133 1467 1414 656 1328|0.15 0.093891279760554 -0.12015466957386978 -0.13079579515829276
545 133 545 1000 1000 1467 1467 1000 545 133 545 656 1414 1328|0.15 0.08959670834683298 -0.1326816410646059 -0.1499145599913676
1000 1000 1000 545 545 545 545 133 1467 133 1467 1414 656 1328|0.15 0.11189008688773816 -0.046276810032297444 -0.16681330593970478
354 1000 1768 1768 1972 1972 1768 125 1591 125 1768 1275 1772 2110|0.15 -0.013197357161079948 -0.09219558634385949 0.01775729554284844
1972 125 1768 1768 354 1591 1768 1000 1972 125 1768 1772 1275 2110|0.15 -0.0050418488789238936 0.006103216654964605 -0.10872988317950694
1768 125 1972 354 1768 1768 1591 1000 1768 125 1972 2031 1275 2500|0.15 0.0930709260975382 -0.11782268097308757 -0.5645305454268057
1768 1000 354 1972 1768 1768 1972 125 1768 125 1591 1275 2031 2500|0.15 0.050282595971520294 -0.6525654874256259 -0.03166360713014349
289 1000 1443 1443 1179 1179 1443 125 1299 125 1443 1190 1519 1329|0.15 0.04371371970122384 -0.10702309381950159 -0.06654620532337119
1179 125 1443 1443 289 1299 1443 1000 1179 125 1443 1519 1190 1329|0.15 0.0036247598150462856 -0.010387752662842642 -0.11027341828684811
1443 125 1179 289 1443 1443 1299 1000 1443 125 1179 1190 1190 2041|0.15 0.008066005444464786 0.011863728931891249 -0.6474387581589625
1443 1000 289 1179 1443 1443 1179 125 1443 125 1299 1190 1190 2041|0.15 0.08792381637577895 -0.5662857544350863 -0.1058413492428989
434 604 285 363 496 344 320 267 231 56 152 722 598 701|0.15 0.09182939522696332 -0.060308922858538505 -0.0985426455753402
363 267 496 434 285 152 231 604 320 56 344 744 978 457|0.15 0.13224021195148872 -0.21118589965398282 0.006072024802203924
492 133 492 162 133 71 87 906 516 83 480 613 1009 473|0.15 0.008523160031073118 0.02202546421004925 -0.05149969141906352
162 906 133 492 492 480 516 133 87 83 71 916 613 519|0.15 0.04332907389382523 -0.06304570661618936 -0.05633663674691758
492 133 492 1500 1500 1733 1733 1000 545 133 545 613 1803 1802|0.15 0 0 0
1500 1000 1500 492 492 545 545 133 1733 133 1733 1803 613 1802|0.15 0 0 0
545 133 545 1500 1500 1733 1733 1000 492 133 492 656 1803 1579|0.15 0 0 0
1500 1000 1500 545 545 492 492 133 1733 133 1733 1803 656 1579|0.15 0 0 0
651 812 651 492 492 456 456 133 347 33 347 1112 613 712|0.15 -0.020051395217601797 -0.1439201142444324 0.08079417740392447
492 133 492 651 651 347 347 812 456 33 456 613 1112 712|0.15 -0.019973614971090514 0.08064731853455909 -0.1437971709748176
629 533 770 770 629 629 770 533 629 67 770 1162 1162 630|0.15 0.11582487769500105 -0.17144498639942496 -0.11305050981936016
770 533 629 629 770 770 629 533 770 67 629 839 839 1089|0.15 0.14103327198635274 -0.1517309231679409 -0.17878972407679772
371 409 371 371 371 371 371 682 371 91 371 740 905 643|0.15 0.09480375705016586 -0.18583441495648834 -0.010441227477178128
371 682 371 371 371 371 371 409 371 91 371 905 740 643|0.15 0.04442380571155091 -0.17595152326900787 0.02988845324342515
1179 125 1443 1443 866 1371 1443 816 1066 102 1443 1519 1658 1373|0.15 0.011155823721873404 0.01699259455800517 -0.18162234275953093
1061 1225 1768 1768 1305 1444 1768 125 1679 153 1768 1458 1858 2127|0.15 0.09329256313695522 -0.11111861068682782 -0.12463821002584141
1443 816 866 1179 1443 1443 1066 125 1443 102 1371 1190 1190 2041|0.15 0.011903461920403924 -0.1494160214393403 -0.007962549088331716
1768 125 1305 1061 1768 1768 1679 1225 1768 153 1444 1275 2031 2500|0.15 0.08230278263927415 -0.0895226213152478 -0.1750179744966085
866 816 1443 1443 1179 1066 1443 125 1371 102 1443 1658 1519 1373|0.15 0.04612961173378949 -0.14918103239023872 -0.06148480456118488
1305 125 1768 1768 1061 1679 1768 1225 1444 153 1768 1858 1458 2127|0.15 0.05508384158452895 -0.061278232479120565 -0.14826840837002697
1443 125 1179 866 1443 1443 1371 816 1443 102 1066 1190 1190 2041|0.15 -0.02607423974208878 0.04141533544159026 -0.24023392540921562
1768 1225 1061 1305 1768 1768 1444 125 1768 153 1679 2031 1275 2500|0.15 0.06275237400952483 -0.2022221350489828 -0.06441041563608474
1052 533 943 943 696 696 943 533 1052 67 943 1083 1373 1185|0.15 0.12833726454006156 -0.11571103732463173 -0.20128011045883354
943 533 696 1052 943 943 1052 533 943 67 696 745 1374 1333|0.15 0.11211196575139581 -0.13837374515153322 -0.12633015681894122
696 533 943 943 1052 1052 943 533 696 67 943 1373 1083 1185|0.15 0.12000317174032826 -0.10520806860988108 -0.17340782999735627
943 533 1052 696 943 943 696 533 943 67 1052 1374 745 1333|0.15 0.1255854219153174 -0.1711077582035092 -0.13173671608873283
445 500 445 368 368 248 248 333 238 67 238 836 685 571|0.15 0.08243032720040677 0.047349836950030255 -0.17686791191043882
368 333 368 445 445 238 238 500 248 67 248 685 836 571|0.15 0.0720761655216573 -0.05109701876757078 -0.08586520170062895
573 333 573 354 354 189 189 500 528 67 528 814 791 673|0.15 0.091522964461217 -0.09146427806819069 -0.09117247652848604
354 500 354 573 573 528 528 333 189 67 189 791 814 673|0.15 0.12486643197664016 -0.11379432590756022 -0.0826236540941172
492 133 492 162 162 87 87 812 480 33 480 613 916 519|0.15 -0.019243448030695776 0.07957640688651235 -0.143668590988566
162 812 162 492 492 480 480 133 87 33 87 916 613 519|0.15 -0.019527523911077038 -0.14385142314808586 0.08005790139769431
427 812 427 545 545 480 480 133 228 33 228 998 656 685|0.15 -0.01877530863289345 -0.1433297198563821 0.07879790046878554
545 133 545 427 427 228 228 812 480 33 480 656 998 685|0.15 -0.019746835568069665 0.08030645529888192 -0.1438217154872823
492 133 492 133 162 87 71 906 480 83 516 613 916 519|0.15 0.08353374097701538 -0.13342776449021376 -0.011697697053351108
133 906 162 492 492 516 480 133 71 83 87 1009 613 473|0.15 0.22066949309882844 -0.011140491506745898 -0.2582933217943617
285 604 434 496 363 320 344 267 152 56 231 978 744 457|0.15 0.09291965804522961 -0.07787431601065764 -0.09352208469870171
496 267 363 285 434 231 152 604 344 56 320 598 722 701|0.15 0.031283056706457035 -0.007600160794017929 -0.05805282985152371
1875 1000 1875 1875 2069 2069 1875 125 1875 125 1875 2125 1879 2792|0.15 0 0 0
2069 125 1875 1875 1875 1875 1875 1000 2069 125 1875 1879 2125 2792|0.15 0 0 0
1875 125 2069 1875 1875 1875 1875 1000 1875 125 2069 2125 2125 2652|0.15 0 0 0
1875 1000 1875 2069 1875 1875 2069 125 1875 125 1875 2125 2125 2652|0.15 0 0 0
326 500 326 372 372 258 258 333 174 67 174 778 687 526|0.15 0.14316945978374518 0.01851490614634077 -0.23928624266187248
372 333 372 326 326 174 174 500 258 67 258 687 778 526|0.15 0.11235514159078086 -0.23178249566973563 0.06563713968209539
1305 125 1768 1768 1768 1768 1768 1000 1305 125 1768 1858 2031 2197|0.15 0 0 0
1768 1000 1768 1768 1305 1305 1768 125 1768 125 1768 2031 1858 2197|0.15 0 0 0
1768 1000 1768 1305 1768 1768 1305 125 1768 125 1768 2031 1275 2500|0.15 0 0 0
1768 125 1305 1768 1768 1768 1768 1000 1768 125 1305 1275 2031 2500|0.15 0 0 0
573 533 333 333 573 573 333 533 573 67 333 629 629 1046|0.15 0.11281700644379944 -0.037636570274851566 -0.2308023884176924
333 533 573 573 333 333 573 533 333 67 573 1054 1054 471|0.15 0.1405598405969255 -0.15967556213250966 -0.16855424632633675
625 1000 625 625 1075 1075 625 125 625 125 625 1179 637 1244|0.15 0 0 0
1075 125 625 625 625 625 625 1000 1075 125 625 637 1179 1244|0.15 0 0 0
625 125 1075 625 625 625 625 1000 625 125 1075 1179 1179 884|0.15 0 0 0
625 1000 625 1075 625 625 1075 125 625 125 625 1179 1179 884|0.15 0 0 0
1600 1000 1600 1154 1154 1654 1654 67 947 67 947 1887 1183 903|0.15 0.1606555719737801 -0.06444024959770145 -0.1957589435752316
1654 67 1654 1600 1600 947 947 1000 1154 67 1154 1674 1887 2506|0.15 0.1685170359064081 -0.20631792373266622 -0.046822899179251865
1600 1000 1600 1654 1654 1154 1154 67 947 67 947 1887 1674 2506|0.15 0.04957014583208741 -0.0675721090888648 -0.04790006596241736
1154 67 1154 1600 1600 947 947 1000 1654 67 1654 1183 1887 903|0.15 0.041016732817216184 -0.03657029178270377 -0.062040408063516184
1104 533 1000 1000 1104 1104 1000 533 1104 67 1000 1133 1133 1694|0.15 0.12584757146464565 -0.12293839207686341 -0.18256359539591038
1000 533 1104 1104 1000 1000 1104 533 1000 67 1104 1414 1414 1414|0.15 0.09567880330523915 -0.09317213945885028 -0.1437633982872677
1035 67 1035 1600 1600 947 947 1000 803 67 803 1067 1887 1790|0.15 -0.004197990860813627 0.024697371658652933 -0.08118067326691736
1600 1000 1600 803 803 1035 1035 67 947 67 947 1887 843 1241|0.15 0.03374901805742736 -0.11767166591915235 -0.02517318760500653
803 67 803 1600 1600 947 947 1000 1035 67 1035 843 1887 1241|0.15 0.15271193376344083 -0.17304473210922544 -0.0881746190584709
1600 1000 1600 1035 1035 803 803 67 947 67 947 1887 1067 1790|0.15 0.047832766873012744 -0.10088495931325658 -0.048391216959401406
573 333 573 573 573 268 268 333 551 22 551 814 814 710|0.2 0.07704255439522356 -0.03839134531465338 -0.07988643550867147
573 333 573 573 573 551 551 333 268 22 268 814 814 710|0.2 0.10927758311671809 -0.013948663921627968 -0.1443497027487739
