1805 904 1377 1875 2432 2775 2561 1875 5967 1694 5164 1647 3246 4387|0.001 0.004837689500851727 -0.09790736258014632 -0.01728207618517663
1000 1297 533 734 2754 3182 963 1366 904 1480 482 1731 2050 2898|0.001 0.009243823785709537 -0.0070112408170308615 0.036312243929566
501 763 554 1347 1537 1418 1039 3305 938 2860 1039 1118 2430 1443|0.001 0.04771505355187555 -0.05904177942622324 -0.045713405258134276
2453 1141 742 411 771 697 372 771 2123 1053 566 1804 669 2550|0.001 -0.005617931495643935 0.001328829580473645 0.03381013732026705
1524 1107 1998 3071 2834 2075 2692 1875 5715 2075 6604 1823 2882 3415|0.001 0.027451435753336195 -0.06790714182250746 -0.018580274600764612
611 923 326 651 2151 1861 496 877 676 676 360 939 1438 1959|0.001 0.013594198477371311 -0.013088761351386369 0.031528161996599025
726 1311 656 1860 1362 1766 2015 3750 1362 4333 1230 1466 2241 2357|0.001 0.0733919444430664 0.010746479653929164 0.002098597577580019
2016 732 538 353 662 732 391 1084 2330 950 705 1205 1267 2422|0.001 -0.009494286624632808 -0.1119858278125363 -0.022016987196836757
1297 533 1000 2754 3182 963 734 904 1480 482 1366 868 2898 2128|0.001 0.004704270682351908 0.0015071427524526726 0.012038889616852178
465 303 408 314 284 151 168 865 429 231 314 669 1040 544|0.001 -0.0061688773533130625 0.009137619354155913 0.013086055423670029
1511 533 1638 3522 3048 813 1066 1107 1107 590 1436 1916 3208 2269|0.001 0.036935443016758995 0.0039252448579762955 -0.011848215228513759
363 267 496 328 363 194 175 1156 471 350 537 744 1201 315|0.001 0.010552470764251254 0.0332400685681189 0.007965179644968678
370 787 302 1104 1104 1060 1209 3000 693 2600 566 843 2054 1127|0.001 0.048473689156653954 -0.03140177252391907 -0.03501300151524722
628 960 335 906 2719 2356 713 1000 513 1096 273 1022 1861 2766|0.001 0.001443372378193697 -0.027469325732701888 0.019619086609203862
3315 1225 2607 4007 3658 3658 3513 1875 9944 2296 8618 3462 3492 6807|0.001 -0.004362208933602618 -0.024042579387815177 0.005175761249203159
1951 533 2137 4596 5303 1768 1391 1225 1951 653 1873 2444 5397 3631|0.001 0.03925051668927315 0.006248190996671621 -0.0022950591126413844
465 303 408 266 218 116 142 1154 424 385 424 669 1023 532|0.001 0.012812491437901308 0.04087573997790139 0.007990186874207161
2453 1141 742 349 654 534 285 1041 2831 1041 944 1804 1187 2511|0.001 -0.04234103099239883 -0.17883400764168722 -0.013907404537740753
1998 1107 1524 2834 3071 2692 2075 1875 6604 2075 5715 2234 3592 4415|0.001 0.03373196467494566 -0.030971697259631892 -0.0032839370580461935
662 1084 353 538 2016 2330 705 732 732 950 391 1267 1205 2422|0.001 -0.00794648913909235 -0.03876161536535139 0.012393497697980038
554 763 501 1537 1347 1039 1418 3305 1039 2860 938 912 2210 901|0.001 0.022171174446057318 -0.02575562110677665 0.015190959312982866
2151 877 651 326 611 676 360 923 1861 676 496 1438 939 1959|0.001 0.030735937858359375 0.08783153710866909 0.04182808410893246
1377 904 1805 2432 1875 2561 2775 1875 5164 1694 5967 2019 1627 3844|0.001 0.03590246566883337 0.09438272601011377 0.03060709941933082
771 771 411 742 2453 2123 566 1141 697 1053 372 669 1804 2550|0.001 -0.0041375628287199095 -0.050797327281716376 0.022723364418639758
656 1311 726 1362 1860 2015 1766 3750 1230 4333 1362 1196 2791 2357|0.001 0.0007614671122180283 0.01928042872284319 0.03888088607078011
2754 1366 734 533 1000 904 482 1297 3182 1480 963 2050 1731 2898|0.001 -0.009365677191213173 -0.02227471306781248 0.05031357164160699
1638 533 1511 3048 3522 1066 813 1107 1436 590 1107 1537 3661 2589|0.001 0.026560917600795264 0.02648786115652113 0.0012784075663541117
408 303 465 284 314 168 151 865 314 231 429 735 911 544|0.001 0.012830474723213303 -0.02708495308384018 -0.0023346195279960735
1000 533 1297 3182 2754 734 963 904 1366 482 1480 1731 3308 1646|0.001 0.007546110077345514 0.037277887602111814 0.015034209312800861
496 267 363 363 328 175 194 1156 537 350 471 598 1052 504|0.001 0.005525196306994662 0.0012877320922721758 0.023907375438503298
370 573 370 1104 1104 1060 1060 3000 693 2200 693 843 2054 1127|0.001 0.04881172405357237 -0.0052712440360069834 -0.029563724666479274
628 960 335 906 2719 1994 520 1000 628 960 335 1022 1861 2411|0.001 -0.02054947741339741 -0.00889495796629669 0.04583786325371042
2706 1000 1552 2868 2987 2987 2868 1875 8119 1875 5954 2280 3404 5558|0.001 -0.0029578354647530336 -0.17123498355976152 -0.035677231877332405
1593 533 1530 3175 4330 1443 828 1000 1593 533 1530 1627 3841 2964|0.001 0.01825574201606006 0.04249665311079731 0.014698615112638258
482 261 482 315 315 168 168 1364 502 455 502 702 1209 512|0.001 0.012881302840159758 0.03288627386277776 0.020208109463206725
2076 1000 541 349 654 654 349 1041 2831 1041 944 1457 1187 2511|0.001 -0.031675514934120796 -0.13875965683093794 0.019201273692299736
354 1000 1768 1000 187 187 1000 921 88 921 354 1275 1106 258|0.001 -0.052444140146322704 0.07944109463788651 0.035272464971281
566 200 566 566 566 521 521 200 106 50 106 721 721 625|0.001 0.005267833518318721 0.028723937058112714 0.012953552320920103
2828 5000 2828 530 530 2828 2828 250 2604 1000 2604 3606 729 2828|0.001 -0.391451931734782 -0.10332711714115317 -0.5020095126298796
4910 5333 5333 1886 471 1886 9428 1000 4910 5333 5333 5333 1374 5000|0.001 0.4249135951673888 0.0884553406202615 -0.23091849845570334
187 921 1000 1768 354 88 354 1000 187 921 1000 1106 1275 258|0.001 0.016173664833578627 0.05016755142396523 -0.0008775580872910638
354 1000 1768 1000 921 921 1000 187 88 187 354 1275 1106 938|0.001 0.04458693025549021 0.04002936671951174 -0.03381445906914582
1768 1000 354 921 1000 1000 921 187 354 187 88 1275 1000 1275|0.001 -0.07026153531713097 -0.31986125353754224 -0.014220765985549777
204 1086 1086 384 96 384 1920 1000 204 1086 1086 1086 1018 280|0.001 0.04228480837284332 -0.06313146209070308 -0.34054046850627184
5333 5333 4910 471 1886 9428 1886 1000 5333 5333 4910 5897 1374 6799|0.001 -0.3000092569526669 -0.017732335742814964 0.03231935703005728
10416 4000 10416 2121 2121 11314 11314 4000 11314 20000 11314 10607 2915 12510|0.001 -0.07629292344656258 -0.06228780380517662 -0.11406692186101353
2828 5000 2828 2604 2604 2828 2828 250 530 1000 530 3606 2652 2828|0.001 -0.2723814881218345 0.011048312972072871 0.0145138576324233
96 1000 384 1086 204 204 1086 1086 384 1086 1920 1018 1086 280|0.001 0.04342219835745231 -0.1400270915750501 -0.02584506760160643
354 500 354 433 433 81 81 500 214 406 214 791 829 422|0.001 0.023002870998429792 0.02576175299352279 0.006389203263501564
493 188 816 2309 1155 938 1155 1000 493 188 816 976 1915 1152|0.001 0.005287492009820038 0.03113855567125956 0.02276200141010376
5004 1000 6158 4355 2632 2632 4355 5333 6158 5333 12317 5640 3079 6143|0.001 0.04985045311534986 -0.07783817109687785 -0.03032231108561656
2828 1000 1414 230 1225 1225 230 604 1414 604 1149 2236 707 2345|0.001 -0.03106141780419347 -0.07164872671403866 0.04704300731062094
200 1231 200 526 526 870 870 1231 1066 2462 1066 1127 1228 1040|0.001 0.03851689295442773 -0.1874584672767532 -0.03206235696553095
2027 1655 380 1901 2340 4680 2340 1000 2027 1655 380 1977 2334 3881|0.001 -0.025744056959039474 -0.1558364948798141 0.052953048191033414
1000 1297 533 245 1836 2693 702 1000 1000 1297 533 1731 1204 2438|0.001 0.014680492120515698 -0.03873770427182288 -0.01512041759470506
2076 1000 541 411 771 771 411 771 1415 771 189 1457 669 1879|0.001 0.015708885077574397 0.015599569326791851 0.04847099178799219
459 1000 1316 2432 1875 1875 2432 1875 3442 1875 5049 1266 1627 2257|0.001 0.03135233744276267 -0.12469127182452633 -0.029755530783569517
2179 2867 2179 4085 4085 5299 5299 7500 4085 11000 4085 2759 4918 7071|0.001 -0.1237676114480224 -0.09588431297971711 -0.031093496350604877
482 261 482 371 371 198 198 682 371 91 371 702 905 643|0.001 -0.012361522972106354 0.002795187978754665 0.03054792166513609
1000 533 1297 2693 1836 245 702 1000 1000 533 1297 1731 2438 1204|0.001 0.023424444092392527 0.039514517295762275 0.005041798544338505
354 500 354 433 354 66 81 750 326 453 214 791 1061 391|0.001 0.02170507340948591 0.02879030082254319 0.008203322427595694
921 187 1000 2828 2121 1282 1414 1225 604 230 1000 1106 2345 2074|0.001 0.010171198792339187 0.03552425638215784 0.01601957649089547
6835 1225 7542 5333 4910 3223 5333 5333 11314 6532 15085 6908 5333 8172|0.001 0.05337799168104729 -0.07267246410948114 -0.03293903296676115
2828 1000 1414 230 1225 1000 187 604 2121 921 1282 2236 707 3000|0.001 -0.0353454802267561 -0.07260800564872216 0.054470864276499054
179 1103 146 718 472 780 780 1655 956 2207 780 1113 1196 932|0.001 0.04520997934864157 -0.1801300771917691 -0.03076761367635572
2027 1655 380 2121 3510 4680 2340 1523 1655 1655 310 1977 3432 3881|0.001 -0.030134174234262012 -0.1778826588490845 0.04207903368466992
366 1000 366 1006 1605 1903 1434 1690 1690 1690 1690 1065 2556 2128|0.001 0.017322057211741626 -0.17416100250244315 -0.03174078443558659
1681 1596 994 364 1681 1681 364 1426 1681 1892 994 2542 1712 2377|0.001 -0.02205105035644972 -0.06032534003619472 0.029837169893642823
2731 1000 2731 4383 5196 3915 2746 4615 4615 4615 4615 2908 5811 3320|0.001 0.047824206346469555 -0.049593220865361554 -0.020093007450949774
1053 1185 228 623 1053 1053 623 626 1053 893 228 1326 410 1489|0.001 -0.02838925081740995 -0.1578928096936849 0.019525077669295676
366 1000 366 1903 1434 1006 1605 1690 1690 1690 1690 1065 1216 1158|0.001 -0.01449436304435614 -0.1851435927494549 -0.027506648073964968
888 753 526 192 888 888 192 844 888 528 526 639 896 1256|0.001 -0.01814645266722814 -0.04070537390320372 0.04845470172471167
2731 1000 2731 3915 2746 4383 5196 4615 4615 4615 4615 2908 3163 6980|0.001 0.04145175554150171 -0.0514559841772011 -0.017016312052148264
1179 701 255 698 1179 1179 698 1327 1179 1120 255 808 1920 1667|0.001 -0.01974578400982807 -0.12023116283215285 0.03465071212881865
950 592 595 1000 1000 217 217 1000 1126 592 848 390 1414 1009|0.001 0.008797712725339135 0.03254549025116349 0.01237915040003923
1126 217 950 1000 1000 592 592 1000 848 217 595 1009 1414 1629|0.001 0.011159952742572088 0.020219010208857302 0.01839386866907322
848 592 1126 1000 1000 217 217 1000 595 592 950 1629 1414 1018|0.001 0.009348908039028547 0.028622513634943836 0.012891831812036347
595 217 848 1000 1000 592 592 1000 950 217 1126 1018 1414 390|0.001 0.016602838275525666 0.03310941765633402 0.0006247721324403877
354 500 354 354 354 66 66 1000 326 500 326 791 1061 391|0.001 0.015647283369617515 0.036738189584406555 0.010896426156568051
921 187 1000 2828 2828 1414 1414 1000 921 187 1000 1106 3000 2202|0.001 0.011175619441623486 0.03691952748879013 0.01462469166576108
1000 921 187 1414 2828 2828 1414 1000 1000 921 187 1000 2236 3000|0.001 -0.037158055804128454 -0.2176583123369502 0.03212124122635274
7542 1000 7542 5333 4910 4910 5333 5333 15085 5333 15085 7608 5333 11743|0.001 0.057294262453073674 -0.06963930659062534 -0.03706214781057038
2828 1000 1414 187 1000 1000 187 921 2828 921 1414 2236 1000 3000|0.001 -0.03663805683920773 -0.07008154413242762 0.05669693635202533
133 1000 133 707 707 651 651 2000 707 2000 707 1009 1581 707|0.001 0.03131855208039047 -0.22130583696511108 -0.03769068343004167
1000 187 921 2828 2828 1414 1414 1000 1000 187 921 1000 3000 2236|0.001 0.010601274947827921 0.036488331058834866 0.016638359292342475
326 500 326 354 354 66 66 1000 354 500 354 778 1061 354|0.001 0.016408589479490754 0.03677068064571909 0.010612038101973642
3072 1000 1536 204 1086 1086 204 1086 3072 1086 1536 2391 1201 3258|0.001 -0.03690334105170834 -0.07028857217854734 0.055206629910358185
133 1000 133 651 651 707 707 2000 707 2000 707 1009 1557 782|0.001 0.03388042982238604 -0.2109105311043391 -0.03570774481621908
7542 1000 7542 4910 5333 5333 4910 5333 15085 5333 15085 7608 5897 11926|0.001 0.05554132064317763 -0.07032690808211006 -0.03660899752100044
1086 1086 204 1536 3072 3072 1536 1000 1086 1086 204 1201 2391 3258|0.001 -0.03600233309289158 -0.2131629971295912 0.03301905307510733
302 787 370 1104 1104 1209 1060 3000 566 2600 693 1045 2054 1382|0.001 -0.016716669949945473 -0.10334118170169937 -0.03559081846659651
513 1096 273 906 2719 2356 713 1000 628 960 335 1253 1861 2411|0.001 -0.04279686866695109 -0.07809944191192741 0.015515547563491605
2706 816 2129 2868 2987 2987 3272 1875 8119 1531 7036 2280 3404 5558|0.001 0.03369212330979421 -0.0673289505884056 -0.025891107424194093
1593 533 1530 3753 4330 1443 1135 816 1593 435 1745 1627 3841 2964|0.001 0.013820426949167075 0.03125129072575783 0.004924194979749608
408 303 465 218 266 142 116 1154 424 385 424 735 1174 434|0.001 0.02444909608819046 0.004350922572093907 -0.032449422428538766
2151 877 651 250 468 573 306 913 2481 913 827 1438 871 2525|0.001 -0.051314308131940045 -0.0994592828314389 0.05334693954623493
1000 1000 1000 908 908 908 908 222 2444 222 2444 1414 1023 1808|0.001 -0.019356297648112086 0.017974074006970042 0.034878441538992444
245 1000 1102 1102 2693 2693 1102 1000 245 1000 1102 1127 1992 2704|0.001 0.04483477198816033 -0.02026515968082232 0.03217013250907064
1000 1000 1000 908 908 908 908 2444 222 2444 222 1414 1808 1023|0.001 0.10981596812902117 0.0874080508600672 -0.04272960532393566
2693 1000 1102 1102 245 245 1102 1000 2693 1000 1102 1992 1127 2704|0.001 0.024707710783991033 -0.022040998641760234 -0.02163982396187536
1000 1000 1000 908 908 908 908 222 2444 222 2444 1414 1023 1808|0.001 -0.03896200871795874 -0.0710013043730684 0.002139192921135624
245 1000 1102 1102 2693 2693 1102 1000 245 1000 1102 1127 1992 2704|0.001 -0.08702896443688601 0.13199039261262868 0.13734735460307235
1000 1000 1000 908 908 908 908 2444 222 2444 222 1414 1808 1023|0.001 0.05659874899578199 0.020427672980505296 0.0093410364338542
2693 1000 1102 1102 245 245 1102 1000 2693 1000 1102 1992 1127 2704|0.001 -0.027501557999207726 -0.1253658016585435 -0.0449862900624487
4085 4500 4085 11000 11000 4500 4500 1000 4085 4500 4085 4603 11045 8136|0.001 -0.06753571824640647 -0.04697683669134922 0.009592584921305214
371 409 371 91 91 409 409 1000 371 409 371 740 1004 418|0.001 0.011484659745475412 -0.03800347663956316 -0.02858559566142116
4085 4500 4085 11000 11000 4500 4500 1000 4085 4500 4085 4603 11045 8136|0.001 -0.11449178405219862 -6.750835706337277e-05 0.02212783706106114
371 409 371 91 91 409 409 1000 371 409 371 740 1004 418|0.001 0.015513424421340627 -0.02905606652171766 -0.041426819189072095
302 573 302 1104 1104 956 956 3000 566 2200 566 815 2054 859|0.001 0.044351591224680575 -0.03122011126218127 -0.03766374650390203
513 866 273 906 2719 1994 520 1000 513 866 273 778 1861 2384|0.001 -0.0379650132056919 -0.05202978740663444 0.0345573426313428
3315 1000 1900 3169 3658 3658 3169 1875 9944 1875 7292 2702 4367 6807|0.001 0.018094402136112908 -0.17143480039824577 -0.04364381130496309
1951 533 1690 3889 5303 1768 1014 1000 1951 533 1690 1518 4650 3631|0.001 0.004532874895013528 0.038196205667886396 0.019184367888354092
435 261 435 257 257 137 137 1364 502 455 502 670 1196 390|0.001 0.014806562781997101 0.02340704580620967 0.013233937690144693
2301 1000 600 316 592 592 316 1154 3138 1154 1046 1543 1378 2751|0.001 -0.03004102860007629 -0.1922833401383861 -0.024036378675537096
1511 1295 806 271 2032 2980 777 1000 1511 1295 806 1916 1245 2888|0.001 0.002189706078241649 -0.06399719945871074 -0.15503437845218238
2301 1000 600 622 1167 1167 622 772 1569 772 209 1543 928 2230|0.001 -0.003247687818561662 -0.0472940974862357 0.039432092142372976
336 1000 963 1607 1241 1241 1607 1875 2521 1875 3697 1151 1491 1545|0.001 -0.005813196256443387 -0.09696556399231504 -0.021059928047032495
2975 2867 2975 3691 3691 4781 4781 7500 5579 11000 5579 3423 4596 7071|0.001 -0.09596912960103787 -0.06763451060175729 -0.004777135353408735
435 261 435 507 507 270 270 682 336 91 336 670 969 643|0.001 0.008110453764005321 -0.003393019592076163 0.005711476370995339
662 533 857 1972 1344 179 514 1000 662 533 857 1267 1911 824|0.001 0.020284620759412064 0.007189342915634445 -0.0003678808491591745
566 600 693 1000 1000 738 817 1000 71 950 87 1149 1414 1051|0.001 -0.029522015998147966 -0.03666818500389302 0.05280111565934886
71 738 566 1000 1000 950 600 1000 87 817 693 1051 1414 953|0.001 0.05572643674779387 -0.026502882866825672 0.010924662412268304
1443 816 866 1179 1443 1443 1066 125 1443 102 1371 1190 1190 2041|0.001 -0.034122654836011845 -0.02309453137167572 0.053792682156326155
11547 8000 9434 10970 11547 11547 6928 816 11547 6532 8524 12152 11000 16330|0.001 -0.18698937122044734 0.015872651390806958 0.025311270599994717
860 632 777 74 91 729 595 1053 1053 1053 1053 1001 1055 1108|0.001 -0.023272034523621477 -0.029161028593336358 0.01731492462786477
1287 1107 813 766 96 117 938 1355 1355 1355 1355 1630 977 1358|0.001 0.04755171720238538 0.0015764465057466204 -0.029751263755681823
87 817 693 1000 1000 950 600 1000 71 738 566 1052 1414 1002|0.001 -0.03187256201779509 0.05470710191370465 0.03532409598322461
693 600 566 1000 1000 817 738 1000 87 950 71 825 1414 1052|0.001 0.00362785305926705 0.017327080884559365 0.0012782218895690534
777 632 860 91 74 595 729 1053 1053 1053 1053 1266 1003 1107|0.001 0.0034625213094363616 -0.043780501298725794 -0.27924989464781835
1163 904 734 848 106 87 692 1224 1224 1224 1224 1164 1009 1166|0.001 -0.020561970924480866 -0.15127142750230416 -0.07043438475057506
1768 1225 1061 1305 1768 1768 1444 125 1768 153 1679 2031 1275 2500|0.001 -0.02468562615949188 -0.07321356909737786 -0.02050378392373986
14142 8000 10440 13435 14142 14142 8485 1225 14142 9798 11554 14866 14177 20000|0.001 -0.058843733905026285 -0.016594282559584395 -0.004267675480169597
566 600 693 1720 1720 1492 1284 3000 1061 2250 1299 1149 2441 1409|0.001 0.04053455070914813 -0.057200107765075225 -0.04490212854810771
616 867 329 581 1744 1308 349 1000 755 746 403 819 1419 1446|0.001 -0.03691586601620389 -0.036987048267650424 0.04171072289814948
1443 816 866 1853 2483 2483 2153 1875 4330 1531 3248 1190 3342 3524|0.001 -0.027070984320222147 -0.18731263403480636 -0.028372709412700647
1324 533 988 1732 2309 770 462 816 1324 435 1148 788 1915 1879|0.001 0.007916391800355527 0.043924745361239026 0.015466450982795088
570 267 663 471 577 308 251 1333 765 444 765 865 1414 455|0.001 0.009989165966066693 0.042888391918469715 0.018114129787669686
1508 860 402 379 711 871 464 1153 2011 1153 670 1119 1406 2133|0.001 -0.036610859403822804 -0.17718646168382257 -0.004823570333500893
750 1000 750 1021 1604 1865 1395 1875 2812 1875 2812 1250 2490 2432|0.001 0.01603369602305671 0.060916336243339586 0.03489656281859599
1836 1571 979 734 2754 2754 734 1366 1836 1826 979 2438 2050 3310|0.001 -0.005663017360453271 -0.02240873902119911 0.025908935586629323
1333 1000 1333 2139 2486 1860 1362 3750 2500 3750 2500 1667 3243 1918|0.001 0.08013259397572359 0.03160868272645612 -0.0037561136933450534
1753 1162 467 623 1169 1169 623 637 1753 869 467 1516 674 2107|0.001 -0.032755560415173024 -0.16680363497420414 -0.0032639003921963727
750 1000 750 1865 1395 1021 1604 1875 2812 1875 2812 1250 1439 1681|0.001 0.0047216216420054025 -0.1765906749978452 -0.03957258417806919
1006 748 536 402 1508 1508 402 860 1006 548 536 772 1119 1813|0.001 -0.01901920556612202 -0.0114432422636912 0.05693586969779396
1333 1000 1333 1860 1362 2139 2486 3750 2500 3750 2500 1667 2241 3320|0.001 0.05394257177817163 0.007720976866307794 0.008224234674081288
2016 732 538 717 1344 1344 717 1337 2016 1150 538 1205 1911 2424|0.001 -0.005450372177769891 -0.04851277137737808 0.011140654328143373
856 533 545 1500 1500 400 400 1000 994 533 744 576 1803 1113|0.001 -0.00913333960636531 -0.00540416988253245 0.015679296983217572
663 267 570 667 667 356 356 1000 496 267 363 742 1202 948|0.001 0.00912185969685897 0.014315875198303019 0.007132681616155434
744 533 994 1500 1500 400 400 1000 545 533 856 1421 1803 1117|0.001 0.012755022668733407 0.007993469000464604 0.006238393673383413
363 267 496 667 667 356 356 1000 570 267 663 744 1202 384|0.001 0.003982359503484911 0.012108540114559307 0.023942068358773216
693 200 693 1600 1600 800 800 1000 693 200 693 825 1887 1327|0.001 0.008446266965465021 0.020685419988013543 0.020685470430836794
433 500 433 625 625 125 125 1000 433 500 433 829 1179 515|0.001 0.01817295319085588 0.023733919025508143 0.00959071684809798
693 200 693 1600 1600 800 800 1000 693 200 693 825 1887 1327|0.001 0.008424613458868357 0.022773938588924736 0.01856209724133917
433 500 433 625 625 125 125 1000 433 500 433 829 1179 515|0.001 0.011540880166380774 0.02845741046541228 0.010566431356784367
1443 1000 289 1155 2309 2309 1155 1000 1443 1000 289 1190 1915 2723|0.001 -0.032929633735004904 -0.1785184493359826 0.02599848665423732
4000 1000 4000 3464 3464 3464 3464 5000 8000 5000 8000 4123 4123 6633|0.001 0.03124248038220534 -0.07552530999471951 -0.032985660076046974
2309 1000 1155 289 1443 1443 289 1000 2309 1000 1155 1915 1190 2723|0.001 -0.02635151821542947 -0.06714092610419775 0.03649951311217148
250 1000 250 866 866 866 866 2000 1250 2000 1250 1031 1658 1031|0.001 0.03857393335444881 -0.12759322268904527 -0.020631587198983725
1443 1000 289 1155 2309 2309 1155 1000 1443 1000 289 1190 1915 2723|0.001 -0.027360153419101474 -0.14592832887860507 0.041740798842637705
4000 1000 4000 3464 3464 3464 3464 5000 8000 5000 8000 4123 4123 6633|0.001 0.052581641476869834 -0.05476999687213602 -0.032578864220264014
2309 1000 1155 289 1443 1443 289 1000 2309 1000 1155 1915 1190 2723|0.001 -0.032344298847699626 -0.07437083150159562 0.027312386474076522
250 1000 250 866 866 866 866 2000 1250 2000 1250 1031 1658 1031|0.001 0.037277797039918514 -0.18042674031306327 -0.03485384416735626
693 600 566 1720 1720 1284 1492 3000 1299 2250 1061 825 2441 1023|0.001 0.03470007468008962 -0.028787632797264706 -0.02228661951584998
755 746 403 581 1744 1308 349 1000 616 867 329 595 1419 1849|0.001 -0.030969068249107057 -0.050592197660759286 0.03242545301647137
1768 1225 1061 2637 3041 3041 2269 1875 5303 2296 3977 2031 3708 4316|0.001 0.020125392396370678 -0.16085637932731767 -0.041100717239547224
1622 533 1406 2121 2828 943 566 1225 1622 653 1210 1328 3000 2302|0.001 0.008693674234354631 0.03259297756068813 0.015306539765964633
663 267 570 577 471 251 308 1333 765 444 765 742 1106 626|0.001 0.019871632445784826 0.03808316872204065 -7.980542052310469e-05
1753 1162 467 540 1012 826 441 1340 2337 1340 779 1516 1804 1938|0.001 -0.028914418433801936 -0.13900164358162437 0.007465406804914032
750 1000 750 1395 1865 1604 1021 1875 2812 1875 2812 1250 2665 2087|0.001 0.023460768601262227 -0.18110985620519493 -0.045011442708441374
1344 1337 717 538 2016 2016 538 732 1344 1150 717 1911 1205 2424|0.001 -0.011113338030571684 -0.07621365134892755 -0.00460792022445311
1333 1000 1333 2486 2139 1362 1860 3750 2500 3750 2500 1667 2783 1441|0.001 0.02111455895311032 -0.06088275855446135 -0.019510192542649962
1508 860 402 536 1006 1006 536 748 1508 548 402 1119 772 1813|0.001 -0.012702027631975588 -0.11493325021691203 -0.014978149905888749
750 1000 750 1604 1021 1395 1865 1875 2812 1875 2812 1250 1081 2094|0.001 0.06286632145915405 -0.08831922186634533 -0.026561485010455632
1169 637 623 467 1753 1753 467 1162 1169 869 623 674 1516 2107|0.001 -0.02931935641670047 -0.01808344389864658 0.07627333160637129
1333 1000 1333 1362 1860 2486 2139 3750 2500 3750 2500 1667 2791 3553|0.001 0.01835947697977902 -0.02846132283426228 0.008557966890205826
2754 1366 734 979 1836 1836 979 1571 2754 1826 734 2050 2438 3310|0.001 -0.018960827799051616 -0.13790673573849999 -0.034986338609164225
994 533 744 1500 1500 400 400 1000 856 533 545 767 1803 1297|0.001 -0.019248094479932254 0.011680029133083192 0.022299253006208275
570 267 663 667 667 356 356 1000 363 267 496 865 1202 885|0.001 0.003739231123509601 0.019103195412681906 0.02296324018467688
545 533 856 1500 1500 400 400 1000 744 533 994 1328 1803 896|0.001 0.036237357404498294 0.0052832387424661675 -0.0014289154490254585
496 267 363 667 667 356 356 1000 663 267 570 598 1202 512|0.001 0.01532545340072522 -0.00833331191364417 -0.0076115841332558
354 1000 1768 1225 230 230 1225 604 88 604 354 1275 1195 290|0.001 -0.02145294638077 0.03607792189564085 0.053973289104416455
693 200 693 566 566 342 342 200 130 50 130 825 721 676|0.001 0.00014392731546575277 0.008859509644727481 0.03873208031850428
2828 5000 2828 650 650 3464 3464 250 1709 1000 1709 3606 820 2000|0.001 -0.5337045956219277 0.011312902935283198 0.16141180514589903
2632 5333 4355 1540 385 1540 7698 1000 2632 5333 4355 3079 1262 2742|0.001 0.18681812109539564 0.028454820305321427 -0.3244083171296841
230 604 1225 1768 354 88 354 1000 230 604 1225 1195 1275 290|0.001 0.0030535295707223575 0.02944581056151696 0.009400148050584534
289 1000 1443 816 493 493 816 188 72 188 289 1190 976 514|0.001 -0.08626960364320757 0.050511897737948175 0.14092627156463866
1443 1000 289 493 816 816 493 188 289 188 72 1190 577 1041|0.001 -0.006032035685615833 -0.05450482034895954 0.07097220019471884
380 1655 2027 585 146 585 2925 1000 380 1655 2027 1170 1042 480|0.001 0.027143625235448443 0.023472074073889182 -0.25074951531909306
4355 5333 2632 385 1540 7698 1540 1000 4355 5333 2632 5203 1262 5551|0.001 -0.10234871424148251 -0.03128140303530258 0.1580474629968842
6837 4000 6837 2598 2598 13856 13856 4000 11314 20000 11314 7124 3279 13519|0.001 0.14856094121755703 0.008905332841464553 -0.3369854167640829
3464 5000 3464 1709 1709 2828 2828 250 650 1000 650 4123 1781 2000|0.001 -0.3128354883901874 -0.0254395746873326 0.058448811244578014
146 1000 585 2027 380 380 2027 1655 585 1655 2925 1042 1170 480|0.001 0.04800532925135492 -0.10437399554901416 -0.01209238510323063
354 500 354 354 354 66 66 500 326 406 326 791 791 391|0.001 0.019246358056204116 0.02621374609026672 0.007727040414302611
921 187 1000 2828 1414 1149 1414 1000 921 187 1000 1106 2236 1572|0.001 0.006684905554039666 0.027180805651521034 0.021912362141986996
6128 1000 7542 5333 4910 4910 5333 5333 7542 5333 15085 6872 5333 8386|0.001 0.05407816039112001 -0.060577261369403335 -0.027098308098412183
2828 1000 1414 187 1000 1000 187 921 1414 921 1149 2236 1000 2236|0.001 -0.024899788522212418 -0.08176573876203297 0.02610290795238779
163 1231 163 801 801 870 870 1231 870 2462 870 1121 1368 962|0.001 0.05462130944054566 -0.16411211430237493 -0.03036280031130656
1086 1086 204 1248 1536 3072 1536 1000 1086 1086 204 1201 1708 2429|0.001 -0.03239577039090169 -0.18963016340415417 0.03707150986689278
354 500 354 354 433 81 66 750 214 453 326 791 829 422|0.001 0.016496509275294446 0.03165769507116112 0.00986064754660898
493 188 816 2309 1732 1046 1155 816 752 153 816 976 2449 1251|0.001 0.00926889052170976 0.030758156147512317 0.018667935002445457
5581 816 6158 4355 2632 4009 4355 5333 9238 4355 12317 6212 3079 9033|0.001 0.05226648112413024 -0.06816547230591663 -0.031921901270157704
2828 1000 1414 187 1000 1225 230 921 2121 604 1282 2236 1000 2345|0.001 -0.031569619506263136 -0.07612392007788626 0.043721876937719006
146 1103 179 472 718 780 780 1655 780 2207 956 1011 1618 863|0.001 0.04258958958148984 -0.1835227257151073 -0.030919734978943625
1086 1086 204 1392 2304 3072 1536 656 1330 1086 249 1201 1664 3258|0.001 -0.03529949061746751 -0.19908944794027716 0.03906607401766404
354 500 354 333 333 62 62 1000 445 500 445 791 1054 359|0.001 0.015844228881558564 0.03741738487238466 0.010921629577200775
1336 188 1061 3000 3000 1500 1500 1000 1336 188 1061 1077 3162 2507|0.001 0.01058745851802545 0.03751808536295753 0.016170299600783977
943 1260 177 1414 2828 2828 1414 1000 943 1260 177 1374 2236 2981|0.001 -0.03706435431019228 -0.2196795511725591 0.02983412594988355
8000 1000 8000 5657 7126 7126 5657 5333 16000 5333 16000 8062 7775 13371|0.001 0.05798333700281599 -0.06752780551127158 -0.03675854164981396
2828 1000 1414 177 943 943 177 1260 2828 1260 1414 2236 1374 2981|0.001 -0.03732544445607999 -0.06904243356775308 0.05700603298234519
125 1000 125 707 707 891 891 2000 667 2000 667 1008 1581 972|0.001 0.03173082771674718 -0.22216243196366947 -0.03780673055207462
1061 188 1336 3000 3000 1500 1500 1000 1061 188 1336 1458 3162 2372|0.001 0.011002155916097767 0.036650301908449645 0.015121165523050983
445 500 445 333 333 62 62 1000 354 500 354 836 1054 486|0.001 0.015994840580644265 0.036666055643770346 0.01083142652973157
2245 1000 1123 140 748 748 140 794 2245 794 1123 1876 806 2367|0.001 -0.037349343412456104 -0.06947432848408042 0.05790793138734651
125 1000 125 891 891 707 707 2000 667 2000 667 1008 1671 718|0.001 0.03089260789543191 -0.2167367718348645 -0.03661286567236188
8000 1000 8000 7126 5657 5657 7126 5333 16000 5333 16000 8062 5745 12649|0.001 0.05807135721336065 -0.06752472764513962 -0.036175169451370115
748 794 140 1123 2245 2245 1123 1000 748 794 140 806 1876 2367|0.001 -0.03786207792840557 -0.22227969792623203 0.03169244577337249
2200 1000 2200 1116 1116 1116 1116 3000 1500 3000 1500 2417 2060 2132|0.001 0.07469758071339205 0.016582985733128996 -0.009548002506355457
2689 1000 896 1972 1344 1344 1972 1000 2689 1000 896 1847 1911 3006|0.001 0.01934852785110186 0.012065819364555086 0.019406421741856583
455 1000 455 507 507 507 507 682 1364 682 1364 1098 969 937|0.001 -0.045743134953193376 -0.148011716271097 -0.03261686753993298
1344 1000 1972 896 2689 2689 896 1000 1344 1000 1972 1911 1847 3006|0.001 -0.05492665567841448 0.04929007883911929 0.0646772792403949
2200 1000 2200 1116 1116 1116 1116 3000 1500 3000 1500 2417 2060 2132|0.001 0.02166647383385012 -0.023214110200897586 0.01573879979647419
2689 1000 896 1972 1344 1344 1972 1000 2689 1000 896 1847 1911 3006|0.001 0.030406931651965063 0.036324626715380504 0.027645369502562467
455 1000 455 507 507 507 507 682 1364 682 1364 1098 969 937|0.001 -0.032138802777456066 -0.13842445248379742 -0.025473437429679446
1344 1000 1972 896 2689 2689 896 1000 1344 1000 1972 1911 1847 3006|0.001 -0.05525271755910999 0.05386649142969269 0.1052765829008151
372 333 372 500 500 733 733 1000 372 333 372 687 1118 711|0.001 0.0006313369279853376 -0.0407610241680989 0.043278517715386045
744 1467 744 2000 2000 667 667 1000 744 1467 744 1421 2236 1374|0.001 -0.031772619918529754 0.020396044985109274 0.02265206750360127
372 333 372 500 500 733 733 1000 372 333 372 687 1118 711|0.001 0.021547849353966697 0.005306028473504032 -0.030250480012615766
744 1467 744 2000 2000 667 667 1000 744 1467 744 1421 2236 1374|0.001 -0.055130857172488446 0.04650079430166043 0.025600728920418536
1720 1282 918 1600 3000 1000 533 1720 1720 1516 918 1990 3162 2441|0.001 -0.02857165085588087 0.003908762623521245 0.030388460707644338
573 333 573 1075 625 802 947 1875 1075 625 1075 814 1179 1244|0.001 0.016131749645442728 -0.0033208617084778957 -0.00041537818921577596
780 1182 416 716 1342 1342 716 780 2339 1342 1248 1475 1058 1904|0.001 -0.015209740089026091 -0.09321472391944141 -0.012746215707747366
1744 1000 581 1652 1875 1090 1398 1875 3269 1875 1090 1419 2508 2056|0.001 -0.014821542907934582 -0.12982061422879165 -0.03373148948925042
1000 533 881 581 1744 930 310 1000 581 533 745 1027 1419 1838|0.001 -0.0020388676771854186 0.030541744203576027 0.038426825636965756
1516 533 1282 1720 1720 918 918 3000 1720 1600 1000 1196 2441 1766|0.001 0.027794297361263265 0.01090375091602036 -0.010482886701000949
520 1000 520 2036 2279 1757 1428 1500 2400 1500 2400 1127 2966 1938|0.001 0.0020303014176792367 -0.22639505355830813 -0.04142870989712777
737 1120 491 255 1179 1179 255 701 737 863 491 1457 808 1390|0.001 -0.041502293696717985 -0.024570213876689007 0.07549162013295474
1923 1000 1923 4383 3380 2746 3915 4615 2885 4615 2885 2168 3726 2307|0.001 0.07308208545127037 -0.024756174236657547 -0.04243577765505324
1053 771 228 439 658 658 439 893 1053 626 228 850 826 1242|0.001 -0.043653251815530814 -0.22903730597683247 0.004227455222705068
520 1000 520 1757 1428 2036 2279 1500 2400 1500 2400 1127 1199 2444|0.001 0.010966433901904438 -0.20541119690250187 -0.03764712492552613
853 812 569 296 1366 1366 296 1297 853 1158 569 683 1508 1610|0.001 -0.03920429909585299 -0.02634854048504942 0.07470022343349703
1923 1000 1923 2746 3915 4383 3380 4615 2885 4615 2885 2168 4701 5703|0.001 0.0780753470989537 -0.021619896284609252 -0.04056570462399711
1681 1426 364 700 1051 1051 700 1231 1681 1596 364 1712 1811 1982|0.001 -0.04035400357706109 -0.22662593230695416 -0.0023677432597735137
1519 667 1357 1600 1600 347 347 1000 1172 667 952 1255 1887 1767|0.001 0.0028618615461839525 0.04015050824247579 0.016792364145683525
732 217 950 625 625 417 417 1000 595 217 848 1104 1179 1078|0.001 0.01598405862735408 0.043791727485722465 0.002164945259541806
952 667 1172 1600 1600 347 347 1000 1357 667 1519 1724 1887 1096|0.001 -0.0012179571212544982 0.04249992351040621 0.017329383303696932
848 217 595 625 625 417 417 1000 950 217 732 685 1179 784|0.001 0.015985652848804488 0.037611745865375745 0.00458610647183999
520 1000 520 1428 1757 2279 2036 1500 2400 1500 2400 1127 2586 2650|0.001 0.005616475706193835 -0.2287435110308278 -0.04285906288005181
1051 1231 700 364 1681 1681 364 1426 1051 1596 700 1811 1712 1982|0.001 -0.038937244037584584 -0.027069406057529388 0.07220837464135821
1923 1000 1923 3380 4383 3915 2746 4615 2885 4615 2885 2168 5097 3620|0.001 0.07297333478561097 -0.02704669356587419 -0.03902052978289383
1366 1297 296 569 853 853 569 812 1366 1158 296 1508 683 1610|0.001 -0.036994923743755015 -0.20621100852068364 0.00941181204927366
520 1000 520 2279 2036 1428 1757 1500 2400 1500 2400 1127 1883 1645|0.001 0.0029886822304381333 -0.21862628680622165 -0.03913576633981619
658 893 439 228 1053 1053 228 771 658 626 439 826 850 1242|0.001 -0.037472142094393535 -0.026728660025598927 0.07229418761164785
1923 1000 1923 3915 2746 3380 4383 4615 2885 4615 2885 2168 3163 4974|0.001 0.07383279756163041 -0.025252963967624664 -0.04164085293385855
1179 701 255 491 737 737 491 1120 1179 863 255 808 1457 1390|0.001 -0.042565953382533994 -0.2306302071559585 0.00029772747421885626
1172 667 952 1600 1600 347 347 1000 1519 667 1357 800 1887 1292|0.001 0.0012119699940438267 0.041821344288104356 0.01707139229105481
950 217 732 625 625 417 417 1000 848 217 595 807 1179 1236|0.001 0.014957973155558246 0.03553509031471558 0.009049146951138898
1357 667 1519 1600 1600 347 347 1000 952 667 1172 1977 1887 1630|0.001 0.0020084642944784292 0.04429715705693171 0.015714211929136468
595 217 848 625 625 417 417 1000 732 217 950 1018 1179 500|0.001 0.016358146616446412 0.04120685004457281 0.0028917292432750763
1000 881 533 930 1744 581 310 581 1000 745 533 1027 1097 1419|0.001 -0.019276175219665737 -0.027399852065520536 0.019679173072568723
573 333 573 625 1075 947 802 1875 1075 625 1075 814 1976 1104|0.001 0.019049112544082814 -0.03819062675764706 -0.02255290304163271
581 533 745 581 1744 930 310 1000 1000 533 881 1157 1419 1097|0.001 0.0005413169874568524 0.011994834668715981 0.02769811187939286
1282 533 1516 1720 1720 918 918 3000 1000 1600 1720 1892 2441 1990|0.001 0.030021398428234924 0.009602156888901536 0.009817675201773124
660 846 352 605 1135 1135 605 1135 1979 660 1055 789 1518 1610|0.001 -0.03856163409476476 -0.17213193684145534 -0.025373860178684593
1744 1000 581 1398 1090 1875 1652 1875 3269 1875 1090 1419 1479 3446|0.001 0.029376582103171067 0.04171597488634493 0.019231384478417546
366 1000 366 1434 1903 1605 1006 1690 1690 1690 1690 1065 2753 1705|0.001 0.02505056419049634 -0.1761519994062377 -0.03706139267659392
1179 1327 698 255 1179 1179 255 701 1179 1120 698 1920 808 1667|0.001 -0.03357394599441843 -0.03894858359230757 0.05908284959287968
2731 1000 2731 5196 4383 2746 3915 4615 4615 4615 4615 2908 4655 1798|0.001 0.06825487601807456 -0.022666403584836736 -0.030486877844472238
888 844 192 526 888 888 526 753 888 528 192 896 639 1256|0.001 -0.02388018821047333 -0.15212169200034875 0.0065448560386727195
366 1000 366 1605 1006 1434 1903 1690 1690 1690 1690 1065 659 1721|0.001 0.01867011190261003 -0.1744213470507805 -0.03170121497300449
1053 626 623 228 1053 1053 228 1185 1053 893 623 410 1326 1489|0.001 -0.019448763710961936 -0.022690345323266303 0.06619866928227802
2731 1000 2731 2746 3915 5196 4383 4615 4615 4615 4615 2908 4701 7517|0.001 0.047734198978823805 -0.047000500444027704 -0.02830192171318191
1681 1426 364 994 1681 1681 994 1596 1681 1892 364 1712 2542 2377|0.001 -0.028698448313575486 -0.16531244660125233 0.017718081690336618
1126 592 848 1000 1000 217 217 1000 950 592 595 719 1414 1259|0.001 0.011147292349646953 0.03208329420315126 0.01272961916453097
950 217 1126 1000 1000 592 592 1000 595 217 848 1259 1414 1512|0.001 0.017218801206879686 0.029715381453292444 -0.002172696202782376
595 592 950 1000 1000 217 217 1000 848 592 1126 1512 1414 685|0.001 0.015090631692964429 0.038104844231920953 0.009498865464350192
848 217 595 1000 1000 592 592 1000 1126 217 950 685 1414 719|0.001 0.009394210028859096 0.02450408053795039 0.018915487553363697
1744 1000 581 467 1000 1000 467 961 581 961 39 1419 1151 1419|0.001 0.0600393233740526 0.1438096796092725 0.0280957120688341
573 333 573 573 573 268 268 333 551 22 551 814 814 710|0.001 -0.016412816995395874 -0.03381194825075706 0.0218964018185952
961 467 1000 1744 581 39 581 1000 961 467 1000 1238 1419 973|0.001 0.004884181494244633 -0.03894947930012216 -0.016435152998366398
83 1000 1246 2143 2060 2060 2143 2143 1246 2143 3737 1050 2466 2085|0.001 -0.011992598742472937 0.19900197444826517 0.08162817956407276
1040 1040 485 40 605 1814 605 1000 1040 1040 485 1288 1012 1476|0.001 0.04457728638863623 0.009903372587876103 -0.9365891390728476
12043 15000 12043 24808 24808 25807 25807 15000 25807 45000 25807 12651 25109 31954|0.001 -0.8759815503867086 -0.03701944030897075 0.02018712701914227
2032 1000 271 144 269 269 144 927 1651 927 68 1245 859 1851|0.05 -0.042988513590829225 -0.36145915328692824 0.019827626228312578
492 133 492 133 133 71 71 812 456 33 456 613 911 539|0.05 0.007858516717205166 0.040372061725937325 0.0139758288813141
3441 533 3712 7542 6128 251 1006 1000 3441 533 3712 4066 6872 3658|0.05 0.01483824399280742 0.03825801664940398 0.008284000210161402
471 1000 1886 6960 6452 6452 6960 1875 11490 1875 14142 1374 5976 6859|0.05 0.029820379536829034 -0.32572686144508145 -0.03655756855276415
291 1079 155 73 1781 2192 292 1000 291 1079 155 1182 1063 1997|0.05 -0.028227575110453262 -0.06348313375984183 0.2413384050361933
2121 4000 2121 13687 13687 14765 14765 24375 3977 30000 3977 2915 14550 16171|0.05 0.25399495942525663 -0.05986652668171333 -0.03151656174348427
566 200 566 1600 1600 1200 1200 1000 693 200 693 721 1887 1327|0.05 0.008706106536073843 0.01566175083441701 0.024122959251338116
354 750 433 625 625 125 125 1000 354 750 433 1061 1179 451|0.05 0.028268197246543725 -0.0020588754726280634 0.012500352334925413
693 200 693 1600 1600 1200 1200 1000 566 200 566 825 1887 1697|0.05 0.014852447487625486 0.017104476181197814 0.012619251737922
433 750 354 625 625 125 125 1000 433 750 354 829 1179 515|0.05 0.011659848753913238 0.023874799310452666 0.01532320241945051
1768 1000 354 2121 2828 2828 2121 1225 1768 1225 354 1275 3000 3335|0.05 -0.05103878461011013 -0.2881995476556731 -0.019736968713220948
6000 1000 6000 2828 2828 3464 3464 5000 8000 5000 8000 6083 3606 8485|0.05 0.0869286468239805 -0.009645956462118743 -0.046196029094220936
2309 816 1732 289 1443 1443 289 1000 2309 816 1732 1915 1190 2723|0.05 0.016095331142524927 -0.03757328398647619 0.05696565865093817
167 1000 167 577 471 471 577 1333 833 1333 833 1014 1106 601|0.05 0.04587641993859748 0.04366836790912432 0.02674760383700514
1443 1000 289 1732 2309 2309 1732 816 1443 816 289 1190 1915 2723|0.05 -0.05524961696501518 -0.2893016457845998 0.0023394012003130626
6000 1000 6000 3464 3464 2828 2828 5000 8000 5000 8000 6083 4123 6633|0.05 0.08124563315400346 -0.0072243478935218874 -0.04637016723288756
2828 1225 2121 354 1768 1768 354 1000 2828 1225 2121 3000 1275 3335|0.05 -0.04572280122031147 -0.019885538526099866 0.05604774519480715
167 1000 167 471 577 577 471 1333 833 1333 833 1014 1414 687|0.05 0.0016185366840959503 -0.27352493094737085 -0.04765203238102811
921 187 1000 1768 354 88 354 1000 921 187 1000 1106 1275 938|0.05 0.0050232988365706 -0.021792244089055002 0.0002237112006064912
471 1000 1886 5333 4910 4910 5333 5333 1886 5333 9428 1374 5333 5000|0.05 0.10888254437570355 -0.06067663716056382 0.0028034860532333283
1768 1000 354 187 1000 1000 187 921 354 921 88 1275 1000 1275|0.05 0.048079547689681146 0.16455571463698915 0.004339039857268467
566 200 566 566 566 106 106 200 521 50 521 721 721 625|0.05 0.003219049421139264 -0.03842956448151913 0.013324909308896071
2121 4000 2121 10416 10416 11314 11314 4000 11314 20000 11314 2915 10607 12510|0.05 0.03355984294610925 -0.034687402733647454 0.011327583287197296
1086 1086 204 96 384 1920 384 1000 1086 1086 204 1201 1018 1385|0.05 0.015587490298101248 -0.015289716596891267 -0.1551426074394091
5543 1875 5683 4355 2632 4934 8165 5333 6289 10000 7698 5551 3079 7914|0.05 0.14887578603124174 0.002037691473950609 -0.09355246423902619
176 975 330 1437 766 463 868 1355 938 1107 1760 1055 1071 542|0.05 0.022240447036139255 -0.14289976693978024 -0.017630153471762666
566 738 1061 1299 693 130 244 817 342 720 641 1456 1510 676|0.05 -0.02392771322264009 0.07203003598954316 0.020595290798213206
2390 1875 2106 380 2027 3800 712 1655 2925 3103 2159 3007 1977 4417|0.05 -0.010201185156104575 -0.030476297086677873 0.13848895191475696
2027 1655 380 1123 1275 1560 1152 533 1081 882 203 1977 1175 1700|0.05 -0.026058810921364417 -0.18057952543675815 0.010477928481320564
816 188 493 629 770 568 554 533 435 100 263 577 839 1121|0.05 0.016146210372283143 0.06610008427221814 -0.0194839047241413
3667 1000 3667 1362 1860 1860 1362 3750 2500 3750 2500 3801 2791 3553|0.05 0.09365655383553051 0.03510515800224878 -0.048028369235469937
2754 1366 734 2693 1836 1836 2693 1000 2754 1366 734 2050 2438 3310|0.05 -0.06753387142404588 -0.27338935128499164 -0.030936766355899037
273 1000 273 507 507 371 371 682 1023 682 1023 1037 969 611|0.05 -0.0582739284783218 -0.23835997583002144 -0.04355148279954313
1344 1000 1972 538 2016 2016 538 732 1344 732 1972 1911 1205 2424|0.05 -0.0357768838628203 0.05319490722640596 0.10011224611735425
3667 1000 3667 1860 1362 1362 1860 3750 2500 3750 2500 3801 2241 3320|0.05 0.05871605032951477 -0.011688784453434131 0.020068271459037224
2016 732 538 1972 1344 1344 1972 1000 2016 732 538 1205 1911 2424|0.05 0.0037822619470473384 -0.061721939613601506 0.004299055940355512
273 1000 273 371 371 507 507 682 1023 682 1023 1037 905 761|0.05 -0.061046726986249134 -0.31007663317341283 -0.0648611544557165
1836 1000 2693 734 2754 2754 734 1366 1836 1366 2693 2438 2050 3310|0.05 -0.04138636267842721 0.036331702057421644 0.09165781913714532
496 267 363 667 667 978 978 1000 496 267 363 598 1202 948|0.05 0.025429308655149363 0.01648074956934975 -0.028646162840076927
744 1467 744 1500 1500 400 400 1000 545 1467 545 1421 1803 1117|0.05 -0.00924655437673394 -0.0017985220207605845 0.020503604046033796
363 267 496 667 667 978 978 1000 363 267 496 744 1202 885|0.05 0.024534448760107352 0.02426971979760717 -0.03785620900066289
545 1467 545 1500 1500 400 400 1000 744 1467 744 1328 1803 896|0.05 -0.04522501299648263 0.05193614811963565 0.021704852375492578
1225 604 230 1414 2828 1414 1149 1000 1225 604 230 707 2236 2345|0.05 -0.053899205126496375 -0.34012063352849786 -0.008225756131269302
162 812 162 707 707 427 427 2000 866 1000 866 916 1581 500|0.05 -0.013468403151265518 -0.3684614797598895 -0.059449531696927904
816 188 493 1155 2309 1155 938 1000 816 188 493 577 1915 1826|0.05 0.020703893708660104 0.06129526139432295 -0.012015212606354408
427 812 427 866 866 162 162 2000 707 1000 707 998 1658 500|0.05 -0.01422828784768515 0.06416589402674866 0.020415851825474896
2340 1000 1901 380 2027 2027 380 1655 4680 1655 2340 2334 1977 3881|0.05 -0.06013365255949199 0.029620100347109712 0.10906481368230914
6158 1000 5004 2632 4355 4355 2632 5333 12317 5333 6158 5640 5203 9737|0.05 0.10769269070766585 0.020904604358562562 -0.053862572142132636
493 188 816 1443 866 180 289 816 752 153 816 976 1658 561|0.05 0.006114705763087258 0.007590426627588354 0.01615434852233033
962 816 1540 4355 2632 4009 4355 5333 4619 4355 7698 1743 3079 4788|0.05 0.006870889167867045 0.046733478386238314 0.01934267665709033
1225 604 230 354 1768 1061 221 1000 1000 921 187 707 1275 2031|0.05 0.01134917697471538 -0.0008178124343227733 0.029510710429101472
1768 1000 354 187 1000 1225 230 921 1061 604 221 1275 1000 1458|0.05 0.008243737986890487 -0.04028346122976645 -0.0528350790017873
650 625 530 2828 2828 1709 2604 5000 3464 3000 2828 820 3606 2000|0.05 0.05578143442755312 0.000697504436486529 -0.0028090547757519957
566 200 566 566 693 130 106 600 342 125 521 721 825 676|0.05 0.012399964826335097 -0.04424806019398764 0.0031790410386989265
868 208 570 1155 943 177 217 1667 943 333 943 648 1374 943|0.05 0.01757907456157115 -0.006552101515293618 0.0012808070288095053
849 1600 1039 2735 4167 4525 4525 4800 4525 8000 5543 1311 4976 5004|0.05 0.0952193700417947 0.017075713381431434 0.008491762006948012
1755 1523 366 380 2027 1655 310 1655 2925 1655 585 1819 1977 2412|0.05 0.01115256803556175 0.0287624460325131 0.057784758512418044
1886 1225 1179 4910 5333 5333 3223 5333 9428 6532 5657 2134 5897 6799|0.05 0.11553397915656127 0.10352709555299544 -0.003477337148444226
1086 1086 204 240 1152 1920 384 656 1330 1086 249 1201 747 2206|0.05 0.02092340450412067 0.07370451220307439 0.08576769248545002
1000 187 921 1061 1768 354 221 1225 1000 230 604 1000 2031 1275|0.05 0.013631228028305742 0.004147621586882977 0.010167930645865741
693 200 693 533 533 436 436 1000 370 573 370 825 1133 805|0.05 0.027009948715857046 0.09145054762519811 -0.034857181495470124
693 817 1299 1875 1875 1075 375 1000 693 817 1299 1510 2125 1580|0.05 -0.04701756805896018 0.08796763871846913 0.028961267789913148
1443 1000 289 629 770 770 629 533 1443 533 828 1190 839 1636|0.05 -0.08502108251637996 -0.5424268143021715 -0.03710037802970745
1443 1875 1179 1552 2706 2706 541 1000 1443 1875 1179 2179 2280 3067|0.05 -0.14099856292526747 0.046758442643883846 0.048935759053598815
760 349 760 644 644 1208 1208 1744 930 1744 930 963 1470 1405|0.05 0.04400500549755826 0.023144827704320026 -0.14698357046644128
1316 1000 459 1590 848 848 1590 1224 2295 1224 2295 1266 1334 1934|0.05 -0.05118631348056901 -0.5268711344946564 -0.07008634033174421
493 188 816 770 629 554 568 533 263 100 435 976 1162 791|0.05 0.020010277703981227 0.07192433216001382 -0.017189488500628514
1225 604 230 696 943 770 679 533 653 322 122 707 745 1424|0.05 -0.04977616556194109 -0.26070081099334286 0.004719697327062455
1768 1875 1305 230 1225 2296 431 604 1444 1133 1273 2574 707 1926|0.05 0.00509752282005671 -0.01557470439451314 0.14739980747177972
418 881 785 1590 848 159 298 1224 692 904 1298 1258 1334 490|0.05 0.06533026293102484 -0.0344638035856093 0.002784480983653026
180 1025 338 890 475 786 1473 1135 962 1389 1804 1001 1046 939|0.05 0.022280861351811065 -0.1763161992027218 -0.019714094860582287
5683 1875 5543 2632 4355 8165 4934 5333 7698 10000 6289 5997 5203 11208|0.05 0.14142315991318544 -0.01060088962100414 -0.0637413798920794
7300 1875 6960 5333 4910 9207 10000 5333 10520 10000 9428 7792 5333 14881|0.05 0.178572628411362 0.024088195250577815 -0.1368168538929504
144 1049 269 1437 766 705 1323 1355 766 1511 1437 961 1071 766|0.05 -0.038844337092417414 -0.37166460418943115 -0.061885802174375115
566 738 1061 1061 566 106 199 1116 521 774 977 1456 1149 625|0.05 -0.030098361428899656 0.052481965739534786 0.020438410000094276
2142 1875 1487 204 1086 2037 382 1086 1920 2037 1417 3031 1201 2206|0.05 -0.04912259336240399 -0.029370138575596227 0.05831523686220974
1086 1086 204 793 1143 1024 756 533 579 579 109 1201 623 1493|0.05 -0.0004031627477041333 -0.065002937802221 0.03307224378928719
1000 188 921 1052 943 696 730 533 533 100 491 1000 1374 1373|0.05 0.017064184336708088 0.03903360327688121 -0.016475040441573663
921 188 1000 943 696 645 696 533 491 100 533 1106 1373 1007|0.05 0.005902438717917402 -0.006289693973964283 0.04178301295018061
1000 921 188 696 943 696 645 533 533 491 100 1000 745 1373|0.05 0.004691229011211107 -0.05365352066505569 0.04432003244378979
1768 1875 1305 187 1000 1875 352 921 1305 1726 1210 2574 1000 1398|0.05 -0.11780159298174997 0.008471105350522645 0.15205034681984086
705 927 1323 1437 766 144 269 1355 766 1000 1437 1447 1071 766|0.05 -0.0354067269005065 0.07821059809780095 0.022548242186231082
155 1079 291 1427 761 827 1550 1079 827 1461 1550 926 1378 914|0.05 0.04562711299775035 -0.05615696018411387 0.0021025640327354544
6960 1875 6452 4910 5333 10000 9207 5333 9428 10000 6960 7623 5897 13728|0.05 0.15534726291965617 -0.015460347507060268 -0.054644672510612
6452 1875 6960 5333 4910 9207 10000 5333 6960 10000 9428 5976 5333 10072|0.05 0.11923485533921196 -0.03425694202952356 0.03495501363090847
144 927 269 1437 766 705 1323 1355 766 1000 1437 1095 1071 766|0.05 0.014289410446122197 -0.1471556601392643 -0.016663577025333165
566 738 1061 1061 566 106 199 738 521 684 977 1456 1456 625|0.05 -0.02328952185587152 0.06808766633818131 0.020510318193247556
1417 1875 1314 204 1086 2037 382 1086 1920 2037 1417 2051 1201 2796|0.05 -0.09025869922482332 -0.0018509499596097712 0.1286213673750547
1086 1086 204 701 756 1024 756 533 579 579 109 1201 966 810|0.05 0.0010687206599846455 -0.06666276201501842 0.04152714476769237
1000 188 921 696 943 696 645 533 533 100 491 1000 745 1373|0.05 0.01988132563351286 0.07472955412004989 -0.02709172577187391
96 1000 384 1417 1314 1314 1417 1875 2340 1875 2880 1018 1811 1397|0.05 0.02269002848081847 -0.3501892241679716 -0.04217945497777653
10416 4000 10416 13687 13687 14765 14765 24375 19531 30000 19531 10607 14550 21366|0.05 0.24048919420245118 -0.0667711123643766 -0.024020073717516688
1427 1079 761 73 1781 2192 292 1000 1427 1079 761 1561 1063 2437|0.05 -0.04041550607098099 -0.060351575442137984 0.23149006695162733
2032 1000 271 705 1323 1323 705 927 1651 927 68 1245 1277 2259|0.05 -0.042845627268987 -0.35674280662714053 0.02102577627252966
701 533 756 1536 1248 51 205 1000 701 533 756 1094 1708 745|0.05 0.013605311845281687 0.04107605879932974 0.007690011209127157
492 133 492 651 651 347 347 812 456 33 456 613 1112 712|0.05 0.008589409829855565 0.0306968213315284 0.018674164587535458
1000 921 187 1414 2828 2121 1282 1000 1225 604 230 1000 2236 2345|0.05 -0.017958812998808416 -0.17437448502887642 -0.0017799316300359802
133 906 162 707 707 651 427 2000 707 1500 866 1009 1581 707|0.05 0.02347758556241475 -0.2500429999687137 -0.05199084351297456
816 188 493 1732 2309 1155 1046 816 816 153 752 577 1915 1826|0.05 0.0078131695150363 -0.011740917199966061 0.03694219972361079
285 604 434 471 577 108 88 1333 471 667 471 978 1414 333|0.05 0.027173811770708767 0.02494010610234909 0.006709165093510272
2304 656 1392 204 1086 1330 249 1086 3072 1086 1536 1664 1201 3258|0.05 -0.022310063543922176 -0.044457027395173876 0.045922661321486924
6158 816 5581 2632 4355 4355 4009 5333 12317 4355 9238 5640 5203 9737|0.05 0.02024292777946135 -0.06832347021125673 -0.017845925616333247
231 867 189 333 333 67 67 1000 231 867 189 887 1054 275|0.05 -0.02274452520068415 0.043425193447632626 0.022827424778966154
566 200 566 3000 3000 2600 2600 1000 693 200 693 721 3162 2661|0.05 0.021461955069090877 0.048981997724684145 -0.01557747514906449
189 867 231 333 333 67 67 1000 189 867 231 1018 1054 240|0.05 -0.0022762637773821037 0.0305575375509215 0.017777604698516747
693 200 693 3000 3000 2600 2600 1000 566 200 566 825 3162 3053|0.05 0.014553707040143582 0.0016178780985365293 0.029731389232914296
5303 1225 4596 354 1768 1768 354 1000 5303 1225 4596 5397 1275 5590|0.05 -0.03597288805178289 0.013226633593113046 0.10580992417442037
77 1000 77 218 266 266 218 1154 385 1154 385 1003 1174 317|0.05 -0.002420116686825402 -0.27372594786524096 -0.04685761036733238
1768 1000 354 4596 5303 5303 4596 1225 1768 1225 354 1275 5397 5590|0.05 -0.022835312765662197 -0.1777266875949779 0.010427351898114612
13000 1000 13000 2828 2828 3464 3464 5000 15000 5000 15000 13038 3606 15264|0.05 0.09509090869087133 -0.00485946990287478 -0.042660537324830106
4330 816 3753 289 1443 1443 289 1000 4330 816 3753 3841 1190 4564|0.05 -0.04392930221826741 -0.003008191887742262 0.08122504037670453
77 1000 77 266 218 218 266 1154 385 1154 385 1003 1023 277|0.05 -0.014291000490477268 -0.2744889943060336 -0.04598266031168752
1443 1000 289 3753 4330 4330 3753 816 1443 816 289 1190 3841 4564|0.05 -0.02768910694647353 -0.20387063355877033 -0.0007454301626719229
13000 1000 13000 3464 3464 2828 2828 5000 15000 5000 15000 13038 4123 13304|0.05 0.09161129336896057 -0.005828423073038769 -0.037461186449392336
231 733 231 333 333 67 67 1000 231 733 231 887 1054 275|0.05 0.004951203548828609 0.04009025435444569 0.01437183663914654
693 200 693 3000 3000 2200 2200 1000 693 200 693 825 3162 2661|0.05 0.020395181003003415 0.05252143139715004 -0.020619527990236586
231 733 231 333 333 67 67 1000 231 733 231 887 1054 275|0.05 -0.008112118643585076 0.026941841968670666 0.01842645472519111
693 200 693 3000 3000 2200 2200 1000 693 200 693 825 3162 2661|0.05 0.01619553615496372 0.0054233890932353646 0.001348849646016781
4330 1000 3175 289 1443 1443 289 1000 4330 1000 3175 3841 1190 4564|0.05 -0.03298902113923474 0.0016852194324390446 0.09953166725098717
91 1000 91 315 315 315 315 1364 455 1364 455 1004 1209 375|0.05 -0.012700808812704523 -0.1864193902326472 -0.021537166540520625
1443 1000 289 3175 4330 4330 3175 1000 1443 1000 289 1190 3841 4564|0.05 -0.015809610286353637 -0.14381344779045957 0.010085612117851639
11000 1000 11000 3464 3464 3464 3464 5000 15000 5000 15000 11045 4123 13304|0.05 0.10247968711539324 -0.007704209500484227 -0.04759371625401854
4330 1000 3175 289 1443 1443 289 1000 4330 1000 3175 3841 1190 4564|0.05 -0.007152241504785328 -0.04170560875532914 0.055720030504229356
91 1000 91 315 315 315 315 1364 455 1364 455 1004 1209 375|0.05 0.06384552926330667 0.008447621269755956 0.009217871799558353
1443 1000 289 3175 4330 4330 3175 1000 1443 1000 289 1190 3841 4564|0.05 -0.0038603992557617595 -0.11030530968941576 -0.003467390328016906
11000 1000 11000 3464 3464 3464 3464 5000 15000 5000 15000 11045 4123 13304|0.05 0.11192699902425662 0.010358477578833458 -0.05181281025565809
566 200 566 533 533 595 595 1000 302 573 302 721 1133 613|0.05 0.027452874597226895 0.09939983015311737 -0.04118460238864641
566 1116 1061 1875 1875 1075 375 1000 566 1116 1061 1149 2125 1528|0.05 -0.035178152992663136 0.10132596157289342 0.026549431388556144
1768 1000 354 1052 943 943 1052 533 1768 533 1014 1275 1374 2003|0.05 -0.0871877207732008 -0.5437885137620035 -0.034415582932723066
1768 1875 1972 1900 3315 3315 663 1000 1768 1875 1972 2031 2702 3757|0.05 -0.10256945224103031 0.06274887620788538 0.05420553016739715
1038 349 1038 526 526 987 987 1744 930 1744 930 1194 1422 1069|0.05 0.04706792061859977 0.029117181886209043 -0.1480064968501471
963 1000 336 951 507 507 951 896 1680 896 1680 1151 1306 1370|0.05 -0.043476800618998945 -0.5193490446488447 -0.07429536486821875
1056 1000 1056 908 908 1240 1240 222 2889 222 2889 1454 1023 2235|0.05 0.014033064193044176 0.09848107637225878 0.061711344467183515
245 1000 1102 1163 3182 3182 1163 1366 245 1366 1102 1127 2462 3192|0.05 -0.09040356173305564 0.13391954672584694 0.13402137216551147
947 1000 947 860 1175 1175 860 2737 211 2737 211 1378 2118 1257|0.05 0.031996453469276265 -0.03920991194600654 0.061194170613900756
3182 1366 1163 1102 245 245 1102 1000 3182 1366 1163 2462 1127 3192|0.05 -0.05066348757974737 -0.18587048631439007 -0.035306799245742315
1056 1000 1056 1240 1240 908 908 222 2889 222 2889 1454 1326 1861|0.05 0.002049616644956842 0.05342647770066211 0.05370853734916414
179 1000 807 851 2330 2330 851 732 179 732 807 1070 1501 2337|0.05 0.011687529211559244 0.011068871701545024 0.06032604665561658
947 1000 947 1175 860 860 1175 2737 211 2737 211 1378 1763 969|0.05 0.06687125649296188 0.03389324802728799 -0.011491355407456938
2330 732 851 807 179 179 807 1000 2330 732 851 1501 1070 2337|0.05 -0.03901917191136417 -0.1639038461411202 -0.03161516981499357
4085 4500 4085 13000 13000 4750 4750 1000 5579 4500 5579 4603 13038 8374|0.05 -0.027917497702923955 -0.024176431368831963 0.010112370326693654
429 365 314 77 77 346 346 1000 429 365 314 644 1003 459|0.05 0.018195781856222837 -0.014215471005377678 -0.042494904322851745
5579 4500 5579 13000 13000 4750 4750 1000 4085 4500 4085 5969 13038 10059|0.05 0.005508389307558037 -0.05339897845679453 0.0010978919853621427
314 365 429 77 77 346 346 1000 314 365 429 774 1003 354|0.05 0.05522709306731377 0.08485635412493364 -0.3239574063834394
1163 904 734 1000 1000 1366 1366 1000 3182 904 2754 1164 1731 2462|0.05 -0.009635598784212274 -0.15424425901665595 -0.018737390790070085
777 632 860 860 1175 1175 860 2737 777 2368 860 1266 2118 1323|0.05 0.041356486465258246 0.023256118718901764 -0.026643121422437188
662 1000 662 851 2330 2016 538 732 732 732 732 1127 1501 2122|0.05 0.02042702139447572 -0.047278380999848935 0.027887863064715024
2016 732 538 662 662 732 732 1000 2330 732 851 1205 1267 2422|0.05 -0.04667563308944245 -0.2487273192897299 -0.054606367372345144
1000 1000 1000 2754 3182 1163 734 904 1366 904 1366 1002 2898 2050|0.05 0.009572696638178169 -0.028232012481475 0.019221143135943475
363 267 496 328 363 363 328 1156 363 422 496 744 1201 364|0.05 0.02821328330088635 0.05446089671530263 -0.05294160499058065
1000 1000 1000 1163 3182 2754 734 1366 904 1366 904 1002 2462 3308|0.05 -0.03609197417622223 -0.023453439723659653 0.01501564124113397
2754 1366 734 1000 1000 904 904 1000 3182 1366 1163 2050 1731 2898|0.05 0.011748682145213962 -0.024876426951723207 0.027687939370100167
1287 1107 813 1511 1511 1107 1107 1000 3522 1107 3048 1630 1916 2269|0.05 -0.007972213866025424 -0.20449053365798942 -0.056695768065084806
860 632 777 1175 860 860 1175 2737 860 2368 777 1001 1763 862|0.05 0.0381915762731877 -0.008720383817757416 -0.001660791568349751
496 267 363 363 328 328 363 1156 496 422 363 598 1052 559|0.05 0.021971217286107514 -0.003755728749209597 -0.013695503272133092
1511 1000 1511 3048 3522 1287 813 1107 1107 1107 1107 1703 3661 2725|0.05 -0.004882311927405514 0.026033228463806513 0.01987678095834111
493 188 816 1443 289 72 289 1000 493 188 816 976 1190 514|0.05 -0.00712231570531574 -0.04017373470367236 0.01064719908294487
385 1000 1540 4355 2632 2632 4355 5333 1540 5333 7698 1262 3079 2742|0.05 -0.007424145320849007 0.09361921449008603 0.033068726211988864
1768 1000 354 230 1225 1225 230 604 354 604 88 1275 707 1458|0.05 0.028377935266217236 0.09356710155630443 0.02562309366597404
566 200 566 693 693 130 130 200 342 50 342 721 825 676|0.05 -0.0010103316568232934 -0.032207386670799476 0.015617425729892442
2598 4000 2598 6837 6837 11314 11314 4000 13856 20000 13856 3279 7124 13519|0.05 -0.057667525866570424 0.14383384137689026 0.046814133297956584
2027 1655 380 146 585 2925 585 1000 2027 1655 380 1977 1042 2412|0.05 0.04859434641268923 0.18875462766499318 0.05494938154099849
2032 1000 271 176 330 330 176 975 1651 975 68 1245 977 1861|0.05 -0.03794324352923484 -0.32510983550534944 0.02985774347458392
492 133 492 162 162 87 87 812 480 33 480 613 916 519|0.05 0.008164115394944105 0.03169547936737738 0.01851908379464362
2956 533 3031 6158 5004 205 821 1000 2956 533 3031 3198 5640 3125|0.05 0.015233546058537328 0.0361354484756049 0.008440816202957002
385 1000 1540 5683 5543 5543 5683 1875 9382 1875 11547 1262 5551 5860|0.05 0.023626850331348592 -0.35498346909331846 -0.04340806752100246
338 1025 180 69 1692 2083 278 1000 338 1025 180 1082 1057 1908|0.05 -0.04283756634575697 -0.061516077230112653 0.23230767118017193
2598 4000 2598 14402 14402 14765 14765 24375 4871 30000 4871 3279 15225 15580|0.05 0.23247264795115852 -0.05950371403859456 -0.04359901403295785
146 1000 585 2390 2106 2106 2390 1875 3565 1875 4388 1042 2203 2227|0.05 0.020563660069174983 -0.35497833570024007 -0.042944469593291235
6837 4000 6837 14402 14402 16340 16340 24375 12820 30000 12820 7124 15225 20561|0.05 0.268337470885065 -0.05861356236815829 -0.03833360922440687
890 1135 475 69 1692 2083 278 1000 890 1135 475 1428 1057 2078|0.05 -0.028142768067326296 -0.06403957531923021 0.24586754524363874
1836 1000 245 418 785 785 418 881 1492 881 61 1204 922 1831|0.05 -0.03269578928609351 -0.2961990688576166 0.036047640741470044
1123 533 1275 2340 1901 78 312 1000 1123 533 1275 1604 2334 1188|0.05 0.016478854783219532 0.03536817380515256 0.0085230956935467
545 133 545 427 427 228 228 812 480 33 480 656 998 685|0.05 0.008614782499427598 0.030576030296234347 0.01773780427767102
1000 921 187 1414 2828 1414 1149 1000 1000 921 187 1000 2236 2236|0.05 -0.05363665621333391 -0.3454303250741564 -0.014410554114662188
133 812 133 707 707 651 651 2000 707 1000 707 911 1581 707|0.05 -0.011746846722304749 -0.3524816271967057 -0.05642624530161067
1000 187 921 1414 2828 1414 1149 1000 1000 187 921 1000 2236 2236|0.05 0.0209389170321006 0.06329474125811307 -0.014476666476270772
651 812 651 707 707 133 133 2000 707 1000 707 1112 1581 707|0.05 -0.014320965066637603 0.05752266624369895 0.02079465590182128
1536 1000 1248 204 1086 1086 204 1086 3072 1086 1536 1708 1201 2429|0.05 -0.052864608713326655 0.02197599393876093 0.10488003078602315
7542 1000 6128 4910 5333 5333 4910 5333 15085 5333 7542 6872 5897 11926|0.05 0.1062262166270922 0.023614421443149958 -0.055134990492987646
921 188 1000 943 1052 730 696 533 491 100 533 1106 1083 1488|0.05 0.010476696625967286 -0.027983655860363 0.049028601116432036
1000 921 188 696 943 1052 730 533 533 491 100 1000 745 1083|0.05 -0.04983814873804504 -0.3136576053217044 -0.021609655438310504
1768 1875 1305 187 1000 1875 352 921 1972 1726 1369 2574 1000 2577|0.05 -0.07718593519947414 -0.011447762306638909 0.07304549012890904
467 694 875 951 507 95 178 896 507 662 951 1415 1306 507|0.05 0.013397482817265605 0.01663289736677509 0.01626812987660875
137 953 257 1261 673 731 1370 1441 731 1291 1370 1067 786 808|0.05 0.04410015331766326 -0.027345993464362728 0.012233924610378644
6960 1875 7300 4910 5333 10000 9207 5333 9428 10000 10520 6692 5897 13728|0.05 0.057060739231054036 -0.059182392272012496 0.029926572205467572
921 187 1000 1768 1061 221 354 1225 604 230 1000 1106 1458 1100|0.05 0.004833109260795609 -0.007170406758217895 0.006150374174289652
1179 1225 1886 5333 4910 3223 5333 5333 5657 6532 9428 1546 5333 3667|0.05 0.024959358823599676 0.010875160734307165 0.011500493101332943
1000 921 187 354 1768 1061 221 1000 1225 604 230 1000 1275 1458|0.05 0.008215201872816547 -0.008982821279570619 0.030492750531718738
1768 1000 354 230 1225 1000 187 604 1061 921 221 1275 707 2031|0.05 0.02727826207445272 0.09884043496479089 0.03610250354344702
530 625 650 2828 2828 2604 1709 5000 2828 3000 3464 1132 3606 2828|0.05 0.03956345250458737 0.02086120461870511 0.011170859188325277
566 200 566 693 566 106 130 600 521 125 342 721 1149 625|0.05 0.00918395923029669 -0.020486586122792083 0.005481634861852491
570 208 868 943 1155 217 177 1667 943 333 943 1037 1915 667|0.05 0.015393651157999955 -0.01491197147709733 0.0017251213618751926
1039 1600 849 4167 2735 4525 4525 4800 5543 8000 4525 1811 3111 5407|0.05 0.03357435459798497 0.07833527184746947 0.017676161560109538
1152 656 240 204 1086 1330 249 1086 1920 1086 384 747 1201 2206|0.05 0.007367325208684772 0.10812045824485805 0.09477255700866438
1540 816 962 2632 4355 4355 4009 5333 7698 4355 4619 1262 5203 5551|0.05 0.05670568312566182 -0.048196242719512616 -0.013540747362852379
2027 1655 380 366 1755 2925 585 1523 1655 1655 310 1977 1819 2412|0.05 0.03288625693892877 0.07648387773395271 -0.007492488070806047
816 188 493 866 1443 289 180 816 816 153 752 577 1190 1041|0.05 0.012649139949720833 -0.018111964259787117 0.006809738053417114
1225 604 230 1414 2828 2121 1282 1000 1000 921 187 707 2236 3000|0.05 0.0046601582094685234 -0.02204555195161162 0.057799020913267274
162 906 133 707 707 427 651 2000 866 1500 707 916 1581 500|0.05 0.03714992584738619 -0.12002156115636153 -0.01640934001649108
1000 187 921 2121 2828 1414 1282 1225 1000 230 604 1000 3000 2236|0.05 0.009922845574756867 -0.019614480471752405 0.030932905659237786
434 604 285 577 471 88 108 1333 471 667 471 722 1106 471|0.05 0.010414013951329792 -0.010259417921857361 0.015617480148581997
3510 1523 2121 380 2027 1655 310 1655 4680 1655 2340 3432 1977 3881|0.05 -0.03526364847183827 -0.015503987523680651 0.06863384357664648
7542 1225 6835 4910 5333 5333 3223 5333 15085 6532 11314 7608 5897 11926|0.05 0.003081512349059068 -0.07649929103946906 -0.0072498439947144
1336 188 1061 1000 1104 743 738 533 713 100 566 1077 1133 1712|0.05 0.012923596476543953 0.019365273032820873 0.020009604644710688
943 1260 177 696 943 1040 701 533 503 672 94 1374 745 1069|0.05 -0.024976358712818225 -0.19891367655168524 -0.02016395992824327
1768 1875 1305 177 943 1768 331 1260 1951 2362 1314 2574 1374 2500|0.05 -0.049928651499832055 -0.003255579206453696 0.14346561521338286
646 674 1211 906 483 91 170 906 513 669 961 1551 1282 705|0.05 -0.02403624080048239 0.073742657497462 0.019332296796576998
135 993 252 1797 959 761 1427 1484 717 1345 1345 1025 1161 773|0.05 0.02502133066971668 -0.18946705960465993 -0.027440456415297465
7382 1875 7434 7126 5657 10607 13361 5333 10000 10000 11035 7450 5745 14560|0.05 0.2232735994733659 0.042048576090805145 -0.10067652547174788
1336 188 1061 1875 1875 375 375 1000 1336 188 1061 1077 2125 1577|0.05 0.011692193621726243 -0.018125713344367966 0.0020033978534250707
2000 1000 2000 5657 7126 7126 5657 5333 10000 5333 10000 2236 7775 8413|0.05 -0.018674600900590033 -0.030553451882029403 0.01830826492690729
943 1260 177 354 1768 1768 354 1000 943 1260 177 1374 1275 2003|0.05 0.03885251686276181 0.14595279404111539 0.04492116084769515
1768 1000 354 177 943 943 177 1260 1768 1260 354 1275 1374 2003|0.05 0.013750891169073132 0.00541155240573632 0.011864596045683129
500 1000 500 2828 2828 3563 3563 5000 2667 5000 2667 1118 3606 3887|0.05 0.10763994866413329 0.1622643062134954 0.02117947258065911
566 200 566 533 533 100 100 1000 713 200 713 721 1133 574|0.05 0.02444162181842513 -0.000725322717872734 -0.013477499304119789
713 200 713 533 533 100 100 1000 566 200 566 841 1133 777|0.05 0.010570037180985814 -0.000538995991102853 0.0025033831417808905
500 1000 500 3563 3563 2828 2828 5000 2667 5000 2667 1118 4206 2872|0.05 0.10687435872774431 0.061354399662818526 0.006833244140276307
1403 1000 281 140 748 748 140 794 1403 794 281 1181 806 1590|0.05 0.011647401215639785 -0.026074311748862655 0.0058952787041555155
2000 1000 2000 7126 5657 5657 7126 5333 10000 5333 10000 2236 5745 7211|0.05 0.09500556884691091 0.05985416520288833 0.013882187624745246
748 794 140 281 1403 1403 281 1000 748 794 140 806 1181 1590|0.05 0.00917761810530937 -0.024073407903827393 0.0013987251964064917
1061 188 1336 1875 1875 375 375 1000 1061 188 1336 1458 2125 1352|0.05 -0.006743133513216204 -0.019429504661364616 0.01823003866046502
7434 1875 7382 5657 7126 13361 10607 5333 11035 10000 10000 7617 7775 17117|0.05 0.16669539582197634 0.008805869360031249 -0.10925903622037159
135 1007 254 1437 766 965 1810 1355 722 1495 1355 1009 1071 1053|0.05 -0.023628176134286027 -0.3738725419635991 -0.06438311974878319
566 738 1061 1000 533 100 188 1104 713 743 1336 1456 1133 574|0.05 -0.02763593063986103 0.05921082631361152 0.02024243409444848
1549 1875 1043 140 748 1403 263 794 1403 1488 1036 2402 806 1590|0.05 -0.06627401354890816 -0.025603192217044102 0.0736039612070849
748 794 140 556 826 748 553 533 399 423 75 806 646 1058|0.05 -0.03632894481105042 -0.24059770826251214 0.015025544270479418
1061 188 1336 1104 1000 738 743 533 566 100 713 1458 1414 1456|0.05 0.01689967175403151 0.022029206141664925 -0.008781286894661289
566 200 566 1600 1600 1600 1600 1000 566 200 566 721 1887 1697|0.05 0.02311891045529979 0.054449432123016006 -0.02530925441478371
354 1000 354 625 625 125 125 1000 354 1000 354 1061 1179 451|0.05 -0.02911088586822652 0.06204601530809262 0.023645003080345894
566 200 566 1600 1600 1600 1600 1000 566 200 566 721 1887 1697|0.05 0.022436775337255632 0.056765104384901566 -0.022202018768850973
354 1000 354 625 625 125 125 1000 354 1000 354 1061 1179 451|0.05 -0.02693886586941585 0.060552957950228414 0.022783357343585386
1768 1000 354 2828 2828 2828 2828 1000 1768 1000 354 1275 3000 3335|0.05 -0.05881150066507135 -0.3490184071397995 -0.02400863525378716
8000 1000 8000 2828 2828 2828 2828 5000 8000 5000 8000 8062 3606 8485|0.05 0.1144508223964169 0.020802006655729066 -0.05142289679256229
2828 1000 2828 354 1768 1768 354 1000 2828 1000 2828 3000 1275 3335|0.05 -0.05624624100972975 0.026888719336324307 0.11728660528285584
125 1000 125 354 354 354 354 1000 625 1000 625 1008 1061 451|0.05 -0.029454761007423613 -0.3778799049279513 -0.06515927705523339
1768 1000 354 2828 2828 2828 2828 1000 1768 1000 354 1275 3000 3335|0.05 -0.06653320354938375 -0.3791864964750724 -0.0290455727081107
8000 1000 8000 2828 2828 2828 2828 5000 8000 5000 8000 8062 3606 8485|0.05 0.10491308764514207 0.00736596428094316 -0.03990455246983826
2828 1000 2828 354 1768 1768 354 1000 2828 1000 2828 3000 1275 3335|0.05 -0.05812547888001007 0.024943182872074754 0.11692676536752211
125 1000 125 354 354 354 354 1000 625 1000 625 1008 1061 451|0.05 -0.026921962037692593 -0.35168971503382607 -0.058450690165788854
189 1000 189 333 333 67 67 1000 189 1000 189 1018 1054 240|0.05 -0.02334480766145619 0.06233472858895306 0.02158639397099149
566 200 566 3000 3000 3000 3000 1000 566 200 566 721 3162 3053|0.05 0.021394549318076717 0.0437563663263818 -0.009933245074636998
189 1000 189 333 333 67 67 1000 189 1000 189 1018 1054 240|0.05 -0.033942372665035636 0.06345918305092457 0.023657450925016477
566 200 566 3000 3000 3000 3000 1000 566 200 566 721 3162 3053|0.05 0.023335785121667563 0.05212930887606548 -0.025135646699182557
5303 1000 5303 354 1768 1768 354 1000 5303 1000 5303 5397 1275 5590|0.05 -0.05998201513621404 0.02602953646177575 0.1171747909603349
67 1000 67 189 189 189 189 1000 333 1000 333 1002 1018 240|0.05 -0.015503808677198583 -0.2982764049464659 -0.047103335545553016
1768 1000 354 5303 5303 5303 5303 1000 1768 1000 354 1275 5397 5590|0.05 -0.0626882747814872 -0.3680162582532376 -0.026374644029132366
15000 1000 15000 2828 2828 2828 2828 5000 15000 5000 15000 15033 3606 15264|0.05 0.11345585956637372 0.030841757463264674 -0.06488531910469608
5303 1000 5303 354 1768 1768 354 1000 5303 1000 5303 5397 1275 5590|0.05 -0.061807909336060174 0.029459448482189732 0.11648068120728272
67 1000 67 189 189 189 189 1000 333 1000 333 1002 1018 240|0.05 -0.026472456437095504 -0.3735265192050319 -0.06462480185745578
1768 1000 354 5303 5303 5303 5303 1000 1768 1000 354 1275 5397 5590|0.05 -0.061088077292070775 -0.35856586258105283 -0.02746892720171923
15000 1000 15000 2828 2828 2828 2828 5000 15000 5000 15000 15033 3606 15264|0.05 0.12143952159278548 0.03092453492000491 -0.06644262034209314
921 187 1000 1768 1768 354 354 1000 921 187 1000 1106 2031 1214|0.05 0.0016550830252337612 -0.057200383690588774 0.012361925879667002
1886 1000 1886 5333 4910 4910 5333 5333 9428 5333 9428 2134 5333 6472|0.05 -0.0387929210533855 -0.06518109215299162 0.005929125575865335
1000 921 187 354 1768 1768 354 1000 1000 921 187 1000 1275 2031|0.05 -0.008226483564761633 -0.10250139883232534 0.05416302041458598
1768 1000 354 187 1000 1000 187 921 1768 921 354 1275 1000 2031|0.05 0.010137474441538341 -0.02852533673694202 0.03139274893580568
530 1000 530 2828 2828 2604 2604 5000 2828 5000 2828 1132 3606 2828|0.05 0.031439079436861306 -0.08621117546117496 -0.0036707693335780167
566 200 566 566 566 106 106 1000 521 200 521 721 1149 625|0.05 0.010093727450679602 -0.0313136164026484 -0.00021004549693559582
521 200 521 566 566 106 106 1000 566 200 566 686 1149 566|0.05 0.017099784491194647 -0.0029193342629685315 0.00013754379817765283
530 1000 530 2604 2604 2828 2828 5000 2828 5000 2828 1132 3432 3127|0.05 0.00668238965577217 -0.1457849463986316 -0.01079233455266615
1920 1000 384 204 1086 1086 204 1086 1920 1086 384 1318 1201 2206|0.05 -0.007449993038164404 -0.11779395078729049 -0.016083541774190024
1886 1000 1886 4910 5333 5333 4910 5333 9428 5333 9428 2134 5897 6799|0.05 0.025152495592764 -0.048749296268548736 0.0008479985117681998
1086 1086 204 384 1920 1920 384 1000 1086 1086 204 1201 1318 2206|0.05 0.0026643317287056156 -0.0012313503548921911 0.0788267877518356
1000 187 921 1768 1768 354 354 1000 1000 187 921 1000 2031 1275|0.05 -0.0005944347844732967 -0.0024202483229052163 0.014886848353199422
1111 1000 1111 1240 1240 1240 1240 222 3333 222 3333 1495 1326 2289|0.05 -0.04547190264741485 -0.2572957474440274 -0.06667110527984521
179 1000 807 896 2689 2689 896 1000 179 1000 807 1070 1847 2695|0.05 0.019103733958198976 0.007932706983635462 0.07601859051593829
900 1000 900 1116 1116 1116 1116 3000 200 3000 200 1345 2060 1194|0.05 0.07149358760529134 0.020045065661005168 0.005111917045657055
2689 1000 896 807 179 179 807 1000 2689 1000 896 1847 1070 2695|0.05 -0.08458896695098139 -0.2946293763681962 -0.04955378801033694
1111 1000 1111 1240 1240 1240 1240 222 3333 222 3333 1495 1326 2289|0.05 -0.015856311039339488 -0.025787137271063854 0.025341233517037764
179 1000 807 896 2689 2689 896 1000 179 1000 807 1070 1847 2695|0.05 0.019247118277208042 0.009648825657802007 0.0715555715311611
900 1000 900 1116 1116 1116 1116 3000 200 3000 200 1345 2060 1194|0.05 0.07779215905832082 0.04170529749546681 -0.022186478802197485
2689 1000 896 807 179 179 807 1000 2689 1000 896 1847 1070 2695|0.05 0.04515748140818454 0.0463801648521045 -0.004136489693721268
5579 4500 5579 15000 15000 5000 5000 1000 5579 4500 5579 5969 15033 10302|0.05 -0.22180999204925556 0.04972671582275545 0.039488091626589394
372 333 372 67 67 300 300 1000 372 333 372 687 1002 398|0.05 0.033065942987930974 7.124211006015457e-05 -0.14069148456907765
5579 4500 5579 15000 15000 5000 5000 1000 5579 4500 5579 5969 15033 10302|0.05 -0.15842402472708406 0.0054826836154253655 0.027638072404609915
372 333 372 67 67 300 300 1000 372 333 372 687 1002 398|0.05 0.018933677309564967 -0.014740919497533422 -0.04799281083422757
467 347 803 1720 1720 1801 1519 3000 1000 1600 1720 1104 2441 1990|0.05 0.040346326492815 -0.0592995049442302 -0.060250847039011735
581 1047 271 581 1744 930 201 1000 1000 883 467 1157 1419 1097|0.05 -0.0658144969995278 -0.06319608260294651 0.0392823387550556
1246 581 432 1892 2143 2143 2243 2143 3737 1246 1993 724 2760 3041|0.05 0.00878654425562786 -0.3268706919932407 -0.0652251889746458
1000 467 883 930 1744 581 201 581 1000 271 1047 1027 1097 1419|0.05 0.0037878424145354472 0.06315123410968182 0.023070959105855326
950 217 1126 625 1075 502 292 1875 1075 625 1075 1259 1976 1104|0.05 0.028771380301890748 0.04088689094147391 -0.019055196865102042
888 844 192 259 555 955 446 955 1666 955 555 896 990 1756|0.05 -0.0440524109766971 -0.3896976712424627 -0.05046402598356314
1035 347 803 1720 1720 1172 1519 3000 2218 1600 1720 875 2441 1510|0.05 0.03831343755952732 -0.07365175491308662 -0.06493977983494603
1289 681 602 581 1744 930 201 1000 1000 883 467 878 1419 2010|0.05 -0.07109633336336962 -0.09203409593052991 0.03532001964929199
1246 1289 432 1892 2143 2143 1459 2143 3737 2763 1993 1597 2760 3041|0.05 -0.0031874557936051318 -0.3666140939417961 -0.06890388863123431
1000 467 883 930 1744 581 201 1289 1000 602 681 1027 2010 1419|0.05 -0.019768219063829306 0.04017500906190907 0.028902269818937842
950 217 732 1386 1075 502 647 1875 1075 625 1075 807 1468 1104|0.05 0.0227713957064557 0.07265220240726622 0.00213371133479745
1366 1297 296 883 1893 1468 685 1468 2560 1468 853 1508 2200 2005|0.05 -0.03435028295739051 -0.39305891984021235 -0.06609602688708027
803 347 1035 1720 1720 1519 1172 3000 1720 1600 2218 1282 2441 1766|0.05 0.040499234540425366 -0.05884847214371214 -0.0627098486278066
1000 883 467 581 1744 930 201 1000 1289 681 602 1027 1419 1366|0.05 -0.06331127191062103 -0.05714069263604071 0.041033548035736
966 776 335 1132 1662 1662 1468 2143 2898 1662 1546 845 2490 2358|0.05 -0.05997319687665148 -0.38405045955903105 -0.03558056247463526
776 467 528 721 1353 451 156 776 776 362 685 681 1059 1101|0.05 -0.00036459064716165557 0.07247570827531691 0.023671872577888387
732 217 950 1075 1386 647 502 1875 1075 625 1075 1104 2161 944|0.05 0.023172666739075254 0.06757115436619054 0.004713471780781742
1053 771 228 528 1132 1460 681 1132 1974 1132 658 850 1459 2276|0.05 -0.06136215335533324 -0.34370973158596163 -0.005431967426707818
803 347 467 1720 1720 1519 1801 3000 1720 1600 1000 581 2441 1766|0.05 0.03975698268214867 -0.0593505258543503 -0.058436130966094124
1000 883 467 581 1744 930 201 1000 581 1047 271 1027 1419 1838|0.05 -0.04303316493839304 0.005407818288583055 0.04728933733442631
2143 1720 743 3860 3687 3687 3256 2143 6429 3687 3429 2365 3820 5231|0.05 -0.005859423303675726 -0.36847452079260656 -0.06779323975333984
1720 467 1801 1600 3000 1000 347 1720 1720 803 1519 1990 3162 2441|0.05 -0.006483178233576137 0.059964353102262 0.024928738678497986
1126 217 950 1075 625 292 502 1875 1075 625 1075 1009 1179 1244|0.05 0.022205537095372208 0.06544288033808021 0.007810365931677499
1053 1185 228 528 1132 658 307 1132 1974 1132 658 1326 1459 1242|0.05 -0.062444354895009324 -0.3498739981029009 -0.005963821314475259
167 1000 167 615 1070 1070 615 1875 1250 1875 1250 1014 1973 1163|0.1 0.04171208956850858 -0.11069864131452278 -0.013064217158956781
3048 1739 1625 271 2032 2032 271 1000 3048 1739 1625 3208 1245 3663|0.1 -0.00856674915650002 -0.08546299395439938 0.06532311236280952
6000 1000 6000 6418 6418 3691 3691 7500 11250 7500 11250 6083 6978 7045|0.1 0.089001978132357 -0.06150635377391245 -0.04025271656086904
1169 1000 156 935 1753 1753 935 575 1169 575 156 1087 1098 2107|0.1 -0.02939398869019727 -0.35855286521890406 -0.04395435773773215
167 1000 167 1070 615 615 1070 1875 1250 1875 1250 1014 1174 766|0.1 0.043865304021499796 -0.18699941391996489 -0.01503665579744573
1753 575 935 156 1169 1169 156 1000 1753 575 935 1098 1087 2107|0.1 0.012853701048542998 -0.06545409444045358 0.03338277781687493
6000 1000 6000 3691 3691 6418 6418 7500 11250 7500 11250 6083 4596 11840|0.1 0.09893612713950173 -0.04730410779987704 -0.05632750241143958
2032 1000 271 1625 3048 3048 1625 1739 2032 1739 271 1245 3208 3663|0.1 -0.0038045934959052286 -0.0008790467907637822 0.0869986372955478
570 533 328 667 667 89 89 1000 570 533 328 626 1202 620|0.1 0.03042471081510678 0.011066843290716832 0.006820073918998304
856 133 856 1500 1500 800 800 1000 492 133 492 930 1803 1579|0.1 0.013167212309155296 0.048551287169613655 -0.0018948143959940378
328 533 570 667 667 89 89 1000 328 533 570 1052 1202 409|0.1 0.03175518376722142 0.011966172728403723 0.008700501924112647
492 133 492 1500 1500 800 800 1000 856 133 856 613 1803 939|0.1 0.014162599044784674 0.014562121864325484 0.017531772583698757
1000 921 187 354 1768 354 88 1000 1000 921 187 1000 1275 1275|0.1 -0.025361013529914267 -0.18399275191689823 0.02301969092025624
530 250 530 2828 2828 2604 2604 5000 2828 1000 2828 729 3606 2828|0.1 0.02403821327090272 -0.32102155041560776 -0.055618858282235895
2604 250 2604 2828 2828 530 530 5000 2828 1000 2828 2652 3606 2828|0.1 0.02643930516714521 0.08938286523161088 0.0024682578938883815
384 1000 96 204 1086 1086 204 1086 1920 1086 384 1018 1201 1385|0.1 -0.03843266251506994 -0.08796170897101496 0.0483390537230699
1886 1000 471 4910 5333 5333 4910 5333 9428 5333 1886 1374 5897 6799|0.1 -0.03666236076796059 -0.5046130637368351 -0.08907124577988146
1000 187 921 354 1768 354 88 1000 1000 187 921 1000 1275 1275|0.1 -0.0007080484940380494 0.05350535330076456 0.03815288309040099
493 188 816 1443 1179 1039 1066 1875 925 352 1531 976 1573 1087|0.1 0.030752201237649324 0.03357644296910767 -0.047372531942627694
1225 604 230 1305 1768 1444 1273 1875 2296 1133 431 707 2574 1926|0.1 -0.07266044535115035 -0.5127101986566729 -0.042482697717449724
943 533 696 230 1225 653 122 604 770 322 679 745 707 1424|0.1 -0.037916731934029 0.03564263617957586 0.083571185286202
785 881 418 848 1590 298 159 1224 1298 904 692 922 1848 918|0.1 -0.03930373104878204 0.03815344448565794 0.02902925599750361
338 1025 180 475 890 1473 786 1135 1804 1389 962 1082 1428 1760|0.1 -0.034406790593053405 -0.4682954066545886 -0.0650539975304032
3031 533 2956 2632 4355 2322 1404 5333 4106 2844 3354 2960 5203 3246|0.1 0.08079225540955415 0.04026471206632243 -0.042739411213744694
71 1116 566 1000 1000 900 200 1000 71 1116 566 1002 1414 951|0.1 -0.09200236803259432 0.1285854923503127 0.030407047365814677
566 200 566 1000 1000 1116 1116 1000 71 900 71 721 1414 1002|0.1 0.03756973217935666 0.12274653924616574 -0.07464991312203684
14142 8000 15780 12728 14142 14142 2828 1000 14142 8000 15780 14177 13454 20000|0.1 -0.3750112929369631 -0.002307216721284533 0.031955619766226295
1240 222 1240 79 79 629 629 1111 1111 1111 1111 1326 1057 1114|0.1 0.04922330024877075 0.08174143401210587 -0.5028596326967083
807 1000 179 507 63 63 507 896 896 896 896 1070 1030 853|0.1 -0.0477324626326614 -0.5209567672465454 -0.052312331299630976
1768 1000 354 1972 1768 1768 1972 125 1768 125 1591 1275 2031 2500|0.1 -0.08066946918632412 -0.7718221214496757 -0.06930437219740404
87 817 693 1000 1000 900 200 1000 87 817 693 1052 1414 953|0.1 -0.003165232249582317 0.018953176102223246 0.03270586979778223
693 200 693 1000 1000 817 817 1000 87 900 87 825 1414 1052|0.1 0.029068321889871296 0.04529519383344338 0.00219800622023536
1102 1000 245 848 106 106 848 1224 1224 1224 1224 1127 1009 1166|0.1 -0.044261994449928954 -0.5012900841925483 -0.05090168768694392
1443 1000 289 1179 1443 1443 1179 125 1443 125 1299 1190 1190 2041|0.1 -0.05420471159565121 -0.34007476386023305 0.01112714332315079
11547 8000 9434 10392 11547 11547 2309 1000 11547 8000 9434 12152 11000 16330|0.1 -0.5457977180889018 -0.0014584860640454167 0.038257068536335925
908 222 908 96 96 770 770 1111 1111 1111 1111 1023 1058 1169|0.1 0.03817809241426717 0.032621763450662034 -0.2888195208299138
1316 1000 459 1875 2432 2432 1875 1875 5049 1875 3442 1266 3246 3544|0.1 -0.010942426560650587 -0.6618287392335342 -0.07628764840418412
760 349 760 1849 1849 1425 1425 3837 1425 2616 1425 963 2693 1237|0.1 0.05952645301817272 -0.021656693697262863 -0.06661050580835215
771 771 411 541 2076 1415 189 1000 771 771 411 669 1457 1879|0.1 -0.06734736612742043 -0.06250939092172225 0.050062793274581185
1836 1000 245 533 1000 1000 533 1297 2693 1297 702 1204 1731 2438|0.1 -0.06086251865710324 -0.5398728748291748 0.004357994282393474
1297 533 1000 1836 2693 702 245 1000 1297 533 1000 868 2438 1890|0.1 -0.013118239576652702 0.06878271717478679 0.021440048506760068
545 133 545 545 545 290 290 1467 707 382 707 656 1328 473|0.1 0.02207276228063826 0.06923914312127355 -0.01729381492330484
2956 533 3031 4355 2632 1404 2322 5333 3354 2844 4106 3198 3079 3093|0.1 0.08270733420912224 0.03509744988473562 -0.038732706283807206
330 975 176 766 1437 868 463 1355 1760 1107 938 977 1972 1016|0.1 -0.03743609848430696 -0.46751851030602976 -0.06374267238989262
1061 738 566 693 1299 244 130 817 641 720 342 791 1090 1267|0.1 -0.03434158527917841 0.038582676655289916 0.029307804371312418
1275 533 1123 380 2027 1081 203 1655 1560 882 1152 1175 1977 1700|0.1 -0.039072676200703205 0.05155918993084985 0.08857909420323384
2027 1655 380 2106 2390 2925 2159 1875 3800 3103 712 1977 3007 4417|0.1 -0.07090620926754831 -0.49504399835774815 -0.03554987077644678
816 188 493 1179 1443 1066 1039 1875 1531 352 925 577 2179 1141|0.1 0.029775843864163765 0.03631068552189198 -0.04308764750679317
167 1000 167 681 1319 1319 681 1875 1250 1875 1250 1014 2252 1396|0.1 0.05493220831250589 0.024228283598031197 0.012501335937937785
2754 1937 1469 245 1836 1836 245 1000 2754 1937 1469 3308 1204 3310|0.1 -0.008214154401584572 -0.06356780170928444 0.06754804173374929
6000 1000 6000 7914 7914 4085 4085 7500 11250 7500 11250 6083 8374 5629|0.1 0.040202100997153156 -0.06511502606522446 -0.01770721084635496
948 1000 126 758 1422 1422 758 516 948 516 126 1058 711 1709|0.1 -0.05129768942972235 -0.3412977541503581 0.02217454289094256
167 1000 167 1319 681 681 1319 1875 1250 1875 1250 1014 938 820|0.1 0.039829630426884144 -0.12442739405839176 -0.012764664816343751
1422 516 758 126 948 948 126 1000 1422 516 758 711 1058 1709|0.1 -0.04680830723645002 -0.015848964481376404 0.1044806512022678
6000 1000 6000 4085 4085 7914 7914 7500 11250 7500 11250 6083 4918 13514|0.1 0.12650172150802108 0.0008309668746453447 -0.006902398849616409
1836 1000 245 1469 2754 2754 1469 1937 1836 1937 245 1204 3308 3310|0.1 0.006092194994327116 -0.041661565440859194 0.058401885893841765
703 533 363 667 667 89 89 1000 703 533 363 500 1202 744|0.1 0.02584882054833315 0.016361202906320926 0.0019333790515640992
1055 133 1055 1500 1500 800 800 1000 545 133 545 1117 1803 1802|0.1 0.016835302640250127 -0.04178169862162684 0.03150305329293612
363 533 703 667 667 89 89 1000 363 533 703 1201 1202 437|0.1 0.007659863972968584 0.020427284386510536 0.01452959764082662
545 133 545 1500 1500 800 800 1000 1055 133 1055 656 1803 751|0.1 0.00747056703441995 0.025192893093175517 0.021210295106908195
2032 1000 271 176 330 269 144 975 1841 1049 169 1245 977 2050|0.1 0.002777746600344244 -0.09955637791096539 -0.012570453116497182
492 133 492 162 133 71 87 906 516 83 480 613 1009 473|0.1 0.015326393894750101 0.04807080150910359 -0.0032078928890855174
3893 533 3712 7542 6835 629 1006 1225 3621 653 3712 3569 6908 4434|0.1 0.03485639657299755 0.04250665337083959 -0.01280641024916318
1179 1225 1886 6960 7300 6789 6960 1875 12816 2296 14142 1546 7792 7776|0.1 0.06293247445875227 -0.012051512957568233 -0.002679156665811311
338 1025 180 174 1888 2083 278 1075 276 1025 147 1082 1225 1908|0.1 -0.013785472220182449 -0.04360960234888189 0.09123744101520836
1039 1600 849 6194 5761 5906 5906 10875 1949 12000 1591 1811 6598 6232|0.1 0.15877322944816363 -0.03329111965411191 0.030875994875179114
921 187 1000 1768 1972 1369 1305 1875 1726 352 1875 1106 2577 1076|0.1 0.02897960757495932 0.04182574555132046 -0.03684818668705625
1000 921 187 1305 1768 1972 1369 1875 1875 1726 352 1000 2574 2577|0.1 -0.08134599122396557 -0.545377828932121 -0.04059883512636642
943 533 696 188 1000 533 100 921 1052 491 730 745 1000 1083|0.1 -0.042551392937890675 0.04226312375985586 0.08547267148427684
875 694 467 507 951 178 95 896 951 662 507 546 1030 951|0.1 -0.051358978613759154 0.030957481965439015 0.031023265944050138
257 953 137 673 1261 1370 731 1441 1370 1291 731 917 2038 1515|0.1 -0.038564955446942495 -0.515824216456009 -0.07578528160193554
3712 533 3893 4910 5333 2844 2619 5333 5028 2844 5611 4156 5897 3975|0.1 0.08971820851749746 0.055220001745470704 -0.04065336607517511
3441 533 3712 5333 4910 2619 2844 5333 3712 2844 5028 4066 5333 4742|0.1 0.08374712339617396 0.040283294292797756 -0.03783713299672198
269 927 144 766 1437 1323 705 1355 1437 1000 766 859 1972 1437|0.1 -0.04097629933596081 -0.5452639685325289 -0.0808120627115172
1061 738 566 566 1061 199 106 738 977 684 521 791 791 1173|0.1 -0.03433588593327208 0.04254596273185696 0.028903149451278143
756 533 701 204 1086 579 109 1086 1024 579 756 966 1201 810|0.1 -0.042452207493474114 0.04137904869275566 0.08459936328069073
1086 1086 204 1314 1417 1920 1417 1875 2037 2037 382 1201 2051 2796|0.1 -0.06906469991094344 -0.48768453623661223 -0.03636289196681464
1000 187 921 1305 1768 1305 1210 1875 1875 352 1726 1000 2574 1398|0.1 0.02873457884898789 0.0384982689968516 -0.02908130570822176
921 187 1000 1768 1305 1210 1305 1875 1726 352 1875 1106 1398 1667|0.1 0.029306267222073412 0.03299171266208045 -0.03461208444604402
1000 921 187 1305 1768 1305 1210 1875 1875 1726 352 1000 2574 1398|0.1 -0.07944792679754675 -0.5364655702638133 -0.03978180896377359
943 533 696 188 1000 533 100 921 696 491 645 745 1000 1373|0.1 -0.03824144372943317 0.042397416136708 0.08571836681192435
1323 927 705 766 1437 269 144 1355 1437 1000 766 1277 1972 1437|0.1 -0.04208980410291274 0.03976440480385923 0.029623126243762954
291 1079 155 761 1427 1550 827 1079 1550 1461 827 1182 1561 1714|0.1 -0.04187791583917577 -0.5647596040583946 -0.08513652353112855
3712 533 3441 4910 5333 2844 2619 5333 5028 2844 3712 3187 5897 3975|0.1 0.08410292805128838 0.04000496102300355 -0.040749468797666166
908 2444 908 1000 1000 222 222 1000 908 2444 908 1808 1414 1023|0.1 -0.07419393866091695 0.05782130897970861 0.02939957943065785
908 222 908 1000 1000 2444 2444 1000 908 222 908 1023 1414 1808|0.1 0.022078874412205796 0.023149155224093665 -0.026844633486439173
908 2444 908 1000 1000 222 222 1000 908 2444 908 1808 1414 1023|0.1 -0.03764282354886461 0.01563208900338786 0.0239044023438173
908 222 908 1000 1000 2444 2444 1000 908 222 908 1023 1414 1808|0.1 0.02791608155503056 0.10443993616371383 -0.11594282639648235
1102 1000 2693 245 1102 1102 245 1000 1102 1000 2693 1992 1127 1558|0.1 0.024259115759945882 -0.02255073688297693 0.09868900054731844
91 1000 91 371 371 371 371 409 409 409 409 1004 740 418|0.1 0.014712491405093342 0.013250652324916512 0.03055870231972735
1102 1000 245 2693 1102 1102 2693 1000 1102 1000 245 1127 1992 1558|0.1 0.051242715145531914 0.10292671556691779 0.02647091557982373
11000 1000 11000 4085 4085 4085 4085 4500 4500 4500 4500 11045 4603 8136|0.1 0.11443708340411751 -0.010351951936431458 0.032880654591731506
1102 1000 2693 245 1102 1102 245 1000 1102 1000 2693 1992 1127 1558|0.1 -0.0009076070729197028 0.02029966033060715 0.12388203718457502
91 1000 91 371 371 371 371 409 409 409 409 1004 740 418|0.1 0.005895706903387143 -0.07071829451642087 0.004834838050993273
1102 1000 245 2693 1102 1102 2693 1000 1102 1000 245 1127 1992 1558|0.1 -0.005363033958635244 -0.15772726795589942 -0.03554645723926386
11000 1000 11000 4085 4085 4085 4085 4500 4500 4500 4500 11045 4603 8136|0.1 0.13706054682987467 0.051581245343415016 -0.022307466184010583
250 1000 250 1021 1604 1604 1021 1875 1875 1875 1875 1031 2490 1744|0.1 0.012036721629817837 -0.35712924783100397 -0.05134574866643704
1836 1571 979 245 1836 1836 245 1000 1836 1571 979 2438 1204 2596|0.1 -0.048364571339851725 -0.03956824936436343 0.0886118557372706
4000 1000 4000 6418 6418 4085 4085 7500 7500 7500 7500 4123 6978 4323|0.1 0.1143334300200971 -0.028490754733114798 -0.0395873323432383
1169 1000 156 623 1169 1169 623 637 1169 637 156 1087 674 1653|0.1 -0.003985116795879318 -0.06244775454402052 0.05805132374206101
250 1000 250 1604 1021 1021 1604 1875 1875 1875 1875 1031 1081 1230|0.1 0.07553091509096665 0.08783633451685091 0.024257908355993507
1169 637 623 156 1169 1169 156 1000 1169 637 623 674 1087 1653|0.1 -0.006676328645839336 -0.088637220754757 -0.022370440325075736
4000 1000 4000 4085 4085 6418 6418 7500 7500 7500 7500 4123 4918 9959|0.1 0.12372367623629588 0.0034209042668464917 0.052927428391922327
1836 1000 245 979 1836 1836 979 1571 1836 1571 245 1204 2438 2596|0.1 -0.012845617486556549 -0.11321242683596022 0.07175220502663171
856 533 545 1000 1000 133 133 1000 856 533 545 576 1414 930|0.1 0.014246739249672569 -0.02035321330076334 0.013581602157948236
856 133 856 1000 1000 533 533 1000 545 133 545 930 1414 1328|0.1 0.017691416137257665 0.019663020790741115 -0.01608857406819153
545 533 856 1000 1000 133 133 1000 545 533 856 1328 1414 656|0.1 0.037950373915014435 -0.019367947319481882 0.0074974686409801095
545 133 545 1000 1000 533 533 1000 856 133 856 656 1414 576|0.1 -0.004571961854359374 0.0054744665715489305 0.05548231832585904
963 1000 336 1241 1607 1607 1241 1875 3697 1875 2521 1151 2376 2479|0.1 -0.015092409330982326 -0.701896646000022 -0.08192990884279716
1038 349 1038 1668 1668 1288 1288 3837 1946 2616 1946 1194 2573 1547|0.1 0.05450360644961627 -0.04974314631146948 -0.06335899689904667
1167 772 622 600 2301 1569 209 1000 1167 772 622 928 1543 2230|0.1 -0.06781665730607234 -0.061606580441050385 0.05078330487115368
2032 1000 271 806 1511 1511 806 1295 2980 1295 777 1245 1916 2888|0.1 -0.06406417532830777 -0.6432369989878817 -0.02952983286938715
857 533 662 1344 1972 514 179 1000 857 533 662 795 1911 1322|0.1 -0.009376971304294601 0.07100712636222584 0.021455175160747242
492 133 492 744 744 397 397 1467 637 382 637 613 1421 591|0.1 0.02089967167713702 0.07049376023958498 -0.004845136656446147
1175 2737 860 947 947 211 211 1000 1175 2737 860 2118 1378 1257|0.1 -0.11367620169271953 0.06525777543702871 0.030778363344283743
908 222 908 1056 1056 2889 2889 1000 1240 222 1240 1023 1454 2235|0.1 0.02420240121112638 0.0038497466600739827 -0.025613932161744346
860 2737 1175 947 947 211 211 1000 860 2737 1175 1763 1378 969|0.1 -0.009381914596042762 -0.019123936370654127 0.02405548369215804
1240 222 1240 1056 1056 2889 2889 1000 908 222 908 1326 1454 1861|0.1 0.029553147757090947 0.05209222500158983 -0.08447713554260439
1163 1366 3182 245 1102 1102 245 1000 1163 1366 3182 2050 1127 1602|0.1 -0.04843189151308991 0.06632364085104481 0.1348067794992014
77 1000 77 314 429 429 314 365 346 365 346 1003 644 459|0.1 0.008077934181713875 -0.0319357398994391 0.01760796889082039
1102 1000 245 3182 1163 1163 3182 1366 1102 1366 245 1127 2050 1602|0.1 -0.032041844845303036 -0.23638060834802022 -0.022476349745409463
13000 1000 13000 4085 4085 5579 5579 4500 4750 4500 4750 13038 4603 8374|0.1 0.13317659335081444 0.0771263754656859 -0.06647101823351487
851 732 2330 179 807 807 179 1000 851 732 2330 1803 1070 1173|0.1 -0.040465248332529624 0.05239335425243796 0.11993736963734403
77 1000 77 429 314 314 429 365 346 365 346 1003 774 354|0.1 -0.01752942697459292 -0.19173504590708434 -0.020564104082876344
807 1000 179 2330 851 851 2330 732 807 732 179 1070 1803 1173|0.1 -0.0167232943607587 -0.17843980258122727 -0.019350374465091358
13000 1000 13000 5579 5579 4085 4085 4500 4750 4500 4750 13038 5969 10059|0.1 0.09937798795405017 0.0039443190630672476 -0.00380650575796726
1225 604 230 354 1768 354 88 1000 1225 604 230 707 1275 1458|0.1 -0.055059728264871266 -0.18789983313901248 0.03955148738118419
650 250 650 2828 2828 1709 1709 5000 3464 1000 3464 820 3606 2000|0.1 0.03086568530597411 -0.2525605035650036 -0.05761608092322179
1709 250 1709 3464 3464 650 650 5000 2828 1000 2828 1781 4123 2000|0.1 0.029710985089963504 0.049348087139473584 0.004188252940049431
585 1000 146 380 2027 2027 380 1655 2925 1655 585 1042 1977 2412|0.1 -0.03356036344391966 0.03809426097347579 0.07907341462166428
1540 1000 385 2632 4355 4355 2632 5333 7698 5333 1540 1262 5203 5551|0.1 0.00961122890405397 -0.24435789256456175 -0.0478379690320474
816 188 493 289 1443 289 72 1000 816 188 493 577 1190 1041|0.1 -0.0089198749286723 0.04120669400588195 0.0433468227704048
3893 533 3712 5333 4910 2619 2844 5333 5611 2844 5028 3569 5333 3061|0.1 0.08331761050199171 0.04151600269345579 -0.04063987224868226
269 1049 144 766 1437 1323 705 1355 1437 1511 766 1119 1972 1437|0.1 -0.04847356253743107 -0.5189750313094943 -0.07205869656473296
1061 738 566 566 1061 199 106 1116 977 774 521 791 1458 1173|0.1 -0.04387271938254611 0.03403783041520558 0.030055803434003714
1143 533 793 204 1086 579 109 1086 1024 579 756 623 1201 1493|0.1 -0.040937510245695474 0.043179025271549154 0.08531325881915963
1086 1086 204 1487 2142 1920 1417 1875 2037 2037 382 1201 3031 2206|0.1 -0.0777743344967885 -0.5242913997359755 -0.040295299729373735
1000 187 921 1972 1768 1305 1369 1875 1875 352 1726 1000 2031 1398|0.1 0.0290371781323695 0.04408637300648888 -0.038769580930615444
2032 1000 271 144 269 330 176 1049 1841 975 169 1245 1119 1861|0.1 -0.03837119470500916 -0.20441625726260293 0.05844364826602444
492 133 492 133 162 87 71 906 480 83 516 613 916 519|0.1 0.005763586983482671 -0.005786794900094483 0.029229047541807773
2956 533 3031 6158 5581 513 821 816 3179 435 3031 3198 6212 3386|0.1 0.02657489133330193 -0.017229656126334092 0.0030494878014009075
962 816 1540 5683 5543 5961 5683 1875 10464 1531 11547 1743 5551 6789|0.1 0.046712525778214165 -0.0983302218292903 -9.334707204988746e-05
257 953 137 161 1756 1937 258 930 315 953 168 917 1065 1954|0.1 0.011708679871234029 -0.02161610699985883 0.15723022276452836
849 1600 1039 5761 6194 5906 5906 10875 1591 12000 1949 1311 7055 5678|0.1 -0.14515178063095102 -0.11121108691460546 -0.01856759751334147
3965 533 3937 5657 7126 3800 3017 5333 5885 2844 5333 3973 7775 4602|0.1 0.08252507190978253 0.035953641571417894 -0.036639879745153925
254 1007 135 766 1437 1810 965 1355 1355 1495 722 1032 1972 1975|0.1 -0.03622455198486474 -0.4735969227516168 -0.06606067117998826
1061 738 566 533 1000 188 100 1104 1336 743 713 791 1414 1077|0.1 -0.03580818199327762 0.03989689717798006 0.02912999132441474
826 533 556 140 748 399 75 794 748 423 553 646 806 1058|0.1 -0.042527787239338144 0.04175005154273492 0.0841373430136172
748 794 140 1043 1549 1403 1036 1875 1403 1488 263 806 2402 1590|0.1 -0.06215147947014499 -0.4542929709799681 -0.033920845241366404
1061 188 1336 2069 1875 1384 1394 1875 1989 352 2505 1458 2125 1482|0.1 0.02844699098697223 0.03541737171697701 -0.025563837742064166
2032 1000 271 135 254 254 135 1007 2032 1007 271 1245 1032 2048|0.1 -0.030057088834785084 -0.21402616842651545 0.054162066311997936
500 1000 500 3691 3691 3717 3717 7500 938 7500 938 1118 4596 3808|0.1 0.01552249099789238 -0.08328594119365373 -0.004622791016460903
492 133 492 125 125 67 67 1000 496 133 496 613 1008 497|0.1 0.016118803566300688 -0.004473271296293602 -0.0028119624030786827
3965 533 3937 8000 8000 1067 1067 1000 3965 533 3937 3973 8062 4925|0.1 0.024494047431184995 0.022713369883011758 0.005234882941742569
254 1007 135 271 2032 2032 271 1000 254 1007 135 1032 1245 2048|0.1 -0.02269270689592706 -0.023391764019975447 0.1282049963168097
2000 1000 2000 7382 7434 7434 7382 1875 15000 1875 15000 2236 7617 9234|0.1 0.01214386182824212 -0.37668815472420625 -0.04966926320568499
2000 1000 2000 7434 7382 7382 7434 1875 15000 1875 15000 2236 7450 9192|0.1 -0.003511255754428122 -0.28864233299562225 -0.03139065759643511
252 993 135 269 2018 2018 269 1000 252 993 135 1002 1242 2033|0.1 -0.06196069750066813 -0.06577519387642172 0.03654972115766375
3937 533 3965 8000 8000 1067 1067 1000 3937 533 3965 4062 8062 4903|0.1 -0.014679247941936646 0.027954966347198962 0.020907063790569502
496 133 496 125 125 67 67 1000 492 133 492 616 1008 508|0.1 -0.005824922991684023 -0.00276708737746989 0.05513706163950305
500 1000 500 3717 3717 3691 3691 7500 938 7500 938 1118 4617 3725|0.1 0.10443548795918689 -0.0634525870026259 -0.022259723882640525
2018 1000 269 135 252 252 135 993 2018 993 269 1242 1002 2033|0.1 -0.02536778147401275 -0.19439282639135302 0.0254891388341405
1336 188 1061 1875 2069 1394 1384 1875 2505 352 1989 1077 2652 1618|0.1 0.028500636273052216 0.04495425136769704 -0.03777921132882778
943 1260 177 1305 1768 1951 1314 1875 1768 2362 331 1374 2574 2500|0.1 -0.07432071256089912 -0.5040734973216843 -0.035820930760244174
943 533 696 177 943 503 94 1260 1040 672 701 745 1374 1069|0.1 -0.04030463178461785 0.035985041047852384 0.07935885322102987
1211 674 646 483 906 170 91 906 961 669 513 782 1027 1321|0.1 -0.037945998614974386 0.04351332913756334 0.028519300227016764
252 993 135 959 1797 1427 761 1484 1345 1345 717 1002 2303 1449|0.1 -0.03201766455082744 -0.4821206543905099 -0.06993840387363837
3937 533 3965 7126 5657 3017 3800 5333 5333 2844 5885 4062 5745 4216|0.1 0.08302724571499942 0.03986074824790853 -0.038530007561045077
125 1000 125 461 989 989 461 1875 938 1875 938 1008 1931 1047|0.1 -0.0004371847400219675 -0.3653849278140986 -0.042480499330891375
4064 2144 2167 271 2032 2032 271 1000 4064 2144 2167 4185 1245 4543|0.1 -0.024387795748790353 -0.07005742449543106 0.022883733676406504
8000 1000 8000 7914 7914 3691 3691 7500 15000 7500 15000 8062 8374 8811|0.1 0.16667416927757195 0.034343214889869245 -0.019668763731631733
948 1000 126 1011 1895 1895 1011 466 948 466 126 1058 1113 2119|0.1 -0.013918843388178725 -0.0673447065303101 0.09369662765112752
125 1000 125 989 461 461 989 1875 938 1875 938 1008 1101 575|0.1 0.0028325688230768087 -0.41786161328882576 -0.055088496217343685
1895 466 1011 126 948 948 126 1000 1895 466 1011 1113 1058 2119|0.1 0.020561501586966457 -0.07128441200533242 0.027417376118521464
8000 1000 8000 3691 3691 7914 7914 7500 15000 7500 15000 8062 4596 15447|0.1 0.04102243566265651 -0.06537594658234891 0.0008880175074010843
2032 1000 271 2167 4064 4064 2167 2144 2032 2144 271 1245 4185 4543|0.1 0.015585073078618894 0.07098270900937731 0.08841778370771491
528 533 246 500 500 67 67 1000 528 533 246 587 1118 558|0.1 -0.020765799314964584 0.03909584768558627 0.01922362695106372
1055 133 1055 2000 2000 1067 1067 1000 492 133 492 1117 2236 2060|0.1 0.011782245730216356 -0.022624517201745853 0.02922714687664696
246 533 528 500 500 67 67 1000 246 533 528 1030 1118 306|0.1 0.002856068664571776 0.013487292616309876 0.014432907673955775
492 133 492 2000 2000 1067 1067 1000 1055 133 1055 613 2236 1175|0.1 0.015096745193790007 -0.0023227213952536907 0.028746537096924207
2032 1000 271 144 269 269 144 1049 2032 1049 271 1245 1119 2050|0.1 -0.061631937626694944 -0.39991196761337 0.028051901789132305
530 1000 530 3691 3691 3872 3872 7500 994 7500 994 1132 4596 4132|0.1 0.040586030537377304 -0.050879580480946984 -0.03810735121093867
492 133 492 133 133 71 71 1000 516 133 516 613 1009 473|0.1 0.011720785779072429 -0.01083250956025461 0.029785800473032253
3893 533 3712 7542 7542 1006 1006 1000 3893 533 3712 3569 7608 4769|0.1 0.026896635207365183 0.03874113911100707 -0.00351773502951791
269 1049 144 271 2032 2032 271 1000 269 1049 144 1119 1245 2050|0.1 -0.03033788271847082 0.012838512845321226 0.12686025433059855
1886 1000 1886 6960 7300 7300 6960 1875 14142 1875 14142 2134 7792 8942|0.1 -0.03608638708713974 -0.4611610293041324 -0.04843696994323854
1886 1000 1886 7300 6960 6960 7300 1875 14142 1875 14142 2134 6692 8667|0.1 0.03310059161383938 -0.24555603397189762 -0.02316646474578743
257 953 137 258 1937 1937 258 1000 257 953 137 917 1225 1954|0.1 -0.01913834471055309 -0.03943083635257416 0.08147402114067503
3712 533 3893 7542 7542 1006 1006 1000 3712 533 3893 4156 7608 4622|0.1 0.014210244735672894 -0.014635054151539428 0.013889397808402038
516 133 516 133 133 71 71 1000 492 133 492 632 1009 551|0.1 0.006011912220251769 0.03319296484908696 0.026937962214226285
530 1000 530 3872 3872 3691 3691 7500 994 7500 994 1132 4742 3549|0.1 -0.01723991019646598 -0.08630767011142848 -0.05908499788233157
1937 1000 258 137 257 257 137 953 1937 953 258 1225 917 1954|0.1 -0.0065961878273179675 -0.04586179179299821 0.0802931325021028
1116 3000 1116 900 900 200 200 1000 1116 3000 1116 2060 1345 1194|0.1 -0.13014554947912815 0.0583299270117732 0.03187241323569623
1240 222 1240 1111 1111 3333 3333 1000 1240 222 1240 1326 1495 2289|0.1 0.0300884808326618 0.030300942176118006 -0.08741079398112639
1116 3000 1116 900 900 200 200 1000 1116 3000 1116 2060 1345 1194|0.1 -0.14461422817183767 0.08399431903925336 0.032167732534933435
1240 222 1240 1111 1111 3333 3333 1000 1240 222 1240 1326 1495 2289|0.1 0.025264997161582592 0.03627692494832857 -0.05615987378667198
896 1000 2689 179 807 807 179 1000 896 1000 2689 1847 1070 1206|0.1 -0.02542401929436111 0.05015103511059049 0.13888739989838417
67 1000 67 372 372 372 372 333 300 333 300 1002 687 398|0.1 -0.03243825504918307 -0.29490193508586615 -0.045116890888941
807 1000 179 2689 896 896 2689 1000 807 1000 179 1070 1847 1206|0.1 0.0029918596419920007 -0.10055538345882353 -0.007079561813204682
15000 1000 15000 5579 5579 5579 5579 4500 5000 4500 5000 15033 5969 10302|0.1 0.1506484064289637 0.1133938046608507 -0.09343724150045474
896 1000 2689 179 807 807 179 1000 896 1000 2689 1847 1070 1206|0.1 -0.04184685557931944 0.055366595862282875 0.13434609031839573
67 1000 67 372 372 372 372 333 300 333 300 1002 687 398|0.1 -0.03401854450115205 -0.3313698785596775 -0.05542093647340818
807 1000 179 2689 896 896 2689 1000 807 1000 179 1070 1847 1206|0.1 -0.060227493820914635 -0.3618162533936331 -0.05059546070195431
15000 1000 15000 5579 5579 5579 5579 4500 5000 4500 5000 15033 5969 10302|0.1 0.1151431297179939 0.018356799927390366 -0.01373673900979755
693 200 693 1720 1720 1284 1284 3000 1299 1500 1299 825 2441 1023|0.15 0.05679660603665093 0.08756532806000861 -0.04461847210573633
755 746 403 581 1744 872 116 1000 755 746 403 595 1419 1446|0.15 -0.07854875292946817 0.005185782304868436 0.05505021209815775
1443 1000 289 1853 2483 2483 1853 1875 4330 1875 2165 1190 3342 3524|0.15 -0.11907613102910775 -1.1024341856753939 -0.05012919599898358
1324 533 988 1155 2309 770 154 1000 1324 533 988 788 1915 1879|0.15 -0.0009921607307739055 0.029557405348885624 0.02798949660444361
856 133 856 866 866 462 462 2000 1147 667 1147 930 1658 682|0.15 0.027158150991313246 0.015486276064993199 0.012612084370262622
1169 1000 156 540 1012 1012 540 1340 2337 1340 779 1087 1804 1938|0.15 -0.07936958577990372 -1.0812677392585646 -0.08329518341356645
11000 1000 11000 4085 4085 4085 4085 7500 7500 7500 7500 11045 4918 9959|0.15 0.1528676158949005 0.04811907527496384 -0.06224964495776475
1836 1000 245 2693 1836 1836 2693 1000 1836 1000 245 1204 2438 2596|0.15 -0.014088784834807022 -0.2637914791913121 -0.0005068639766769856
91 1000 91 371 371 371 371 682 682 682 682 1004 905 447|0.15 -0.03590289238640354 -0.5590654295315234 -0.060938982818881104
1836 1000 2693 245 1836 1836 245 1000 1836 1000 2693 2438 1204 2596|0.15 -0.07504809380350141 0.06867524217581744 0.17108158184877986
11000 1000 11000 4085 4085 4085 4085 7500 7500 7500 7500 11045 4918 9959|0.15 0.1642197480263019 0.06530035514190624 -0.08130743096082083
1836 1000 245 2693 1836 1836 2693 1000 1836 1000 245 1204 2438 2596|0.15 -0.07372787044981677 -0.6535711202459527 -0.047574290152859744
91 1000 91 371 371 371 371 682 682 682 682 1004 905 447|0.15 0.0256342443862434 -0.07396865681462583 0.011568093935041546
1836 1000 2693 245 1836 1836 245 1000 1836 1000 2693 2438 1204 2596|0.15 0.01419233022063926 -0.01915435355407391 0.16310696940943448
545 133 545 1000 1000 1467 1467 1000 545 133 545 656 1414 1328|0.15 0.018102486428057674 0.048334540788954605 -0.015699717877595276
545 1467 545 1000 1000 133 133 1000 545 1467 545 1328 1414 656|0.15 -0.07056422940278417 0.09534887325577168 0.019383105466797
545 133 545 1000 1000 1467 1467 1000 545 133 545 656 1414 1328|0.15 0.019984523840765878 0.09583743936280475 -0.06976972111488955
545 1467 545 1000 1000 133 133 1000 545 1467 545 1328 1414 656|0.15 0.018977871623946374 0.0024926468448560613 0.02194933256008058
12728 1000 14142 14142 15780 15780 14142 8000 2828 8000 14142 13454 16248 16882|0.15 0.14781957417590919 -0.05041012537055689 0.016418388639793946
1000 1000 1000 71 566 566 71 1116 200 1116 900 1414 1149 721|0.15 -0.004377249381015691 -0.022940027212404734 0.15602482055252498
1000 1000 1000 566 566 71 71 200 1116 900 1116 1414 721 1002|0.15 0.04877678022392917 -0.04382740570980981 0.01818119170023058
1972 125 1768 1768 354 1591 1768 1000 1972 125 1768 1772 1275 2110|0.15 0.009040877170816142 0.013748213289643818 0.03647456737645216
79 1111 79 1240 1240 1111 1111 222 629 1111 629 1057 1326 1114|0.15 -0.0051345329844176835 -0.5336345690881517 -0.06933281454757911
507 896 63 807 179 896 896 1000 507 896 63 898 1070 646|0.15 -0.00040643584905297736 -0.12384685000732865 0.01834218334050064
1000 1000 1000 693 693 87 87 200 817 900 817 1414 825 1052|0.15 -0.016280674300435116 0.06327193767786676 0.01783786055386649
1179 125 1443 1443 289 1299 1443 1000 1179 125 1443 1519 1190 1329|0.15 0.019750781966916264 0.03651039338883111 -0.01588604973139396
10392 1000 11547 11547 9434 9434 11547 8000 2309 8000 11547 11000 9522 10630|0.15 0.13508904925334742 0.008365524714177841 -0.06506647902808416
1000 1000 1000 87 693 693 87 817 200 817 900 1414 825 825|0.15 0.01781941007065857 -0.06012205082042921 0.13907947568282175
96 1111 96 908 908 1111 1111 222 770 1111 770 1058 1023 1169|0.15 0.027672849400017796 0.009859789595387802 0.01947340521716745
848 1224 106 1102 245 1224 1224 1000 848 1224 106 1288 1127 1009|0.15 0.00446741728824307 -0.06462085490333891 0.051431314540757445
785 881 418 734 2754 1664 153 1366 1195 948 637 922 2050 1989|0.15 -0.09730982103704267 -0.057515697615946326 0.0493354683215963
1888 1075 174 475 890 1356 723 1135 3125 1549 833 1225 1428 3055|0.15 -0.05103903262155929 -1.2706120285494371 -0.11145740985856745
1152 656 240 1487 2142 1569 1383 1875 4320 1231 2610 747 3031 2581|0.15 -0.04286827086001144 -1.3051750445475252 -0.0912114118329288
570 208 868 1860 1362 1200 1291 3750 1068 2266 1628 1037 2241 1255|0.15 0.06323568799591062 0.02819053990089415 -0.06600073649776217
570 92 530 472 718 383 251 1655 821 441 601 607 1618 448|0.15 0.025170096260205277 0.08181496079906703 -0.03659964321289899
1143 533 793 1392 2304 614 128 656 837 350 737 623 1664 1715|0.15 -0.04577552974743604 0.07455362937529131 0.02860931516573295
15000 1000 15000 3691 3691 3691 3691 7500 15000 7500 15000 15033 4596 15447|0.15 0.13069619065663618 -0.03764042320118732 0.04944715741652672
2032 1000 271 4064 4064 4064 4064 1000 2032 1000 271 1245 4185 4543|0.15 0.03896025625460764 0.17814611008708514 0.056308381899823345
67 1000 67 246 246 246 246 1000 500 1000 500 1002 1030 306|0.15 -0.040978777019741175 -0.5243050107252245 -0.06201800820696213
4064 1000 4064 271 2032 2032 271 1000 4064 1000 4064 4185 1245 4543|0.15 0.019423131687674733 -0.014460385157127886 0.12387654802960224
15000 1000 15000 3691 3691 3691 3691 7500 15000 7500 15000 15033 4596 15447|0.15 0.17132760731730645 -0.018925096828115162 0.050634698718683424
2032 1000 271 4064 4064 4064 4064 1000 2032 1000 271 1245 4185 4543|0.15 0.011249878862644724 -0.080732254999617 0.003822698618614062
67 1000 67 246 246 246 246 1000 500 1000 500 1002 1030 306|0.15 0.032802706049017694 0.2199459852657859 0.058812018772129715
4064 1000 4064 271 2032 2032 271 1000 4064 1000 4064 4185 1245 4543|0.15 -0.006110594682449122 -0.04870736649964069 0.05332624550146603
492 133 492 2000 2000 2000 2000 1000 492 133 492 613 2236 2060|0.15 0.030041749974112353 -0.021609418612126285 -0.04617371537236403
246 1000 246 500 500 67 67 1000 246 1000 246 1030 1118 306|0.15 -0.04198311987335557 0.09025016526069463 0.018644529706055568
492 133 492 2000 2000 2000 2000 1000 492 133 492 613 2236 2060|0.15 0.01772373472555211 0.03566020036577022 0.005142023295143794
246 1000 246 500 500 67 67 1000 246 1000 246 1030 1118 306|0.15 0.03934973627328864 -0.044123477333477545 0.016029497156939687
530 625 650 3691 3691 3872 3601 7500 994 6797 1218 1132 4596 4132|0.15 0.09530968962188968 -0.005859743497167447 -0.030446091313363066
269 1049 144 271 2032 1841 169 1000 330 975 176 1119 1245 1861|0.15 0.009083071809845578 -0.05707061352981824 0.08649064092444592
1540 816 962 5543 5683 5683 5961 1875 11547 1531 10464 1262 5997 7076|0.15 -0.019440925175724377 -0.8953946663532186 -0.07088323633971716
3031 533 2956 5581 6158 821 513 816 3031 435 3179 2960 5640 3774|0.15 -0.022062697387068564 0.03796875275225764 0.017798624184763856
530 92 570 146 179 96 78 1103 543 147 543 649 1113 530|0.15 0.013958678565257898 0.06551960529055156 -0.013209335361712427
1756 930 161 137 257 315 168 953 1937 953 258 1065 917 1954|0.15 0.0016020989268050734 0.03864345720960394 0.10295973809471892
13000 1000 13000 3691 3691 4085 4085 7500 11250 7500 11250 13038 4596 11840|0.15 0.04556083515287357 -0.07494217012171678 0.030370170103297678
2032 1000 271 3522 3048 3048 3522 1107 2032 1107 271 1245 3208 3663|0.15 0.01869356986046844 0.008125398946075002 0.029568485994055926
77 1000 77 284 314 314 284 865 577 865 577 1003 911 378|0.15 0.01424626299782128 -0.05297611088059373 0.01728677070942375
3048 1107 3522 271 2032 2032 271 1000 3048 1107 3522 3208 1245 3663|0.15 -0.0027807679897151605 -0.00704409767198988 0.15170240736056106
13000 1000 13000 4085 4085 3691 3691 7500 11250 7500 11250 13038 4918 13514|0.15 0.15789745255033516 0.010646862786811706 -0.013624071089430867
1836 1000 245 3182 2754 2754 3182 904 1836 904 245 1204 3308 3310|0.15 0.034239922694594416 0.13821459152974613 0.06005124976157239
77 1000 77 314 284 284 314 865 577 865 577 1003 1040 354|0.15 0.031479562415719364 -0.024278984086433253 0.015436715095902276
2754 904 3182 245 1836 1836 245 1000 2754 904 3182 3308 1204 3310|0.15 -0.05925004810382273 0.07294843772909676 0.1942709957986155
492 133 492 1500 1500 1733 1733 1000 545 133 545 613 1803 1802|0.15 0.017828884457515848 0.030022167424490487 0.0038201855010200347
363 1156 328 667 667 89 89 1000 363 1156 328 1201 1202 437|0.15 0.005496270821561122 -0.020281892853196704 0.02128490846312836
545 133 545 1500 1500 1733 1733 1000 492 133 492 656 1803 1579|0.15 0.016936029731615676 -0.01747710535148439 0.04803735585207303
328 1156 363 667 667 89 89 1000 328 1156 363 1052 1202 409|0.15 -0.019188769181681664 0.06755743510238776 0.01840394834228265
1179 125 1443 1443 1179 1179 1443 1875 1179 1000 1443 1519 1573 2041|0.15 0.03553080508464701 0.1228037350301503 -0.05293589887360173
693 817 87 1000 1000 817 817 1000 1299 817 693 825 1414 1090|0.15 -0.056129369220692116 -1.3334870642018937 -0.0899042204135736
1000 1000 1000 693 1299 693 87 817 817 817 817 1414 1090 1510|0.15 -0.0743704639510212 0.10733077655686207 0.032355891867472675
1000 1000 1000 848 1590 848 106 1224 1224 1224 1224 1731 1848 1334|0.15 -0.053730388120650785 0.08848265719193726 0.03861946459271959
848 1224 106 1000 1000 1224 1224 1000 1590 1224 848 1288 1002 1848|0.15 -0.06200287855145481 -1.5281244889586765 -0.11290563037801848
1443 125 1179 1179 1443 1443 1179 1875 1443 1000 1179 1190 2179 2041|0.15 0.04269475000444167 0.1007553356597235 -0.08189095114585321
1102 1000 245 1000 1000 1000 1000 1000 2693 1000 1836 1127 1731 1992|0.15 -0.08727091388379793 -0.6357587230259321 -0.008982846136726952
908 222 908 908 908 908 908 2444 908 1667 908 1023 1808 909|0.15 0.05703542201661138 0.022446472576458376 -0.020356088891674284
1000 1000 1000 1102 2693 1836 245 1000 1000 1000 1000 1002 1992 2438|0.15 -0.12025735982995056 0.05564282007196386 0.03804942371846698
1836 1000 245 1000 1000 1000 1000 1000 2693 1000 1102 1204 1731 2438|0.15 -0.11656119957056954 -1.2891564831047075 -0.083341881691954
1000 1000 1000 1836 2693 1102 245 1000 1000 1000 1000 1002 2438 1992|0.15 -0.07237216011178549 0.09394567608689508 0.027707165599157868
545 133 545 545 545 545 545 1467 545 600 545 656 1328 546|0.15 0.033529240464857946 0.0769224858214268 -0.10829220009640594
1179 125 1443 1443 866 1371 1443 816 1066 102 1443 1519 1658 1373|0.15 0.023384279977609612 0.04810804375274591 -0.0504276437531781
10970 816 11547 11547 9434 8524 11547 8000 6928 6532 11547 11576 9522 13892|0.15 0.11739894938446627 -0.06561142673439546 0.0287754225925152
693 817 87 1000 1000 600 950 1000 566 738 71 825 1414 1149|0.15 -0.04581312291688344 -0.4855035889192638 -0.008465886755465446
1000 1000 1000 71 566 693 87 738 600 817 950 1414 721 825|0.15 -0.014726790025541003 -0.04187380274816577 0.08504987687521837
87 950 71 1000 1000 817 738 1000 693 600 566 953 1414 825|0.15 -0.03607624306834256 -0.7730404155331905 -0.08710007476607107
1000 1000 1000 566 693 87 71 600 817 950 738 1414 825 1052|0.15 -0.03394848880405532 0.0535525472922016 0.018505298424646988
1230 1583 1362 1155 943 118 144 1667 1667 1667 1667 1586 1374 1202|0.15 -0.03244243178913586 0.0631155379769699 0.020463941976491817
74 1053 91 860 777 1053 1053 632 595 1053 729 1003 1266 1107|0.15 -0.062483027178349415 -0.5194933666972379 -0.04710502358934221
734 904 1163 106 848 692 87 1224 1224 1224 1224 1473 1288 1009|0.15 -0.06109532172569154 0.048639894848847565 0.1599652660201767
14142 1225 13435 10440 14142 14142 11554 8000 14142 9798 8485 14177 14866 20000|0.15 0.1701943458526034 0.03878496419480015 -0.04797593541592371
766 1355 96 1287 813 1355 1355 1107 938 1355 117 1424 1289 1556|0.15 0.04789453973427893 0.19597818184824423 0.04554053058066332
1768 125 1305 1061 1768 1768 1679 1225 1768 153 1444 1275 2031 2500|0.15 0.020346830532997906 0.06784693674758868 -0.037717192042594494
1000 1000 1000 87 693 566 71 817 600 738 950 1414 825 1149|0.15 0.029022518888464077 -0.07444989634552313 0.09519113313506189
71 950 87 1000 1000 738 817 1000 566 600 693 1002 1414 721|0.15 -0.03122867337228552 -0.7602821854961495 -0.0861829436596262
1000 1000 1000 693 566 71 87 600 738 950 817 1414 1149 1051|0.15 0.004673596710536021 0.02065254236961911 0.018618906838410165
1305 125 1768 1768 1061 1679 1768 1225 1444 153 1768 1858 1458 2127|0.15 0.012936322172203418 0.035905463556060724 0.013350088513965908
566 738 71 1000 1000 600 950 1000 693 817 87 721 1414 825|0.15 -0.10907939607985973 -0.9134866131804209 -0.044391129851306665
13435 1225 14142 14142 10440 11554 14142 8000 8485 9798 14142 13472 10198 13454|0.15 0.1649617511833612 -0.014218119424895814 -0.006207876060714268
11547 816 10970 9434 11547 11547 8524 8000 11547 6532 6928 11000 12152 16330|0.15 0.17343174043841225 0.020064887169464196 -0.0295065895889568
848 1224 106 1163 734 1224 1224 904 692 1224 87 1288 1473 1009|0.15 -0.06354936563814584 -0.5949410340197381 -0.04266672991839804
1443 125 1179 866 1443 1443 1371 816 1443 102 1066 1190 1190 2041|0.15 0.020880712747355368 0.04328351319671464 -0.011654243833572053
1362 1583 1230 943 1155 144 118 1667 1667 1667 1667 2005 1915 1374|0.15 -0.056399161598238434 0.09307917802415577 0.0194799045510341
91 1053 74 777 860 1053 1053 632 729 1053 595 1055 1001 1108|0.15 0.034522679074435736 -0.1948107300770141 -0.01835719530327018
813 1107 1287 96 766 938 117 1355 1355 1355 1355 1289 1424 1556|0.15 -0.07671729574533992 0.06581818483950563 0.1615347632232278
1305 125 1768 1768 1972 1972 1768 1875 1305 1000 1768 1858 2577 2500|0.15 0.042018938193830735 0.09977555197118182 -0.10981747280866205
566 738 71 1000 1000 1116 1116 1000 1061 738 566 721 1414 1458|0.15 -0.05551778097586224 -1.094526034916865 -0.05455710411428227
1000 1000 1000 566 1061 566 71 738 1116 738 1116 1414 791 1149|0.15 -0.08486191220020367 0.108361104075545 0.037776117238947915
662 1000 662 507 951 507 63 896 896 896 896 1267 1030 709|0.15 -0.08206217642571678 0.09686106030477148 0.03872349523110774
507 896 63 662 662 896 896 1000 951 896 507 898 1127 1305|0.15 -0.07046879231912828 -1.0949968238580987 -0.037968391488559794
1768 125 1972 1305 1768 1768 1305 1875 1768 1000 1972 2031 2574 2500|0.15 0.035851899917493935 0.10903814922350152 -0.08937767098194271
566 1116 71 1000 1000 738 738 1000 1061 1116 566 1149 1414 791|0.15 -0.06812142554758704 -1.4957412853112328 -0.100519417160293
1000 1000 1000 566 1061 566 71 1116 738 1116 738 1414 1458 1456|0.15 -0.09328864522132552 0.115634912142355 0.03655454683091808
1972 125 1768 1768 1305 1305 1768 1875 1972 1000 1768 1772 1398 2500|0.15 0.03109161683159556 0.0752585756160018 -0.1256357993960766
766 1355 96 1511 1511 1355 1355 1000 1437 1355 766 1424 1703 1556|0.15 -0.09480603970092982 -1.2194646029191247 -0.032922487364862585
1768 125 1305 1972 1768 1768 1972 1875 1768 1000 1305 1275 2031 2500|0.15 0.045893506832936914 0.06937820443904119 -0.0810454203685429
1511 1000 1511 766 1437 766 96 1355 1355 1355 1355 1916 1972 1975|0.15 -0.1069809574904712 0.09338031006915992 0.03814807101541362
1211 674 646 906 2719 1359 181 1000 1211 674 646 782 1861 2272|0.15 -0.019763271902354385 0.04761761926052044 0.04472616128746498
2018 1000 269 959 1797 1797 959 1484 4035 1484 1345 1242 2303 3372|0.15 -0.03508309880481897 -0.16217947639793118 0.063201010608116
1403 1000 281 1043 1549 1549 1043 1875 4210 1875 2105 1181 2402 2882|0.15 -0.06854808080144714 -0.848902472059857 -0.052307477188817675
713 200 713 1104 1104 743 743 3000 1336 1500 1336 841 2054 863|0.15 0.05405147063667792 0.014053957018358432 -0.04466427886956836
496 133 496 891 891 475 475 2000 736 667 736 616 1671 575|0.15 0.03711851628482199 0.0819297643010275 -0.04553632110295136
826 533 556 1123 2245 748 150 1000 826 533 556 646 1876 1537|0.15 -0.0033054779396413103 0.03571646585354138 0.03146922886247294
566 200 566 1720 1720 1583 1583 3000 1061 1500 1061 721 2441 1608|0.15 0.04466090406102019 -0.003443529317211924 -0.02571797525401487
616 920 329 581 1744 872 116 1000 616 920 329 935 1419 1379|0.15 -0.031935203196138406 0.059634459328075096 0.062230187373355506
1768 1000 354 2798 3041 3041 2798 1875 5303 1875 2652 1275 3571 4316|0.15 -0.1270315570244973 -1.4161403224143698 -0.09098197757041016
1622 533 1492 1414 2828 943 189 1000 1622 533 1492 1516 2236 2302|0.15 0.012186095085715554 -0.01105995725643072 0.027562142185040273
1055 133 1055 707 707 377 377 2000 1147 667 1147 1117 1581 1072|0.15 0.027914847735035497 0.020219157129370835 0.006490529657399158
948 1000 126 357 670 670 357 1087 1895 1087 632 1058 1276 1499|0.15 -0.018497987202693578 -0.6374205579151437 -0.054912451523704275
650 625 530 3691 3691 3601 3872 7500 1218 6797 994 820 4596 3605|0.15 0.04359952165096326 -0.060040730299441014 -0.07946487493932008
330 975 176 271 2032 1841 169 1000 269 1049 144 977 1245 2050|0.15 -0.03494778339379723 -0.008193019335532847 0.10286243626923541
1886 1225 1179 7300 6960 6960 6789 1875 14142 2296 12816 2134 6692 8667|0.15 0.08168034617139774 0.0968701664624505 0.019292490807969465
3712 533 3893 6835 7542 1006 629 1225 3712 653 3621 4156 7608 4622|0.15 0.03055509355255337 -0.04060776284808498 0.01763822267938142
570 92 530 179 146 78 96 1103 543 147 543 607 1011 608|0.15 0.010400764498759152 0.06508290076039369 0.0036949563943977637
1888 1075 174 180 338 276 147 1025 2083 1025 278 1225 1082 1908|0.15 -0.0022487364973988733 -0.0979357277299997 0.061206956504356036
875 694 467 538 2016 1218 112 732 574 645 306 546 1205 1972|0.15 -0.061821886675917925 -0.014328078160315005 0.056147198358327266
1756 930 161 673 1261 828 442 1441 2906 1055 775 1065 2038 2099|0.15 -0.09180054626858225 -1.306715556659298 -0.042558111202077864
1755 1523 366 2106 2390 3264 2265 1875 6581 2856 3976 1819 3007 4899|0.15 -0.041353068834477646 -1.174007589734476 -0.07711626237657754
868 208 570 1362 1860 1291 1200 3750 1628 2266 1068 648 2791 1014|0.15 0.03671338210932795 -0.07423923262274812 -0.09720036744643057
530 92 570 718 472 251 383 1655 601 441 821 649 1196 554|0.15 0.022345834942389953 0.07925204515909501 -0.022958830535891872
1275 533 1123 2121 3510 936 195 1523 1741 812 1208 1175 3432 2097|0.15 -0.05039139259985781 0.07221855095613794 0.0275492047515824
1000 1000 1000 533 533 67 67 1000 1104 1000 1104 1414 1133 1002|0.15 0.041221283429597744 -0.0008021641980371363 0.010917846551350419
2069 125 1875 1875 1875 1875 1875 1000 2069 125 1875 1879 2125 2792|0.15 0.010084644076391314 -0.005335852769825511 0.04514430767415201
533 1104 67 1000 1000 1000 1000 1000 533 1104 67 1133 1414 1133|0.15 -0.007660497118583409 -0.2228304926036917 -0.005858762817049223
15000 1000 15000 15000 16553 16553 15000 8000 15000 8000 15000 15033 17000 22338|0.15 0.16452112175063371 -0.01749230856211259 0.039984282533152005
1000 1000 1000 67 533 533 67 1104 1000 1104 1000 1414 1133 1133|0.15 -0.035544117634792594 0.027299437425940543 0.14958433927407144
67 1000 67 1000 1000 1104 1104 1000 533 1000 533 1002 1414 1133|0.15 -0.02047062666200361 -0.54502435400411 -0.0590547947875919
1875 125 2069 1875 1875 1875 1875 1000 1875 125 2069 2125 2125 2652|0.15 0.016263762949817462 -0.03267291687323315 0.05155205840220889
1104 1000 1104 533 533 67 67 1000 1000 1000 1000 1489 1133 1133|0.15 0.05084406209717507 -0.02001045420558678 0.01585490622048491
906 1000 906 60 483 483 60 906 906 906 906 1350 908 1027|0.15 -0.02540395272051188 0.002603257379365509 0.15179591764584277
67 1000 67 1104 1104 1000 1000 1000 533 1000 533 1002 1489 1002|0.15 -0.00448178042876779 -0.6001332362528544 -0.07702640587699983
15000 1000 15000 16553 15000 15000 16553 8000 15000 8000 15000 15033 15033 21213|0.15 0.13838717684885093 -0.012309440236639713 -0.011924846434965275
483 906 60 906 906 906 906 1000 483 906 60 908 1350 1027|0.15 -0.0586006588877197 -0.6027890962976123 -0.059872369424252
875 694 467 896 2689 1344 179 1000 875 694 467 546 1847 2093|0.15 -0.05812879577140162 0.003012958878070293 0.03582169423981041
1937 1000 258 673 1261 1261 673 1441 3874 1441 1291 1225 2038 3016|0.15 -0.03801802550448374 -0.35496828406543224 0.016043641056600055
1920 1000 384 1487 2142 2142 1487 1875 5760 1875 2880 1318 3031 3956|0.15 -0.1188433277713008 -1.435359950943531 -0.10095154262550698
521 200 521 1116 1116 774 774 3000 977 1500 977 686 2060 609|0.15 0.038811063361183784 -0.014754675968539077 -0.06332359945968036
516 133 516 651 651 347 347 2000 744 667 744 632 1557 406|0.15 0.019703780965631967 0.09173985818895947 -0.022457712252356155
1143 533 793 1536 3072 1024 205 1000 1143 533 793 623 2391 2110|0.15 -0.02276826701505752 0.04693790592138258 0.02662471527895338
1305 125 1768 1768 1768 1768 1768 1000 1305 125 1768 1858 2031 2197|0.15 0.018124718052017208 0.09496390664420318 -0.03226264833524728
14142 1000 14142 14142 10440 10440 14142 8000 14142 8000 14142 14177 10198 17578|0.15 0.1459539179902558 0.05215602446175138 -0.08123888837192061
566 738 71 1000 1000 1000 1000 1000 566 738 71 721 1414 1149|0.15 -0.05938844453276637 -0.5639378877068935 -0.03554995029972252
1000 1000 1000 71 566 566 71 738 1000 738 1000 1414 721 1149|0.15 0.021283647381247217 -0.0040233263554001475 0.1869306411703886
71 1000 71 1000 1000 738 738 1000 566 1000 566 1002 1414 721|0.15 -0.002889410514866908 -0.34016590741816954 -0.025599183452965635
1000 1000 1000 566 566 71 71 1000 738 1000 738 1414 1149 1051|0.15 -0.019130222467954594 0.0474415558007002 0.014496709597471291
738 1000 738 566 566 71 71 1000 1000 1000 1000 1243 1149 721|0.15 -0.04633290455041128 0.05192025793954613 0.023921126521018188
71 1000 71 738 738 1000 1000 1000 566 1000 566 1002 1243 1051|0.15 0.022062417479888907 -0.2981857686159528 -0.028876194479806605
1355 1000 1355 96 766 766 96 1355 1355 1355 1355 1684 1424 1556|0.15 -0.0518286614344432 0.014553641698038522 0.15307291241890564
14142 1000 14142 10440 14142 14142 10440 8000 14142 8000 14142 14177 14866 20000|0.15 0.21649257501170194 0.01787222841020064 0.024133191062212234
766 1355 96 1355 1355 1355 1355 1000 766 1355 96 1424 1684 1556|0.15 0.038787775552195924 0.11029848730565561 0.04369433012227697
1768 125 1305 1768 1768 1768 1768 1000 1768 125 1305 1275 2031 2500|0.15 0.020839771581151467 -0.028023560116662294 0.01683824990883931
1075 125 625 625 1075 1075 625 1875 1075 1000 625 637 1976 884|0.15 0.042846035980823594 0.04899460527886479 -0.0791610339993809
1600 1720 200 1000 1000 1720 1720 1000 3000 1720 1600 1887 1414 3162|0.15 -0.07206911299642349 -1.2283411609454198 -0.05267024926646546
1000 1000 1000 1600 3000 1600 200 1720 1720 1720 1720 1414 3162 1887|0.15 -0.031325883065640436 0.04923776111758871 0.04290059801633772
1000 1000 1000 930 1744 930 116 581 581 581 581 822 1097 1838|0.15 -0.06990342344247003 0.10289266494376337 0.03992393697954233
930 581 116 1000 1000 581 581 1000 1744 581 930 593 1823 1097|0.15 -0.07508958120152065 -1.047818805684041 -0.02696852013568507
625 125 1075 1075 625 625 1075 1875 625 1000 1075 1179 1179 884|0.15 0.0372732491846306 0.08635292723456756 -0.11926685382138813
1000 1000 1000 1600 1600 200 200 1000 1720 1000 1720 1414 1887 1020|0.15 -0.013883089222351819 0.08549702181114505 0.009068723832401648
1075 125 625 625 625 625 625 1000 1075 125 625 637 1179 1244|0.15 0.023842527573536554 -0.04482327945026232 0.0135713849310104
1600 1720 200 1000 1000 1000 1000 1000 1600 1720 200 1887 1414 1887|0.15 0.03829791629424095 0.17470173499386066 0.0711470680565629
5000 1000 5000 5000 8602 8602 5000 8000 5000 8000 5000 5099 9434 9950|0.15 0.1339663834100846 -0.03098857449234882 0.009691192698477735
1000 1000 1000 200 1600 1600 200 1720 1000 1720 1000 1414 1887 1887|0.15 -0.07683750811423473 0.011458212534880552 0.06621648846566908
200 1000 200 1000 1000 1720 1720 1000 1600 1000 1600 1020 1414 1887|0.15 0.016788848228752595 -0.27282793830205265 -0.028626497807330287
625 125 1075 625 625 625 625 1000 625 125 1075 1179 1179 884|0.15 0.012377901121594093 -0.032760198931087725 0.06590405572691083
1720 1000 1720 1600 1600 200 200 1000 1000 1000 1000 1990 1887 1887|0.15 0.018850019842664434 0.013733899241699099 0.015425141044080881
581 1000 581 116 930 930 116 581 581 581 581 1157 593 1097|0.15 -0.02917241947722138 0.013736352110249594 0.1633043679168722
200 1000 200 1720 1720 1000 1000 1000 1600 1000 1600 1020 1990 1020|0.15 -0.010226395393228005 -0.3849890879490403 -0.03485235850918644
5000 1000 5000 8602 5000 5000 8602 8000 5000 8000 5000 5099 5099 7071|0.15 0.1930431398757504 0.04849470430583036 -0.05148274611518344
930 581 116 581 581 581 581 1000 930 581 116 593 1157 1097|0.15 -0.06942934135170442 -0.5670464018215837 -0.0036234949552305107
70 1000 70 1220 1747 1747 1220 1690 1056 1690 1056 1002 2648 1768|0.15 0.02028984574524495 -0.7262932514530585 -0.036459610758639016
1386 1433 820 58 866 866 58 1000 1386 1433 820 2171 1025 1634|0.15 -0.061766617408932634 -0.03158594529601211 0.19850304379391392
14200 1000 14200 24808 24808 17317 17317 15000 24000 15000 24000 14235 25109 13544|0.15 0.18859859394077416 -0.031172170991320414 -0.061187790026271394
605 1000 40 572 967 967 572 698 605 698 40 1012 546 1141|0.15 -0.04286576668549147 -0.7982545235765048 0.020302462690338086
70 1000 70 1747 1220 1220 1747 1690 1056 1690 1056 1002 954 1250|0.15 0.03038373267125749 -0.6601833037072236 -0.032730665721766306
967 698 572 40 605 605 40 1000 967 698 572 546 1012 1141|0.15 -0.03648095654886996 -0.048467976215359476 0.20221401155266827
14200 1000 14200 17317 17317 24808 24808 15000 24000 15000 24000 14235 17745 37596|0.15 0.20202664726213015 -0.047030001275901734 -0.0421154883428998
866 1000 58 820 1386 1386 820 1433 866 1433 58 1025 2171 1634|0.15 -0.0328974555188255 -0.6641856851736472 0.03298269410483945
1034 592 722 625 625 42 42 1000 1034 592 722 564 1179 1046|0.15 -0.004797277093768759 0.06943456647123813 0.011864101383254333
1654 67 1654 1600 1600 947 947 1000 1154 67 1154 1674 1887 2506|0.15 0.010982455565320404 0.05512703348421244 0.006360825425686389
722 592 1034 625 625 42 42 1000 722 592 1034 1567 1179 739|0.15 0.003089224775674193 0.058090046332122114 0.011970018284757078
1154 67 1154 1600 1600 947 947 1000 1654 67 1654 1183 1887 903|0.15 0.012757369194800194 0.027903693377901995 0.024322216453791512
2069 125 1875 1875 2069 2069 1875 1875 2069 1000 1875 1879 2652 2652|0.15 0.037649380688717926 0.10740004146395643 -0.051411382209367584
533 1104 67 1000 1000 1104 1104 1000 1000 1104 533 1133 1414 1414|0.15 -0.07162002727362227 -1.5713848418304521 -0.10430062861745526
1000 1000 1000 533 1000 533 67 1104 1104 1104 1104 1414 1414 1133|0.15 -0.06882671108327965 0.1078053271697832 0.04092664908265098
1000 1000 1000 483 906 483 60 906 906 906 906 1282 1027 1282|0.15 -0.04322139233076894 0.08060738038528692 0.03778072449952985
483 906 60 1000 1000 906 906 1000 906 906 483 908 1535 1027|0.15 -0.047539064082506854 -1.0025854742939577 -0.0452961387466011
1875 125 2069 2069 1875 1875 2069 1875 1875 1000 2069 2125 2125 2652|0.15 0.03221437825568163 0.07199669338763037 -0.13570701890364134
1035 67 1035 1600 1600 947 947 1000 803 67 803 1067 1887 1790|0.15 0.013671686733616184 0.028622975225756075 0.021353023966579343
647 592 502 625 625 42 42 1000 647 592 502 776 1179 667|0.15 -0.0035346180465445354 0.06697775713118137 0.010559879871279154
803 67 803 1600 1600 947 947 1000 1035 67 1035 843 1887 1241|0.15 0.012396222744703866 0.04621984106598864 0.00928371889835855
502 592 647 625 625 42 42 1000 502 592 647 1119 1179 527|0.15 0.002307568995312259 0.059870332909846 0.010204621010858617
966 1000 64 915 1546 1546 915 776 966 776 64 1031 1199 1823|0.15 -0.056873430144188664 -0.9884454310468826 0.006786117452937113
14200 1000 14200 15527 15527 12043 12043 15000 24000 15000 24000 14235 16002 18619|0.15 0.1970607660095336 -0.05133323928341316 -0.04000198535040633
1993 1289 1179 83 1246 1246 83 1000 1993 1289 1179 2230 1050 2350|0.15 -0.06306366063324798 -0.021331662516299588 0.20427772446101056
70 1000 70 848 1093 1093 848 1690 1056 1690 1056 1002 1891 1127|0.15 -0.013185551153301889 -1.0364942531648769 -0.06019817896435575
1246 1000 83 1179 1993 1993 1179 1289 1246 1289 83 1050 2230 2350|0.15 -0.07710773149853689 -1.2007630970786887 -0.011293061637946966
14200 1000 14200 12043 12043 15527 15527 15000 24000 15000 24000 14235 12651 26852|0.15 0.1762299001412737 -0.0473512733487369 -0.052443195188764946
1546 776 915 64 966 966 64 1000 1546 776 915 1199 1031 1823|0.15 -0.05488613064366321 -0.029801876941629724 0.2042076454220232
70 1000 70 1093 848 848 1093 1690 1056 1690 1056 1002 1311 891|0.15 -0.0221234488103339 -1.1355796236581683 -0.06686440962871076
530 250 530 3691 3691 3422 3422 7500 994 6094 994 729 4596 3169|0.2 0.15945108196717017 0.023378730029939288 0.010493863459770658
269 927 144 271 2032 1651 68 1000 269 927 144 859 1245 1851|0.2 0.05881531726114719 -0.02859037860866609 0.17177101597985134
1886 1000 471 6452 6960 6960 6452 1875 14142 1875 11490 1374 7623 8667|0.2 0.029644759193512282 -0.7946884367025753 -0.017884909349197287
3712 533 3441 6128 7542 1006 251 1000 3712 533 3441 3187 6872 4622|0.2 -0.01833708121106281 0.056616530940092336 0.015631188613998148
561 41 561 163 163 87 87 1231 606 164 606 597 1121 520|0.2 0.011536962485640956 0.03478854209985949 0.02299557682999165
1781 1000 73 155 291 291 155 1079 2192 1079 292 1063 1182 1997|0.2 -0.05904253682519345 -1.7631098525480648 -0.008596222212550186
566 1116 71 1000 1000 200 900 1000 566 1116 71 1149 1414 721|0.2 0.010310314090304917 -0.12846671920867525 0.0023635709588476495
71 900 71 1000 1000 1116 1116 1000 566 200 566 951 1414 1149|0.2 -0.003221036255117715 -0.14102485360207306 0.010023525545344025
179 1000 807 63 507 507 63 896 896 896 896 1070 898 646|0.2 0.006835379418255183 0.00896451216234384 0.17933195371073296
14142 1000 12728 15780 14142 14142 15780 8000 14142 8000 2828 13454 14177 20000|0.2 0.18888184586183243 0.0732727185243176 -0.043900124491284
1768 125 1972 354 1768 1768 1591 1000 1768 125 1972 2031 1275 2500|0.2 0.026362468036125186 0.0043264805777853965 -0.09460355399345532
5579 4500 5579 2828 2828 354 354 5000 5000 5000 5000 5969 3606 5745|0.2 -0.05017559977416819 0.06061337873066952 0.017558232112457883
693 817 87 1000 1000 200 900 1000 693 817 87 825 1414 825|0.2 -0.10718873232957282 -0.8847427017669673 -0.02370526058682043
87 900 87 1000 1000 817 817 1000 693 200 693 953 1414 825|0.2 0.006909306803626336 0.1349516225905445 0.04812617046544565
1443 125 1179 289 1443 1443 1299 1000 1443 125 1179 1190 1190 2041|0.2 0.019267918792689187 0.08845266729632373 -0.11476952641780946
4085 4500 4085 3464 3464 433 433 5000 5000 5000 5000 4603 4123 4123|0.2 0.050042479919838456 -0.053198509913824354 0.026750525377066126
245 1000 1102 106 848 848 106 1224 1224 1224 1224 1127 1288 1009|0.2 -0.05618884379099631 0.07942994535524717 0.19036496297724081
11547 1000 10392 9434 11547 11547 9434 8000 11547 8000 2309 11000 12152 16330|0.2 0.21262038376663517 -0.01709832616933027 0.045590846333787294
1323 927 705 271 2032 1651 68 1000 1323 927 705 1277 1245 2259|0.2 -0.052735923686624275 -0.05942662817311817 0.0916866564568819
1781 1000 73 761 1427 1427 761 1079 2192 1079 292 1063 1561 2437|0.2 -0.031356514306914995 -1.0136690724154307 0.024287387161419094
384 1000 96 1314 1417 1417 1314 1875 2880 1875 2340 1018 2051 1765|0.2 0.09284911590000444 0.7999864966779136 0.04463407493228155
2604 250 2604 3691 3691 3422 3422 7500 4883 6094 4883 2652 4596 4715|0.2 0.07891422469001208 -0.05863150408291218 -0.01988824744338258
561 41 561 801 801 427 427 1231 606 164 606 597 1368 774|0.2 0.007616726765402593 0.05796659145655747 0.0026739257531183114
756 533 701 1248 1536 205 51 1000 756 533 701 966 1708 941|0.2 0.004259059334292825 0.046206192837670024 0.016782500057916927
650 250 650 3691 3691 3601 3601 7500 1218 6094 1218 820 4596 3605|0.2 0.15953492884796416 -0.022050270574445197 0.027271971732703015
330 975 176 271 2032 1651 68 1000 330 975 176 977 1245 1861|0.2 -0.06776412957685163 -0.052966237817556605 0.08900519827519826
1540 1000 385 5543 5683 5683 5543 1875 11547 1875 9382 1262 5997 7076|0.2 0.06890333790543712 0.7918944746634105 0.053922134540485
3031 533 2956 5004 6158 821 205 1000 3031 533 2956 2960 5640 3774|0.2 0.03200780236063849 0.026727413067391126 0.009994975751905777
591 41 591 200 200 107 107 1231 606 164 606 625 1127 592|0.2 0.019077142440200312 0.023981101534202853 0.0045330459964754155
1692 1000 69 180 338 338 180 1025 2083 1025 278 1057 1082 1908|0.2 -0.040204292754465465 -1.220250807824168 0.03963153053343493
785 881 418 245 1836 1492 61 1000 785 881 418 922 1204 1831|0.2 -0.04382691463145072 -0.05904447490818088 0.07076661175681176
1692 1000 69 475 890 890 475 1135 2083 1135 278 1057 1428 2078|0.2 -0.06289838546857274 -1.9621047474929076 -0.04853576203333709
585 1000 146 2106 2390 2390 2106 1875 4388 1875 3565 1042 3007 2877|0.2 -0.0035595386605069557 -2.1771467151669013 -0.09231343451788221
1709 250 1709 4085 4085 3601 3601 7500 3205 6094 3205 1781 4918 3766|0.2 0.07385039622115341 -0.07037339722341551 -0.07508136070952687
591 41 591 526 526 281 281 1231 670 164 670 625 1228 618|0.2 0.01833997604471893 -0.03044164447841391 0.050073408240769446
1275 533 1123 1901 2340 312 78 1000 1275 533 1123 1175 2334 1534|0.2 0.022218847931505525 0.04566974870244822 0.0059539676942632624
803 67 803 1720 1720 1654 1654 3000 1720 1000 1720 843 2441 1980|0.2 0.04024435073638699 0.005071892265566813 -0.12302973649469418
1000 961 467 581 1744 581 39 1000 1000 961 467 1151 1419 1419|0.2 -0.10581559786590145 0.008497275246741598 0.04152815072422156
1246 1000 83 2060 2143 2143 2060 2143 3737 2143 1246 1050 2653 3041|0.2 -0.12986121112482651 -3.9188128236553244 -0.1008266031782179
1000 467 961 581 1744 581 39 1000 1000 467 961 1151 1419 1419|0.2 -0.05962122569771133 0.11541977698980244 0.03907909715104907
1654 67 1654 1720 1720 803 803 3000 1720 1000 1720 1674 2441 1980|0.2 0.03651130516728607 0.1279784921345417 -0.06827406640634082
605 1000 40 485 1040 1040 485 1040 1814 1040 605 1012 1288 1476|0.2 -0.12600261272764035 -4.007369934050546 -0.11710725980887737