573 533 333 1000 1000 533 533 1000 739 533 573 629 1414 783|0.001 -0.01608103013731932 0.10335319308950819 -0.006988901760991428
1000 1000 1000 333 573 739 573 533 533 533 533 1414 629 783|0.001 0.05275321164255997 0.06473900106961361 0.0043259769891035305
1600 1720 3000 3000 1600 1600 3000 1720 1600 2218 3000 1887 1887 2263|0.001 0.03350028991092158 0.04502543043444218 -0.02062915016270206
930 581 1744 1744 930 930 1744 1289 930 1000 1744 1838 1366 1315|0.001 0.10975204512863712 -0.02394313625839084 -0.050135972145697316
739 533 573 1000 1000 533 533 1000 573 533 333 783 1414 1153|0.001 0.024177356937231664 0.07422317781479615 0.0059666783924527955
1000 1000 1000 573 333 573 739 533 533 533 533 1414 1054 629|0.001 0.003304789057827495 0.0875418016619589 0.024766466072598803
625 1875 1075 1000 1000 1875 1875 1000 1075 1875 1386 1179 1414 1976|0.001 0.2390718874988096 0.04350906750393069 -0.0789459344882848
1744 1289 930 930 1744 1744 930 581 1744 1000 930 2010 1097 2466|0.001 0.06105049831322873 0.1953896519437559 0.05691297698215747
1000 1000 1000 1075 1386 1075 625 1875 1875 1875 1875 1414 2161 1468|0.001 0.15099841838813743 0.05674163352579198 -0.007520104757253732
3000 1720 1600 1600 3000 3000 1600 1720 3000 2218 1600 3162 3162 4243|0.001 0.07830647203781016 0.1322642754221226 0.05237824692791104
1000 1000 1000 625 1075 1386 1075 1875 1875 1875 1875 1414 1976 2161|0.001 0.0806491660262676 0.10309970814970315 -0.01228105779475408
1075 1875 625 1000 1000 1875 1875 1000 1386 1875 1075 1976 1414 2161|0.001 0.22318901187298623 0.01755098131664745 0.007023559255299183
333 533 573 1000 1000 533 533 1000 573 533 739 1054 1414 629|0.001 -0.018447784591767435 0.1010150060507975 -0.0006392015366041282
1000 1000 1000 573 739 573 333 533 533 533 533 1414 783 1153|0.001 0.03260156105582501 0.09313974344506759 0.017320451239091206
930 1289 1744 1744 930 930 1744 581 930 1000 1744 1366 1838 1315|0.001 0.07931244298266638 0.00740203159452113 -0.050328415374100155
1000 1000 1000 739 573 333 573 533 533 533 533 1414 1153 1054|0.001 -0.020041076237542477 0.1035035652861227 0.04437626210409107
721 776 1353 1353 721 721 1353 776 721 451 1353 1559 1559 1020|0.001 0.06344444270517835 0.011741570042158589 -0.026808636637916106
573 533 739 1000 1000 533 533 1000 333 533 573 1153 1414 1054|0.001 -0.002361655480909164 0.09156246795851697 -0.00850571807562761
1075 1875 1386 1000 1000 1875 1875 1000 625 1875 1075 1468 1414 1179|0.001 0.20910449894500083 0.0606215300614954 0.002135514895686974
1353 776 721 721 1353 1353 721 776 1353 451 721 1059 1059 1913|0.001 0.07709445571915996 0.20515646068306914 0.034612644466738285
1000 1000 1000 1386 1075 625 1075 1875 1875 1875 1875 1414 1468 1179|0.001 0.019033603010796263 0.119791137348777 0.005868389014125341
1000 1000 1000 1075 625 1075 1386 1875 1875 1875 1875 1414 1179 1976|0.001 0.10119235343460486 0.1127628462009822 0.004020378958977666
1744 581 930 930 1744 1744 930 1289 1744 1000 930 1097 2010 2466|0.001 -0.0002322056366443892 0.18798758557759143 0.07189469608168464
1386 1875 1075 1000 1000 1875 1875 1000 1075 1875 625 2161 1414 1468|0.001 0.16218423166981744 0.08877496961410047 -0.009025876705597291
3000 1000 3000 566 1061 1299 693 738 2250 817 2600 3162 791 2487|0.001 0.037191589246710066 0.1026279937963448 0.11413144784007345
1305 1875 1768 5303 4596 3977 5303 1225 1444 2296 1768 1398 4704 4186|0.001 0.16277833442086997 0.0843119703694084 -0.029825003882738566
231 867 189 333 333 272 246 1000 433 750 354 887 1054 363|0.001 0.007631936794887384 0.12566835136124554 0.009513813938257787
333 1000 333 354 433 231 189 750 272 867 246 1054 829 503|0.001 0.019328119441184288 0.14676180638747205 0.013472011755759628
2121 1225 2828 943 696 770 943 533 2451 653 2828 2345 1373 2548|0.001 0.0010456118792934177 0.09332168669444307 0.027540672972727887
566 738 1061 3000 3000 2600 2250 1000 693 817 1299 1456 3162 2661|0.001 0.053982860795465104 0.027819812165252866 0.02488349408052981
3000 1000 3000 1299 693 566 1061 817 2600 738 2250 3162 1510 3053|0.001 0.06068560217627583 0.09219980084412605 -0.021724088464452063
354 750 433 333 333 246 272 1000 189 867 231 1061 1054 485|0.001 0.007324209725849684 0.11543232176975948 0.0074267058236077155
629 533 770 2309 1732 2001 2309 816 568 435 770 1162 2449 1823|0.001 0.07683189377772903 0.004455114971715357 -0.03641755914892908
333 1000 333 231 189 354 433 867 246 750 272 1054 1018 264|0.001 0.09513939748494016 -0.00456013574189007 -0.061399966692661234
1299 817 693 3000 3000 2250 2600 1000 1061 738 566 1090 3162 3182|0.001 0.06776470237933374 0.25115650603699136 -0.003521632962790733
3753 816 4330 1443 1179 1066 1443 1875 3248 1531 4330 4406 1573 3901|0.001 0.11402494055929191 0.03413567023259123 0.003293127690102704
5303 1225 4596 1305 1768 1768 1444 1875 5303 2296 3977 5397 2574 5590|0.001 0.1376755972408783 0.11961408071837987 0.026075362525630474
1437 1355 766 3522 3048 4064 4064 1107 1760 1355 938 1972 3208 4310|0.001 0.012536298180783056 0.16051972866275133 0.008947873547933138
314 865 284 218 266 500 408 1154 385 1154 385 911 1174 581|0.001 0.08695615176851579 0.01752107231596689 -0.04227322452876159
943 533 696 2121 2828 2828 2451 1225 943 653 770 745 3000 2981|0.001 0.034185829311006444 0.04617368949629164 0.007492698969140399
577 1333 471 328 363 444 444 1156 308 1333 251 1414 1201 484|0.001 0.08937785110048502 0.1293895005552681 -0.011124299802645066
3522 1107 3048 1437 766 938 1760 1355 4064 1355 4064 3661 1071 4135|0.001 0.09287365788902546 0.02430344225089698 -0.05199285763221928
2309 816 1732 629 770 770 568 533 2309 435 2001 1915 839 2434|0.001 0.0822852028340848 0.018315393360723853 -0.035930024342424316
328 1156 363 577 471 251 308 1333 444 1333 444 1052 1106 351|0.001 0.13544114678745833 0.04345465913971225 0.008771103929186008
848 1224 1590 2754 3182 3672 3672 904 692 1224 1298 1334 2898 3257|0.001 0.0064343216049222995 0.06804530188975422 0.03966448959432656
1443 1875 1179 3753 4330 4330 3248 816 1443 1531 1066 2179 3841 4564|0.001 0.2218624514650802 0.09997587677300412 0.007911648678433636
218 1154 266 314 284 385 385 865 408 1154 500 1023 1040 560|0.001 0.015041534542981072 0.17330014918545134 0.03240375207613111
2754 904 3182 848 1590 1298 692 1224 3672 1224 3672 3308 1848 3045|0.001 0.01455654551672625 0.0836442796752257 0.03233570762503524
333 1000 333 573 573 573 573 1000 1000 1000 1000 1054 1153 814|0.001 0.10442192865800282 0.03663171405442034 -0.00888188084486985
1720 3000 1720 3000 3000 3000 3000 1000 1720 3000 1720 2441 3162 3458|0.001 0.39977691298413776 -0.000801106714728439 -0.029228624037548334
3000 1000 3000 1720 1720 1720 1720 3000 3000 3000 3000 3162 2441 3458|0.001 0.27883771655658807 0.05004037761676017 -0.030060239532818667
1744 1000 581 1744 1744 1744 1744 1000 1744 1000 581 1419 2010 2466|0.001 0.14189388482835685 0.374465047547472 -0.02176044583263481
333 1000 333 573 573 573 573 1000 1000 1000 1000 1054 1153 814|0.001 0.0212294178077177 0.14753506022008978 0.027031621199322675
1720 3000 1720 3000 3000 3000 3000 1000 1720 3000 1720 2441 3162 3458|0.001 0.4174143630166527 0.05296978765132021 -0.02079149304870076
3000 1000 3000 1720 1720 1720 1720 3000 3000 3000 3000 3162 2441 3458|0.001 0.1775466258204439 0.07955022056956862 0.01830898842460904
1744 1000 581 1744 1744 1744 1744 1000 1744 1000 581 1419 2010 2466|0.001 0.01838845776557685 0.32202941197700063 0.015573146976159968
581 1000 1744 1744 1744 1744 1744 1000 581 1000 1744 1419 2010 1838|0.001 0.022018187364154507 0.033558783736564735 0.01403909239358736
573 1000 573 1000 1000 333 333 1000 573 1000 573 1153 1414 814|0.001 0.08928066613743013 0.08176425741929227 -0.005697260211372512
1000 1000 1000 573 573 573 573 333 1000 333 1000 1414 814 1153|0.001 0.054535909457473775 0.054012025107659234 -0.02292060933812179
1744 1000 1744 1744 581 581 1744 1000 1744 1000 1744 2010 1419 1838|0.001 0.08571628706870893 0.08746951737295561 -0.06327058128955843
573 333 573 1000 1000 1000 1000 1000 573 333 573 814 1414 1153|0.001 0.046083283730173896 0.006964958566926249 -0.027104302919055412
1000 1000 1000 573 573 573 573 1000 333 1000 333 1414 1153 814|0.001 0.07134075519186434 0.06281840446573872 0.004918350806679683
581 1000 1744 1744 1744 1744 1744 1000 581 1000 1744 1419 2010 1838|0.001 0.0357825555038338 0.020112112670642723 0.020455614436669656
1000 1000 1000 573 573 573 573 333 1000 333 1000 1414 814 1153|0.001 0.029509078472487182 0.08054105498572328 0.004214040625110105
573 1000 573 1000 1000 333 333 1000 573 1000 573 1153 1414 814|0.001 0.10470793508560394 0.07128617637352175 0.002595593988969913
1744 1000 1744 1744 581 581 1744 1000 1744 1000 1744 2010 1419 1838|0.001 0.12757018372881568 0.03777667119020611 -0.10139535025370128
573 333 573 1000 1000 1000 1000 1000 573 333 573 814 1414 1153|0.001 0.059769913663692 -0.0076595465426598786 -0.02504419960804083
1000 1000 1000 573 573 573 573 1000 333 1000 333 1414 1153 814|0.001 0.11830277022836455 0.05240976352337556 -0.000414729360075361
1805 904 1377 1875 2432 2775 2561 1875 5967 1694 5164 1647 3246 4387|0.001 0.11116638600642048 0.1568744944323508 0.003708370238544312
1860 3750 1362 726 656 1230 1362 1311 2015 4333 1766 2791 1196 2357|0.001 0.5209588409891408 -0.008875217467171348 -0.03648006491387856
501 763 554 1347 1537 1418 1039 3305 938 2860 1039 1118 2430 1443|0.001 0.21776931383879816 0.08140454601310854 -0.00045459127153146817
2453 1141 742 411 771 697 372 771 2123 1053 566 1804 669 2550|0.001 0.12829122655353853 0.42964295471442426 0.08445455306060223
1875 1875 2432 1805 1377 5164 5967 904 2561 1694 2775 1627 2019 3844|0.001 0.2857762331795777 0.0485199887783927 -0.12504764774071586
1524 1107 1998 3071 2834 2075 2692 1875 5715 2075 6604 1823 2882 3415|0.001 0.09797394839850204 -0.009801206779930238 -0.01873396395100646
1347 3305 1537 501 554 1039 938 763 1039 2860 1418 2210 912 901|0.001 0.4166205586052363 0.13677953392673192 0.09486785236663575
611 923 326 651 2151 1861 496 877 676 676 360 939 1438 1959|0.001 0.044798537882928535 0.27701926159511947 0.1606972642605653
726 1311 656 1860 1362 1766 2015 3750 1362 4333 1230 1466 2241 2357|0.001 0.32423188826923965 0.0612175571736695 0.0017646005011551225
2016 732 538 353 662 732 391 1084 2330 950 705 1205 1267 2422|0.001 0.12996736449044644 0.5146575378876261 0.0408669432307307
734 1366 2754 1000 533 482 904 1297 963 1480 3182 1646 868 878|0.001 0.04535043316403975 -0.0017852044415611612 -0.025136782821963966
1297 533 1000 2754 3182 963 734 904 1480 482 1366 868 2898 2128|0.001 -0.022501361874751602 0.08840155448266884 0.005637582553199572
328 1156 363 363 496 537 471 267 175 350 194 1052 598 504|0.001 0.05263474711929117 0.0717172903471508 -0.007076132105486854
411 771 771 2453 742 566 2123 1141 372 1053 697 1334 1640 830|0.001 0.10354006170942842 -0.022404242690869935 -0.06441609431260598
465 303 408 314 284 151 168 865 429 231 314 669 1040 544|0.001 -0.00033060786589267366 0.043538758932819555 0.004397850987196694
2754 904 3182 1297 1000 1366 1480 533 734 482 963 3308 1731 1646|0.001 0.06732454975527435 0.05925681424506335 -0.0267039667491642
651 877 2151 611 326 360 676 923 496 676 1861 1581 1170 594|0.001 0.04101904249924626 0.01327699336485244 -0.023019489574820362
314 865 284 465 408 314 429 303 168 231 151 911 735 544|0.001 0.007343369871728456 0.0411041891806585 0.011617742711604873
1511 533 1638 3522 3048 813 1066 1107 1107 590 1436 1916 3208 2269|0.001 0.020996334888647716 0.0818041569798833 -0.011070764461924565
353 1084 662 2016 538 705 2330 732 391 950 732 1017 1501 788|0.001 0.08956875519241292 -0.008595472561535589 -0.0799357586359617
363 267 496 328 363 194 175 1156 471 350 537 744 1201 315|0.001 0.00978892038684176 0.04946995458116943 0.003222856246722916
3522 1107 3048 1511 1638 1436 1107 533 1066 590 813 3661 1537 2589|0.001 0.02888222204291413 0.07052904184051467 0.007435345079254141
1000 1000 1000 125 125 125 125 1000 1000 1000 1000 1414 1008 1008|0.001 0.13238434149365652 0.012273676568450576 -0.009443353442023517
8000 1000 8000 8000 8000 8000 8000 1000 8000 1000 8000 8062 8062 11314|0.001 0.16745234843464685 -0.005201173193980502 -0.05801510197343429
125 1000 125 1000 1000 1000 1000 1000 125 1000 125 1008 1414 1008|0.001 0.09417176208040168 0.010974334668349961 -0.011828529252775333
1000 1000 1000 125 125 125 125 1000 1000 1000 1000 1414 1008 1008|0.001 0.06742183964935089 0.10126431381515921 0.028613340020919864
8000 1000 8000 8000 8000 8000 8000 1000 8000 1000 8000 8062 8062 11314|0.001 0.10888279367220921 0.05016747028017132 0.008365843132858153
125 1000 125 1000 1000 1000 1000 1000 125 1000 125 1008 1414 1008|0.001 0.1373012786663308 0.00793799969625697 -0.0378284637555415
1000 1000 1000 125 125 125 125 1000 1000 1000 1000 1414 1008 1008|0.001 0.10296671838972982 0.022888917305809997 0.00552944895387375
125 1000 125 1000 1000 1000 1000 1000 125 1000 125 1008 1414 1008|0.001 0.08627459188785158 0.07003444411318505 -0.03253015125330161
8000 1000 8000 8000 8000 8000 8000 1000 8000 1000 8000 8062 8062 11314|0.001 0.057539921485865175 0.1254578838938425 0.019873680988589104
1000 1000 1000 125 125 125 125 1000 1000 1000 1000 1414 1008 1008|0.001 0.0034002152544987396 0.12149985112952733 0.014657739320471652
125 1000 125 1000 1000 1000 1000 1000 125 1000 125 1008 1414 1008|0.001 0.06905788670019453 0.04232473532251202 -0.010043574453947324
8000 1000 8000 8000 8000 8000 8000 1000 8000 1000 8000 8062 8062 11314|0.001 0.020043298055285597 0.1434093195888675 0.0439078575947871
8000 1000 8000 8000 8000 8000 8000 1000 8000 1000 8000 8062 8062 11314|0.001 0.1183710061010701 -0.004715995158928177 -0.012857678499789138
125 1000 125 1000 1000 1000 1000 1000 125 1000 125 1008 1414 1008|0.001 0.09295200869444908 0.050205627792170304 -0.016050412121714208
1000 1000 1000 125 125 125 125 1000 1000 1000 1000 1414 1008 1008|0.001 0.04065449858888348 0.11327912877751034 0.003603101677240872
8000 1000 8000 8000 8000 8000 8000 1000 8000 1000 8000 8062 8062 11314|0.001 0.11953704817280864 0.024427391108474694 -0.0357801567402527
125 1000 125 1000 1000 1000 1000 1000 125 1000 125 1008 1414 1008|0.001 0.07187607133396279 0.09247576163220916 0.0005475620148431837
1000 1000 1000 125 125 125 125 1000 1000 1000 1000 1414 1008 1008|0.001 0.12199617401375651 0.02331531745642712 -0.03640994016143595
8000 1000 8000 8000 8000 8000 8000 1000 8000 1000 8000 8062 8062 11314|0.001 0.05121237433558301 0.05912138325938843 -0.010835246597451498
1000 1000 1000 125 125 125 125 1000 1000 1000 1000 1414 1008 1008|0.001 0.04775157777644923 0.07696125332572246 0.018139749109054026
125 1000 125 1000 1000 1000 1000 1000 125 1000 125 1008 1414 1008|0.001 0.10972543327941509 0.025706499808426653 -0.017590300074272758
8000 1000 8000 8000 8000 8000 8000 1000 8000 1000 8000 8062 8062 11314|0.001 0.10073940250996394 0.061114819866798786 0.027004358505404724
125 1000 125 1000 1000 1000 1000 1000 125 1000 125 1008 1414 1008|0.001 0.04354210207334841 0.0731503869495631 -0.011358203312183957
1000 1000 1000 125 125 125 125 1000 1000 1000 1000 1414 1008 1008|0.001 0.09664628053352331 0.049204598907084396 -0.012703923401603534
2069 1875 1875 3000 1600 3000 5625 1720 2498 3226 3226 2652 1887 3644|0.001 0.2442922838954753 0.08035822500465306 -0.10973578549600682
573 533 333 625 1075 833 690 1875 1075 1000 625 629 1976 884|0.001 0.08304007102717836 0.03270408216019094 -0.02734102487603529
3000 1720 1600 533 1000 1720 918 1104 1600 1332 853 3162 1414 1887|0.001 0.06066898518690245 0.06097227881083356 0.05001145690744835
1561 1875 1293 625 1075 2016 1172 1875 2016 3516 1172 2278 1976 2845|0.001 0.22412105427763063 0.019999982470246813 -0.014535207514123627
3000 1720 1600 2069 1875 3226 2498 1875 5625 3226 3000 3162 2125 5929|0.001 0.007582855272239009 0.22590267144728893 0.01736542175127198
1000 533 1104 1600 3000 1600 853 1720 1720 918 1332 1414 3162 1887|0.001 -0.0029259308876872225 0.10068158459814791 0.037694500856695345
773 1207 1450 906 483 831 1559 906 1450 1559 2719 1264 1282 1528|0.001 0.06204205368795179 0.011227866349481364 -0.026721346549613
1075 1875 625 690 833 1075 625 533 573 1000 333 1976 872 884|0.001 0.14373882299802743 0.036306160285268785 -0.02526376914542161
533 1104 1000 3000 1600 853 1600 1720 918 1332 1720 1133 1887 1006|0.001 0.08557015847129534 0.0008094655305468379 -0.02981982187755361
1600 1720 3000 1000 1104 1332 1720 533 853 918 1600 1887 1133 1395|0.001 0.014895948526052472 0.05244217098528736 0.00362285689577746
573 533 333 333 573 306 178 533 444 284 368 629 629 809|0.001 0.015823343106302623 0.05371354504239756 -0.009769003894577466
625 1875 1075 573 333 625 1075 533 690 1000 833 1179 1054 884|0.001 0.1273992864668294 0.08582842616042141 0.005969482244267965
930 581 1744 1875 1452 1203 1090 1875 1744 1090 3269 1838 1541 1520|0.001 0.11825470320787179 0.04455028157414276 0.03164913955685078
1000 774 533 930 1744 930 496 581 581 641 310 822 1097 1838|0.001 0.0834570031961479 0.23163669855144509 0.05476581949922066
625 1875 1075 1561 1293 1172 2016 1875 1172 3516 2016 1179 1635 1328|0.001 0.3479478289305482 0.0794310914605667 0.008183570174271626
1201 828 640 689 1291 751 400 1291 2252 751 1201 1047 1822 1416|0.001 0.027444098188045274 0.13696722240307713 0.03849513950197725
690 533 833 1075 625 333 573 1875 625 1000 1075 1215 1179 884|0.001 0.00643813788751002 0.10178445672618386 -0.00541229195923143
689 1291 1291 1201 640 1201 2252 828 400 751 751 1061 1459 755|0.001 0.0650547806326296 0.017523680414137655 -0.05915996123389666
1744 581 930 774 1000 581 641 533 930 310 496 1097 822 1838|0.001 0.04454443772359706 0.1913770594708919 -0.024142573830253644
333 533 573 573 333 368 444 533 178 284 306 1054 1054 378|0.001 0.01142548924972564 0.06908840638487845 -0.02531901847161122
930 581 1744 1000 533 310 581 774 496 641 930 1838 1411 980|0.001 0.077067690506476 0.022465336419894566 -0.03767230906478236
774 533 1000 1744 930 496 930 581 641 310 581 1411 1838 1130|0.001 -0.016862615827534233 0.11101563605200981 -0.01040376359567774
1075 1875 625 573 333 625 1075 533 1114 1000 802 1976 1054 1244|0.001 0.1141859767433906 0.09334173918327693 0.06837393647174395
930 581 1744 1090 1398 1943 1875 1875 1744 1090 3269 1838 2169 2734|0.001 0.10169965532044856 0.018890904724280233 0.01238526424565789
1720 1282 918 1600 3000 1600 853 1720 1000 1783 533 1990 3162 3162|0.001 0.05217813100638624 0.29095770722644465 0.052041320172317995
1744 581 930 310 581 1000 533 1036 930 745 496 1097 1157 1097|0.001 0.0785111571983177 0.14681234426658696 0.06360461139464979
3342 1875 3226 3000 1600 3000 5625 1720 2405 3226 1875 3731 1887 2103|0.001 0.2873544434706288 0.0030637980145908905 -0.1709727112657855
573 533 333 1075 625 802 1114 1875 1075 1000 625 629 1179 1244|0.001 0.06945909073317269 0.038243001068130056 -0.004042421349801373
333 533 573 333 573 306 178 533 427 284 594 1054 629 452|0.001 -0.001630450233255365 0.053656259223144875 0.0005368148889006719
310 1036 581 1744 930 496 930 581 533 745 1000 1047 1838 585|0.001 0.04580837668039628 0.026671148691155278 -0.012669097824384856
1600 1720 3000 1720 1783 1282 1000 533 853 918 1600 1887 1801 2509|0.001 0.022145711665961798 0.033969187791556 -0.00563101491314888
1600 1720 3000 1720 918 533 1000 1282 853 1783 1600 1887 1357 1687|0.001 0.12831237180900956 -0.0001349378464399198 -0.06578632267379536
333 533 573 333 573 594 427 533 178 284 306 1054 629 600|0.001 -0.003171429353926447 0.05401596552290222 0.013374331049622601
745 533 581 1744 930 496 930 581 1036 310 1000 789 1838 652|0.001 -0.009924789531154943 0.0840653403207603 -0.010479086402158666
625 1875 1075 1503 2089 2016 1172 1875 1172 3516 2016 1179 2940 2111|0.001 0.2894598287053851 0.13954119082980831 0.010678030330619759
1248 1390 665 716 1342 780 416 780 2339 1342 1248 1956 1058 1471|0.001 0.035489807901354364 0.27390963315665706 0.029539367479971546
3000 1720 1600 3342 3226 1875 2405 1875 5625 3226 3000 3162 3377 3538|0.001 0.02887945914160195 0.36061611341373645 0.04519696094879455
1503 1875 2089 625 1075 2016 1172 1875 1172 3516 2016 1314 1976 1590|0.001 0.24261125008304685 0.12539481959939813 0.03551060130548178
1720 533 1783 1600 3000 1600 853 1720 1000 918 1282 1990 3162 3162|0.001 -0.006533563558790423 0.08530678541302628 0.03400566237735436
479 719 898 561 299 515 965 965 898 561 1683 1407 1116 946|0.001 0.08666576420386374 -0.02184185744724232 -0.038030567823282846
1075 1875 625 1114 802 625 1075 533 573 1000 333 1976 1568 1244|0.001 0.1644719368459091 0.08106244939962925 -0.004796669098416917
1744 581 930 745 581 1000 1036 533 930 310 496 1097 1157 1097|0.001 0.03084559627763772 0.10080719186810638 0.0019709845813586924
716 780 1342 1248 665 1248 2339 1390 416 1342 780 1552 875 785|0.001 0.08876526003517737 -0.003556962541744202 -0.08579256949428404
1114 533 802 1075 625 333 573 1875 1075 1000 625 701 1179 1244|0.001 0.0675979868710086 0.08531124936941525 0.011247163007164218
333 1000 333 1000 1000 533 533 1000 573 1000 573 1054 1414 629|0.001 0.0656938661417894 0.10502522211116805 0.006368002205283663
1000 1000 1000 333 573 573 333 533 1000 533 1000 1414 629 1153|0.001 0.028552878096510526 0.034294450502143636 -0.003531150291596896
1600 1720 3000 3000 3000 3000 3000 1000 1600 1720 3000 1887 3162 3400|0.001 0.06732040742916778 0.01777183166046914 -0.004059102275286719
3000 1000 3000 3000 1600 1600 3000 1720 3000 1720 3000 3162 1887 3400|0.001 0.0478816302606444 0.0850509750803563 -0.02654653136757834
573 533 333 1000 1000 1000 1000 1000 573 533 333 629 1414 1153|0.001 0.007322697643250553 0.09027052910531186 -0.004788400927323577
1000 1000 1000 333 333 573 573 1000 533 1000 533 1414 1054 629|0.001 0.08633903279773092 0.06985231492882438 -0.020692459841256117
333 1000 333 533 533 1000 1000 1000 573 1000 573 1054 1133 1054|0.001 0.0958384039882243 0.09420798838424282 -0.0034506646587606493
3000 1720 1600 3000 3000 3000 3000 1000 3000 1720 1600 3162 3162 4243|0.001 0.09296755298751513 0.20208437452707173 -0.018130853504458866
1875 1000 1875 625 1075 1075 625 1875 1875 1875 1875 2125 1976 2161|0.001 0.2131885229540864 0.006232872292122327 -0.0034134509171035443
3000 1000 3000 1600 3000 3000 1600 1720 3000 1720 3000 3162 3162 4243|0.001 0.012138141822957138 0.10504716496956723 0.07119238072034406
533 1000 533 333 333 573 573 1000 1000 1000 1000 1133 1054 1054|0.001 -0.007210935163886045 0.21430367539789774 0.0553051314237174
1075 1875 625 1875 1875 1875 1875 1000 1075 1875 625 1976 2125 2161|0.001 0.17355333870602285 0.08933616307715386 0.005283077807722858
333 533 573 1000 1000 1000 1000 1000 333 533 573 1054 1414 1054|0.001 0.03861759795480424 0.02733261351701488 -0.014542880872427943
1000 1000 1000 573 573 333 333 1000 533 1000 533 1414 1153 1054|0.001 0.10398644602315432 0.009958140009926897 -0.004418766943971031
1744 1000 1744 1744 930 930 1744 581 1744 581 1744 2010 1838 1976|0.001 0.16872428158795083 -0.007735309536984758 -0.1086254419010424
1000 1000 1000 573 333 333 573 533 1000 533 1000 1414 1054 1054|0.001 -0.007417435709942133 0.09852913265776087 0.009967883007593326
930 581 1744 1744 1744 1744 1744 1000 930 581 1744 1838 2010 1976|0.001 0.0007782446022952527 0.06119061761027389 0.018555089080902754
573 1000 573 1000 1000 533 533 1000 333 1000 333 1153 1414 1054|0.001 0.033941955680931724 0.10370536658719454 0.017370904763467365
625 1875 1075 1875 1875 1875 1875 1000 625 1875 1075 1179 2125 1976|0.001 0.2700659792033733 0.037059435981727784 0.005364391762812115
1744 1000 1744 930 1744 1744 930 581 1744 581 1744 2010 1097 2466|0.001 -0.010549943192115219 0.1255476074538131 0.02615207739487424
533 1000 533 573 573 333 333 1000 1000 1000 1000 1133 1153 629|0.001 0.035484072949494294 0.05212424315287789 0.004004957111098939
1875 1000 1875 1075 625 625 1075 1875 1875 1875 1875 2125 1179 1976|0.001 0.2060435520495174 0.044098662801657085 -0.022819057579953617
1744 581 930 1744 1744 1744 1744 1000 1744 581 930 1097 2010 2466|0.001 0.04107159325867249 0.28238329102598714 0.027827109974853936
573 1000 573 533 533 1000 1000 1000 333 1000 333 1153 1133 629|0.001 0.06594760228673335 0.003727650320772824 -0.024401001127593025
1875 1000 1875 1299 693 566 1061 817 1475 738 1125 2125 1510 1958|0.001 0.11178207629058079 0.09001839691303193 -0.05070995368035347
629 533 770 1443 866 1135 1443 816 568 435 770 1162 1658 1036|0.001 0.03714416132727383 0.03644326083693139 -0.027219940777215568
566 600 693 533 533 394 436 1000 302 787 370 1149 1133 777|0.001 0.0919783282137443 0.04394293467724353 -0.01368564160550978
533 1000 533 370 302 566 693 787 394 600 436 1133 1045 422|0.001 0.052528233229860444 0.04499929740222397 -0.024351760622347562
2129 816 2706 1443 1179 1066 1443 1875 1624 1531 2706 2827 1573 2381|0.001 0.09279666503684503 0.07571488391992176 0.025778657395958415
1299 817 693 1875 1875 1125 1475 1000 1061 738 566 1090 2125 2154|0.001 0.03954601509340794 0.2566243381624145 0.0012281011484138737
1875 1000 1875 566 1061 1299 693 738 1125 817 1475 2125 791 1546|0.001 0.026701670977942182 0.09529787105089671 0.10811797018179137
370 787 302 533 533 436 394 1000 693 600 566 843 1133 581|0.001 0.04965618955971918 0.05335116592772193 -0.007195458433056912
1305 1875 1768 3315 2607 1989 3315 1225 1444 2296 1768 1398 2793 2379|0.001 0.22111758033352524 0.06329214388028026 -0.042445365488978926
533 1000 533 566 693 370 302 600 436 787 394 1133 825 805|0.001 0.05064856699657394 0.09953796500004497 0.003407904383920801
566 738 1061 1875 1875 1475 1125 1000 693 817 1299 1456 2125 1580|0.001 0.05714322043269604 0.03098288319741238 0.011174533724460645
1061 1225 1768 943 696 770 943 533 1391 653 1768 1458 1373 1555|0.001 0.05766213787624652 0.0052406383309011595 -0.016002291000473123
1443 816 866 629 770 770 568 533 1443 435 1135 1190 839 1636|0.001 0.0549476053361353 0.11309451893483313 -0.021633348816412212
848 1224 1590 1377 1805 2295 2295 904 692 1224 1298 1334 1647 1934|0.001 0.03657781589580633 0.05285735245091017 0.033147809221441005
656 1311 726 1155 943 503 616 1667 889 1667 889 1196 1374 703|0.001 0.17033626229125076 0.06396649610229455 -0.015338013268235695
1443 1875 1179 2129 2706 2706 1624 816 1443 1531 1066 2179 2280 3067|0.001 0.18950942557665273 0.08734433361052396 0.03286552813029697
384 1271 470 554 501 678 678 763 719 1271 881 1071 1118 987|0.001 0.05250567296658737 0.06867371717814041 0.008511819706435997
1377 904 1805 848 1590 1298 692 1224 2295 1224 2295 2019 1848 1892|0.001 0.025408911715187887 0.09387116842516363 0.0672964585274527
3315 1225 2607 1305 1768 1768 1444 1875 3315 2296 1989 3462 2574 3757|0.001 0.07480117626558869 0.17733404173162493 0.044624530625123615
554 763 501 384 470 881 719 1271 678 1271 678 912 1328 1024|0.001 0.15130882436377835 0.020393899201891497 -0.04693088272127777
1437 1355 766 1998 1524 2540 2540 1107 1760 1355 938 1972 1823 2918|0.001 0.05561846142111193 0.2190305350372168 0.022555893493982904
943 533 696 1061 1768 1768 1391 1225 943 653 770 745 2031 2003|0.001 0.028201653360648837 0.06436697801329716 0.009357632932105453
1155 1667 943 656 726 889 889 1311 616 1667 503 1915 1466 969|0.001 0.1487627116866097 0.1117439904012274 0.014697024906535905
1998 1107 1524 1437 766 938 1760 1355 2540 1355 2540 2234 1071 2653|0.001 0.08107182018488812 0.10119262562009013 -0.03326007506352591
1000 1000 1000 533 533 533 533 1000 1000 1000 1000 1414 1133 1133|0.001 0.014570372359938855 0.11973713039051814 0.029603162679925354
1875 1000 1875 1875 1875 1875 1875 1000 1875 1000 1875 2125 2125 2652|0.001 0.013768554131421418 0.14365806755540111 0.03809424035981612
533 1000 533 1000 1000 1000 1000 1000 533 1000 533 1133 1414 1133|0.001 0.10904479151212287 0.052311122018326994 -0.034174664668041865
1000 1000 1000 533 533 533 533 1000 1000 1000 1000 1414 1133 1133|0.001 0.06754733757053932 0.09176170454757049 0.006527026752520815
1875 1000 1875 1875 1875 1875 1875 1000 1875 1000 1875 2125 2125 2652|0.001 0.07626862784544386 0.06292516759901945 -0.009672045712273425
533 1000 533 1000 1000 1000 1000 1000 533 1000 533 1133 1414 1133|0.001 0.034934132526414086 0.11560122794047167 0.035407077769860074
1000 1000 1000 533 533 533 533 1000 1000 1000 1000 1414 1133 1133|0.001 -0.01598321988822815 0.15611960548938875 0.044899152428774514
533 1000 533 1000 1000 1000 1000 1000 533 1000 533 1133 1414 1133|0.001 0.09447040612392099 0.0726809384329008 -0.014265501171976114
1875 1000 1875 1875 1875 1875 1875 1000 1875 1000 1875 2125 2125 2652|0.001 0.17504031516054175 -0.015203314571048399 -0.05237492365748664
1000 1000 1000 533 533 533 533 1000 1000 1000 1000 1414 1133 1133|0.001 -0.00732556023340214 0.11338678570043559 0.02455830260800207
533 1000 533 1000 1000 1000 1000 1000 533 1000 533 1133 1414 1133|0.001 0.09795841774375313 0.050553358666021175 0.017626002528945417
1875 1000 1875 1875 1875 1875 1875 1000 1875 1000 1875 2125 2125 2652|0.001 0.06824074809498093 0.025859975056465867 -0.005747420837305395
1875 1000 1875 1875 1875 1875 1875 1000 1875 1000 1875 2125 2125 2652|0.001 0.1002755518541032 0.0731149406216014 0.01246218288391887
533 1000 533 1000 1000 1000 1000 1000 533 1000 533 1133 1414 1133|0.001 0.007496919168874516 0.12386455078224667 0.023520557721079527
1000 1000 1000 533 533 533 533 1000 1000 1000 1000 1414 1133 1133|0.001 0.03251172077146203 0.11932587932763417 0.026222796556694128
1875 1000 1875 1875 1875 1875 1875 1000 1875 1000 1875 2125 2125 2652|0.001 0.10625726011631809 0.038377636157518324 -0.00991007781394937
533 1000 533 1000 1000 1000 1000 1000 533 1000 533 1133 1414 1133|0.001 0.09989848155320447 0.0365160087937233 -0.01990116334816605
1000 1000 1000 533 533 533 533 1000 1000 1000 1000 1414 1133 1133|0.001 0.06992521088298398 0.0709763067583391 -0.010042517783659388
1875 1000 1875 1875 1875 1875 1875 1000 1875 1000 1875 2125 2125 2652|0.001 0.06554029282294094 0.08482698584335813 -0.0019446640785159008
1000 1000 1000 533 533 533 533 1000 1000 1000 1000 1414 1133 1133|0.001 0.062369838469265027 0.0707678182932936 0.004834917371230318
533 1000 533 1000 1000 1000 1000 1000 533 1000 533 1133 1414 1133|0.001 0.13576396551526537 0.03233085273264491 -0.03962732489166232
1875 1000 1875 1875 1875 1875 1875 1000 1875 1000 1875 2125 2125 2652|0.001 0.06986885938129017 0.11793445273118541 0.02027218498102723
533 1000 533 1000 1000 1000 1000 1000 533 1000 533 1133 1414 1133|0.001 0.10670047644381508 0.07272354800699432 -0.033320517449074716
1000 1000 1000 533 533 533 533 1000 1000 1000 1000 1414 1133 1133|0.001 0.017974159624591923 0.0713710769339837 0.014124098674892505
1875 1000 1875 1000 1000 1000 1000 1000 1875 1000 1875 2125 1414 2125|0.001 0.0023066887111178325 0.13049643137209133 0.03189280944400297
1000 1000 1000 1875 1875 1875 1875 1000 1000 1000 1000 1414 2125 2125|0.001 -0.01795453473614872 0.13989732060727178 0.03484342755051273
533 1000 533 533 533 533 533 1000 533 1000 533 1133 1133 754|0.001 0.09752314852419897 0.045714219245747145 0.01765829625935078
533 1000 533 533 533 533 533 1000 533 1000 533 1133 1133 754|0.001 0.13670253549124878 -4.024944948777254e-05 -0.03427420941738535
1875 1000 1875 1000 1000 1000 1000 1000 1875 1000 1875 2125 1414 2125|0.001 0.10590191961405981 0.03322706663093422 -0.007408787338074596
1000 1000 1000 1875 1875 1875 1875 1000 1000 1000 1000 1414 2125 2125|0.001 0.031688618248921774 0.07658702224493608 0.01738924661729202
1875 1000 1875 1000 1000 1000 1000 1000 1875 1000 1875 2125 1414 2125|0.001 0.07381803507579887 0.05176107535398211 -0.00813662233953405
533 1000 533 533 533 533 533 1000 533 1000 533 1133 1133 754|0.001 0.1550560638764864 -0.022864444308318133 -0.04909459827143414
1000 1000 1000 1875 1875 1875 1875 1000 1000 1000 1000 1414 2125 2125|0.001 0.07569524738888944 0.07835392691369236 -0.008941488173672685
533 1000 533 533 533 533 533 1000 533 1000 533 1133 1133 754|0.001 0.0755476656841636 0.08730865630834472 -0.0010582513046708542
1000 1000 1000 1875 1875 1875 1875 1000 1000 1000 1000 1414 2125 2125|0.001 0.02975663859701605 0.09439100828203317 0.004114891455408998
1875 1000 1875 1000 1000 1000 1000 1000 1875 1000 1875 2125 1414 2125|0.001 0.04024957413908847 0.1330886228985717 0.0450314419143627
1875 1000 1875 1000 1000 1000 1000 1000 1875 1000 1875 2125 1414 2125|0.001 0.050776853379852493 0.11377654691584027 -0.002726066477956035
1000 1000 1000 1875 1875 1875 1875 1000 1000 1000 1000 1414 2125 2125|0.001 0.0884979384519835 0.0922007832679661 0.011207377444013567
533 1000 533 533 533 533 533 1000 533 1000 533 1133 1133 754|0.001 0.04671200542783138 0.13153583888802833 0.018901627448928426
1000 1000 1000 1875 1875 1875 1875 1000 1000 1000 1000 1414 2125 2125|0.001 0.08978574516486093 0.04484473827633284 0.009033344089417472
533 1000 533 533 533 533 533 1000 533 1000 533 1133 1133 754|0.001 0.03247924921041978 0.13265256433407258 0.017947629761412287
1875 1000 1875 1000 1000 1000 1000 1000 1875 1000 1875 2125 1414 2125|0.001 0.00842875759085926 0.10671539708776656 0.018511455934582255
1875 1000 1875 1000 1000 1000 1000 1000 1875 1000 1875 2125 1414 2125|0.001 0.049190140573547314 0.10390519616194416 0.001678976557430989
533 1000 533 533 533 533 533 1000 533 1000 533 1133 1133 754|0.001 0.09541884273059464 0.06559876816256693 0.018098992588999607
1000 1000 1000 1875 1875 1875 1875 1000 1000 1000 1000 1414 2125 2125|0.001 0.09942642982106786 0.05654789452795406 0.02311478079518814
1000 1000 1000 1875 1875 1875 1875 1000 1000 1000 1000 1414 2125 2125|0.001 0.08474634877760012 0.05049858564242671 -0.024311133508296834
533 1000 533 533 533 533 533 1000 533 1000 533 1133 1133 754|0.001 0.11901532581580554 0.007475097163471833 -0.026880738360142153
1875 1000 1875 1000 1000 1000 1000 1000 1875 1000 1875 2125 1414 2125|0.001 0.08510378542271546 0.08558330512779433 0.007018654167056937
2719 1000 906 273 513 628 335 1096 2356 960 713 1861 1253 2411|0.001 0.06539322714044449 0.29302911224340145 0.11888710318514795
4007 1875 3658 3315 2607 8618 9944 1225 3513 2296 3658 4582 2793 5762|0.001 0.21752080449607192 0.04486660036904233 -0.16695390600202642
370 787 302 1104 1104 1060 1209 3000 693 2600 566 843 2054 1127|0.001 0.14086841060468425 0.11631658264096068 0.02058927709990055
368 333 368 189 231 123 101 867 353 262 403 685 887 419|0.001 -0.002567153346103579 0.04782474442895479 0.004110307485201137
4596 1225 5303 1951 2137 1873 1951 533 1391 653 1768 4704 1862 3379|0.001 -0.027222308454172284 0.09728622158765576 0.0474822300851363
273 1096 513 2719 906 713 2356 1000 335 960 628 955 1861 763|0.001 0.08159655637688168 0.01652835977261846 -0.04826026209999168
906 1000 2719 628 335 273 513 960 713 1096 2356 1861 1140 947|0.001 0.03598740113008203 0.019943800821329294 -0.021450653026977573
189 867 231 368 368 403 353 333 101 262 123 1018 685 351|0.001 0.013940244171211091 0.04606221293595558 0.006707782085442204
1530 533 1593 4330 3753 1135 1443 816 1745 435 1593 1815 4406 2509|0.001 0.04397365689394972 0.05195956156641701 -0.00891518123539159
1104 3000 1104 370 302 566 693 787 1209 2600 1060 2054 1045 1382|0.001 0.36190792964333696 0.10137165112349633 0.030164478606069522
628 960 335 906 2719 2356 713 1000 513 1096 273 1022 1861 2766|0.001 0.08418839473668616 0.21886923600634267 0.2306684830158101
2129 816 2706 2987 2868 3272 2987 1875 7036 1531 8119 2827 3051 5173|0.001 0.11557622132810419 -0.01649211311110621 -0.019098727172290886
3315 1225 2607 4007 3658 3658 3513 1875 9944 2296 8618 3462 3492 6807|0.001 0.03861026284502245 0.28651879956657744 0.04008889338308341
1347 3305 1537 384 470 881 719 1271 1403 3814 1403 2210 1328 1599|0.001 0.3052628143342706 0.012389738911016135 -0.0689286646294085
1951 533 2137 4596 5303 1768 1391 1225 1951 653 1873 2444 5397 3631|0.001 0.0012060169374961127 0.09008481593891116 0.0077354687066533145
266 1154 218 465 408 424 424 303 142 385 116 1174 735 434|0.001 0.01823331158000041 0.08288260435357575 0.02057791391044672
651 877 2151 468 250 306 573 913 827 913 2481 1581 1143 864|0.001 0.051571647089885264 -0.0046597907746059875 -0.026334109414897222
4330 816 3753 1530 1593 1593 1745 533 1443 435 1135 3841 1627 2964|0.001 0.05297340841579734 0.061525990165003375 -0.011409712806367267
465 303 408 266 218 116 142 1154 424 385 424 669 1023 532|0.001 0.0062104531996975965 0.05249806403465618 0.0023719241758635157
349 1041 654 2453 742 944 2831 1141 285 1041 534 1064 1640 795|0.001 0.09088100722363546 -0.0005375703312116009 -0.06668493274700649
384 1271 470 1347 1537 1403 1403 3305 719 3814 881 1071 2430 1339|0.001 0.39991923243200445 0.06482726826359642 -0.0055674139899453134
2453 1141 742 349 654 534 285 1041 2831 1041 944 1804 1187 2511|0.001 0.06851565139406546 0.4111021845124707 0.022985216546203002
625 1000 625 1000 1000 1000 1000 1000 625 1000 625 1179 1414 1179|0.001 0.07156534313866647 0.09558434427278772 -0.010568225330810366
1000 1000 1000 625 625 625 625 1000 1000 1000 1000 1414 1179 1179|0.001 0.10445278927079471 0.028182126843645516 -0.016401532145429165
1600 1000 1600 1600 1600 1600 1600 1000 1600 1000 1600 1887 1887 2263|0.001 0.08503730108444074 0.015340873097644536 -0.007021758497162134
1600 1000 1600 1600 1600 1600 1600 1000 1600 1000 1600 1887 1887 2263|0.001 0.08757025166207688 0.068187278522025 0.003477381666956436
625 1000 625 1000 1000 1000 1000 1000 625 1000 625 1179 1414 1179|0.001 0.020101027380805547 0.15342426051605518 0.05317293153252356
1000 1000 1000 625 625 625 625 1000 1000 1000 1000 1414 1179 1179|0.001 0.019563839564868957 0.15076478358167167 0.03984689268126562
625 1000 625 1000 1000 1000 1000 1000 625 1000 625 1179 1414 1179|0.001 0.08213526738493293 0.07306734466966613 -0.032919739251432434
1600 1000 1600 1600 1600 1600 1600 1000 1600 1000 1600 1887 1887 2263|0.001 -0.014143507753789919 0.15759391020080615 0.051926323430593335
1000 1000 1000 625 625 625 625 1000 1000 1000 1000 1414 1179 1179|0.001 0.08429471638311314 0.053611895809340115 -0.01296873405730592
1600 1000 1600 1600 1600 1600 1600 1000 1600 1000 1600 1887 1887 2263|0.001 0.09222599123112296 0.07119400638534668 -0.003882324706141471
1000 1000 1000 625 625 625 625 1000 1000 1000 1000 1414 1179 1179|0.001 0.11590296610844764 0.025960476586579517 0.007807171961164983
625 1000 625 1000 1000 1000 1000 1000 625 1000 625 1179 1414 1179|0.001 0.080974166791008 0.0595267170959235 -0.007341921156402975
625 1000 625 1000 1000 1000 1000 1000 625 1000 625 1179 1414 1179|0.001 0.08732584936325116 0.07970186920577493 0.0018820172120004308
1000 1000 1000 625 625 625 625 1000 1000 1000 1000 1414 1179 1179|0.001 0.046902600038545295 0.1351672578202434 0.034214418831561844
1600 1000 1600 1600 1600 1600 1600 1000 1600 1000 1600 1887 1887 2263|0.001 0.12638626660341545 0.02914845221190454 -0.04413317583661813
1000 1000 1000 625 625 625 625 1000 1000 1000 1000 1414 1179 1179|0.001 0.07391021270986009 0.07233415117225528 -0.023066420764144002
1600 1000 1600 1600 1600 1600 1600 1000 1600 1000 1600 1887 1887 2263|0.001 0.12966864439570847 0.011807675117290195 -0.02801973346059139
625 1000 625 1000 1000 1000 1000 1000 625 1000 625 1179 1414 1179|0.001 0.1480193423360432 0.019285824989943023 -0.04185263374922754
625 1000 625 1000 1000 1000 1000 1000 625 1000 625 1179 1414 1179|0.001 0.0028024647617841403 0.10118882939380347 0.006979916034939304
1600 1000 1600 1600 1600 1600 1600 1000 1600 1000 1600 1887 1887 2263|0.001 0.06589401948805973 0.05251560588070969 -0.009761678574311539
1000 1000 1000 625 625 625 625 1000 1000 1000 1000 1414 1179 1179|0.001 0.028489977702119695 0.07557615331042156 0.007874028948113843
1000 1000 1000 625 625 625 625 1000 1000 1000 1000 1414 1179 1179|0.001 0.13719158634333706 0.029996906381206667 -0.039886315650773385
1600 1000 1600 1600 1600 1600 1600 1000 1600 1000 1600 1887 1887 2263|0.001 -0.006795475766127046 0.16682748829758287 0.04248415589488852
625 1000 625 1000 1000 1000 1000 1000 625 1000 625 1179 1414 1179|0.001 0.08327587551585802 0.09006669782025689 -0.017205626917529138
1000 1000 1000 433 433 354 354 500 750 500 750 1414 829 1061|0.001 0.0547348555229199 0.04498644010205055 0.004839384028356708
1155 1000 2309 2309 1732 1732 2309 816 1155 816 2309 1915 2449 2082|0.001 0.029920965388625653 0.03961872727336946 -0.004270713393895731
354 750 433 1000 1000 500 500 1000 354 750 433 1061 1414 791|0.001 0.0016044352177879695 0.11807168049761785 0.010058502754095588
1000 1000 1000 433 354 354 433 750 500 750 500 1414 1061 791|0.001 0.04613544535615244 0.11228448438536764 0.009797750078044398
1732 816 2309 2309 1155 1155 2309 1000 1732 816 2309 2449 1915 2082|0.001 0.05283930385538094 0.07917420105034711 -0.019330360918587974
433 500 433 1000 1000 750 750 1000 354 500 354 829 1414 1061|0.001 0.0002536147126730448 0.05665507153164384 0.006305278370823952
1000 1000 1000 354 354 433 433 500 750 500 750 1414 791 829|0.001 0.07066300256564739 0.05133018703729286 -0.020169439149363422
433 750 354 1000 1000 500 500 1000 433 750 354 829 1414 829|0.001 0.08758685822926493 0.0462033143437357 -0.006340413322105665
1414 1000 2828 2828 2121 2121 2828 1225 1414 1225 2828 2236 2345 2550|0.001 0.040883497113866074 0.03389336989181091 -0.0066026308296573966
1000 1000 1000 354 433 433 354 750 500 750 500 1414 829 829|0.001 0.09449899376095194 0.052826980325726414 -0.024113770142638602
354 500 354 1000 1000 750 750 1000 433 500 433 791 1414 829|0.001 0.039348839920532175 0.03249760974236571 0.0002846512127430145
2121 1225 2828 2828 1414 1414 2828 1000 2121 1225 2828 2345 2236 2550|0.001 0.0405950979783154 0.07375403360618815 -0.019497142762772146
2309 816 1732 1155 2309 2309 1155 1000 2309 816 1732 1915 1915 3266|0.001 0.013791636044497846 0.09336581910801778 0.04798321842872877
866 2000 866 1500 1500 2000 2000 1000 707 2000 707 1658 1803 1658|0.001 0.27825698967895995 0.0424512727223858 0.010444480574789416
667 1000 667 577 471 471 577 1333 1333 1333 1333 1202 1106 1054|0.001 0.005783435571760087 0.156740632789929 0.020045196688425193
2309 1000 1155 1732 2309 2309 1732 816 2309 816 1155 1915 1915 3266|0.001 0.0753990269259397 0.17610218527261745 0.0439193630634338
471 1333 577 667 667 1333 1333 1000 471 1333 577 1106 1202 1054|0.001 0.15554193721108112 0.028011259552083168 -0.030322664179771586
1500 1000 1500 866 866 707 707 2000 2000 2000 2000 1803 1658 1658|0.001 0.03313232934452515 0.14831452880731177 0.03627998776138508
2828 1225 2121 1414 2828 2828 1414 1000 2828 1225 2121 3000 2236 4000|0.001 0.0559072610010114 0.13995545608506577 0.010442397023302519
667 1000 667 471 577 577 471 1333 1333 1333 1333 1202 1414 1106|0.001 0.07209997888391495 0.08337451905940929 -0.008714315806085393
707 2000 707 1500 1500 2000 2000 1000 866 2000 866 1581 1803 2121|0.001 0.25994667033540253 0.027634215629204206 -0.05886856477855362
2828 1000 1414 2121 2828 2828 2121 1225 2828 1225 1414 2236 3000 4000|0.001 0.08517843445599693 0.25314200723462577 0.07109914257593442
577 1333 471 667 667 1333 1333 1000 577 1333 471 1414 1202 1106|0.001 0.12505586103322752 0.02524332465972723 -0.05589006363887261
1500 1000 1500 707 707 866 866 2000 2000 2000 2000 1803 1581 2121|0.001 0.1358294613481137 0.04279044086505701 3.6575958470841385e-05
1744 1000 581 930 1744 1744 930 1289 1744 1289 581 1419 2010 2466|0.001 0.0585269286784218 0.359888610426935 0.06469680058606819
1386 1875 1075 625 625 1875 1875 1000 1386 1875 1075 2161 1179 1759|0.001 0.2009981291267149 0.054413757947422425 -0.08409976407173891
1600 1000 1600 1720 1720 2218 2218 3000 3000 3000 3000 1887 2441 3458|0.001 0.23041922079479304 0.06450091843613226 -0.020041403880844966
573 333 573 1000 1000 533 533 1000 739 333 739 814 1414 783|0.001 -0.005455136901038049 0.059095837645035676 0.00225823696907268
1000 1000 1000 573 739 739 573 533 333 533 333 1414 783 938|0.001 0.028968481275066793 0.07059417827779191 0.011959208849778857
930 1289 1744 1744 581 581 1744 1000 930 1289 1744 1366 1419 1097|0.001 0.08213258958197356 0.003172930388810613 -0.05347915414268822
581 1000 1744 1744 930 930 1744 1289 581 1289 1744 1419 1366 1097|0.001 0.05874416800070614 -0.001455822796887496 -0.030586791218766285
1000 1000 1000 573 573 739 739 333 533 333 533 1414 814 783|0.001 0.05264471687807637 0.03765890180740472 -0.016336529914853237
739 533 573 1000 1000 333 333 1000 739 533 573 783 1414 938|0.001 0.01450685980795674 0.07657492446432768 0.009083561612959201
1720 3000 1720 1600 1600 3000 3000 1000 2218 3000 2218 2441 1887 3458|0.001 0.30707812357537057 0.08408499006724579 0.014043908219782963
1744 1289 930 581 1744 1744 581 1000 1744 1289 930 2010 1419 2466|0.001 0.09007225877516456 0.24115383676360347 0.23553546490513444
625 1000 625 1075 1386 1386 1075 1875 1875 1875 1875 1179 2161 1759|0.001 0.0546514883667748 0.1045882978804924 -0.005059605754093033
625 1000 625 1386 1075 1075 1386 1875 1875 1875 1875 1179 1468 1526|0.001 0.11417873171674087 0.1771132922618568 0.023021373347780205
1353 776 721 451 1353 1353 451 1000 1353 776 721 1059 1269 1913|0.001 0.07097394998650142 0.2080366870586614 0.23241820404420688
2218 3000 2218 1600 1600 3000 3000 1000 1720 3000 1720 2814 1887 2349|0.001 0.36533842860313026 0.05087416926243593 -0.011761671156919062
573 533 739 1000 1000 333 333 1000 573 533 739 1153 1414 814|0.001 -0.02589987562513163 0.10694200940231768 0.007852189331347681
1000 1000 1000 739 739 573 573 333 533 333 533 1414 938 1153|0.001 0.022175925042478006 0.08821646145082074 -0.0008906963111976474
451 1000 1353 1353 721 721 1353 776 451 776 1353 1269 1559 851|0.001 0.06984156134420605 -0.007383878995885773 -0.029207962164821133
1000 1000 1000 739 573 573 739 533 333 533 333 1414 1153 814|0.001 0.03300297322597512 0.052914730473840876 0.0146451678502868
739 333 739 1000 1000 533 533 1000 573 333 573 938 1414 1153|0.001 0.007094081276552977 0.052207800158874385 0.004435927479617963
721 776 1353 1353 451 451 1353 1000 721 776 1353 1559 1269 851|0.001 0.11295346310109311 -0.026320168913015474 -0.07827065553195789
1075 1875 1386 625 625 1875 1875 1000 1075 1875 1386 1468 1179 1526|0.001 0.2511595979839365 0.04199687129913032 -0.02257814823970805
1600 1000 1600 2218 2218 1720 1720 3000 3000 3000 3000 1887 2814 2349|0.001 0.29034389450354636 0.1022227817008825 0.022920724289958727
1353 1000 451 721 1353 1353 721 776 1353 776 451 1269 1059 1913|0.001 0.13805020538582902 0.32283657887403727 0.038160656271022386
333 1000 333 533 533 533 533 1000 333 1000 333 1054 1133 629|0.001 0.054772038467452155 0.10810437918512994 0.014441502276860696
1875 1000 1875 625 625 625 625 1000 1875 1000 1875 2125 1179 1976|0.001 0.06374984674570872 0.032531278162231114 -0.006125761891185855
1600 1000 1600 3000 3000 3000 3000 1000 1600 1000 1600 1887 3162 3400|0.001 0.1364890133303387 0.024421959821245842 -0.007858714632192898
3000 1000 3000 1600 1600 1600 1600 1000 3000 1000 3000 3162 1887 3400|0.001 0.006509126725129377 0.12041257770009084 0.022289803469854874
625 1000 625 1875 1875 1875 1875 1000 625 1000 625 1179 2125 1976|0.001 0.10971174947590923 0.008918699192417279 -0.01020953107915279
533 1000 533 333 333 333 333 1000 533 1000 533 1133 1054 629|0.001 0.07390481542974614 0.10994964740125512 0.02314094938834943
333 1000 333 533 533 533 533 1000 333 1000 333 1054 1133 629|0.001 0.04615255396798634 0.0998400304210767 -0.011340747986022803
1600 1000 1600 3000 3000 3000 3000 1000 1600 1000 1600 1887 3162 3400|0.001 0.08552054457694469 0.048815112238287384 -0.0042060565510970704
1875 1000 1875 625 625 625 625 1000 1875 1000 1875 2125 1179 1976|0.001 0.01544780208587948 0.07522166466698232 0.009382469848095987
3000 1000 3000 1600 1600 1600 1600 1000 3000 1000 3000 3162 1887 3400|0.001 0.05155647010309128 0.07233076760962964 -0.008560037154660138
533 1000 533 333 333 333 333 1000 533 1000 533 1133 1054 629|0.001 0.12341820594997888 0.004284773835392386 -0.021665806377541008
625 1000 625 1875 1875 1875 1875 1000 625 1000 625 1179 2125 1976|0.001 0.06125844385692636 0.043342613320032086 0.0058943830257285335
625 1000 625 1875 1875 1875 1875 1000 625 1000 625 1179 2125 1976|0.001 0.06812688477584761 0.09402754356516052 0.013053550728836516
533 1000 533 333 333 333 333 1000 533 1000 533 1133 1054 629|0.001 0.04511931955827331 0.11191452327666607 -0.007922495464152135
3000 1000 3000 1600 1600 1600 1600 1000 3000 1000 3000 3162 1887 3400|0.001 0.10166131656199173 0.06083129753604366 0.0007985942263966095
1875 1000 1875 625 625 625 625 1000 1875 1000 1875 2125 1179 1976|0.001 0.11319645870213613 0.025943337527940535 -0.015593917414018499
1600 1000 1600 3000 3000 3000 3000 1000 1600 1000 1600 1887 3162 3400|0.001 0.04057823521322668 0.06686028824714141 0.011058414200737499
333 1000 333 533 533 533 533 1000 333 1000 333 1054 1133 629|0.001 0.030404652468012383 0.12740703070962756 0.02378477205685403
625 1000 625 1875 1875 1875 1875 1000 625 1000 625 1179 2125 1976|0.001 0.09946426000406072 0.05234607748437092 -0.010041888997361914
3000 1000 3000 1600 1600 1600 1600 1000 3000 1000 3000 3162 1887 3400|0.001 0.007928019259755281 0.11325937873219782 0.030816682749992275
533 1000 533 333 333 333 333 1000 533 1000 533 1133 1054 629|0.001 0.15093560215855284 0.01687983083833 -0.04795969064643968
1875 1000 1875 625 625 625 625 1000 1875 1000 1875 2125 1179 1976|0.001 -0.01930493676443934 0.14461641159498662 0.036368615347990296
1600 1000 1600 3000 3000 3000 3000 1000 1600 1000 1600 1887 3162 3400|0.001 0.035585513760927334 0.08210164202840708 -0.000653745926506577
333 1000 333 533 533 533 533 1000 333 1000 333 1054 1133 629|0.001 0.04548745668985221 0.09698142025369894 -0.0054117300403744295
2032 1000 271 144 269 269 144 927 1651 927 68 1245 859 1851|0.001 0.10847030867697338 1.142097256979313 0.09683826017799824
530 250 530 3691 3691 3422 3422 7500 994 6094 994 729 4596 3169|0.001 0.3544051484447941 0.03500651320810233 -0.026990788070547778
6128 1000 7542 3712 3441 3441 3712 533 251 533 1006 6872 4066 3658|0.001 0.042564144689078987 0.06922219393359352 -0.004789661194193329
3691 7500 3691 530 530 994 994 250 3422 6094 3422 4596 729 3169|0.001 0.7850520767213998 0.04777245393442264 0.0236645698357707
1886 1000 471 6452 6960 6960 6452 1875 14142 1875 11490 1374 7623 8667|0.001 0.10073702776423277 0.2551643187371089 -0.00962252771909311
13687 24375 13687 2121 2121 3977 3977 4000 14765 30000 14765 14550 2915 16171|0.001 3.5209440564579153 0.11941258801201782 0.04622995667995289
3712 533 3441 6128 7542 1006 251 1000 3712 533 3441 3187 6872 4622|0.001 -0.009621133530595127 0.09688214459885991 0.0059944097985042966
163 1231 163 561 561 606 606 41 87 164 87 1121 597 520|0.001 0.018086339390381845 0.05662083939548479 0.0014691704935221317
7542 1000 6128 3441 3712 3712 3441 533 1006 533 251 6872 3187 4622|0.001 0.0882746394942302 0.07990398598166415 -0.015047611364333857
155 1079 291 1781 73 292 2192 1000 155 1079 291 926 1063 213|0.001 0.09652003760842298 -0.007540050391161568 -0.10069588508887173
2121 4000 2121 13687 13687 14765 14765 24375 3977 30000 3977 2915 14550 16171|0.001 2.7023361006041857 0.07593417886967879 0.007303691778337562
1781 1000 73 155 291 291 155 1079 2192 1079 292 1063 1182 1997|0.001 0.06637752473629188 3.0673208988537715 0.07869112575541459
167 1000 167 615 1070 1070 615 1875 1250 1875 1250 1014 1973 1163|0.001 0.106266530122896 -0.04378871197604606 -0.009304775556687739
3691 7500 3691 6000 6000 11250 11250 1000 6418 7500 6418 4596 6083 11840|0.001 0.5290998939704128 0.0070100570510422955 -0.05775793881218849
6000 1000 6000 6418 6418 3691 3691 7500 11250 7500 11250 6083 6978 7045|0.001 0.573629483159217 0.15030518955456484 0.04001492142568841
1169 1000 156 935 1753 1753 935 575 1169 575 156 1087 1098 2107|0.001 0.051025420623307394 0.7903943510906486 0.06190860468356485
167 1000 167 1070 615 615 1070 1875 1250 1875 1250 1014 1174 766|0.001 0.10754484539195586 -0.007667874072665448 -0.007126630157009428
6418 7500 6418 6000 6000 11250 11250 1000 3691 7500 3691 6978 6083 7045|0.001 0.8390771660576157 0.03371636796946964 -0.008575836902490197
6000 1000 6000 3691 3691 6418 6418 7500 11250 7500 11250 6083 4596 11840|0.001 0.7832303530871898 0.01512151537765849 -0.016928487430303285
2032 1000 271 1625 3048 3048 1625 1739 2032 1739 271 1245 3208 3663|0.001 0.0944802097333941 1.0003953855937997 0.05477855362713946
570 533 328 667 667 89 89 1000 570 533 328 626 1202 620|0.001 -0.009233060617671596 0.09941517252627818 -0.001017974134582822
1500 1000 1500 492 492 856 856 133 800 133 800 1803 613 939|0.001 -0.00847794530808077 0.04875004544681705 0.017426569012402027
935 575 1753 1169 156 156 1169 1000 935 575 1753 1845 1087 948|0.001 0.1006741025726754 -0.007510194978250784 -0.0894856695584123
667 1000 667 570 328 328 570 533 89 533 89 1202 1052 409|0.001 0.08088378386750694 0.05079507697363539 -0.01663430795865506
1500 1000 1500 856 856 492 492 133 800 133 800 1803 930 1579|0.001 -0.008075676778064311 0.05305678775379352 0.017955583358253424
328 533 570 667 667 89 89 1000 328 533 570 1052 1202 409|0.001 0.004968153953126553 0.09545877283917203 0.003351627276819702
1625 1739 3048 2032 271 271 2032 1000 1625 1739 3048 1908 1245 1648|0.001 0.10149288867318917 -0.00952480935679234 -0.08608932474669762
667 1000 667 328 570 570 328 533 89 533 89 1202 626 620|0.001 -0.008820626016046162 0.09391255176277369 0.03346088511449796
573 533 333 354 433 231 189 750 428 400 246 629 829 772|0.001 -0.0137740198955838 0.08451113144208211 0.011858345803756887
2121 1225 2828 943 696 1210 1622 533 1131 653 1508 2345 1373 1328|0.001 0.028348867481131634 0.07444182296826307 -0.008132020941785667
566 738 1061 3000 1600 1200 2250 1720 693 1284 1299 1456 1887 1327|0.001 0.0858598573185998 0.007916713694857691 -0.04093542877200429
930 581 1744 755 403 329 616 746 697 429 1308 1838 1346 986|0.001 0.07325914534790146 0.023609740541055135 -0.02876484717125538
988 533 1324 2309 1732 924 1232 816 568 435 770 1782 2449 1823|0.001 0.018572003216279498 0.06999136462878752 -0.01030713849981657
354 750 433 573 333 246 428 533 189 400 231 1061 1054 485|0.001 0.029176335754452776 0.06502512831244811 -0.016831859375513458
625 1875 1075 433 354 663 812 750 461 1406 802 1179 1061 494|0.001 0.1384508153230013 0.11868472152557485 0.03261860775264136
755 746 403 930 1744 1308 697 581 616 429 329 595 1097 1849|0.001 0.09977108463087747 0.21732937720732037 0.04535541624119288
1732 816 2309 2483 1853 1066 1443 1875 3248 1531 4330 2449 1477 2034|0.001 0.17204079661955474 -0.048805636885539405 -0.019580748696099715
3000 1720 1600 566 1061 1299 693 738 2250 1284 1200 3162 791 2487|0.001 0.05439213252979469 0.12397839502081842 0.08751035591037404
433 750 354 625 1075 802 461 1875 812 1406 663 829 1976 640|0.001 0.06526898935387937 0.02476498716077913 -0.0051365077311682494
1305 1875 1768 2828 2121 3977 5303 1225 2269 2296 3041 1398 2345 4186|0.001 0.19665089484849352 0.10812041200463751 -0.03530147229275582
943 533 696 2121 2828 1508 1131 1225 1622 653 1210 745 3000 1779|0.001 -0.012618490151267148 0.09446201162977896 0.022024975929308965
577 1333 471 328 570 765 444 533 308 711 251 1414 626 455|0.001 0.12213467103736164 0.05118326863528644 -0.020450018062325714
1625 1739 3048 1437 766 938 1760 1355 2167 2330 4064 1908 1071 2299|0.001 0.08219903426706532 -0.005483247640517552 -0.03945492834239395
2309 816 1732 988 1324 770 568 533 1232 435 924 1915 788 2434|0.001 0.05519986321421477 0.1354810756270175 -0.022973556326125744
540 1340 1012 1753 935 1247 2337 575 441 779 826 797 1845 1034|0.001 0.08186298263533454 -0.006073431343689428 -0.059810028567285345
328 533 570 577 471 251 308 1333 444 711 765 1052 1106 351|0.001 0.06194662589504407 0.04196578106718363 -0.00563806417738788
2483 1875 1853 1732 2309 4330 3248 816 1443 1531 1066 3342 1915 2723|0.001 0.1050541115630077 0.06949387485910341 0.02015944612131282
1753 575 935 540 1012 826 441 1340 2337 779 1247 1098 1804 1938|0.001 0.07047631758735795 0.1516422821698371 0.06869680420863222
471 1333 577 1070 615 833 1434 1875 884 2500 1083 1106 1174 1213|0.001 0.0736939182041274 0.2387066452754083 0.06144558515978504
2828 1225 2121 1305 1768 3041 2269 1875 5303 2296 3977 3000 2574 5590|0.001 0.010127126660974817 0.28804110176684494 0.05017586165249943
1437 1355 766 1625 3048 4064 2167 1739 1760 2330 938 1972 3208 4310|0.001 0.07058195705527348 0.23586353691965156 0.046839260784066195
1070 1875 615 471 577 1083 884 1333 1434 2500 833 1973 1414 1929|0.001 0.2346265862918573 0.12944488305533186 0.06757021698717836
625 1000 625 354 433 433 354 750 125 750 125 1179 829 515|0.001 0.13650606453276204 0.045994977015098026 -0.04894661961968305
2121 1225 2828 1768 354 354 1768 1000 2121 1225 2828 2345 1275 2151|0.001 0.10882912660576949 0.0233218187885309 -0.09151476122167823
1600 1000 1600 693 693 566 566 200 1200 200 1200 1887 825 1697|0.001 0.022556130325799284 0.04723331128715813 2.3739432932767812e-05
354 750 433 625 625 125 125 1000 354 750 433 1061 1179 451|0.001 0.026849318625987717 0.09517753807228413 -0.004092591447367733
625 1000 625 433 354 354 433 750 125 750 125 1179 1061 451|0.001 0.04479621177197357 0.0947363701565318 0.021602534938582885
1732 816 2309 1443 289 289 1443 1000 1732 816 2309 2449 1190 1756|0.001 0.08925712939315433 0.05005061929611809 -0.07362228095497914
1600 1000 1600 566 566 693 693 200 1200 200 1200 1887 721 1327|0.001 0.012643077634013622 0.03960042346521364 0.003873349804883741
433 750 354 625 625 125 125 1000 433 750 354 829 1179 515|0.001 0.060933179214481825 0.06886817782142396 0.005232052826891209
1768 1000 354 2121 2828 2828 2121 1225 1768 1225 354 1275 3000 3335|0.001 0.03460748995689933 0.41507352452235136 0.03369187507805904
6000 1000 6000 2828 2828 3464 3464 5000 8000 5000 8000 6083 3606 8485|0.001 0.24451966961528404 0.045988121128162085 -0.0024335897849447896
3464 5000 3464 6000 6000 8000 8000 1000 2828 5000 2828 4123 6083 6633|0.001 0.45843716342331753 0.038525430341540545 -0.00025369230741811855
167 1000 167 577 471 471 577 1333 833 1333 833 1014 1106 601|0.001 0.06541109947431956 0.012249005119895351 -0.01282284857993865
1443 1000 289 1732 2309 2309 1732 816 1443 816 289 1190 1915 2723|0.001 0.003929875806332195 0.4806419662989514 0.024293610360694995
6000 1000 6000 3464 3464 2828 2828 5000 8000 5000 8000 6083 4123 6633|0.001 0.43229282448684403 0.040679177040676695 -0.010468707042973202
2828 5000 2828 6000 6000 8000 8000 1000 3464 5000 3464 3606 6083 8485|0.001 0.534791441356659 0.10028050894804963 0.006673794692440005
167 1000 167 471 577 577 471 1333 833 1333 833 1014 1414 687|0.001 0.07044672421531839 0.15528855423349253 0.020888249929837954
1998 1107 1524 2834 3071 2692 2075 1875 6604 2075 5715 2234 3592 4415|0.001 0.006514980303662377 0.2714453551376672 0.02775593201545412
1362 3750 1860 656 726 1362 1230 1311 1766 4333 2015 2241 1466 2357|0.001 0.4108877600858407 0.08086224201877101 -0.02393189223994674
554 763 501 1537 1347 1039 1418 3305 1039 2860 938 912 2210 901|0.001 0.17764300298799718 0.1985880208456403 0.053884393735439406
2151 877 651 326 611 676 360 923 1861 676 496 1438 939 1959|0.001 0.007785045334354201 0.21674396791238948 0.058612743886496954
2834 1875 3071 1998 1524 5715 6604 1107 2075 2075 2692 2882 1823 3415|0.001 0.25856861608752 0.03134023139949482 -0.12980227121306864
1377 904 1805 2432 1875 2561 2775 1875 5164 1694 5967 2019 1627 3844|0.001 0.04381185256797426 0.11007525823416575 0.015734981555226568
1537 3305 1347 554 501 938 1039 763 1418 2860 1039 2430 1118 1443|0.001 0.41667558926707704 0.10575003066186639 0.059056303877425
771 771 411 742 2453 2123 566 1141 697 1053 372 669 1804 2550|0.001 0.04736078514081976 0.2636243564937568 0.1757506430000011
656 1311 726 1362 1860 2015 1766 3750 1230 4333 1362 1196 2791 2357|0.001 0.4255362304144583 0.08017715331813946 0.011857405742452531
2754 1366 734 533 1000 904 482 1297 3182 1480 963 2050 1731 2898|0.001 0.0993462261200384 0.5417647520979951 0.06933028119466167
538 732 2016 662 353 391 732 1084 705 950 2330 1501 1017 788|0.001 0.04642814227725722 -0.002955704321310204 -0.0249804076318616
1638 533 1511 3048 3522 1066 813 1107 1436 590 1107 1537 3661 2589|0.001 -0.01036831416152073 0.09083147616054665 0.007386251918701792
363 1156 328 496 363 471 537 267 194 350 175 1201 744 315|0.001 0.1073122943823468 0.021315769571172982 -0.0573729477484064
326 923 611 2151 651 496 1861 877 360 676 676 1170 1581 594|0.001 0.12606404664366133 -0.03602257155184474 -0.08719643315043712
408 303 465 284 314 168 151 865 314 231 429 735 911 544|0.001 0.0021113909061520886 0.04039914917698617 0.004756920475221804
3048 1107 3522 1638 1511 1107 1436 533 813 590 1066 3208 1916 2269|0.001 0.010173418710666127 0.053163854475519745 0.006598338181500463
742 1141 2453 771 411 372 697 771 566 1053 2123 1640 1334 830|0.001 0.04423186703387261 0.009020429094559468 -0.025826295917278363
284 865 314 408 465 429 314 303 151 231 168 1040 669 544|0.001 0.004914991324098672 0.08795484420250466 -0.00936488066839325
1000 533 1297 3182 2754 734 963 904 1366 482 1480 1731 3308 1646|0.001 -0.027476789044087457 0.11304846820907155 0.003005870886403361
533 1297 1000 2754 734 963 3182 1366 482 1480 904 868 1646 878|0.001 0.1024601279013404 -0.018639638949634607 -0.08100300392056226
496 267 363 363 328 175 194 1156 537 350 471 598 1052 504|0.001 0.011723325239589855 0.04455540902980726 0.004195436376801531
3182 904 2754 1000 1297 1480 1366 533 963 482 734 2898 868 2128|0.001 0.0625984925799905 0.0690262802712116 -0.008822764008891149
1875 1000 1875 1061 566 693 1299 738 1475 817 1125 2125 1456 1580|0.001 0.0375179855286234 0.11431601437337235 -0.012162326201613505
696 533 943 1768 1061 1391 1768 1225 770 653 943 1373 1458 1555|0.001 0.02096051365996665 0.037578352686884475 -0.020603882428293918
693 600 566 533 533 436 394 1000 370 787 302 825 1133 805|0.001 0.013412414887845614 0.049321609854966475 0.005320486468411989
533 1000 533 302 370 693 566 787 436 600 394 1133 843 581|0.001 0.0883571482181611 0.020804486169130332 -0.05873685491101788
2607 1225 3315 1768 1305 1444 1768 1875 1989 2296 3315 2793 1398 2379|0.001 0.15853612899660474 0.02959000880279561 -0.020060717438997733
1061 738 566 1875 1875 1125 1475 1000 1299 817 693 791 2125 1546|0.001 0.06656610489065962 0.17722517578967256 -0.007815172646642443
1875 1000 1875 693 1299 1061 566 817 1125 738 1475 2125 1090 2154|0.001 0.06369478847714882 0.08756180575136163 0.11548395838728576
302 787 370 533 533 394 436 1000 566 600 693 1045 1133 422|0.001 0.042920104402404124 0.08114638184937295 -0.002016720173793063
1179 1875 1443 2706 2129 1624 2706 816 1066 1531 1443 1573 2827 2381|0.001 0.15442546133350277 0.05608955921204695 -0.01882605633060974
533 1000 533 693 566 302 370 600 394 787 436 1133 1149 777|0.001 0.019319388707013108 0.12219345353917 0.01750313077693022
693 817 1299 1875 1875 1475 1125 1000 566 738 1061 1510 2125 1958|0.001 0.05791278632527819 0.02316413801622952 0.027824423049844782
866 816 1443 770 629 568 770 533 1135 435 1443 1658 1162 1036|0.001 0.04276871498060997 0.03367466644309758 0.00522099514125518
1768 1225 1061 696 943 943 770 533 1768 653 1391 2031 745 2003|0.001 0.04090759115397802 0.10438835324491746 -0.01230660371415282
766 1355 1437 1524 1998 2540 2540 1107 938 1355 1760 1071 2234 2653|0.001 0.059295211419494454 0.01810920226767765 0.027747181838231327
726 1311 656 943 1155 616 503 1667 889 1667 889 1466 1915 969|0.001 0.12451484056587692 0.08901805500691529 -0.0027605572158562186
1768 1875 1305 2607 3315 3315 1989 1225 1768 2296 1444 2574 3462 3757|0.001 0.22788918785855428 0.05119241670783259 0.0019169083458425717
470 1271 384 501 554 678 678 763 881 1271 719 1328 912 1024|0.001 0.12650721835058665 0.047674458656079555 -0.025867123158870298
1524 1107 1998 766 1437 1760 938 1355 2540 1355 2540 1823 1972 2918|0.001 0.02474605882205161 0.0975871123248373 0.046655111456288534
2706 816 2129 1179 1443 1443 1066 1875 2706 1531 1624 2280 2179 3067|0.001 0.20658373638408944 0.08192472052124034 -0.02046709639336841
501 763 554 470 384 719 881 1271 678 1271 678 1118 1071 987|0.001 0.10739348211601385 0.023955684901098007 -0.021487291131994102
1590 1224 848 1805 1377 2295 2295 904 1298 1224 692 1848 2019 1892|0.001 0.05367592188785242 0.11473619143047342 -0.012734766194300029
770 533 629 866 1443 1443 1135 816 770 435 568 839 1190 1636|0.001 0.035977360886554344 0.04647087865674804 0.01816902151419164
943 1667 1155 726 656 889 889 1311 503 1667 616 1374 1196 703|0.001 0.1351626292478425 0.07845439187986303 0.015921870718953457
1805 904 1377 1590 848 692 1298 1224 2295 1224 2295 1647 1334 1934|0.001 0.10794729559406857 0.02365836106990926 -0.06475757594466391
2719 1000 906 773 1450 1450 773 1207 2719 1207 906 1861 1761 3081|0.001 0.0006420209899626883 0.19685240949197658 0.04050252117310471
1561 1875 1293 1172 1172 3516 3516 1000 1561 1875 1293 2278 1541 2561|0.001 0.2387611245007637 0.09540057857929662 -0.05785773862820198
853 1000 853 1104 1104 1332 1332 3000 1600 3000 1600 1315 2054 1944|0.001 0.22881114215821619 0.12126894465515958 0.03295708170828471
368 333 368 533 533 284 284 1000 444 333 444 685 1133 465|0.001 0.0062169661479027916 0.053815378782371415 0.00409439453730398
1875 1000 1875 690 833 833 690 533 625 533 625 2125 872 1366|0.001 0.05695201382482251 0.08725456177679947 -0.027940802921186947
773 1207 1450 2719 906 906 2719 1000 773 1207 1450 1264 1861 1191|0.001 0.09485476307447005 0.002705552825954527 -0.06564280014191404
906 1000 2719 1450 773 773 1450 1207 906 1207 2719 1861 1264 1191|0.001 0.05352722795214815 0.005221207351764345 -0.028454192039826243
533 1000 533 368 368 444 444 333 284 333 284 1133 685 465|0.001 0.04267683296958591 0.08229483775706203 -0.022760095773021183
833 533 690 1875 1875 625 625 1000 833 533 690 872 2125 1366|0.001 0.0018218793650137677 0.08624024643927086 -0.0035559546609276182
1104 3000 1104 853 853 1600 1600 1000 1332 3000 1332 2054 1315 1944|0.001 0.3419029063771939 0.04283532227948417 -0.008700861045268793
1450 1207 773 906 2719 2719 906 1000 1450 1207 773 1761 1861 3081|0.001 0.07709212665780951 0.2733662072076548 0.212526277749312
1172 1000 1172 1293 1561 1561 1293 1875 3516 1875 3516 1541 2278 2561|0.001 0.13394585106657475 0.1347306660588532 0.008380235006861803
1172 1000 1172 1561 1293 1293 1561 1875 3516 1875 3516 1541 1635 2407|0.001 0.012834456573360686 0.28184785825217107 0.05236626774493214
1201 828 640 751 2252 2252 751 1000 1201 828 640 1047 1640 2552|0.001 0.07892321123428969 0.24843320142700298 0.20224937820150668
1332 3000 1332 853 853 1600 1600 1000 1104 3000 1104 2185 1315 1395|0.001 0.33194504965021077 0.042952866492573794 -0.028097956709082217
690 533 833 1875 1875 625 625 1000 690 533 833 1215 2125 1284|0.001 0.01835156330615373 0.08003465952764133 -0.004739405939925279
533 1000 533 444 444 368 368 333 284 333 284 1133 728 648|0.001 0.05673564780266149 0.01614021327227766 -0.025570696771134438
751 1000 2252 1201 640 640 1201 828 751 828 2252 1640 1459 987|0.001 0.06478303227282156 -0.007831474001519512 -0.02922489819224272
1875 1000 1875 833 690 690 833 533 625 533 625 2125 1215 1284|0.001 0.08599287788426002 0.07627867914570707 -0.04649485989013158
444 333 444 533 533 284 284 1000 368 333 368 728 1133 648|0.001 -0.0011687365952139928 0.050494494626742714 0.0045820694206955
640 828 1201 2252 751 751 2252 1000 640 828 1201 1459 1640 987|0.001 0.08264737351242113 0.015039253644895112 -0.06105443313295433
1293 1875 1561 1172 1172 3516 3516 1000 1293 1875 1561 1635 1541 2407|0.001 0.2441356126308225 0.06638409723096483 -0.06876418711873611
853 1000 853 1332 1332 1104 1104 3000 1600 3000 1600 1315 2185 1395|0.001 0.30945952263186527 -0.02076355101637506 -0.041248266302885694
2252 1000 751 640 1201 1201 640 828 2252 828 751 1640 1047 2552|0.001 0.03045859102208004 0.30751486780498327 0.07016493616780028
1744 1000 581 403 755 755 403 746 872 746 116 1419 595 1446|0.001 -0.0011534295964243935 0.23248114200504322 0.09373951708134598
1853 1875 2483 1443 289 2165 4330 1000 1853 1875 2483 1477 1190 2014|0.001 0.22761151926905088 0.023847065810151946 -0.22373392905335354
693 200 693 1720 1720 1284 1284 3000 1299 1500 1299 825 2441 1023|0.001 0.1487519385622149 -0.02584086407839359 -0.031050601611375406
1155 1000 2309 1324 988 988 1324 533 154 533 770 1915 1782 1074|0.001 -0.0012181793380894312 0.05063589397052981 0.019243344085730918
403 746 755 1744 581 116 872 1000 403 746 755 1346 1419 479|0.001 0.08541268089343745 0.013482689910360168 -0.03981902009149607
581 1000 1744 755 403 403 755 746 116 746 872 1419 1346 479|0.001 0.038611184687704636 0.02653327710005593 -0.022627233902188237
988 533 1324 2309 1155 154 770 1000 988 533 1324 1782 1915 1074|0.001 0.018019242006215297 0.08581134983838723 -0.028694167402618653
1720 3000 1720 693 693 1299 1299 200 1284 1500 1284 2441 825 1023|0.001 0.2465986073247728 0.12006378339068036 0.06610429821786168
755 746 403 581 1744 872 116 1000 755 746 403 595 1419 1446|0.001 0.0014698931926693248 0.2642055772100571 0.07780044626400251
1443 1000 289 1853 2483 2483 1853 1875 4330 1875 2165 1190 3342 3524|0.001 0.05254086287192816 0.6732594171665163 0.0014824920050915402
6418 7500 6418 3464 3464 6495 6495 5000 8602 15000 8602 6978 4123 11576|0.001 1.8954243881611 0.09613641625970226 0.011089352795645713
866 2000 866 856 856 1147 1147 133 462 667 462 1658 930 682|0.001 0.1157411473982295 0.08038118186179943 0.0028540935443821525
2309 1000 1155 988 1324 1324 988 533 770 533 154 1915 788 1879|0.001 0.06065191706996931 0.1568203243906252 -0.025494693538158364
856 133 856 866 866 462 462 2000 1147 667 1147 930 1658 682|0.001 0.04204679928530908 0.04551463611516926 0.00305663721602345
3464 5000 3464 6418 6418 8602 8602 7500 6495 15000 6495 4123 6978 11576|0.001 0.9332420697132515 0.024822410039027076 -0.017160000940534825
1169 1000 156 540 1012 1012 540 1340 2337 1340 779 1087 1804 1938|0.001 0.12605809246192923 1.1325276776544047 0.040420801226168646
1075 1875 625 354 433 812 663 750 802 1406 461 1976 829 640|0.001 0.20905210690092435 0.044952785853435984 -0.03411642042732921
2121 1225 2828 1768 1305 2269 3041 1875 3977 2296 5303 2345 1398 4186|0.001 0.10710667184298028 0.03612260656402855 -0.00593751130746667
1061 738 566 1600 3000 2250 1200 1720 1299 1284 693 791 3162 2487|0.001 0.042153489501264296 0.2758707731928678 0.09440984907542527
1744 581 930 403 755 616 329 746 1308 429 697 1097 595 1849|0.001 0.038678612602389695 0.1630855886283311 0.10245772225063732
1853 1875 2483 2309 1732 3248 4330 816 1066 1531 1443 1477 2449 2034|0.001 0.1344013564519564 0.12938545519801448 0.03820071240648648
354 750 433 1075 625 461 802 1875 663 1406 812 1061 1179 494|0.001 0.12519869941656658 0.05217754059805735 -0.007156305382493011
333 533 573 433 354 189 231 750 246 400 428 1054 1061 485|0.001 -0.02795672706175978 0.10282592298997084 0.0068836621784318375
403 746 755 1744 930 697 1308 581 329 429 616 1346 1838 986|0.001 0.08059207216598585 0.015689994855956346 -0.027046918500059913
1732 816 2309 1324 988 568 770 533 924 435 1232 2449 1782 1823|0.001 0.021995685903868356 0.05960329000481934 0.01147909817262649
1600 1720 3000 1061 566 693 1299 738 1200 1284 2250 1887 1456 1327|0.001 0.1133776145413945 -0.017289379562412943 -0.04490098473683535
433 750 354 333 573 428 246 533 231 400 189 829 629 772|0.001 0.014593268859925956 0.10285985025351607 -0.018919393394345452
696 533 943 2828 2121 1131 1508 1225 1210 653 1622 1373 2345 1328|0.001 0.033516367625214816 0.05997195238257369 -0.017413291661303454
1768 1875 1305 2121 2828 5303 3977 1225 3041 2296 2269 2574 3000 5590|0.001 0.16122140491075632 0.07825045215161142 -0.010461728004866888
577 1333 471 615 1070 1434 833 1875 1083 2500 884 1414 1973 1929|0.001 0.23086973742330263 -0.009756798056009819 -0.03982925731892406
3048 1739 1625 766 1437 1760 938 1355 4064 2330 2167 3208 1972 4310|0.001 0.030131914602840038 0.18783985229853695 0.013314363090219938
2309 816 1732 1853 2483 1443 1066 1875 4330 1531 3248 1915 3342 2723|0.001 0.0731433109590296 0.12835842274089293 -0.01222005216554356
1012 1340 540 935 1753 2337 1247 575 826 779 441 1804 1098 1938|0.001 0.07956347380186024 0.14389615079177354 0.12842604233187727
615 1875 1070 577 471 884 1083 1333 833 2500 1434 1174 1106 1213|0.001 0.22399847152811958 0.07978432260640433 0.01287299573217826
1324 533 988 1732 2309 1232 924 816 770 435 568 788 1915 2434|0.001 -0.013862841117692204 0.09283162303912462 0.018981210022175343
935 575 1753 1012 540 441 826 1340 1247 779 2337 1845 797 1034|0.001 0.10559926984999857 -0.045659980408996326 -0.04549250140682082
471 1333 577 570 328 444 765 533 251 711 308 1106 1052 351|0.001 0.1046540600134449 0.0621212542336802 -0.03359202695660701
2828 1225 2121 696 943 1622 1210 533 1508 653 1131 3000 745 1779|0.001 0.06983956482517373 0.044408788574679114 -0.018929161920266946
766 1355 1437 3048 1625 2167 4064 1739 938 2330 1760 1071 1908 2299|0.001 0.06802923341816314 0.015241024601950759 -0.048905840183433025
570 533 328 471 577 308 251 1333 765 711 444 626 1414 455|0.001 0.015431635490754658 0.09603762019574358 0.010312385260986545
2069 1875 1875 1061 566 1061 1989 738 2267 1384 2092 2652 1456 2592|0.001 0.26319678422726644 0.012581965199109924 -0.15601588032172153
696 533 943 1768 1972 2137 1951 1875 1305 1000 1768 1373 2577 2500|0.001 0.11922301626352994 -0.015664113050172235 -0.019114705322532677
1061 1116 566 533 1000 738 394 1104 566 1209 302 1458 1414 1456|0.001 0.02207902609800083 0.15871831039967255 0.0819779641444307
4007 1875 3658 1768 1305 2447 3315 1875 3698 3516 3315 4582 1398 3762|0.001 0.3272978416474137 0.006341572792600836 -0.07401311099039076
1061 738 566 2069 1875 2092 2267 1875 1989 1384 1061 791 2125 2733|0.001 0.138284617024651 0.26165582410465626 0.01331522140231467
1000 533 1104 566 1061 566 302 738 1116 394 1209 1414 791 1149|0.001 -0.02705822059600682 0.10946644032767017 0.014051793606688623
273 1096 513 906 483 357 669 906 513 1011 961 955 1282 382|0.001 0.09839215556045611 -0.05325808912016394 -0.055596442275539504
1305 1875 1768 1951 2137 1972 1768 533 696 1000 943 1398 1862 2500|0.001 0.18873827230977192 0.012919247034779424 -0.035507087909985025
533 1104 1000 1061 566 302 566 1116 394 1209 738 1133 1149 777|0.001 0.06240505200764357 0.01822311299646273 -0.017000318476895204
566 738 1061 1000 1104 1209 1116 533 302 394 566 1456 1133 1053|0.001 0.02688262453083512 0.04769549065215761 -0.00777297218387929
1052 533 943 943 696 371 503 533 1140 284 1040 1083 1373 1070|0.001 -0.006214451415356148 0.08038504334402008 0.0009865499262895483
1768 1875 1972 696 943 1768 1305 533 1951 1000 2137 2031 745 2500|0.001 0.1377849402118536 0.07829040987477276 -0.013881461512376125
766 1355 1437 2834 3071 2803 2540 1875 1437 2540 2694 1071 3592 2675|0.001 0.12071823568464923 0.027337651045704625 0.020129522574672265
662 1084 353 507 951 507 270 896 896 989 478 1267 1030 709|0.001 0.09862132732278539 0.21778209015762773 0.054054201127688994
1768 1875 1305 4007 3658 3315 3698 1875 3315 3516 2447 2574 3492 3757|0.001 0.16320190889780983 0.06940690836360064 -0.010039506086222394
468 913 250 326 611 827 441 923 877 827 468 871 939 1204|0.001 0.04857607918106188 0.16542344599924208 0.056806393896129403
1951 533 2137 1305 1768 943 696 1875 1768 1000 1972 2444 2574 2500|0.001 0.03785281435258803 0.0701134532655523 0.005986697042223987
326 923 611 468 250 468 877 913 441 827 827 1170 1143 642|0.001 0.09497592038580693 -0.011927249267508211 -0.07288555260812402
1437 1355 766 1638 1511 1355 1495 533 766 722 409 1972 1916 1975|0.001 0.02281596231707761 0.1479468654799243 0.0025706401591119032
943 533 696 1052 943 1040 1140 533 503 284 371 745 1374 1069|0.001 0.005435634017474378 0.05265713449122078 -0.0017062297350645128
507 896 951 662 353 478 896 1084 270 989 507 1306 1017 378|0.001 0.09255783309156662 0.028339350940551622 -0.049805311340122005
1638 533 1511 1437 766 409 766 1355 1495 722 1355 1537 1071 1873|0.001 0.007135464994234564 0.06664766700295255 -0.01383219251631651
2719 1000 906 335 628 628 335 960 1994 960 520 1861 1022 2411|0.001 0.0263709767636211 0.2181615683049043 0.06273647011719063
2868 1875 2987 2706 1552 5954 8119 1000 2868 1875 2987 3051 2280 4179|0.001 0.24629853523638445 0.022578743552945646 -0.1529200241280282
370 573 370 1104 1104 1060 1060 3000 693 2200 693 843 2054 1127|0.001 0.09205837633861513 0.038459517570830215 -0.005425606341434852
368 333 368 231 231 123 123 733 353 191 353 685 887 419|0.001 -0.007698540215963501 0.046877614137581514 0.005114983829488384
3175 1000 4330 1593 1530 1530 1593 533 828 533 1443 3841 1815 2229|0.001 0.042806144463833906 0.04055636285152486 0.0007504106672140409
335 960 628 2719 906 520 1994 1000 335 960 628 1140 1861 763|0.001 0.11616686407590837 -0.015239522791000715 -0.06283873224667724
906 1000 2719 628 335 335 628 960 520 960 1994 1861 1140 763|0.001 0.0489557101699023 0.01117222080941005 -0.0273991150866848
231 733 231 368 368 353 353 333 123 191 123 887 685 419|0.001 0.016759891688340467 0.06375990701913858 -0.01841362395705981
1530 533 1593 4330 3175 828 1443 1000 1530 533 1593 1815 3841 2229|0.001 0.017102957712333833 0.07409936888820523 -0.010525653203298235
1104 3000 1104 370 370 693 693 573 1060 2200 1060 2054 843 1127|0.001 0.16869456316417342 0.06536404504194904 0.01748396245952355
628 960 335 906 2719 1994 520 1000 628 960 335 1022 1861 2411|0.001 0.007707868942470331 0.2561842691437022 0.11990851532540425
1552 1000 2706 2987 2868 2868 2987 1875 5954 1875 8119 2280 3051 4179|0.001 0.14584502096669283 0.0024256491619767395 0.002513178151504203
2706 1000 1552 2868 2987 2987 2868 1875 8119 1875 5954 2280 3404 5558|0.001 0.20240150060125028 0.2100679437991415 0.0035230005713460244
1849 3837 1849 644 644 1208 1208 1744 1925 5233 1925 2693 1470 2194|0.001 0.6568158549627023 0.06423317496498715 -0.008416248512620461
1593 533 1530 3175 4330 1443 828 1000 1593 533 1530 1627 3841 2964|0.001 0.030877591542692873 0.068900305476709 0.021731054590776733
315 1364 315 482 482 502 502 261 168 455 168 1209 702 512|0.001 0.0380830725740644 0.08120467668554676 0.002736197630914816
541 1000 2076 654 349 349 654 1041 944 1041 2831 1457 1064 795|0.001 0.048473976824248144 -0.011049472261932536 -0.025777331845481255
4330 1000 3175 1530 1593 1593 1530 533 1443 533 828 3841 1627 2964|0.001 0.07417158984204475 0.1201007958990874 -0.027433747988437895
482 261 482 315 315 168 168 1364 502 455 502 702 1209 512|0.001 0.03412789729222432 0.03717749389777314 0.004756518173167912
349 1041 654 2076 541 944 2831 1000 349 1041 654 1064 1457 795|0.001 0.09562912532110834 -0.03522275219325133 -0.09052890699448701
644 1744 644 1849 1849 1925 1925 3837 1208 5233 1208 1470 2693 2194|0.001 0.3589068244466409 0.11655601515555558 0.0020225782015659277
2076 1000 541 349 654 654 349 1041 2831 1041 944 1457 1187 2511|0.001 0.027503960527044402 0.2600597866452925 0.026776068911944506
1000 1000 1000 433 433 433 433 500 500 500 500 1414 829 829|0.001 0.07008090697861569 0.0174908010381869 -0.017131840045939706
1155 1000 2309 2309 1155 1155 2309 1000 1155 1000 2309 1915 1915 1633|0.001 0.0845451046028356 0.0017328611640254898 -0.04973146506471848
433 500 433 1000 1000 500 500 1000 433 500 433 829 1414 829|0.001 -0.026616035183706366 0.10095614656268737 -0.00677128746961797
1000 1000 1000 433 433 433 433 500 500 500 500 1414 829 829|0.001 0.028336788519329748 0.07617944198607507 -0.0013452226396526434
1155 1000 2309 2309 1155 1155 2309 1000 1155 1000 2309 1915 1915 1633|0.001 0.08628983030669168 -0.00987199301165087 -0.043043369081849914
433 500 433 1000 1000 500 500 1000 433 500 433 829 1414 829|0.001 0.021406350324093548 0.06156997313790047 0.004277407699304625
1000 1000 1000 433 433 433 433 500 500 500 500 1414 829 829|0.001 0.1137791388680709 0.02841896040009617 -0.05240949072400358
433 500 433 1000 1000 500 500 1000 433 500 433 829 1414 829|0.001 -0.018249726108506836 0.09024486469599413 0.013576553215202125
1155 1000 2309 2309 1155 1155 2309 1000 1155 1000 2309 1915 1915 1633|0.001 0.10172663683378103 -0.01872694280606546 -0.06078978187229911
1000 1000 1000 433 433 433 433 500 500 500 500 1414 829 829|0.001 -0.0227388479944024 0.10296552735511444 0.04280818857349322
433 500 433 1000 1000 500 500 1000 433 500 433 829 1414 829|0.001 0.018707928686212405 0.06280078167099301 0.008587684611902624
1155 1000 2309 2309 1155 1155 2309 1000 1155 1000 2309 1915 1915 1633|0.001 0.07352046547052238 0.004097339625552809 -0.03973066463359376
2309 1000 1155 1155 2309 2309 1155 1000 2309 1000 1155 1915 1915 3266|0.001 0.11596023881397022 0.1830170979410184 0.13185619533920612
866 2000 866 1000 1000 2000 2000 1000 866 2000 866 1658 1414 1658|0.001 0.17858600190623353 0.04241881585066665 0.007740677013141628
1000 1000 1000 866 866 866 866 2000 2000 2000 2000 1414 1658 1658|0.001 0.06596663198742636 0.12034284567663978 0.01691073462873227
2309 1000 1155 1155 2309 2309 1155 1000 2309 1000 1155 1915 1915 3266|0.001 0.07127578198096174 0.25676822750199113 0.13053869970303555
866 2000 866 1000 1000 2000 2000 1000 866 2000 866 1658 1414 1658|0.001 0.2410126121675038 0.07550588646858314 -0.0070572918631650605
1000 1000 1000 866 866 866 866 2000 2000 2000 2000 1414 1658 1658|0.001 0.1359542324997287 0.052165334499254534 -0.02537243029532954
2309 1000 1155 1155 2309 2309 1155 1000 2309 1000 1155 1915 1915 3266|0.001 0.0899197281207087 0.11948218276881084 0.07453224136715786
1000 1000 1000 866 866 866 866 2000 2000 2000 2000 1414 1658 1658|0.001 0.04959458203779299 0.11569357382735568 -0.010237066899454472
866 2000 866 1000 1000 2000 2000 1000 866 2000 866 1658 1414 1658|0.001 0.2937313685437748 0.04779349127689958 -0.04450763010850456
2309 1000 1155 1155 2309 2309 1155 1000 2309 1000 1155 1915 1915 3266|0.001 0.09493003582308202 0.22862278677769243 0.11514091082997835
866 2000 866 1000 1000 2000 2000 1000 866 2000 866 1658 1414 1658|0.001 0.19678363419982414 0.06207351092199831 0.004425033277721813
1000 1000 1000 866 866 866 866 2000 2000 2000 2000 1414 1658 1658|0.001 0.13354984731914987 0.1841908419627747 0.042486238667991394
2069 1875 1875 1299 693 1299 2436 817 1987 1532 1532 2652 1510 2114|0.001 0.2096012001252845 0.08668447883799946 -0.032572974847362435
629 533 770 1443 1179 1530 1593 1875 1179 1000 1443 1162 1573 2041|0.001 0.05877934607713353 0.02100499774069453 -0.00276171876955722
1299 817 693 533 1000 817 436 1104 693 1060 370 1090 1414 1510|0.001 0.0748832759736362 0.2188243633367537 0.05863068680538319
2868 1875 2987 1443 1179 2211 2706 1875 2211 3516 2706 3051 1573 1919|0.001 0.28831452514794575 0.06548049385290078 0.016860309154964614
1299 817 693 2069 1875 1532 1987 1875 2436 1532 1299 1090 2125 2043|0.001 0.14914834811055266 0.16237918421142528 -0.031132156481622486
1000 533 1104 693 1299 693 370 817 817 436 1060 1414 1090 1510|0.001 -0.0013724578522733566 0.08987580226322178 0.03399299838835246
335 960 628 906 483 395 740 906 628 740 1177 1140 1282 527|0.001 0.08491377619786356 -0.01311645976938669 -0.028181991455884514
1179 1875 1443 1593 1530 1179 1443 533 629 1000 770 1573 1815 2041|0.001 0.16825440951606652 0.04557523129715024 -0.022894451401843652
533 1104 1000 1299 693 370 693 817 436 1060 817 1133 1510 805|0.001 0.09175388784075089 -0.013315179671169464 -0.025102520124595795
693 817 1299 1000 1104 1060 817 533 370 436 693 1510 1133 1258|0.001 0.027090948538899262 0.03262512324922362 -0.0006674706947729092
629 533 770 770 629 335 411 533 816 284 849 1162 1162 546|0.001 0.014680234546493587 0.03274116930245263 0.0017879769082362884
1443 1875 1179 629 770 1443 1179 533 1593 1000 1530 2179 839 2041|0.001 0.10694066185928275 0.05154746153524847 0.031827319846606805
848 1224 1590 1875 2432 2533 2295 1875 1590 2295 2981 1334 3246 2886|0.001 0.1427167289215059 -0.03876786010988065 -0.007106269149587119
1000 1297 533 848 1590 848 452 1224 1224 1351 653 1731 1848 1334|0.001 0.001965162250749941 0.2234438644962622 0.03950271577747522
1443 1875 1179 2868 2987 2706 2211 1875 2706 3516 2211 2179 3404 3067|0.001 0.24513526962884669 0.07933049588833008 -0.03289014196615758
654 1041 349 411 771 944 503 771 1226 944 654 1187 669 1425|0.001 0.09233724849031066 0.2115917047702398 0.04081027800566517
1593 533 1530 1179 1443 770 629 1875 1443 1000 1179 1627 2179 2041|0.001 0.04140567435344744 0.09553044373862063 0.018299435367878925
411 771 771 654 349 654 1226 1041 503 944 944 1334 1064 760|0.001 0.05519620690092264 0.034918482755588176 -0.044757027754654954
1590 1224 848 1297 1000 1224 1351 533 848 653 452 1848 1731 1334|0.001 0.05097709939627659 0.13481059532669315 -0.007357373479435214
770 533 629 629 770 849 816 533 411 284 335 839 839 872|0.001 -0.0040399985352346235 0.06362966778742818 -0.007426138282364825
848 1224 1590 1000 533 653 1224 1297 452 1351 848 1334 868 711|0.001 0.0961962807889738 0.012365950947732518 -0.039341784060115126
1297 533 1000 1590 848 452 848 1224 1351 653 1224 868 1334 1380|0.001 0.01840153201084771 0.08301130309190219 -0.02977546292228128
333 1000 333 333 333 178 178 1000 368 1000 368 1054 1054 378|0.001 0.051026405975249656 0.09421801829130994 -0.007320158435077939
3000 1000 3000 1000 1104 1104 1000 533 3000 533 3000 3162 1133 3197|0.001 0.09429287001310405 0.017553182067178152 -0.036206109262982844
533 1104 1000 3000 3000 3000 3000 1000 533 1104 1000 1133 3162 3047|0.001 -0.01625970792623277 0.09834315320928821 0.04619980426187276
3000 1000 3000 1000 533 533 1000 1104 3000 1104 3000 3162 1133 3047|0.001 0.08282015968379852 0.05694145712510146 -0.03957287473003723
1104 533 1000 3000 3000 3000 3000 1000 1104 533 1000 1133 3162 3197|0.001 0.03157455245054619 0.06897280289454688 -0.02393200669558393
333 1000 333 333 333 368 368 1000 178 1000 178 1054 1054 378|0.001 0.06611408347180436 0.07429343315414227 0.02541066607472775
333 1000 333 178 178 333 333 1000 368 1000 368 1054 1016 471|0.001 0.11387566348702638 0.05501006735554759 -0.053508324593842804
1000 1104 533 3000 3000 3000 3000 1000 1000 1104 533 1414 3162 3162|0.001 0.010456215994232299 0.26483218941944164 0.03271510120006704
5625 1000 5625 1875 2069 2069 1875 1875 5625 1875 5625 5713 2652 5993|0.001 0.11698352055570904 0.09079331303499805 -0.008335075586891616
3000 1000 3000 533 1000 1000 533 1104 3000 1104 3000 3162 1414 3162|0.001 0.05355491592438977 0.08096565102390096 0.04973226957653232
178 1000 178 333 333 368 368 1000 333 1000 333 1016 1054 471|0.001 -0.013042117843866663 0.18669466641043408 0.045587702260736496
2069 1875 1875 5625 5625 5625 5625 1000 2069 1875 1875 2652 5713 5993|0.001 0.16532096974300137 0.040352528100306984 0.00534886497630449
1000 533 1104 3000 3000 3000 3000 1000 1000 533 1104 1414 3162 3162|0.001 0.058816476183860544 0.008888165694287409 -0.02324058269710938
333 1000 333 368 368 333 333 1000 178 1000 178 1054 1066 471|0.001 0.13317381053284727 0.03241856670480603 -0.02245142767864028
2719 1000 2719 906 483 483 906 906 2719 906 2719 2897 1282 2761|0.001 0.1136015826723491 0.021942711815796656 -0.0650037396655867
3000 1000 3000 1104 1000 1000 1104 533 3000 533 3000 3162 1414 3162|0.001 0.042089902491917464 0.050780770725133983 -0.014537999890222864
483 906 906 2719 2719 2719 2719 1000 483 906 906 1282 2897 2761|0.001 0.062212531801462134 0.030307576920629575 0.011601966933880714
368 1000 368 333 333 178 178 1000 333 1000 333 1066 1054 471|0.001 0.03504615162472691 0.13322348937008233 0.003369416720100382
1875 1875 2069 5625 5625 5625 5625 1000 1875 1875 2069 2125 5713 5929|0.001 0.23170663810520242 0.06366842931189165 -0.044497350706154126
2719 1000 2719 483 906 906 483 906 2719 906 2719 2897 1027 2866|0.001 0.045391095132245596 0.10457594046617391 0.010933202362153338
178 1000 178 368 368 333 333 1000 333 1000 333 1016 1066 378|0.001 0.08468594802931495 0.056427060768089454 -0.004018713399362994
5625 1000 5625 2069 1875 1875 2069 1875 5625 1875 5625 5713 2125 5929|0.001 0.18585071980379286 0.029181852961788213 -0.01738320818652772
906 906 483 2719 2719 2719 2719 1000 906 906 483 1027 2897 2866|0.001 0.05034206853802736 0.19602163533706918 -0.019837258458794693
368 1000 368 178 178 333 333 1000 333 1000 333 1066 1016 378|0.001 0.10863993669282035 -0.006834722820437955 -0.04631117778958971
1875 1000 1875 3000 1600 1600 3000 1720 1875 1720 1875 2125 1887 2465|0.001 0.08767912352051654 0.08951983018061993 -0.038622479796250886
573 533 333 625 625 625 625 1000 573 533 333 629 1179 848|0.001 0.07065450509752047 0.002472135429736344 -0.011540869929673736
1600 1000 1600 533 533 918 918 1000 853 1000 853 1887 1133 1006|0.001 0.03900813064142028 0.10619191552124985 0.04200032143165444
533 1000 533 853 853 1600 1600 1000 918 1000 918 1133 1315 1687|0.001 0.13099632899723268 0.04250089810764912 -0.07494995784398384
1172 1000 1172 625 1075 1075 625 1875 1172 1875 1172 1541 1976 1590|0.001 0.17009366064365983 0.023018956885929587 -0.02585869924732309
3000 1720 1600 1875 1875 1875 1875 1000 3000 1720 1600 3162 2125 3538|0.001 0.0032346835572072408 0.21141542974151717 0.007584957062825026
1875 1000 1875 1600 3000 3000 1600 1720 1875 1720 1875 2125 3162 3538|0.001 0.08634788518349534 0.08232309903308144 0.08977825424256292
853 1000 853 533 533 918 918 1000 1600 1000 1600 1315 1133 1687|0.001 0.0030192810740548026 0.17189717044988173 0.029115605459828497
1075 1875 625 1172 1172 1172 1172 1000 1075 1875 625 1976 1541 1590|0.001 0.1670663080231738 0.10892990219993681 -0.002615404996491044
533 1000 533 1600 1600 853 853 1000 918 1000 918 1133 1887 1006|0.001 0.07147671848886317 0.1073646610972423 0.009047557113377458
1600 1720 3000 1875 1875 1875 1875 1000 1600 1720 3000 1887 2125 2465|0.001 0.023478850648124272 0.03474594744311332 0.0042741523355416255
625 1000 625 333 573 573 333 533 625 533 625 1179 629 848|0.001 0.12032926425685542 -0.02590204825662412 -0.05833353841225408
625 1000 625 573 333 333 573 533 625 533 625 1179 1054 708|0.001 0.02308770849032138 0.08796063455251746 -0.004254470366923391
930 581 1744 1090 1090 1090 1090 1000 930 581 1744 1838 1479 1433|0.001 0.05704617362969344 0.012748385435950027 0.0024691179148628173
918 1000 918 1600 1600 853 853 1000 533 1000 533 1357 1887 1687|0.001 0.09693995629073138 0.025089297923686082 0.0034407651008749873
625 1875 1075 1172 1172 1172 1172 1000 625 1875 1075 1179 1541 1328|0.001 0.13377622205002826 0.13837924018777148 0.051255911540786236
853 1000 853 918 918 533 533 1000 1600 1000 1600 1315 1357 1006|0.001 -0.011281913008673872 0.15546050096620467 0.03312620396897836
1090 1000 1090 930 1744 1744 930 581 1090 581 1090 1479 1097 2056|0.001 0.07605396400106601 0.10932267502311133 0.10170897409214508
1172 1000 1172 1075 625 625 1075 1875 1172 1875 1172 1541 1179 1328|0.001 0.11803232527763052 0.05608080572334195 -0.011828636232368295
918 1000 918 853 853 1600 1600 1000 533 1000 533 1357 1315 1006|0.001 0.11981044168750454 0.021303400045595833 -0.03352294761331587
1744 581 930 1090 1090 1090 1090 1000 1744 581 930 1097 1479 2056|0.001 0.031239061434871207 0.26747648991927386 0.017633711191422652
333 533 573 625 625 625 625 1000 333 533 573 1054 1179 708|0.001 0.05924952428644881 -0.0016454374027163876 -0.01217311607828897
1600 1000 1600 918 918 533 533 1000 853 1000 853 1887 1357 1687|0.001 0.10510407821902046 0.028684326215759892 0.011151072239530269
1090 1000 1090 1744 930 930 1744 581 1090 581 1090 1479 1838 1433|0.001 0.09181184237857742 0.04413020114714117 -0.044429832917928236
1000 1000 1000 1500 1500 1500 1500 1000 1000 1000 1000 1414 1803 1803|0.001 0.0663224984642885 0.07226689588159863 0.0011876556472811828
667 1000 667 667 667 667 667 1000 667 1000 667 1202 1202 943|0.001 -0.006321145195339328 0.16625070929002783 0.037704419973088044
1500 1000 1500 1000 1000 1000 1000 1000 1500 1000 1500 1803 1414 1803|0.001 0.026367904734063696 0.0991700064475376 0.023601446341849908
1000 1000 1000 1500 1500 1500 1500 1000 1000 1000 1000 1414 1803 1803|0.001 0.1504710015545596 0.013918001690409465 -0.018489182644745306
667 1000 667 667 667 667 667 1000 667 1000 667 1202 1202 943|0.001 0.04535213596080556 0.07604745363501086 0.007345794948494522
1500 1000 1500 1000 1000 1000 1000 1000 1500 1000 1500 1803 1414 1803|0.001 0.07754785391875352 0.09154018774538919 -0.022128538142195397
1000 1000 1000 1500 1500 1500 1500 1000 1000 1000 1000 1414 1803 1803|0.001 0.050413811728202695 0.09416533377795577 0.024214816192675848
1500 1000 1500 1000 1000 1000 1000 1000 1500 1000 1500 1803 1414 1803|0.001 0.15367732010514779 -0.003871544195455101 -0.054970507776634925
667 1000 667 667 667 667 667 1000 667 1000 667 1202 1202 943|0.001 0.11955169128559984 0.012196071871009018 -0.029924382610765354
1000 1000 1000 1500 1500 1500 1500 1000 1000 1000 1000 1414 1803 1803|0.001 0.10984805193279934 0.07868942781545041 -0.018693959806114213
1500 1000 1500 1000 1000 1000 1000 1000 1500 1000 1500 1803 1414 1803|0.001 0.17088985345951935 -0.028634664545348354 -0.05829996607439325
667 1000 667 667 667 667 667 1000 667 1000 667 1202 1202 943|0.001 0.12281303379298558 0.013351530625653751 -0.020927064998974565
667 1000 667 667 667 667 667 1000 667 1000 667 1202 1202 943|0.001 0.0013079721225950358 0.09769194253038238 0.015008499416564458
1500 1000 1500 1000 1000 1000 1000 1000 1500 1000 1500 1803 1414 1803|0.001 0.14392328682478084 0.011123542486994875 -0.03968150598233522
1000 1000 1000 1500 1500 1500 1500 1000 1000 1000 1000 1414 1803 1803|0.001 0.041547767967280436 0.053172422718668066 0.003927784980846116
667 1000 667 667 667 667 667 1000 667 1000 667 1202 1202 943|0.001 0.045176620032121306 0.09287109193632404 0.014682014167817226
1500 1000 1500 1000 1000 1000 1000 1000 1500 1000 1500 1803 1414 1803|0.001 0.12625766450421017 0.0446148173221661 -0.00559667764695071
1000 1000 1000 1500 1500 1500 1500 1000 1000 1000 1000 1414 1803 1803|0.001 0.015533155788529651 0.10554821335242215 0.0157986139030708
667 1000 667 667 667 667 667 1000 667 1000 667 1202 1202 943|0.001 -0.014800784888392426 0.17916696921721043 0.06504928361030782
1000 1000 1000 1500 1500 1500 1500 1000 1000 1000 1000 1414 1803 1803|0.001 0.15561655517732254 -0.0006917086757041169 -0.04021337432304706
1500 1000 1500 1000 1000 1000 1000 1000 1500 1000 1500 1803 1414 1803|0.001 0.00010000805217513786 0.12665198359708363 0.021119171454664354
667 1000 667 667 667 667 667 1000 667 1000 667 1202 1202 943|0.001 0.11508904510879381 0.05214432476425834 -0.033293894727665085
1500 1000 1500 1000 1000 1000 1000 1000 1500 1000 1500 1803 1414 1803|0.001 0.10498616438568531 0.011103401504852783 -0.014432835714763836
1000 1000 1000 1500 1500 1500 1500 1000 1000 1000 1000 1414 1803 1803|0.001 0.13554155061933804 0.030837820405038574 -0.04529603775256574
1104 533 1000 3000 1600 853 1600 1720 1332 918 1720 1133 1887 1395|0.001 0.028184947774969604 0.06196712614722211 -0.027723082604111937
573 533 333 333 573 444 368 533 306 284 178 629 629 809|0.001 0.007374409706093488 0.05130769123720125 -0.004835532903596507
1600 1720 3000 1000 533 918 1720 1104 853 1332 1600 1887 1133 1006|0.001 0.11175396876117683 0.0019924982040309125 -0.05300520116282237
483 906 906 1450 773 1450 2719 1207 831 1559 1559 1282 1264 1528|0.001 0.09641404413866628 -0.010339801555652173 -0.09088206562687495
833 533 690 625 1075 573 333 1875 1075 1000 625 872 1976 884|0.001 0.024571491250386934 0.09492492887791082 0.0072994058952979834
3000 1720 1600 1104 1000 1720 1332 533 1600 918 853 3162 1414 1887|0.001 0.10824015944194798 0.147148998043114 -0.045505233881075746
1450 1207 773 483 906 1559 831 906 2719 1559 1450 1761 1027 2866|0.001 0.06926956491990488 0.18996975235537228 0.0758049171265629
1075 1875 625 1293 1561 2016 1172 1875 2016 3516 1172 1976 2278 2845|0.001 0.3663732379662643 0.008001055794892853 -0.04298663715368467
1000 1104 533 1600 3000 1600 853 1720 1720 1332 918 1414 3162 1887|0.001 0.06836967709318742 0.17608756806004822 0.050769399274446236
1600 1720 3000 1875 2069 2498 3226 1875 3000 3226 5625 1887 2652 3644|0.001 0.12642696747335647 -0.011683307768821649 -0.0014498480222835397
1075 1875 625 333 573 1075 625 533 833 1000 690 1976 629 884|0.001 0.10790459837000999 0.035600196804321804 0.02349001293907138
333 533 573 573 333 178 306 533 368 284 444 1054 1054 378|0.001 -0.01553347872008115 0.07059424250631885 -0.0007549156344544006
930 581 1744 1000 774 641 581 533 496 310 930 1838 1411 1130|0.001 0.028172183858348188 0.05070648293227897 -0.013929117204801722
533 774 1000 1744 930 496 930 581 310 641 581 1411 1838 980|0.001 0.0680060150589279 0.021042038084162495 -0.029383332431347498
625 1875 1075 833 690 625 1075 533 333 1000 573 1179 1215 884|0.001 0.1293415255894681 0.07111815908195762 0.014901821187711661
640 828 1201 1291 689 400 751 1291 1201 751 2252 1459 1061 755|0.001 0.07582889914700797 -0.05315705238328694 -0.04650956868147649
1000 533 774 930 1744 930 496 581 581 310 641 822 1097 1838|0.001 0.004915125540867482 0.055014097485084346 0.03807383772205686
1293 1875 1561 1075 625 1172 2016 1875 1172 3516 2016 1635 1179 1328|0.001 0.3588509831554476 0.13572893056539748 0.10278947457728949
1744 581 930 1452 1875 1090 1203 1875 3269 1090 1744 1097 2646 2056|0.001 0.049533266636725415 0.374392993711139 0.048658871663576075
333 533 573 1075 625 690 833 1875 625 1000 1075 1054 1179 884|0.001 0.05633723710943617 0.07585398428990642 -0.0018450612907994213
1744 581 930 533 1000 581 310 774 930 641 496 1097 822 1838|0.001 0.0255270869469304 0.2478864597044983 0.05742473612733612
1452 1875 1875 1744 930 1744 3269 581 1203 1090 1090 1541 1838 1520|0.001 0.29236000686824193 0.017230387215898535 -0.18509273028529116
921 187 1000 1768 354 88 354 1000 921 187 1000 1106 1275 938|0.001 -0.051269071090143115 0.08668655592252161 -0.014814054413102573
566 200 566 566 566 521 521 200 106 50 106 721 721 625|0.001 -0.004639246741677816 0.04107037975525918 -0.026032383208838272
471 1000 1886 5333 4910 4910 5333 5333 1886 5333 9428 1374 5333 5000|0.001 0.2035062058935666 -0.05002606188998837 0.016454360715794092
1000 921 187 354 1768 354 88 1000 1000 921 187 1000 1275 1275|0.001 0.04769458658390624 0.6604637661731028 0.08065971677890138
1768 1000 354 187 1000 1000 187 921 354 921 88 1275 1000 1275|0.001 0.014276311322400925 0.3269873179489302 0.2808146571806591
4910 5333 5333 1886 471 1886 9428 1000 4910 5333 5333 5333 1374 5000|0.001 0.6480687172370447 0.0441827284728169 -0.3854084328110352
187 921 1000 1768 354 88 354 1000 187 921 1000 1106 1275 258|0.001 0.0904133486743075 -0.05422086022344508 -0.013681011619293137
1768 1000 354 921 1000 1000 921 187 354 187 88 1275 1000 1275|0.001 0.022234763145074776 0.5510945414600488 -0.01817951741159729
2121 4000 2121 10416 10416 11314 11314 4000 11314 20000 11314 2915 10607 12510|0.001 1.9284887866654654 0.08719062450883497 -0.0039684329388922635
1886 1000 471 4910 5333 5333 4910 5333 9428 5333 1886 1374 5897 6799|0.001 0.4947847136727779 1.7217328662374687 0.010858844690715408
10416 4000 10416 2121 2121 11314 11314 4000 11314 20000 11314 10607 2915 12510|0.001 1.166271173410136 0.0039574354798044276 -0.26139577539822767
2828 5000 2828 2604 2604 2828 2828 250 530 1000 530 3606 2652 2828|0.001 0.33170768096391523 0.06607748796972013 0.0019775733177795907
1305 1875 1768 1225 230 431 2296 604 1273 1133 1444 1398 1195 1275|0.001 0.22879835300770424 0.10215446440191567 -0.1226951561328471
1299 817 693 566 1061 641 342 738 244 720 130 1090 791 1267|0.001 0.09287593117370818 0.17897387742514814 0.08492167635285153
5543 1875 5683 4355 2632 4934 8165 5333 6289 10000 7698 5551 3079 7914|0.001 0.687075955390366 0.029665245607362056 -0.06170545075491418
1225 604 230 1305 1768 1444 1273 1875 2296 1133 431 707 2574 1926|0.001 0.14752656405254028 0.9357200637308116 -0.004117620842486458
2632 5333 4355 3031 2956 3354 4106 533 1404 2844 2322 3079 3198 3093|0.001 0.3680671159715798 0.04284751176190982 -0.00499920156444289
566 738 1061 1299 693 130 244 817 342 720 641 1456 1510 676|0.001 0.08094913259913294 0.015518459648398153 -0.006374950801470991
380 1655 2027 2390 2106 2159 2925 1875 712 3103 3800 1170 2203 2279|0.001 0.00939357358868742 0.03398817984845426 0.012974069079347839
785 881 418 848 1590 298 159 1224 1298 904 692 922 1848 918|0.001 0.07410851387087636 0.27068523039193604 0.01255288960124501
4355 5333 2632 5543 5683 7698 6289 1875 8165 10000 4934 5203 5997 11208|0.001 0.7215893459490408 0.013352551427141535 -0.012810378950058876
3031 533 2956 2632 4355 2322 1404 5333 4106 2844 3354 2960 5203 3246|0.001 0.09368519936991948 0.09017034142472902 -0.0026222136407527685
2027 1655 380 1123 1275 1560 1152 533 1081 882 203 1977 1175 1700|0.001 0.050744147630665815 0.549500111682566 -0.01873026413403367
816 188 493 629 770 568 554 533 435 100 263 577 839 1121|0.001 0.018352348497416848 0.005910700955407133 -0.013475130055199402
848 1224 1590 785 418 692 1298 881 159 904 298 1334 1258 490|0.001 0.05802474017399195 0.038813724385784454 -0.030059787766898438
1123 533 1275 2027 380 203 1081 1655 1152 882 1560 1604 1170 1125|0.001 0.01959399288098851 0.07669169844822132 -0.04523423471917254
1090 1000 1090 1875 1452 1452 1875 1875 3269 1875 3269 1479 1541 2382|0.001 0.05625393079461638 0.19418489920866033 0.03355284511155965
1000 774 533 581 1744 1744 581 1000 1000 774 533 822 1419 2010|0.001 0.0501842095199434 0.2410529231480374 0.14731735245950617
1720 3000 1720 918 918 1720 1720 1000 1332 3000 1332 2441 1357 1414|0.001 0.2580351294774008 0.04401470030782395 0.00923206177305902
918 1000 918 1332 1332 1720 1720 3000 1720 3000 1720 1357 2185 2427|0.001 0.1615477245990271 0.11567032885051898 0.002650567491582212
2252 1000 751 689 1291 1291 689 1291 2252 1291 751 1640 1822 2596|0.001 0.0682803498679907 0.28735583915919793 0.017173989622409902
1875 1875 1452 1090 1090 3269 3269 1000 1875 1875 1452 2646 1479 2661|0.001 0.2506435305084098 0.08575674059251748 -0.06602095566909494
1090 1000 1090 1452 1875 1875 1452 1875 3269 1875 3269 1479 2646 2661|0.001 0.06516669780109785 0.1489255080456231 0.025297357800322384
1332 3000 1332 918 918 1720 1720 1000 1720 3000 1720 2185 1357 2427|0.001 0.35913779719998873 0.10759374844350855 0.041945215659038304
1291 1291 689 751 2252 2252 751 1000 1291 1291 689 1822 1640 2596|0.001 0.05864947964017819 0.20721897657114186 0.1943711068927545
918 1000 918 1720 1720 1332 1332 3000 1720 3000 1720 1357 2441 1414|0.001 0.11489042325548038 0.07331767618122154 -0.008199443299903297
1452 1875 1875 1090 1090 3269 3269 1000 1452 1875 1875 1541 1479 2382|0.001 0.22087707834522075 0.06803570883821441 -0.07749598837090366
1744 1000 581 533 1000 1000 533 774 1744 774 581 1419 822 2010|0.001 0.03841321216497384 0.2433842327950253 0.07066192518000447
581 1000 1744 1000 533 533 1000 774 581 774 1744 1419 1411 789|0.001 0.060117554417522534 -0.0010060055556382341 -0.029705224365758065
774 533 1000 1744 1744 581 581 1000 774 533 1000 1411 2010 1270|0.001 -0.02281323069218577 0.09634773488793158 -0.003282333811283067
573 1000 573 573 573 444 444 333 306 333 306 1153 814 809|0.001 0.008219088708252276 0.10981652503861072 4.486961432403902e-05
689 1291 1291 2252 751 751 2252 1000 689 1291 1291 1061 1640 1019|0.001 0.08382794475702227 0.0011340816174687518 -0.05126067989228211
444 333 444 573 573 306 306 1000 573 333 573 728 1153 471|0.001 -0.00900930782297138 0.06896643398773383 -0.00262216600814158
1744 1000 1744 774 1000 1000 774 533 581 533 581 2010 822 1419|0.001 0.0444392168956953 0.051074436500426756 -0.0007717139057106248
751 1000 2252 1291 689 689 1291 1291 751 1291 2252 1640 1061 1019|0.001 0.05654537521122993 0.0013352830627044732 -0.02709099175455032
573 1000 573 444 444 573 573 333 306 333 306 1153 728 471|0.001 0.015894139739405233 0.06194009829555869 0.022694451642044644
1000 533 774 1744 1744 581 581 1000 1000 533 774 822 2010 1419|0.001 0.016387433502917936 0.08498100507120299 0.0044887741757237976
533 774 1000 1744 581 581 1744 1000 533 774 1000 1411 1419 789|0.001 0.10135042774621628 -0.031996053225995524 -0.06611073612515672
573 333 573 573 573 306 306 1000 444 333 444 814 1153 809|0.001 0.00018274637738846522 0.05935230292992255 0.006851272475010273
1744 1000 1744 1000 774 774 1000 533 581 533 581 2010 1411 1270|0.001 0.04521374891181651 0.055801617976716233 0.01397927071690619
3000 1000 3000 693 566 566 693 600 2200 600 2200 3162 1149 2631|0.001 0.06747781933354569 0.04386823922193139 -0.017282535070251015
866 816 1443 4330 3175 3175 4330 1000 866 816 1443 1658 3841 3291|0.001 0.11344798521409905 -0.014898041672625206 -0.0180037682550116
231 733 231 333 333 200 200 1000 189 733 189 887 1054 383|0.001 0.04122925221991425 0.08636987908834604 0.011448046258053513
333 1000 333 189 189 231 231 733 200 733 200 1054 877 275|0.001 0.05423719621421963 0.07736796778380794 -0.0005293379659798703
3889 1000 5303 1768 1061 1061 1768 1225 3889 1225 5303 4650 1458 4031|0.001 0.09950582474979042 0.03567789542823441 -0.034309419877566194
693 600 566 3000 3000 2200 2200 1000 693 600 566 825 3162 2661|0.001 0.08063299135950608 0.009009913948847537 -0.015101882212358309
3000 1000 3000 566 693 693 566 600 2200 600 2200 3162 825 2661|0.001 0.03273277739868963 0.07727538803410594 0.002181769508580178
189 733 189 333 333 200 200 1000 231 733 231 877 1054 275|0.001 0.014053993072085103 0.07884389574200235 -0.0007494295635823711
1061 1225 1768 5303 3889 3889 5303 1000 1061 1225 1768 1458 4650 4031|0.001 0.09833147579142887 -0.005225664628578652 -0.02127711647793573
333 1000 333 231 231 189 189 733 200 733 200 1054 887 383|0.001 0.061378140904828626 0.04553178474341113 -0.010237149307942284
566 600 693 3000 3000 2200 2200 1000 566 600 693 1149 3162 2631|0.001 0.045197397400880135 0.05321791123311215 -0.014370826939287262
3175 1000 4330 1443 866 866 1443 816 3175 816 4330 3841 1658 3291|0.001 0.08066572280773565 0.0018545885625309566 -0.04166349401873437
4330 1000 3175 866 1443 1443 866 816 4330 816 3175 3841 1190 4564|0.001 0.07757291436349956 0.13847060019114066 0.008290970776061446
943 1667 1155 3667 3667 5000 5000 1000 943 1667 1155 1374 3801 4384|0.001 0.13226975955320963 0.1373394265654726 0.03575132224412414
273 1000 273 315 315 257 257 1364 455 1364 455 1037 1209 375|0.001 0.030592598277088268 0.11443956799870758 0.004803711939025401
1768 1225 1061 3889 5303 5303 3889 1000 1768 1225 1061 2031 4650 5590|0.001 0.04995943945679704 0.13737161743761606 0.041156725659394766
257 1364 257 273 273 455 455 1000 315 1364 315 1196 1037 522|0.001 0.09161107109064037 0.0752900341873941 -0.02110241348876829
3667 1000 3667 943 1155 1155 943 1667 5000 1667 5000 3801 1915 4435|0.001 0.13589735360522326 0.08830339851623181 0.007472322764663364
5303 1000 3889 1061 1768 1768 1061 1225 5303 1225 3889 4650 2031 5590|0.001 0.06633349823558232 0.155557689644632 0.07854977815644704
273 1000 273 257 257 315 315 1364 455 1364 455 1037 1196 522|0.001 0.10291830489686404 0.13677099800584624 0.029035760387570164
1155 1667 943 3667 3667 5000 5000 1000 1155 1667 943 1915 3801 4435|0.001 0.1411522687620681 0.09845329457918162 0.011472516132386978
1443 816 866 3175 4330 4330 3175 1000 1443 816 866 1190 3841 4564|0.001 0.08332474590627026 0.07826470484948889 0.024053662439234014
315 1364 315 273 273 455 455 1000 257 1364 257 1209 1037 375|0.001 0.15926265426811748 0.030062267486501426 -0.06290743300708446
3667 1000 3667 1155 943 943 1155 1667 5000 1667 5000 3801 1374 4384|0.001 0.02357979305635194 0.1898816340968068 0.046982506676311875
11000 1000 11000 4085 4085 4085 4085 7500 7500 7500 7500 11045 4918 9959|0.001 0.40194339069884455 0.12818647625912005 0.02187661218533421
1836 1000 245 2693 1836 1836 2693 1000 1836 1000 245 1204 2438 2596|0.001 0.11382458332201528 1.1100184011104552 -0.03911015253816763
4085 7500 4085 11000 11000 7500 7500 1000 4085 7500 4085 4918 11045 9959|0.001 0.7907628715387194 0.03984420197619798 0.0024101877826665508
11000 1000 11000 4085 4085 4085 4085 7500 7500 7500 7500 11045 4918 9959|0.001 0.613605812151703 0.1026532272564773 0.007467258419255884
1836 1000 245 2693 1836 1836 2693 1000 1836 1000 245 1204 2438 2596|0.001 0.035953626876332745 0.7527904065047464 -0.010655630048506115
4085 7500 4085 11000 11000 7500 7500 1000 4085 7500 4085 4918 11045 9959|0.001 0.6764577620098744 0.04870673146931459 0.006427319202897408
2693 1000 1836 1836 245 245 1836 1000 2693 1000 1836 2438 1204 2704|0.001 0.08390256604347446 0.15621204635106745 -0.07791565508653786
1000 1000 1000 545 545 545 545 1467 133 1467 133 1414 1328 656|0.001 0.1324280682184109 0.09628180241431084 -0.007074635862515111
545 1467 545 1000 1000 133 133 1000 545 1467 545 1328 1414 656|0.001 0.1619311118808353 0.0826905781615972 0.0051819299240962735
2693 1000 1836 1836 245 245 1836 1000 2693 1000 1836 2438 1204 2704|0.001 0.0884771774218529 0.15718823186809505 -0.07751529170950566
1000 1000 1000 545 545 545 545 1467 133 1467 133 1414 1328 656|0.001 0.0781013896473981 0.09822264235579858 0.02551496485989624
545 1467 545 1000 1000 133 133 1000 545 1467 545 1328 1414 656|0.001 0.1550801048739503 0.0898479863241386 0.002813109121846402
12728 1000 14142 14142 15780 15780 14142 8000 2828 8000 14142 13454 16248 16882|0.001 0.7307241073795723 -0.01682910136223792 0.017229211799625332
1000 1000 1000 566 71 71 566 1116 900 1116 200 1414 1002 951|0.001 0.08720054523045251 0.14830840281635504 -0.08083993631348707
566 200 566 1000 1000 1116 1116 1000 71 900 71 721 1414 1002|0.001 0.002749060766835676 0.08099475905972264 -0.017139274770444635
14142 8000 15780 12728 14142 14142 2828 1000 14142 8000 15780 14177 13454 20000|0.001 1.0838801502076612 0.09448688019684015 0.0555758540434792
14142 1000 12728 15780 14142 14142 15780 8000 14142 8000 2828 13454 14177 20000|0.001 0.3346824672688209 0.17193768322975922 -0.023969346201906383
507 896 63 807 179 896 896 1000 507 896 63 898 1070 646|0.001 0.07141770928060787 0.8566988607327986 -0.025683816276511617
2828 5000 2828 5579 5579 5000 5000 4500 354 5000 354 3606 5969 5745|0.001 0.49256269056211277 0.06400145983743943 0.032447325298397
5579 4500 5579 2828 2828 354 354 5000 5000 5000 5000 5969 3606 5745|0.001 0.7427833606651468 0.08803409909597493 0.004580792131521072
3000 1000 3000 566 1061 1061 566 1116 1500 1116 2200 3162 1458 2372|0.001 0.004445501148742093 0.08234514018318873 0.0720624509272616
1972 1875 1768 5303 3889 2652 5303 1000 1972 1875 1768 2577 4650 3769|0.001 0.2364479045789536 0.058659499623556766 -0.05728098636787027
189 733 189 333 333 372 372 1000 354 500 354 877 1054 486|0.001 0.037777475980238506 0.061900237419505455 -0.007021116231781255
333 1000 333 354 354 189 189 500 372 733 372 1054 791 383|0.001 0.050494146702997345 0.1098823418553363 0.0030092379362067767
1414 1000 2828 943 1052 1052 943 533 2074 533 2828 2236 1083 2010|0.001 0.02962278970286336 0.04122922444580013 0.007648020952490953
566 1116 1061 3000 3000 2200 1500 1000 566 1116 1061 1149 3162 2631|0.001 0.03039359238040662 0.03321527371911159 0.002618280480839452
3000 1000 3000 1061 566 566 1061 1116 2200 1116 1500 3162 1149 2631|0.001 0.10292861038595724 0.05930462200562925 -0.037147753028914376
354 500 354 333 333 372 372 1000 189 733 189 791 1054 383|0.001 0.051467829766720374 0.043380477092869185 -0.012093531360378718
1052 533 943 2828 1414 2074 2828 1000 1052 533 943 1083 2236 2010|0.001 0.053356578140209 0.013566432368117276 -0.051083357742163216
333 1000 333 189 189 354 354 733 372 500 372 1054 877 486|0.001 0.07110888081625077 0.02496421484306177 -0.04079973904160705
1061 1116 566 3000 3000 1500 2200 1000 1061 1116 566 1458 3162 2372|0.001 0.05069422901822662 0.2309257798358466 -0.012174993754362484
3889 1000 5303 1768 1972 1972 1768 1875 2652 1875 5303 4650 2577 3769|0.001 0.12630357457795727 0.05056218984711647 0.007492663137462774
5303 1000 3889 1972 1768 1768 1972 1875 5303 1875 2652 4650 2031 5590|0.001 0.030382109141973146 0.20107275698846072 0.012665944964318498
951 896 507 1972 1344 2689 2689 1000 951 896 507 1030 1911 2126|0.001 0.06779813841220061 0.2548542217865113 0.0026125082886974127
507 682 507 257 257 482 482 1364 455 1364 455 969 1196 522|0.001 0.1742369833859292 0.0043510078915187655 -0.05630922142535688
943 533 1052 1414 2828 2828 2074 1000 943 533 1052 1374 2236 2981|0.001 0.030125179122373336 0.06560438006323777 0.00892532875630847
707 2000 707 744 744 667 667 1467 377 2000 377 1581 1421 972|0.001 0.27343521497247725 0.05495568300729614 0.018224404519655568
1972 1000 1344 951 507 507 951 896 2689 896 2689 1911 1306 2358|0.001 0.12258858156892982 0.03271938657007478 -0.07934640203814403
2828 1000 1414 1052 943 943 1052 533 2828 533 2074 2236 1374 2981|0.001 0.04663271083672482 0.19767753752864214 -0.019517614438584463
744 1467 744 707 707 377 377 2000 667 2000 667 1421 1581 972|0.001 0.18171456554869625 0.10235194836863526 0.019383146079969826
507 896 951 1344 1972 2689 2689 1000 507 896 951 1306 1911 2358|0.001 0.05703148779282019 0.040910081381346775 0.04181585547060607
1768 1875 1972 3889 5303 5303 2652 1000 1768 1875 1972 2031 4650 5590|0.001 0.1879400980083057 0.051974169007358295 0.060022861974105
257 1364 257 507 507 455 455 682 482 1364 482 1196 969 522|0.001 0.09992429014726412 0.03568952246284285 -0.019583120908202023
1344 1000 1972 507 951 951 507 896 2689 896 2689 1911 1030 2126|0.001 -0.01112937586237761 0.08766293132052905 0.017950127873180843
1115 1000 1115 526 526 801 801 1231 1846 1231 1846 1498 1228 1805|0.001 0.10463462202561447 0.08336825088890443 0.004181180723672462
2340 1000 1901 2121 3510 3510 2121 1523 2340 1523 1901 2334 3432 4219|0.001 0.05211654483859629 0.11971614948374176 0.02384671001162797
718 1655 472 897 897 1103 1103 1000 718 1655 472 1618 1343 1227|0.001 0.19002063567846061 0.08250710643156633 -0.044925394736535784
897 1000 897 472 718 718 472 1655 1103 1655 1103 1343 1618 1227|0.001 0.08251685604099723 0.06082671597948952 -0.015877524365923712
3510 1523 2121 1901 2340 2340 1901 1000 3510 1523 2121 3432 2334 4219|0.001 0.08657291479027496 0.17265838134642664 0.024153519001954837
526 1231 526 1115 1115 1846 1846 1000 801 1231 801 1228 1498 1805|0.001 0.15185982107644547 0.0837052183321374 -0.019960478606285692
1115 1000 1115 801 801 526 526 1231 1846 1231 1846 1498 1368 1333|0.001 0.08608959940891614 0.13767914182461594 0.0355577818345898
472 1655 718 897 897 1103 1103 1000 472 1655 718 1196 1343 1101|0.001 0.2198266133290483 0.06562540209970491 0.004427988082202905
1536 1000 1248 1392 2304 2304 1392 656 1536 656 1248 1708 1664 2769|0.001 0.033157818554465646 0.16614678985491294 0.04451534681330749
897 1000 897 718 472 472 718 1655 1103 1655 1103 1343 1196 1101|0.001 0.1108746678741146 0.015488092230404593 -0.008568171816600856
801 1231 801 1115 1115 1846 1846 1000 526 1231 526 1368 1498 1333|0.001 0.1367333500746204 0.05446376110105344 -0.020733230400183933
2304 656 1392 1248 1536 1536 1248 1000 2304 656 1392 1664 1708 2769|0.001 0.09459686126390032 0.18947392642417737 -0.0029808742862136306
2121 1523 3510 2340 1901 1901 2340 1000 2121 1523 3510 2535 2334 2848|0.001 0.09062217883442525 -0.002081847550173821 -0.01309297792544517
427 812 427 1500 1500 906 906 1000 651 812 651 998 1803 1083|0.001 0.021718532804837487 0.1040083274168313 0.007219376917408926
667 1000 667 285 434 434 285 604 542 604 542 1202 722 741|0.001 0.02395927940289644 0.11830207667146375 -0.009324516784311454
1901 1000 2340 3510 2121 2121 3510 1523 1901 1523 2340 2334 2535 2848|0.001 0.05725979747075671 0.0556192691400037 -0.03066206063270016
434 604 285 667 667 542 542 1000 434 604 285 722 1202 741|0.001 0.07258411009399168 0.015317304726678582 -0.01368924823876072
1500 1000 1500 427 427 651 651 812 906 812 906 1803 998 1083|0.001 0.0998741971987327 0.05859407327380106 -0.008442970439459518
1392 656 2304 1536 1248 1248 1536 1000 1392 656 2304 2253 1708 1870|0.001 0.03959073517906253 0.05919015494709301 0.01446985626503805
667 1000 667 434 285 285 434 604 542 604 542 1202 978 665|0.001 0.05952137553275394 0.07195203736130473 -0.0007267762485752005
651 812 651 1500 1500 906 906 1000 427 812 427 1112 1803 1467|0.001 -0.021125248035217536 0.11555513553206387 0.007540913268595517
1248 1000 1536 2304 1392 1392 2304 656 1248 656 1536 1708 2253 1870|0.001 0.15678200614468008 -0.023412878316904084 -0.07933631392714635
285 604 434 667 667 542 542 1000 285 604 434 978 1202 665|0.001 0.05428525637319881 0.05476484554293615 -0.020283387692746624
1500 1000 1500 651 651 427 427 812 906 812 906 1803 1112 1467|0.001 0.11260085169416678 0.008260719746382428 -0.022212946059759764
3667 1000 3667 1362 1860 1860 1362 3750 2500 3750 2500 3801 2791 3553|0.001 0.38108088242596594 0.07332323632516458 0.02304145249843792
2754 1366 734 2693 1836 1836 2693 1000 2754 1366 734 2050 2438 3310|0.001 0.08612589892221134 0.5244675920904651 -0.01122411194233619
273 1000 273 507 507 371 371 682 1023 682 1023 1037 969 611|0.001 0.018329382616639744 0.04831728425732873 -0.0008258323748933094
1362 3750 1860 3667 3667 2500 2500 1000 1362 3750 1860 2241 3801 3320|0.001 0.4404909366875498 0.09045138643547723 0.002572224612655827
3667 1000 3667 1860 1362 1362 1860 3750 2500 3750 2500 3801 2241 3320|0.001 0.18390680537211823 0.10073893699492853 -0.0051879249100938996
2016 732 538 1972 1344 1344 1972 1000 2016 732 538 1205 1911 2424|0.001 0.06843413170240842 0.3888883152961209 -0.01972208062747227
273 1000 273 371 371 507 507 682 1023 682 1023 1037 905 761|0.001 0.02630890156058996 0.043129799588754736 0.0009244242741202058
1860 3750 1362 3667 3667 2500 2500 1000 1860 3750 1362 2791 3801 3553|0.001 0.42895800683681484 0.052765163506354185 0.0031784253146538433
2693 1000 1836 2754 734 734 2754 1366 2693 1366 1836 2438 1646 2791|0.001 0.07083880245352336 0.17667721998046337 -0.05102585249776026
496 267 363 667 667 978 978 1000 496 267 363 598 1202 948|0.001 0.072682424803161 -0.03276440191515406 -0.06933398168506688
1500 1000 1500 545 545 744 744 1467 400 1467 400 1803 1328 896|0.001 0.049760506379434855 0.07518743321987875 -0.0009200627274719153
538 732 2016 1344 1972 1972 1344 1000 538 732 2016 1501 1911 2044|0.001 -0.03171827684717354 0.0716113731375656 0.05485421538032442
744 1467 744 1500 1500 400 400 1000 545 1467 545 1421 1803 1117|0.001 0.15702647730374997 0.09360279884693234 0.002101989064733356
667 1000 667 496 363 363 496 267 978 267 978 1202 744 885|0.001 0.014627583452291315 0.022679214440852746 -0.002864494336602963
1972 1000 1344 2016 538 538 2016 732 1972 732 1344 1911 1501 2044|0.001 0.09071551383374343 0.14539769816805714 -0.06566702033530492
1500 1000 1500 744 744 545 545 1467 400 1467 400 1803 1421 1117|0.001 0.0961097017190804 0.10589190144311811 -0.010598219000101938
363 267 496 667 667 978 978 1000 363 267 496 744 1202 885|0.001 0.0714292980442699 -0.03246591457589321 -0.06861766340459652
734 1366 2754 1836 2693 2693 1836 1000 734 1366 2754 1646 2438 2791|0.001 -0.03267029488543072 0.07194195905613654 0.05332284606976767
545 1467 545 1500 1500 400 400 1000 744 1467 744 1328 1803 896|0.001 0.16311560431841787 0.06681260653226495 0.007171548993365473
667 1000 667 363 496 496 363 267 978 267 978 1202 598 948|0.001 0.012251241999281515 0.03352103437502585 -0.0004808948130585744
1104 533 1000 1299 693 370 693 817 1060 436 817 1133 1510 1258|0.001 -0.022787295345032543 0.10862594712505169 -0.01899005115601926
629 533 770 770 629 816 849 533 335 284 411 1162 1162 546|0.001 0.002694742930606786 0.06679317485676517 -0.006413152498471186
693 817 1299 1000 533 436 817 1104 370 1060 693 1510 1133 805|0.001 0.07831073655769405 0.023945576861124085 -0.03258946479463121
483 906 906 628 335 628 1177 960 395 740 740 1282 1140 527|0.001 0.07255432380077975 0.016714085964519843 -0.04562027613092878
1530 533 1593 1443 1179 629 770 1875 1179 1000 1443 1815 1573 2041|0.001 0.04804633671737557 0.07846762276825903 0.009478184535434142
1299 817 693 1104 1000 817 1060 533 693 436 370 1090 1414 1510|0.001 0.06011294441073067 0.08735421847196445 -0.0062807279825582985
628 960 335 483 906 740 395 906 1177 740 628 1022 1027 987|0.001 0.07865498705474927 0.21971240071492204 0.08413718702502848
1179 1875 1443 2987 2868 2211 2706 1875 2211 3516 2706 1573 3051 1919|0.001 0.41027716556624627 0.10521695756797955 0.022504012329482848
1000 1104 533 693 1299 693 370 817 817 1060 436 1414 1090 1510|0.001 0.08147704774438269 0.2149697607423895 0.04544037735446427
693 817 1299 1875 2069 1987 1532 1875 1299 1532 2436 1510 2652 2114|0.001 0.10771847203491669 -0.003961955894810076 -0.006969035759994968
1179 1875 1443 770 629 1179 1443 533 1530 1000 1593 1573 1162 2041|0.001 0.06226041801803861 0.05730718469608265 0.010899765307152975
770 533 629 629 770 411 335 533 849 284 816 839 839 872|0.001 0.024594688519030683 0.03844757257740028 -0.009098825406166355
848 1224 1590 1000 1297 1351 1224 533 452 653 848 1334 868 1380|0.001 0.017230289894532014 0.042564513733047704 0.01778578202373593
533 1297 1000 1590 848 452 848 1224 653 1351 1224 868 1334 711|0.001 0.05291708696907316 0.0417630518901535 -0.01435891958166513
1443 1875 1179 1530 1593 1443 1179 533 770 1000 629 2179 1627 2041|0.001 0.15004160664517707 0.02858729895040879 0.006451918426448877
349 1041 654 771 411 503 944 771 654 944 1226 1064 1334 760|0.001 0.0663965981935477 -0.01569271944591999 -0.04126097692840891
1000 533 1297 848 1590 848 452 1224 1224 653 1351 1731 1848 1334|0.001 -0.03525015466336101 0.11253514390908492 0.008122877571663523
2987 1875 2868 1179 1443 2706 2211 1875 2706 3516 2211 3404 2179 3067|0.001 0.36275681384095426 0.025072361172520097 -0.1208483474044908
1590 1224 848 2432 1875 2295 2533 1875 2981 2295 1590 1848 1627 3465|0.001 0.06266662606085882 0.2021567547495251 -0.005396755783055873
770 533 629 1179 1443 1593 1530 1875 1443 1000 1179 839 2179 2041|0.001 0.025724058876550604 0.07074323314095965 -0.010382617428258412
1590 1224 848 533 1000 1224 653 1297 848 1351 452 1848 1731 1334|0.001 0.07568098221993891 0.15261391601153473 0.1379978473781751
2432 1875 1875 1590 848 1590 2981 1224 2533 2295 2295 3246 1334 2886|0.001 0.19766792443790537 0.025602524502006396 -0.08341824125549069
354 500 354 433 433 81 81 500 214 406 214 791 829 422|0.001 -0.006418216104239205 0.08824484411423583 0.004012386905480891
1155 1000 2309 816 493 493 816 188 938 188 1155 1915 976 1152|0.001 0.011702451462602959 0.024442410834435435 -0.0038728478520844156
1414 1000 2828 1225 230 230 1225 604 1149 604 1414 2236 1195 1295|0.001 0.11201577049027023 0.021611106666747926 -0.09453951889263235
433 500 433 354 354 214 214 500 81 406 81 829 791 422|0.001 0.01562754422275381 0.07864672056621558 -0.028479823655017666
1225 604 230 1414 2828 1414 1149 1000 1225 604 230 707 2236 2345|0.001 0.07028497043849002 0.8310506251934235 0.04340726166521813
5004 1000 6158 4355 2632 2632 4355 5333 6158 5333 12317 5640 3079 6143|0.001 0.36014529868192424 0.009759078906939056 -0.003201617341981322
162 812 162 707 707 427 427 2000 866 1000 866 916 1581 500|0.001 0.04008309652559827 0.056753113006366984 -0.00010453154100531492
2632 5333 4355 6158 5004 6158 12317 1000 2632 5333 4355 3079 5640 6143|0.001 0.7212600880162023 0.03197331057187558 -0.15448409339928526
866 2000 866 427 427 707 707 812 162 1000 162 1658 998 500|0.001 0.09855385196555932 0.07786562226473892 0.018805942621060723
1901 1000 2340 2027 380 380 2027 1655 2340 1655 4680 2334 1170 2143|0.001 0.09411421223493477 -0.02035202530641156 -0.07829386372825042
2309 1000 1155 493 816 816 493 188 1155 188 938 1915 577 1826|0.001 0.03095080230209657 0.16321746522101055 -0.018017085060481053
427 812 427 866 866 162 162 2000 707 1000 707 998 1658 500|0.001 0.038990295907261885 0.10603744264019221 0.0009280356020546776
4355 5333 2632 5004 6158 12317 6158 1000 4355 5333 2632 5203 5640 9737|0.001 0.7447705983714004 0.12179425903935392 0.196544296161707
200 1231 200 526 526 870 870 1231 1066 2462 1066 1127 1228 1040|0.001 0.1882885012621549 0.01944187696943489 -0.005765793814686004
6158 1000 5004 2632 4355 4355 2632 5333 12317 5333 6158 5640 5203 9737|0.001 0.13824131419550634 0.1562594782100324 -0.011169813841829246
2027 1655 380 1901 2340 4680 2340 1000 2027 1655 380 1977 2334 3881|0.001 0.07299718738771999 0.6202221059597157 0.004108827806459381
1000 1000 1000 891 891 891 891 2000 2000 2000 2000 1414 1671 1671|0.001 0.13500068843948387 0.1655454101231335 0.03414511941065568
2245 1000 1123 1123 2245 2245 1123 1000 2245 1000 1123 1876 1876 3175|0.001 0.09102763478572307 0.1904290787653573 0.07573563978209741
891 2000 891 1000 1000 2000 2000 1000 891 2000 891 1671 1414 1671|0.001 0.21076833119955118 0.09006459718442938 -0.026353526801611293
1000 1000 1000 891 891 891 891 2000 2000 2000 2000 1414 1671 1671|0.001 0.0741539859154372 0.21169144930585526 0.04953713369986179
2245 1000 1123 1123 2245 2245 1123 1000 2245 1000 1123 1876 1876 3175|0.001 0.04666041978282687 0.2089700810965378 0.1272120776493213
891 2000 891 1000 1000 2000 2000 1000 891 2000 891 1671 1414 1671|0.001 0.2206908222809001 0.05432229598880012 -0.07579986909535985
1000 1000 1000 891 891 891 891 2000 2000 2000 2000 1414 1671 1671|0.001 0.16552871519772472 0.04476661191454845 -0.0194476220168871
891 2000 891 1000 1000 2000 2000 1000 891 2000 891 1671 1414 1671|0.001 0.21118432654833041 0.05011174435966881 0.039241692669145234
2245 1000 1123 1123 2245 2245 1123 1000 2245 1000 1123 1876 1876 3175|0.001 0.0506204023574508 0.22964334839129963 0.04794546552193024
1000 1000 1000 891 891 891 891 2000 2000 2000 2000 1414 1671 1671|0.001 0.07510974684816762 0.1717974299402747 0.039745066811598395
891 2000 891 1000 1000 2000 2000 1000 891 2000 891 1671 1414 1671|0.001 0.1899704025721416 0.0715379397123761 -0.009979033908764645
2245 1000 1123 1123 2245 2245 1123 1000 2245 1000 1123 1876 1876 3175|0.001 0.06744483182584249 0.15034669099848186 0.0697792114166762
1123 1000 2245 2245 1123 1123 2245 1000 1123 1000 2245 1876 1876 1588|0.001 0.06822861363168453 0.017758863456509566 -0.02937518129646377
445 500 445 1000 1000 500 500 1000 445 500 445 836 1414 836|0.001 0.009080003829013972 0.0679572544048268 0.0041668101212311015
1000 1000 1000 445 445 445 445 500 500 500 500 1414 836 836|0.001 0.051161788690701204 0.032872620327202284 -0.008441896889278544
1123 1000 2245 2245 1123 1123 2245 1000 1123 1000 2245 1876 1876 1588|0.001 0.05254201903829081 0.03220959447869598 -0.02205876994493261
445 500 445 1000 1000 500 500 1000 445 500 445 836 1414 836|0.001 0.009253925230265914 0.07935919838209182 0.00781034002657055
1000 1000 1000 445 445 445 445 500 500 500 500 1414 836 836|0.001 0.033219744338257584 0.057302913263554967 -0.011164649604007426
1123 1000 2245 2245 1123 1123 2245 1000 1123 1000 2245 1876 1876 1588|0.001 0.09946790389306015 -0.012216795344193176 -0.04024582941315247
1000 1000 1000 445 445 445 445 500 500 500 500 1414 836 836|0.001 0.10361977079091922 0.03881873230654698 -0.05268045060106252
445 500 445 1000 1000 500 500 1000 445 500 445 836 1414 836|0.001 0.0024349600709383523 0.0781231522984216 0.012010017901487036
1123 1000 2245 2245 1123 1123 2245 1000 1123 1000 2245 1876 1876 1588|0.001 0.05543517861320346 0.02511000822067677 -0.029643468682057916
445 500 445 1000 1000 500 500 1000 445 500 445 836 1414 836|0.001 -0.0043251691258539005 0.09122471936810372 -0.0005632891037221643
1000 1000 1000 445 445 445 445 500 500 500 500 1414 836 836|0.001 0.10745495478990286 0.032449160509795405 -0.04725652197427155
566 600 693 566 566 521 342 200 106 125 130 1149 721 625|0.001 -0.012944229644508143 0.07329083926119306 -0.010351849148859671
962 816 1540 4355 2632 4009 4355 5333 4619 4355 7698 1743 3079 4788|0.001 0.2051544463211652 0.007575287685122056 0.0017127074055167668
1225 604 230 354 1768 1061 221 1000 1000 921 187 707 1275 2031|0.001 0.05188646341666159 0.8086005709983879 0.1478678481023432
650 625 530 2828 2828 1709 2604 5000 3464 3000 2828 820 3606 2000|0.001 0.2820757066663804 -0.01909489419476218 -0.007855484075680597
4910 5333 5333 1886 1179 5657 9428 1225 3223 6532 5333 5333 1546 3667|0.001 0.835736465885164 0.059855748136594666 -0.24662262318938422
1061 1225 1768 1000 921 604 1000 187 221 230 354 1458 1106 1100|0.001 -0.0031787693091256397 0.046438355800968445 0.013835840518092724
1443 816 866 493 816 816 752 188 289 153 180 1190 577 1041|0.001 -0.012128611635311426 0.07998580528648658 0.024170206935179017
849 1600 1039 2735 4167 4525 4525 4800 4525 8000 5543 1311 4976 5004|0.001 0.744652500137648 0.22574253452675608 0.02727159520452549
1886 1225 1179 4910 5333 5333 3223 5333 9428 6532 5657 2134 5897 6799|0.001 0.15555919438620114 0.18164057648805576 -0.010787818391969628
1155 1667 943 868 570 943 943 208 217 333 177 1915 1037 667|0.001 0.03354984845715503 0.06955017744392 0.03532787345613242
1000 1000 1000 693 87 87 693 817 900 817 200 1414 1052 953|0.001 0.08125153624216841 0.14890708685992626 -0.07540180240949712
693 200 693 1000 1000 817 817 1000 87 900 87 825 1414 1052|0.001 0.037358839620071915 0.05455592000342735 0.011277986743618573
10392 1000 11547 11547 9434 9434 11547 8000 2309 8000 11547 11000 9522 10630|0.001 0.575191928783465 0.05077005016981273 0.03356394593202028
3464 5000 3464 4085 4085 5000 5000 4500 433 5000 433 4123 4603 4123|0.001 0.6626230843048653 0.11319123304821321 -0.018542108473122987
4085 4500 4085 3464 3464 433 433 5000 5000 5000 5000 4603 4123 4123|0.001 0.7592447434182525 0.09340110198674534 -0.0009466399220203758
11547 8000 9434 10392 11547 11547 2309 1000 11547 8000 9434 12152 11000 16330|0.001 1.0257646734644443 0.10177480159929253 0.0625941729202606
11547 1000 10392 9434 11547 11547 9434 8000 11547 8000 2309 11000 12152 16330|0.001 0.36268771944649947 0.1961788852969093 0.005925790649405904
848 1224 106 1102 245 1224 1224 1000 848 1224 106 1288 1127 1009|0.001 0.08374590686613503 0.9019930207655968 -0.024160580805795417
785 881 418 734 2754 1664 153 1366 1195 948 637 922 2050 1989|0.001 -0.007880859618510927 0.284021970335 0.1147015999375478
1860 3750 1362 570 868 1628 1068 208 1291 2266 1200 2791 648 1014|0.001 0.2979408303337294 0.07213799503818619 0.02205768009327924
4167 4800 2735 5761 6194 8926 6536 10875 7812 18000 5128 4976 7055 12627|0.001 1.4963859097227417 0.09966261829830403 0.002076763295126849
1888 1075 174 475 890 1356 723 1135 3125 1549 833 1225 1428 3055|0.001 0.10940817287088178 2.0146603233287497 0.06937917928345749
1152 656 240 1487 2142 1569 1383 1875 4320 1231 2610 747 3031 2581|0.001 0.1321623312248743 0.8358425060428631 0.0024214348710538403
5761 10875 6194 4167 2735 5128 7812 4800 6536 18000 8926 6598 3111 8224|0.001 2.3832311767353143 0.06236550731718804 0.020809858869947906
570 208 868 1860 1362 1200 1291 3750 1068 2266 1628 1037 2241 1255|0.001 0.18235666177441212 0.02828337848607365 -0.01573812414369047
1487 1875 2142 1152 240 2610 4320 656 1383 1231 1569 1169 1194 1584|0.001 0.2866874453602608 -0.01002394966212461 -0.36008543000999427
2016 732 538 467 875 574 306 694 1218 645 112 1205 546 1972|0.001 0.10083364985152832 0.3501351762967042 0.11759495840243384
1123 533 1275 3510 2121 195 936 1523 1208 812 1741 1604 2535 1287|0.001 -0.00583772682956285 0.10497343004292947 -0.01718446105190674
475 1135 890 1888 174 833 3125 1075 723 1549 1356 1046 1145 864|0.001 0.10028428293954672 -0.018659957506668157 -0.11584718653043002
3510 1523 2121 1123 1275 1741 1208 533 936 812 195 3432 1175 2097|0.001 -0.030726373399974083 0.1631125195750438 0.0636532658463973
472 1655 718 570 530 601 821 92 251 441 383 1196 649 554|0.001 0.04178823346999483 0.028625511484821065 0.00854117218585193
1143 533 793 1392 2304 614 128 656 837 350 737 623 1664 1715|0.001 -0.018286560180016398 0.10021902392789661 0.012681009453687775
467 694 875 2016 538 112 1218 732 306 645 574 1415 1501 557|0.001 0.10591845928174859 -0.006496462790808177 -0.05786927186521962
1392 656 2304 1143 793 737 837 533 128 350 614 2253 1616 903|0.001 0.02144401650136185 0.044202711138121575 0.0038441339099670735
1875 1000 1875 1299 693 693 1299 817 1075 817 375 2125 1510 1580|0.001 0.06547770335770364 0.1140883647724733 -0.028023486257579
629 533 770 1443 289 828 1443 1000 629 533 770 1162 1190 797|0.001 0.04301749501197438 0.03790354810609742 -0.053157990127266075
693 200 693 533 533 436 436 1000 370 573 370 825 1133 805|0.001 0.03967803174488527 0.032310416992684665 -0.00470172296735738
1552 1000 2706 1443 1179 1179 1443 1875 541 1875 2706 2280 1573 1493|0.001 0.061627811145268385 0.0389246360896367 0.024762860924849583
1299 817 693 1875 1875 375 1075 1000 1299 817 693 1090 2125 1546|0.001 0.11763407764277423 0.23108927724995176 -0.03972970564656508
1875 1000 1875 693 1299 1299 693 817 375 817 1075 2125 1090 1546|0.001 0.027963719823156374 0.07407944519234766 0.11474973385844356
370 573 370 533 533 436 436 1000 693 200 693 843 1133 581|0.001 0.019398141932933655 0.012583756846300531 -0.006678483637594379
1179 1875 1443 2706 1552 541 2706 1000 1179 1875 1443 1573 2280 1493|0.001 0.21730462656019522 0.08336512656072381 -0.06700819662272428
533 1000 533 693 693 370 370 200 436 573 436 1133 825 805|0.001 0.029199436859534966 0.07445385498822787 0.005146939673092987
693 817 1299 1875 1875 1075 375 1000 693 817 1299 1510 2125 1580|0.001 0.0365667915234269 0.05294809828989111 0.03580048443599937
289 1000 1443 770 629 629 770 533 828 533 1443 1190 1162 797|0.001 0.006648130936754981 0.019441318282040765 0.006970067856197915
1443 1000 289 629 770 770 629 533 1443 533 828 1190 839 1636|0.001 0.03093694544089809 0.4572443701103235 0.014638918746441298
2179 2867 2179 3464 3464 1848 1848 5000 2667 5000 2667 2759 4123 2906|0.001 0.6643106993518466 0.04662627247106199 -0.017830058309030727
1443 1875 1179 1552 2706 2706 541 1000 1443 1875 1179 2179 2280 3067|0.001 0.14213015371338011 0.1616244602714656 0.14516616811749206
644 1744 644 760 760 930 930 349 1208 1744 1208 1470 963 1405|0.001 0.12442212981875533 0.09818554625146803 0.0027506476368888144
2706 1000 1552 1179 1443 1443 1179 1875 2706 1875 541 2280 2179 3067|0.001 0.03537282385347007 0.2538562982019288 0.005605999720186272
760 349 760 644 644 1208 1208 1744 930 1744 930 963 1470 1405|0.001 0.13404230914921822 0.02213275485116739 -0.07041942347419283
1590 1224 848 1316 459 2295 2295 1000 1590 1224 848 1848 1266 1892|0.001 0.12586458757589014 0.19407210876378977 -0.07257689721380745
3464 5000 3464 2179 2179 2667 2667 2867 1848 5000 1848 4123 2759 2906|0.001 0.6482049368746279 0.031452161618792385 -0.024489587459083362
1316 1000 459 1590 848 848 1590 1224 2295 1224 2295 1266 1334 1934|0.001 0.09704895367539379 0.056986452341110105 -0.0602528524534407
1316 1000 459 1875 2432 2432 1875 1875 5049 1875 3442 1266 3246 3544|0.001 0.12035131803284749 0.2587173566313261 -0.009841574042027679
4085 7500 4085 2179 2179 4085 4085 2867 5299 11000 5299 4918 2759 7071|0.001 1.168889144552565 0.04455780264502662 -0.02226919540487371
760 349 760 1849 1849 1425 1425 3837 1425 2616 1425 963 2693 1237|0.001 0.19980748816274652 0.0298426418081843 0.0008475321723477869
2076 1000 541 411 771 771 411 771 1415 771 189 1457 669 1879|0.001 0.01938959267845819 0.33268703050963744 0.08182342477119908
459 1000 1316 2432 1875 1875 2432 1875 3442 1875 5049 1266 1627 2257|0.001 0.10041860093459754 -0.09206615552826314 -0.013268232147237713
1849 3837 1849 760 760 1425 1425 349 1425 2616 1425 2693 963 1237|0.001 0.39307756308010866 0.12135286246738097 0.05555111765218168
2179 2867 2179 4085 4085 5299 5299 7500 4085 11000 4085 2759 4918 7071|0.001 1.213781438134347 0.06310084690966278 0.0017527677581186119
1836 1000 245 533 1000 1000 533 1297 2693 1297 702 1204 1731 2438|0.001 0.08846846675421238 1.1285230809732072 0.0813398626454398
1297 533 1000 1836 2693 702 245 1000 1297 533 1000 868 2438 1890|0.001 -0.010938207850773596 0.08592876639184732 0.01221158887472873
545 1467 545 545 545 707 707 133 290 382 290 1328 656 473|0.001 0.07887094738961986 0.0103358026147915 -0.023404273043292623
411 771 771 2076 541 189 1415 1000 411 771 771 1334 1457 521|0.001 0.10991143962542305 -0.0118209991999918 -0.06490458789356057
1836 1000 2693 1297 1000 1000 1297 533 245 533 702 2438 1731 1204|0.001 0.04189142545806934 0.04568928628554181 0.007787673417345431
371 682 371 482 482 371 371 261 198 91 198 905 702 643|0.001 -0.021882688168134434 0.05223152350961602 0.013604466568839513
1000 533 1297 2693 1836 245 702 1000 1000 533 1297 1731 2438 1204|0.001 0.012798883009756956 0.0893640212947977 -0.017312536525212474
533 1297 1000 1836 245 702 2693 1000 533 1297 1000 868 1204 675|0.001 0.08841281322744754 0.001189262238052713 -0.09340053362326461
2693 1000 1836 1000 1297 1297 1000 533 702 533 245 2438 868 1890|0.001 0.05514476950313041 0.10609989997555802 0.012768665747071584
696 533 943 1225 230 122 653 604 679 322 770 1373 1195 734|0.001 0.0043698530813451875 0.08328475513373235 -0.036847575096158325
493 188 816 770 629 554 568 533 263 100 435 976 1162 791|0.001 0.022618457516236923 0.0031750934493568472 -0.017610035455694062
693 817 1299 1061 566 342 641 738 130 720 244 1510 1456 676|0.001 0.09572233344704362 0.03659097844991299 -0.03968102076422064
2956 533 3031 4355 2632 1404 2322 5333 3354 2844 4106 3198 3079 3093|0.001 0.278898219171837 0.06567352313768593 0.0022534865023038364
1225 604 230 696 943 770 679 533 653 322 122 707 745 1424|0.001 0.0032334941382372584 0.5514553026224056 0.03973379495066487
2632 5333 4355 5683 5543 6289 7698 1875 4934 10000 8165 3079 5551 7914|0.001 0.5275088327419208 0.0029065338338529756 -0.014563855926058578
1061 738 566 693 1299 244 130 817 641 720 342 791 1090 1267|0.001 0.04866034683540965 0.23291005923365082 0.025191509147513003
230 604 1225 1768 1305 1273 1444 1875 431 1133 2296 1195 1398 1275|0.001 0.015914570939392636 0.03712687575223805 0.021828060235209445
418 881 785 1590 848 159 298 1224 692 904 1298 1258 1334 490|0.001 0.08062847169047593 0.008041269835898923 -0.005715707038836948
4355 5333 2632 2956 3031 4106 3354 533 2322 2844 1404 5203 2960 3246|0.001 0.4600569682528799 0.08060491240250878 0.04376846491395581
5683 1875 5543 2632 4355 8165 4934 5333 7698 10000 6289 5997 5203 11208|0.001 0.9592794976923646 0.06354343646300054 -0.038132762228181294
2027 1655 380 2106 2390 2925 2159 1875 3800 3103 712 1977 3007 4417|0.001 0.16403420912389777 0.8553213469495069 -0.043478400570917675
1590 1224 848 418 785 1298 692 881 298 904 159 1848 922 918|0.001 0.03482323994788539 0.11069871149115063 0.08183908683748964
2106 1875 2390 2027 380 712 3800 1655 2159 3103 2925 2203 1170 2279|0.001 0.24618975609074223 0.09842059034407491 -0.1332496765748159
3000 1000 3000 693 1299 1299 693 817 1500 817 2200 3162 1090 2487|0.001 0.020284264818701825 0.10865503218218553 0.07283562592584669
1179 1875 1443 4330 3175 2165 4330 1000 1179 1875 1443 1573 3841 2875|0.001 0.24083118385032298 0.08316905410618691 -0.05667982098164104
231 733 231 333 333 272 272 1000 433 500 433 887 1054 363|0.001 0.03816767450155245 0.05860971336926424 -0.009675373305833013
333 1000 333 433 433 231 231 500 272 733 272 1054 829 503|0.001 0.026228610795437923 0.1260072653409705 0.012183658458075897
1155 1000 2309 770 629 629 770 533 1694 533 2309 1915 1162 1533|0.001 0.03659204818769801 0.012652985290766416 -0.002707762358132859
693 817 1299 3000 3000 2200 1500 1000 693 817 1299 1510 3162 2661|0.001 0.003581434692421226 0.05377411249071207 0.027390794732469192
3000 1000 3000 1299 693 693 1299 817 2200 817 1500 3162 1510 2661|0.001 0.05481544931998261 0.12915278940553776 -0.03380185872271957
433 500 433 333 333 272 272 1000 231 733 231 829 1054 503|0.001 0.022328685728054687 0.0580773201210083 -0.014333063462157458
629 533 770 2309 1155 1694 2309 1000 629 533 770 1162 1915 1533|0.001 0.02019333479617691 0.044836807511134946 -0.029768720782978875
333 1000 333 231 231 433 433 733 272 500 272 1054 887 363|0.001 0.08215903391167956 0.04247876230459413 -0.06248614871183
1299 817 693 3000 3000 1500 2200 1000 1299 817 693 1090 3162 2487|0.001 0.054194948021755174 0.21580000936313626 -0.0009994875776331291
3175 1000 4330 1443 1179 1179 1443 1875 2165 1875 4330 3841 1573 2875|0.001 0.19908747313031716 0.005204285947379983 0.01835426020886821
4330 1000 3175 1179 1443 1443 1179 1875 4330 1875 2165 3841 2179 4564|0.001 0.0864935518937826 0.19641239814006672 0.00568207308753399
1590 1224 848 2693 1836 3672 3672 1000 1590 1224 848 1848 2438 3045|0.001 0.08880820292050062 0.13560317651854614 0.010055290072610301
371 682 371 315 315 590 590 1364 455 1364 455 905 1209 686|0.001 0.09270011335440698 0.019687046036374056 -0.07721414578681807
770 533 629 1155 2309 2309 1694 1000 770 533 629 839 1915 2434|0.001 0.03750171698716942 0.06266517125287807 0.01996478897197118
866 2000 866 545 545 667 667 1467 462 2000 462 1658 1328 726|0.001 0.25878441858003143 0.04309056195952232 0.0028679582594248743
2693 1000 1836 1590 848 848 1590 1224 3672 1224 3672 2438 1334 3257|0.001 0.15224547056305493 0.0003146289498467958 -0.09805792612383901
2309 1000 1155 629 770 770 629 533 2309 533 1694 1915 839 2434|0.001 0.044258775399599326 0.17637713455198156 -0.015194844406958286
545 1467 545 866 866 462 462 2000 667 2000 667 1328 1658 726|0.001 0.16481887581351495 0.05881640765055707 0.005391799181853063
848 1224 1590 1836 2693 3672 3672 1000 848 1224 1590 1334 2438 3257|0.001 0.056890612525462014 0.039499878457760484 0.04197094078592478
1443 1875 1179 3175 4330 4330 2165 1000 1443 1875 1179 2179 3841 4564|0.001 0.12352853592290325 0.08368006166557196 0.004539075607368215
315 1364 315 371 371 455 455 682 590 1364 590 1209 905 686|0.001 0.15695240938770283 0.08188309341379929 0.009691155812459051
1836 1000 2693 848 1590 1590 848 1224 3672 1224 3672 2438 1848 3045|0.001 0.03738510088068692 0.12180977984808328 0.10065230416858917
15000 1000 15000 3691 3691 3691 3691 7500 15000 7500 15000 15033 4596 15447|0.001 0.802039457744097 0.051517795640909636 0.009286044577907493
2032 1000 271 4064 4064 4064 4064 1000 2032 1000 271 1245 4185 4543|0.001 0.05675305489143856 0.7746980035355922 0.007741754427239567
3691 7500 3691 15000 15000 15000 15000 1000 3691 7500 3691 4596 15033 15447|0.001 0.9590762010252663 0.013520473057606619 -0.01607148163199068
15000 1000 15000 3691 3691 3691 3691 7500 15000 7500 15000 15033 4596 15447|0.001 0.6721769232145003 0.07550939999912964 0.011970810504615681
2032 1000 271 4064 4064 4064 4064 1000 2032 1000 271 1245 4185 4543|0.001 0.028693673425415067 0.8188714843274836 0.012392593147638742
3691 7500 3691 15000 15000 15000 15000 1000 3691 7500 3691 4596 15033 15447|0.001 0.7023477917669396 0.0031773516222144416 -0.019326209693262264
4064 1000 4064 2032 271 271 2032 1000 4064 1000 4064 4185 1245 4073|0.001 0.09892721209577848 0.07357765517452153 -0.08877429571810813
500 1000 500 246 246 246 246 1000 67 1000 67 1118 1030 306|0.001 0.0690939263854351 0.11577669922763656 -0.02583132848317793
246 1000 246 500 500 67 67 1000 246 1000 246 1030 1118 306|0.001 0.0827220087162428 0.09212828604236778 0.0005237052645234996
4064 1000 4064 2032 271 271 2032 1000 4064 1000 4064 4185 1245 4073|0.001 0.10490757137830764 0.07785849891398744 -0.09019401001201466
500 1000 500 246 246 246 246 1000 67 1000 67 1118 1030 306|0.001 0.11146244261377447 0.0786087511283684 -0.029873015330048602
246 1000 246 500 500 67 67 1000 246 1000 246 1030 1118 306|0.001 0.07709103130317141 0.08566506123453221 0.00345309408420702
167 1000 167 681 1319 1319 681 1875 1250 1875 1250 1014 2252 1396|0.001 0.1009374598973789 -0.03042520384261338 -0.012386397005162975
4085 7500 4085 6000 6000 11250 11250 1000 7914 7500 7914 4918 6083 13514|0.001 0.960296428307903 0.11914872613622451 -0.010279484709329045
6000 1000 6000 7914 7914 4085 4085 7500 11250 7500 11250 6083 8374 5629|0.001 0.718540576757043 0.0409647543377889 -0.010032911003390321
948 1000 126 758 1422 1422 758 516 948 516 126 1058 711 1709|0.001 0.014395525117323338 0.9281876243550302 0.02845818623052665
167 1000 167 1319 681 681 1319 1875 1250 1875 1250 1014 938 820|0.001 0.10183495681603372 0.0005527512221781272 -0.005674467221922219
7914 7500 7914 6000 6000 11250 11250 1000 4085 7500 4085 8374 6083 5629|0.001 0.9694724765666995 0.09383246301677639 -0.01926047703980971
6000 1000 6000 4085 4085 7914 7914 7500 11250 7500 11250 6083 4918 13514|0.001 0.6824895854105661 0.05513569461717438 0.013580458360515912
1836 1000 245 1469 2754 2754 1469 1937 1836 1937 245 1204 3308 3310|0.001 0.09407734733257511 1.0817779840576414 0.1533507265200118
703 533 363 667 667 89 89 1000 703 533 363 500 1202 744|0.001 -0.004291653459979061 0.09181462634862303 0.0034621273621238124
1500 1000 1500 545 545 1055 1055 133 800 133 800 1803 656 751|0.001 -0.005359458772006276 0.054426303554042654 0.011246182851250008
758 516 1422 948 126 126 948 1000 758 516 1422 1708 1058 769|0.001 0.09178430329952914 -0.0021768733768456894 -0.08240530968819049
667 1000 667 703 363 363 703 533 89 533 89 1202 1201 437|0.001 0.003760579886216142 0.06978119979772046 0.02420983428791823
1500 1000 1500 1055 1055 545 545 133 800 133 800 1803 1117 1802|0.001 -0.00801572638543857 0.05404731809106833 0.012389562957093592
363 533 703 667 667 89 89 1000 363 533 703 1201 1202 437|0.001 0.014282161184235864 0.08225819037961823 0.0030523436123996994
1469 1937 2754 1836 245 245 1836 1000 1469 1937 2754 1378 1204 1489|0.001 0.1010161042208968 -0.0016976132665647015 -0.08626650454914842
667 1000 667 363 703 703 363 533 89 533 89 1202 500 744|0.001 0.06854787885419711 0.030723155243237432 -0.0022968304737180922
2032 1000 271 176 330 269 144 975 1841 1049 169 1245 977 2050|0.001 0.010247999697829968 0.7418866830606108 0.012847856917332923
530 625 650 3691 3691 3872 3601 7500 994 6797 1218 1132 4596 4132|0.001 0.5333180036159368 0.06388901781629874 -0.009695283287683987
5581 816 6158 3031 2956 3179 3031 533 513 435 821 6212 3198 3386|0.001 0.04939185918302336 0.048163752951249084 -0.007583124829019239
176 975 330 2032 271 169 1841 1000 144 1049 269 1055 1245 307|0.001 0.0912539224216391 -0.002228095020228027 -0.07796322130574573
3893 533 3712 7542 6835 629 1006 1225 3621 653 3712 3569 6908 4434|0.001 0.0021725555498774973 0.09282633254068307 -0.0020164945307343807
3691 7500 3691 530 650 1218 994 625 3601 6797 3872 4596 820 3605|0.001 0.8333118595970834 0.06699953831170058 -0.01782138235923547
1540 816 962 5543 5683 5683 5961 1875 11547 1531 10464 1262 5997 7076|0.001 0.1006127332846396 0.06315927724550363 -0.005190524040717959
6194 10875 5761 1039 849 1591 1949 1600 5906 12000 5906 7055 1311 5678|0.001 1.8180794128750066 0.12692782353564303 0.0039511392246094346
3031 533 2956 5581 6158 821 513 816 3031 435 3179 2960 5640 3774|0.001 -0.0071220631911572685 0.09259946129314356 0.007448491293104986
146 1103 179 530 570 543 543 92 78 147 96 1011 607 608|0.001 0.0032813533303288622 0.05521409058003357 0.008739546677534182
7542 1225 6835 3893 3712 3712 3621 533 1006 653 629 7608 4156 4622|0.001 0.10716668676503671 0.07508270267765127 -0.0494531878479898
137 953 257 1756 161 258 1937 930 168 953 315 1067 1139 292|0.001 0.08805799365059874 0.00331127872588155 -0.08688453850454803
1039 1600 849 6194 5761 5906 5906 10875 1949 12000 1591 1811 6598 6232|0.001 0.6328834078229217 0.1856442001317915 0.03092426152516703
1756 930 161 137 257 315 168 953 1937 953 258 1065 917 1954|0.001 0.04569354640845846 1.0323649362154153 0.041408131730094055
13000 1000 13000 3691 3691 4085 4085 7500 11250 7500 11250 13038 4596 11840|0.001 0.4850625641102213 0.1121687484739109 0.021882299317479426
2032 1000 271 3522 3048 3048 3522 1107 2032 1107 271 1245 3208 3663|0.001 0.07356167230697652 0.9409055397170807 -0.0011690634868966043
3691 7500 3691 13000 13000 11250 11250 1000 4085 7500 4085 4596 13038 11840|0.001 0.9958118689875106 0.04468014215567084 -0.026028875427257514
13000 1000 13000 4085 4085 3691 3691 7500 11250 7500 11250 13038 4918 13514|0.001 0.4595048810184843 0.09662851279328644 -0.011269811120809825
1836 1000 245 3182 2754 2754 3182 904 1836 904 245 1204 3308 3310|0.001 0.003089878700139881 0.8427778470114755 0.028480501309540163
4085 7500 4085 13000 13000 11250 11250 1000 3691 7500 3691 4918 13038 13514|0.001 0.8964916401699385 0.057042027117339966 -0.024246887792548355
3522 1107 3048 2032 271 271 2032 1000 3522 1107 3048 3661 1245 3532|0.001 0.08049279357680739 0.11940447594237291 -0.07395075286777741
667 1000 667 328 363 363 328 1156 89 1156 89 1202 1201 437|0.001 0.12139268239884649 0.061364569780342215 -0.019872872677915154
363 1156 328 667 667 89 89 1000 363 1156 328 1201 1202 437|0.001 0.10434762893930749 0.10213519831643092 0.002133003807134326
3182 904 2754 1836 245 245 1836 1000 3182 904 2754 2898 1204 3192|0.001 0.10157562100269191 0.10398317887180042 -0.09081518370511521
667 1000 667 363 328 328 363 1156 89 1156 89 1202 1052 409|0.001 0.1682436001203147 0.05715134907224417 -0.02368707845560647
328 1156 363 667 667 89 89 1000 328 1156 363 1052 1202 409|0.001 0.10512602174727936 0.0897102370494407 0.0013201732921386267
1305 1875 1768 1000 187 352 1875 921 1369 1726 1972 1398 1106 1461|0.001 0.23790649735431213 0.05848274015469057 -0.16432011701326688
1061 1116 566 566 1061 977 521 738 199 774 106 1458 791 1173|0.001 0.01069821190400333 0.21380984255156887 0.009342171914705766
7300 1875 6960 5333 4910 9207 10000 5333 10520 10000 9428 7792 5333 14881|0.001 1.0211982401008246 0.08261926286720067 0.05556124243164984
1000 921 187 1305 1768 1972 1369 1875 1875 1726 352 1000 2574 2577|0.001 0.08234106904443816 0.875774199241599 0.018341183338415057
4910 5333 5333 3712 3893 5611 5028 533 2619 2844 2844 5333 3569 3061|0.001 0.52130591859892 0.09051623741453296 -0.006617794248170439
566 738 1061 1061 566 106 199 1116 521 774 977 1456 1149 625|0.001 0.08292369536896604 0.016727930257054435 -0.005778192005611027
204 1086 1086 2142 1487 1417 1920 1875 382 2037 2037 1086 1169 1363|0.001 0.014222433733344086 0.03814996439761131 0.020967294635190203
875 694 467 507 951 178 95 896 951 662 507 546 1030 951|0.001 0.07104428771596227 0.2592682658158174 0.010043130160013458
5333 5333 4910 7300 6960 9428 10520 1875 10000 10000 9207 5897 6692 13728|0.001 1.2285388968971334 0.1146681582659892 0.03172886146692422
3712 533 3893 4910 5333 2844 2619 5333 5028 2844 5611 4156 5897 3975|0.001 0.19528676789370758 0.0838336505652193 0.007803730651128049
1086 1086 204 793 1143 1024 756 533 579 579 109 1201 623 1493|0.001 0.06630510913560705 0.49557479009041394 -0.006829973546879087
1000 188 921 1052 943 696 730 533 533 100 491 1000 1374 1373|0.001 0.019068032493987364 0.007072958321800993 -0.018754484331531263
507 896 951 875 467 507 951 694 95 662 178 1306 1415 507|0.001 0.11226384681881196 0.03933202605739483 -0.06311858985460717
793 533 1143 1086 204 109 579 1086 756 579 1024 1616 1086 846|0.001 -0.0016985039803540936 0.0938793934332871 -0.036212758379668974
696 533 943 1000 188 100 533 921 645 491 696 1373 1106 762|0.001 0.02076465359770685 0.07317172621037926 -0.04718796299665318
921 188 1000 943 696 645 696 533 491 100 533 1106 1373 1007|0.001 0.015215109362312074 0.010119625529154685 -0.019015681865774958
566 738 1061 1061 566 521 977 738 106 684 199 1456 1456 625|0.001 0.06872674138425516 0.048229790653568916 -0.04610465116502649
3441 533 3712 5333 4910 2619 2844 5333 3712 2844 5028 4066 5333 4742|0.001 0.28611065051900253 0.06571255434036694 0.0057059798103975545
1000 921 188 696 943 696 645 533 533 491 100 1000 745 1373|0.001 0.04081838328763743 0.4570726724711771 -0.015082117659661609
4910 5333 5333 6960 6452 6960 9428 1875 9207 10000 10000 5333 5976 10072|0.001 1.0888487692350624 -0.013613998605769284 -0.04858717900566245
1061 738 566 566 1061 199 106 738 977 684 521 791 791 1173|0.001 0.08122035807269778 0.2197649835672144 0.020685800518176478
187 921 1000 1768 1305 1210 1305 1875 352 1726 1875 1106 1398 1120|0.001 0.007706772328506251 0.03776557148769788 0.013946948827823213
705 927 1323 1437 766 144 269 1355 766 1000 1437 1447 1071 766|0.001 0.07800403295233904 0.021145146335048715 -0.006213531254471993
5333 5333 4910 3441 3712 5028 3712 533 2844 2844 2619 5897 3187 3975|0.001 0.4987221610477355 0.06646571456419892 -0.007986495465659438
6960 1875 6452 4910 5333 10000 9207 5333 9428 10000 6960 7623 5897 13728|0.001 0.8406791413365511 0.05416994290698307 -0.0011409189389377516
1086 1086 204 1314 1417 1920 1417 1875 2037 2037 382 1201 2051 2796|0.001 0.15480001384273523 0.9864912232569223 0.0008654688625098217
1437 1355 766 705 1323 1437 766 927 269 1000 144 1972 1277 1437|0.001 0.06604890330334179 0.2041234838948558 0.03033614734723189
1314 1875 1417 1086 204 382 2037 1086 1417 2037 1920 1811 1086 1552|0.001 0.25108160689771175 0.09053376424648096 -0.14271215449291108
1305 1875 1768 1000 187 352 1875 921 1210 1726 1305 1398 1106 1120|0.001 0.21104511330693798 0.05671110533518764 -0.14465529074309424
1061 738 566 566 1061 977 521 738 199 684 106 791 791 1173|0.001 0.06351857950209538 0.14091226328693862 0.05608604697867836
6452 1875 6960 5333 4910 9207 10000 5333 6960 10000 9428 5976 5333 10072|0.001 0.5378532524279267 0.032808192384783386 -0.046635992395831494
1000 921 187 1305 1768 1305 1210 1875 1875 1726 352 1000 2574 1398|0.001 0.03926680040122088 0.6911962435916741 -0.012427194604334169
4910 5333 5333 3712 3441 3712 5028 533 2619 2844 2844 5333 4066 4742|0.001 0.413901048320815 0.04176568545881665 -0.017913926139526692
566 738 1061 1061 566 106 199 738 521 684 977 1456 1456 625|0.001 0.08109238482720382 0.014055373976229468 -0.00707415165611236
204 1086 1086 1417 1314 1417 1920 1875 382 2037 2037 1086 1811 1552|0.001 0.026029988765867706 0.026977107304413384 0.020354010301377734
1323 927 705 766 1437 269 144 1355 1437 1000 766 1277 1972 1437|0.001 0.054760249428915664 0.24091571986059934 0.02504456578035663
5333 5333 4910 6452 6960 9428 6960 1875 10000 10000 9207 5897 7623 13728|0.001 1.2048733448525129 0.05793033179931628 0.00385073806900893
3712 533 3441 4910 5333 2844 2619 5333 5028 2844 3712 3187 5897 3975|0.001 0.2759789976220106 0.038900167382958095 0.0067165476820263414
1086 1086 204 701 756 1024 756 533 579 579 109 1201 966 810|0.001 0.02419727147807693 0.553682025155755 0.03417755871808259
1000 188 921 696 943 696 645 533 533 100 491 1000 745 1373|0.001 0.021949208856375524 0.00178594306749158 -0.01550721799241317
766 1355 1437 1323 705 766 1437 927 144 1000 269 1071 1447 766|0.001 0.11949288696806448 0.01457807461813676 -0.04701430977399168
701 533 756 1086 204 109 579 1086 756 579 1024 1094 1086 649|0.001 0.014742112232424276 0.08308909208944115 -0.04440609835082099
3691 7500 3691 2604 2604 4883 4883 250 3422 6094 3422 4596 2652 4715|0.001 0.5741573617305984 0.03259622901406578 -0.01611803446596838
10416 4000 10416 13687 13687 14765 14765 24375 19531 30000 19531 10607 14550 21366|0.001 2.957554024889595 0.03626140677280176 -0.020635967998556826
1781 1000 73 761 1427 1427 761 1079 2192 1079 292 1063 1561 2437|0.001 0.10120916912498945 3.7284149157439406 0.09888704662729175
384 1000 96 1314 1417 1417 1314 1875 2880 1875 2340 1018 2051 1765|0.001 0.10089381738316971 0.2919568303043252 -0.006317527387682542
13687 24375 13687 10416 10416 19531 19531 4000 14765 30000 14765 14550 10607 21366|0.001 4.322497407219181 0.14697541930587255 0.07167020908326771
2604 250 2604 3691 3691 3422 3422 7500 4883 6094 4883 2652 4596 4715|0.001 0.38221475102839575 0.013208475110972895 -0.013212542941460903
2032 1000 271 705 1323 1323 705 927 1651 927 68 1245 1277 2259|0.001 -0.0019399176361123427 0.593207330786536 0.03740560126100023
761 1079 1427 1781 73 292 2192 1000 761 1079 1427 1378 1063 775|0.001 0.09727825006221824 -0.009090164027785175 -0.10146361301022089
1536 1000 1248 701 756 756 701 533 205 533 51 1708 966 941|0.001 0.012066523016933672 0.11158507737078605 0.017482270640494235
801 1231 801 561 561 606 606 41 427 164 427 1368 597 774|0.001 0.01681061255503824 0.05593419036227898 0.00355367038501031
756 533 701 1248 1536 205 51 1000 756 533 701 966 1708 941|0.001 -0.009462137494484768 0.09645931945156061 0.006141273917861234
1248 1000 1536 756 701 701 756 533 51 533 205 1708 1094 745|0.001 0.002198755744082792 0.06503979241154312 0.039751671512167075
354 500 354 433 354 66 81 750 326 453 214 791 1061 391|0.001 -0.010415640370916579 0.08724643038433566 0.00459444645015461
1732 816 2309 816 493 752 816 188 1046 153 1155 2449 976 1251|0.001 0.04595092089484165 0.027165281138803454 -0.03045233725099683
1414 1000 2828 1000 187 230 1225 921 1282 604 2121 2236 1106 1295|0.001 0.1115865301286445 -0.0031644878571079893 -0.09590356503496822
433 750 354 354 354 214 326 500 81 453 66 829 791 422|0.001 0.05427965968544779 0.051597422113414115 -0.026627954461366787
1000 921 187 1414 2828 2121 1282 1000 1225 604 230 1000 2236 2345|0.001 0.10055664509195372 0.7154431809985229 0.05230803394051575
6835 1225 7542 5333 4910 3223 5333 5333 11314 6532 15085 6908 5333 8172|0.001 0.23378205117520645 0.17171460743394373 0.03622213350796377
133 906 162 707 707 651 427 2000 707 1500 866 1009 1581 707|0.001 0.05615912624824082 0.17385310310274127 0.00846990205030762
2632 5333 4355 6158 5581 9238 12317 816 4009 4355 4355 3079 6212 9033|0.001 0.669437210895194 0.08221572771326402 -0.04833649602932866
471 1333 577 285 434 471 471 604 88 667 108 1106 722 471|0.001 0.03684088476267 0.058371497856897214 0.008979783529423635
2121 1523 3510 2027 380 310 1655 1655 2340 1655 4680 2535 1170 2143|0.001 0.08986039310839633 -0.025598145123023608 -0.07797656787957075
2828 1225 2121 921 1000 1000 604 187 1414 230 1282 3000 1000 2236|0.001 0.021775286771117397 0.07073141278614248 -0.008134732294040603
285 604 434 471 577 108 88 1333 471 667 471 978 1414 333|0.001 -0.007661517496053705 0.11024008747510639 0.0015261575182368148
5333 5333 4910 6835 7542 15085 11314 1225 5333 6532 3223 5897 7608 11926|0.001 0.6970892385849581 0.10504887943821206 0.018980100179992743
179 1103 146 718 472 780 780 1655 956 2207 780 1113 1196 932|0.001 0.19305913919442252 0.12618745356552719 0.008395822826867683
6158 816 5581 2632 4355 4355 4009 5333 12317 4355 9238 5640 5203 9737|0.001 0.35281783060542526 0.12335165814995941 -0.027251830166754587
2027 1655 380 2121 3510 4680 2340 1523 1655 1655 310 1977 3432 3881|0.001 0.0898342149871878 0.6129686415381697 0.0143380554763195
1000 1000 1000 162 162 133 133 812 906 812 906 1414 916 1009|0.001 0.12876905366670632 0.007242385870607215 -0.026895580526473672
5004 1000 6158 6158 5581 5581 6158 816 5004 816 6158 5640 6212 7496|0.001 0.09466692570825996 0.033184664544043674 -0.0007004050980385923
133 906 162 1000 1000 812 812 1000 133 906 162 1009 1414 911|0.001 0.08466872651910595 0.029164879725689374 -0.0031506771573730497
1000 1000 1000 162 133 133 162 906 812 906 812 1414 1009 911|0.001 0.1256332931791304 -0.0011325810198392627 -0.02014331006850112
5581 816 6158 6158 5004 5004 6158 1000 5581 816 6158 6212 5640 7496|0.001 0.09082137285179703 0.07245943764548457 -0.030540991614460555
162 812 162 1000 1000 906 906 1000 133 812 133 916 1414 1009|0.001 0.08365355056805246 0.04453380774680937 -0.02468855083826882
1000 1000 1000 133 133 162 162 812 906 812 906 1414 911 916|0.001 0.012761972457326909 0.1312893747714261 0.013453513637771142
162 906 133 1000 1000 812 812 1000 162 906 133 916 1414 916|0.001 0.008954162935366217 0.10792492063401271 0.007520166509327186
6128 1000 7542 7542 6835 6835 7542 1225 6128 1225 7542 6872 6908 9180|0.001 0.0005918739467269951 0.11249400013144895 0.037234152619010086
1000 1000 1000 133 162 162 133 906 812 906 812 1414 916 916|0.001 0.06652875374637102 0.052167625616394986 -0.00539528344751905
133 812 133 1000 1000 906 906 1000 162 812 162 911 1414 916|0.001 0.0470042836773632 0.09131789912383947 0.01783639289504091
6835 1225 7542 7542 6128 6128 7542 1000 6835 1225 7542 6908 6872 9180|0.001 0.09181856020071377 0.06750293911139238 -0.03467543874681289
6158 816 5581 5004 6158 6158 5004 1000 6158 816 5581 5640 5640 8709|0.001 -0.00533237162735789 0.11405352511838052 0.010646622438055253
200 1231 200 1115 1115 1231 1231 1000 163 1231 163 1127 1498 1127|0.001 0.17325088717056625 0.037425674531794684 -0.02417987721132553
897 1000 897 179 146 146 179 1103 1103 1103 1103 1343 1011 1005|0.001 0.08029585441499787 0.03870486920920735 -0.019250783523874215
6158 1000 5004 5581 6158 6158 5581 816 6158 816 5004 5640 5640 8709|0.001 0.030321744261687655 0.13862722064213573 0.032934371345407776
146 1103 179 897 897 1103 1103 1000 146 1103 179 1011 1343 1005|0.001 0.1512707936104185 0.02844823654748252 -0.031038744368012683
1115 1000 1115 200 200 163 163 1231 1231 1231 1231 1498 1127 1127|0.001 0.02772329735331036 0.09249154909825474 0.0014693601156134939
7542 1225 6835 6128 7542 7542 6128 1000 7542 1225 6835 7608 6872 10667|0.001 0.04243758665794184 0.13544300887821548 0.03999919674923191
897 1000 897 146 179 179 146 1103 1103 1103 1103 1343 1113 1011|0.001 0.0795499541295297 0.039343187763105636 0.0022461440320231674
163 1231 163 1115 1115 1231 1231 1000 200 1231 200 1121 1498 1242|0.001 0.12114739728101398 0.065087354310156 0.00548653080337802
7542 1000 6128 6835 7542 7542 6835 1225 7542 1225 6128 6872 7608 10667|0.001 0.0669685103765505 0.07906354675967897 0.008314364468677837
179 1103 146 897 897 1103 1103 1000 179 1103 146 1113 1343 1011|0.001 0.11993385034393178 0.007671686608807793 -0.02555808995009068
1115 1000 1115 163 163 200 200 1231 1231 1231 1231 1498 1121 1242|0.001 0.0839505062038004 0.04370722964380347 -0.0019312632207113545
3000 1000 3000 566 566 693 693 200 2600 200 2600 3162 721 2661|0.001 0.009582830167487177 0.04535167180807376 -0.0004777613436723893
231 867 189 333 333 67 67 1000 231 867 189 887 1054 275|0.001 0.039139722129331034 0.10109949574533372 0.0059480904412079205
333 1000 333 189 231 231 189 867 67 867 67 1054 887 275|0.001 0.06523291303339063 0.09970558827052223 -0.011080541178508652
4596 1225 5303 1768 354 354 1768 1000 4596 1225 5303 4704 1275 4610|0.001 0.11463936428506072 0.03920883447203538 -0.09525186704666067
3000 1000 3000 693 693 566 566 200 2600 200 2600 3162 825 3053|0.001 0.013871050096556647 0.05702386951731642 -0.004030112729518365
189 867 231 333 333 67 67 1000 189 867 231 1018 1054 240|0.001 0.07660382940133825 0.07979017512207864 0.00041613229526005213
333 1000 333 231 189 189 231 867 67 867 67 1054 1018 240|0.001 0.0748440732375455 0.09325059218955101 -0.029970240405433612
3753 816 4330 1443 289 289 1443 1000 3753 816 4330 4406 1190 3764|0.001 0.08377982867393996 0.07099054033063101 -0.0678949126438011
2828 5000 2828 13000 13000 15000 15000 1000 3464 5000 3464 3606 13038 15264|0.001 0.6708555597313537 0.02676973938115168 -0.03994384592544864
77 1000 77 218 266 266 218 1154 385 1154 385 1003 1174 317|0.001 0.034074930347851584 0.06392950488823157 0.00028669647200052495
1768 1000 354 4596 5303 5303 4596 1225 1768 1225 354 1275 5397 5590|0.001 0.12259327271415765 0.7409158494108681 -0.008891839793128131
13000 1000 13000 2828 2828 3464 3464 5000 15000 5000 15000 13038 3606 15264|0.001 0.30764339144671693 0.05245911128366254 -0.01117126913648514
77 1000 77 266 218 218 266 1154 385 1154 385 1003 1023 277|0.001 0.044835222961725485 0.05455931962145444 -0.0028907312577741706
3464 5000 3464 13000 13000 15000 15000 1000 2828 5000 2828 4123 13038 13304|0.001 0.652531356536441 0.040798316120607137 -0.03820815512262876
1443 1000 289 3753 4330 4330 3753 816 1443 816 289 1190 3841 4564|0.001 0.005105820233317626 0.6870780991571945 0.028742790577021005
13000 1000 13000 3464 3464 2828 2828 5000 15000 5000 15000 13038 4123 13304|0.001 0.18876905015174694 0.10969853954894138 0.0068149227209102214
1104 533 1000 1061 566 302 566 738 1209 394 1116 1133 1456 1053|0.001 -0.010589133601613954 0.10634287363090911 -0.01956806817272172
696 533 943 943 1052 1140 1040 533 371 284 503 1373 1083 1070|0.001 0.02064625132967901 0.0463235710516785 -0.013561410710551947
566 1116 1061 1000 533 394 738 1104 302 1209 566 1149 1133 777|0.001 0.10017140279426906 0.0008557557320632014 -0.043231576800891736
483 906 906 513 273 513 961 1096 357 1011 669 1282 955 382|0.001 0.08441316206350802 -0.0028958448851612584 -0.07475578220359935
2137 533 1951 1768 1305 696 943 1875 1972 1000 1768 1862 1398 2500|0.001 0.00412148486980346 0.10819126008237312 0.018106836182472108
1061 738 566 1104 1000 1116 1209 533 566 394 302 791 1414 1149|0.001 0.008842740386942882 0.19872693275519104 0.0388510323839375
513 1096 273 483 906 669 357 906 961 1011 513 1253 1027 716|0.001 0.09351649408345875 0.3064942405079374 0.10226493371088052
1305 1875 1768 3658 4007 3698 3315 1875 2447 3516 3315 1398 4582 3762|0.001 0.18462443687294217 0.08879231335144899 -0.0011495590554366775
1000 1104 533 566 1061 566 302 1116 738 1209 394 1414 1458 1456|0.001 0.06230855623932996 0.22266829961358647 0.042270194400668704
566 738 1061 1875 2069 2267 2092 1875 1061 1384 1989 1456 2652 2592|0.001 0.16430012370794556 -0.031803948373573254 0.0032846512708983866
1972 1875 1768 943 696 1305 1768 533 2137 1000 1951 2577 1373 2500|0.001 0.09576081726651475 0.10204447881850598 0.019155886678068335
943 533 1052 696 943 503 371 533 1040 284 1140 1374 745 1069|0.001 -0.0021755418983637753 0.060860930117996315 0.004885852090670273
766 1355 1437 1511 1638 1495 1355 533 409 722 766 1071 1537 1873|0.001 0.032121601163273006 0.027204921499965895 -0.009024266657756685
353 1084 662 951 507 270 507 896 478 989 896 1017 1306 378|0.001 0.07971873640800986 0.013808929340246578 -0.01718523885352874
1768 1875 1305 2137 1951 1768 1972 533 943 1000 696 2574 2444 2500|0.001 0.17300492095438047 0.05394123750253055 -0.025930259714624926
250 913 468 611 326 441 827 923 468 827 877 1143 1170 642|0.001 0.06374932598632421 -0.0008417952163064513 -0.03271041851801937
1511 533 1638 766 1437 766 409 1355 1355 722 1495 1916 1972 1975|0.001 -0.002125940644774893 0.07558061001057492 0.02948445111782938
3658 1875 4007 1305 1768 3315 2447 1875 3315 3516 3698 3492 2574 3757|0.001 0.3178426003829471 0.12240882292537725 0.04922478404951525
1437 1355 766 3071 2834 2540 2803 1875 2694 2540 1437 1972 2882 2918|0.001 0.1595155001105275 0.24857846480584866 -0.010121014947396256
943 533 696 1972 1768 1951 2137 1875 1768 1000 1305 745 2031 2500|0.001 0.09115753747992672 0.008486121885022957 -0.007889998039700696
951 896 507 353 662 896 478 1084 507 989 270 1030 1267 709|0.001 0.02913182864932251 0.12099917685700401 0.05705674524367765
3071 1875 2834 1437 766 1437 2694 1355 2803 2540 2540 3592 1071 2675|0.001 0.18102711088141987 0.03750413775090333 -0.08567413758516329
366 1000 366 1006 1605 1903 1434 1690 1690 1690 1690 1065 2556 2128|0.001 0.12279709034064945 0.010074723241122463 -0.010358471624826171
3915 4615 2746 2731 2731 4615 4615 1000 5196 4615 4383 4701 2908 7517|0.001 0.6253377342836797 0.11941072466936431 -0.019545473479112285
2731 1000 2731 4383 5196 3915 2746 4615 4615 4615 4615 2908 5811 3320|0.001 0.46444266478161467 0.004577914198184985 -0.024786795064084544
1053 1185 228 623 1053 1053 623 626 1053 893 228 1326 410 1489|0.001 0.1090111886000078 0.6359202984473655 0.06288698294238948
366 1000 366 1903 1434 1006 1605 1690 1690 1690 1690 1065 1216 1158|0.001 0.12911803488550477 0.09793812272371971 -0.0017715419691322065
4383 4615 5196 2731 2731 4615 4615 1000 2746 4615 3915 4655 2908 1798|0.001 0.43438408127403294 0.07127059626835575 0.0028106003968697557
2731 1000 2731 3915 2746 4383 5196 4615 4615 4615 4615 2908 3163 6980|0.001 0.180163282453778 0.13230134882261213 0.00189944675334619
1179 701 255 698 1179 1179 698 1327 1179 1120 255 808 1920 1667|0.001 0.03421095583236555 0.5393576643370368 0.0690575052391118
950 592 595 1000 1000 217 217 1000 1126 592 848 390 1414 1009|0.001 -0.00572810717472616 0.10774128852404141 -0.0005438223086773331
1000 1000 1000 595 848 1126 950 217 592 217 592 1414 685 719|0.001 -0.008571273596955642 0.06728194617684702 0.017649473740515287
623 626 1053 1053 228 228 1053 1185 623 893 1053 1593 1062 664|0.001 0.09709523052672253 -0.003096612498556528 -0.06996936129755826
1000 1000 1000 950 595 848 1126 592 217 592 217 1414 1512 685|0.001 0.05049232933503678 0.07967595969946561 0.002629172685335579
1000 1000 1000 1126 950 595 848 217 592 217 592 1414 1259 1512|0.001 0.03676278849970016 0.08451485665463165 -0.019587576081985247
848 592 1126 1000 1000 217 217 1000 595 592 950 1629 1414 1018|0.001 0.02445016467097938 0.0825427428834491 0.006372395430032096
698 1327 1179 1179 255 255 1179 701 698 1120 1179 848 1201 743|0.001 0.09751637189749918 0.002977561879242696 -0.07079802826295722
1000 1000 1000 848 1126 950 595 592 217 592 217 1414 719 1259|0.001 0.07990945157647866 0.07644219852625644 -0.029944110529812606
3000 1000 3000 693 693 693 693 200 2200 200 2200 3162 825 2661|0.001 0.03636543963150718 0.051254070321167244 -0.016139174088676267
231 733 231 333 333 67 67 1000 231 733 231 887 1054 275|0.001 0.015141585441129646 0.10924150852593018 0.004772729759627836
333 1000 333 231 231 231 231 733 67 733 67 1054 887 275|0.001 -0.00684370795669742 0.08089793640858378 0.03295830386785603
3175 1000 4330 1443 289 289 1443 1000 3175 1000 4330 3841 1190 3189|0.001 0.07327922290782052 0.046879081997361904 -0.06432586747700975
3000 1000 3000 693 693 693 693 200 2200 200 2200 3162 825 2661|0.001 0.014566919876386475 0.06177705418069612 -0.0008444045557942648
231 733 231 333 333 67 67 1000 231 733 231 887 1054 275|0.001 0.05524916898110854 0.0729602074769864 0.004434926479590651
333 1000 333 231 231 231 231 733 67 733 67 1054 887 275|0.001 0.04772855306117263 0.059621084006300507 0.008792876780761016
3175 1000 4330 1443 289 289 1443 1000 3175 1000 4330 3841 1190 3189|0.001 0.10512153882873632 0.030786774743920553 -0.08823634143663939
3464 5000 3464 11000 11000 15000 15000 1000 3464 5000 3464 4123 11045 13304|0.001 0.5010655643764617 0.020521860439679518 -0.03253901684338367
91 1000 91 315 315 315 315 1364 455 1364 455 1004 1209 375|0.001 0.0412446736783334 0.05994447390319291 -0.005873457936139692
1443 1000 289 3175 4330 4330 3175 1000 1443 1000 289 1190 3841 4564|0.001 0.10919876909766035 0.6647899187044737 -0.002863441135859679
11000 1000 11000 3464 3464 3464 3464 5000 15000 5000 15000 11045 4123 13304|0.001 0.2885329368980738 0.0511875155671726 -0.007354389257022698
91 1000 91 315 315 315 315 1364 455 1364 455 1004 1209 375|0.001 0.07851263736455394 0.2632555034523909 0.03255856644388766
3464 5000 3464 11000 11000 15000 15000 1000 3464 5000 3464 4123 11045 13304|0.001 0.5770189534696168 0.09646708891660305 -0.02165645095187685
1443 1000 289 3175 4330 4330 3175 1000 1443 1000 289 1190 3841 4564|0.001 0.12024841976596923 0.5987979893345208 -0.02247812919309755
11000 1000 11000 3464 3464 3464 3464 5000 15000 5000 15000 11045 4123 13304|0.001 0.2551048859522109 0.04382605626032321 -0.015308073345247086
354 500 354 354 354 66 66 1000 326 500 326 791 1061 391|0.001 0.01978932755342555 0.07368967733492715 0.004379581351039441
2828 1000 2828 1000 921 921 1000 187 1414 187 1414 3000 1106 2202|0.001 0.004354941741990803 0.05269941613196716 0.009683949670724612
1414 1000 2828 1000 187 187 1000 921 1414 921 2828 2236 1106 1427|0.001 0.10121047673497197 -0.02474008563726593 -0.08412054566472094
354 1000 354 354 354 326 326 500 66 500 66 1061 791 391|0.001 0.016769371010554313 0.11184012401327825 0.003715932002488209
1000 921 187 1414 2828 2828 1414 1000 1000 921 187 1000 2236 3000|0.001 0.12358622225704607 0.6218145593432212 0.0998986732683238
7542 1000 7542 5333 4910 4910 5333 5333 15085 5333 15085 7608 5333 11743|0.001 0.41849849698867514 0.05832978307866554 -0.004700604258690566
133 1000 133 707 707 651 651 2000 707 2000 707 1009 1581 707|0.001 0.08672935472462395 0.24019145280341103 0.030034444344353428
4910 5333 5333 7542 7542 15085 15085 1000 4910 5333 5333 5333 7608 11743|0.001 0.6542682639408848 0.11833165440930937 0.022159149308380588
354 1000 354 326 326 354 354 500 66 500 66 1061 778 354|0.001 0.050267052779002785 0.08335369370655821 -0.007588163368108525
1536 1000 3072 1086 204 204 1086 1086 1536 1086 3072 2391 1086 1549|0.001 0.07615523706369531 0.016444945036491188 -0.06735909042731691
2828 1000 2828 921 1000 1000 921 187 1414 187 1414 3000 1000 2236|0.001 0.030754889809025965 0.04509696664328322 -0.01782993225555085
326 500 326 354 354 66 66 1000 354 500 354 778 1061 354|0.001 -0.03501248137585011 0.11921255990785085 0.00152766805557647
5333 5333 4910 7542 7542 15085 15085 1000 5333 5333 4910 5897 7608 11926|0.001 0.81582862637958 0.10223532101773625 -0.014741361220268479
133 1000 133 651 651 707 707 2000 707 2000 707 1009 1557 782|0.001 0.10327850383889503 0.17075998046437668 0.0114509810866803
7542 1000 7542 4910 5333 5333 4910 5333 15085 5333 15085 7608 5897 11926|0.001 0.23019127604489764 0.12390640183756352 0.005298423920876427
1086 1086 204 1536 3072 3072 1536 1000 1086 1086 204 1201 2391 3258|0.001 0.12961502154588356 0.7874229094118812 0.10327422708983125
2719 1000 906 273 513 513 273 1096 2719 1096 906 1861 1253 2766|0.001 0.03857842572144943 0.36125766335901144 0.042689325577109916
4007 1875 3658 3315 3315 9944 9944 1000 4007 1875 3658 4582 3462 7001|0.001 0.2390290937515438 0.08841793717236701 -0.07302043575513784
302 1000 302 1104 1104 1209 1209 3000 566 3000 566 1045 2054 1382|0.001 0.22582199661880908 0.010610274973548162 -0.010172789925805281
368 333 368 189 189 101 101 1000 403 333 403 685 1018 351|0.001 -0.009065509668516603 0.07314846441892175 -0.003895351663790736
5303 1000 5303 1951 2137 2137 1951 533 1768 533 1768 5397 1862 3734|0.001 -0.0015470407922346663 0.11284834471521954 0.028842069149399574
273 1096 513 2719 906 906 2719 1000 273 1096 513 955 1861 947|0.001 0.09637339449227511 -0.011449731778357952 -0.06869865031936429
906 1000 2719 513 273 273 513 1096 906 1096 2719 1861 955 947|0.001 0.05413763867270216 0.0008606226290153174 -0.028519928456812726
189 1000 189 368 368 403 403 333 101 333 101 1018 685 351|0.001 0.05538930658160579 0.0017863312868771075 -0.02244571452134192
2137 533 1951 5303 5303 1768 1768 1000 2137 533 1951 1862 5397 3734|0.001 -0.018624433496796655 0.10301671973661275 0.007540230259348579
1104 3000 1104 302 302 566 566 1000 1209 3000 1209 2054 1045 1382|0.001 0.32288547064373674 0.06662191410107932 -0.03774591819796558
513 1096 273 906 2719 2719 906 1000 513 1096 273 1253 1861 2766|0.001 0.05846898524745736 0.25852457948127183 0.15590908837891382
3315 1000 3315 3658 4007 4007 3658 1875 9944 1875 9944 3462 4582 7001|0.001 0.11369235167485447 0.09685325042951609 -0.003949884779290702
3315 1000 3315 4007 3658 3658 4007 1875 9944 1875 9944 3462 3492 6807|0.001 0.013296610492414818 0.18514969468685472 0.021337035266051352
468 913 250 827 2481 2481 827 1000 468 913 250 871 1747 2525|0.001 0.028157723966175663 0.24262652754097447 0.08404408011827957
1209 3000 1209 302 302 566 566 1000 1104 3000 1104 2112 1045 1053|0.001 0.3417138670584219 0.054680169748797525 0.035703555665871356
1951 533 2137 5303 5303 1768 1768 1000 1951 533 2137 2444 5397 3631|0.001 0.02156593177407462 0.06981134171045067 0.003961733425656977
189 1000 189 403 403 368 368 333 101 333 101 1018 704 461|0.001 0.03636383631332896 0.04608909976159481 -0.01695658266293809
827 1000 2481 468 250 250 468 913 827 913 2481 1747 1143 864|0.001 0.05694868401203035 0.0017269273033782007 -0.03179390222019962
5303 1000 5303 2137 1951 1951 2137 533 1768 533 1768 5397 2444 3631|0.001 0.09487143150385347 0.034208741598915626 -0.030773699392446785
403 333 403 189 189 101 101 1000 368 333 368 704 1018 461|0.001 -0.0034768403835028217 0.05819717906536015 0.002686174514303641
250 913 468 2481 827 827 2481 1000 250 913 468 1143 1747 864|0.001 0.10830656507304193 -0.023410692559995283 -0.07620268204935998
3658 1875 4007 3315 3315 9944 9944 1000 3658 1875 4007 3492 3462 6807|0.001 0.27284981323093094 0.08271183764300805 -0.025581066444826384
302 1000 302 1209 1209 1104 1104 3000 566 3000 566 1045 2112 1053|0.001 0.2724227218285691 0.00929994108969101 -0.010383663145284716
2481 1000 827 250 468 468 250 913 2481 913 827 1747 871 2525|0.001 0.10466983232049643 0.4820851724639774 0.07576799006450585
3000 1000 3000 693 1299 1061 566 817 2250 738 2600 3162 1090 3182|0.001 -0.009791970892365498 0.1363660244943432 0.046564727159226216
1179 1875 1443 4330 3753 3248 4330 816 1066 1531 1443 1573 4406 3901|0.001 0.18233202683522798 0.0813731044602739 -0.0016258280483583132
189 867 231 333 333 246 272 1000 354 750 433 1018 1054 264|0.001 0.015596281008924961 0.12288297741248844 0.019261087428965595
333 1000 333 433 354 189 231 750 246 867 272 1054 1061 485|0.001 0.024312452667485385 0.07916288181582631 0.0005659160287718734
1732 816 2309 770 629 568 770 533 2001 435 2309 2449 1162 1823|0.001 0.022148754986335284 0.0729743752496792 0.00977045472095428
693 817 1299 3000 3000 2600 2250 1000 566 738 1061 1510 3162 3053|0.001 0.04019361305830138 0.027649412521721928 0.005154418469337507
3000 1000 3000 1061 566 693 1299 738 2600 817 2250 3162 1456 2661|0.001 0.07163955206919592 0.0865919814533278 -0.03269053390302923
433 750 354 333 333 272 246 1000 231 867 189 829 1054 503|0.001 0.03655298411433083 0.07822497694699226 0.029498748354244153
696 533 943 2828 2121 2451 2828 1225 770 653 943 1373 2345 2548|0.001 0.04799745879215722 0.04633084701209711 -0.02783688725145339
333 1000 333 189 231 433 354 867 272 750 246 1054 887 363|0.001 0.07779238515334352 0.07055805869176979 -0.02741186825421349
1061 738 566 3000 3000 2250 2600 1000 1299 817 693 791 3162 2487|0.001 0.023095269099646654 0.2418191649978252 0.019764276504516953
4596 1225 5303 1768 1305 1444 1768 1875 3977 2296 5303 4704 1398 4186|0.001 0.07671957891703496 0.06552190097483201 0.008051621292384237
4330 816 3753 1179 1443 1443 1066 1875 4330 1531 3248 3841 2179 4564|0.001 0.14806025867405648 0.1556418826067918 0.019564596389287647
1590 1224 848 3182 2754 3672 3672 904 1298 1224 692 1848 3308 3045|0.001 0.053087770436555104 0.18156638888944254 -0.01909824113299763
284 865 314 266 218 408 500 1154 385 1154 385 1040 1023 560|0.001 0.11314561216446473 0.02480121489901732 -0.011273866543239919
770 533 629 1732 2309 2309 2001 816 770 435 568 839 1915 2434|0.001 0.08235773825264303 0.0025023217304354084 -0.0077546718139587245
471 1333 577 363 328 444 444 1156 251 1333 308 1106 1052 351|0.001 0.1712534598163451 0.04013759313274523 -0.024591042322863466
3182 904 2754 1590 848 692 1298 1224 3672 1224 3672 2898 1334 3257|0.001 0.07595870288277018 0.1337920196598552 -0.024308016064714666
2828 1225 2121 696 943 943 770 533 2828 653 2451 3000 745 2981|0.001 0.05537271605381866 0.11673519061006221 0.0054240465488319956
363 1156 328 471 577 308 251 1333 444 1333 444 1201 1414 484|0.001 0.1302537211272936 0.03783863917184327 -0.005269322028468304
766 1355 1437 3048 3522 4064 4064 1107 938 1355 1760 1071 3661 4135|0.001 0.031918251671554376 0.05318688163877816 0.0035051808556985087
1768 1875 1305 4596 5303 5303 3977 1225 1768 2296 1444 2574 5397 5590|0.001 0.19779791379018308 0.11750943283296511 0.05377652968389768
266 1154 218 284 314 385 385 865 500 1154 408 1174 911 581|0.001 0.0450630848503919 0.10360200659865759 0.015522522885411671
3048 1107 3522 766 1437 1760 938 1355 4064 1355 4064 3208 1972 4310|0.001 0.03409232493650771 0.10029180910187341 0.07987172590915748
625 1000 625 573 573 573 573 333 625 333 625 1179 814 848|0.001 0.0520398253148624 0.02224887909840323 -0.022106689998214746
581 1000 1744 1090 1090 1090 1090 1000 581 1000 1744 1419 1479 1235|0.001 0.012371252888314643 0.029505293837750468 0.009665145333246361
918 1000 918 1600 1600 533 533 1000 918 1000 918 1357 1887 1302|0.001 0.06743325227522856 0.06996648856775423 0.006886001301811273
1600 1000 1600 918 918 918 918 1000 533 1000 533 1887 1357 1302|0.001 0.04374822136278489 0.11813057873329313 -0.0022672041990567937
1090 1000 1090 1744 581 581 1744 1000 1090 1000 1090 1479 1419 1235|0.001 0.06596275151132591 0.10574575644599404 -0.05030607250961161
573 333 573 625 625 625 625 1000 573 333 573 814 1179 848|0.001 0.044228806559476475 0.006899721990401009 -0.026106709489234214
625 1000 625 573 573 573 573 333 625 333 625 1179 814 848|0.001 0.08903796712977918 0.0005467687577898062 -0.05177696095336137
918 1000 918 1600 1600 533 533 1000 918 1000 918 1357 1887 1302|0.001 0.0872189167422599 0.07481273989007331 0.00637889774287137
581 1000 1744 1090 1090 1090 1090 1000 581 1000 1744 1419 1479 1235|0.001 0.02343870021094041 0.0327852060985534 0.02503957881397678
1600 1000 1600 918 918 918 918 1000 533 1000 533 1887 1357 1302|0.001 0.030198852777509888 0.10772044596407904 0.006014057118546301
573 333 573 625 625 625 625 1000 573 333 573 814 1179 848|0.001 0.04231212560859454 0.012901636219717627 -0.018810997409202113
1090 1000 1090 1744 581 581 1744 1000 1090 1000 1090 1479 1419 1235|0.001 0.12297426781950005 0.053066173841500586 -0.08925495994985266
1720 3000 1720 1875 1875 1875 1875 1000 1720 3000 1720 2441 2125 2545|0.001 0.38505959229817144 0.08472644032573973 0.03853708959834057
533 1000 533 918 918 918 918 1000 1600 1000 1600 1133 1357 1302|0.001 0.03362515574651059 0.1478868164890379 0.009782162551128515
1744 1000 581 1090 1090 1090 1090 1000 1744 1000 581 1419 1479 2056|0.001 0.03660195174497893 0.2981416098558265 0.009043086536242306
1875 1000 1875 1720 1720 1720 1720 3000 1875 3000 1875 2125 2441 2545|0.001 0.18528697440632458 0.07770483069846845 0.006755763836976403
533 1000 533 918 918 918 918 1000 1600 1000 1600 1133 1357 1302|0.001 0.038709538927632625 0.11929525080978998 0.015224391443495744
1720 3000 1720 1875 1875 1875 1875 1000 1720 3000 1720 2441 2125 2545|0.001 0.3234468142623004 0.05924942266826605 0.0007840557321037167
1744 1000 581 1090 1090 1090 1090 1000 1744 1000 581 1419 1479 2056|0.001 0.11697301693447404 0.36676662389022896 -0.01708956878254675
1875 1000 1875 1720 1720 1720 1720 3000 1875 3000 1875 2125 2441 2545|0.001 0.2938597057226211 0.029297607568548045 -0.00694870129910985
2719 1000 906 335 628 513 273 960 2356 1096 713 1861 1022 2766|0.001 0.056531191397595215 0.32857368820122135 0.0545401570359938
2868 1875 2987 2706 2129 7036 8119 816 3272 1531 2987 3051 2827 5173|0.001 0.18931773390019613 0.0030914408911719704 -0.11865188885388456
302 787 370 1104 1104 1209 1060 3000 566 2600 693 1045 2054 1382|0.001 0.1267309331573352 0.0989756451214463 -0.004534889033163125
368 333 368 231 189 101 123 867 403 262 353 685 1018 351|0.001 -0.007871786639359613 0.05619997418232048 0.002124585949114799
3753 816 4330 1593 1530 1745 1593 533 1135 435 1443 4406 1815 2509|0.001 0.03609107595438754 0.07618404308105786 -0.005768363823213107
335 960 628 2719 906 713 2356 1000 273 1096 513 1140 1861 947|0.001 0.07980241884929296 0.02044772281963425 -0.05177590284388911
906 1000 2719 513 273 335 628 1096 713 960 2356 1861 955 763|0.001 0.05152362693337187 0.004962011268458966 -0.02671011131619827
231 867 189 368 368 353 403 333 123 262 101 887 685 419|0.001 -0.022320926543164532 0.09716410185453217 0.03304352781698938
2137 533 1951 5303 4596 1391 1768 1225 1873 653 1951 1862 4704 3379|0.001 -0.02234286493227322 0.09251078821777226 0.0011829108288785584
1104 3000 1104 302 370 693 566 787 1060 2600 1209 2054 843 1127|0.001 0.26407027199133015 0.05983362087361499 0.005812013946253636
513 1096 273 906 2719 2356 713 1000 628 960 335 1253 1861 2411|0.001 -0.0030965575763453046 0.1666326311920252 0.1080242208829163
2607 1225 3315 3658 4007 3513 3658 1875 8618 2296 9944 2793 4582 5762|0.001 0.10784549591164927 0.14249745638669653 0.030729033633876135
2706 816 2129 2868 2987 2987 3272 1875 8119 1531 7036 2280 3404 5558|0.001 0.035568983149047995 0.3413938064948052 0.05546320770637214
1537 3305 1347 470 384 719 881 1271 1403 3814 1403 2430 1071 1339|0.001 0.5873493802819407 0.05263499065272015 -0.07476157264314387
1593 533 1530 3753 4330 1443 1135 816 1593 435 1745 1627 3841 2964|0.001 0.011333348481370464 0.07103160356732419 0.01168011824581372
218 1154 266 408 465 424 424 303 116 385 142 1023 669 532|0.001 0.0875884871899335 0.048942742716622245 -0.04448950941255747
742 1141 2453 654 349 285 534 1041 944 1041 2831 1640 1064 795|0.001 0.04739419064808237 0.0018580207541596394 -0.02782577113057183
5303 1225 4596 2137 1951 1951 1873 533 1768 653 1391 5397 2444 3631|0.001 0.0652319194478701 0.10092095133016565 -0.02518139702052724
408 303 465 218 266 142 116 1154 424 385 424 735 1174 434|0.001 0.021192438345791764 0.04294457272487673 0.0008910182665688993
250 913 468 2151 651 827 2481 877 306 913 573 1143 1581 864|0.001 0.08927094991790785 0.0022299604742381796 -0.07412554612261868
470 1271 384 1537 1347 1403 1403 3305 881 3814 719 1328 2210 1599|0.001 0.17162299567967887 0.12313531372722508 -0.002448504221131964
2151 877 651 250 468 573 306 913 2481 913 827 1438 871 2525|0.001 0.06015605489147369 0.5550805330377506 0.10133261058822285
1000 1000 1000 1299 693 87 693 817 817 817 817 1414 1510 1052|0.001 0.09189678299173609 0.08881068831281702 -0.0421379258183785
693 817 1299 1000 1000 817 817 1000 87 817 693 1510 1414 1052|0.001 0.021023695518398444 0.04757060138271818 0.023436561124663413
1000 1000 1000 693 87 693 1299 817 817 817 817 1414 1052 825|0.001 0.09727511936479694 0.01060845064712268 -0.12595735405673492
1179 125 1443 1443 1179 1179 1443 1875 1179 1000 1443 1519 1573 2041|0.001 0.09319590318198401 0.01730250176345649 -0.013321889189273906
1299 817 693 1000 1000 817 817 1000 693 817 87 1090 1414 1510|0.001 0.051148359492063644 0.26524138517795004 -0.004804232753373716
693 817 87 1000 1000 817 817 1000 1299 817 693 825 1414 1090|0.001 0.08561819519719904 0.8864887019992018 -0.018670663559524625
9434 8000 11547 11547 9434 9434 11547 8000 9434 15000 11547 9522 9522 9452|0.001 1.9184110123720899 0.026159997498731435 -0.04939694301993813
1000 1000 1000 693 1299 693 87 817 817 817 817 1414 1090 1510|0.001 0.08646165331070543 0.0791840759270368 0.08104338000340494
1179 1875 1443 1443 1179 1179 1443 125 1179 1000 1443 1573 1519 2041|0.001 0.11736667642924914 0.06283491392728768 0.015073281550206374
848 1224 1590 1000 1000 1224 1224 1000 106 1224 848 1334 1002 1009|0.001 0.025923952727713306 0.05587670049270743 -0.004716632284904598
1000 1000 1000 1590 848 106 848 1224 1224 1224 1224 1002 1334 1009|0.001 0.08577912380465458 0.09516392627388459 -0.04091787917776091
1443 1875 1179 1179 1443 1443 1179 125 1443 1000 1179 2179 1190 2041|0.001 0.16430307272983447 0.09862261585626086 -0.009353396160340921
1000 1000 1000 848 1590 848 106 1224 1224 1224 1224 1731 1848 1334|0.001 0.09778674542316512 0.0886863853319797 0.07977082556245074
11547 8000 9434 9434 11547 11547 9434 8000 11547 15000 9434 12152 12152 16330|0.001 1.5816461764571743 0.05275736830901323 -0.029866801843421165
848 1224 106 1000 1000 1224 1224 1000 1590 1224 848 1288 1002 1848|0.001 0.03389538558380423 1.2381257872382156 0.026656228325034892
1443 125 1179 1179 1443 1443 1179 1875 1443 1000 1179 1190 2179 2041|0.001 0.07626634384237718 0.031794911473159715 -0.015241262755630869
1590 1224 848 1000 1000 1224 1224 1000 848 1224 106 1848 1731 1334|0.001 0.15342016313177886 0.20548724963121767 -0.030150846831227263
1000 1000 1000 848 106 848 1590 1224 1224 1224 1224 1731 1009 1288|0.001 0.12983723977445516 0.029963866287359142 -0.13671229290845188
1000 1000 1000 87 87 87 87 900 900 900 900 1414 953 953|0.001 0.12701096641575482 0.033946731955831755 -0.049196801704305404
10392 1000 11547 11547 10392 10392 11547 1000 10392 1000 11547 11000 11000 14697|0.001 0.10019101015190657 -0.011265657585389777 -0.03201353770141413
87 900 87 1000 1000 900 900 1000 87 900 87 953 1414 953|0.001 0.023400036845531158 0.11195622839993202 0.0032281459932748113
1000 1000 1000 87 87 87 87 900 900 900 900 1414 953 953|0.001 0.09593086148665941 0.037300343580046746 -0.00018556391520485604
10392 1000 11547 11547 10392 10392 11547 1000 10392 1000 11547 11000 11000 14697|0.001 0.048614532323212334 0.08039918130380963 -0.002200903560608536
87 900 87 1000 1000 900 900 1000 87 900 87 953 1414 953|0.001 -0.0068928442890114905 0.10176128130882978 0.011273613221942647
1000 1000 1000 87 87 87 87 900 900 900 900 1414 953 953|0.001 0.06476800454713327 0.03897874063690354 -0.01408565962547792
87 900 87 1000 1000 900 900 1000 87 900 87 953 1414 953|0.001 0.03132353144447153 0.11701881742257614 -0.007597839934679884
10392 1000 11547 11547 10392 10392 11547 1000 10392 1000 11547 11000 11000 14697|0.001 0.13382348942029054 0.008976826180582265 -0.031413462642865264
1000 1000 1000 87 87 87 87 900 900 900 900 1414 953 953|0.001 0.08151317480431297 0.0602793483475339 -0.011525707362231019
87 900 87 1000 1000 900 900 1000 87 900 87 953 1414 953|0.001 0.015300069060752985 0.11049565567561315 0.014928430648124547
10392 1000 11547 11547 10392 10392 11547 1000 10392 1000 11547 11000 11000 14697|0.001 0.0350318116381243 0.12611222733174055 0.04089976588198985
11547 1000 10392 10392 11547 11547 10392 1000 11547 1000 10392 11000 11000 16330|0.001 0.05983715330381889 0.09884855132101578 0.002006734000008503
96 1111 96 1000 1000 1111 1111 1000 96 1111 96 1058 1414 1058|0.001 0.04317022851920038 0.08630000653553349 0.003642274686628255
1000 1000 1000 96 96 96 96 1111 1111 1111 1111 1414 1058 1058|0.001 0.07259486300567941 0.08113952889790221 0.014766530490402108
11547 1000 10392 10392 11547 11547 10392 1000 11547 1000 10392 11000 11000 16330|0.001 0.07640040693908556 0.1113208632650764 -0.005537339036841837
96 1111 96 1000 1000 1111 1111 1000 96 1111 96 1058 1414 1058|0.001 0.09267710071824142 0.039527757865689406 -0.013257739554664028
1000 1000 1000 96 96 96 96 1111 1111 1111 1111 1414 1058 1058|0.001 0.1278179541865354 0.022631899866238925 -0.025984366953085702
11547 1000 10392 10392 11547 11547 10392 1000 11547 1000 10392 11000 11000 16330|0.001 0.07075807746057317 0.07732952219837275 0.025349564857464202
1000 1000 1000 96 96 96 96 1111 1111 1111 1111 1414 1058 1058|0.001 0.14653937343144685 0.032914482278119106 -0.04445136339467304
96 1111 96 1000 1000 1111 1111 1000 96 1111 96 1058 1414 1058|0.001 0.07303065781274043 0.10753467156383589 0.039136284303187274
11547 1000 10392 10392 11547 11547 10392 1000 11547 1000 10392 11000 11000 16330|0.001 0.12041513930746373 0.06624417130808524 -0.0048970232881662135
96 1111 96 1000 1000 1111 1111 1000 96 1111 96 1058 1414 1058|0.001 0.14196128262661256 0.04411570463304981 -0.008270517427584334
1000 1000 1000 96 96 96 96 1111 1111 1111 1111 1414 1058 1058|0.001 0.10041203051811332 0.04476793521908551 -0.0031778689593986442
908 2444 908 1000 1000 222 222 1000 908 2444 908 1808 1414 1023|0.001 0.3012378059887122 0.0829535289928307 0.0013409524533281036
1000 1000 1000 908 908 908 908 2444 222 2444 222 1414 1808 1023|0.001 0.14405754986952957 0.04692277356082242 -0.004509083007228076
2693 1000 1102 1102 245 245 1102 1000 2693 1000 1102 1992 1127 2704|0.001 0.07793148799636107 0.2976885774233806 -0.06741271576159336
908 2444 908 1000 1000 222 222 1000 908 2444 908 1808 1414 1023|0.001 0.2883299292630248 0.08395614164944609 0.006963994839810361
1000 1000 1000 908 908 908 908 2444 222 2444 222 1414 1808 1023|0.001 0.22522364495151104 0.04590369931559701 -0.012637377055595422
2693 1000 1102 1102 245 245 1102 1000 2693 1000 1102 1992 1127 2704|0.001 0.08179493372101554 0.2921935099296835 -0.06479594513481346
4085 4500 4085 11000 11000 4500 4500 1000 4085 4500 4085 4603 11045 8136|0.001 0.5550791423503765 0.056480944804429 0.006512181632376546
1102 1000 245 2693 1102 1102 2693 1000 1102 1000 245 1127 1992 1558|0.001 0.08056035539173889 0.5723074751103718 -0.05544485878888339
11000 1000 11000 4085 4085 4085 4085 4500 4500 4500 4500 11045 4603 8136|0.001 0.4120646855347765 0.043447900475712675 0.0034732166568440803
4085 4500 4085 11000 11000 4500 4500 1000 4085 4500 4085 4603 11045 8136|0.001 0.5771577527066785 0.08543648631441192 0.0060829688052366215
1102 1000 245 2693 1102 1102 2693 1000 1102 1000 245 1127 1992 1558|0.001 0.07455991670280993 0.6242709576132244 -0.03582505034907868
11000 1000 11000 4085 4085 4085 4085 4500 4500 4500 4500 11045 4603 8136|0.001 0.19904070663011808 0.0868533539273697 -0.019618706327921842
1102 1000 245 1000 1000 1000 1000 1000 2693 1000 1836 1127 1731 1992|0.001 0.018172402717806513 0.4391096194071098 0.008572024267516909
4085 7500 4085 4085 4085 4085 4085 4500 4085 11000 4085 4918 4603 7071|0.001 0.9767504934871107 0.003604903863652087 -0.0037811664242570764
908 222 908 908 908 908 908 2444 908 1667 908 1023 1808 909|0.001 0.11268441438922805 0.08089919309236082 0.02844178599605396
2693 1000 1102 1000 1000 1000 1000 1000 1836 1000 245 1992 1002 2438|0.001 0.0714725765193025 0.3084848013023245 0.024229164968072592
1000 1000 1000 1102 245 1836 2693 1000 1000 1000 1000 1002 1127 1204|0.001 0.14127605426190737 5.164024926784805e-05 -0.20422574448788589
908 2444 908 908 908 908 908 222 908 1667 908 1808 1023 909|0.001 0.17089030598770982 0.019784527531221396 -0.012604581914745783
1000 1000 1000 1102 2693 1836 245 1000 1000 1000 1000 1002 1992 2438|0.001 -0.02325373906382322 0.1630816279634728 0.06854524401624706
4085 4500 4085 4085 4085 4085 4085 7500 4085 11000 4085 4603 4918 7071|0.001 0.9921419361356087 0.04272734925174104 -0.00128882697430166
1836 1000 245 1000 1000 1000 1000 1000 2693 1000 1102 1204 1731 2438|0.001 0.07761652067114433 0.7828306003837704 -0.005140279075264154
1000 1000 1000 1836 2693 1102 245 1000 1000 1000 1000 1002 2438 1992|0.001 0.06161652486140534 0.07127520470538995 0.03970323485253502
545 1467 545 545 545 545 545 133 545 600 545 1328 656 546|0.001 0.11523396013545906 0.01365821462210981 -0.04474035209345195
1000 1000 1000 2693 1102 245 1836 1000 1000 1000 1000 1731 1992 1127|0.001 0.10563187944863106 0.07900732240201602 -0.06033913632694676
1836 1000 2693 1000 1000 1000 1000 1000 245 1000 1102 2438 1731 1204|0.001 0.07716109786368275 0.05104113762790963 -0.029409192928225858
1102 1000 2693 1000 1000 1000 1000 1000 245 1000 1836 1992 1731 1127|0.001 0.011733804792373181 0.04177807285129731 0.02160272388691542
1000 1000 1000 2693 1836 245 1102 1000 1000 1000 1000 1731 2438 1204|0.001 0.08953410019765462 0.08896136084725947 -0.025705389621393238
1000 1000 1000 1836 245 1102 2693 1000 1000 1000 1000 1002 1204 1127|0.001 0.0780234308293637 0.050760187738252416 -0.07723944794192694
545 133 545 545 545 545 545 1467 545 600 545 656 1328 546|0.001 0.046647745737713464 0.021191557647455284 -0.02661108190635253
2693 1000 1836 1000 1000 1000 1000 1000 1102 1000 245 2438 1002 1992|0.001 0.1480096192831204 0.1429232791940338 -0.04437775792675014
1104 533 1000 1061 566 302 566 1116 956 595 738 1133 1149 1317|0.001 0.032433060286338744 0.051632552435207923 -0.023284640058834905
1052 533 943 943 696 901 1040 533 561 284 503 1083 1373 836|0.001 0.029619330278076728 0.043181591121577156 -0.02731483570499682
566 738 1061 1000 533 595 1116 1104 302 956 566 1456 1133 613|0.001 0.09790785737868068 0.016413346138279827 -0.0522320622496919
483 906 906 513 273 513 961 866 539 669 1011 1282 1194 705|0.001 0.06668120785609633 0.021345122695441976 -0.05548557775672536
1690 533 1951 1768 1972 1052 943 1875 1305 1000 1768 2329 2577 2500|0.001 0.03934980213116113 0.09432565189291697 0.013301733097235147
1061 1116 566 1104 1000 738 956 533 566 595 302 1458 1414 1456|0.001 0.06834906007510577 0.21225137750324086 -0.014003045186496976
513 866 273 483 906 1011 539 906 961 669 513 778 1027 1321|0.001 0.10800828118224803 0.21648382059987537 0.05427842966240659
1972 1875 1768 3658 3169 2447 3315 1875 3698 3516 3315 2577 2847 2941|0.001 0.43689891269325765 0.041080054410451705 -0.009091705867892985
1000 1104 533 566 1061 566 302 738 1116 956 595 1414 791 1149|0.001 0.0024495074891861535 0.23612946189127904 0.06610935130840767
566 1116 1061 1875 2069 1793 1384 1875 1061 2092 1989 1149 2652 1611|0.001 0.09997139518325371 -0.005345947212580526 -0.0005006793008666133
1305 1875 1768 943 1052 1972 1768 533 1690 1000 1951 1398 1083 2500|0.001 0.11365423679609465 0.08678755834416796 0.0063387798466574274
943 533 696 1052 943 503 561 533 1040 284 901 745 1374 1069|0.001 -0.023219009326953532 0.0943830654091804 0.006285062359607796
507 896 951 662 857 989 896 533 270 478 507 1306 795 770|0.001 0.012232923865549417 0.040694558262133196 0.01910489193101217
806 1295 1511 1437 766 409 766 1355 722 1495 1355 1202 1071 1053|0.001 0.07548817226773696 0.011573439215741832 -0.023580002224899976
1768 1875 1972 1690 1951 1768 1305 533 943 1000 1052 2031 1518 2500|0.001 0.1417908002872137 0.03400241370087764 -0.021832287940013462
316 1154 592 1167 622 558 1046 772 592 1046 1109 898 1479 641|0.001 0.08523618471968808 -0.040646962657830965 -0.03534714065923539
662 533 857 507 951 507 270 896 896 478 989 1267 1030 709|0.001 -0.03305614772870835 0.10094609683278355 0.01102542547440466
3658 1875 3169 1972 1768 3315 3698 1875 3315 3516 2447 4367 2031 3757|0.001 0.3081648994336694 0.029047435933204913 -0.026176209402322126
951 896 507 1607 1241 1680 1854 1875 1782 1680 951 1030 1491 2447|0.001 0.1397421181792846 0.15243254064867484 -0.013392026792832246
943 533 1052 1305 1768 1951 1690 1875 1768 1000 1972 1374 2574 2500|0.001 0.08233630873340614 0.0574758834955591 -0.0027090847367983173
1437 1355 766 806 1511 1355 722 1295 766 1495 409 1972 1916 1975|0.001 0.08755634859191952 0.12080016799864035 0.06545350975918796
1607 1875 1241 951 507 951 1782 896 1854 1680 1680 2376 1306 2214|0.001 0.25780650375297975 0.008143123632402549 -0.13152420652444818
1875 1000 1875 1061 566 566 1061 1116 1075 1116 375 2125 1149 1528|0.001 0.09779990111904224 0.10566717269027581 -0.04070245563132957
1052 533 943 1768 354 1014 1768 1000 1052 533 943 1083 1275 1210|0.001 0.02787783724339743 0.06278241443679944 -0.05351124266639862
566 200 566 533 533 595 595 1000 302 573 302 721 1133 613|0.001 0.02727030034842315 0.03936950067666034 -0.005174776825239702
1900 1000 3315 1768 1972 1972 1768 1875 663 1875 3315 2702 2577 2269|0.001 0.07680631830360607 0.032272162023683215 0.016400614713467654
1061 1116 566 1875 1875 375 1075 1000 1061 1116 566 1458 2125 1352|0.001 0.10917555492795383 0.23125800785256612 -0.03798034094269043
1875 1000 1875 566 1061 1061 566 1116 375 1116 1075 2125 1458 1352|0.001 0.007319675014492155 0.08327944121168107 0.1013706875417264
302 573 302 533 533 595 595 1000 566 200 566 815 1133 777|0.001 0.019650463132410145 0.01194511040450097 -0.007070599321560289
1972 1875 1768 3315 1900 663 3315 1000 1972 1875 1768 2577 2702 2269|0.001 0.23473043157376416 0.0947633714117524 -0.06756290211038962
533 1000 533 566 566 302 302 200 595 573 595 1133 721 613|0.001 0.050031011215421195 0.07942920947900278 -0.0014535435566931376
566 1116 1061 1875 1875 1075 375 1000 566 1116 1061 1149 2125 1528|0.001 0.08602911754106657 0.014201488509788529 0.031156036397328446
354 1000 1768 943 1052 1052 943 533 1014 533 1768 1275 1083 1210|0.001 0.006750132321649005 0.019379640872265735 0.006708796436336595
1768 1000 354 1052 943 943 1052 533 1768 533 1014 1275 1374 2003|0.001 0.04238049931938548 0.4545645299457646 0.005606775091209215
2975 2867 2975 2828 2828 1508 1508 5000 2667 5000 2667 3423 3606 3887|0.001 0.38281394620043985 0.10093238077281574 0.00017444722447690353
1768 1875 1972 1900 3315 3315 663 1000 1768 1875 1972 2031 2702 3757|0.001 0.11845701508934159 0.12937454580276952 0.13493839989654255
526 1744 526 1038 1038 930 930 349 987 1744 987 1422 1194 1069|0.001 0.12130924424109013 0.047887939067676744 -0.008387170927284249
3315 1000 1900 1972 1768 1768 1972 1875 3315 1875 663 2702 2031 3757|0.001 0.049148015083906316 0.22826607783124064 0.036727134285625684
1038 349 1038 526 526 987 987 1744 930 1744 930 1194 1422 1069|0.001 0.10532070033408392 0.023633934957936198 -0.07603916557581081
951 896 507 963 336 1680 1680 1000 951 896 507 1030 1151 1212|0.001 0.0968000261386659 0.15483472976561163 -0.08176490282134075
2828 5000 2828 2975 2975 2667 2667 2867 1508 5000 1508 3606 3423 3887|0.001 0.6559049452594334 0.07369438945360907 -0.0065136501438500805
963 1000 336 951 507 507 951 896 1680 896 1680 1151 1306 1370|0.001 0.06256577970240818 0.26634664242547235 -0.030077278771596383
250 1000 250 1021 1604 1604 1021 1875 1875 1875 1875 1031 2490 1744|0.001 0.10588469440836024 -0.020562587292928258 -0.009821389260005198
4085 7500 4085 4000 4000 7500 7500 1000 6418 7500 6418 4918 4123 9959|0.001 1.0205411477934034 0.10133171309105515 -0.01956157681703763
4000 1000 4000 6418 6418 4085 4085 7500 7500 7500 7500 4123 6978 4323|0.001 0.7131791919621033 0.056310623070192634 -0.005374278679203259
1169 1000 156 623 1169 1169 623 637 1169 637 156 1087 674 1653|0.001 0.04708986932943082 0.7117906481619607 0.051691672196674254
250 1000 250 1604 1021 1021 1604 1875 1875 1875 1875 1031 1081 1230|0.001 0.10698869631873054 -0.018655446467729098 -0.00876784383027962
6418 7500 6418 4000 4000 7500 7500 1000 4085 7500 4085 6978 4123 4323|0.001 0.9148684558138864 0.07751659046447257 -0.026375309556088133
4000 1000 4000 4085 4085 6418 6418 7500 7500 7500 7500 4123 4918 9959|0.001 0.29300919100201606 0.06410859974451899 -0.0009140617291636399
1836 1000 245 979 1836 1836 979 1571 1836 1571 245 1204 2438 2596|0.001 0.13669597215854035 1.0415470610263555 0.10689822259131176
856 533 545 1000 1000 133 133 1000 856 533 545 576 1414 930|0.001 0.006089483084241731 0.09155858238357073 0.002340015420794206
1000 1000 1000 545 545 856 856 133 533 133 533 1414 656 576|0.001 -0.003305205272643441 0.05241330900619179 0.007200949791723588
623 637 1169 1169 156 156 1169 1000 623 637 1169 1552 1087 642|0.001 0.10374219811594587 -0.00953007366434333 -0.08950967203073867
1000 1000 1000 856 545 545 856 533 133 533 133 1414 1328 656|0.001 0.060492828582339175 0.032890891439474323 -0.0017070963887744206
1000 1000 1000 856 856 545 545 133 533 133 533 1414 930 1328|0.001 -0.0024519113285514926 0.056173308947540246 0.006844708820281653
545 533 856 1000 1000 133 133 1000 545 533 856 1328 1414 656|0.001 -0.002882604474181427 0.10077855353572085 0.0018324938810021507
979 1571 1836 1836 245 245 1836 1000 979 1571 1836 1058 1204 1009|0.001 0.0841022842310668 0.002225166162788117 -0.07561964546211053
1000 1000 1000 545 856 856 545 533 133 533 133 1414 576 930|0.001 0.00930435640706051 0.07784501757840179 0.0319416225991942
2719 1000 906 273 513 513 273 866 1994 866 520 1861 778 2384|0.001 0.10493021646409195 0.29591414366150426 0.08263593782183998
3169 1875 3658 3315 1900 7292 9944 1000 3169 1875 3658 2847 2702 4889|0.001 0.2307122251688476 -0.0003548155140775666 -0.19287531505429723
302 573 302 1104 1104 956 956 3000 566 2200 566 815 2054 859|0.001 0.15965701058028525 0.08920227074998843 0.01716133139110232
368 333 368 189 189 101 101 733 319 191 319 685 877 439|0.001 -0.006323800701462101 0.044772500537837434 0.005093985747364194
3889 1000 5303 1951 1690 1690 1951 533 1014 533 1768 4650 2329 2607|0.001 0.07293357868753736 0.0434929288869057 -0.027809854886237106
273 866 513 2719 906 520 1994 1000 273 866 513 1194 1861 739|0.001 0.10017593809811043 -0.021720993634204433 -0.056787687050970925
906 1000 2719 513 273 273 513 866 520 866 1994 1861 1194 739|0.001 0.04060629934154791 0.022379787200721424 -0.02210284821112185
189 733 189 368 368 319 319 333 101 191 101 877 685 439|0.001 -0.016924047113526797 0.07174313420974521 0.014653296713249553
1690 533 1951 5303 3889 1014 1768 1000 1690 533 1951 2329 4650 2607|0.001 0.005808285286685866 0.0883332893277311 -0.0052240300805661555
1104 3000 1104 302 302 566 566 573 956 2200 956 2054 815 859|0.001 0.2774173137075975 0.1311046355337364 0.05864435188741801
513 866 273 906 2719 1994 520 1000 513 866 273 778 1861 2384|0.001 0.015157242985386343 0.21509856443449937 0.15216916154401794
1900 1000 3315 3658 3169 3169 3658 1875 7292 1875 9944 2702 2847 4889|0.001 0.12275600624946703 -0.017986151072835188 -0.0010196415839558437
3315 1000 1900 3169 3658 3658 3169 1875 9944 1875 7292 2702 4367 6807|0.001 0.1327579424501324 0.2818020565255108 0.006884739227375203
1668 3837 1668 526 526 987 987 1744 1925 5233 1925 2573 1422 2298|0.001 0.5074889968233842 0.15081794146590166 0.0810632478435136
1951 533 1690 3889 5303 1768 1014 1000 1951 533 1690 1518 4650 3631|0.001 -0.042934154608003094 0.12197582608189705 0.004682353743619139
257 1364 257 435 435 502 502 261 137 455 137 1196 670 390|0.001 0.029378302085627528 0.07514723332770368 0.018244853627236157
600 1000 2301 592 316 316 592 1154 1046 1154 3138 1543 898 853|0.001 0.04524265174408404 -0.00889598301781147 -0.026263469420008123
5303 1000 3889 1690 1951 1951 1690 533 1768 533 1014 4650 1518 3631|0.001 0.0032081422417129524 0.11424863433940224 0.03885102366333104
435 261 435 257 257 137 137 1364 502 455 502 670 1196 390|0.001 0.009182909593226096 0.05833090581163214 0.00010894236908365329
316 1154 592 2301 600 1046 3138 1000 316 1154 592 898 1543 853|0.001 0.09603882137628084 -0.021397921258998753 -0.07965530183095648
526 1744 526 1668 1668 1925 1925 3837 987 5233 987 1422 2573 2298|0.001 0.545948392308615 -0.013773238149151767 -0.04652972144019718
2301 1000 600 316 592 592 316 1154 3138 1154 1046 1543 1378 2751|0.001 0.08704146921242772 0.5286269911481134 0.07172989104885286
2069 1875 1875 1061 566 1061 1989 1116 1793 2092 1384 2652 1149 1611|0.001 0.1967613768314025 0.11525055626332659 -0.027478024122495892
1052 533 943 1768 1305 1690 1951 1875 1972 1000 1768 1083 1398 2500|0.001 0.0509769019032591 0.06609237586070238 -0.006675127894012478
1061 738 566 533 1000 1116 595 1104 566 956 302 791 1414 1149|0.001 0.020039979712171974 0.12200841016834385 0.07984091152120065
3169 1875 3658 1768 1972 3698 3315 1875 2447 3516 3315 2847 2577 2941|0.001 0.24477219857437893 0.019193846011595905 -0.021720947126782075
1061 1116 566 2069 1875 1384 1793 1875 1989 2092 1061 1458 2125 1482|0.001 0.1407457956923852 0.30469510150886725 0.022286314230626214
1000 533 1104 566 1061 566 302 1116 738 595 956 1414 1458 1456|0.001 -0.007794241306436911 0.1037005201528074 0.034634049674520107
273 866 513 906 483 539 1011 906 513 669 961 1194 1282 705|0.001 0.08689813492286813 -0.025945809848451074 -0.036389687603426424
1972 1875 1768 1951 1690 1305 1768 533 1052 1000 943 2577 2329 2500|0.001 0.15012038853989385 0.07278844889926361 0.0013579178862332952
533 1104 1000 1061 566 302 566 738 595 956 1116 1133 1456 613|0.001 0.07972428672452736 0.021344655734776286 -0.0147345130127996
566 1116 1061 1000 1104 956 738 533 302 595 566 1149 1133 1317|0.001 0.017017478139644826 0.03970074535597723 0.013504918356275208
696 533 943 943 1052 561 503 533 901 284 1040 1373 1083 836|0.001 -0.017131090678115246 0.0772667701056795 -0.003279801764657364
1768 1875 1305 1052 943 1768 1972 533 1951 1000 1690 2574 1374 2500|0.001 0.12895199746979502 0.1003051571371616 0.0021104400820504132
507 896 951 1241 1607 1854 1680 1875 951 1680 1782 1306 2376 2214|0.001 0.042052708838038466 0.09740863325328863 0.037380967728086745
1511 1295 806 766 1437 766 409 1355 1355 1495 722 1916 1972 1975|0.001 0.006893071068621026 0.2226666867493199 0.04783000573953311
1768 1875 1972 3169 3658 3315 2447 1875 3315 3516 3698 2031 4367 3757|0.001 0.22922715972738983 0.06391258059169624 -0.02649725515692536
592 1154 316 622 1167 1046 558 772 1109 1046 592 1378 928 1202|0.001 0.0952202102839883 0.29105551679434294 0.056600702355373844
1951 533 1690 1972 1768 943 1052 1875 1768 1000 1305 1518 2031 2500|0.001 0.030974933410052863 0.10704452786374663 0.013583809090980115
622 772 1167 592 316 592 1109 1154 558 1046 1046 1479 898 641|0.001 0.08982508208392082 -0.012115737986195807 -0.08309215073411536
951 896 507 857 662 896 989 533 507 478 270 1030 1267 709|0.001 0.06435480409792582 0.12400301617084164 -0.0018380696966913135
943 533 1052 696 943 1040 901 533 503 284 561 1374 745 1069|0.001 -0.02669966342245922 0.1026644354585815 0.0009230509475655069
766 1355 1437 1511 806 722 1355 1295 409 1495 766 1071 1202 1053|0.001 0.08050263329796081 0.025291577118642383 -0.04058531677203714
857 533 662 951 507 270 507 896 989 478 896 795 1306 770|0.001 -0.002979868994420487 0.09742128980933407 -0.02604234266290195
963 1000 336 1241 1607 1607 1241 1875 3697 1875 2521 1151 2376 2479|0.001 0.03002183381642709 0.41169405227212685 0.01708029626714458
3691 7500 3691 2975 2975 5579 5579 2867 4781 11000 4781 4596 3423 7071|0.001 1.3709074688237566 0.013292323247560134 -0.04143690381887777
1038 349 1038 1668 1668 1288 1288 3837 1946 2616 1946 1194 2573 1547|0.001 0.16487675327174767 0.03260011842105115 -0.015821813673400076
2301 1000 600 622 1167 1167 622 772 1569 772 209 1543 928 2230|0.001 0.028037217967138428 0.3953863827112558 0.037977467841951995
336 1000 963 1607 1241 1241 1607 1875 2521 1875 3697 1151 1491 1545|0.001 0.09363987177686495 -0.08379516320687452 -0.01188858887642752
1668 3837 1668 1038 1038 1946 1946 349 1288 2616 1288 2573 1194 1547|0.001 0.35178745030822967 0.10074936984039606 0.06800294767750126
2975 2867 2975 3691 3691 4781 4781 7500 5579 11000 5579 3423 4596 7071|0.001 0.9667813743688125 0.18282444584986735 0.049320158541610315
2032 1000 271 806 1511 1511 806 1295 2980 1295 777 1245 1916 2888|0.001 0.0871887268210414 0.9023640282882184 0.012472371949652228
857 533 662 1344 1972 514 179 1000 857 533 662 795 1911 1322|0.001 -0.02385345062358768 0.09235353841353655 0.00689401761036601
744 1467 744 492 492 637 637 133 397 382 397 1421 613 591|0.001 0.09548612148054136 0.07725343013588626 -0.02754400054207795
622 772 1167 2301 600 209 1569 1000 622 772 1167 1479 1543 716|0.001 0.10793276345183456 -0.013014361885027581 -0.06193194580760619
1344 1000 1972 857 662 662 857 533 179 533 514 1911 1267 824|0.001 0.034078949311633355 0.06305747413483997 -0.009566960463661678
507 682 507 435 435 336 336 261 270 91 270 969 670 643|0.001 -0.028861637819640462 0.05684676486443774 0.016776848041168968
662 533 857 1972 1344 179 514 1000 662 533 857 1267 1911 824|0.001 -0.006004627696877263 0.09006037219973839 -0.011136251642229755
806 1295 1511 2032 271 777 2980 1000 806 1295 1511 1202 1245 927|0.001 0.09659829653281271 -0.01357962218610509 -0.10319199385614652
1972 1000 1344 662 857 857 662 533 514 533 179 1911 795 1322|0.001 0.02154366960041454 0.13098981320018632 0.01366604360740542
1000 1000 1000 693 87 71 566 817 950 738 600 1414 1052 1002|0.001 0.09136143408976283 0.1179549136057978 -0.07897263845731861
566 600 693 1000 1000 738 817 1000 71 950 87 1149 1414 1051|0.001 0.0066567984028753635 0.11893861822466434 -0.011674799580880801
10970 816 11547 11547 9434 8524 11547 8000 6928 6532 11547 11576 9522 13892|0.001 0.8909577493637344 -0.0165059122913791 -0.005295064858685805
693 817 87 1000 1000 600 950 1000 566 738 71 825 1414 1149|0.001 0.04192672306896794 0.8495132791333715 -0.014707689008562896
10440 8000 14142 14142 13435 8485 14142 1225 11554 9798 14142 10198 13472 13454|0.001 1.0355601859731967 0.09318526395158067 -0.00793692180963701
1000 1000 1000 566 693 87 71 600 817 950 738 1414 825 1052|0.001 0.07573217641385188 0.08402046925854112 0.0034920699660800913
1230 1583 1362 1155 943 118 144 1667 1667 1667 1667 1586 1374 1202|0.001 0.20283400336626567 0.08957211293969758 0.0013953758698526109
11547 8000 9434 10970 11547 11547 6928 816 11547 6532 8524 12152 11000 16330|0.001 0.9318092697705693 0.02837534452363011 0.0367743100121265
14142 1225 13435 10440 14142 14142 11554 8000 14142 9798 8485 14177 14866 20000|0.001 0.752075648241779 0.14536076756003657 0.01243850386736245
766 1355 96 1287 813 1355 1355 1107 938 1355 117 1424 1289 1556|0.001 0.07789071806477699 0.8863818367678244 -0.015473291349276108
1155 1667 943 1230 1362 1667 1667 1583 144 1667 118 1915 2005 1374|0.001 0.24225306284515247 0.05016000532406251 -0.009041625575121337
1287 1107 813 766 96 117 938 1355 1355 1355 1355 1630 977 1358|0.001 0.08558517712599967 0.1201617433056823 -0.07894963181942716
1000 1000 1000 87 87 71 71 900 950 900 950 1414 953 1002|0.001 0.05223366143264796 0.07341149959759985 -0.013702795179461047
10392 1000 11547 11547 10970 10970 11547 816 10392 816 11547 11000 11576 15111|0.001 0.06529276095060377 0.07597160187233998 0.01851033205338304
71 950 87 1000 1000 900 900 1000 71 950 87 1002 1414 951|0.001 0.04892331023876206 0.09937465512937171 -0.010111629237405939
1000 1000 1000 87 71 71 87 950 900 950 900 1414 1002 951|0.001 0.04365272775356477 0.12439018029746007 0.007511022350250585
10970 816 11547 11547 10392 10392 11547 1000 10970 816 11547 11576 11000 15111|0.001 0.06451692149681998 0.09628997649546944 -0.02389031141391107
87 900 87 1000 1000 950 950 1000 71 900 71 953 1414 1002|0.001 0.10390675443927577 0.022354885964828153 -0.007798779949554913
1000 1000 1000 71 71 87 87 900 950 900 950 1414 951 953|0.001 0.060783432938202875 0.08704533270906589 0.013494634114437076
87 950 71 1000 1000 900 900 1000 87 950 71 953 1414 953|0.001 0.07452976238425446 0.05962937831869963 -0.004222333957237812
12728 1000 14142 14142 13435 13435 14142 1225 12728 1225 14142 13454 13472 18507|0.001 0.10403191635832698 0.04071433190862228 -0.03235527875707467
1000 1000 1000 71 87 87 71 950 900 950 900 1414 953 953|0.001 0.0483584413453686 0.11453242973354927 0.0031055908466925963
71 900 71 1000 1000 950 950 1000 87 900 87 951 1414 953|0.001 0.09942440337600722 0.0067677395562260045 -0.004944500539625363
13435 1225 14142 14142 12728 12728 14142 1000 13435 1225 14142 13472 13454 18507|0.001 0.04950744476440505 0.07862150448019634 -0.019188394699173328
11547 816 10970 10392 11547 11547 10392 1000 11547 816 10970 11000 11000 16330|0.001 -0.025854589499706426 0.16362496168461638 0.051694185033430706
96 1111 96 1056 1056 1111 1111 1000 79 1111 79 1058 1454 1058|0.001 0.11594695243063002 0.08878078827503133 -0.010882735625554751
947 1000 947 91 74 74 91 1053 1053 1053 1053 1378 1003 1001|0.001 0.10527465406609204 0.01637204065046971 -0.013667758209625624
11547 1000 10392 10970 11547 11547 10970 816 11547 816 10392 11000 11000 16330|0.001 0.09803122069843573 0.08070649781999562 -0.0031585103408171555
74 1053 91 947 947 1053 1053 1000 74 1053 91 1003 1378 1001|0.001 0.03542469155410899 0.12096863228918453 0.024060524012869955
1056 1000 1056 96 96 79 79 1111 1111 1111 1111 1454 1058 1058|0.001 0.09288419328058461 0.027878811034172113 -0.006751513641513052
14142 1225 13435 12728 14142 14142 12728 1000 14142 1225 13435 14177 13454 20000|0.001 0.03258810708784532 0.1410137688648616 0.021047013633426204
947 1000 947 74 91 91 74 1053 1053 1053 1053 1378 1055 1003|0.001 0.07748773803710751 0.09323606013392327 -0.028696315020110275
79 1111 79 1056 1056 1111 1111 1000 96 1111 96 1057 1454 1114|0.001 0.0541291716988157 0.096034212892524 0.03055089778492226
14142 1000 12728 13435 14142 14142 13435 1225 14142 1225 12728 13454 14177 20000|0.001 0.0683290315818974 0.11097774121408444 -0.024846280487599293
91 1053 74 947 947 1053 1053 1000 91 1053 74 1055 1378 1003|0.001 0.06089066817160704 0.10158408833681021 0.0238951841333912
1056 1000 1056 79 79 96 96 1111 1111 1111 1111 1454 1057 1114|0.001 0.13892813288941097 0.018843345385937127 -0.03366345165635165
9434 8000 11547 11547 10970 6928 11547 816 8524 6532 11547 9522 11576 13892|0.001 0.9378972549882381 0.07556160080115282 -0.021343976045727908
1000 1000 1000 693 566 71 87 600 738 950 817 1414 1149 1051|0.001 0.07636373277889019 0.0855486119138571 0.002648920613046446
1000 1000 1000 566 71 87 693 738 950 817 600 1414 1051 953|0.001 0.09735202405561694 0.11221531862116274 -0.08884459539743261
693 600 566 1000 1000 817 738 1000 87 950 71 825 1414 1052|0.001 0.0975731214185771 0.057161374644645324 -0.016524117858487397
566 738 71 1000 1000 600 950 1000 693 817 87 721 1414 825|0.001 0.060661610482284356 1.1112908740760252 -0.0023124850230671345
13435 1225 14142 14142 10440 11554 14142 8000 8485 9798 14142 13472 10198 13454|0.001 0.6041386319949549 0.08789305448821505 0.012670793551055048
11547 816 10970 9434 11547 11547 8524 8000 11547 6532 6928 11000 12152 16330|0.001 0.4931958990541174 0.07859425054391966 -0.00974154780694736
848 1224 106 1163 734 1224 1224 904 692 1224 87 1288 1473 1009|0.001 0.06045776809783465 0.8417667793162842 0.003955958069725707
943 1667 1155 1362 1230 1667 1667 1583 118 1667 144 1374 1586 1202|0.001 0.2624698234063705 0.061119324413936305 -0.018831476162600724
1163 904 734 848 106 87 692 1224 1224 1224 1224 1164 1009 1166|0.001 0.08418565142207735 0.12087702853155635 -0.0777989813191915
1362 1583 1230 943 1155 144 118 1667 1667 1667 1667 2005 1915 1374|0.001 0.17824197343333958 0.08729630227135132 0.0044924368160903505
14142 8000 10440 13435 14142 14142 8485 1225 14142 9798 11554 14866 14177 20000|0.001 1.0436029764498778 0.038853232196081056 0.0042756082725503575
3000 1000 3000 566 1061 1061 566 738 3000 738 3000 3162 791 3182|0.001 -0.005259747835019146 0.10583969815249228 0.014365679710912627
1305 1875 1768 5303 5303 5303 5303 1000 1305 1875 1768 1398 5397 5462|0.001 0.2152197987800064 -0.00760727469960365 -0.030455224030864203
189 1000 189 333 333 246 246 1000 354 1000 354 1018 1054 264|0.001 0.060496758861485755 0.07968321349502316 -0.0177500355709459
333 1000 333 354 354 189 189 1000 246 1000 246 1054 1061 485|0.001 0.016701863766508396 0.10208951390210164 0.0010088035504685067
2828 1000 2828 943 696 696 943 533 2828 533 2828 3000 1373 2913|0.001 -0.002850561033919119 0.11999634718358632 0.03931554227874834
566 738 1061 3000 3000 3000 3000 1000 566 738 1061 1456 3162 3053|0.001 0.024131950739987307 0.034876256599190025 0.011327104626188689
3000 1000 3000 1061 566 566 1061 738 3000 738 3000 3162 1456 3053|0.001 0.12109077978250005 0.023977635489995652 -0.07746158839859962
354 1000 354 333 333 246 246 1000 189 1000 189 1061 1054 485|0.001 0.1641243636685874 0.026650309463784883 -0.04040765395752044
696 533 943 2828 2828 2828 2828 1000 696 533 943 1373 3000 2913|0.001 0.04487313255270742 0.050725367951316436 -0.021839188214249905
333 1000 333 189 189 354 354 1000 246 1000 246 1054 1018 264|0.001 0.07076897505990942 0.0638256558378969 -0.03353352591983105
1061 738 566 3000 3000 3000 3000 1000 1061 738 566 791 3162 3182|0.001 0.10720564488802431 0.1645864357906346 -0.0088662004286999
5303 1000 5303 1768 1305 1305 1768 1875 5303 1875 5303 5397 1398 5462|0.001 0.11235825938721744 0.056653834484112764 0.0033141260263791494
5303 1000 5303 1305 1768 1768 1305 1875 5303 1875 5303 5397 2574 5590|0.001 0.03523248154698955 0.0968228501296231 0.019432637164193967
1437 1355 766 4064 4064 4064 4064 1000 1437 1355 766 1972 4185 4310|0.001 0.06598907874675763 0.2177375120547742 0.02376126391247846
246 1000 246 189 189 354 354 1000 333 1000 333 1030 1018 485|0.001 0.10010472792229885 0.056659707987161134 -0.03263262005043788
943 533 696 2828 2828 2828 2828 1000 943 533 696 745 3000 2981|0.001 0.054881308858703015 0.030216233704920548 -0.02327423407172846
354 1000 354 246 246 333 333 1000 189 1000 189 1061 1030 264|0.001 0.046458963250102236 0.10478859091905601 0.0007129105313152806
4064 1000 4064 1437 766 766 1437 1355 4064 1355 4064 4185 1071 4135|0.001 0.03690622939123367 0.08278912507968084 -0.01641797871312689
2828 1000 2828 696 943 943 696 533 2828 533 2828 3000 745 2981|0.001 0.037555795064982966 0.08096466401467328 -0.004527730031175237
246 1000 246 354 354 189 189 1000 333 1000 333 1030 1061 264|0.001 0.14061105816124186 0.039349682012010945 -0.010372850119870769
766 1355 1437 4064 4064 4064 4064 1000 766 1355 1437 1071 4185 4135|0.001 0.0036343380515657664 0.06674391351691566 0.013717948994431683
1768 1875 1305 5303 5303 5303 5303 1000 1768 1875 1305 2574 5397 5590|0.001 0.20260277642689895 0.12359691768432768 0.0020381912639244604
189 1000 189 246 246 333 333 1000 354 1000 354 1018 1030 485|0.001 0.0371555875107199 0.08488571430709246 0.007289868172086766
4064 1000 4064 766 1437 1437 766 1355 4064 1355 4064 4185 1972 4310|0.001 -0.001845340701027709 0.0783492616754744 0.03852446729220471
1000 1000 1000 566 71 566 1061 738 1116 738 1116 1414 1051 1149|0.001 0.08604171406860983 0.08488489968215385 -0.0920147262062454
1305 125 1768 1768 1972 1972 1768 1875 1305 1000 1768 1858 2577 2500|0.001 0.07431063268125815 0.020940215725178124 -0.00559412376138102
1061 1116 566 1000 1000 738 738 1000 566 1116 71 1458 1414 1456|0.001 0.09307019836130248 0.16254725615804322 -0.023488895561615264
15780 8000 14142 14142 10440 10440 14142 8000 15780 15000 14142 16248 10198 17776|0.001 1.4805731121093713 0.05791052553927978 0.0022977763305886967
566 738 71 1000 1000 1116 1116 1000 1061 738 566 721 1414 1458|0.001 0.06608151146474173 0.9730967997496975 -0.0012700097686413336
1000 1000 1000 566 1061 566 71 738 1116 738 1116 1414 791 1149|0.001 0.010101023479311966 0.13908061853388887 0.05440458657006042
1305 1875 1768 1768 1972 1972 1768 125 1305 1000 1768 1398 1772 2500|0.001 0.11619646843225917 0.013067012916800902 -0.022025148843695108
1000 1000 1000 1061 566 71 566 1116 738 1116 738 1414 1149 1051|0.001 0.08957010989685044 0.0910658811506515 -0.0412281966646999
566 738 1061 1000 1000 1116 1116 1000 71 738 566 1456 1414 1002|0.001 0.01653338687450434 0.045176905174511006 0.027275485302136193
1768 1875 1972 1305 1768 1768 1305 125 1768 1000 1972 2031 1275 2500|0.001 0.10916867194087354 0.042749613952557386 -0.0026076668092123167
662 1000 662 507 951 507 63 896 896 896 896 1267 1030 709|0.001 0.04243659650748244 0.0825483034268748 0.07015799357598551
14142 8000 10440 15780 14142 14142 15780 8000 14142 15000 10440 14866 14177 20000|0.001 1.7085568865831968 0.04448567846388807 0.017658850805812865
507 896 63 662 662 896 896 1000 951 896 507 898 1127 1305|0.001 0.08616708341531387 0.8767635979693544 -0.015510686128863416
1768 125 1972 1305 1768 1768 1305 1875 1768 1000 1972 2031 2574 2500|0.001 0.0613835071419655 0.037541794033044695 -0.026923003543549706
662 1000 662 507 63 507 951 896 896 896 896 1267 1030 942|0.001 0.11372350563898292 0.058778311354812374 -0.12369149391634804
1437 1355 766 1511 1511 1355 1355 1000 766 1355 96 1972 1916 1975|0.001 0.11500414832376515 0.19166146615416713 0.001426976802598734
507 896 951 662 662 896 896 1000 63 896 507 1306 1127 646|0.001 0.01775863779814202 0.03435104893097396 0.012526687914722334
1511 1000 1511 1437 766 96 766 1355 1355 1355 1355 1703 1071 1556|0.001 0.09110068000918181 0.08901848596995832 -0.042934214697288864
10440 8000 14142 14142 15780 15780 14142 8000 10440 15000 14142 10198 16248 17776|0.001 1.3781556578867593 0.11940870802038317 0.033412854282641735
566 1116 71 1000 1000 738 738 1000 1061 1116 566 1149 1414 791|0.001 0.09589090642621478 1.0237008721786967 -0.009594180587352286
1000 1000 1000 566 1061 566 71 1116 738 1116 738 1414 1458 1456|0.001 0.04024922849770629 0.10797231193769408 0.07741050446326225
1972 1875 1768 1768 1305 1305 1768 125 1972 1000 1768 2577 1858 2500|0.001 0.14910796455114506 0.07953394633200217 -0.011594892326408646
1000 1000 1000 1061 566 71 566 738 1116 738 1116 1414 1456 1002|0.001 0.08458858921760237 0.0923488442178555 -0.04076135774103484
566 1116 1061 1000 1000 738 738 1000 71 1116 566 1149 1414 1051|0.001 0.00880060898373669 0.05415469135973572 0.013792731590478446
1000 1000 1000 566 71 566 1061 1116 738 1116 738 1414 1002 721|0.001 0.09191288616497317 0.08629353387857197 -0.08730708487977856
1061 738 566 1000 1000 1116 1116 1000 566 738 71 791 1414 1149|0.001 0.04978285090993184 0.1412048950958411 0.006491777052555214
1972 125 1768 1768 1305 1305 1768 1875 1972 1000 1768 1772 1398 2500|0.001 0.07535285101452294 0.03450719284740611 -0.016979392667004767
14142 8000 15780 10440 14142 14142 10440 8000 14142 15000 15780 14177 14866 20000|0.001 1.8333575766034738 0.047080919050768166 -0.01280911422061548
766 1355 96 1511 1511 1355 1355 1000 1437 1355 766 1424 1703 1556|0.001 0.01685448158411429 0.8359593519636355 0.01156488212989304
1768 125 1305 1972 1768 1768 1972 1875 1768 1000 1305 1275 2031 2500|0.001 0.0628313862175478 0.029369133195387143 -0.014226916917970955
951 896 507 662 662 896 896 1000 507 896 63 1030 1267 709|0.001 -0.011805117500988116 0.20019891301363613 0.038829581104875555
1511 1000 1511 766 96 766 1437 1355 1355 1355 1355 1916 977 1358|0.001 0.11229267940492171 0.05506322734064595 -0.10859939408769836
662 1000 662 951 507 63 507 896 896 896 896 1127 1306 646|0.001 0.08391854414181443 0.09555402524616952 -0.04034304326981264
766 1355 1437 1511 1511 1355 1355 1000 96 1355 766 1071 1703 1556|0.001 0.02657078119587153 0.05422670071868474 -0.002242096121609638
1768 1875 1305 1972 1768 1768 1972 125 1768 1000 1305 2574 2031 2500|0.001 0.12997390357631033 -0.0025754566462110606 -0.020868332702156378
1511 1000 1511 766 1437 766 96 1355 1355 1355 1355 1916 1972 1975|0.001 0.04320446789220167 0.10598513321157466 0.07772351423911639
1175 2737 860 947 947 211 211 1000 1175 2737 860 2118 1378 1257|0.001 0.3359244457884736 0.07731195973171179 0.006246856368552489
947 1000 947 860 1175 1175 860 2737 211 2737 211 1378 2118 1257|0.001 0.1856556959570832 0.06166542301856426 -0.01592229533219247
3182 1366 1163 1102 245 245 1102 1000 3182 1366 1163 2462 1127 3192|0.001 0.07604898778276414 0.33535343092829795 -0.06321378834497016
860 2737 1175 947 947 211 211 1000 860 2737 1175 1763 1378 969|0.001 0.33001875616775145 0.07345540051808097 0.005551467316544656
947 1000 947 1175 860 860 1175 2737 211 2737 211 1378 1763 969|0.001 0.24475303232740275 0.09879299762658222 -0.021538643687951664
2330 732 851 807 179 179 807 1000 2330 732 851 1501 1070 2337|0.001 0.07733507711201959 0.3385528567570306 -0.06407110197944599
4085 4500 4085 13000 13000 4750 4750 1000 5579 4500 5579 4603 13038 8374|0.001 0.5565088786929495 0.05416180038771312 0.00911989950171943
1102 1000 245 3182 1163 1163 3182 1366 1102 1366 245 1127 2050 1602|0.001 0.06452582111997174 0.5299768963058415 -0.05063960141598156
13000 1000 13000 4085 4085 5579 5579 4500 4750 4500 4750 13038 4603 8374|0.001 0.2708390512609604 0.09609050004208752 -0.018817421301303705
5579 4500 5579 13000 13000 4750 4750 1000 4085 4500 4085 5969 13038 10059|0.001 0.5402904493985838 0.07353401478885635 0.006237385893033132
807 1000 179 2330 851 851 2330 732 807 732 179 1070 1803 1173|0.001 0.08021971712284026 0.5968076405616207 -0.049269311361177515
13000 1000 13000 5579 5579 4085 4085 4500 4750 4500 4750 13038 5969 10059|0.001 0.355691162798597 0.07820425671438702 0.008739722280215467
1163 904 734 1000 1000 1366 1366 1000 3182 904 2754 1164 1731 2462|0.001 0.020956521462527355 0.14086957239740627 0.007157455357471587
1860 3750 1362 1362 1230 1230 1362 1583 1860 4333 1362 2791 1586 2357|0.001 0.39874481927433925 0.11442755594267551 0.033578798605216065
777 632 860 860 1175 1175 860 2737 777 2368 860 1266 2118 1323|0.001 0.12722352724414687 0.06730927393585162 -0.007330723749634505
3182 1366 1163 1000 1000 904 904 1000 2754 1366 734 2462 1002 3308|0.001 0.03810034576894994 0.30060591878799947 0.022283852703979257
1000 1000 1000 1163 734 2754 3182 904 1366 904 1366 1002 1473 2050|0.001 0.15382272941931951 -0.007709914617717306 -0.17268605032061513
813 1107 1287 1511 1511 1107 1107 1000 3048 1107 3522 1289 1703 1821|0.001 0.05727039135317691 0.04708860367611756 0.006969037101454134
860 2737 1175 777 860 860 777 632 860 2368 1175 1763 1001 862|0.001 0.28224016241845895 0.13638948877423118 0.008889605002773138
662 1000 662 851 2330 2016 538 732 732 732 732 1127 1501 2122|0.001 0.025180028909228547 0.1285775525967181 0.18533747169228842
1362 1583 1230 1860 1362 1362 1860 3750 1362 4333 1230 2005 2241 2357|0.001 0.27031789700348696 0.07371155502301718 -0.017863825457140603
2016 732 538 662 662 732 732 1000 2330 732 851 1205 1267 2422|0.001 0.0423349825062691 0.5511379034721808 0.01626740582291175
734 1366 2754 1000 1000 904 904 1000 1163 1366 3182 1646 1002 1164|0.001 0.01566299675588745 0.025927312955538184 0.00913424767574389
1000 1000 1000 2754 3182 1163 734 904 1366 904 1366 1002 2898 2050|0.001 0.03456876158566269 0.12646484361914512 0.025171616080030823
328 1156 363 363 496 496 363 267 328 422 363 1052 598 559|0.001 0.06549426137473446 0.03250149333717589 -0.013833939777104787
1000 1000 1000 3182 1163 734 2754 1366 904 1366 904 1731 2050 1473|0.001 0.07899770157311803 0.09034104110394958 -0.052563137221806056
429 365 314 314 284 284 314 865 429 231 314 644 1040 544|0.001 0.024287058916687698 0.012727802340419814 -0.007619236293109344
2754 904 3182 1000 1000 1366 1366 1000 734 904 1163 3308 1731 1646|0.001 0.11849293195318689 0.014672437816136696 0.01211209263903168
851 732 2330 662 662 732 732 1000 538 732 2016 1803 1267 853|0.001 0.00696604555592284 0.03657420379896914 0.01874499939133356
314 865 284 429 314 314 429 365 314 231 284 911 774 544|0.001 0.024678585129898067 0.07813140338404967 -0.022994363987004496
1511 1000 1511 3522 3048 813 1287 1107 1107 1107 1107 1916 3208 2269|0.001 0.05916790676110173 0.1211877690190466 -0.0026640057121540828
662 1000 662 2016 538 851 2330 732 732 732 732 1127 1501 1078|0.001 0.09249824005291174 0.07031722228311388 -0.07345416415917794
363 267 496 328 363 363 328 1156 363 422 496 744 1201 364|0.001 0.03847025885557631 0.015132041272607477 -0.02541554546631075
3522 1107 3048 1511 1511 1107 1107 1000 1287 1107 813 3661 1703 2725|0.001 0.07990557173218615 0.08582031904145415 -0.019943560285407003
734 904 1163 1000 1000 1366 1366 1000 2754 904 3182 1473 1002 2050|0.001 0.04177027763248464 0.12017364453619006 0.032689231899059035
1000 1000 1000 1163 3182 2754 734 1366 904 1366 904 1002 2462 3308|0.001 -0.009059694302436805 0.15695674600440412 0.09445882603408284
1175 2737 860 860 777 777 860 632 1175 2368 860 2118 1266 1323|0.001 0.318798264076503 0.025304026327381823 -0.033429031782423735
1230 1583 1362 1362 1860 1860 1362 3750 1230 4333 1362 1586 2791 2357|0.001 0.35444085767133204 0.04393704699659606 -0.026011979869767776
2754 1366 734 1000 1000 904 904 1000 3182 1366 1163 2050 1731 2898|0.001 0.013856472257320895 0.47370292539892445 0.013781335666174233
1287 1107 813 1511 1511 1107 1107 1000 3522 1107 3048 1630 1916 2269|0.001 0.05465089713920346 0.2263450652087573 0.013622537472142149
1362 3750 1860 1230 1362 1362 1230 1583 1362 4333 1860 2241 2005 2357|0.001 0.46090375504604486 0.031641984746526575 -0.03697641580212019
860 632 777 1175 860 860 1175 2737 860 2368 777 1001 1763 862|0.001 0.16183506784939405 0.045474716951763305 0.006094357445791676
1511 1000 1511 1287 813 3048 3522 1107 1107 1107 1107 1703 1289 1821|0.001 0.12885389050753204 0.03692560326368444 -0.1779068680246476
2330 732 851 662 662 732 732 1000 2016 732 538 1501 1127 2122|0.001 0.09833261123251891 0.3550562893404585 -0.01911872287066907
1163 1366 3182 1000 1000 904 904 1000 734 1366 2754 2050 1731 1473|0.001 -0.013731669240814037 0.058647100664883656 0.024270335994811543
1000 1000 1000 3182 2754 734 1163 904 1366 904 1366 1731 3308 1646|0.001 0.06388908653861103 0.08102262363093526 -0.005686753814097001
284 865 314 314 429 429 314 365 284 231 314 1040 644 544|0.001 0.039648255443964775 0.010640022651489112 -0.019274262855304425
1000 1000 1000 2754 734 1163 3182 1366 904 1366 904 1002 1646 1164|0.001 0.10192552241962138 0.07220031167124663 -0.0803046804898988
496 267 363 363 328 328 363 1156 496 422 363 598 1052 559|0.001 0.04680066109555847 -0.002095230081203825 -0.01982037597930142
3182 904 2754 1000 1000 1366 1366 1000 1163 904 734 2898 1002 2050|0.001 0.1069325686937006 0.07457111526405491 -0.015051673536748966
538 732 2016 662 662 732 732 1000 851 732 2330 1501 1127 1078|0.001 0.02047999658443267 0.02604424325750143 0.01960322924531077
363 1156 328 496 363 363 496 267 363 422 328 1201 744 364|0.001 0.0563983573025717 0.08513332622961611 -0.01565551534180143
1511 1000 1511 3048 3522 1287 813 1107 1107 1107 1107 1703 3661 2725|0.001 0.061841928054313655 0.08609064024027946 0.017135078648022883
662 1000 662 2330 851 538 2016 732 732 732 732 1267 1803 853|0.001 0.08308136598539129 0.06601052180060352 -0.05082728046629348
314 365 429 284 314 314 284 865 314 231 429 774 911 544|0.001 0.03541791019362028 0.000887989318862914 -0.022044090893638124
3048 1107 3522 1511 1511 1107 1107 1000 813 1107 1287 3208 1916 2269|0.001 0.050221221397841465 0.06547956427599866 0.02230908683366506
573 533 333 433 433 231 231 500 428 267 272 629 829 772|0.001 0.0011745031417143004 0.048533148060427855 0.001849126125716971
1155 1000 2309 770 629 988 1324 533 616 533 1232 1915 1162 666|0.001 -0.013726872615925645 0.054601470803432584 0.029533596614677027
693 817 1299 3000 1600 800 1500 1720 693 1284 1299 1510 1887 1327|0.001 0.04164876809828133 0.04010992402721625 -0.011400689508042072
930 581 1744 755 403 403 755 746 465 475 872 1838 1346 771|0.001 0.12809944796686956 0.006888063502390462 -0.07489094292039034
988 533 1324 2309 1155 616 1232 1000 629 533 770 1782 1915 1533|0.001 0.021722460383890585 0.06251004049212971 -0.02757078898882659
433 500 433 573 333 272 428 533 231 267 231 829 1054 503|0.001 0.012951039717283841 0.04251664665063659 -0.013318549810676927
625 1875 1075 433 433 812 812 500 511 938 802 1179 829 681|0.001 0.1315228392426726 0.09529305933883903 -0.004893847629042769
755 746 403 930 1744 872 465 581 755 475 403 595 1097 1446|0.001 0.024609514911886343 0.25682459468581165 0.055242652256215496
1155 1000 2309 2483 1853 1179 1443 1875 2165 1875 4330 1915 1477 1248|0.001 0.11180797072986914 0.005072909330245956 0.0006502428745647215
3000 1720 1600 693 1299 1299 693 817 1500 1284 800 3162 1090 2487|0.001 0.08669724103121945 0.15467473962225142 0.08707673067276822
433 500 433 625 1075 802 511 1875 812 938 812 829 1976 640|0.001 0.06713974400104572 0.04782178933183889 -0.0021541998486840352
1179 1875 1443 2309 1155 2165 4330 1000 1853 1875 2483 1573 1915 2875|0.001 0.19137958164625823 0.1388865466458178 -0.015240391757416205
770 533 629 1155 2309 1232 616 1000 1324 533 988 839 1915 1452|0.001 0.00972174153398786 0.06700851718279388 0.04642070511761354
866 2000 866 545 856 1147 667 533 462 1067 462 1658 576 682|0.001 0.12013440280556065 0.1182569015782442 0.042281521476683626
979 1571 1836 1590 848 848 1590 1224 1958 2106 3672 1058 1334 1624|0.001 0.06151731387208148 -0.030217016575476707 -0.035551886724853876
2309 1000 1155 988 1324 770 629 533 1232 533 616 1915 788 2434|0.001 0.0934278146713674 0.13592546431014263 -0.033870797453617874
540 1340 1012 1169 623 1247 2337 637 540 779 1012 797 1552 1034|0.001 0.08893735119064772 -0.02145299647044685 -0.08902417704776733
545 533 856 866 866 462 462 2000 667 1067 1147 1328 1658 726|0.001 0.06517837076269517 0.07207477097664672 -0.0029980027482368055
1169 637 623 540 1012 1012 540 1340 2337 779 1247 674 1804 1938|0.001 0.10253310073937705 0.250917131156001 0.06473719301454794
866 2000 866 1604 1021 1250 2151 1875 1624 3750 1624 1658 1081 1887|0.001 0.25204018729986677 0.13190313156331346 0.03173105468942561
2309 1000 1155 1179 1443 2483 1853 1875 4330 1875 2165 1915 2179 4564|0.001 0.2210282052430057 0.25812332907528823 -0.001492410967088853
1604 1875 1021 866 866 1624 1624 2000 2151 3750 1250 2490 1658 2894|0.001 0.19146454473502272 0.048682834040325584 -0.026231142840718036
2540 1000 2540 2834 3071 3071 2834 1875 7619 1875 7619 2730 3592 5365|0.001 0.14027318212259887 0.13456319142775008 0.012010381837290751
662 1084 353 896 2689 2689 896 1000 662 1084 353 1267 1847 2769|0.001 0.05634930264922344 0.19491491523989657 0.20230220789967834
1116 3000 1116 394 394 738 738 1000 1209 3000 1209 2060 1075 1414|0.001 0.3433730939783808 0.09915828883930944 -0.02877391022677589
394 1000 394 1209 1209 1116 1116 3000 738 3000 738 1075 2112 1135|0.001 0.18317150908387925 0.06526898856680896 -0.009377571681719044
2481 1000 827 326 611 611 326 923 2481 923 827 1747 939 2555|0.001 0.07424505882902332 0.44629500506163877 0.11142796789035847
2834 1875 3071 2540 2540 7619 7619 1000 2834 1875 3071 2882 2730 5233|0.001 0.25872648497200723 0.07888095982006238 -0.06564179520767821
2540 1000 2540 3071 2834 2834 3071 1875 7619 1875 7619 2730 2882 5233|0.001 0.13867910057307586 -0.0010740308334566961 -0.01385904605458621
1209 3000 1209 394 394 738 738 1000 1116 3000 1116 2112 1075 1135|0.001 0.43047998320319136 0.027757756994126748 -0.0030709063879119647
611 923 326 827 2481 2481 827 1000 611 923 326 939 1747 2555|0.001 0.05854985939997004 0.2564708334813903 0.14031101036388716
394 1000 394 1116 1116 1209 1209 3000 738 3000 738 1075 2060 1414|0.001 0.1246403364600912 0.14968757688978318 0.021302865055250475
3071 1875 2834 2540 2540 7619 7619 1000 3071 1875 2834 3592 2730 5365|0.001 0.19792609505896452 0.05311820306002746 -0.08480073282038258
2689 1000 896 353 662 662 353 1084 2689 1084 896 1847 1267 2769|0.001 0.058778806535086936 0.3748411915160421 0.0394742790767455
896 1000 2689 662 353 353 662 1084 896 1084 2689 1847 1017 963|0.001 0.05645214783351893 0.0017729686670064915 -0.02658315683059631
1638 533 1511 4064 4064 1355 1355 1000 1638 533 1511 1537 4185 2861|0.001 -0.01329066052710104 0.09843041341456082 0.004277895767750284
246 1000 246 372 372 403 403 333 131 333 131 1030 687 378|0.001 0.01567504947693532 0.10208003741113858 -0.005282974683419317
326 923 611 2481 827 827 2481 1000 326 923 611 1170 1747 889|0.001 0.08345722949006484 0.009838820174759011 -0.050964679108699285
403 333 403 246 246 131 131 1000 372 333 372 704 1030 471|0.001 0.0072470761870446765 0.051599994881650346 0.001944807115714653
4064 1000 4064 1638 1511 1511 1638 533 1355 533 1355 4185 1916 2791|0.001 -0.004636187113598034 0.08624888566093336 0.016874722508684048
827 1000 2481 611 326 326 611 923 827 923 2481 1747 1170 889|0.001 0.05746030266665203 -0.00041921856309246053 -0.032043524604139506
246 1000 246 403 403 372 372 333 131 333 131 1030 704 471|0.001 0.07789759466439783 0.04045617458737549 -0.04469154439388001
1511 533 1638 4064 4064 1355 1355 1000 1511 533 1638 1916 4185 2791|0.001 -0.01792808002506807 0.10421127578526423 -0.00801420178260126
353 1084 662 2689 896 896 2689 1000 353 1084 662 1017 1847 963|0.001 0.1136465755224969 -0.02161087896256797 -0.08260350963783636
372 333 372 246 246 131 131 1000 403 333 403 687 1030 378|0.001 -0.0031056876203172656 0.059707449093469034 0.0014131378168591446
4064 1000 4064 1511 1638 1638 1511 533 1355 533 1355 4185 1537 2861|0.001 0.04882910068058299 0.09368871430699865 -0.020268781350979426
625 1000 625 433 433 354 354 500 375 500 375 1179 829 718|0.001 0.048526921419151936 0.008157766929310917 -0.007290137654138995
1155 1000 2309 1443 866 866 1443 816 1155 816 2309 1915 1658 1443|0.001 0.07649157585826183 0.015533053193095281 -0.021132247383517377
566 600 693 1600 1600 800 800 1000 566 600 693 1149 1887 1265|0.001 0.014152589435052487 0.0883850853949153 0.013447097439971412
1600 1000 1600 693 566 566 693 600 800 600 800 1887 1149 1265|0.001 0.04005370364405403 0.05904723793234368 0.013503988361394104
866 816 1443 2309 1155 1155 2309 1000 866 816 1443 1658 1915 1443|0.001 0.08243866474705985 0.004534255090322681 -0.05153995560754909
433 500 433 625 625 375 375 1000 354 500 354 829 1179 718|0.001 0.006828649848855672 0.08242132155674708 0.015598708114323845
625 1000 625 354 354 433 433 500 375 500 375 1179 791 515|0.001 0.030738759861912435 0.09237056956408196 0.01859873438640136
693 600 566 1600 1600 800 800 1000 693 600 566 825 1887 1327|0.001 -0.03526062006179109 0.11087016824752105 0.009655136604567183
1414 1000 2828 1768 1061 1061 1768 1225 1414 1225 2828 2236 1458 1768|0.001 0.06016431572194891 0.013815445912497282 -0.03364097272792188
1600 1000 1600 566 693 693 566 600 800 600 800 1887 825 1327|0.001 -0.00931511897036219 0.09267485580460644 0.023550154504652365
354 500 354 625 625 375 375 1000 433 500 433 791 1179 515|0.001 -0.019988572722586806 0.10139387985807158 -0.0024604098509428685
1061 1225 1768 2828 1414 1414 2828 1000 1061 1225 1768 1458 2236 1768|0.001 0.09098125205604601 -0.0235887824400971 -0.04831563177176923
1443 816 866 1155 2309 2309 1155 1000 1443 816 866 1190 1915 2723|0.001 0.0930868742848423 0.17274322249395846 0.1202332572125342
866 2000 866 750 750 1250 1250 1000 707 2000 707 1658 1250 1031|0.001 0.2056194542045331 0.05540003969069618 -0.009981657208679717
1333 1000 1333 1155 943 943 1155 1667 2667 1667 2667 1667 1374 2108|0.001 0.09795599318544124 0.0788873123854783 -0.012743380378155145
2309 1000 1155 866 1443 1443 866 816 2309 816 1155 1915 1190 2723|0.001 0.00407359795329354 0.21642417013445714 0.06663943062847899
943 1667 1155 1333 1333 2667 2667 1000 943 1667 1155 1374 1667 2108|0.001 0.2135631044775832 0.0325885609571297 -0.04950987376098115
750 1000 750 866 866 707 707 2000 1250 2000 1250 1250 1658 1031|0.001 0.08451000086689309 0.07731801007801131 -0.011888319691937266
1768 1225 1061 1414 2828 2828 1414 1000 1768 1225 1061 2031 2236 3335|0.001 0.02531827612433757 0.19517242243481725 0.03676268283143047
1333 1000 1333 943 1155 1155 943 1667 2667 1667 2667 1667 1915 2211|0.001 0.1138059203186037 0.1779429232439389 0.04252587480602976
707 2000 707 750 750 1250 1250 1000 866 2000 866 1581 1250 1436|0.001 0.21098986017040078 0.1019913306474507 0.03759828639754881
2828 1000 1414 1061 1768 1768 1061 1225 2828 1225 1414 2236 2031 3335|0.001 0.052291159063249104 0.22997744781084295 0.06644081808937496
1155 1667 943 1333 1333 2667 2667 1000 1155 1667 943 1915 1667 2211|0.001 0.17502113914984685 0.10154546955670973 0.012262249617589482
750 1000 750 707 707 866 866 2000 1250 2000 1250 1250 1581 1436|0.001 0.091383334926054 0.12351690313050945 0.019955259984860696
1744 1000 581 403 755 616 329 746 1308 867 349 1419 595 1849|0.001 0.02222573112846682 0.4179729822674205 0.08577664018089459
1853 1875 2483 1443 866 3248 4330 816 2153 1531 2483 1477 1658 2808|0.001 0.2411533286065204 0.008340717464243586 -0.12911401191433192
566 600 693 1720 1720 1492 1284 3000 1061 2250 1299 1149 2441 1409|0.001 0.06798670538134655 0.10654475527076102 0.0032541559000476283
573 333 573 433 354 189 231 750 497 200 428 814 1061 699|0.001 -0.006273085157858516 0.04684082798879219 0.004189564612753216
1732 816 2309 1324 988 1148 1324 533 462 435 770 2449 1782 1285|0.001 -0.00038770274196409105 0.05560871129712597 0.022892385240951274
403 746 755 1744 581 349 1308 1000 329 867 616 1346 1419 668|0.001 0.07132018694713027 0.02071237890955757 -0.045125344704560755
581 1000 1744 616 329 403 755 867 349 746 1308 1419 1219 479|0.001 0.051815573237021795 0.011439680783844608 -0.026649110284280297
433 750 354 573 573 428 497 333 231 200 189 829 814 772|0.001 0.036828316539492256 0.024860212730342113 -0.02753658918064672
1406 533 1622 2828 2121 566 943 1225 1210 653 1622 1978 2345 1834|0.001 0.004446464347498402 0.09471701252494968 -0.0062328115886478574
1720 3000 1720 566 693 1299 1061 600 1284 2250 1492 2441 825 1023|0.001 0.21174263880908484 0.07532380542394579 -0.0004495135616622292
616 867 329 581 1744 1308 349 1000 755 746 403 819 1419 1446|0.001 0.08227060679517839 0.27169766679928653 0.16289906029183676
1061 1225 1768 3041 2637 2269 3041 1875 3977 2296 5303 1458 2491 2951|0.001 0.17587490662290595 -0.04337854873429636 -0.00038836163299582616
1443 816 866 1853 2483 2483 2153 1875 4330 1531 3248 1190 3342 3524|0.001 0.07734445506996313 0.29302884783163563 0.021307668059245
2486 3750 2139 1155 943 1768 2165 1667 2867 5000 2867 3243 1374 3496|0.001 0.4344673804472077 0.08421856964153207 0.026975526738177713
1324 533 988 1732 2309 770 462 816 1324 435 1148 788 1915 1879|0.001 -0.03756416305423893 0.10473622750596379 0.005923409359926968
471 1333 577 570 663 765 765 267 251 444 308 1106 742 626|0.001 0.04905009840652008 0.051684119967341235 -0.005515190069704801
467 1162 1753 1012 540 441 826 1340 779 1340 2337 1301 797 642|0.001 0.04446969788628019 -0.005628021020871454 -0.025115373372309735
2828 1225 2121 1406 1622 1622 1210 533 943 653 566 3000 1328 2302|0.001 0.04144177390683179 0.06347534379257169 0.01939648754296419
570 267 663 471 577 308 251 1333 765 444 765 865 1414 455|0.001 0.005508299680916373 0.06405270134671737 -0.001781701956812265
379 1153 711 1508 402 670 2011 860 464 1153 871 945 1304 770|0.001 0.09331383837968943 -0.02029338573936168 -0.09040883209980866
1155 1667 943 2486 2139 2867 2867 3750 2165 5000 1768 1915 2783 3859|0.001 0.35227687050612744 0.1824626904047122 0.03256183865011364
1508 860 402 379 711 871 464 1153 2011 1153 670 1119 1406 2133|0.001 0.06207155886275961 0.44015230520036086 0.0550474233565823
1075 1875 625 354 354 663 663 500 932 938 697 1976 791 881|0.001 0.1420848023602561 0.10206429099653525 -0.0013463540817326702
1414 1000 2828 1768 1972 2637 3041 1875 2652 1875 5303 2236 2577 3769|0.001 0.15378103807232257 -0.02535533972952919 0.011256969109656456
1061 1116 566 1600 3000 1500 800 1720 1061 1492 566 1458 3162 2372|0.001 0.061229987017048515 0.2435903015513574 0.04881646672766804
1744 581 930 329 616 616 329 867 872 649 465 1097 819 1379|0.001 0.033984454648989804 0.1080677135925745 0.06009747967599344
2637 1875 3041 2828 1414 2652 5303 1000 1972 1875 1768 2491 2236 2035|0.001 0.19379586336064625 0.12193508949397858 -0.052799996062689036
354 500 354 1075 625 697 932 1875 663 938 663 791 1179 911|0.001 0.08941033200611015 0.018251979684140718 -0.02310759719760247
333 533 573 354 354 189 189 500 372 267 497 1054 791 383|0.001 0.00863415325073058 0.036997524721684716 0.003988367175027374
329 867 616 1744 930 465 872 581 329 649 616 1219 1838 735|0.001 0.10328364216989794 -0.009301447332116242 -0.026488323958512305
1414 1000 2828 1622 1406 1052 943 533 754 533 1508 2236 1978 2010|0.001 0.0047886018293352706 0.04006118293725214 0.017394890868545065
1600 1720 3000 1061 566 566 1061 1116 800 1492 1500 1887 1149 1265|0.001 0.09444876052853823 0.01837354629190102 -0.041288753641214315
354 500 354 333 573 497 372 533 189 267 189 791 629 699|0.001 9.140624214643012e-05 0.04929418353627257 -0.003091726713474463
1052 533 943 2828 1414 754 1508 1000 1406 533 1622 1083 2236 1085|0.001 -0.001658722886512809 0.08897814452006658 -0.019701540243550753
707 2000 707 1395 1865 2151 1250 1875 1326 3750 1326 1581 2665 2622|0.001 0.33988141899069957 0.008260204596608478 -0.03408117220495388
1344 1337 717 507 951 951 507 896 2689 1542 1434 1911 1030 2126|0.001 0.03202143032696947 0.11407618032798217 0.030487657196698326
2828 1000 1414 2637 3041 1768 1972 1875 5303 1875 2652 2236 3708 3335|0.001 0.22432282804154102 0.25888758900217246 -0.03234910058617313
1395 1875 1865 707 707 1326 1326 2000 1250 3750 2151 1439 1581 1436|0.001 0.26247858983990513 0.00615333176629651 -0.08631017296039767
1622 533 1406 1414 2828 1508 754 1000 943 533 1052 1328 2236 2981|0.001 0.011613215304013824 0.07102057516767957 0.03601051182066106
536 748 1006 711 379 379 711 1153 1073 670 2011 1429 945 848|0.001 0.09258005221878918 -0.07732459290461957 -0.05048947902466239
707 2000 707 994 744 667 1147 533 377 1067 377 1581 1421 972|0.001 0.15883631552882527 0.05074474269300078 -0.006529361870215578
2828 1000 1414 1052 943 1622 1406 533 1508 533 754 2236 1374 1779|0.001 0.05366876405155985 0.09846581180201763 0.0012506395283806704
507 896 951 1344 717 1434 2689 1337 507 1542 951 1306 1032 1134|0.001 0.07304465794554682 0.006064993528189788 -0.07015015625857601
994 533 744 707 707 377 377 2000 1147 1067 667 767 1581 939|0.001 0.0044009243774256745 0.11471593412904157 0.013904247410356785
750 1000 750 1021 1604 1865 1395 1875 2812 1875 2812 1250 2490 2432|0.001 0.03160340179425569 0.10803008531859337 0.0038111131235041285
1860 3750 1362 1333 1333 2500 2500 1000 2486 3750 2139 2791 1667 3553|0.001 0.46608664245437526 0.10756935625836794 -0.019245118083952573
1333 1000 1333 2139 2486 1860 1362 3750 2500 3750 2500 1667 3243 1918|0.001 0.32250822504325427 0.06399838152495008 0.0023021956797220078
1753 1162 467 623 1169 1169 623 637 1753 869 467 1516 674 2107|0.001 0.12072795921741486 0.4182456083080388 0.08296131983549726
750 1000 750 1865 1395 1021 1604 1875 2812 1875 2812 1250 1439 1681|0.001 0.14641332769592674 0.14161636017270718 0.015761286477127268
2139 3750 2486 1333 1333 2500 2500 1000 1362 3750 1860 2783 1667 1441|0.001 0.5132764916814248 0.10948723641254432 -0.02593681897401945
1333 1000 1333 1860 1362 2139 2486 3750 2500 3750 2500 1667 2241 3320|0.001 0.2225756448640248 0.09084870236145903 0.002433284839729044
2016 732 538 717 1344 1344 717 1337 2016 1150 538 1205 1911 2424|0.001 0.11347085231426801 0.4160292943935562 0.06205236929964553
734 1366 2754 1836 979 979 1836 1571 734 1826 2754 1646 1058 1224|0.001 0.040840733103950644 0.006137816513303029 -0.023697714746797605
856 533 545 1500 1500 400 400 1000 994 533 744 576 1803 1113|0.001 -0.001087643875692379 0.09331380412250345 -0.007622772830672142
667 1000 667 363 496 663 570 267 356 267 356 1202 598 512|0.001 0.03949842448671692 0.08374769704464491 -0.01718787988040149
623 637 1169 1753 467 467 1753 1162 623 869 1169 1552 1301 779|0.001 0.09729439690323138 -0.010592598505970718 -0.07819576229136094
663 267 570 667 667 356 356 1000 496 267 363 742 1202 948|0.001 0.00630305185545188 0.0404066246160939 0.004801400434601977
1500 1000 1500 856 545 744 994 533 400 533 400 1803 1328 896|0.001 0.0409912494221909 0.043890414219407425 -0.0026498115633588615
402 860 1508 1006 536 536 1006 748 402 548 1508 1304 1429 670|0.001 0.040498640465438385 0.0065274501395951035 -0.023166251173254437
667 1000 667 663 570 363 496 267 356 267 356 1202 865 885|0.001 0.02154467248441705 0.06081303213932854 -0.007851749374668815
744 533 994 1500 1500 400 400 1000 545 533 856 1421 1803 1117|0.001 0.019448211928414505 0.06868364799900384 0.000845800893771731
717 1337 1344 2016 538 538 2016 732 717 1150 1344 1032 1501 896|0.001 0.09475140922267755 -0.020031996463905077 -0.07367365239074108
363 267 496 667 667 356 356 1000 570 267 663 744 1202 384|0.001 0.006254271427423852 0.04058537748093283 0.004607200972364112
1500 1000 1500 744 994 856 545 533 400 533 400 1803 767 1297|0.001 0.08952017217147112 0.029354024183125826 -0.023385911106956758
625 1000 625 433 433 433 433 500 125 500 125 1179 829 515|0.001 0.05345628763163912 0.05466388147621348 0.004353470123763525
1155 1000 2309 1443 289 289 1443 1000 1155 1000 2309 1915 1190 1190|0.001 0.0792448276065505 0.014260844144622364 -0.06307978603416364
1600 1000 1600 693 693 693 693 200 800 200 800 1887 825 1327|0.001 0.05591417782131458 0.043219361948638735 -0.03585250882793378
433 500 433 625 625 125 125 1000 433 500 433 829 1179 515|0.001 -0.032358520433585225 0.11544123648584259 0.0009606274671991599
625 1000 625 433 433 433 433 500 125 500 125 1179 829 515|0.001 0.07848136260341088 0.048871256679579034 -0.02464207852286404
1155 1000 2309 1443 289 289 1443 1000 1155 1000 2309 1915 1190 1190|0.001 0.10110418353880934 -0.006223436761449985 -0.08143873720933281
1600 1000 1600 693 693 693 693 200 800 200 800 1887 825 1327|0.001 0.026733776867702286 0.08914488121599895 -0.01449877925110643
433 500 433 625 625 125 125 1000 433 500 433 829 1179 515|0.001 -0.008288223003619644 0.08621943304645718 0.005670541691256137
1443 1000 289 1155 2309 2309 1155 1000 1443 1000 289 1190 1915 2723|0.001 0.146960060017709 0.667115210913769 0.07633391114894472
4000 1000 4000 3464 3464 3464 3464 5000 8000 5000 8000 4123 4123 6633|0.001 0.4294112762569213 0.06590739691393122 -0.00707755578792324
3464 5000 3464 4000 4000 8000 8000 1000 3464 5000 3464 4123 4123 6633|0.001 0.6045508896075913 0.09898635163075431 0.055535356611271514
250 1000 250 866 866 866 866 2000 1250 2000 1250 1031 1658 1031|0.001 0.08682570353825803 0.15877016142572753 0.011619953149921702
1443 1000 289 1155 2309 2309 1155 1000 1443 1000 289 1190 1915 2723|0.001 0.10557236249363555 0.5528323922852563 0.0757862564465639
4000 1000 4000 3464 3464 3464 3464 5000 8000 5000 8000 4123 4123 6633|0.001 0.0960253935166211 0.13204352825122667 0.004106167610600231
3464 5000 3464 4000 4000 8000 8000 1000 3464 5000 3464 4123 4123 6633|0.001 0.6143407189132555 0.08960607121679454 0.03749025018092489
250 1000 250 866 866 866 866 2000 1250 2000 1250 1031 1658 1031|0.001 0.09137229450513873 0.09175449535430147 0.003894707503926398
1211 674 646 906 2719 1359 181 1000 1211 674 646 782 1861 2272|0.001 -0.0075203795776057625 0.2427802100556864 0.06553928685074206
1104 3000 1104 713 713 1336 1336 200 743 1500 743 2054 841 863|0.001 0.2242247546998577 0.12980529786583483 0.09552785113823292
3563 5000 3563 3717 3717 5518 5518 7500 6680 15000 6680 4206 4617 8559|0.001 1.364866200263204 -0.024511894876620977 -0.043069975188799736
2018 1000 269 959 1797 1797 959 1484 4035 1484 1345 1242 2303 3372|0.001 0.08570040212224406 0.8971334635651673 0.01974208054226656
1403 1000 281 1043 1549 1549 1043 1875 4210 1875 2105 1181 2402 2882|0.001 0.16192612119581895 0.6188803951442012 -0.03864612096935005
3717 7500 3717 3563 3563 6680 6680 5000 5518 15000 5518 4617 4206 8559|0.001 1.6899820039604774 0.07726420816411173 0.03880523450510376
713 200 713 1104 1104 743 743 3000 1336 1500 1336 841 2054 863|0.001 0.12131456060466395 0.020948913904521582 -0.018945949532039874
1043 1875 1549 1403 281 2105 4210 1000 1043 1875 1549 1211 1181 1296|0.001 0.26385362606611285 0.06580228168425739 -0.18929168195709223
2719 1000 906 646 1211 1211 646 674 1359 674 181 1861 782 2272|0.001 0.04765863118120883 0.2873359514538243 0.09339156390109737
906 1000 2719 1211 646 646 1211 674 181 674 1359 1861 1551 762|0.001 0.035943819421553336 0.028590825407890375 -0.02098326196855793
556 533 826 2245 1123 150 748 1000 556 533 826 1281 1876 691|0.001 -0.0065584979181976255 0.10799834099412209 -0.02143903524915114
496 133 496 891 891 475 475 2000 736 667 736 616 1671 575|0.001 0.05531178951891702 0.03725109149121053 0.003586232802119671
2245 1000 1123 556 826 826 556 533 748 533 150 1876 646 1537|0.001 0.04065423030919613 0.14334747572042117 0.003920700960904355
891 2000 891 496 496 736 736 133 475 667 475 1671 616 575|0.001 0.11946281589320096 0.07768512658816729 -0.004102040408814345
646 674 1211 2719 906 181 1359 1000 646 674 1211 1551 1861 762|0.001 0.10534375102072557 -0.0027151593182173084 -0.0460301673876673
1123 1000 2245 826 556 556 826 533 150 533 748 1876 1281 691|0.001 0.004985452226695664 0.04895452376379117 0.01021170139595684
1075 1875 625 333 333 625 625 1000 1114 1875 690 1976 1054 1244|0.001 0.17905627733781238 0.044869013875969976 -0.05477217624920816
3000 1000 3000 1875 2069 3342 3226 1875 5625 1875 5625 3162 2652 5993|0.001 0.12058874236199779 0.1185258484110685 0.029697228347387306
1000 1104 533 1600 3000 3000 1600 1720 1000 1783 533 1414 3162 3162|0.001 0.04656882669361373 0.08718239910937786 0.04267776456189587
1744 581 930 310 581 581 310 1036 1744 641 930 1097 1157 1838|0.001 0.10118023164242151 0.14769285424620193 0.047015918269133206
3342 1875 3226 3000 3000 5625 5625 1000 2069 1875 1875 3731 3162 3644|0.001 0.2390497894510868 0.04378805426615173 -0.09597114617902913
333 1000 333 1075 625 690 1114 1875 625 1875 625 1054 1179 884|0.001 0.20429929006373193 -0.010487685749234199 -0.021612701121717093
333 533 573 333 333 178 178 1000 368 533 594 1054 1054 378|0.001 0.0005391815860789073 0.08782212594098393 0.0037228696346125467
310 1036 581 1744 930 930 1744 581 310 641 581 1047 1838 980|0.001 0.034994190066424125 0.04850312655279909 -0.017190449181666567
3000 1000 3000 1720 1783 1104 1000 533 1600 533 1600 3162 1801 3197|0.001 0.0016287718818808194 0.0959770069897381 0.002986799002959728
1600 1720 3000 1000 533 533 1000 1104 1600 1783 3000 1887 1133 1687|0.001 0.07981073318769516 0.013684767104251705 -0.03847312309405049
333 1000 333 333 573 594 368 533 178 533 178 1054 629 600|0.001 -0.0155772642452634 0.10409322537195287 0.028092833753849966
1104 533 1000 3000 3000 1600 1600 1000 1783 533 1720 1133 3162 1944|0.001 -0.020760687845745585 0.11550674755808066 0.014926417079546006
1875 1875 2069 3000 3000 5625 5625 1000 3226 1875 3342 2125 3162 5929|0.001 0.27450506609212777 0.03572377281952255 -0.060022833038279044
333 1000 333 690 1114 1075 625 1875 625 1875 625 1054 1998 1126|0.001 0.10124525839734222 0.1115129363637557 0.017268813810418226
2719 1615 1450 483 906 906 483 906 2719 1559 1450 2897 1027 2866|0.001 0.06464048493538987 0.21551039867919952 0.013683176061176638
3000 1000 3000 3342 3226 1875 2069 1875 5625 1875 5625 3162 3377 3538|0.001 0.08324142079996655 0.09638333403312771 -0.014904128890128598
561 965 299 898 1683 1683 898 619 561 561 299 1010 1090 1774|0.001 0.07467115747503472 0.1494082920446882 0.08399841195726676
690 1875 1114 333 333 625 625 1000 625 1875 1075 1215 1054 708|0.001 0.28038255021411107 0.023450995358005322 -0.061258765598211085
1720 533 1783 3000 3000 1600 1600 1000 1000 533 1104 1990 3162 3162|0.001 0.017150802173584445 0.08563306716386387 -0.0027724287347818954
898 619 1683 561 299 299 561 965 898 561 1683 1793 1116 946|0.001 0.1076783020037575 -0.023734718945409572 -0.04828004005702269
333 1000 333 594 368 333 573 533 178 533 178 1054 1066 471|0.001 0.023124823666778038 0.08584371253917755 0.012345566518816575
3000 1000 3000 1104 1000 1720 1783 533 1600 533 1600 3162 1414 1887|0.001 -0.02037756481874653 0.10521924583619668 0.044737419076630314
483 906 906 2719 1450 1450 2719 1615 483 1559 906 1282 1761 1528|0.001 0.09826797336060622 -0.011403503361429035 -0.04619226696279233
594 533 368 333 333 178 178 1000 573 533 333 648 1054 663|0.001 -0.011313072824241655 0.09104359187602329 0.00010145715610088146
1075 1875 625 433 433 812 812 500 802 938 511 1976 829 640|0.001 0.13113149202165886 0.08294059398838316 0.038211675489392416
1155 1000 2309 1443 1179 1853 2483 1875 2165 1875 4330 1915 1573 2875|0.001 0.06145332546864335 0.04437048997996573 0.022142666313376136
1299 817 693 1600 3000 1500 800 1720 1299 1284 693 1090 3162 2487|0.001 0.07699599956560554 0.2434150392689971 0.048693535200587945
1744 581 930 403 755 755 403 746 872 475 465 1097 595 1446|0.001 0.10116788224603157 0.1349619187630391 0.10836793730478966
1853 1875 2483 2309 1155 2165 4330 1000 1179 1875 1443 1477 1915 1248|0.001 0.2591175050512695 0.02226412663624222 -0.17507223746018652
433 500 433 1075 625 511 802 1875 812 938 812 829 1179 681|0.001 0.055749159727231934 0.060206327432679174 -0.0015578289344830853
333 533 573 433 433 231 231 500 272 267 428 1054 829 503|0.001 -0.03035194001192898 0.10520412153759207 0.0035068547672900685
403 746 755 1744 930 465 872 581 403 475 755 1346 1838 771|0.001 0.08827442135523444 -0.0032640684873586068 -0.023535391645099768
1155 1000 2309 1324 988 629 770 533 616 533 1232 1915 1782 1533|0.001 0.02396306795397596 0.0396143918416314 0.002643313536638825
1600 1720 3000 1299 693 693 1299 817 800 1284 1500 1887 1510 1327|0.001 0.11153153597701415 0.010242886612090718 -0.07182709940193432
433 500 433 333 573 428 272 533 231 267 231 829 629 772|0.001 0.0634506163867643 0.004189144635124986 -0.03762487767484113
629 533 770 2309 1155 616 1232 1000 988 533 1324 1162 1915 666|0.001 -0.022888709161472676 0.11328752758299032 -0.010069194985142804
866 2000 866 1021 1604 2151 1250 1875 1624 3750 1624 1658 2490 2894|0.001 0.37954749712071134 0.14032535810839963 0.027993486717092786
1836 1571 979 848 1590 1590 848 1224 3672 2106 1958 2438 1848 3045|0.001 0.0537389982999148 0.20364612426544415 0.07201501945027111
2309 1000 1155 1853 2483 1443 1179 1875 4330 1875 2165 1915 3342 2723|0.001 0.2013860130298073 0.24194665866085874 -0.04352043368157421
1021 1875 1604 866 866 1624 1624 2000 1250 3750 2151 1081 1658 1887|0.001 0.34088386528412506 0.08394180081140679 -0.013325221743163418
1324 533 988 1155 2309 1232 616 1000 770 533 629 788 1915 2434|0.001 0.008139392755557306 0.06831832775672897 0.05509615255541167
623 637 1169 1012 540 540 1012 1340 1247 779 2337 1552 797 1034|0.001 0.076942756230578 -0.01798719999066778 -0.033235917760244815
866 2000 866 856 545 667 1147 533 462 1067 462 1658 1328 726|0.001 0.21240134503714758 0.047916173502402515 -0.04914329805756901
2309 1000 1155 629 770 1324 988 533 1232 533 616 1915 839 1452|0.001 0.07217377610944542 0.15318575629035047 -0.03142353922953256
848 1224 1590 1836 979 1958 3672 1571 848 2106 1590 1334 1058 1624|0.001 0.06515817434891158 -0.0035268459650039663 -0.07457892574286529
856 533 545 866 866 462 462 2000 1147 1067 667 576 1658 682|0.001 0.045667163581104564 0.09111517386102497 0.012961894524659012
573 533 333 433 354 189 231 750 528 400 272 629 1061 673|0.001 -0.00424895793578739 0.07671746637384125 0.010080967219412429
1732 816 2309 770 629 1218 1324 533 924 435 1232 2449 1162 867|0.001 0.017057876543975503 0.06692304817020212 0.00950777019121496
693 817 1299 3000 1600 1200 2250 1720 566 1583 1061 1510 1887 1697|0.001 0.06597600399784298 0.028907042327226407 -0.01761542676804395
930 581 1744 616 329 403 755 920 697 475 1308 1838 1174 771|0.001 0.07720439376487143 0.015855634624255543 -0.03160223913394322
1492 533 1622 2828 2121 1131 1508 1225 770 653 943 1904 2345 2548|0.001 0.02463172939023872 0.05876277361232418 -0.004529152720459395
433 750 354 573 333 272 528 533 231 400 189 829 1054 503|0.001 -0.02356126766702271 0.1045818279288313 0.01170482319508892
625 1875 1075 354 433 812 663 750 511 1406 989 1179 829 681|0.001 0.17988646647131734 0.030338885650920133 -0.004083781515603624
616 920 329 930 1744 1308 697 581 755 475 403 935 1097 1446|0.001 0.09827076123872791 0.22045694617040867 0.061090833392443145
2121 1225 2828 3041 2798 1444 1768 1875 3977 2296 5303 2345 2842 1990|0.001 0.13205744126622676 0.032426348560150586 0.005179476815988515
3000 1720 1600 693 1299 1061 566 817 2250 1583 1200 3162 1090 3182|0.001 0.020447645872976317 0.2028527218870413 0.0523593776090614
354 750 433 625 1075 989 511 1875 663 1406 812 1061 1976 1005|0.001 0.08990856910050748 0.0718325557070787 -0.013834004330648408
1179 1875 1443 2309 1732 3248 4330 816 2284 1531 2483 1573 2449 3901|0.001 0.1988685476630736 0.0378309846674596 -0.06068195015913824
770 533 629 1732 2309 1232 924 816 1324 435 1218 839 1915 1452|0.001 0.03582844039804467 0.062469698145271035 0.01888159325937666
471 1333 577 363 703 765 444 533 251 711 308 1106 500 715|0.001 0.12543985336622931 0.05123504075007057 -0.035015537201504854
1469 1937 2754 1590 848 692 1298 1224 1958 2106 3672 1378 1334 1624|0.001 0.0815668459365737 -0.011243764129753586 -0.03212910676817948
2828 1225 2121 1492 1622 943 770 533 1508 653 1131 3000 1516 2981|0.001 -0.01430596525845318 0.13489131208919813 0.025767862383765383
357 1087 670 1422 758 1011 1895 516 438 632 821 1016 1708 1072|0.001 0.08017109685807267 -0.003893872729056058 -0.05741305745478931
363 533 703 471 577 308 251 1333 444 711 765 1201 1414 484|0.001 0.006748632155062495 0.10299937720654073 0.010470710455559029
3041 1875 2798 2121 2828 5303 3977 1225 1768 2296 1444 3571 3000 3335|0.001 0.22066253014277226 0.07834656471813917 0.0363073207623521
1422 516 758 357 670 821 438 1087 1895 632 1011 711 1276 2010|0.001 0.08467587370304397 0.2313584927110668 0.10961870484150316
577 1333 471 1319 681 833 1434 1875 1083 2500 884 1414 938 1258|0.001 0.21974750603385163 0.04945339466573273 -0.0028323425202803065
2309 816 1732 1179 1443 2483 2284 1875 4330 1531 3248 1915 2179 4564|0.001 0.02406895038898682 0.20324722881400525 0.021743278519330556
1590 1224 848 1469 2754 3672 1958 1937 1298 2106 692 1848 3308 3045|0.001 0.11213183606339383 0.20257227141089462 0.06823503470337
1319 1875 681 577 471 884 1083 1333 1434 2500 833 2252 1106 1683|0.001 0.21577748508073702 0.04257935096585452 0.013831657250542584
1744 1000 581 329 616 616 329 920 872 920 116 1419 935 1379|0.001 0.03337013317237236 0.2446186366480929 0.07142630370966296
2798 1875 3041 1768 354 2652 5303 1000 2798 1875 3041 2842 1275 2961|0.001 0.2772966633713114 0.06352731593370242 -0.21309390908064163
566 200 566 1720 1720 1583 1583 3000 1061 1500 1061 721 2441 1608|0.001 0.09775449315226448 0.03204643258037043 -0.02676730105687808
1414 1000 2828 1622 1492 1492 1622 533 189 533 943 2236 1904 1579|0.001 -0.006443484644800268 0.04319551720461057 0.019433216872921655
329 920 616 1744 581 116 872 1000 329 920 616 1174 1419 419|0.001 0.10035115113905313 -0.0009362044807015302 -0.04410733428902747
581 1000 1744 616 329 329 616 920 116 920 872 1419 1174 419|0.001 0.04233015396593709 0.023466960493254696 -0.02301723771173214
1492 533 1622 2828 1414 189 943 1000 1492 533 1622 1904 2236 1579|0.001 -0.004482042224195348 0.10586952489228141 -0.022976540071362184
1720 3000 1720 566 566 1061 1061 200 1583 1500 1583 2441 721 1608|0.001 0.1802449539260076 0.08272480293586737 0.06592467297517945
616 920 329 581 1744 872 116 1000 616 920 329 935 1419 1379|0.001 0.03191018504448806 0.27925085281075734 0.09520848817857086
1768 1000 354 2798 3041 3041 2798 1875 5303 1875 2652 1275 3571 4316|0.001 0.1034412400620166 1.1705056115780232 0.03892909948382872
7914 7500 7914 2828 2828 5303 5303 5000 8602 15000 8602 8374 3606 10100|0.001 1.4770906311931409 0.10989734197606182 0.002290522399028827
707 2000 707 1055 1055 1147 1147 133 377 667 377 1581 1117 1072|0.001 0.12945923513451252 0.050315833666654264 -0.021640617164753184
2828 1000 1414 1492 1622 1622 1492 533 943 533 189 2236 1516 2302|0.001 0.026724824601873642 0.21043495383156197 -0.004314044494529989
1055 133 1055 707 707 377 377 2000 1147 667 1147 1117 1581 1072|0.001 0.04681101366551532 0.04376822780882028 0.004695842037205633
2828 5000 2828 7914 7914 8602 8602 7500 5303 15000 5303 3606 8374 10100|0.001 1.3744926219531806 0.004693988502315616 -0.04629071079352842
948 1000 126 357 670 670 357 1087 1895 1087 632 1058 1276 1499|0.001 0.09448616637576013 1.0748306180031397 0.040487828844169016
1075 1875 625 433 354 663 812 750 989 1406 511 1976 1061 1005|0.001 0.1584332785061715 0.03507786852912753 -0.02374088041237843
1732 816 2309 1443 1179 2284 2483 1875 3248 1531 4330 2449 1573 3901|0.001 0.10773493312041582 0.08836503641566962 0.01709899395299308
1299 817 693 1600 3000 2250 1200 1720 1061 1583 566 1090 3162 3182|0.001 0.04257207015335274 0.18309492850057563 0.06967619464468555
1744 581 930 329 616 755 403 920 1308 475 697 1097 935 1446|0.001 0.13598503538542195 0.18836505120615632 0.03929423696046541
2798 1875 3041 2828 2121 3977 5303 1225 1444 2296 1768 2842 2345 1990|0.001 0.26798744939720454 0.010214621992061801 -0.1327461462674906
433 750 354 1075 625 511 989 1875 812 1406 663 829 1179 681|0.001 0.11133151356489845 0.03963705659124184 -0.027288087643962955
333 533 573 354 433 231 189 750 272 400 528 1054 829 503|0.001 -0.01889552923698301 0.08937735252815937 0.010317707308300506
329 920 616 1744 930 697 1308 581 403 475 755 1174 1838 771|0.001 0.11002976310067858 -0.016874789406748913 -0.034827920393722955
2121 1225 2828 1622 1492 770 943 533 1131 653 1508 2345 1904 2548|0.001 -0.0024968830149485477 0.05395671533258373 0.02070250314331723
1600 1720 3000 1299 693 566 1061 817 1200 1583 2250 1887 1510 1697|0.001 0.10079162415975729 0.0011675884629647193 -0.061760251520737164
354 750 433 333 573 528 272 533 189 400 231 1061 629 673|0.001 -0.01668426062752859 0.11042875457339951 0.007069876742944459
629 533 770 2309 1732 924 1232 816 1218 435 1324 1162 2449 867|0.001 0.019593520315657198 0.07594298577127567 -0.024133299679733877
1443 1875 1179 1732 2309 4330 3248 816 2483 1531 2284 2179 1915 4564|0.001 0.1389503099779521 0.08595132461548083 0.05587653956538707
471 1333 577 681 1319 1434 833 1875 884 2500 1083 1106 2252 1683|0.001 0.08377202382391591 0.2045477947010399 0.03569578559636355
2754 1937 1469 848 1590 1298 692 1224 3672 2106 1958 3308 1848 3045|0.001 0.03588174902110941 0.2511243692124898 0.08703043512123365
2828 1225 2121 2798 3041 1768 1444 1875 5303 2296 3977 3000 3571 3335|0.001 0.14934201632555322 0.2012335508148455 0.0011042679556827473
670 1087 357 758 1422 1895 1011 516 821 632 438 1276 711 2010|0.001 0.06544456635195539 0.17344833167327378 0.06641705259937902
681 1875 1319 471 577 1083 884 1333 833 2500 1434 938 1414 1258|0.001 0.12726202609326887 0.05395828870905062 -0.01592426416197279
1622 533 1492 2121 2828 1508 1131 1225 943 653 770 1516 3000 2981|0.001 -0.013315349859599479 0.08144650351115112 0.013011560357705232
758 516 1422 670 357 438 821 1087 1011 632 1895 1708 1016 1072|0.001 0.1086876556915084 -0.04066247203293294 -0.05514003247067967
577 1333 471 703 363 444 765 533 308 711 251 1414 1201 484|0.001 0.08822450371834378 0.03164817162667699 -0.011385501054538283
2309 816 1732 629 770 1324 1218 533 1232 435 924 1915 839 1452|0.001 0.09529011433221601 0.09422972636673688 -0.048880577278015425
848 1224 1590 2754 1469 1958 3672 1937 692 2106 1298 1334 1378 1624|0.001 0.02444805673381234 0.06116440346293883 -0.009806119851686335
703 533 363 577 471 251 308 1333 765 711 444 500 1106 715|0.001 0.04133620665640603 0.06306280640051565 -0.00595501575366808
573 533 333 354 354 189 189 500 497 267 372 629 791 699|0.001 -0.036131247006697675 0.09826136667070218 0.00030376946000609806
1414 1000 2828 943 1052 1406 1622 533 754 533 1508 2236 1083 1085|0.001 0.019161471228781313 0.02558269236292876 0.0006705265186379705
566 1116 1061 3000 1600 800 1500 1720 566 1492 1061 1149 1887 1265|0.001 0.050442665097583106 0.028656390212804528 -0.01279179370850314
930 581 1744 616 329 329 616 867 465 649 872 1838 1219 735|0.001 0.061437062583800106 0.022859428940205095 -0.032784819326153736
1406 533 1622 2828 1414 754 1508 1000 1052 533 943 1978 2236 2010|0.001 -0.017306808400364693 0.11276948984333401 -0.021249892921562097
354 500 354 573 333 372 497 533 189 267 189 791 1054 383|0.001 0.0482920404409759 0.02141710819869358 -0.030689157834554726
625 1875 1075 354 354 663 663 500 697 938 932 1179 791 911|0.001 0.09597567561793197 0.06760294999342609 0.011454323924937615
616 867 329 930 1744 872 465 581 616 649 329 819 1097 1379|0.001 0.06657696327354135 0.22174447404758046 0.0462007040232848
1414 1000 2828 3041 2637 1972 1768 1875 2652 1875 5303 2236 2491 2035|0.001 0.13749148502910646 -0.02881751552477496 0.004580160167102498
3000 1720 1600 566 1061 1061 566 1116 1500 1492 800 3162 1458 2372|0.001 0.006544513995603296 0.16808959319216 0.08348455808259603
354 500 354 625 1075 932 697 1875 663 938 663 791 1976 881|0.001 0.0595682746282189 0.05818045821596618 -0.01335194100733239
1972 1875 1768 2828 1414 2652 5303 1000 2637 1875 3041 2577 2236 3769|0.001 0.25793164699887683 0.05311192975743673 -0.1313601001119835
943 533 1052 1414 2828 1508 754 1000 1622 533 1406 1374 2236 1779|0.001 0.006937700406681735 0.07214852741660005 0.03406728285026084
707 2000 707 744 994 1147 667 533 377 1067 377 1581 767 939|0.001 0.15640819911443504 0.09934334188637095 0.006197237142686607
717 1337 1344 951 507 507 951 896 1434 1542 2689 1032 1306 1134|0.001 0.07953932892499571 -0.01551132805671318 -0.027792403611311967
2828 1000 1414 1406 1622 943 1052 533 1508 533 754 2236 1328 2981|0.001 0.057535659698766395 0.10071906047545598 0.007688157261900308
379 1153 711 1006 536 1073 2011 748 379 670 711 945 1429 848|0.001 0.1025116183026098 -0.01829576149269263 -0.08843960440405363
744 533 994 707 707 377 377 2000 667 1067 1147 1421 1581 972|0.001 -0.0037349672281705715 0.12266846114589391 0.0011414931008446594
1006 748 536 379 711 711 379 1153 2011 670 1073 772 1406 1590|0.001 0.07825547694755297 0.21305721014007295 0.06716512137653341
707 2000 707 1865 1395 1250 2151 1875 1326 3750 1326 1581 1439 1436|0.001 0.3905701353471569 0.06808180396062458 -0.003619871159794563
2828 1000 1414 1972 1768 3041 2637 1875 5303 1875 2652 2236 2031 5590|0.001 0.1374911604555784 0.3047202685063688 -0.011152474964386538
1865 1875 1395 707 707 1326 1326 2000 2151 3750 1250 2665 1581 2622|0.001 0.34387752830373763 0.0775610606184407 -0.018309220795829084
1744 1000 581 329 616 755 403 867 1308 746 349 1419 819 1446|0.001 0.03749423727898771 0.31027019654618737 0.03840966820558345
2637 1875 3041 1768 1061 3977 5303 1225 2269 2296 3041 2491 1458 2951|0.001 0.25711564072782744 0.055346492401353586 -0.20813868982766492
693 600 566 1720 1720 1284 1492 3000 1299 2250 1061 825 2441 1023|0.001 0.23869612186929734 0.04901450461195056 0.010502075482181628
573 333 573 354 433 231 189 750 428 200 497 814 829 772|0.001 -0.005164029005217952 0.044677520338478605 0.004934071427578068
2121 1225 2828 1622 1406 1210 1622 533 566 653 943 2345 1978 1834|0.001 0.05607434242639764 0.02524804845475792 0.0009177533827098294
329 867 616 1744 581 349 1308 1000 403 746 755 1219 1419 479|0.001 0.08208416756397385 0.015728924201157124 -0.05327582426144284
581 1000 1744 755 403 329 616 746 349 867 1308 1419 1346 668|0.001 0.05301431312332516 0.009529442598390503 -0.024688218621922164
354 750 433 573 573 497 428 333 189 200 231 1061 814 699|0.001 0.034417807480957574 0.015822498214133063 -0.020496587955383117
988 533 1324 2309 1732 462 770 816 1148 435 1324 1782 2449 1285|0.001 0.014158331490068399 0.06209894912039049 -0.006053633420231019
1720 3000 1720 693 566 1061 1299 600 1492 2250 1284 2441 1149 1409|0.001 0.3025569657556093 0.11219274637953358 0.01605013734353289
755 746 403 581 1744 1308 349 1000 616 867 329 595 1419 1849|0.001 0.023890201779681597 0.26939459135832955 0.10448461454068303
866 816 1443 2483 1853 2153 2483 1875 3248 1531 4330 1658 1477 2808|0.001 0.034509917463025896 0.12054419861051935 0.018030921356522178
1768 1225 1061 2637 3041 3041 2269 1875 5303 2296 3977 2031 3708 4316|0.001 0.18650204470468612 0.17917107151979694 -0.008727604791464172
2139 3750 2486 943 1155 2165 1768 1667 2867 5000 2867 2783 1915 3859|0.001 0.5959460869457556 0.1380734646083659 0.09796975115208495
1622 533 1406 2121 2828 943 566 1225 1622 653 1210 1328 3000 2302|0.001 -0.01705323101903744 0.09733544360556179 0.01603687712827373
577 1333 471 663 570 765 765 267 308 444 251 1414 865 455|0.001 0.10516829544304107 0.009406981380821744 -0.047006345251328074
402 860 1508 711 379 464 871 1153 670 1153 2011 1304 945 770|0.001 0.04652103355774484 -0.009841926390580236 -0.026511871513713592
2309 816 1732 988 1324 1324 1148 533 770 435 462 1915 788 1879|0.001 0.06336840796202337 0.061542105114853474 -0.0049800293517976435
663 267 570 577 471 251 308 1333 765 444 765 742 1106 626|0.001 0.02502265698134387 0.040865262514935274 0.004545092315504373
540 1340 1012 1753 467 779 2337 1162 441 1340 826 797 1301 642|0.001 0.08089214831108693 -0.006909274544502075 -0.077232860397487
943 1667 1155 2139 2486 2867 2867 3750 1768 5000 2165 1374 3243 3496|0.001 0.21134770984895024 0.14600740898187858 0.030765184051180228
1753 1162 467 540 1012 826 441 1340 2337 1340 779 1516 1804 1938|0.001 0.07179647011741119 0.4343657751935903 0.04176956839428536
750 1000 750 1395 1865 1604 1021 1875 2812 1875 2812 1250 2665 2087|0.001 0.04886550404291423 0.2600166413804139 0.04361316376918278
1362 3750 1860 1333 1333 2500 2500 1000 2139 3750 2486 2241 1667 3320|0.001 0.5650387991258854 0.08502876461853548 -0.029305269439504622
1333 1000 1333 2486 2139 1362 1860 3750 2500 3750 2500 1667 2783 1441|0.001 0.11375636663478073 0.13952517275120702 0.008389118490013114
1508 860 402 536 1006 1006 536 748 1508 548 402 1119 772 1813|0.001 0.03051606556690123 0.36740164618879634 0.036646484763820375
750 1000 750 1604 1021 1395 1865 1875 2812 1875 2812 1250 1081 2094|0.001 0.08772116757149506 0.23885132376520346 0.03090112508663312
2486 3750 2139 1333 1333 2500 2500 1000 1860 3750 1362 3243 1667 1918|0.001 0.30603423820458886 0.05428890417839893 -0.00757511077918438
1333 1000 1333 1362 1860 2486 2139 3750 2500 3750 2500 1667 2791 3553|0.001 0.1371354061458141 0.2196584237529864 0.043341222327890616
2754 1366 734 979 1836 1836 979 1571 2754 1826 734 2050 2438 3310|0.001 0.0547289390447836 0.3718079245183792 0.07949846902993496
538 732 2016 1344 717 717 1344 1337 538 1150 2016 1501 1032 896|0.001 0.03996586302939642 0.006623789389412771 -0.02330498001335113
994 533 744 1500 1500 400 400 1000 856 533 545 767 1803 1297|0.001 0.017749892169187653 0.07630385424793884 0.002555515431716948
667 1000 667 496 363 570 663 267 356 267 356 1202 744 384|0.001 0.018187451835587343 0.06977154160290544 0.009813369620506052
536 748 1006 1508 402 402 1508 860 536 548 1006 1429 1304 670|0.001 0.08899918913262139 0.003757198572207354 -0.06179001955691099
570 267 663 667 667 356 356 1000 363 267 496 865 1202 885|0.001 0.00684163335594512 0.03955091084955287 0.0048566707266783915
1500 1000 1500 994 744 545 856 533 400 533 400 1803 1421 1117|0.001 0.06726221213438244 0.08399636948598577 -0.033680895925926047
467 1162 1753 1169 623 623 1169 637 467 869 1753 1301 1552 779|0.001 0.0403587513357162 0.006529462584432544 -0.0236965159404412
667 1000 667 570 663 496 363 267 356 267 356 1202 742 948|0.001 0.033642431472400425 0.052087273505425635 -0.01107730741256141
545 533 856 1500 1500 400 400 1000 744 533 994 1328 1803 896|0.001 0.016837513650489466 0.0790758245039358 -0.0008410609022202475
979 1571 1836 2754 734 734 2754 1366 979 1826 1836 1058 1646 1224|0.001 0.0875031217250033 0.007568837850544519 -0.06932157581418963
496 267 363 667 667 356 356 1000 663 267 570 598 1202 512|0.001 0.007035529721577394 0.03984086146330279 0.004549031333640485
1500 1000 1500 545 856 994 744 533 400 533 400 1803 576 1113|0.001 0.006500183973314755 0.08233341063419886 0.0025742015443608324
573 533 333 333 333 178 178 1000 594 533 368 629 1054 600|0.001 0.01019110397924683 0.0833480790809471 -0.010473313445976684
3000 1000 3000 1000 1104 1783 1720 533 1600 533 1600 3162 1133 1944|0.001 -0.019635604445273902 0.1157655975259142 0.03701842451206527
533 1104 1000 3000 1600 1600 3000 1720 533 1783 1000 1133 1887 1687|0.001 0.10369964271722987 -0.010014832022977593 -0.041723100610240316
930 581 1744 581 310 310 581 1036 930 641 1744 1838 1047 980|0.001 0.0972213087969287 -0.002916977047242586 -0.04685632212800939
1783 533 1720 3000 3000 1600 1600 1000 1104 533 1000 1801 3162 3197|0.001 0.022077189812670373 0.06859496889515704 0.006326498281126192
333 1000 333 573 333 368 594 533 178 533 178 1054 1054 378|0.001 0.0111347842649967 0.08216203210646533 0.022606068659491996
625 1875 1075 333 333 625 625 1000 690 1875 1114 1179 1054 884|0.001 0.1269888711404299 0.13257938370113242 0.01925485012820749
581 1036 310 930 1744 1744 930 581 581 641 310 1157 1097 1838|0.001 0.0007706083020031507 0.22619266400127236 0.03182418295563316
3000 1000 3000 3226 3342 2069 1875 1875 5625 1875 5625 3162 3731 3644|0.001 0.16687974637290326 0.08943946518585877 -0.0006478177733115764
3000 1720 1600 533 1000 1000 533 1104 3000 1783 1600 3162 1414 3162|0.001 0.10455674426953498 0.2072222880099872 0.07911176804793918
333 1000 333 625 1075 1114 690 1875 625 1875 625 1054 1976 1244|0.001 0.09487017749606697 0.09241088762449001 0.01196835229152482
2069 1875 1875 3000 3000 5625 5625 1000 3342 1875 3226 2652 3162 5993|0.001 0.15187466217257972 0.017453990038254208 -0.04657460312896711
1000 533 1104 3000 3000 1600 1600 1000 1720 533 1783 1414 3162 1887|0.001 -0.023183318330234348 0.12063213838391817 0.008297288741918596
333 1000 333 368 594 573 333 533 178 533 178 1054 648 663|0.001 0.09684441796059318 0.026021756236762617 -0.04151348435345148
1450 1615 2719 906 483 483 906 906 1450 1559 2719 1761 1282 1528|0.001 0.03842227641765783 0.03875201882297841 -0.01623991358774779
3000 1000 3000 1783 1720 1000 1104 533 1600 533 1600 3162 1990 3162|0.001 0.015412685565592277 0.07078361422765855 0.0006634218469292463
299 965 561 1683 898 898 1683 619 299 561 561 1116 1793 946|0.001 0.06973990345548353 0.027903097092176754 -0.02405246549391782
368 533 594 333 333 178 178 1000 333 533 573 1066 1054 471|0.001 0.023623590323500476 0.07672485571457832 0.0008874212701726059
3226 1875 3342 3000 3000 5625 5625 1000 1875 1875 2069 3377 3162 3538|0.001 0.2533106743505553 0.037072089608143344 -0.047020720709536334
1683 619 898 299 561 561 299 965 1683 561 898 1090 1010 1774|0.001 0.04410614944859059 0.2087363189767455 0.0716016948512066
333 1000 333 1114 690 625 1075 1875 625 1875 625 1054 1215 708|0.001 0.17949825501306416 0.017389676379613306 -0.008979252907150848
3000 1000 3000 2069 1875 3226 3342 1875 5625 1875 5625 3162 2125 5929|0.001 0.1328837130585181 0.011833083149339618 -0.020476011353336432
906 906 483 1450 2719 2719 1450 1615 906 1559 483 1027 2897 2866|0.001 0.09787408040418111 0.21578885817478133 0.06522753683940286
1114 1875 690 333 333 625 625 1000 1075 1875 625 1998 1054 1126|0.001 0.190801673497627 0.07307306871551011 -0.054098011857585115
493 188 816 1443 289 72 289 1000 493 188 816 976 1190 514|0.001 -0.05106109831525818 0.08535083188644599 -0.0133543395121416
693 200 693 566 566 342 342 200 130 50 130 825 721 676|0.001 -0.010604429644766045 0.0390371313871829 -0.015979417379321514
385 1000 1540 4355 2632 2632 4355 5333 1540 5333 7698 1262 3079 2742|0.001 0.25156337172043797 -0.039770451416433206 0.0268448181215164
1225 604 230 354 1768 354 88 1000 1225 604 230 707 1275 1458|0.001 0.04061844110143431 0.6672103440087462 0.05987771861226676
1768 1000 354 230 1225 1225 230 604 354 604 88 1275 707 1458|0.001 0.004993759647207163 0.29824982719260484 0.30363269834621676
2632 5333 4355 1540 385 1540 7698 1000 2632 5333 4355 3079 1262 2742|0.001 0.6863053989095125 0.04548552074878476 -0.38783367045919337
230 604 1225 1768 354 88 354 1000 230 604 1225 1195 1275 290|0.001 0.08777253840685839 -0.05159858451409982 -0.014175243054138642
1443 1000 289 493 816 816 493 188 289 188 72 1190 577 1041|0.001 0.0037427303749648644 0.39145367022634714 0.008546316596644843
2598 4000 2598 6837 6837 11314 11314 4000 13856 20000 13856 3279 7124 13519|0.001 1.9140662172513245 0.03732100262183957 -0.005618901505203278
1540 1000 385 2632 4355 4355 2632 5333 7698 5333 1540 1262 5203 5551|0.001 0.38389858051387504 1.3715958571688636 -0.003094141635050507
6837 4000 6837 2598 2598 13856 13856 4000 11314 20000 11314 7124 3279 13519|0.001 1.2255773680140414 0.021003001608284055 -0.23638989494587426
3464 5000 3464 1709 1709 2828 2828 250 650 1000 650 4123 1781 2000|0.001 0.14589441081034327 0.013394844887788526 0.010157811297588637
2032 1000 271 176 330 330 176 975 1651 975 68 1245 977 1861|0.001 0.0014374563864283374 0.8174464487088406 0.024498821129013137
650 250 650 3691 3691 3601 3601 7500 1218 6094 1218 820 4596 3605|0.001 0.5657951689681484 -0.002233204232314767 -0.029353271877867737
5004 1000 6158 3031 2956 2956 3031 533 205 533 821 5640 3198 3125|0.001 0.0008602701498450216 0.06522341822177369 0.015851756425566688
3691 7500 3691 650 650 1218 1218 250 3601 6094 3601 4596 820 3605|0.001 1.0152885959019575 0.12154323231479136 -0.01527201962976621
1540 1000 385 5543 5683 5683 5543 1875 11547 1875 9382 1262 5997 7076|0.001 0.10684579470303213 0.47080214059542325 8.900488879248769e-05
14402 24375 14402 2598 2598 4871 4871 4000 14765 30000 14765 15225 3279 15580|0.001 2.3686206801910914 0.010995231582400233 -0.030063969664145818
3031 533 2956 5004 6158 821 205 1000 3031 533 2956 2960 5640 3774|0.001 -0.008509563334746506 0.09641406089091697 0.0062710543430499754
200 1231 200 591 591 606 606 41 107 164 107 1127 625 592|0.001 0.01529073392057878 0.056990097430515974 0.0042959345063442456
6158 1000 5004 2956 3031 3031 2956 533 821 533 205 5640 2960 3774|0.001 0.049363013307952563 0.06178556553118275 0.0151747045982642
180 1025 338 1692 69 278 2083 1000 180 1025 338 1001 1057 228|0.001 0.09631092840400202 -0.005970637901128173 -0.10043326769062721
2598 4000 2598 14402 14402 14765 14765 24375 4871 30000 4871 3279 15225 15580|0.001 2.2394166671005733 0.047125963513574565 -0.03791206419937909
1692 1000 69 180 338 338 180 1025 2083 1025 278 1057 1082 1908|0.001 0.11426767766025137 4.078634339011109 0.09699038874118049
4085 7500 4085 1709 1709 3205 3205 250 3601 6094 3601 4918 1781 3766|0.001 0.8792775702366673 0.08192987994204648 -0.03018710007626102
6837 4000 6837 14402 14402 16340 16340 24375 12820 30000 12820 7124 15225 20561|0.001 2.513982265429109 0.0712565588257541 0.0026916164468127057
1692 1000 69 475 890 890 475 1135 2083 1135 278 1057 1428 2078|0.001 0.03451304786527443 2.8057043726609554 0.02421731984412867
585 1000 146 2106 2390 2390 2106 1875 4388 1875 3565 1042 3007 2877|0.001 0.10662392476526339 0.44756892577491714 -0.0005074741243082936
14402 24375 14402 6837 6837 12820 12820 4000 16340 30000 16340 15225 7124 20561|0.001 3.350233200343382 0.06043528323623759 -0.06392976012988494
1709 250 1709 4085 4085 3601 3601 7500 3205 6094 3205 1781 4918 3766|0.001 0.4012502922687289 0.08555648041706831 0.006489933314395291
1836 1000 245 418 785 785 418 881 1492 881 61 1204 922 1831|0.001 0.043993292705442055 0.641612046867055 0.09483918987503337
475 1135 890 1692 69 278 2083 1000 475 1135 890 1046 1057 495|0.001 0.09673260754831992 -0.008877449648422298 -0.1009961727578157
2340 1000 1901 1123 1275 1275 1123 533 312 533 78 2334 1175 1534|0.001 0.07612313419387728 0.09842467583307091 -0.014787200193457917
526 1231 526 591 591 670 670 41 281 164 281 1228 625 618|0.001 0.010927278254970751 0.05362959703446357 0.009324796263012747
1275 533 1123 1901 2340 312 78 1000 1275 533 1123 1175 2334 1534|0.001 -0.007488299183834313 0.0973174344939376 0.0064785775308329185
1901 1000 2340 1275 1123 1123 1275 533 78 533 312 2334 1604 1188|0.001 0.006018401454661593 0.06360037230857651 0.023744625260742058
354 500 354 354 354 66 66 500 326 406 326 791 791 391|0.001 -0.02678823485791404 0.10867723979424371 0.004409944762751028
1414 1000 2828 1000 921 921 1000 187 1149 187 1414 2236 1106 1572|0.001 0.003633771025854937 0.02449847260812099 0.007204343666837865
1414 1000 2828 1000 187 187 1000 921 1149 921 1414 2236 1106 1288|0.001 0.11713649918313696 0.01971601366496989 -0.1030294283541544
354 500 354 354 354 326 326 500 66 406 66 791 791 391|0.001 0.023871573528624346 0.03507998052447059 -8.157610228320955e-05
1000 921 187 1414 2828 1414 1149 1000 1000 921 187 1000 2236 2236|0.001 0.01336241108573999 0.7758761594537522 0.07181573405972141
6128 1000 7542 5333 4910 4910 5333 5333 7542 5333 15085 6872 5333 8386|0.001 0.26636738481018885 0.03204083410378811 -0.008650831558399963
133 812 133 707 707 651 651 2000 707 1000 707 911 1581 707|0.001 0.04917030948440759 0.026736921672041447 -0.0015504596892779166
4910 5333 5333 7542 6128 7542 15085 1000 4910 5333 5333 5333 6872 8386|0.001 0.7157260753672956 0.005415739314678092 -0.1478755171151458
707 2000 707 651 651 707 707 812 133 1000 133 1581 1112 707|0.001 0.14437271207960567 0.09060621841163963 0.026394550510022707
1248 1000 1536 1086 204 204 1086 1086 1536 1086 3072 1708 1086 1399|0.001 0.09035323517118776 -0.03304997039046853 -0.07547928147090266
2828 1000 1414 921 1000 1000 921 187 1414 187 1149 2236 1000 2236|0.001 0.005927832887595574 0.14922994593854044 0.004225463099150062
651 812 651 707 707 133 133 2000 707 1000 707 1112 1581 707|0.001 0.040223249620738866 0.09872477862421514 0.0017864423826807752
5333 5333 4910 6128 7542 15085 7542 1000 5333 5333 4910 5897 6872 11926|0.001 0.6638789428838976 0.1175383579156164 0.18714748306162043
163 1231 163 801 801 870 870 1231 870 2462 870 1121 1368 962|0.001 0.17307404779237423 0.014227295370612403 -0.02134996372046616
7542 1000 6128 4910 5333 5333 4910 5333 15085 5333 7542 6872 5897 11926|0.001 0.21018260613573814 0.15807710031561673 0.0074179451692812926
1086 1086 204 1248 1536 3072 1536 1000 1086 1086 204 1201 1708 2429|0.001 0.12111164844962774 0.5896345571383832 0.022315453747161484
696 533 943 1000 188 100 533 921 730 491 1052 1373 1106 669|0.001 0.0036512814734712684 0.08581089396786146 -0.03569915050404382
921 188 1000 943 1052 730 696 533 491 100 533 1106 1083 1488|0.001 0.02262407170663172 0.007087571308459495 -0.023358257960869322
566 1116 1061 1061 566 521 977 738 106 774 199 1149 1456 625|0.001 0.09553768913152849 0.02532293352824455 -0.05717342083085941
3893 533 3712 5333 4910 2619 2844 5333 5611 2844 5028 3569 5333 3061|0.001 0.2529911370304272 0.06497559932276742 0.010639799418405982
1000 921 188 696 943 1052 730 533 533 491 100 1000 745 1083|0.001 0.08078352210238116 0.661681304940398 -0.0324751762404607
4910 5333 5333 6960 7300 10520 9428 1875 9207 10000 10000 5333 7792 14881|0.001 1.1687717448092694 0.00040179823921571156 -0.05193329307803363
1061 738 566 566 1061 199 106 1116 977 774 521 791 1458 1173|0.001 0.08288549628727715 0.25156126884164687 0.009455799647917207
187 921 1000 1768 1305 1369 1972 1875 352 1726 1875 1106 1398 1461|0.001 0.008414906417018031 0.033831539933057986 0.014295277725189237
467 694 875 951 507 95 178 896 507 662 951 1415 1306 507|0.001 0.08011358767011645 0.01308360075290338 -0.00712954284213585
5333 5333 4910 3893 3712 5028 5611 533 2844 2844 2619 5897 4156 3975|0.001 0.4131724857150276 0.042085076912496966 -0.019456439493181765
6960 1875 7300 4910 5333 10000 9207 5333 9428 10000 10520 6692 5897 13728|0.001 0.591589466127671 0.04261688629805027 -0.02199579908092608
1086 1086 204 1487 2142 1920 1417 1875 2037 2037 382 1201 3031 2206|0.001 0.021669146440057574 0.7194821233753967 0.018364186511974356
951 896 507 467 875 951 507 694 178 662 95 1030 546 951|0.001 0.024990174690793232 0.11051916587005994 0.1076652833012548
1487 1875 2142 1086 204 382 2037 1086 1417 2037 1920 1169 1086 1363|0.001 0.2225214481884552 0.06470311066245626 -0.1469124658920573
693 600 566 566 566 342 521 200 130 125 106 825 721 676|0.001 0.01654402682955247 0.06642159621677024 -0.03187923291165018
1179 1225 1886 5333 4910 3223 5333 5333 5657 6532 9428 1546 5333 3667|0.001 0.0922080453578511 0.08345981100422062 0.005546833704541676
1000 921 187 354 1768 1061 221 1000 1225 604 230 1000 1275 1458|0.001 0.054877437232490056 0.6122924703086929 0.24695818171509787
530 625 650 2828 2828 2604 1709 5000 2828 3000 3464 1132 3606 2828|0.001 0.2590084313544416 -0.022890113227949094 -0.013718623293584864
2632 5333 4355 1540 962 4619 7698 816 4009 4355 4355 3079 1743 4788|0.001 0.5260686008355742 0.03061957335410259 -0.2913536833160446
866 816 1443 816 493 752 816 188 180 153 289 1658 976 561|0.001 0.007238240321549849 0.05617650576981825 0.005227838255528194
1768 1225 1061 921 1000 1000 604 187 354 230 221 2031 1000 1275|0.001 0.023451756318864092 0.13404929579691416 -0.007443907480607637
1039 1600 849 4167 2735 4525 4525 4800 5543 8000 4525 1811 3111 5407|0.001 0.5594174731002655 0.17207622741344686 0.01366694268616131
1540 816 962 2632 4355 4355 4009 5333 7698 4355 4619 1262 5203 5551|0.001 0.4224233217912676 0.3525314905930599 0.00039942310174900797
943 1667 1155 570 868 943 943 208 177 333 217 1374 648 943|0.001 0.05402117832014719 0.0795182864945776 0.0208551222883524
2032 1000 271 144 269 330 176 1049 1841 975 169 1245 1119 1861|0.001 0.023189487685133514 0.8132169740004236 0.033515625208804245
650 625 530 3691 3691 3601 3872 7500 1218 6797 994 820 4596 3605|0.001 0.6267978331502322 0.035562411748149 0.004048762789434779
6835 1225 7542 3712 3893 3621 3712 533 629 653 1006 6908 3569 4434|0.001 0.06972343370885925 0.040374116375092584 -1.9292624644506873e-05
144 1049 269 2032 271 169 1841 1000 176 975 330 961 1245 222|0.001 0.09504918984287292 0.0004829617597579272 -0.07699918940571426
2956 533 3031 6158 5581 513 821 816 3179 435 3031 3198 6212 3386|0.001 -0.0025523644508707033 0.09514536428751441 -0.0035526661348839195
3691 7500 3691 650 530 994 1218 625 3872 6797 3601 4596 1132 4132|0.001 0.8286296860774756 0.024104047492614633 0.012579136798396284
1886 1225 1179 7300 6960 6960 6789 1875 14142 2296 12816 2134 6692 8667|0.001 0.09485596277991837 -0.02777191655457978 -0.01586783035842032
5761 10875 6194 849 1039 1949 1591 1600 5906 12000 5906 6598 1811 6232|0.001 0.9652330594240155 0.055548355389620774 -0.02567258764079594
3712 533 3893 6835 7542 1006 629 1225 3712 653 3621 4156 7608 4622|0.001 -0.011488215642628807 0.10778424427282607 0.006157143395542075
179 1103 146 570 530 543 543 92 96 147 78 1113 649 530|0.001 -0.00310277607195264 0.051797217876841106 0.015918446442195755
6158 816 5581 2956 3031 3031 3179 533 821 435 513 5640 2960 3774|0.001 0.08675626060200559 0.05068717187800553 -0.02109562263400866
180 1025 338 1888 174 278 2083 1075 147 1025 276 1001 1145 228|0.001 0.10928609471611894 -0.017863494298338 -0.10622782044657719
849 1600 1039 5761 6194 5906 5906 10875 1591 12000 1949 1311 7055 5678|0.001 1.0322723151803004 0.0059850709658459955 -0.020175515807526745
1888 1075 174 180 338 276 147 1025 2083 1025 278 1225 1082 1908|0.001 0.05420127145814302 0.9640109720766232 0.03902126466804878
875 694 467 538 2016 1218 112 732 574 645 306 546 1205 1972|0.001 -0.011734420492313102 0.2832636717457593 0.10292280283563882
1362 3750 1860 868 570 1068 1628 208 1200 2266 1291 2241 1037 1255|0.001 0.3926024499795022 0.11054926859582759 0.014277218825362592
2735 4800 4167 6194 5761 6536 8926 10875 5128 18000 7812 3111 6598 8224|0.001 1.56322857220766 0.007651863115203383 -0.04953086398504225
1756 930 161 673 1261 828 442 1441 2906 1055 775 1065 2038 2099|0.001 0.06354712656912342 1.2000987108574024 0.029174141434002987
1755 1523 366 2106 2390 3264 2265 1875 6581 2856 3976 1819 3007 4899|0.001 0.16861014994974166 1.2795607065618064 0.0271098138111725
6194 10875 5761 2735 4167 7812 5128 4800 8926 18000 6536 7055 4976 12627|0.001 1.4610101411691567 0.00550547847244065 -0.09334415924822537
868 208 570 1362 1860 1291 1200 3750 1628 2266 1068 648 2791 1014|0.001 0.1320752173691564 0.06272716964090597 -0.016344350064768642
2106 1875 2390 1755 366 3976 6581 1523 2265 2856 3264 2203 1138 2580|0.001 0.295133975208286 -0.007281162672970742 -0.3631573600324889
2754 1366 734 418 785 1195 637 881 1664 948 153 2050 922 1989|0.001 0.07493477877338783 0.5162246499880196 0.0332512728856349
793 533 1143 2304 1392 128 614 656 737 350 837 1616 2253 903|0.001 -0.00015327278836019254 0.10016033115352707 -0.01786819926062888
673 1441 1261 1756 161 775 2906 930 442 1055 828 786 1139 502|0.001 0.10028055219450938 -0.01843580216177587 -0.11570129190246581
2304 656 1392 793 1143 837 737 533 614 350 128 1664 623 1715|0.001 0.08275427495819443 0.1924936664443866 -0.03907787628340986
718 1655 472 530 570 821 601 92 383 441 251 1618 607 448|0.001 0.06889729286236879 0.031306946400557756 -0.005441642041966732
1275 533 1123 2121 3510 936 195 1523 1741 812 1208 1175 3432 2097|0.001 -0.01805795199499971 0.10000247787499639 0.01272222272459489
418 881 785 2754 734 153 1664 1366 637 948 1195 1258 1646 476|0.001 0.09248018010067582 0.00790180284645281 -0.050285085486102554
2121 1523 3510 1275 1123 1208 1741 533 195 812 936 2535 1604 1287|0.001 0.013160000114147419 0.04131340016377605 0.006854134919374033
354 500 354 354 433 81 66 750 214 453 326 791 829 422|0.001 -0.010215705884636384 0.09232856575658976 0.002980468318403151
2121 1225 2828 1000 921 604 1000 187 1282 230 1414 2345 1106 2074|0.001 0.0645946037450762 0.020378899750899127 -0.04420629712426183
1414 1000 2828 1225 230 187 1000 604 1282 921 2121 2236 1195 1427|0.001 0.09733802178842899 -0.002893772337634326 -0.07665114410853047
354 750 433 354 354 326 214 500 66 453 81 1061 791 391|0.001 -0.013264195564599568 0.06700556211522768 0.024103277982212568
1225 604 230 1414 2828 2121 1282 1000 1000 921 187 707 2236 3000|0.001 0.061458451550044924 0.6852679347416335 0.05362995079497779
5581 816 6158 4355 2632 4009 4355 5333 9238 4355 12317 6212 3079 9033|0.001 0.25987635805463816 0.055540885841467436 -0.01617476300135534
162 906 133 707 707 427 651 2000 866 1500 707 916 1581 500|0.001 0.09140776551631147 -0.004771149445255141 -0.017227832482118455
4910 5333 5333 7542 6835 11314 15085 1225 3223 6532 5333 5333 6908 8172|0.001 0.5867201651530385 0.08743915521330914 -0.046323633092517635
577 1333 471 434 285 471 471 604 108 667 88 1414 978 333|0.001 0.06572353631776995 0.04703456448292842 -0.00659224595938146
1392 656 2304 1086 204 249 1330 1086 1536 1086 3072 2253 1086 1549|0.001 0.09799362858511129 -0.016818317611417832 -0.08378248893793905
2309 816 1732 493 816 816 752 188 1155 153 1046 1915 577 1826|0.001 -0.008275547748152201 0.07600420611679537 0.015589565063476307
434 604 285 577 471 88 108 1333 471 667 471 722 1106 471|0.001 -0.0012541497129092694 0.11474484286188913 0.004910016839627662
4355 5333 2632 5581 6158 12317 9238 816 4355 4355 4009 5203 5640 9737|0.001 0.5776463819918831 0.05241406722180875 0.08411307103740828
146 1103 179 472 718 780 780 1655 780 2207 956 1011 1618 863|0.001 0.11853977735318821 0.13944217149583604 0.0034546006861835288
7542 1225 6835 4910 5333 5333 3223 5333 15085 6532 11314 7608 5897 11926|0.001 0.15268965808883816 0.1779743036593162 0.01820352717430529
1086 1086 204 1392 2304 3072 1536 656 1330 1086 249 1201 1664 3258|0.001 0.061450815176646856 0.6715456835152844 0.028161786564031566
1000 1000 1000 1000 1000 1000 1000 1000 1000 1000 1000 1414 1414 1414|0.001 0.00015340806464037016 0.11764826855989341 0.02414612940996763
1000 1000 1000 1000 1000 1000 1000 1000 1000 1000 1000 1414 1414 1414|0.001 0.022936906565540482 0.1282300715511342 0.020518571459471335
1000 1000 1000 1000 1000 1000 1000 1000 1000 1000 1000 1414 1414 1414|0.001 0.15272029500769113 0.005724249825900252 -0.056121185666071494
1000 1000 1000 1000 1000 1000 1000 1000 1000 1000 1000 1414 1414 1414|0.001 0.11080722333169701 0.011427674243489339 -0.013802829243682035
1000 1000 1000 1000 1000 1000 1000 1000 1000 1000 1000 1414 1414 1414|0.001 0.08126233640845637 0.06315165022137137 -0.007989213772954251
1000 1000 1000 1000 1000 1000 1000 1000 1000 1000 1000 1414 1414 1414|0.001 0.010816299038991506 0.1059588604406092 0.022081336108226157
1000 1000 1000 1000 1000 1000 1000 1000 1000 1000 1000 1414 1414 1414|0.001 0.09865863227232374 0.05277522299701243 -0.03737290403781679
1000 1000 1000 1000 1000 1000 1000 1000 1000 1000 1000 1414 1414 1414|0.001 0.09846264819940442 0.05190595068291781 -0.006487158013182004
1000 1000 1000 1000 1000 1000 1000 1000 1000 1000 1000 1414 1414 1414|0.001 0.11167780863126087 0.025219005782572967 -0.02987969508022159
1000 1000 1000 1000 1000 1000 1000 1000 1000 1000 1000 1414 1414 1414|0.001 0.08408939470303967 0.046479395474692264 -0.012031148997528884
1000 1000 1000 1000 1000 1000 1000 1000 1000 1000 1000 1414 1414 1414|0.001 0.044394010156587616 0.12873401317170963 0.03818996665230223
1000 1000 1000 1000 1000 1000 1000 1000 1000 1000 1000 1414 1414 1414|0.001 0.03744897562686589 0.11182350888885306 0.0009594750404984254
1000 1000 1000 1000 1000 1000 1000 1000 1000 1000 1000 1414 1414 1414|0.001 0.0528554298663364 0.09873373382808692 0.028704419982041873
1000 1000 1000 1000 1000 1000 1000 1000 1000 1000 1000 1414 1414 1414|0.001 0.10695570266047616 0.06157535028413097 -0.011147584963665524
1000 1000 1000 1000 1000 1000 1000 1000 1000 1000 1000 1414 1414 1414|0.001 0.135838242896138 0.009678407912934173 -0.026263762548566216
1000 1000 1000 1000 1000 1000 1000 1000 1000 1000 1000 1414 1414 1414|0.001 0.01350908413612073 0.10438136542221255 0.004328191019034033
1000 1000 1000 1000 1000 1000 1000 1000 1000 1000 1000 1414 1414 1414|0.001 0.07456200351422027 0.06972542941068749 0.01920947977065879
1000 1000 1000 1000 1000 1000 1000 1000 1000 1000 1000 1414 1414 1414|0.001 0.05986554887569939 0.09291799020776592 0.001910377204292768
1000 1000 1000 1000 1000 1000 1000 1000 1000 1000 1000 1414 1414 1414|0.001 0.04202618286443638 0.042599148637829654 0.001045446477181411
1000 1000 1000 1000 1000 1000 1000 1000 1000 1000 1000 1414 1414 1414|0.001 0.032483688911999486 0.13528163915458302 0.011507217726611785
1000 1000 1000 1000 1000 1000 1000 1000 1000 1000 1000 1414 1414 1414|0.001 0.05519858226088692 0.05736261781953411 0.010267484327664
1000 1000 1000 1000 1000 1000 1000 1000 1000 1000 1000 1414 1414 1414|0.001 0.01393341060565767 0.09566050732916054 0.012479886071163904
1000 1000 1000 1000 1000 1000 1000 1000 1000 1000 1000 1414 1414 1414|0.001 0.0266599077655294 0.14917390067872294 0.040359455716549864
1000 1000 1000 1000 1000 1000 1000 1000 1000 1000 1000 1414 1414 1414|0.001 0.12774224726734396 0.04784431908831488 -0.018423226950041727
625 1000 625 333 333 333 333 1000 625 1000 625 1179 1054 708|0.001 0.06546218598003417 0.04523603995027603 -0.0024349816221458376
3000 1000 3000 1875 1875 1875 1875 1000 3000 1000 3000 3162 2125 3538|0.001 0.08772712002235616 0.08383580342022912 0.017010647714768012
533 1000 533 1600 1600 1600 1600 1000 533 1000 533 1133 1887 1687|0.001 0.09809051609568353 0.03738286169800542 -0.007719446919882689
1600 1000 1600 533 533 533 533 1000 1600 1000 1600 1887 1133 1687|0.001 0.09001150550130843 0.06795892011435933 -0.008836307866977311
1875 1000 1875 3000 3000 3000 3000 1000 1875 1000 1875 2125 3162 3538|0.001 -0.005616053593288095 0.09990762853770763 0.01758254022853345
333 1000 333 625 625 625 625 1000 333 1000 333 1054 1179 708|0.001 0.15202595656779394 0.004220920953543761 -0.05682032354912936
625 1000 625 333 333 333 333 1000 625 1000 625 1179 1054 708|0.001 0.0676018908468512 0.08759201899691593 0.024442194925136107
533 1000 533 1600 1600 1600 1600 1000 533 1000 533 1133 1887 1687|0.001 0.021307233396665737 0.11224451366259158 0.028223207294637565
3000 1000 3000 1875 1875 1875 1875 1000 3000 1000 3000 3162 2125 3538|0.001 0.05603068588159621 0.04552317653011784 0.0040206737960057914
1600 1000 1600 533 533 533 533 1000 1600 1000 1600 1887 1133 1687|0.001 0.04540000957764967 0.1221711375084289 -0.0014227358929652656
333 1000 333 625 625 625 625 1000 333 1000 333 1054 1179 708|0.001 0.10003277869177873 0.03284926985173575 -0.023689026647201183
1875 1000 1875 3000 3000 3000 3000 1000 1875 1000 1875 2125 3162 3538|0.001 0.076643759860342 0.07057285784002776 -0.02228357218648558
1875 1000 1875 3000 3000 3000 3000 1000 1875 1000 1875 2125 3162 3538|0.001 0.08057684102125373 0.10132862732395775 -0.0033235207477666506
333 1000 333 625 625 625 625 1000 333 1000 333 1054 1179 708|0.001 0.04844978404380029 0.08492948394228206 -0.0002564038248475953
1600 1000 1600 533 533 533 533 1000 1600 1000 1600 1887 1133 1687|0.001 0.03722669769427256 0.09306122932270844 -0.002747829070015584
3000 1000 3000 1875 1875 1875 1875 1000 3000 1000 3000 3162 2125 3538|0.001 0.0025466266940066262 0.0846317049702483 0.00914269307467741
533 1000 533 1600 1600 1600 1600 1000 533 1000 533 1133 1887 1687|0.001 0.08200585048226294 0.059394603241347266 -0.0042595073167706055
625 1000 625 333 333 333 333 1000 625 1000 625 1179 1054 708|0.001 0.035362621441199504 0.09785928395859456 0.027842786420704257
1875 1000 1875 3000 3000 3000 3000 1000 1875 1000 1875 2125 3162 3538|0.001 0.1456579164226146 0.01321189953151336 -0.03678409181546938
1600 1000 1600 533 533 533 533 1000 1600 1000 1600 1887 1133 1687|0.001 0.012459215809139668 0.1290711712122561 0.03642949657478356
333 1000 333 625 625 625 625 1000 333 1000 333 1054 1179 708|0.001 0.0006598529598811353 0.14896777394422855 0.035566292538073974
3000 1000 3000 1875 1875 1875 1875 1000 3000 1000 3000 3162 2125 3538|0.001 0.13790708118284423 0.029917229979761206 -0.027670713839951233
533 1000 533 1600 1600 1600 1600 1000 533 1000 533 1133 1887 1687|0.001 0.09931932216028505 0.06154539248737212 0.011964081466857568
625 1000 625 333 333 333 333 1000 625 1000 625 1179 1054 708|0.001 0.13521249916206513 0.03581857384221898 -0.03823198399243721
1744 1000 581 310 581 581 310 1036 1744 1036 581 1419 1157 1838|0.001 0.10778108627580663 0.40656773117890843 0.06769973031578891
3342 1875 3226 1875 1875 5625 5625 1000 3342 1875 3226 3731 2125 4660|0.001 0.24530344328947296 0.08973553763300668 -0.05438365818422719
533 1000 533 1720 1720 1783 1783 3000 1000 3000 1000 1133 2441 1990|0.001 0.25614837844397 0.06767283370935129 0.01346350999962942
573 333 573 333 333 178 178 1000 594 333 594 814 1054 600|0.001 0.008547716954028228 0.04660597771548369 0.002922289506881448
3000 1000 3000 1720 1783 1783 1720 533 1000 533 1000 3162 1801 2486|0.001 0.06201968869171459 0.05170652098392514 -0.010124377556117725
310 1036 581 1744 581 581 1744 1000 310 1036 581 1047 1419 659|0.001 0.05511945514029337 0.025623031288053433 -0.04263149438904601
581 1000 1744 581 310 310 581 1036 581 1036 1744 1419 1047 659|0.001 0.04283991533235554 0.014913269453253886 -0.024078386790427064
333 1000 333 573 573 594 594 333 178 333 178 1054 814 600|0.001 0.0425553131684997 0.05149383313180378 -0.00673676920711519
1783 533 1720 3000 3000 1000 1000 1000 1783 533 1720 1801 3162 2486|0.001 -0.027088373921081432 0.11472137234544766 -0.0039401596437083075
1720 3000 1720 533 533 1000 1000 1000 1783 3000 1783 2441 1133 1990|0.001 0.45434678714549204 0.0573322380446073 -0.007738913411541315
581 1036 310 581 1744 1744 581 1000 581 1036 310 1157 1419 1838|0.001 0.08939512067730027 0.22579389244621773 0.24876472186768472
1875 1000 1875 3226 3342 3342 3226 1875 5625 1875 5625 2125 3731 4660|0.001 0.10841377594068557 0.1533361863800331 0.016779185068620528
1875 1000 1875 3342 3226 3226 3342 1875 5625 1875 5625 2125 3377 4577|0.001 0.1892518909642904 -0.0045146706173382345 -0.029716900024061577
561 965 299 561 1683 1683 561 1000 561 965 299 1010 1394 1774|0.001 0.053980802689563845 0.2648382611516209 0.14239959562342586
1783 3000 1783 533 533 1000 1000 1000 1720 3000 1720 2486 1133 1801|0.001 0.38601210576808764 0.09284719091108284 -0.010884413985716712
1720 533 1783 3000 3000 1000 1000 1000 1720 533 1783 1990 3162 2441|0.001 -0.013499910382946956 0.09953575019065797 0.0020558607591403266
333 1000 333 594 594 573 573 333 178 333 178 1054 829 663|0.001 0.015312634703095185 0.052516412298098114 0.01249416804047554
561 1000 1683 561 299 299 561 965 561 965 1683 1394 1116 636|0.001 0.06452121086934826 -0.005656271259076862 -0.027593295588816957
3000 1000 3000 1783 1720 1720 1783 533 1000 533 1000 3162 1990 2441|0.001 0.0735136399615044 0.04266708695243704 -0.012729421390884621
594 333 594 333 333 178 178 1000 573 333 573 829 1054 663|0.001 0.003282922218552642 0.053584502610171114 0.0010692919676547064
299 965 561 1683 561 561 1683 1000 299 965 561 1116 1394 636|0.001 0.10857584522550257 -0.0386513858929638 -0.07833161302189695
3226 1875 3342 1875 1875 5625 5625 1000 3226 1875 3342 3377 2125 4577|0.001 0.26230523039462383 0.08800533235262753 -0.04737233816322073
533 1000 533 1783 1783 1720 1720 3000 1000 3000 1000 1133 2486 1801|0.001 0.20897083072858758 0.01851756382471148 -0.01386770680129934
1683 1000 561 299 561 561 299 965 1683 965 561 1394 1010 1774|0.001 0.015185443416603217 0.3995088649245737 0.013007183454809557
625 1000 625 690 1114 1114 690 1875 1875 1875 1875 1179 1998 1553|0.001 0.10536291671739306 0.17932775931339018 0.02910261909809586
2719 1615 1450 906 2719 2719 906 1000 2719 1615 1450 2897 1861 3845|0.001 0.06339773572535679 0.21113181212039533 0.20124408939398375
1104 3000 1104 1600 1600 3000 3000 1000 1783 3000 1783 2054 1887 3197|0.001 0.4039965501130016 0.049119787922833336 -0.008750332803704186
1600 1000 1600 1783 1783 1104 1104 3000 3000 3000 3000 1887 2486 1944|0.001 0.06643625695177402 0.12039921448521174 0.011091986289217814
1683 1000 561 898 1683 1683 898 619 1683 619 561 1394 1090 2380|0.001 0.06171769376417835 0.3275680785719848 0.04899368796739578
690 1875 1114 625 625 1875 1875 1000 690 1875 1114 1215 1179 1284|0.001 0.26611639358662176 0.09408242121897281 -0.03148020116967798
625 1000 625 1114 690 690 1114 1875 1875 1875 1875 1179 1215 1284|0.001 0.13293154943888386 0.14152416918017163 0.0243278572267025
1783 3000 1783 1600 1600 3000 3000 1000 1104 3000 1104 2486 1887 1944|0.001 0.40698206069289533 0.04021434865767226 -0.00048565268311207
1683 619 898 561 1683 1683 561 1000 1683 619 898 1090 1394 2380|0.001 0.07312432622553988 0.25697322822316515 0.18283284766356545
1600 1000 1600 1104 1104 1783 1783 3000 3000 3000 3000 1887 2054 3197|0.001 0.2632268333008758 0.02525175514051403 -0.02899687638410975
1114 1875 690 625 625 1875 1875 1000 1114 1875 690 1998 1179 1553|0.001 0.2182674644936866 0.04648682697492745 -0.059847407297616284
2719 1000 906 1450 2719 2719 1450 1615 2719 1615 906 1861 2897 3845|0.001 0.02068569452281732 0.29097604997799786 0.03644658588676908
906 1000 2719 2719 1450 1450 2719 1615 906 1615 2719 1861 1761 1710|0.001 0.050763708637284743 0.0028566871895918666 -0.02681630046531769
594 533 368 1000 1000 333 333 1000 594 533 368 648 1414 829|0.001 0.003307105294381163 0.08579391377810275 0.005029811526218175
1000 1000 1000 368 368 594 594 333 533 333 533 1414 685 648|0.001 0.0044641013972412935 0.09214531511150481 0.014321286957892365
898 619 1683 1683 561 561 1683 1000 898 619 1683 1793 1394 1058|0.001 0.058762857606078356 0.03464586650793189 -0.04554171217328151
594 333 594 1000 1000 533 533 1000 368 333 368 829 1414 1066|0.001 0.01755913434861478 0.03971027806642935 0.005176789305540996
1000 1000 1000 594 368 368 594 533 333 533 333 1414 1066 685|0.001 0.0566137134983169 0.04973137039015585 -0.0153454821172061
561 1000 1683 1683 898 898 1683 619 561 619 1683 1394 1793 1058|0.001 0.04167716573953539 0.014534309077376406 -0.023231300548196554
1000 1000 1000 594 594 368 368 333 533 333 533 1414 829 1066|0.001 0.04890939984491638 0.011736398224551081 -0.011948891953815766
368 533 594 1000 1000 333 333 1000 368 533 594 1066 1414 685|0.001 -0.007313290795152305 0.09362265475684417 -0.0030224590640370863
1450 1615 2719 2719 906 906 2719 1000 1450 1615 2719 1761 1861 1710|0.001 0.05727582706293477 0.03229309450390794 -0.041449213665936124
368 333 368 1000 1000 533 533 1000 594 333 594 685 1414 648|0.001 0.0009262520284725184 0.05466494791051213 0.007306818475003585
1000 1000 1000 368 594 594 368 533 333 533 333 1414 648 829|0.001 -0.009222652008793464 0.08785113429617075 0.02141642619220896
333 1000 333 1000 1000 1000 1000 1000 333 1000 333 1054 1414 1054|0.001 -0.020365625906539897 0.16537726388065055 0.0500340742952643
1000 1000 1000 333 333 333 333 1000 1000 1000 1000 1414 1054 1054|0.001 0.12301633363092979 0.031126120319620032 -0.04491868905671215
3000 1000 3000 3000 3000 3000 3000 1000 3000 1000 3000 3162 3162 4243|0.001 0.039026982257350795 0.05699314881320694 -0.00016127344973471125
3000 1000 3000 3000 3000 3000 3000 1000 3000 1000 3000 3162 3162 4243|0.001 0.07043732034655914 0.11296677774957686 0.022594290587851784
333 1000 333 1000 1000 1000 1000 1000 333 1000 333 1054 1414 1054|0.001 0.008141445919855883 0.07110711186104401 0.012431572398052815
1000 1000 1000 333 333 333 333 1000 1000 1000 1000 1414 1054 1054|0.001 0.12188729541880106 0.019352950562168125 -0.010056944006240354
333 1000 333 1000 1000 1000 1000 1000 333 1000 333 1054 1414 1054|0.001 0.025397777258913123 0.08905366526817504 0.017258698895703528
3000 1000 3000 3000 3000 3000 3000 1000 3000 1000 3000 3162 3162 4243|0.001 0.061636306830297194 0.10726228642597313 0.030600204287491994
1000 1000 1000 333 333 333 333 1000 1000 1000 1000 1414 1054 1054|0.001 0.0012496117750027125 0.125054550269319 0.030547701128031957
3000 1000 3000 3000 3000 3000 3000 1000 3000 1000 3000 3162 3162 4243|0.001 0.05352472756093185 0.06402028622091382 0.003670025604853855
1000 1000 1000 333 333 333 333 1000 1000 1000 1000 1414 1054 1054|0.001 0.07850374742279786 0.04427803175077072 -0.0048140018024867
333 1000 333 1000 1000 1000 1000 1000 333 1000 333 1054 1414 1054|0.001 0.036141084505332266 0.11604422167345252 0.013287608271317364
333 1000 333 1000 1000 1000 1000 1000 333 1000 333 1054 1414 1054|0.001 0.08342543755640142 0.02135506300970924 -0.011929236512244756
1000 1000 1000 333 333 333 333 1000 1000 1000 1000 1414 1054 1054|0.001 0.08145519268761392 0.06403711693126368 0.020102048721044596
3000 1000 3000 3000 3000 3000 3000 1000 3000 1000 3000 3162 3162 4243|0.001 0.1582500108205287 0.01099489005116805 -0.06209135811016786
1000 1000 1000 333 333 333 333 1000 1000 1000 1000 1414 1054 1054|0.001 0.06221218924336469 0.09632348805863611 -0.007541732442113425
3000 1000 3000 3000 3000 3000 3000 1000 3000 1000 3000 3162 3162 4243|0.001 0.09551174008960439 0.028268795119370527 -0.008701851399081084
333 1000 333 1000 1000 1000 1000 1000 333 1000 333 1054 1414 1054|0.001 0.09472643068998421 0.07682082073803498 -0.030606505193782052
333 1000 333 1000 1000 1000 1000 1000 333 1000 333 1054 1414 1054|0.001 0.07238885068011847 0.08588017461857111 0.032753132121885464
3000 1000 3000 3000 3000 3000 3000 1000 3000 1000 3000 3162 3162 4243|0.001 0.03417696156164052 0.0839549804701134 0.006426092045366261
1000 1000 1000 333 333 333 333 1000 1000 1000 1000 1414 1054 1054|0.001 0.07819255697220306 0.06781681267847839 0.02322658249302334
1000 1000 1000 333 333 333 333 1000 1000 1000 1000 1414 1054 1054|0.001 0.09110141815708461 0.041397568273862095 0.006336538633311406
3000 1000 3000 3000 3000 3000 3000 1000 3000 1000 3000 3162 3162 4243|0.001 0.07787273256613769 0.08277519611239903 0.01737052500444758
333 1000 333 1000 1000 1000 1000 1000 333 1000 333 1054 1414 1054|0.001 -0.010563445332429922 0.10978250088547581 0.021946332254756395
333 1000 333 178 178 178 178 1000 333 1000 333 1054 1016 378|0.001 0.015106177817438837 0.12243214866480168 0.030193848272934698
5625 1000 5625 1875 1875 1875 1875 1000 5625 1000 5625 5713 2125 5929|0.001 0.11026406211935402 0.011067661297561315 -0.019096683189837593
533 1000 533 3000 3000 3000 3000 1000 533 1000 533 1133 3162 3047|0.001 0.004010544629615698 0.11573891397159475 0.018363060101163065
3000 1000 3000 533 533 533 533 1000 3000 1000 3000 3162 1133 3047|0.001 0.039909181212998135 0.06483901746615395 0.013268411481732745
1875 1000 1875 5625 5625 5625 5625 1000 1875 1000 1875 2125 5713 5929|0.001 0.10135596307488282 0.028415850047582847 -0.016308996061827896
178 1000 178 333 333 333 333 1000 178 1000 178 1016 1054 378|0.001 0.025053454960159982 0.07018266649280402 0.006961227909385581
333 1000 333 178 178 178 178 1000 333 1000 333 1054 1016 378|0.001 0.05854909454454216 0.1251850510054653 0.010886345267979713
533 1000 533 3000 3000 3000 3000 1000 533 1000 533 1133 3162 3047|0.001 0.029156463804067556 0.11567464251186044 0.0068050181106937835
5625 1000 5625 1875 1875 1875 1875 1000 5625 1000 5625 5713 2125 5929|0.001 0.0851133800141346 0.023464390330731888 0.0009363214447177803
3000 1000 3000 533 533 533 533 1000 3000 1000 3000 3162 1133 3047|0.001 0.02711468087381652 0.07695846058280997 -0.0017151180110075437
178 1000 178 333 333 333 333 1000 178 1000 178 1016 1054 378|0.001 0.11923417248057566 0.013173179853778194 -0.00814609016162593
1875 1000 1875 5625 5625 5625 5625 1000 1875 1000 1875 2125 5713 5929|0.001 0.013798494421370933 0.11864260934907778 0.022013523653781064
1875 1000 1875 5625 5625 5625 5625 1000 1875 1000 1875 2125 5713 5929|0.001 0.0899661408636554 0.055004602097452615 0.002324719785078422
178 1000 178 333 333 333 333 1000 178 1000 178 1016 1054 378|0.001 0.08221178068641422 0.05004501493928171 0.006501744947606802
3000 1000 3000 533 533 533 533 1000 3000 1000 3000 3162 1133 3047|0.001 0.15847954161194 -0.0065109431452003985 -0.034515486361479386
5625 1000 5625 1875 1875 1875 1875 1000 5625 1000 5625 5713 2125 5929|0.001 0.14481609004774354 0.018014446288889818 -0.020407179868873193
533 1000 533 3000 3000 3000 3000 1000 533 1000 533 1133 3162 3047|0.001 0.08655429650710422 0.06553369024550282 0.008067970755776255
333 1000 333 178 178 178 178 1000 333 1000 333 1054 1016 378|0.001 0.045181455938714254 0.08689450140020538 0.005482523577522436
1875 1000 1875 5625 5625 5625 5625 1000 1875 1000 1875 2125 5713 5929|0.001 0.09729744017243025 0.04318231648687609 -0.016392098201758465
3000 1000 3000 533 533 533 533 1000 3000 1000 3000 3162 1133 3047|0.001 0.17936292367579432 -0.020739525159639838 -0.06245141268798604
178 1000 178 333 333 333 333 1000 178 1000 178 1016 1054 378|0.001 -0.01454768675652418 0.17577537890811845 0.05493702704759462
5625 1000 5625 1875 1875 1875 1875 1000 5625 1000 5625 5713 2125 5929|0.001 0.07278262375245426 0.09597925981672084 -0.02391092324365962
533 1000 533 3000 3000 3000 3000 1000 533 1000 533 1133 3162 3047|0.001 0.09109557642009936 0.08323568237581735 -0.0118862174317369
333 1000 333 178 178 178 178 1000 333 1000 333 1054 1016 378|0.001 0.02923219165234192 0.12159443301686501 -0.008540667768417443
906 1000 906 1000 1000 1000 1000 1000 2719 1000 2719 1350 1282 1861|0.001 0.10217562534932556 0.07558361975561478 0.008824486679233079
1104 3000 1104 1104 1104 1104 1104 1000 1104 3000 1104 2054 1489 1414|0.001 0.4024304987951077 0.13709175342424773 0.02412166254875503
1104 1000 1104 1104 1104 1104 1104 3000 1104 3000 1104 1489 2054 1694|0.001 0.11756261621844954 0.11282247843743987 0.0020960266173308817
2719 1000 906 1000 1000 1000 1000 1000 2719 1000 906 1861 1535 2897|0.001 0.0033179043878828196 0.3828477003543962 0.0498721269611635
906 1000 906 1000 1000 1000 1000 1000 2719 1000 2719 1350 1535 1861|0.001 0.005607244916612242 0.2379483437411456 0.04185111340552217
1104 3000 1104 1104 1104 1104 1104 1000 1104 3000 1104 2054 1489 1694|0.001 0.3582731946357365 0.10529167229435643 0.037873640582641865
1104 1000 1104 1104 1104 1104 1104 3000 1104 3000 1104 1489 2054 1414|0.001 0.19762254055043504 0.09460086728001693 -0.03300534033108038
2719 1000 906 1000 1000 1000 1000 1000 2719 1000 906 1861 1282 2897|0.001 0.043097724137264315 0.36227265733829617 0.02509949950817214
906 1000 2719 1000 1000 1000 1000 1000 906 1000 2719 1861 1535 1350|0.001 0.02052037882805502 0.03222700371640075 0.02645373853426225
1000 1000 1000 2719 2719 906 906 1000 1000 1000 1000 1535 2897 1861|0.001 0.043142750137010744 0.11575273935670705 0.010921255056282053
368 1000 368 368 368 368 368 333 368 333 368 1066 685 565|0.001 0.03353704836404736 0.05398511569865816 -0.01699621173023358
1000 1000 1000 2719 906 906 2719 1000 1000 1000 1000 1282 1861 1350|0.001 0.07948400469310668 0.09162228552091367 -0.0465229518583854
368 333 368 368 368 368 368 1000 368 333 368 685 1066 471|0.001 0.038968018743861244 0.0147698354332082 -0.012935568845834355
2719 1000 2719 1000 1000 1000 1000 1000 906 1000 906 2897 1282 1861|0.001 0.10971670767301767 0.043308729118223255 0.022550098831315424
906 1000 2719 1000 1000 1000 1000 1000 906 1000 2719 1861 1282 1350|0.001 0.001228976557652306 0.04308712804842907 0.012103973550154912
368 1000 368 368 368 368 368 333 368 333 368 1066 685 471|0.001 0.009973220852590448 0.053016962489147446 0.002082818245334739
1000 1000 1000 2719 2719 906 906 1000 1000 1000 1000 1282 2897 1861|0.001 0.07172230973125471 0.10630809414504006 0.012637872039653608
1000 1000 1000 2719 906 906 2719 1000 1000 1000 1000 1535 1861 1350|0.001 0.06846411533943719 0.09897421115608429 -0.05132081172875669
368 333 368 368 368 368 368 1000 368 333 368 685 1066 565|0.001 0.04423544652676803 0.0013600690253579018 -0.02485204263327545
2719 1000 2719 1000 1000 1000 1000 1000 906 1000 906 2897 1535 1861|0.001 0.034224565023543985 0.10852666161840441 0.02912631448323877
333 1000 333 368 368 368 368 1000 1000 1000 1000 1054 1066 685|0.001 0.07612029511483653 0.1304126415563478 0.016725448114944808
1104 3000 1104 3000 3000 3000 3000 1000 1104 3000 1104 2054 3162 3197|0.001 0.39756545592440684 0.03000595149359908 -0.03758243007461748
3000 1000 3000 1104 1104 1104 1104 3000 3000 3000 3000 3162 2054 3197|0.001 0.21149090744893906 0.07104734044710126 -0.03395645501517497
2719 1000 906 2719 2719 2719 2719 1000 2719 1000 906 1861 2897 3845|0.001 0.052750606422617974 0.3935457227000705 0.014322193336784306
333 1000 333 368 368 368 368 1000 1000 1000 1000 1054 1066 685|0.001 0.008498741245206443 0.1585647307003546 0.019415337195387572
1104 3000 1104 3000 3000 3000 3000 1000 1104 3000 1104 2054 3162 3197|0.001 0.20865246485711308 0.046335561466612774 0.004678673707565473
3000 1000 3000 1104 1104 1104 1104 3000 3000 3000 3000 3162 2054 3197|0.001 0.15326670505930284 0.09363299639762346 -0.009665649698010759
2719 1000 906 2719 2719 2719 2719 1000 2719 1000 906 1861 2897 3845|0.001 0.10092632780512645 0.4173650268350415 -0.02121549135950085
906 1000 2719 2719 2719 2719 2719 1000 906 1000 2719 1861 2897 2866|0.001 -0.008871957636296113 0.0456667457486426 0.017034864661620297
368 1000 368 1000 1000 333 333 1000 368 1000 368 1066 1414 685|0.001 0.043740903417632815 0.110802675819619 0.0028745697861487507
1000 1000 1000 368 368 368 368 333 1000 333 1000 1414 685 1066|0.001 0.024122427261172863 0.06452725286903993 -0.00514199650252678
2719 1000 2719 2719 906 906 2719 1000 2719 1000 2719 2897 1861 2866|0.001 0.08039282261497194 0.07827100363253514 -0.05353646709897908
368 333 368 1000 1000 1000 1000 1000 368 333 368 685 1414 1066|0.001 0.031603831819499995 0.009865839483205185 -0.008398202960818724
1000 1000 1000 368 368 368 368 1000 333 1000 333 1414 1066 685|0.001 0.14505198756191495 0.01890793664885093 -0.005530701224366608
906 1000 2719 2719 2719 2719 2719 1000 906 1000 2719 1861 2897 2866|0.001 0.006372423843634678 0.032673018644138185 0.013931571348553273
1000 1000 1000 368 368 368 368 333 1000 333 1000 1414 685 1066|0.001 0.03841071507157956 0.07248355515422134 -0.009968563237202632
368 1000 368 1000 1000 333 333 1000 368 1000 368 1066 1414 685|0.001 0.09377905444325041 0.0747062207771676 -0.0024924733861686477
2719 1000 2719 2719 906 906 2719 1000 2719 1000 2719 2897 1861 2866|0.001 0.07841997830965397 0.05265479035343246 -0.05895621942436424
368 333 368 1000 1000 1000 1000 1000 368 333 368 685 1414 1066|0.001 0.04968880316863045 -0.0020278146127661323 -0.01938243594749922
1000 1000 1000 368 368 368 368 1000 333 1000 333 1414 1066 685|0.001 0.05425005786773962 0.10367148967184381 0.0017165778574801394
696 533 943 943 177 94 503 1260 701 672 1040 1373 1016 702|0.001 -0.0026775550941215975 0.10422784137007257 -0.03604677319372529
1336 188 1061 1000 1104 743 738 533 713 100 566 1077 1133 1712|0.001 0.017457104452041072 0.008896426225353249 -0.019241398555741585
533 1104 1000 1061 566 713 1336 738 100 743 188 1133 1456 574|0.001 0.09549791970828947 0.019758222184678154 -0.04534637761886895
3965 533 3937 5657 7126 3800 3017 5333 5885 2844 5333 3973 7775 4602|0.001 0.1636426798049717 0.0881971749840682 -0.013562159043361
943 1260 177 696 943 1040 701 533 503 672 94 1374 745 1069|0.001 0.05325046653887888 0.6649382523599523 -0.006552340083242347
7126 5333 5657 7382 7434 11035 10000 1875 13361 10000 10607 7775 7617 17117|0.001 0.9867607000017764 0.08066663723838241 -0.007251473681612053
1061 738 566 533 1000 188 100 1104 1336 743 713 791 1414 1077|0.001 0.07038281835731519 0.2648155346042991 0.02654225774012753
177 1260 943 1768 1305 1314 1951 1875 331 2362 1768 1016 1398 1346|0.001 0.0026160564728594515 0.03930457499635942 0.015564291188061574
646 674 1211 906 483 91 170 906 513 669 961 1551 1282 705|0.001 0.07426801271139816 0.012823497175691312 -0.00474608747164873
5657 5333 7126 3965 3937 5333 5885 533 3017 2844 3800 5745 4062 4216|0.001 0.3670734623805494 0.019395967778563783 -0.007620692750746061
7382 1875 7434 7126 5657 10607 13361 5333 10000 10000 11035 7450 5745 14560|0.001 0.8762229791196319 0.09392945981036904 0.006136649905377212
748 794 140 1043 1549 1403 1036 1875 1403 1488 263 806 2402 1590|0.001 0.04318592059267212 0.7146594873601697 0.01852127415531646
906 906 483 646 1211 961 513 674 170 669 91 1027 782 1321|0.001 0.03472254337818059 0.20877307099905762 0.012671690405998692
1043 1875 1549 748 140 263 1403 794 1036 1488 1403 1211 1091 1045|0.001 0.21931240768894744 0.05789048574128319 -0.14284485760930443
533 1000 533 566 566 713 713 200 100 200 100 1133 721 574|0.001 0.005774469966319806 0.070096199866585 0.009370856912009895
2000 1000 2000 5657 7126 7126 5657 5333 10000 5333 10000 2236 7775 8413|0.001 0.33203962870317794 -0.10697999988319551 -0.028075417664139568
500 1000 500 2828 2828 3563 3563 5000 2667 5000 2667 1118 3606 3887|0.001 0.29373571817499444 0.04308492850229051 -0.01023001196891693
1875 1000 1875 1061 1336 1336 1061 188 375 188 375 2125 1077 1577|0.001 0.04427144478393208 0.09382814362631997 -0.03420706944942009
1875 1000 1875 1336 1061 1061 1336 188 375 188 375 2125 1458 1352|0.001 0.08129428693736784 0.055574128472468676 -0.05933536704509801
500 1000 500 3563 3563 2828 2828 5000 2667 5000 2667 1118 4206 2872|0.001 0.1867955939736654 0.15562353169355836 0.006591901183974347
2000 1000 2000 7126 5657 5657 7126 5333 10000 5333 10000 2236 5745 7211|0.001 0.26546614626643983 0.11183994424461607 -0.0026957658485404767
533 1000 533 713 713 566 566 200 100 200 100 1133 841 777|0.001 0.014033636185766252 0.04126064826629028 0.004903872997887859
2032 1000 271 135 254 254 135 1007 2032 1007 271 1245 1032 2048|0.001 0.10513721483620397 1.0532713280106476 0.07029621204565295
500 1000 500 3691 3691 3717 3717 7500 938 7500 938 1118 4596 3808|0.001 0.46111423749771063 0.17933525614985069 0.029948765854679316
8000 1000 8000 3937 3965 3965 3937 533 1067 533 1067 8062 3973 4925|0.001 0.03212632214676603 0.07258498032464589 0.007600831805296693
135 1007 254 2032 271 271 2032 1000 135 1007 254 1009 1245 303|0.001 0.09650832947351251 -0.00939863044440159 -0.08549811282965503
125 1000 125 492 492 496 496 133 67 133 67 1008 613 497|0.001 0.001422260787740104 0.05489361451192609 0.0050684948339618785
3965 533 3937 8000 8000 1067 1067 1000 3965 533 3937 3973 8062 4925|0.001 -0.006964218448506365 0.09489037492277586 0.0043096000549125435
3691 7500 3691 500 500 938 938 1000 3717 7500 3717 4596 1118 3808|0.001 0.8353161119687891 0.028625510409074906 -0.01378823279611141
2000 1000 2000 7382 7434 7434 7382 1875 15000 1875 15000 2236 7617 9234|0.001 0.10149160678568192 -0.005736050086317945 -0.006060580111417746
2000 1000 2000 7434 7382 7382 7434 1875 15000 1875 15000 2236 7450 9192|0.001 0.09935477285375693 -0.054748677079005104 -0.014577302481456611
3717 7500 3717 500 500 938 938 1000 3691 7500 3691 4617 1118 3725|0.001 1.0341551274383964 0.14201323684424727 0.06393342701278337
3937 533 3965 8000 8000 1067 1067 1000 3937 533 3965 4062 8062 4903|0.001 -0.01122949882529145 0.09587780840733418 0.001559606933905222
125 1000 125 496 496 492 492 133 67 133 67 1008 616 508|0.001 -0.0013268755555373435 0.05549770425083089 0.008026635565412388
8000 1000 8000 3965 3937 3937 3965 533 1067 533 1067 8062 4062 4903|0.001 0.03084752126447432 0.10366186792307719 -0.00744214406944943
135 993 252 2018 269 269 2018 1000 135 993 252 1025 1242 301|0.001 0.09049045198568972 -0.001723872353235345 -0.08079308545270947
500 1000 500 3717 3717 3691 3691 7500 938 7500 938 1118 4617 3725|0.001 0.44517884447643263 0.01862489312624449 -0.026246740576713057
2018 1000 269 135 252 252 135 993 2018 993 269 1242 1002 2033|0.001 0.014253858665198571 0.7419749887528759 0.031703823195543546
1305 1875 1768 943 177 331 1768 1260 1314 2362 1951 1398 1016 1346|0.001 0.26549188791516576 0.06448339096438493 -0.18155562671845482
1000 1104 533 566 1061 1336 713 738 188 743 100 1414 791 1077|0.001 0.09444115091098215 0.14368139256023316 0.09208685146919748
7434 1875 7382 5657 7126 13361 10607 5333 11035 10000 10000 7617 7775 17117|0.001 0.7433087318888587 0.10046595092835675 -0.031037235426408794
943 1260 177 1305 1768 1951 1314 1875 1768 2362 331 1374 2574 2500|0.001 0.20603102852832178 1.141516954266213 0.006483209440193427
7126 5333 5657 3937 3965 5885 5333 533 3800 2844 3017 7775 3973 4602|0.001 0.34945646941453745 0.03005090088416873 0.0030511263951282785
566 738 1061 1000 533 100 188 1104 713 743 1336 1456 1133 574|0.001 0.08605092140858916 0.005996097848854909 -0.005953197426453727
140 794 748 1549 1043 1036 1403 1875 263 1488 1403 1091 1211 1045|0.001 0.011184501193257645 0.031828411464267514 0.017415501769619812
1211 674 646 483 906 170 91 906 961 669 513 782 1027 1321|0.001 0.09392322392629993 0.25203374103107246 0.029610735164782298
5657 5333 7126 7434 7382 10000 11035 1875 10607 10000 13361 5745 7450 14560|0.001 1.0751094880681067 0.027184351886049285 0.007860382594535587
3937 533 3965 7126 5657 3017 3800 5333 5333 2844 5885 4062 5745 4216|0.001 0.22030277591898573 0.08595844078146397 0.009910674984658918
748 794 140 556 826 748 553 533 399 423 75 806 646 1058|0.001 0.0616319139736099 0.5355835369109707 -0.023835537089813563
1061 188 1336 1104 1000 738 743 533 566 100 713 1458 1414 1456|0.001 0.019229577260178043 0.0031162652121730083 -0.0152083143259929
483 906 906 1211 646 513 961 674 91 669 170 1282 1551 705|0.001 0.05648623535869035 0.04627387772979219 -0.02896249303531495
556 533 826 748 140 75 399 794 553 423 748 1281 1091 570|0.001 0.0031553335742495747 0.09301203185482887 -0.03682512791896353
354 500 354 333 333 62 62 1000 445 500 445 791 1054 359|0.001 0.00023388054501971567 0.0833492669745195 0.0026978651988529556
3000 1000 3000 1061 1336 1336 1061 188 1500 188 1500 3162 1077 2507|0.001 0.018390385603577197 0.029418607807536468 -0.0009619662516546779
1414 1000 2828 943 177 177 943 1260 1414 1260 2828 2236 1016 1425|0.001 0.09509189894575165 0.002105833744083796 -0.07804040620112529
333 1000 333 354 354 445 445 500 62 500 62 1054 791 359|0.001 0.04705973590148016 0.04406340210953097 0.0032125962178919387
943 1260 177 1414 2828 2828 1414 1000 943 1260 177 1374 2236 2981|0.001 0.03318927196593213 0.6811364074898774 0.07004218191962952
8000 1000 8000 5657 7126 7126 5657 5333 16000 5333 16000 8062 7775 13371|0.001 0.25301868799364025 0.1982120748790317 0.03745661932565758
125 1000 125 707 707 891 891 2000 667 2000 667 1008 1581 972|0.001 0.1137285274669586 0.150681405348283 0.01276309967094047
7126 5333 5657 8000 8000 16000 16000 1000 7126 5333 5657 7775 8062 13371|0.001 0.8387322568234734 0.08560183329534787 -0.03790101990269079
333 1000 333 445 445 354 354 500 62 500 62 1054 836 486|0.001 0.008633561952398061 0.049600081479781455 0.008115777028079307
1123 1000 2245 748 140 140 748 794 1123 794 2245 1876 1091 1131|0.001 0.09796707367966118 -0.02609248384602525 -0.08502551796243818
3000 1000 3000 1336 1061 1061 1336 188 1500 188 1500 3162 1458 2372|0.001 0.030554921144612113 0.08813399647677578 -0.012064354268345179
445 500 445 333 333 62 62 1000 354 500 354 836 1054 486|0.001 -0.016214485347673113 0.1047783220849019 -1.935685421172728e-05
5657 5333 7126 8000 8000 16000 16000 1000 5657 5333 7126 5745 8062 12649|0.001 0.7236959282482225 0.06175008462338649 -0.028049587388200292
125 1000 125 891 891 707 707 2000 667 2000 667 1008 1671 718|0.001 0.07558015652693317 0.1292081703809811 0.005609560333161845
8000 1000 8000 7126 5657 5657 7126 5333 16000 5333 16000 8062 5745 12649|0.001 0.4076164312041519 0.005779112276083076 -0.039694997559585055
748 794 140 1123 2245 2245 1123 1000 748 794 140 806 1876 2367|0.001 0.048679921468708365 0.7829747387569164 0.07949550943233907
573 533 333 354 354 189 189 1000 528 533 246 629 1061 673|0.001 -0.0015707038385059935 0.09734662997570087 -0.00522833772120368
2828 1000 2828 943 696 1492 1622 533 1508 533 1508 3000 1373 1661|0.001 0.08193186612826198 0.044447300435837 -0.01974875089288508
566 738 1061 3000 1600 1600 3000 1720 566 1583 1061 1456 1887 1697|0.001 0.0792995695205656 -0.01764268433473548 -0.04027701392308236
930 581 1744 616 329 329 616 920 930 429 1744 1838 1174 986|0.001 0.0942448241452487 -0.00025517124265794777 -0.04482962399606438
1492 533 1622 2828 2828 1508 1508 1000 696 533 943 1904 3000 2913|0.001 -0.003436876492418639 0.09036689521830343 0.014723028377534586
354 1000 354 573 333 246 528 533 189 533 189 1061 1054 485|0.001 0.06791390038338951 0.046064564750609716 -0.02166870349148753
625 1875 1075 354 354 663 663 1000 461 1875 989 1179 1061 494|0.001 0.2053009663675498 0.04873669027018357 -0.017005802999310315
616 920 329 930 1744 1744 930 581 616 429 329 935 1097 1849|0.001 0.08301616247216703 0.11917704308189725 0.04544178077093619
2828 1000 2828 3041 2798 1305 1768 1875 5303 1875 5303 3000 2842 3115|0.001 0.11504036181097188 0.07695092212810506 0.010551430222398572
3000 1720 1600 566 1061 1061 566 738 3000 1583 1600 3162 791 3182|0.001 0.11391748590336759 0.1873068448239401 0.11038442851897923
354 1000 354 625 1075 989 461 1875 663 1875 663 1061 1976 1005|0.001 0.10359602583695615 0.1218245499747872 0.012287943804425439
1305 1875 1768 2828 2828 5303 5303 1000 2798 1875 3041 1398 3000 5462|0.001 0.19600583291436768 0.037829577479928655 -0.01172130160805085
943 533 696 2828 2828 1508 1508 1000 1622 533 1492 745 3000 1779|0.001 0.017695937502877346 0.06910850118050371 0.004289504128385246
354 1000 354 246 528 573 333 533 189 533 189 1061 587 536|0.001 0.013462500366359098 0.11500773040278522 0.009391829426510512
2167 2144 4064 1437 766 766 1437 1355 2167 2330 4064 2387 1071 2299|0.001 0.1085648665931438 -0.01668087231674442 -0.04761819411707058
2828 1000 2828 1492 1622 943 696 533 1508 533 1508 3000 1516 2981|0.001 -0.02359993180932718 0.11200524877889695 0.048992521448461
357 1087 670 1895 1011 1011 1895 466 357 632 670 1016 1952 1072|0.001 0.05754214117065448 0.03590434401711251 -0.018396994345256656
246 533 528 354 354 189 189 1000 333 533 573 1030 1061 264|0.001 0.056838862828745285 0.0338116024918933 -0.0053519773946519855
3041 1875 2798 2828 2828 5303 5303 1000 1768 1875 1305 3571 3000 3335|0.001 0.2542511369189082 0.04219940176928949 -0.05485972266113914
1895 466 1011 357 670 670 357 1087 1895 632 1011 1113 1276 2010|0.001 0.026212350894361247 0.1923758423526456 0.09357974843428041
354 1000 354 989 461 625 1075 1875 663 1875 663 1061 1101 910|0.001 0.18125140706711784 0.02697133394764961 0.0011034131146647752
2828 1000 2828 1305 1768 3041 2798 1875 5303 1875 5303 3000 2574 5590|0.001 0.16080095543845818 0.03803310710153385 -0.01315022286052625
1437 1355 766 2167 4064 4064 2167 2144 1437 2330 766 1972 4185 4310|0.001 0.0746208021354966 0.24904534169279957 0.13544968830996762
989 1875 461 354 354 663 663 1000 1075 1875 625 1931 1061 1262|0.001 0.13160199694269847 0.027535388790074222 -0.008344875775799787
625 1000 625 354 354 354 354 1000 125 1000 125 1179 1061 451|0.001 0.06585575331230276 0.07272065578877163 0.03856708263098474
2828 1000 2828 1768 354 354 1768 1000 2828 1000 2828 3000 1275 2850|0.001 0.10390294878448669 0.0775243430241912 -0.09029226491922282
566 200 566 1600 1600 1600 1600 1000 566 200 566 721 1887 1697|0.001 0.04475829811650289 -0.014039856044807397 -0.021301859122712097
1600 1000 1600 566 566 566 566 200 1600 200 1600 1887 721 1697|0.001 0.0031713862024784767 0.03735461487123892 0.003901417722584899
354 1000 1768 2828 2828 2828 2828 1000 354 1000 1768 1275 3000 2850|0.001 -0.014798687478502215 0.0439208243852085 0.021243931797836346
354 1000 354 625 625 125 125 1000 354 1000 354 1061 1179 451|0.001 0.09809190922966726 0.08395850461919707 0.0065887296443145615
625 1000 625 354 354 354 354 1000 125 1000 125 1179 1061 451|0.001 0.1290448980374781 0.08380352552555648 -0.034591596335269426
566 200 566 1600 1600 1600 1600 1000 566 200 566 721 1887 1697|0.001 0.04433355882931478 -0.015215761560996022 -0.02097289645284328
2828 1000 2828 1768 354 354 1768 1000 2828 1000 2828 3000 1275 2850|0.001 0.08402737541913785 0.08743011830843583 -0.0704687709066032
1600 1000 1600 566 566 566 566 200 1600 200 1600 1887 721 1697|0.001 0.00529696463646534 0.031304672220122676 0.0037833390847064052
354 1000 354 625 625 125 125 1000 354 1000 354 1061 1179 451|0.001 0.08375367300363257 0.08734617584757576 -0.0006984705590340479
354 1000 1768 2828 2828 2828 2828 1000 354 1000 1768 1275 3000 2850|0.001 -0.014690280182967363 0.04407926359089265 0.021369703890226077
1768 1000 354 2828 2828 2828 2828 1000 1768 1000 354 1275 3000 3335|0.001 0.04620960980377786 0.5324675967933135 -0.018256570153841745
8000 1000 8000 2828 2828 2828 2828 5000 8000 5000 8000 8062 3606 8485|0.001 0.20698449752545756 0.10882430942749988 -0.025752261163817236
2828 5000 2828 8000 8000 8000 8000 1000 2828 5000 2828 3606 8062 8485|0.001 0.5644525343101381 0.08075725735987804 0.008831673037918986
125 1000 125 354 354 354 354 1000 625 1000 625 1008 1061 451|0.001 0.023799577347616285 0.05509662941429516 0.002009677771710461
1768 1000 354 2828 2828 2828 2828 1000 1768 1000 354 1275 3000 3335|0.001 0.02263051956603368 0.5239109250483565 0.003152773098749062
8000 1000 8000 2828 2828 2828 2828 5000 8000 5000 8000 8062 3606 8485|0.001 0.5346218772230826 0.06804777332949374 0.004670496109535627
2828 5000 2828 8000 8000 8000 8000 1000 2828 5000 2828 3606 8062 8485|0.001 0.5899902495204001 0.07090882210502025 -0.012092816060430556
125 1000 125 354 354 354 354 1000 625 1000 625 1008 1061 451|0.001 0.030778574250724944 0.03420542963026296 -0.000917986230879464
1075 1875 625 354 354 663 663 1000 989 1875 461 1976 1061 1005|0.001 0.24238624597221925 0.007707087465054219 -0.023525681906357843
2828 1000 2828 1768 1305 2798 3041 1875 5303 1875 5303 3000 1398 5462|0.001 0.11002303940276681 0.07685890675442897 -0.008366040826981447
1061 738 566 1600 3000 3000 1600 1720 1061 1583 566 791 3162 3182|0.001 0.021979418857351884 0.24638077380827017 0.06389416213792076
1744 581 930 329 616 616 329 920 1744 429 930 1097 935 1849|0.001 0.02035159411960752 0.2540821145872685 0.06561850236904254
2798 1875 3041 2828 2828 5303 5303 1000 1305 1875 1768 2842 3000 3115|0.001 0.19739495097310433 0.09298416075026683 0.02506064958378129
354 1000 354 1075 625 461 989 1875 663 1875 663 1061 1179 494|0.001 0.058585598943736716 0.19873735697774508 0.04292535519464069
333 533 573 354 354 189 189 1000 246 533 528 1054 1061 485|0.001 -0.0054235167882876745 0.09517149290593663 0.012967195602737736
329 920 616 1744 930 930 1744 581 329 429 616 1174 1838 986|0.001 0.09392990556176262 0.0037220185554254215 -0.059148948261077416
2828 1000 2828 1622 1492 696 943 533 1508 533 1508 3000 1904 2913|0.001 -0.007405030026232939 0.1094745783986184 0.03275649371707878
1600 1720 3000 1061 566 566 1061 738 1600 1583 3000 1887 1456 1697|0.001 0.08203710405473075 -0.00178643824969682 -0.037620307822913146
354 1000 354 333 573 528 246 533 189 533 189 1061 629 673|0.001 0.03957546598654549 0.06822366878949104 -0.0012997266137360075
696 533 943 2828 2828 1508 1508 1000 1492 533 1622 1373 3000 1661|0.001 0.024549150806647546 0.06178127785912979 -0.008585221412480415
1768 1875 1305 2828 2828 5303 5303 1000 3041 1875 2798 2574 3000 5590|0.001 0.20046627768313785 0.05355228745502316 -0.01743170024930296
354 1000 354 461 989 1075 625 1875 663 1875 663 1061 1931 1262|0.001 0.1847492096880754 0.0004584908581639624 -0.020534263320114432
4064 2144 2167 766 1437 1437 766 1355 4064 2330 2167 4185 1972 4310|0.001 0.05159698495208698 0.18232396278111462 0.018341511794188747
2828 1000 2828 2798 3041 1768 1305 1875 5303 1875 5303 3000 3571 3335|0.001 0.15055516514729028 0.036334094320287225 -0.022134043012170812
670 1087 357 1011 1895 1895 1011 466 670 632 357 1276 1113 2010|0.001 0.04446740259239634 0.2337380509924336 0.08555391604053497
461 1875 989 354 354 663 663 1000 625 1875 1075 1101 1061 910|0.001 0.20007916823385763 0.05752311625533357 -0.04377442059883996
1622 533 1492 2828 2828 1508 1508 1000 943 533 696 1516 3000 2981|0.001 -0.011163571638796999 0.09955853617783283 0.006554474743405425
1011 466 1895 670 357 357 670 1087 1011 632 1895 1952 1016 1072|0.001 0.06789921722852421 0.024816551956770017 -0.02884554927319205
354 1000 354 528 246 333 573 533 189 533 189 1061 1030 264|0.001 0.000594577710857358 0.0865460436513188 0.029578930982741003
2828 1000 2828 696 943 1622 1492 533 1508 533 1508 3000 745 1779|0.001 0.05316535101734132 0.041847540706492214 0.01149880041036333
766 1355 1437 4064 2167 2167 4064 2144 766 2330 1437 1071 2387 2299|0.001 0.08675525281975904 0.005291078594613641 -0.049849408625373126
528 533 246 354 354 189 189 1000 573 533 333 587 1061 536|0.001 0.00101642138043756 0.09920490670237925 0.005815127406523235
3000 1000 3000 566 566 566 566 1000 2200 1000 2200 3162 1149 2631|0.001 0.11090363215016996 0.0688011194478011 -0.003922756657238624
1768 1000 1768 5303 3889 3889 5303 1000 1768 1000 1768 2031 4650 4272|0.001 0.09614275200434674 0.05200500515715856 -0.011838942950052056
189 733 189 333 333 333 333 1000 189 733 189 877 1054 383|0.001 0.057368385316565185 0.05764124958450356 -0.00940760814042485
333 1000 333 189 189 189 189 733 333 733 333 1054 877 383|0.001 0.033833496432356114 0.07345230416763604 0.012448605524271183
3889 1000 5303 1768 1768 1768 1768 1000 3889 1000 5303 4650 2031 4272|0.001 0.0911911881226457 0.05001156507836724 0.0007311351104366537
566 1000 566 3000 3000 2200 2200 1000 566 1000 566 1149 3162 2631|0.001 0.04786598763378391 0.11677361694674371 0.024691706603094943
3000 1000 3000 566 566 566 566 1000 2200 1000 2200 3162 1149 2631|0.001 0.06296104150023796 0.10084512563496961 -0.017186513515644597
189 733 189 333 333 333 333 1000 189 733 189 877 1054 383|0.001 0.009264594734932352 0.05796143491954009 0.006027478115064877
1768 1000 1768 5303 3889 3889 5303 1000 1768 1000 1768 2031 4650 4272|0.001 0.11448920558249975 0.026949688000077465 -0.056723679449226516
333 1000 333 189 189 189 189 733 333 733 333 1054 877 383|0.001 0.11745049884594794 0.020807993760281196 -0.025403655324137686
566 1000 566 3000 3000 2200 2200 1000 566 1000 566 1149 3162 2631|0.001 0.016036374661201336 0.09683313192486276 0.014660635519159193
3889 1000 5303 1768 1768 1768 1768 1000 3889 1000 5303 4650 2031 4272|0.001 0.02049286501723646 0.08922440595130476 0.025632179839090163
5303 1000 3889 1768 1768 1768 1768 1000 5303 1000 3889 4650 2031 5590|0.001 0.08080346836970786 0.07659479254923829 -0.017018419410634866
566 1000 566 2200 2200 3000 3000 1000 566 1000 566 1149 2417 2631|0.001 0.07531382728826808 0.07029582175821725 -0.01728827318989712
455 1000 455 257 257 257 257 1364 455 1364 455 1098 1196 522|0.001 0.13326774445790557 0.03442157358149567 -0.031070974962253972
1768 1000 1768 3889 5303 5303 3889 1000 1768 1000 1768 2031 4650 5590|0.001 0.06374510073607897 0.06195392372031927 0.05035203646279074
257 1364 257 455 455 455 455 1000 257 1364 257 1196 1098 522|0.001 0.1428673032532113 0.0503771741184611 -0.010006639778697979
2200 1000 2200 566 566 566 566 1000 3000 1000 3000 2417 1149 2631|0.001 0.14138793113305903 0.0040395767085321665 -0.03875657948512634
5303 1000 3889 1768 1768 1768 1768 1000 5303 1000 3889 4650 2031 5590|0.001 0.04228713419241803 0.1270383973976852 0.0233451581733779
455 1000 455 257 257 257 257 1364 455 1364 455 1098 1196 522|0.001 0.1303684005053274 0.07088570885801726 0.018297482960552003
566 1000 566 2200 2200 3000 3000 1000 566 1000 566 1149 2417 2631|0.001 0.024478150006053134 0.13588056703042195 0.022802950706388714
1768 1000 1768 3889 5303 5303 3889 1000 1768 1000 1768 2031 4650 5590|0.001 0.042292457530355154 0.13337194711329436 0.07771464824819052
257 1364 257 455 455 455 455 1000 257 1364 257 1196 1098 522|0.001 0.03790470085152764 0.15223466597049207 0.03914181715029885
2200 1000 2200 566 566 566 566 1000 3000 1000 3000 2417 1149 2631|0.001 0.0041053788792377865 0.18415810224733153 0.05453066057251155
125 1000 125 461 989 989 461 1875 938 1875 938 1008 1931 1047|0.001 0.10533163414620406 -0.049837393593593626 -0.014270151076678506
3691 7500 3691 8000 8000 15000 15000 1000 7914 7500 7914 4596 8062 15447|0.001 0.6468341469979433 0.007525452647463293 -0.01378585572136326
8000 1000 8000 7914 7914 3691 3691 7500 15000 7500 15000 8062 8374 8811|0.001 0.8300521330686683 0.0348619885297663 0.00891009196151371
948 1000 126 1011 1895 1895 1011 466 948 466 126 1058 1113 2119|0.001 0.037501518249589694 0.7796753564679104 0.09622405151505475
125 1000 125 989 461 461 989 1875 938 1875 938 1008 1101 575|0.001 0.10352487816783107 -0.06727619153754416 -0.015751564509380866
7914 7500 7914 8000 8000 15000 15000 1000 3691 7500 3691 8374 8062 8811|0.001 0.534761236874528 0.0045196069898767455 -0.026573489795822525
8000 1000 8000 3691 3691 7914 7914 7500 15000 7500 15000 8062 4596 15447|0.001 0.5394528908830476 0.05289509197951903 -0.013304257083280868
2032 1000 271 2167 4064 4064 2167 2144 2032 2144 271 1245 4185 4543|0.001 0.12153339185162704 1.1647442458815793 0.07146953344392859
528 533 246 500 500 67 67 1000 528 533 246 587 1118 558|0.001 -0.007189878119457926 0.0922457421076639 -0.0007324698244493
2000 1000 2000 492 492 1055 1055 133 1067 133 1067 2236 613 1175|0.001 -0.007956058922298226 0.05289446203586845 0.012501378271929653
1011 466 1895 948 126 126 948 1000 1011 466 1895 1952 1058 1019|0.001 0.096267126829086 -0.004431426308443287 -0.08028745057787723
500 1000 500 528 246 246 528 533 67 533 67 1118 1030 306|0.001 0.04560212937078756 0.1099340479196953 -0.02069469721365569
2000 1000 2000 1055 1055 492 492 133 1067 133 1067 2236 1117 2060|0.001 -0.00545455122195726 0.05718232834795112 0.013068691255828657
246 533 528 500 500 67 67 1000 246 533 528 1030 1118 306|0.001 0.006421739487860734 0.09281781602329842 0.0030050561982686297
2167 2144 4064 2032 271 271 2032 1000 2167 2144 4064 2387 1245 2184|0.001 0.1091215177878535 -0.017412622459999083 -0.09873254238454088
500 1000 500 246 528 528 246 533 67 533 67 1118 587 558|0.001 -0.0034178439988907794 0.07832219755025349 0.029639068677032032
625 1000 625 354 354 354 354 500 625 500 625 1179 791 718|0.001 0.045694563140006306 0.09510094535780222 -0.002405383017892726
1414 1000 2828 1768 1768 1768 1768 1000 1414 1000 2828 2236 2031 2264|0.001 -0.008615383359328321 0.08727079860959774 0.04480985084285516
566 1000 566 1600 1600 800 800 1000 566 1000 566 1149 1887 1265|0.001 0.06880872243428815 0.09061056740684581 0.007574622946728837
1600 1000 1600 566 566 566 566 1000 800 1000 800 1887 1149 1265|0.001 0.13868330968082931 0.036004888632041876 -0.02370480458318891
1768 1000 1768 2828 1414 1414 2828 1000 1768 1000 1768 2031 2236 2264|0.001 0.06266223449950203 0.08561652787297147 -0.03742173211909949
354 500 354 625 625 625 625 1000 354 500 354 791 1179 718|0.001 -0.006701990536935876 0.09648584227544443 -0.013677514961495385
625 1000 625 354 354 354 354 500 625 500 625 1179 791 718|0.001 0.041109246602244465 0.018912280015861427 -0.011703213909515231
566 1000 566 1600 1600 800 800 1000 566 1000 566 1149 1887 1265|0.001 0.08788268423073786 0.07317890158918594 -0.01652348659878844
1414 1000 2828 1768 1768 1768 1768 1000 1414 1000 2828 2236 2031 2264|0.001 0.07449012471022476 0.015867413535353148 0.011961402832845192
1600 1000 1600 566 566 566 566 1000 800 1000 800 1887 1149 1265|0.001 0.02974915710153514 0.06497588820636002 0.007960907451245447
354 500 354 625 625 625 625 1000 354 500 354 791 1179 718|0.001 0.04231383484262663 0.016459248711122587 -0.011293849958629032
1768 1000 1768 2828 1414 1414 2828 1000 1768 1000 1768 2031 2236 2264|0.001 0.062362878998303284 0.06618525953872245 -0.03012236198212781
1768 1000 1768 1414 2828 2828 1414 1000 1768 1000 1768 2031 2236 3335|0.001 0.02185215784163974 0.08985693369763625 0.10198766296547035
707 2000 707 1250 1250 1250 1250 1000 707 2000 707 1581 1601 1436|0.001 0.2300967197369208 0.08740057355969277 -0.03213160724460873
800 1000 800 566 566 566 566 1000 1600 1000 1600 1281 1149 1265|0.001 0.07275173597192319 0.06956395189549047 -0.023327759146336557
2828 1000 1414 1768 1768 1768 1768 1000 2828 1000 1414 2236 2031 3335|0.001 -0.0030263423033161096 0.3292442297854725 0.05138631729754817
566 1000 566 800 800 1600 1600 1000 566 1000 566 1149 1281 1265|0.001 0.10547001637529307 0.018980357074920295 -0.08864625025202133
1250 1000 1250 707 707 707 707 2000 1250 2000 1250 1601 1581 1436|0.001 0.214966162565422 0.05681565967126545 -0.027307243797102254
1768 1000 1768 1414 2828 2828 1414 1000 1768 1000 1768 2031 2236 3335|0.001 -0.004299656791042494 0.1229224330571399 0.015404258882845134
800 1000 800 566 566 566 566 1000 1600 1000 1600 1281 1149 1265|0.001 0.066998890672616 0.11818473063275992 0.03105130360700592
707 2000 707 1250 1250 1250 1250 1000 707 2000 707 1581 1601 1436|0.001 0.25266161580367097 0.059245076914435923 -0.04076050682333743
2828 1000 1414 1768 1768 1768 1768 1000 2828 1000 1414 2236 2031 3335|0.001 0.038082030202908346 0.25707378672434444 0.034900412348126686
566 1000 566 800 800 1600 1600 1000 566 1000 566 1149 1281 1265|0.001 0.09824896347963685 0.03369894320564004 -0.06650325991633177
1250 1000 1250 707 707 707 707 2000 1250 2000 1250 1601 1581 1436|0.001 0.20969299389713703 0.04150923194696343 -0.04111498486552123
1744 1000 581 329 616 616 329 867 1744 867 581 1419 819 1849|0.001 0.08989816082494828 0.3863229695914394 0.03458134678169689
2637 1875 3041 1768 1768 5303 5303 1000 2637 1875 3041 2491 2031 4041|0.001 0.25592928568079154 0.07267584976927699 -0.0574646460078021
566 1000 566 1720 1720 1492 1492 3000 1061 3000 1061 1149 2441 1409|0.001 0.15015175038329165 0.10902636773393093 0.01059649869492807
573 333 573 354 354 189 189 1000 497 333 497 814 1061 699|0.001 0.002944177185697505 0.051654652650288124 0.006133573965618755
2828 1000 2828 1622 1406 1406 1622 533 943 533 943 3000 1978 2155|0.001 0.09315997675873877 0.034563298969447764 -0.03230694096008957
329 867 616 1744 581 581 1744 1000 329 867 616 1219 1419 668|0.001 0.10194261684900008 -0.0189702755770782 -0.07043945765620507
581 1000 1744 616 329 329 616 867 581 867 1744 1419 1219 668|0.001 0.033282456441738884 0.022774374477765313 -0.01795815851308169
354 1000 354 573 573 497 497 333 189 333 189 1061 814 699|0.001 0.05241848197627297 0.018805304623763508 -0.005111660544510066
1406 533 1622 2828 2828 943 943 1000 1406 533 1622 1978 3000 2155|0.001 -0.027015332042789053 0.11511078019573961 0.010058022803338673
1720 3000 1720 566 566 1061 1061 1000 1492 3000 1492 2441 1149 1409|0.001 0.30427202873461345 0.08594446448644266 -0.019176182641765793
616 867 329 581 1744 1744 581 1000 616 867 329 819 1419 1849|0.001 0.0669807407284817 0.23519527874952928 0.18795568233382687
1768 1000 1768 3041 2637 2637 3041 1875 5303 1875 5303 2031 2491 4041|0.001 0.18354591758701355 0.01421746153495329 -0.020079008859665848
1768 1000 1768 2637 3041 3041 2637 1875 5303 1875 5303 2031 3708 4316|0.001 0.0627640957109632 0.23465146001551584 0.04604443286232218
711 1153 379 670 2011 2011 670 1000 711 1153 379 1406 1532 2133|0.001 0.08592079613118031 0.2577056259936361 0.22337647254739412
1492 3000 1492 566 566 1061 1061 1000 1720 3000 1720 2286 1149 2098|0.001 0.3833210184803204 0.03617235091572635 -0.04081669406223565
1622 533 1406 2828 2828 943 943 1000 1622 533 1406 1328 3000 2302|0.001 -0.006285808558004202 0.09740310390649265 -1.3644773999565984e-06
354 1000 354 497 497 573 573 333 189 333 189 1061 762 470|0.001 0.011480608420388894 0.04723342506858241 0.015107818963673303
670 1000 2011 711 379 379 711 1153 670 1153 2011 1532 945 770|0.001 0.05479777249290052 0.00648947042475756 -0.0262347713867761
2828 1000 2828 1406 1622 1622 1406 533 943 533 943 3000 1328 2302|0.001 0.05180679588483894 0.03556396505497439 0.008588901996182674
497 333 497 354 354 189 189 1000 573 333 573 762 1061 470|0.001 -0.0017735025327769716 0.06019354301419311 -0.0018592961633745464
379 1153 711 2011 670 670 2011 1000 379 1153 711 945 1532 770|0.001 0.0952187532779436 -0.0004643766980649833 -0.07201578971270384
3041 1875 2637 1768 1768 5303 5303 1000 3041 1875 2637 3708 2031 4316|0.001 0.2687381290220503 0.05680084717267331 -0.02243006410531656
566 1000 566 1492 1492 1720 1720 3000 1061 3000 1061 1149 2286 2098|0.001 0.2697890750147436 0.048129638322367274 0.009035925955824808
2011 1000 670 379 711 711 379 1153 2011 1153 670 1532 1406 2133|0.001 0.03101565122114458 0.3607930992531383 0.04312680477085662
1250 1000 1250 1395 1865 1865 1395 1875 3750 1875 3750 1601 2665 2857|0.001 0.05223403416842798 0.17256862168422815 0.012267077089163081
1344 1337 717 896 2689 2689 896 1000 1344 1337 717 1911 1847 3006|0.001 0.08771177715765299 0.24057328529594413 0.25163523358323836
1116 3000 1116 800 800 1500 1500 1000 1492 3000 1492 2060 1281 2132|0.001 0.35812640408882324 0.12270198947867295 0.05179910199591964
800 1000 800 1492 1492 1116 1116 3000 1500 3000 1500 1281 2286 1151|0.001 0.16833381937464198 0.15447342074690784 0.016720923877178162
2011 1000 670 536 1006 1006 536 748 2011 748 670 1532 772 2249|0.001 0.09560972677710389 0.2655765325148107 0.02517287297082449
1395 1875 1865 1250 1250 3750 3750 1000 1395 1875 1865 1439 1601 2575|0.001 0.22292939222388508 0.08168192564539156 -0.08521450763242844
1250 1000 1250 1865 1395 1395 1865 1875 3750 1875 3750 1601 1439 2575|0.001 0.0926228897986503 0.05717368122625466 -0.0056978737445267935
1492 3000 1492 800 800 1500 1500 1000 1116 3000 1116 2286 1281 1151|0.001 0.24234004130553322 0.0821987188936979 -0.007643338470948446
1006 748 536 670 2011 2011 670 1000 1006 748 536 772 1532 2249|0.001 0.0542972362049321 0.2438904938888653 0.1623288788488364
800 1000 800 1116 1116 1492 1492 3000 1500 3000 1500 1281 2060 2132|0.001 0.20139849874678095 0.1039486943868706 0.005054490367877307
1865 1875 1395 1250 1250 3750 3750 1000 1865 1875 1395 2665 1601 2857|0.001 0.19342355206173556 0.06480403984556293 -0.09361719768246735
2689 1000 896 717 1344 1344 717 1337 2689 1337 896 1847 1911 3006|0.001 0.07565319770164391 0.32552978319693615 0.08614744823888465
896 1000 2689 1344 717 717 1344 1337 896 1337 2689 1847 1032 1148|0.001 0.05625789585280927 0.002288609786242901 -0.029941658515455494
994 533 744 2000 2000 667 667 1000 994 533 744 767 2236 1524|0.001 -0.007993420620434621 0.09363675839690666 0.00662352248203657
500 1000 500 372 372 497 497 333 267 333 267 1118 687 384|0.001 0.03947465764015057 0.06627233408879718 -0.010985218388165352
536 748 1006 2011 670 670 2011 1000 536 748 1006 1429 1532 859|0.001 0.1097700497438936 -0.014529239656243531 -0.08132334135367292
497 333 497 500 500 267 267 1000 372 333 372 762 1118 711|0.001 0.005471026973455917 0.05476661186767151 -0.0018070086056998225
2000 1000 2000 994 744 744 994 533 667 533 667 2236 1421 1374|0.001 0.043470077152709674 0.08168781125898805 -0.0042501895404478685
670 1000 2011 1006 536 536 1006 748 670 748 2011 1532 1429 859|0.001 0.048402988346729625 0.00994024377779068 -0.022880594639915763
500 1000 500 497 497 372 372 333 267 333 267 1118 762 711|0.001 -0.005113593189692844 0.07130429976671238 0.02643217753360405
744 533 994 2000 2000 667 667 1000 744 533 994 1421 2236 1374|0.001 0.00867142105868135 0.08908083580745352 0.009609721568890617
717 1337 1344 2689 896 896 2689 1000 717 1337 1344 1032 1847 1148|0.001 0.1196393997930767 -0.02945016058411687 -0.08761072690617322
372 333 372 500 500 267 267 1000 497 333 497 687 1118 384|0.001 0.00036726439449630277 0.05704586867866013 0.007386206083708213
2000 1000 2000 744 994 994 744 533 667 533 667 2236 767 1524|0.001 0.035458401273045226 0.06950451675037161 0.0030374946291611415
2200 1000 2200 1116 1116 1116 1116 3000 1500 3000 1500 2417 2060 2132|0.001 0.20260296747805828 0.11008569476601338 0.03456779324330084
2689 1000 896 1972 1344 1344 1972 1000 2689 1000 896 1847 1911 3006|0.001 0.026490487252845973 0.2746532170369109 -0.004212221054580301
455 1000 455 507 507 507 507 682 1364 682 1364 1098 969 937|0.001 0.04605939892173616 0.057185677882927166 -0.008780994070862747
1116 3000 1116 2200 2200 1500 1500 1000 1116 3000 1116 2060 2417 2132|0.001 0.3335170943470289 0.0921318009315164 -0.007462771883680608
2200 1000 2200 1116 1116 1116 1116 3000 1500 3000 1500 2417 2060 2132|0.001 0.20584363745904 0.0362874175878658 -0.002161325297218575
2689 1000 896 1972 1344 1344 1972 1000 2689 1000 896 1847 1911 3006|0.001 0.07100931222095985 0.3908312580426365 -0.024188012854774454
455 1000 455 507 507 507 507 682 1364 682 1364 1098 969 937|0.001 0.019615629354319264 0.12202736962462213 0.0005592627854178467
1116 3000 1116 2200 2200 1500 1500 1000 1116 3000 1116 2060 2417 2132|0.001 0.41520460878681664 0.09450625088487374 -0.011939863584607968
1972 1000 1344 2689 896 896 2689 1000 1972 1000 1344 1911 1847 2166|0.001 0.09430340333527187 0.15966717411478148 -0.06011163641107098
372 333 372 500 500 733 733 1000 372 333 372 687 1118 711|0.001 0.07212833389267592 -0.026936709744385112 -0.059871146400072295
2000 1000 2000 744 744 744 744 1467 667 1467 667 2236 1421 1374|0.001 0.0438093618675528 0.08095040703199219 4.92630348736256e-06
896 1000 2689 1344 1972 1972 1344 1000 896 1000 2689 1847 1911 2166|0.001 -0.0202352922521154 0.06562213761237334 0.056109363539442736
744 1467 744 2000 2000 667 667 1000 744 1467 744 1421 2236 1374|0.001 0.17006425466199904 0.05740291843098877 0.0007521349505634767
500 1000 500 372 372 372 372 333 733 333 733 1118 687 711|0.001 0.03847539825919677 0.044513138241033534 -0.016532082968505613
1972 1000 1344 2689 896 896 2689 1000 1972 1000 1344 1911 1847 2166|0.001 0.0957002482477276 0.1268371237519328 -0.07561437132965088
2000 1000 2000 744 744 744 744 1467 667 1467 667 2236 1421 1374|0.001 0.05642395160343261 0.11324688860623766 -0.009687560128418538
372 333 372 500 500 733 733 1000 372 333 372 687 1118 711|0.001 0.06162946817722892 -0.017239994273917647 -0.06655456635964341
896 1000 2689 1344 1972 1972 1344 1000 896 1000 2689 1847 1911 2166|0.001 -0.02559014018243433 0.07302351862799261 0.055651408640271516
744 1467 744 2000 2000 667 667 1000 744 1467 744 1421 2236 1374|0.001 0.13981685889697504 0.07890136336481612 -0.0019407326090459254
500 1000 500 372 372 372 372 333 733 333 733 1118 687 711|0.001 0.019958338549206367 0.06283358443347264 0.003615706594020107
3000 1000 3000 566 566 566 566 200 3000 200 3000 3162 721 3053|0.001 0.008384037083153384 0.026366176845635803 2.106446940652873e-05
354 1000 1768 5303 5303 5303 5303 1000 354 1000 1768 1275 5397 5315|0.001 -0.015492575617147564 0.04546408232974031 0.022036854217570845
189 1000 189 333 333 67 67 1000 189 1000 189 1018 1054 240|0.001 0.07256795129802374 0.10689635659551389 0.0025286040350191996
333 1000 333 189 189 189 189 1000 67 1000 67 1054 1018 240|0.001 0.026648633210253347 0.10235451815863827 0.03551878586030899
5303 1000 5303 1768 354 354 1768 1000 5303 1000 5303 5397 1275 5315|0.001 0.08799276548265622 0.07443716342370177 -0.07437683658618188
566 200 566 3000 3000 3000 3000 1000 566 200 566 721 3162 3053|0.001 0.04326303729105696 -0.013446371079630648 -0.021188117926190797
3000 1000 3000 566 566 566 566 200 3000 200 3000 3162 721 3053|0.001 0.008926393599524296 0.025028392640684682 0.0005595990142182039
189 1000 189 333 333 67 67 1000 189 1000 189 1018 1054 240|0.001 0.0903104516740183 0.08845628718298748 -0.002534873752200184
354 1000 1768 5303 5303 5303 5303 1000 354 1000 1768 1275 5397 5315|0.001 -0.014715358742130036 0.04386354065775144 0.020532412316596194
333 1000 333 189 189 189 189 1000 67 1000 67 1054 1018 240|0.001 0.08154398546732722 0.06133786461343993 0.01629123160528545
566 200 566 3000 3000 3000 3000 1000 566 200 566 721 3162 3053|0.001 0.04333359441551998 -0.014161269487855677 -0.020686189217483664
5303 1000 5303 1768 354 354 1768 1000 5303 1000 5303 5397 1275 5315|0.001 0.11241774212181976 0.059269536441863835 -0.09829018920245014
2828 5000 2828 15000 15000 15000 15000 1000 2828 5000 2828 3606 15033 15264|0.001 0.6138015855106893 0.025313382361120684 0.011752642010556258
67 1000 67 189 189 189 189 1000 333 1000 333 1002 1018 240|0.001 0.03138382645244908 0.04131498467093042 0.00017961804910315848
1768 1000 354 5303 5303 5303 5303 1000 1768 1000 354 1275 5397 5590|0.001 0.015135791067628634 0.600129344394631 0.021669678403761772
15000 1000 15000 2828 2828 2828 2828 5000 15000 5000 15000 15033 3606 15264|0.001 0.23071743417367951 0.11716484222912271 -0.02472908655537065
67 1000 67 189 189 189 189 1000 333 1000 333 1002 1018 240|0.001 0.035206651715864457 0.020199383740513444 -0.0033662339476903114
2828 5000 2828 15000 15000 15000 15000 1000 2828 5000 2828 3606 15033 15264|0.001 0.5350181460376535 0.06317570413805207 -0.0030963776621772965
1768 1000 354 5303 5303 5303 5303 1000 1768 1000 354 1275 5397 5590|0.001 0.11464791724860257 0.6436893916156938 0.004782471073880856
15000 1000 15000 2828 2828 2828 2828 5000 15000 5000 15000 15033 3606 15264|0.001 0.3163768311905546 0.0770178643224173 -0.01627090797131303
1875 1000 1875 1061 566 566 1061 738 1875 738 1875 2125 1456 1958|0.001 0.12813713926123294 0.019665482564577008 -0.07697944979254023
696 533 943 1768 1768 1768 1768 1000 696 533 943 1373 2031 1900|0.001 0.009835274957903373 0.07169009088304756 0.009497264946547457
566 1000 566 533 533 394 394 1000 302 1000 302 1149 1133 777|0.001 0.12665084947083072 0.01376819744197233 -0.022463904864621353
533 1000 533 302 302 566 566 1000 394 1000 394 1133 1045 422|0.001 0.11381635257285083 0.030175147282747172 -0.04966252940959093
3315 1000 3315 1768 1305 1305 1768 1875 3315 1875 3315 3462 1398 3562|0.001 0.07774930755560572 0.08881240048727257 -0.015922206184018073
1061 738 566 1875 1875 1875 1875 1000 1061 738 566 791 2125 2154|0.001 0.03013255909764201 0.2841753980975703 0.042627643925956527
1875 1000 1875 566 1061 1061 566 738 1875 738 1875 2125 791 2154|0.001 0.02886297783406766 0.1313860274516654 0.08270158885563594
302 1000 302 533 533 394 394 1000 566 1000 566 1045 1133 422|0.001 0.13112119621334628 0.009274686585747371 -0.023523883401826984
1305 1875 1768 3315 3315 3315 3315 1000 1305 1875 1768 1398 3462 3562|0.001 0.20994808271161958 0.08838073635819121 0.027612842964905848
533 1000 533 566 566 302 302 1000 394 1000 394 1133 1149 777|0.001 0.08956624045511452 0.05903226559376806 0.0097391537277991
566 738 1061 1875 1875 1875 1875 1000 566 738 1061 1456 2125 1958|0.001 0.05827124013384921 0.015575943147161375 -0.005023665864241078
1768 1000 1768 943 696 696 943 533 1768 533 1768 2031 1373 1900|0.001 0.0863427950809692 0.04047269911156892 -0.02744500524717086
1768 1000 1768 696 943 943 696 533 1768 533 1768 2031 745 2003|0.001 0.038751299634685044 0.0965708988554681 0.01570156183150262
766 1355 1437 2540 2540 2540 2540 1000 766 1355 1437 1071 2730 2653|0.001 0.05776617983515475 0.04210793445629246 0.0248486414775817
394 1000 394 566 566 302 302 1000 533 1000 533 1075 1149 422|0.001 0.10386039040124473 0.0621080568851573 0.014389072080174259
1768 1875 1305 3315 3315 3315 3315 1000 1768 1875 1305 2574 3462 3757|0.001 0.17328685367782315 0.07082922920859991 -0.018938409002108303
302 1000 302 394 394 533 533 1000 566 1000 566 1045 1075 777|0.001 0.09298601108131521 0.07122190212477397 -0.00539754160547079
2540 1000 2540 766 1437 1437 766 1355 2540 1355 2540 2730 1972 2918|0.001 0.026945866536700613 0.13181913057006112 0.11081234342211976
3315 1000 3315 1305 1768 1768 1305 1875 3315 1875 3315 3462 2574 3757|0.001 0.06408340008080327 0.13779810386676417 0.01059576031262388
394 1000 394 302 302 566 566 1000 533 1000 533 1075 1045 777|0.001 0.1245849170148472 0.040431739355979435 -0.0628517711477039
1437 1355 766 2540 2540 2540 2540 1000 1437 1355 766 1972 2730 2918|0.001 0.0374130724095334 0.28926561585171484 0.05708638603678873
943 533 696 1768 1768 1768 1768 1000 943 533 696 745 2031 2003|0.001 0.04252596025154265 0.03316644862444429 -0.008132956464099728
566 1000 566 394 394 533 533 1000 302 1000 302 1149 1075 422|0.001 0.03627595633893588 0.06881902137012563 0.014378406511124098
2540 1000 2540 1437 766 766 1437 1355 2540 1355 2540 2730 1071 2653|0.001 0.11465491638822822 0.06913880144157503 -0.06297726383198143
1000 1000 1000 2000 2000 2000 2000 1000 1000 1000 1000 1414 2236 2236|0.001 0.1319981275309412 0.01589676234595938 -0.0063355585925106706
500 1000 500 500 500 500 500 1000 500 1000 500 1118 1118 707|0.001 0.11222242026871276 0.05359655643410344 -0.03292994151625095
2000 1000 2000 1000 1000 1000 1000 1000 2000 1000 2000 2236 1414 2236|0.001 0.09205841365566902 0.008116252915539857 -0.02015577966133275
1000 1000 1000 2000 2000 2000 2000 1000 1000 1000 1000 1414 2236 2236|0.001 0.08338087645350045 0.10326381736178059 0.0065524653320925275
500 1000 500 500 500 500 500 1000 500 1000 500 1118 1118 707|0.001 0.08914124099374421 0.050560920349231875 -0.02554423751236934
2000 1000 2000 1000 1000 1000 1000 1000 2000 1000 2000 2236 1414 2236|0.001 0.03558399763514242 0.11293196546024786 0.017969095091232568
1000 1000 1000 2000 2000 2000 2000 1000 1000 1000 1000 1414 2236 2236|0.001 0.09361221754831339 0.05780855647805616 -0.033445817764644614
2000 1000 2000 1000 1000 1000 1000 1000 2000 1000 2000 2236 1414 2236|0.001 0.11439206729885854 0.03921748338577835 0.0027460027824055544
500 1000 500 500 500 500 500 1000 500 1000 500 1118 1118 707|0.001 0.10611035216187448 0.039798047543790904 -0.015581730084330836
1000 1000 1000 2000 2000 2000 2000 1000 1000 1000 1000 1414 2236 2236|0.001 0.15246449014869157 -0.003831234681913598 -0.04536393796404581
2000 1000 2000 1000 1000 1000 1000 1000 2000 1000 2000 2236 1414 2236|0.001 0.1222490176819524 0.01785629062315497 -0.02051943746955831
500 1000 500 500 500 500 500 1000 500 1000 500 1118 1118 707|0.001 0.11944437750330827 0.0508757294565787 -0.045944600453931006
500 1000 500 500 500 500 500 1000 500 1000 500 1118 1118 707|0.001 0.08503555208518421 0.012220043331838681 -0.017255620622768086
2000 1000 2000 1000 1000 1000 1000 1000 2000 1000 2000 2236 1414 2236|0.001 0.06815594285872528 0.046614297102591795 -0.0030183789798043925
1000 1000 1000 2000 2000 2000 2000 1000 1000 1000 1000 1414 2236 2236|0.001 0.09689683047194864 0.06455328500601709 0.008088911136521215
500 1000 500 500 500 500 500 1000 500 1000 500 1118 1118 707|0.001 0.04850679814295544 0.09326054721321864 -0.006906661577834594
2000 1000 2000 1000 1000 1000 1000 1000 2000 1000 2000 2236 1414 2236|0.001 0.025219916468697257 0.10832389980996338 0.01345798783979335
1000 1000 1000 2000 2000 2000 2000 1000 1000 1000 1000 1414 2236 2236|0.001 0.09615917938282426 0.029600571754297977 -0.00263872593389447
500 1000 500 500 500 500 500 1000 500 1000 500 1118 1118 707|0.001 0.09599149278908925 0.05711404498510042 0.021703394379701813
1000 1000 1000 2000 2000 2000 2000 1000 1000 1000 1000 1414 2236 2236|0.001 0.016157635723663688 0.11453205156036539 0.0361065996099752
2000 1000 2000 1000 1000 1000 1000 1000 2000 1000 2000 2236 1414 2236|0.001 0.09707278283187737 0.004607335731821038 -0.01595717827248433
500 1000 500 500 500 500 500 1000 500 1000 500 1118 1118 707|0.001 0.04156060262990202 0.10053208174874095 0.031413421106192274
2000 1000 2000 1000 1000 1000 1000 1000 2000 1000 2000 2236 1414 2236|0.001 0.020921768671207097 0.14186034034866513 0.02786640095810977
1000 1000 1000 2000 2000 2000 2000 1000 1000 1000 1000 1414 2236 2236|0.001 0.03981389565251181 0.07460274966756053 0.00779271907936252
566 1000 566 566 566 521 521 200 106 200 106 1149 721 625|0.001 0.046767079622600516 0.07838119653585496 -0.029087317289430148
1886 1000 1886 5333 4910 4910 5333 5333 9428 5333 9428 2134 5333 6472|0.001 0.23557930407350325 0.2627168291425197 0.02578858539916018
530 1000 530 2828 2828 2604 2604 5000 2828 5000 2828 1132 3606 2828|0.001 0.35362583621682653 0.40844029270976856 0.05831586563374458
1768 1000 1768 1000 921 921 1000 187 354 187 354 2031 1106 1214|0.001 0.0221605567113925 0.04973129592005243 -0.00785699015692809
1768 1000 1768 921 1000 1000 921 187 354 187 354 2031 1000 1275|0.001 0.0637622478758959 0.08497977936804624 -0.048549954706007536
530 1000 530 2604 2604 2828 2828 5000 2828 5000 2828 1132 3432 3127|0.001 0.30871026006573876 -0.0817511227927592 -0.029808951335855705
1886 1000 1886 4910 5333 5333 4910 5333 9428 5333 9428 2134 5897 6799|0.001 0.39806052394919966 0.1650655745114249 0.011361871455799477
566 1000 566 521 521 566 566 200 106 200 106 1149 686 566|0.001 0.013347391800251351 0.07691986641952475 0.006236560906953681
1000 1000 1000 533 533 67 67 1000 1104 1000 1104 1414 1133 1002|0.001 0.0817770000110718 0.09045992842495743 -0.0009641567255302963
1000 1000 1000 533 67 67 533 1104 1000 1104 1000 1414 1002 1002|0.001 0.09640037100287158 0.08107241887831185 -0.08623615939089668
533 1000 533 1000 1000 1104 1104 1000 67 1000 67 1133 1414 1002|0.001 0.01708952708778133 0.08302250371991171 0.024328007080749448
533 1104 67 1000 1000 1000 1000 1000 533 1104 67 1133 1414 1133|0.001 0.047537416522260845 0.921485621159146 -0.0031595218190716423
15000 1000 15000 15000 16553 16553 15000 8000 15000 8000 15000 15033 17000 22338|0.001 0.5694814595432707 0.05833838219830856 -0.03417019721443815
16553 8000 15000 15000 15000 15000 15000 1000 16553 8000 15000 17000 15033 22338|0.001 0.9957885672206501 0.032448206654449585 -0.0266610326723149
533 1000 533 1104 1104 1000 1000 1000 67 1000 67 1133 1489 1133|0.001 0.04251530303787332 0.07415249652675815 0.01542633814811234
906 1000 906 483 60 60 483 906 906 906 906 1350 1027 908|0.001 0.08814174674621089 0.08773892104314118 -0.08181888061476017
1104 1000 1104 533 533 67 67 1000 1000 1000 1000 1489 1133 1133|0.001 0.07749586472855396 0.08870774046464414 0.0025951145602265413
15000 8000 16553 15000 15000 15000 15000 1000 15000 8000 16553 15033 15033 21213|0.001 0.9401424506156131 0.00843871944906427 -0.03284182241203082
15000 1000 15000 16553 15000 15000 16553 8000 15000 8000 15000 15033 15033 21213|0.001 0.8350319982035392 0.05926818364367703 -0.012523968603229685
483 906 60 906 906 906 906 1000 483 906 60 908 1350 1027|0.001 0.06135413065203377 0.9858065822473816 -0.017191087327582677
2032 1000 271 144 269 269 144 1049 2032 1049 271 1245 1119 2050|0.001 0.0908719394817914 0.9397522692294591 0.10562160872370496
530 1000 530 3691 3691 3872 3872 7500 994 7500 994 1132 4596 4132|0.001 0.6875166230136287 0.0013330868008387675 -0.03597170351269274
7542 1000 7542 3712 3893 3893 3712 533 1006 533 1006 7608 3569 4769|0.001 0.06724614342421775 0.031207920021123492 -0.0038901815700953524
144 1049 269 2032 271 271 2032 1000 144 1049 269 961 1245 307|0.001 0.11155911820323938 -0.017924203251843407 -0.10109289482760242
133 1000 133 492 492 516 516 133 71 133 71 1009 613 473|0.001 -0.0031210190811425953 0.056663871325126625 0.008766314140409293
3893 533 3712 7542 7542 1006 1006 1000 3893 533 3712 3569 7608 4769|0.001 0.0143124501199976 0.0887237613313907 0.002858344381531097
3691 7500 3691 530 530 994 994 1000 3872 7500 3872 4596 1132 4132|0.001 1.0063803093094137 0.06700016047029411 0.025730672930492915
1886 1000 1886 6960 7300 7300 6960 1875 14142 1875 14142 2134 7792 8942|0.001 0.1006094072880237 -0.057277198964610365 -0.011656100211775433
1886 1000 1886 7300 6960 6960 7300 1875 14142 1875 14142 2134 6692 8667|0.001 0.1059624094320677 -0.03606211925460623 -0.012518784928048365
3872 7500 3872 530 530 994 994 1000 3691 7500 3691 4742 1132 3549|0.001 0.9908475111169746 0.07553846357952976 0.004823996285976406
3712 533 3893 7542 7542 1006 1006 1000 3712 533 3893 4156 7608 4622|0.001 0.0004784687620373873 0.09994932218133634 0.0014704685761035563
133 1000 133 516 516 492 492 133 71 133 71 1009 632 551|0.001 -0.008172211140050623 0.05729846782906112 0.013040619324771185
7542 1000 7542 3893 3712 3712 3893 533 1006 533 1006 7608 4156 4622|0.001 0.08622866728104084 0.05406282070833601 -0.0313326306712991
137 953 257 1937 258 258 1937 1000 137 953 257 1067 1225 292|0.001 0.10471713942739269 -0.0016008163218683702 -0.0919682212503492
530 1000 530 3872 3872 3691 3691 7500 994 7500 994 1132 4742 3549|0.001 0.33531647624232885 0.05813516607844349 -0.017850962531150705
1937 1000 258 137 257 257 137 953 1937 953 258 1225 917 1954|0.001 0.03770660461777098 0.535305133815942 0.03942955564028239
1699 1000 1699 1875 1922 1922 1875 1875 5097 1875 5097 1972 2403 3515|0.001 0.09743454502330717 0.23478496993271092 0.04911169568664997
1000 1025 533 906 2719 2719 906 1000 1000 1025 533 1282 1861 2897|0.001 0.07200377198272712 0.215947711230573 0.22837819043411534
1104 3000 1104 589 589 1104 1104 1000 1131 3000 1131 2054 1160 1414|0.001 0.3851577809615714 0.12895759265651785 0.03466874144821164
589 1000 589 1131 1131 1104 1104 3000 1104 3000 1104 1160 2069 1340|0.001 0.10966385590684302 0.12360691616019936 0.0020965229407488017
2652 1000 884 520 975 975 520 975 2652 975 884 1829 1185 2826|0.001 0.05790507379162646 0.3209817364562806 0.11448771049799022
1875 1875 1922 1699 1699 5097 5097 1000 1875 1875 1922 2277 1972 3489|0.001 0.2243795336244081 0.08650260035784063 -0.10189394406931784
1699 1000 1699 1922 1875 1875 1922 1875 5097 1875 5097 1972 2277 3489|0.001 0.16333959725251201 0.05652670812914096 0.0002523388047515063
1131 3000 1131 589 589 1104 1104 1000 1104 3000 1104 2069 1160 1340|0.001 0.3917962503998651 0.07765381374440938 -0.03955140221266862
975 975 520 884 2652 2652 884 1000 975 975 520 1185 1829 2826|0.001 0.036815226166655446 0.25110770812499794 0.09733001196912561
589 1000 589 1104 1104 1131 1131 3000 1104 3000 1104 1160 2054 1414|0.001 0.2023157768935091 0.12484268541764765 0.02870343057284286
1922 1875 1875 1699 1699 5097 5097 1000 1922 1875 1875 2403 1972 3515|0.001 0.22354292065986936 0.060307467721456565 -0.06300699145920352
2719 1000 906 533 1000 1000 533 1025 2719 1025 906 1861 1282 2897|0.001 0.01970109504771056 0.2614057410796544 0.04059628078482147
906 1000 2719 1000 533 533 1000 1025 906 1025 2719 1861 1215 1051|0.001 0.0636230295582485 -0.004289378935945498 -0.026851248524887295
1025 533 1000 2719 2719 906 906 1000 1025 533 1000 1215 2897 1875|0.001 -0.015194534114569835 0.09239993165049531 0.002083024517502974
368 1000 368 368 368 377 377 333 196 333 196 1066 685 447|0.001 0.02856019684820854 0.09858827833632677 -0.002123727069164305
520 975 975 2652 884 884 2652 1000 520 975 975 1250 1829 1026|0.001 0.1111855884905566 -0.014109615682940113 -0.07406053429852566
377 333 377 368 368 196 196 1000 368 333 368 690 1066 471|0.001 0.0009080672564887315 0.05946527700665616 0.0025513089209883155
2719 1000 2719 1025 1000 1000 1025 533 906 533 906 2897 1282 1861|0.001 0.06544272219756175 0.06899124218533448 -0.012276161225257542
884 1000 2652 975 520 520 975 975 884 975 2652 1829 1250 1026|0.001 0.042047937323030915 0.01175281060370681 -0.023740803617158246
368 1000 368 377 377 368 368 333 196 333 196 1066 690 471|0.001 0.007818129953935937 0.06683995975585999 0.025863800794967418
1000 533 1025 2719 2719 906 906 1000 1000 533 1025 1282 2897 1861|0.001 0.000861928503959053 0.07848343294112103 0.0018278607092692134
533 1025 1000 2719 906 906 2719 1000 533 1025 1000 1215 1861 1051|0.001 0.12256936110740746 -0.035010506630531735 -0.08123256633840614
368 333 368 368 368 196 196 1000 377 333 377 685 1066 447|0.001 0.007037423216960104 0.0455119872344123 0.0045528766749214356
2719 1000 2719 1000 1025 1025 1000 533 906 533 906 2897 1215 1875|0.001 0.020945702175920733 0.08834833786411922 0.017820920340290147
875 694 467 896 2689 1344 179 1000 875 694 467 546 1847 2093|0.001 0.05254422023205807 0.24801411802962692 0.10764527073123142
1116 3000 1116 521 521 977 977 200 774 1500 774 2060 686 609|0.001 0.15013523699073383 0.059714081652291195 0.03062318098129957
2604 5000 2604 3872 3872 5579 5579 7500 4883 15000 4883 3432 4742 7892|0.001 0.9704062221691467 0.03432205661576315 -0.012672883487095943
1937 1000 258 673 1261 1261 673 1441 3874 1441 1291 1225 2038 3016|0.001 0.11131391711385108 1.0753087731083633 0.018355507971683505
1920 1000 384 1487 2142 2142 1487 1875 5760 1875 2880 1318 3031 3956|0.001 0.10411675302423706 0.8021805715508323 -0.0012545255247631282
3872 7500 3872 2604 2604 4883 4883 5000 5579 15000 5579 4742 3432 7892|0.001 1.8143728095171796 0.11307839702994871 0.0009222357271498893
521 200 521 1116 1116 774 774 3000 977 1500 977 686 2060 609|0.001 0.13981926199500005 -0.017197608338764825 -0.031008278939715916
1487 1875 2142 1920 384 2880 5760 1000 1487 1875 2142 1169 1318 1821|0.001 0.24138533831607356 0.034640458147308095 -0.21404230275811842
2689 1000 896 467 875 875 467 694 1344 694 179 1847 546 2093|0.001 0.11778451128818812 0.27965750984193516 0.11349411526261122
896 1000 2689 875 467 467 875 694 179 694 1344 1847 1415 615|0.001 0.042930692917984015 0.02472660356026557 -0.025615281542775703
793 533 1143 3072 1536 205 1024 1000 793 533 1143 1616 2391 971|0.001 0.01298361021785821 0.08494478336671163 -0.024433843440400116
516 133 516 651 651 347 347 2000 744 667 744 632 1557 406|0.001 0.058591290339471414 0.03406143089848657 0.005342116636606331
3072 1000 1536 793 1143 1143 793 533 1024 533 205 2391 623 2110|0.001 0.04097137238848081 0.18343927885281275 -0.012952987099416058
651 2000 651 516 516 744 744 133 347 667 347 1557 632 406|0.001 0.11234960847293252 0.06266421035132419 -0.005794057021523136
467 694 875 2689 896 179 1344 1000 467 694 875 1415 1847 615|0.001 0.09566742251056803 0.0013550340677803696 -0.04095132858550232
1536 1000 3072 1143 793 793 1143 533 205 533 1024 2391 1616 971|0.001 -0.0037253024047756433 0.04987422287201282 0.014818291517537663
812 1000 812 651 651 651 651 2000 1000 2000 1000 1288 1557 1112|0.001 0.19913171086997083 0.01871256869689475 -0.009504983595498562
3072 1000 1536 1248 1536 1536 1248 1000 3072 1000 1536 2391 1708 3435|0.001 0.015866796412442596 0.2440655214469678 0.02119539509216617
801 1231 801 1231 1231 2462 2462 1000 801 1231 801 1368 1586 1916|0.001 0.12098323277312195 0.09994367335663279 0.022627596009481277
1231 1000 1231 801 801 801 801 1231 2462 1231 2462 1586 1368 1916|0.001 0.09477219589087982 0.06286115993080044 0.006516428573448696
1536 1000 1248 1536 3072 3072 1536 1000 1536 1000 1248 1708 2391 3435|0.001 0.10352931250251496 0.14039943865969295 0.09392476384731507
651 2000 651 812 812 1000 1000 1000 651 2000 651 1557 1288 1112|0.001 0.2560151177507186 0.08105150895292512 -0.0015805867395135564
812 1000 812 651 651 651 651 2000 1000 2000 1000 1288 1557 1112|0.001 0.17255005039067628 0.05505140944599418 -0.026301061912629153
801 1231 801 1231 1231 2462 2462 1000 801 1231 801 1368 1586 1916|0.001 0.16035001756708134 0.028143798907152018 -0.03137276517621079
3072 1000 1536 1248 1536 1536 1248 1000 3072 1000 1536 2391 1708 3435|0.001 0.03490705034332686 0.205667185072389 0.01876769701871117
1231 1000 1231 801 801 801 801 1231 2462 1231 2462 1586 1368 1916|0.001 0.10254745746050897 0.06305425698731382 -0.00959784152942289
651 2000 651 812 812 1000 1000 1000 651 2000 651 1557 1288 1112|0.001 0.2997195088914095 0.03722352168558318 -0.03128465990553053
1536 1000 1248 1536 3072 3072 1536 1000 1536 1000 1248 1708 2391 3435|0.001 0.04548078368283859 0.1177176066739749 0.07954580321627214
1248 1000 1536 3072 1536 1536 3072 1000 1248 1000 1536 1708 2391 1979|0.001 0.10168974820296883 0.0253865820645216 -0.05718178993886047
326 500 326 500 500 406 406 1000 326 500 326 778 1118 556|0.001 0.0019300172556646622 0.07860950545739653 0.01091050363972057
2000 1000 2000 651 651 651 651 812 1000 812 1000 2236 1112 1557|0.001 -0.0014248191403565258 0.11960613608256843 0.02924842853845977
1536 1000 3072 1536 1248 1248 1536 1000 1536 1000 3072 2391 1708 1979|0.001 0.026422809208681564 0.041470783855503957 -0.005604782994703683
651 812 651 2000 2000 1000 1000 1000 651 812 651 1112 2236 1557|0.001 0.07436005167190674 0.04673266791183961 0.002312923089551333
500 1000 500 326 326 326 326 500 406 500 406 1118 778 556|0.001 -0.002734379458791958 0.1014212410134041 0.023935257773881613
1248 1000 1536 3072 1536 1536 3072 1000 1248 1000 1536 1708 2391 1979|0.001 0.055935133575877316 0.09271548351068581 -0.02271432969746079
2000 1000 2000 651 651 651 651 812 1000 812 1000 2236 1112 1557|0.001 0.06953479171104782 0.10438847432307163 -0.00813688301272042
326 500 326 500 500 406 406 1000 326 500 326 778 1118 556|0.001 0.0363993702273091 0.04096453627493224 0.01031321288494702
1536 1000 3072 1536 1248 1248 1536 1000 1536 1000 3072 2391 1708 1979|0.001 0.051578178476097136 0.02170435442251817 -0.008272008864769198
651 812 651 2000 2000 1000 1000 1000 651 812 651 1112 2236 1557|0.001 -0.032590570473624014 0.15806540290128845 0.026785818394134964
500 1000 500 326 326 326 326 500 406 500 406 1118 778 556|0.001 0.05348223092884963 0.09184381429954147 -0.021972045855284117
1000 1000 1000 133 133 133 133 1000 812 1000 812 1414 1009 911|0.001 0.0332566690474434 0.12233404200844067 -0.0037350570355454416
7542 1000 7542 7542 6128 6128 7542 1000 7542 1000 7542 7608 6872 9718|0.001 0.01415432393335303 0.11195807249662737 0.016621711174431564
133 812 133 1000 1000 1000 1000 1000 133 812 133 911 1414 1009|0.001 0.1183832173283128 -0.021822477596993295 -0.04237984146106877
1000 1000 1000 133 133 133 133 812 1000 812 1000 1414 911 1009|0.001 0.07078263250247518 0.08750096917887307 0.007281444659119618
6128 1000 7542 7542 7542 7542 7542 1000 6128 1000 7542 6872 7608 9718|0.001 0.06818896884195347 0.06111013024368894 -0.013761574889967765
133 1000 133 1000 1000 812 812 1000 133 1000 133 1009 1414 911|0.001 0.1146472400753984 0.03160972610354085 0.0021582275963738518
1000 1000 1000 133 133 133 133 1000 812 1000 812 1414 1009 911|0.001 0.06116840240217192 0.08670454627591528 0.01885595063693124
133 812 133 1000 1000 1000 1000 1000 133 812 133 911 1414 1009|0.001 0.06448685163314538 0.06718223568226378 -0.00917126756059039
7542 1000 7542 7542 6128 6128 7542 1000 7542 1000 7542 7608 6872 9718|0.001 0.058084790493992955 0.07103673258253895 -0.002345704645475566
1000 1000 1000 133 133 133 133 812 1000 812 1000 1414 911 1009|0.001 0.010486227671346882 0.13086248713504833 0.0422977292236415
133 1000 133 1000 1000 812 812 1000 133 1000 133 1009 1414 911|0.001 0.011931442365591405 0.08494580207469626 0.003982777113775704
6128 1000 7542 7542 7542 7542 7542 1000 6128 1000 7542 6872 7608 9718|0.001 0.08087412661221816 0.006231899342015179 -0.010995001878882915
7542 1000 6128 7542 7542 7542 7542 1000 7542 1000 6128 6872 7608 10667|0.001 0.09190425817587444 0.02783782314965899 -0.015664569374170823
133 1000 133 812 812 1000 1000 1000 133 1000 133 1009 1288 911|0.001 0.08022073510837391 0.09889563694221559 0.009157934611365715
1231 1000 1231 163 163 163 163 1231 1231 1231 1231 1586 1121 1242|0.001 0.11296097326258803 0.05202106456865474 -0.01255562506972896
7542 1000 7542 6128 7542 7542 6128 1000 7542 1000 7542 7608 6872 10667|0.001 0.07653026984963951 0.08174159877249565 0.011816383649538853
163 1231 163 1231 1231 1231 1231 1000 163 1231 163 1121 1586 1242|0.001 0.1252724443678055 0.07578241638353411 -0.030944315020202673
812 1000 812 133 133 133 133 1000 1000 1000 1000 1288 1009 911|0.001 0.1135622600239472 0.06964358210626465 -0.01027498094071877
7542 1000 6128 7542 7542 7542 7542 1000 7542 1000 6128 6872 7608 10667|0.001 -0.004750960307832175 0.15407937001601812 0.03129612617820188
1231 1000 1231 163 163 163 163 1231 1231 1231 1231 1586 1121 1242|0.001 0.08598961030638952 0.09696842469731237 0.030145246511203982
133 1000 133 812 812 1000 1000 1000 133 1000 133 1009 1288 911|0.001 0.01732849483280008 0.0779301695436474 0.013091709244359429
7542 1000 7542 6128 7542 7542 6128 1000 7542 1000 7542 7608 6872 10667|0.001 0.07296473794270675 0.08801297589764001 0.0027324643141479754
163 1231 163 1231 1231 1231 1231 1000 163 1231 163 1121 1586 1242|0.001 0.13719571088202542 0.056365554101918125 -0.007725538473921656
812 1000 812 133 133 133 133 1000 1000 1000 1000 1288 1009 911|0.001 0.09251669512423621 0.06847697351107351 -0.002221360891331292
1000 1000 1000 566 71 71 566 738 1000 738 1000 1414 1051 1002|0.001 0.09787359126530726 0.07684435603057427 -0.0887259262747353
566 1000 566 1000 1000 738 738 1000 71 1000 71 1149 1414 1051|0.001 0.07481516690452938 0.06755061031054055 0.027109364737423203
14142 1000 14142 14142 10440 10440 14142 8000 14142 8000 14142 14177 10198 17578|0.001 0.9209732985241992 0.027816329178855792 0.013478132545745591
566 738 71 1000 1000 1000 1000 1000 566 738 71 721 1414 1149|0.001 0.05751233124010824 1.2498082773308483 0.052501495934338394
10440 8000 14142 14142 14142 14142 14142 1000 10440 8000 14142 10198 14177 17578|0.001 0.8472410729476376 0.05471276335762498 0.018005579239461778
1000 1000 1000 566 566 71 71 1000 738 1000 738 1414 1149 1051|0.001 0.0872895203190116 0.09344807940561584 -0.001209762662310876
738 1000 738 566 566 71 71 1000 1000 1000 1000 1243 1149 721|0.001 0.08138296758124719 0.0951746566367806 -0.0013273056862062038
14142 8000 10440 14142 14142 14142 14142 1000 14142 8000 10440 14866 14177 20000|0.001 0.9357730171558831 0.03832504677502069 -0.007349788632765586
14142 1000 14142 10440 14142 14142 10440 8000 14142 8000 14142 14177 14866 20000|0.001 0.7815659574293021 0.05435207019572008 -0.010437479547982242
766 1355 96 1355 1355 1355 1355 1000 766 1355 96 1424 1684 1556|0.001 -0.0006871471063574219 0.8221653083162606 0.016962854392974513
566 1000 566 738 738 1000 1000 1000 71 1000 71 1149 1243 721|0.001 0.03980536838241733 0.09380519785554542 0.00091556863600184
1355 1000 1355 766 96 96 766 1355 1355 1355 1355 1684 977 1358|0.001 0.08781955076674341 0.0792969520919673 -0.08058453129601295
1000 1000 1000 71 71 71 71 900 1000 900 1000 1414 951 1002|0.001 0.02300461625561967 0.09478719322588258 0.019481503265381672
12728 1000 14142 14142 14142 14142 14142 1000 12728 1000 14142 13454 14177 19026|0.001 0.11622487667278802 0.02168066658988055 -0.027878678971201554
71 1000 71 1000 1000 900 900 1000 71 1000 71 1002 1414 951|0.001 0.03264671708280931 0.10297840936319469 0.006276117480434884
1000 1000 1000 71 71 71 71 1000 900 1000 900 1414 1002 951|0.001 0.05956727050973054 0.11627740297277311 0.029219588051292433
14142 1000 14142 14142 12728 12728 14142 1000 14142 1000 14142 14177 13454 19026|0.001 0.15746831908780123 0.002443892141732462 -0.05552915055945573
71 900 71 1000 1000 1000 1000 1000 71 900 71 951 1414 1002|0.001 0.0939939555945779 0.056719499210953206 -0.022583216318902144
1000 1000 1000 71 71 71 71 900 1000 900 1000 1414 951 1002|0.001 0.06694552797648523 0.10335389217921431 0.005814429490320627
71 1000 71 1000 1000 900 900 1000 71 1000 71 1002 1414 951|0.001 0.09495979901315232 0.05726743962787051 -0.01559553338593922
12728 1000 14142 14142 14142 14142 14142 1000 12728 1000 14142 13454 14177 19026|0.001 0.12543487789578034 0.005067655425370354 -0.04254978470633164
1000 1000 1000 71 71 71 71 1000 900 1000 900 1414 1002 951|0.001 0.06601321950734818 0.12106502386836304 0.016546470905207666
71 900 71 1000 1000 1000 1000 1000 71 900 71 951 1414 1002|0.001 0.023061661562360225 0.11693016424074498 0.0136483009399746
14142 1000 14142 14142 12728 12728 14142 1000 14142 1000 14142 14177 13454 19026|0.001 0.07067918722424293 0.04091727699391701 -0.0036678067865103525
14142 1000 14142 12728 14142 14142 12728 1000 14142 1000 14142 14177 13454 20000|0.001 0.11288443671719994 0.040182001293431746 0.012248104901200207
79 1111 79 1111 1111 1111 1111 1000 79 1111 79 1057 1495 1114|0.001 0.042684023844434815 0.13575384716788985 0.03629277196842917
900 1000 900 71 71 71 71 1000 1000 1000 1000 1345 1002 951|0.001 0.00410614246547647 0.13887190219658896 0.0430213607748664
14142 1000 12728 14142 14142 14142 14142 1000 14142 1000 12728 13454 14177 20000|0.001 0.10171777640932467 0.0877511976221057 -0.03718392839720863
71 1000 71 900 900 1000 1000 1000 71 1000 71 1002 1345 951|0.001 0.09591701029143751 0.06602351733332457 -0.015252678262199781
1111 1000 1111 79 79 79 79 1111 1111 1111 1111 1495 1057 1114|0.001 0.1175260812475698 0.03832087542631646 -0.008623006397321387
14142 1000 14142 12728 14142 14142 12728 1000 14142 1000 14142 14177 13454 20000|0.001 0.05770201886390991 0.10661781081606314 0.024027426016268727
900 1000 900 71 71 71 71 1000 1000 1000 1000 1345 1002 951|0.001 0.11726998123125831 0.0020284156628758154 -0.03300620625966144
79 1111 79 1111 1111 1111 1111 1000 79 1111 79 1057 1495 1114|0.001 0.08077167073992086 0.1014615702763133 0.023533909824491328
14142 1000 12728 14142 14142 14142 14142 1000 14142 1000 12728 13454 14177 20000|0.001 0.08508183134082525 0.12388592332698067 0.0005214775828932261
71 1000 71 900 900 1000 1000 1000 71 1000 71 1002 1345 951|0.001 0.12076758798207354 0.02777603442298382 -0.012535403732073513
1111 1000 1111 79 79 79 79 1111 1111 1111 1111 1495 1057 1114|0.001 0.059757266961804056 0.0770029612991241 -0.006172668789828917
1116 3000 1116 900 900 200 200 1000 1116 3000 1116 2060 1345 1194|0.001 0.36935551125286015 0.076860110150887 0.0065263900216017134
900 1000 900 1116 1116 1116 1116 3000 200 3000 200 1345 2060 1194|0.001 0.3061924019052875 0.04749396677314888 0.0052877448593191545
2689 1000 896 807 179 179 807 1000 2689 1000 896 1847 1070 2695|0.001 0.07708333632618247 0.37044646178757246 -0.06413916889020155
1116 3000 1116 900 900 200 200 1000 1116 3000 1116 2060 1345 1194|0.001 0.3708589999414458 0.07466654624639357 0.0062591622080998555
900 1000 900 1116 1116 1116 1116 3000 200 3000 200 1345 2060 1194|0.001 0.21502931989302532 0.08737559350206592 -0.011660708287534183
2689 1000 896 807 179 179 807 1000 2689 1000 896 1847 1070 2695|0.001 0.08100859520245196 0.3751669240542399 -0.067551321047149
5579 4500 5579 15000 15000 5000 5000 1000 5579 4500 5579 5969 15033 10302|0.001 0.5510353029299231 0.07285639982052672 0.005817726776464749
807 1000 179 2689 896 896 2689 1000 807 1000 179 1070 1847 1206|0.001 0.07638586743651476 0.5658587324949416 -0.05238042786113728
15000 1000 15000 5579 5579 5579 5579 4500 5000 4500 5000 15033 5969 10302|0.001 0.26715680281099496 0.09540642548727885 0.0017462897886644235
5579 4500 5579 15000 15000 5000 5000 1000 5579 4500 5579 5969 15033 10302|0.001 0.584244938962406 0.07455298721034787 0.004338948008171251
807 1000 179 2689 896 896 2689 1000 807 1000 179 1070 1847 1206|0.001 0.06354950855642194 0.5078756226895997 -0.048142792837813086
15000 1000 15000 5579 5579 5579 5579 4500 5000 4500 5000 15033 5969 10302|0.001 0.35816415545552704 0.06868641461972524 -0.028095874540979837
1355 1000 1355 1511 1511 1511 1511 1000 4064 1000 4064 1684 1916 2791|0.001 0.08985580553828809 0.05343245658768092 0.009558913261640267
1116 3000 1116 738 738 738 738 1000 1116 3000 1116 2060 1243 1414|0.001 0.38997043493289363 0.0328100483007665 0.015349211822783815
738 1000 738 1116 1116 1116 1116 3000 738 3000 738 1243 2060 1257|0.001 0.15418095861326142 0.13910844196415972 0.027742741083269795
2689 1000 896 662 662 662 662 1000 2689 1000 896 1847 1127 2769|0.001 0.13671564872865583 0.35278025413179703 -0.012416799409580292
1355 1000 1355 1511 1511 1511 1511 1000 4064 1000 4064 1684 1703 2791|0.001 0.031007493780359496 0.12759925652024995 0.010615484582698897
1116 3000 1116 738 738 738 738 1000 1116 3000 1116 2060 1243 1257|0.001 0.3979473623363994 0.06716133395396007 0.010797805366318247
738 1000 738 1116 1116 1116 1116 3000 738 3000 738 1243 2060 1414|0.001 0.35717032014601635 0.04567676719259506 0.007399670517200807
2689 1000 896 662 662 662 662 1000 2689 1000 896 1847 1267 2769|0.001 0.0009330854072531203 0.3590989007861123 0.027490308211519654
896 1000 2689 662 662 662 662 1000 896 1000 2689 1847 1127 1114|0.001 -0.004095369409199412 0.04722693259721078 0.015640369213556493
1511 1000 1511 4064 4064 1355 1355 1000 1511 1000 1511 1703 4185 2791|0.001 0.08955186538287974 0.08876863308576954 0.003496742804007802
246 1000 246 372 372 372 372 333 246 333 246 1030 687 419|0.001 0.02884360926389551 0.06059045959202036 -0.011221788363918739
662 1000 662 2689 896 896 2689 1000 662 1000 662 1267 1847 1114|0.001 0.07327889424561862 0.07565666513232205 -0.05519802147971542
372 333 372 246 246 246 246 1000 372 333 372 687 1030 471|0.001 0.04708804775599873 0.00013377340689624262 -0.02167410958310967
4064 1000 4064 1511 1511 1511 1511 1000 1355 1000 1355 4185 1916 2791|0.001 0.007973139292289932 0.09821568868352504 0.014434369466842512
896 1000 2689 662 662 662 662 1000 896 1000 2689 1847 1267 1114|0.001 -0.016281485217215508 0.055407375634959344 0.026240548000469044
246 1000 246 372 372 372 372 333 246 333 246 1030 687 471|0.001 0.03214008313481065 0.07283264305545378 -0.01505297316719445
1511 1000 1511 4064 4064 1355 1355 1000 1511 1000 1511 1916 4185 2791|0.001 0.09436550979549763 0.07401239111229696 0.007482059807186747
662 1000 662 2689 896 896 2689 1000 662 1000 662 1127 1847 1114|0.001 0.07596259457029575 0.07582897099098318 -0.04952281466197972
372 333 372 246 246 246 246 1000 372 333 372 687 1030 419|0.001 0.04967452104775116 -0.005667039253494099 -0.020097490534538576
4064 1000 4064 1511 1511 1511 1511 1000 1355 1000 1355 4185 1703 2791|0.001 0.07214728541533155 0.05893164009101337 -0.008333521294046076
1000 1000 1000 354 354 354 354 500 1000 500 1000 1414 791 1061|0.001 0.021784787555931828 0.1012679275712447 0.014111095988178501
1414 1000 2828 2828 2828 2828 2828 1000 1414 1000 2828 2236 3000 3162|0.001 0.05959942046952049 0.011345568970875242 -0.00036848145737011784
354 1000 354 1000 1000 500 500 1000 354 1000 354 1061 1414 791|0.001 0.04532627864260785 0.11587346895478357 -0.004177850976971875
1000 1000 1000 354 354 354 354 1000 500 1000 500 1414 1061 791|0.001 0.054203487582937804 0.08698320081200972 0.03786438950504234
2828 1000 2828 2828 1414 1414 2828 1000 2828 1000 2828 3000 2236 3162|0.001 0.09178674872262205 0.045266683622513515 -0.05682471057526173
354 500 354 1000 1000 1000 1000 1000 354 500 354 791 1414 1061|0.001 0.08713702469933304 -0.006048730331358332 -0.03466814767495219
1000 1000 1000 354 354 354 354 500 1000 500 1000 1414 791 1061|0.001 -0.0044286416822891805 0.10536574061212445 0.031044570468830024
354 1000 354 1000 1000 500 500 1000 354 1000 354 1061 1414 791|0.001 0.07535867033443555 0.10025297051519111 -0.0035347374450556135
1414 1000 2828 2828 2828 2828 2828 1000 1414 1000 2828 2236 3000 3162|0.001 0.031415619456567345 0.04155560624737875 0.008448394256739267
1000 1000 1000 354 354 354 354 1000 500 1000 500 1414 1061 791|0.001 0.1467645020714814 0.04362195501350863 -0.03631738088426428
354 500 354 1000 1000 1000 1000 1000 354 500 354 791 1414 1061|0.001 0.04810541835579274 0.02762137532482445 -0.018121710099303634
2828 1000 2828 2828 1414 1414 2828 1000 2828 1000 2828 3000 2236 3162|0.001 0.1329415192324901 0.03244046230273412 -0.07214118316180351
2828 1000 2828 1414 2828 2828 1414 1000 2828 1000 2828 3000 2236 4000|0.001 0.07771938884735041 0.0828630485437376 0.12090613599254452
707 2000 707 2000 2000 2000 2000 1000 707 2000 707 1581 2236 2121|0.001 0.143481977723654 0.08602238697282605 0.01262560007006197
500 1000 500 354 354 354 354 1000 1000 1000 1000 1118 1061 791|0.001 0.06577778819592872 0.04996060375094702 -0.022592149081102075
2828 1000 1414 2828 2828 2828 2828 1000 2828 1000 1414 2236 3000 4000|0.001 0.07449801199495898 0.19766059478207865 0.0159763619349218
354 1000 354 500 500 1000 1000 1000 354 1000 354 1061 1118 791|0.001 0.09775187643831451 9.763942989460261e-05 -0.05214458075660344
2000 1000 2000 707 707 707 707 2000 2000 2000 2000 2236 1581 2121|0.001 0.10773701425163873 0.07645384628665042 0.003649480954708295
2828 1000 2828 1414 2828 2828 1414 1000 2828 1000 2828 3000 2236 4000|0.001 0.06582273234687852 0.0665090817189018 0.10673838653002754
500 1000 500 354 354 354 354 1000 1000 1000 1000 1118 1061 791|0.001 0.03841509282818123 0.0951885313047196 0.010450312785337257
707 2000 707 2000 2000 2000 2000 1000 707 2000 707 1581 2236 2121|0.001 0.20304428487592174 0.02155638585940922 -0.004705958079361805
2828 1000 1414 2828 2828 2828 2828 1000 2828 1000 1414 2236 3000 4000|0.001 0.08394193162433172 0.264493923429161 0.029610718776038603
354 1000 354 500 500 1000 1000 1000 354 1000 354 1061 1118 791|0.001 0.09832820929799757 0.008265977593440166 -0.03309462891756154
2000 1000 2000 707 707 707 707 2000 2000 2000 2000 2236 1581 2121|0.001 0.21843630799126101 0.07235603574184735 -0.011071779088891454
1104 533 1000 1000 533 284 533 1104 1131 589 1104 1133 1133 1140|0.001 -0.006439501737712794 0.09581811548476926 -0.023220588725935132
1104 533 1000 1000 1104 1131 1104 533 589 284 533 1133 1133 1340|0.001 -0.020718739390929164 0.09712394202984198 -0.01155272943699881
533 1104 1000 1000 533 589 1104 1104 284 1131 533 1133 1133 604|0.001 0.08412023830137727 0.02710944910314872 -0.035303720257962024
483 906 906 483 258 483 906 1025 533 1000 1000 1282 1033 683|0.001 0.08130410423391021 0.02050220824120208 -0.056573004926272485
2121 533 2069 1875 2069 1104 1000 1875 2069 1000 1875 2137 2652 2652|0.001 -0.007325838575629184 0.11016264632486061 0.0017648735349018452
1000 1104 533 1104 1000 1104 1131 533 533 589 284 1414 1414 1133|0.001 0.04116577800064247 0.21657251619399798 0.003910878081700986
483 1025 258 483 906 1000 533 906 906 1000 483 1111 1027 1282|0.001 0.0658596764828756 0.21565856781328163 0.07084034767696812
2069 1875 1875 3880 3977 3880 3516 1875 3880 3516 3516 2652 4309 4712|0.001 0.22930354035525902 0.11331124639816226 -0.007567930721206206
1000 1104 533 533 1000 533 284 1104 1104 1131 589 1414 1414 1133|0.001 0.11282571198624858 0.21805212017664832 0.06060491547709601
533 1104 1000 1875 2069 2121 2069 1875 1000 2069 1875 1133 2652 2298|0.001 0.15313793230156136 0.0031677123684747954 0.01770486908202029
2069 1875 1875 1000 1104 2069 1875 533 2121 1000 2069 2652 1133 2652|0.001 0.1349281072417563 0.04323148357675777 -0.02147054364182499
1000 533 1104 1104 1000 533 589 533 1104 284 1131 1414 1414 1133|0.001 -0.0143730428181843 0.09046568661909227 -0.0025869024188596157
483 906 906 1000 1025 1000 906 533 258 483 483 1282 1215 1111|0.001 0.016060152324495203 0.04297679840920665 0.003314260816604797
533 1025 1000 906 483 258 483 906 483 1000 906 1215 1282 683|0.001 0.06581137218709898 0.032127142812490295 -0.018572561682075328
1875 1875 2069 2121 2069 1875 2069 533 1000 1000 1104 2125 2298 2652|0.001 0.17428447965198934 0.02486625265798903 -0.036483646005914805
251 975 471 975 520 471 884 975 471 884 884 1083 1250 534|0.001 0.06810612450471654 0.004457859698030475 -0.02730936477519985
1000 533 1025 483 906 483 258 906 906 483 1000 1282 1027 1282|0.001 0.002721357911339428 0.07125811359338652 0.038568968806056425
3880 1875 3977 2069 1875 3516 3880 1875 3516 3516 3880 4006 2125 3984|0.001 0.32473066578024845 0.11717327015145829 0.030185531356210493
906 906 483 1922 1875 1699 1875 1875 1699 1699 906 1027 2277 1926|0.001 0.17783364424273085 0.17221879323291667 -0.04085182371884599
1000 533 1104 2069 1875 2069 2121 1875 1875 1000 2069 1414 2125 2652|0.001 0.04592519949430551 0.10953193183975252 0.007696993746164615
906 906 483 533 1000 906 483 1025 483 1000 258 1027 1282 1282|0.001 0.030792036764066832 0.22378251751017375 0.07701233679945796
1922 1875 1875 906 483 906 1699 906 1875 1699 1699 2403 1282 1936|0.001 0.2270600256830524 0.0358765006115358 -0.09653073554242386
1875 1000 1875 1000 533 533 1000 1104 1875 1104 1875 2125 1133 1949|0.001 0.12076877570384781 0.03905509677904151 -0.0703087696658855
1104 533 1000 1875 1875 1875 1875 1000 1104 533 1000 1133 2125 2176|0.001 0.015626325474287217 0.07996999811888506 -0.007696919715813877
533 1000 533 533 533 589 589 1000 284 1000 284 1133 1133 604|0.001 0.06222913351880521 0.0449742269608544 -0.010971847578521432
533 1000 533 284 284 533 533 1000 589 1000 589 1133 1040 754|0.001 0.12735796723930104 0.005259627159963642 -0.059359515592355416
3516 1000 3516 1875 2069 2069 1875 1875 3516 1875 3516 3655 2652 4079|0.001 0.12039033548855604 0.09149976141859417 -0.0017371092006834843
1000 1104 533 1875 1875 1875 1875 1000 1000 1104 533 1414 2125 2125|0.001 0.08757366594437821 0.2392821362748343 -0.019242023640106964
1875 1000 1875 533 1000 1000 533 1104 1875 1104 1875 2125 1414 2125|0.001 0.04523610024332436 0.11836935217562905 0.0915149108858837
284 1000 284 533 533 589 589 1000 533 1000 533 1040 1133 754|0.001 0.0574514052549957 0.05607795540283789 -0.004060884553270805
2069 1875 1875 3516 3516 3516 3516 1000 2069 1875 1875 2652 3655 4079|0.001 0.1529177658864378 0.1517884573664885 0.05557522437487972
533 1000 533 533 533 284 284 1000 589 1000 589 1133 1133 604|0.001 0.08101184416575924 0.06476107341873538 0.004759668592950739
533 1104 1000 1875 1875 1875 1875 1000 533 1104 1000 1133 2125 1949|0.001 0.07223240760193095 0.004856220924409627 0.005680723659293729
1875 1000 1875 1000 1104 1104 1000 533 1875 533 1875 2125 1133 2176|0.001 0.0673793982106341 0.05360712029268688 -0.019181675641032347
1875 1000 1875 1104 1000 1000 1104 533 1875 533 1875 2125 1414 2125|0.001 0.037536140216638536 0.08951770253151414 0.017626772335110896
483 906 906 1699 1699 1699 1699 1000 483 906 906 1282 1972 1766|0.001 0.023315721222469943 0.06252846460328199 0.008583379537956404
589 1000 589 533 533 284 284 1000 533 1000 533 1160 1133 754|0.001 0.05767742905365081 0.07385761654751244 0.009833585132570377
1875 1875 2069 3516 3516 3516 3516 1000 1875 1875 2069 2125 3655 3984|0.001 0.21820588339836133 0.10434543419166831 0.0048242248124585885
284 1000 284 589 589 533 533 1000 533 1000 533 1040 1160 604|0.001 0.12482995529313978 -0.005918550514837362 -0.03693171174584231
1699 1000 1699 483 906 906 483 906 1699 906 1699 1972 1027 1926|0.001 -0.0011237967882660183 0.12332099471807023 0.06804751188901337
3516 1000 3516 2069 1875 1875 2069 1875 3516 1875 3516 3655 2125 3984|0.001 0.23028361950584664 0.04360141998728917 -0.0021748299550117256
589 1000 589 284 284 533 533 1000 533 1000 533 1160 1040 604|0.001 0.07339004519683501 0.05066373986360784 -0.03494679815876145
906 906 483 1699 1699 1699 1699 1000 906 906 483 1027 1972 1926|0.001 0.0828505576742522 0.1123439330698095 -0.01496955510930209
1000 533 1104 1875 1875 1875 1875 1000 1000 533 1104 1414 2125 2125|0.001 0.08311234515117727 -0.008790186816042267 -0.0224684052165236
533 1000 533 589 589 533 533 1000 284 1000 284 1133 1160 754|0.001 0.079511385311688 0.10487550446435678 0.010844657829631732
1699 1000 1699 906 483 483 906 906 1699 906 1699 1972 1282 1766|0.001 0.12458492515027508 0.03315749843279425 -0.0695746759158522
2719 1000 906 258 483 483 258 1025 2719 1025 906 1861 1111 2761|0.001 0.04238758940552145 0.2268065236790262 0.054484317450427255
3977 1875 3880 3516 3516 10547 10547 1000 3977 1875 3880 4309 3655 7273|0.001 0.24907735706376943 0.04946526351012226 -0.03791079420614518
284 1000 284 1104 1104 1131 1131 3000 533 3000 533 1040 2054 1226|0.001 0.09581414818187417 0.20694595209220568 0.048280669657632114
368 333 368 178 178 95 95 1000 377 333 377 685 1016 380|0.001 0.00521075935784765 0.05586193770316328 -0.0017980688944774226
5625 1000 5625 2069 2121 2121 2069 533 1875 533 1875 5713 2137 3879|0.001 0.08703657934848508 0.0147471316610992 -0.022323726837161217
258 1025 483 2719 906 906 2719 1000 258 1025 483 1033 1861 942|0.001 0.10594585205484286 -0.02091411894390327 -0.07183322432144146
906 1000 2719 483 258 258 483 1025 906 1025 2719 1861 1033 942|0.001 0.055794011020777745 0.003647232224495145 -0.02479434074539766
178 1000 178 368 368 377 377 333 95 333 95 1016 685 380|0.001 0.05027674649585645 0.03276402276183532 -0.0036664601365599125
2121 533 2069 5625 5625 1875 1875 1000 2121 533 2069 2137 5713 3879|0.001 0.0003499013320973354 0.09911633195260006 0.002205939249533273
1104 3000 1104 284 284 533 533 1000 1131 3000 1131 2054 1040 1226|0.001 0.43047929790762884 0.11260672679172634 0.004072521966571596
483 1025 258 906 2719 2719 906 1000 483 1025 258 1111 1861 2761|0.001 0.06493713913543253 0.2222660165338275 0.20698821587114224
3516 1000 3516 3880 3977 3977 3880 1875 10547 1875 10547 3655 4309 7273|0.001 0.14063468596343665 0.0599061612806584 0.005610514588492155
3516 1000 3516 3977 3880 3880 3977 1875 10547 1875 10547 3655 4006 7220|0.001 0.08490663801924203 0.09549407870105053 -0.0028673431284842454
471 975 251 884 2652 2652 884 1000 471 975 251 1007 1829 2694|0.001 0.054651165981565164 0.2543725784474016 0.13489675552888158
1131 3000 1131 284 284 533 533 1000 1104 3000 1104 2069 1040 1140|0.001 0.31146842846152323 0.07022345724753576 0.042370258635195945
2069 533 2121 5625 5625 1875 1875 1000 2069 533 2121 2298 5713 3851|0.001 0.006663853647426166 0.08403496774213925 0.002812416695212594
178 1000 178 377 377 368 368 333 95 333 95 1016 690 409|0.001 0.02474186472191109 0.07328307353509311 -0.006879039280627275
884 1000 2652 471 251 251 471 975 884 975 2652 1829 1083 919|0.001 0.058416681665540704 -0.0017122137958813788 -0.03111900456036598
5625 1000 5625 2121 2069 2069 2121 533 1875 533 1875 5713 2298 3851|0.001 0.03585052552624646 0.10097652858833239 -0.013000159358882435
377 333 377 178 178 95 95 1000 368 333 368 690 1016 409|0.001 -0.0014563238393927591 0.06260952561136346 0.0019479952192824612
251 975 471 2652 884 884 2652 1000 251 975 471 1083 1829 919|0.001 0.06986671141443912 0.029090683885777402 -0.04523762094422734
3880 1875 3977 3516 3516 10547 10547 1000 3880 1875 3977 4006 3655 7220|0.001 0.2630929765895318 0.07872896536488483 -0.02795108028758375
284 1000 284 1131 1131 1104 1104 3000 533 3000 533 1040 2069 1140|0.001 0.298911178830088 0.11784994767528367 0.02575907549193568
2652 1000 884 251 471 471 251 975 2652 975 884 1829 1007 2694|0.001 0.068399641377892 0.3464305079499219 0.05520909364944426
2069 1875 1875 1000 533 1000 1875 1104 2121 2069 2069 2652 1133 2298|0.001 0.2633176327228459 -0.005729502990385882 -0.16538043785352285
1104 533 1000 1875 2069 2121 2069 1875 2069 1000 1875 1133 2652 2652|0.001 0.039476937623705854 0.08486408393110434 -0.006577648526960855
1000 1104 533 533 1000 1104 589 1104 533 1131 284 1414 1414 1133|0.001 0.05789781277437234 0.14901364504834813 0.1293010056901056
3977 1875 3880 1875 2069 3880 3516 1875 3880 3516 3516 4309 2652 4712|0.001 0.29966686112604 0.09838921621032393 -0.01785263338600518
1000 1104 533 2069 1875 2069 2121 1875 1875 2069 1000 1414 2125 2652|0.001 0.02362730818872505 0.3828201625047134 0.055702107000590306
1000 533 1104 533 1000 533 284 1104 1104 589 1131 1414 1414 1133|0.001 -0.003796314061863537 0.06824299801523326 0.040823215098608756
258 1025 483 906 483 533 1000 906 483 1000 906 1033 1282 683|0.001 0.11682145851199977 -0.07234229410127857 -0.06437051906872493
2069 1875 1875 2069 2121 2069 1875 533 1104 1000 1000 2652 2137 2652|0.001 0.13562389513473772 0.05135341703905505 0.005865457390570317
533 1104 1000 1000 533 284 533 1104 589 1131 1104 1133 1133 604|0.001 0.08585452558143469 0.006725169783288187 -0.02370427410292475
533 1104 1000 1000 1104 1131 1104 533 284 589 533 1133 1133 1140|0.001 0.020406960075507463 0.027143458692513445 0.012288886949587408
1104 533 1000 1000 1104 589 533 533 1131 284 1104 1133 1133 1340|0.001 -0.03320885526935102 0.10204199881385101 -0.0013937778512274068
1875 1875 2069 1104 1000 1875 2069 533 2069 1000 2121 2125 1414 2652|0.001 0.14497819844471183 0.11550132730406171 0.012408094388074442
483 906 906 1875 1922 1875 1699 1875 906 1699 1699 1282 2403 1936|0.001 0.13039672093415833 0.004163801842711479 0.007866229453417084
1000 1025 533 483 906 483 258 906 906 1000 483 1282 1027 1282|0.001 0.04750850149438213 0.2133763159967672 0.002687342075540222
1875 1875 2069 3977 3880 3516 3880 1875 3516 3516 3880 2125 4006 3984|0.001 0.28219327737665223 0.11633376668655382 0.0096983956245289
471 975 251 520 975 884 471 975 884 884 471 1007 1185 1002|0.001 0.10688716556212619 0.2183831164259198 0.10173659600193563
2069 533 2121 2069 1875 1000 1104 1875 1875 1000 2069 2298 2125 2652|0.001 0.02503139971330004 0.10197630673928648 0.002058769895652013
520 975 975 471 251 471 884 975 471 884 884 1250 1083 534|0.001 0.06555031135413225 0.025734651002962128 -0.06046291448607466
906 906 483 1025 1000 906 1000 533 483 483 258 1027 1282 1282|0.001 0.029825038154607242 0.18226180954219906 0.01349445814860184
1000 533 1104 1104 1000 1104 1131 533 533 284 589 1414 1414 1133|0.001 -0.005433183503307237 0.06969093575923901 -0.008652385760651304
483 906 906 1000 533 483 906 1025 258 1000 483 1282 1215 683|0.001 0.1012698273749546 0.01440236993974997 -0.041564731173304725
1025 533 1000 906 483 258 483 906 1000 483 906 1215 1282 1111|0.001 -0.010617272105682973 0.0967553527533882 -0.01314007918125415
1000 1000 1000 3000 1600 200 1600 1720 1720 1720 1720 1414 1887 1020|0.001 0.08748779567322451 0.093921114130473 -0.040866638317165194
1600 1720 3000 1000 1000 1720 1720 1000 200 1720 1600 1887 1414 1020|0.001 0.017376270724356324 0.04761450966520586 0.029298629955407662
1000 1000 1000 1600 200 1600 3000 1720 1720 1720 1720 1414 1020 1887|0.001 0.10863983529305843 0.03921495564982225 -0.10951081934956197
1075 125 625 625 1075 1075 625 1875 1075 1000 625 637 1976 884|0.001 0.08078551489844266 0.01581752807735759 -0.006914785817339064
3000 1720 1600 1000 1000 1720 1720 1000 1600 1720 200 3162 1414 1887|0.001 0.005566798170426601 0.1974375766703118 0.009538171351115565
1600 1720 200 1000 1000 1720 1720 1000 3000 1720 1600 1887 1414 3162|0.001 0.10468330781679303 1.3250490889289446 0.01030858608597418
8602 8000 5000 5000 8602 8602 5000 8000 8602 15000 5000 9434 9434 15684|0.001 1.6383775364311415 0.03051048529260969 -0.0029208521046975022
1000 1000 1000 1600 3000 1600 200 1720 1720 1720 1720 1414 3162 1887|0.001 0.02597288550784782 0.10022263428919764 0.061340547658870204
1075 1875 625 625 1075 1075 625 125 1075 1000 625 1976 637 884|0.001 0.16172111411069334 -0.001318073440126355 -0.0418066597124489
930 581 1744 1000 1000 581 581 1000 116 581 930 1838 1823 1097|0.001 0.018097164690686895 0.04305786432784009 0.023863346862882384
1000 1000 1000 1744 930 116 930 581 581 581 581 1823 1838 1097|0.001 0.09007820364724806 0.090221039407965 -0.04187237300468549
625 1875 1075 1075 625 625 1075 125 625 1000 1075 1179 1179 884|0.001 0.1350592100836101 0.011014476816941787 -0.022566026761321467
1000 1000 1000 930 1744 930 116 581 581 581 581 822 1097 1838|0.001 0.00722175832370997 0.10084167672467004 0.04920777096775186
5000 8000 8602 8602 5000 5000 8602 8000 5000 15000 8602 5099 5099 7071|0.001 1.752029797037924 0.009934684266645899 -0.0630671821775286
930 581 116 1000 1000 581 581 1000 1744 581 930 593 1823 1097|0.001 0.05232132597073669 0.842090989991997 -0.006509095200168957
625 125 1075 1075 625 625 1075 1875 625 1000 1075 1179 1179 884|0.001 0.07806448185910142 0.019673886882247693 -0.017848623073520864
1744 581 930 1000 1000 581 581 1000 930 581 116 1097 822 1838|0.001 0.03172310399226497 0.2586365218345943 0.007528688970313002
1000 1000 1000 930 116 930 1744 581 581 581 581 822 1097 593|0.001 0.09016542808576 0.03192676609401035 -0.10750744716329974
1000 1000 1000 1600 1600 200 200 1000 1720 1000 1720 1414 1887 1020|0.001 0.07866474972368476 0.09163920244455781 0.001985666619019888
1000 1000 1000 1600 200 200 1600 1720 1000 1720 1000 1414 1020 1020|0.001 0.08837641845249378 0.07624447945683288 -0.07955881757699457
1600 1000 1600 1000 1000 1720 1720 1000 200 1000 200 1887 1414 1020|0.001 0.031363453262862606 0.0786587048583609 0.021899299850247633
1600 1720 200 1000 1000 1000 1000 1000 1600 1720 200 1887 1414 1887|0.001 0.060911726839740776 0.8291398680702566 -0.0052152542512862166
5000 1000 5000 5000 8602 8602 5000 8000 5000 8000 5000 5099 9434 9950|0.001 0.5214433003412244 0.04430255278991657 -0.007338736647581889
8602 8000 5000 5000 5000 5000 5000 1000 8602 8000 5000 9434 5099 9950|0.001 0.9070126715556137 0.09087373414221833 0.02082934725934571
1600 1000 1600 1720 1720 1000 1000 1000 200 1000 200 1887 1990 1887|0.001 0.1250769382800665 0.04511560839761675 -0.0028436558678868185
581 1000 581 930 116 116 930 581 581 581 581 1157 1097 593|0.001 0.10527135613638494 0.07287586256457423 -0.09591746419530978
1720 1000 1720 1600 1600 200 200 1000 1000 1000 1000 1990 1887 1887|0.001 0.08841708745574772 0.09108191972357238 -0.0005664459523979648
5000 8000 8602 5000 5000 5000 5000 1000 5000 8000 8602 5099 5099 7071|0.001 0.6444667813152405 0.021620435093272494 -0.008611764115394882
5000 1000 5000 8602 5000 5000 8602 8000 5000 8000 5000 5099 5099 7071|0.001 0.6201390571151255 0.06491396417174666 -0.009172232537693059
930 581 116 581 581 581 581 1000 930 581 116 593 1157 1097|0.001 0.097714513938858 1.1603356513867236 -0.00349932364156591
1000 1000 1000 200 200 200 200 1000 1000 1000 1000 1414 1020 1020|0.001 0.03690454387018649 0.10094216200941863 0.03058853366052272
5000 1000 5000 5000 5000 5000 5000 1000 5000 1000 5000 5099 5099 7071|0.001 0.034370693741943015 0.0710958989706989 0.015898238479992166
200 1000 200 1000 1000 1000 1000 1000 200 1000 200 1020 1414 1020|0.001 0.09192555485000975 0.05389420049182414 -0.017693192676699887
1000 1000 1000 200 200 200 200 1000 1000 1000 1000 1414 1020 1020|0.001 0.09941081079618108 0.05129116080011098 0.007309362025975652
5000 1000 5000 5000 5000 5000 5000 1000 5000 1000 5000 5099 5099 7071|0.001 0.05366653655904052 0.12140083079555719 0.04829407304496991
200 1000 200 1000 1000 1000 1000 1000 200 1000 200 1020 1414 1020|0.001 0.13866470490644156 -0.0015509678108072134 -0.03549461891236949
1000 1000 1000 200 200 200 200 1000 1000 1000 1000 1414 1020 1020|0.001 0.04647134644337969 0.13106186713088608 0.01720498950862348
200 1000 200 1000 1000 1000 1000 1000 200 1000 200 1020 1414 1020|0.001 0.11287222384138484 -0.004115091786115466 -0.01582448573535622
5000 1000 5000 5000 5000 5000 5000 1000 5000 1000 5000 5099 5099 7071|0.001 -0.010828283942724282 0.12049153838386673 0.019563981001105013
1000 1000 1000 200 200 200 200 1000 1000 1000 1000 1414 1020 1020|0.001 0.02392679273889531 0.10395924226895392 0.032479636319588945
200 1000 200 1000 1000 1000 1000 1000 200 1000 200 1020 1414 1020|0.001 0.0517927105942384 0.07563746560430573 -0.011705413747097326
5000 1000 5000 5000 5000 5000 5000 1000 5000 1000 5000 5099 5099 7071|0.001 0.09042403934097942 0.03595661524390836 -0.006174597839831986
5000 1000 5000 5000 5000 5000 5000 1000 5000 1000 5000 5099 5099 7071|0.001 0.05039344453988681 0.07126128514518326 0.009168308561597893
200 1000 200 1000 1000 1000 1000 1000 200 1000 200 1020 1414 1020|0.001 0.09110196139404891 0.08677554395295495 0.024814179594214725
1000 1000 1000 200 200 200 200 1000 1000 1000 1000 1414 1020 1020|0.001 0.15825676111228093 0.01716288297793911 -0.05310879544224267
5000 1000 5000 5000 5000 5000 5000 1000 5000 1000 5000 5099 5099 7071|0.001 0.09026513328537877 0.047725470870416675 -0.022939982694900607
200 1000 200 1000 1000 1000 1000 1000 200 1000 200 1020 1414 1020|0.001 0.027717998955443246 0.12368112121876607 0.044770240445479725
1000 1000 1000 200 200 200 200 1000 1000 1000 1000 1414 1020 1020|0.001 0.020472286726649358 0.10959214444568044 0.03348031361771975
5000 1000 5000 5000 5000 5000 5000 1000 5000 1000 5000 5099 5099 7071|0.001 0.11222019607809885 0.064089608693636 0.001960960000471079
1000 1000 1000 200 200 200 200 1000 1000 1000 1000 1414 1020 1020|0.001 0.0717093378891076 0.0626351752049481 -0.0038552012109949185
200 1000 200 1000 1000 1000 1000 1000 200 1000 200 1020 1414 1020|0.001 0.08555063918450401 0.018281447125776396 -0.01405349902565134
5000 1000 5000 5000 5000 5000 5000 1000 5000 1000 5000 5099 5099 7071|0.001 0.05011672811031875 0.06757021995426271 0.007250959687448155
200 1000 200 1000 1000 1000 1000 1000 200 1000 200 1020 1414 1020|0.001 0.019738813919207843 0.15015692319008123 0.020768491913583098
1000 1000 1000 200 200 200 200 1000 1000 1000 1000 1414 1020 1020|0.001 0.00040817050328545434 0.1255018918715045 0.04050671205099832
1000 1000 1000 1720 1720 1720 1720 1000 3000 1000 3000 1414 1990 2441|0.001 0.03177130223082303 0.1487968411082119 0.024821197199940137
1720 3000 1720 1000 1000 1000 1000 1000 1720 3000 1720 2441 1414 1990|0.001 0.2881673806058216 0.07784322166280333 -0.0003734501667829182
1000 1000 1000 1720 1720 1720 1720 3000 1000 3000 1000 1414 2441 1990|0.001 0.18340723307858964 0.14089485418646408 0.037798177738759264
1744 1000 581 581 581 581 581 1000 1744 1000 581 1419 1157 1838|0.001 0.044894011356257923 0.4261832074741445 0.037151051711674654
1000 1000 1000 1720 1720 1720 1720 1000 3000 1000 3000 1414 1990 2441|0.001 0.09815950397964679 0.03964060927141633 -0.010119185860134605
1720 3000 1720 1000 1000 1000 1000 1000 1720 3000 1720 2441 1414 1990|0.001 0.3478656548603909 0.04088575551069562 0.0067429877734781485
1000 1000 1000 1720 1720 1720 1720 3000 1000 3000 1000 1414 2441 1990|0.001 0.19820713790776212 0.11989973408008225 0.024143454617557847
1744 1000 581 581 581 581 581 1000 1744 1000 581 1419 1157 1838|0.001 0.05189199131324651 0.36388825060381214 0.02699624600620565
581 1000 1744 581 581 581 581 1000 581 1000 1744 1419 1157 822|0.001 0.014722038299412876 0.0356980893905523 0.01900285337938401
1720 1000 1720 3000 3000 1000 1000 1000 1720 1000 1720 1990 3162 2441|0.001 0.11887233995709678 0.07115319334948467 -0.0029585879043658725
333 1000 333 573 573 573 573 333 333 333 333 1054 814 663|0.001 0.012075915941460735 0.07229055397171891 0.01029731173062487
581 1000 581 1744 581 581 1744 1000 581 1000 581 1157 1419 822|0.001 0.08121007572730488 0.08523981541857184 -0.06050326229577352
573 333 573 333 333 333 333 1000 573 333 573 814 1054 663|0.001 0.0289719932303778 0.0168148502932719 -0.009422950111991346
3000 1000 3000 1720 1720 1720 1720 1000 1000 1000 1000 3162 1990 2441|0.001 0.07510448831463457 0.04392449282266009 -0.002876508008938794
581 1000 1744 581 581 581 581 1000 581 1000 1744 1419 1157 822|0.001 -0.00020160644723654642 0.04811311181848632 0.0250517478088641
333 1000 333 573 573 573 573 333 333 333 333 1054 814 663|0.001 0.06893929948066813 0.046289942346366963 -0.044174175791911185
1720 1000 1720 3000 3000 1000 1000 1000 1720 1000 1720 1990 3162 2441|0.001 0.07913059692831181 0.08084275879072012 0.002785805030192101
581 1000 581 1744 581 581 1744 1000 581 1000 581 1157 1419 822|0.001 0.10194337348610194 0.04920687535183488 -0.06337697042881674
573 333 573 333 333 333 333 1000 573 333 573 814 1054 663|0.001 0.07696256334167817 -0.026470512179123107 -0.0373929134846962
3000 1000 3000 1720 1720 1720 1720 1000 1000 1000 1000 3162 1990 2441|0.001 0.010691669116995595 0.10704483361508421 0.012686205689784735
581 1000 581 1000 1000 1000 1000 1000 1744 1000 1744 1157 822 1419|0.001 0.0534663106568134 0.14659671263141494 0.03066306343506575
1720 3000 1720 1720 1720 1720 1720 1000 1720 3000 1720 2441 1990 1414|0.001 0.37776805629906596 0.10897546372007572 0.02119023261407893
1720 1000 1720 1720 1720 1720 1720 3000 1720 3000 1720 1990 2441 3137|0.001 0.0987978555795399 0.11635396704295475 0.02217420052923913
1744 1000 581 1000 1000 1000 1000 1000 1744 1000 581 1419 1823 2010|0.001 0.1016173015363786 0.3204206925077435 -0.024217318049331027
581 1000 581 1000 1000 1000 1000 1000 1744 1000 1744 1157 1823 1419|0.001 0.06267310064157705 0.17208994770745 0.033159817750225695
1720 3000 1720 1720 1720 1720 1720 1000 1720 3000 1720 2441 1990 3137|0.001 0.4351191224580453 0.05935287333207251 -0.032724273968322004
1720 1000 1720 1720 1720 1720 1720 3000 1720 3000 1720 1990 2441 1414|0.001 0.0992111766289061 0.13054066867780323 0.0004200399942200228
1744 1000 581 1000 1000 1000 1000 1000 1744 1000 581 1419 822 2010|0.001 0.02947666860925402 0.4004276455983913 0.0021660244680532514
581 1000 1744 1000 1000 1000 1000 1000 581 1000 1744 1419 1823 1157|0.001 -0.0044022263245624416 0.045680774095135934 0.01793644768767866
1000 1000 1000 1744 1744 581 581 1000 1000 1000 1000 1823 2010 1419|0.001 0.05556750734941662 0.10611960713252433 0.008314207347781544
573 1000 573 573 573 573 573 333 573 333 573 1153 814 1046|0.001 0.052483344350213734 0.03053883270309754 -0.026385951331255875
1000 1000 1000 1744 581 581 1744 1000 1000 1000 1000 822 1419 1157|0.001 0.10201519894320166 0.07587567108867432 -0.06939735576177108
573 333 573 573 573 573 573 1000 573 333 573 814 1153 471|0.001 0.03554439506057161 0.020691177587970344 -0.024087540849020428
1744 1000 1744 1000 1000 1000 1000 1000 581 1000 581 2010 822 1419|0.001 0.08249028798066771 0.07202824412053 -0.010434828767633686
581 1000 1744 1000 1000 1000 1000 1000 581 1000 1744 1419 822 1157|0.001 -0.010620761275570434 0.057786658076774966 0.02444041582581713
573 1000 573 573 573 573 573 333 573 333 573 1153 814 471|0.001 0.029423124341323437 0.09883054577667805 -0.007534165155687056
1000 1000 1000 1744 1744 581 581 1000 1000 1000 1000 822 2010 1419|0.001 0.05204442289007849 0.1250712157348155 0.0056223265020771684
1000 1000 1000 1744 581 581 1744 1000 1000 1000 1000 1823 1419 1157|0.001 0.12250662775639576 0.03773782807186876 -0.09385874441376396
573 333 573 573 573 573 573 1000 573 333 573 814 1153 1046|0.001 0.036295064824403145 0.014092977137543095 -0.022230967713839922
1744 1000 1744 1000 1000 1000 1000 1000 581 1000 581 2010 1823 1419|0.001 0.1150040399653629 0.03956966974073994 -0.015723595430423565
1104 533 1000 1000 1000 533 533 1000 1198 533 1104 1133 1414 1226|0.001 -0.00643963656845381 0.0982530450920871 0.011170805106457404
1000 1000 1000 1000 1104 1198 1104 533 533 533 533 1414 1133 1226|0.001 -0.0025972124271822494 0.10861618228167558 0.009399497546116464
533 1104 1000 1000 533 533 1000 1104 533 1198 1000 1133 1133 754|0.001 0.03843712563727175 0.050677983464819665 -0.0173298264999433
483 906 906 906 483 483 906 1086 483 1000 906 1282 1111 683|0.001 0.09290356472789307 -0.01701291260738591 -0.046107861327515653
1198 533 1104 1000 1000 533 533 1000 1104 533 1000 1226 1414 1489|0.001 -0.012185908344543028 0.09082072550339104 0.011801378552784847
1000 1000 1000 1104 1000 1104 1198 533 533 533 533 1414 1414 1133|0.001 0.049771751383966834 0.040838985590370136 0.01772416385384057
1875 1875 2069 1000 1000 1875 1875 1000 2069 1875 2247 2125 1414 2652|0.001 0.21265138448436804 0.08010055750143907 0.05749200852070091
906 1086 483 483 906 906 483 906 906 1000 483 1350 1027 1282|0.001 0.078196078755155 0.14531437304400985 0.08128399048068058
1000 1000 1000 2069 2247 2069 1875 1875 1875 1875 1875 1414 2792 2298|0.001 0.12100611525229565 0.11055857139667724 -0.0036806435856973074
1000 1104 533 533 1000 1000 533 1104 1000 1198 533 1414 1414 1414|0.001 0.0611257469629356 0.22173463726804288 0.112386375996536
1000 1000 1000 1875 2069 2247 2069 1875 1875 1875 1875 1414 2652 2792|0.001 0.16727031805612302 0.04623231070995715 0.0007381389717897591
2069 1875 1875 1000 1000 1875 1875 1000 2247 1875 2069 2652 1414 2792|0.001 0.19847466476584863 0.009635882325671474 -0.03435409867652561
1000 533 1104 1000 1000 533 533 1000 1104 533 1198 1414 1414 1133|0.001 0.0006373430452244477 0.08082502565755156 0.0009914507482244872
1000 1000 1000 1104 1198 1104 1000 533 533 533 533 1414 1226 1489|0.001 0.044164864442644 0.021047323892218195 -0.002582960575679971
483 1086 906 906 483 483 906 906 483 1000 906 1111 1282 683|0.001 0.08275039116705685 0.0008812470252994586 -0.04697690456610282
1000 1000 1000 1198 1104 1000 1104 533 533 533 533 1414 1489 1414|0.001 0.0977448592396657 0.011101623288263252 -0.02362205401291173
445 921 835 835 445 445 835 921 445 835 835 1243 1243 630|0.001 0.0703610423226042 0.025321525876895734 -0.041118380916318475
1104 533 1198 1000 1000 533 533 1000 1000 533 1104 1489 1414 1414|0.001 0.036007168459053496 0.046107951467935226 0.007422141440480701
2069 1875 2247 1000 1000 1875 1875 1000 1875 1875 2069 2298 1414 2125|0.001 0.21775158515651372 0.02993445811575235 -0.04655158946113902
835 921 445 445 835 835 445 921 835 835 445 1023 1023 1180|0.001 0.016986745934561842 0.21743396747280652 0.028906456421431415
1000 1000 1000 2247 2069 1875 2069 1875 1875 1875 1875 1414 2298 2125|0.001 0.08260642658627138 0.16407264753071749 0.03108545692811715
1000 1000 1000 2069 1875 2069 2247 1875 1875 1875 1875 1414 2125 2652|0.001 0.06956637745102023 0.12404872708462467 -0.004805904529965321
906 906 483 483 906 906 483 1086 906 1000 483 1027 1350 1282|0.001 0.04849599758146805 0.24759985423789432 0.10661585567559584
2247 1875 2069 1000 1000 1875 1875 1000 2069 1875 1875 2792 1414 2298|0.001 0.13669181140973263 0.10037742060998944 0.013368683456653763
2719 1000 906 483 906 906 483 1086 2719 1086 906 1861 1350 2866|0.001 0.08779834920302099 0.3203454298501329 0.11892267027167946
2247 1875 2069 1875 1875 5625 5625 1000 2247 1875 2069 2792 2125 3949|0.001 0.20726581074422823 0.07295021052920792 -0.08673056983048322
533 1000 533 1104 1104 1198 1198 3000 1000 3000 1000 1133 2054 1489|0.001 0.2483546510559287 0.019423010849024536 -0.023300353750546066
368 333 368 333 333 178 178 1000 399 333 399 685 1054 409|0.001 0.0059203039646815725 0.04819591831527026 0.0038000959478412533
3000 1000 3000 1104 1198 1198 1104 533 1000 533 1000 3162 1226 2106|0.001 0.048870929687203635 0.05717145360059961 0.005707644211263574
483 1086 906 2719 906 906 2719 1000 483 1086 906 1111 1861 1027|0.001 0.09182351462309057 -0.016532575457516296 -0.06855378509976084
906 1000 2719 906 483 483 906 1086 906 1086 2719 1861 1111 1027|0.001 0.04474527594812372 0.007560755009705655 -0.025772388223649356
333 1000 333 368 368 399 399 333 178 333 178 1054 685 409|0.001 0.020176776243190364 0.07624254855168155 -0.000249838622078391
1198 533 1104 3000 3000 1000 1000 1000 1198 533 1104 1226 3162 2106|0.001 -0.02989743709154724 0.09477830456208869 0.0005033708819968119
1104 3000 1104 533 533 1000 1000 1000 1198 3000 1198 2054 1133 1489|0.001 0.20291908650568846 0.056414067251078226 -0.00022181363173667812
906 1086 483 906 2719 2719 906 1000 906 1086 483 1350 1861 2866|0.001 0.07506676978732862 0.253186495989437 0.2138969327156115
1875 1000 1875 2069 2247 2247 2069 1875 5625 1875 5625 2125 2792 3949|0.001 0.1225032723198316 0.17605645335134534 0.0331274494038003
1875 1000 1875 2247 2069 2069 2247 1875 5625 1875 5625 2125 2298 3851|0.001 0.01790188099723755 0.15138303362452143 0.01752242955960437
835 921 445 835 2504 2504 835 1000 835 921 445 1023 1758 2639|0.001 0.03651410941283295 0.24312792654084703 0.10760823121450214
1198 3000 1198 533 533 1000 1000 1000 1104 3000 1104 2106 1133 1226|0.001 0.29007493027970677 0.036735778779677375 -0.06075873310266933
1104 533 1198 3000 3000 1000 1000 1000 1104 533 1198 1489 3162 2054|0.001 0.0018804849745723828 0.0768846503935472 0.001587393964121997
333 1000 333 399 399 368 368 333 178 333 178 1054 702 496|0.001 0.016560361976045712 0.08441314691892243 0.012159274875636061
835 1000 2504 835 445 445 835 921 835 921 2504 1758 1243 946|0.001 0.06836557876894966 -0.006867566293305982 -0.02875196994855611
3000 1000 3000 1198 1104 1104 1198 533 1000 533 1000 3162 1489 2054|0.001 0.03266266214548397 0.04323389495249241 0.004295920763401906
399 333 399 333 333 178 178 1000 368 333 368 702 1054 496|0.001 0.00030369577465272357 0.055848364320927324 0.0028832408630541373
445 921 835 2504 835 835 2504 1000 445 921 835 1243 1758 946|0.001 0.08355096594784506 0.00906064840517029 -0.05461691176450567
2069 1875 2247 1875 1875 5625 5625 1000 2069 1875 2247 2298 2125 3851|0.001 0.22606353885217478 0.07368847655350619 -0.08328312951464634
533 1000 533 1198 1198 1104 1104 3000 1000 3000 1000 1133 2106 1226|0.001 0.3008163436593181 0.027755562533611222 -0.008370857217531169
2504 1000 835 445 835 835 445 921 2504 921 835 1758 1023 2639|0.001 0.11349035192949497 0.28845844889568983 0.09973859590473699
3000 1000 3000 1000 1000 1000 1000 1000 3000 1000 3000 3162 1414 3162|0.001 0.002045527855474294 0.14873011278788928 0.04777827336177598
1000 1000 1000 3000 3000 3000 3000 1000 1000 1000 1000 1414 3162 3162|0.001 0.1046062517732338 0.013392878210749526 -0.029219734405947495
333 1000 333 333 333 333 333 1000 333 1000 333 1054 1054 471|0.001 0.05199558937455384 0.06372956409953945 0.018330086487872155
333 1000 333 333 333 333 333 1000 333 1000 333 1054 1054 471|0.001 0.1442637548234127 0.0010320368604088692 -0.029304720788744243
3000 1000 3000 1000 1000 1000 1000 1000 3000 1000 3000 3162 1414 3162|0.001 0.03128065401912794 0.11516526204177646 0.026758416424832454
1000 1000 1000 3000 3000 3000 3000 1000 1000 1000 1000 1414 3162 3162|0.001 0.029109733355936473 0.11124745930056967 0.03681735783979123
3000 1000 3000 1000 1000 1000 1000 1000 3000 1000 3000 3162 1414 3162|0.001 0.1364402869813386 -0.014152627510248816 -0.03454282605908965
333 1000 333 333 333 333 333 1000 333 1000 333 1054 1054 471|0.001 0.05923277481182154 0.10074323476694236 0.030739711966234484
1000 1000 1000 3000 3000 3000 3000 1000 1000 1000 1000 1414 3162 3162|0.001 0.11171483251218861 0.05642925372117302 -0.028235892423377207
333 1000 333 333 333 333 333 1000 333 1000 333 1054 1054 471|0.001 0.08055538427474751 0.07342475876411791 0.005227039572153203
1000 1000 1000 3000 3000 3000 3000 1000 1000 1000 1000 1414 3162 3162|0.001 0.060418435876323784 0.09321126753060183 -0.0018582441327452681
3000 1000 3000 1000 1000 1000 1000 1000 3000 1000 3000 3162 1414 3162|0.001 0.15281668174952578 -0.0020900472205720444 -0.04656424418786331
3000 1000 3000 1000 1000 1000 1000 1000 3000 1000 3000 3162 1414 3162|0.001 0.11973877719232418 0.0257950349551761 -0.011229154913068307
1000 1000 1000 3000 3000 3000 3000 1000 1000 1000 1000 1414 3162 3162|0.001 0.07380147208507326 0.07445479901676544 0.009495624053053042
333 1000 333 333 333 333 333 1000 333 1000 333 1054 1054 471|0.001 0.014097613908861106 0.09074068532597401 0.014129687866717422
1000 1000 1000 3000 3000 3000 3000 1000 1000 1000 1000 1414 3162 3162|0.001 -0.00711419843524963 0.15213555848947236 0.03638167926898195
333 1000 333 333 333 333 333 1000 333 1000 333 1054 1054 471|0.001 0.07021348343778877 0.10037272787988716 0.013469597225332919
3000 1000 3000 1000 1000 1000 1000 1000 3000 1000 3000 3162 1414 3162|0.001 0.07099862114337663 0.10409451476383724 0.0342172889648662
3000 1000 3000 1000 1000 1000 1000 1000 3000 1000 3000 3162 1414 3162|0.001 0.014309549312827574 0.14706825782561106 0.04954442505030743
333 1000 333 333 333 333 333 1000 333 1000 333 1054 1054 471|0.001 0.06422691969903749 0.07763661612964601 0.0021821936139221343
1000 1000 1000 3000 3000 3000 3000 1000 1000 1000 1000 1414 3162 3162|0.001 0.0810576229167026 0.06516999360761 -0.0039459484629522645
1000 1000 1000 3000 3000 3000 3000 1000 1000 1000 1000 1414 3162 3162|0.001 0.061421173559736975 0.10524958667538886 0.02160294247031791
333 1000 333 333 333 333 333 1000 333 1000 333 1054 1054 471|0.001 0.0355683780688798 0.13403643769767104 0.021594978516787933
3000 1000 3000 1000 1000 1000 1000 1000 3000 1000 3000 3162 1414 3162|0.001 0.08266544218253236 0.08197221744818073 0.031944655041535874
1075 1875 625 573 573 1075 1075 333 947 625 802 1976 814 1104|0.001 0.10940783769732843 0.10419170941188938 0.04162576370128068
581 1000 1744 1090 1398 1652 1875 1875 1090 1875 3269 1419 2169 2061|0.001 0.008343647031106016 0.06733908327226867 0.023609105732742552
1720 1282 918 1600 3000 1000 533 1720 1720 1516 918 1990 3162 2441|0.001 0.06858305213996774 0.19950275917820282 0.0267385830127731
1744 581 930 533 1000 1000 533 881 581 745 310 1097 1027 1419|0.001 0.09704843228572235 0.09834860633132214 0.07427347843578902
1652 1875 1875 1744 581 1090 3269 1000 1398 1875 1090 1925 1419 1304|0.001 0.2569308963198269 0.039170092859166505 -0.18333860447031558
573 333 573 1075 625 802 947 1875 1075 625 1075 814 1179 1244|0.001 0.08385788235910852 -0.02287906588897992 -0.025309011643463997
333 533 573 573 573 306 306 333 427 178 505 1054 814 452|0.001 -0.0202493311183638 0.08448112791941575 -0.0033096200615800875
533 881 1000 1744 930 310 581 581 533 745 1000 1338 1838 757|0.001 0.09336603721529446 -0.011196394016412814 -0.01428933863772297
581 1000 1744 1000 881 745 581 533 310 533 930 1419 1338 1099|0.001 -0.01436524453348298 0.04429658875887865 0.023159015891813794
1600 1720 3000 1720 918 918 1720 1282 533 1516 1000 1887 1357 1302|0.001 0.10401819566584702 0.006181217696807906 -0.037008106937618246
573 333 573 333 573 505 427 533 306 178 306 814 629 767|0.001 0.018537130869815677 0.01786833419741063 -0.012355185877792607
745 533 581 1744 581 310 930 1000 881 533 1000 789 1419 695|0.001 0.01979804509192329 0.07165457707556833 -0.03371408600120196
1720 3000 1720 2405 2842 3226 1875 1875 3226 5625 3226 2441 3547 4315|0.001 0.4531938777153677 0.10573927094395197 -0.018136838541767952
780 1182 416 716 1342 1342 716 780 2339 1342 1248 1475 1058 1904|0.001 0.11030333327763264 0.3568354716433708 0.05820665463684538
1744 1000 581 1652 1875 1090 1398 1875 3269 1875 1090 1419 2508 2056|0.001 0.09268609884684587 0.5334708113083786 0.03221061178061646
2405 1875 2842 1720 1720 3226 3226 3000 1875 5625 3226 2243 2441 2545|0.001 0.32736323132879885 0.09407967324954081 -0.014285865347481996
352 846 660 1135 605 605 1135 1135 1055 660 1979 1248 1165 859|0.001 0.08967881932458122 -0.10910907494765198 -0.05212745025206522
1720 3000 1720 1516 1282 1000 1720 533 918 1600 918 2441 1892 1990|0.001 0.19399336480678153 0.056220821215249295 0.011040860920523698
1744 1000 581 745 581 1000 881 533 930 533 310 1419 1157 1097|0.001 0.028300291112792753 0.3220270775884271 0.03129452334336591
1516 533 1282 1720 1720 918 918 3000 1720 1600 1000 1196 2441 1766|0.001 0.05503734534721527 0.07823033692819337 -0.0038591817507860338
1000 1000 1000 1000 1000 533 533 1000 1104 1000 1104 1414 1414 1133|0.001 0.08529200925222025 0.052073295278631804 0.0035150226491142966
1000 1000 1000 1000 1104 1104 1000 533 1000 533 1000 1414 1133 1489|0.001 0.012729300214699979 0.11288517070435544 0.023460615508694715
533 1104 1000 1000 1000 1000 1000 1000 533 1104 1000 1133 1414 1133|0.001 0.06497580166126893 0.014862432039026707 0.01625873434290881
1000 1000 1000 1000 533 533 1000 1104 1000 1104 1000 1414 1133 1133|0.001 0.08889458739884004 0.0681765076215779 -0.03361069175290332
1104 533 1000 1000 1000 1000 1000 1000 1104 533 1000 1133 1414 1489|0.001 0.02998394584882158 0.05799834867375564 -0.013688579241181165
1000 1000 1000 1000 1000 1104 1104 1000 533 1000 533 1414 1414 1133|0.001 0.0027856467113429595 0.09661459355419177 0.022725306175794824
1000 1000 1000 533 533 1000 1000 1000 1104 1000 1104 1414 1133 1414|0.001 0.07527378389393213 0.08479343238512183 -0.016347694198833862
1000 1104 533 1000 1000 1000 1000 1000 1000 1104 533 1414 1414 1414|0.001 0.06481367913540481 0.20909391647966125 0.009006937365587664
1875 1000 1875 1875 2069 2069 1875 1875 1875 1875 1875 2125 2652 2792|0.001 0.055883880585783086 0.12756373529886122 0.017080203520922765
1000 1000 1000 533 1000 1000 533 1104 1000 1104 1000 1414 1414 1414|0.001 0.02411332808768707 0.11429219086732445 0.027593529587177645
533 1000 533 1000 1000 1104 1104 1000 1000 1000 1000 1133 1414 1414|0.001 0.10629057705901168 0.019782921471609427 -0.029926429288910095
2069 1875 1875 1875 1875 1875 1875 1000 2069 1875 1875 2652 2125 2792|0.001 0.11392593177523169 0.0393182558886096 0.004190300964701521
1000 533 1104 1000 1000 1000 1000 1000 1000 533 1104 1414 1414 1414|0.001 0.003881819868287728 0.08411329569371073 0.00430404770898285
1000 1000 1000 1104 1104 1000 1000 1000 533 1000 533 1414 1489 1414|0.001 0.05225926357444566 0.1097880591563416 -0.0075658392920130435
906 1000 906 906 483 483 906 906 906 906 906 1350 1282 1027|0.001 0.08406629085398798 0.1096006122063864 -0.03737394749970924
1000 1000 1000 1104 1000 1000 1104 533 1000 533 1000 1414 1414 1414|0.001 0.08151545362325097 0.022339675460802955 -0.02030374724064754
483 906 906 906 906 906 906 1000 483 906 906 1282 1350 1027|0.001 0.05843080897974806 0.03790713155160441 0.029930642100672866
1104 1000 1104 1000 1000 533 533 1000 1000 1000 1000 1489 1414 1414|0.001 0.12124961494554887 0.06458665687577358 -0.01248257142825615
1875 1875 2069 1875 1875 1875 1875 1000 1875 1875 2069 2125 2125 2652|0.001 0.14596210472678228 0.05169331323984672 0.013841161887537812
906 1000 906 483 906 906 483 906 906 906 906 1350 1027 1282|0.001 0.04702915627438964 0.0788504263125489 0.07275798927897092
533 1000 533 1104 1104 1000 1000 1000 1000 1000 1000 1133 1489 1133|0.001 0.11471455836429278 0.007975537203879224 -0.03412844349031774
1875 1000 1875 2069 1875 1875 2069 1875 1875 1875 1875 2125 2125 2652|0.001 0.06647997288314889 0.12529204397980775 0.0058044174955296235
906 906 483 906 906 906 906 1000 906 906 483 1027 1350 1282|0.001 0.06445466371061581 0.2315147931825967 0.025241038688870177
1104 1000 1104 533 533 1000 1000 1000 1000 1000 1000 1489 1133 1133|0.001 0.056811828056169134 0.04050390633854928 -0.027517803038504818
1000 1000 1000 1104 1104 1104 1104 1000 3000 1000 3000 1414 1489 2054|0.001 0.10553229716373957 0.056425044063861396 -0.0005175740557572528
1104 3000 1104 1000 1000 1000 1000 1000 1104 3000 1104 2054 1414 1489|0.001 0.3867634007042908 0.0026564449788080147 -0.03935686024336915
1000 1000 1000 1104 1104 1104 1104 3000 1000 3000 1000 1414 2054 1489|0.001 0.14539859223499985 0.1468450032359936 0.01572190175374022
2719 1000 906 906 906 906 906 1000 2719 1000 906 1861 1350 2866|0.001 0.12739086115336695 0.3699843888183252 -0.03383433629838728
1000 1000 1000 1104 1104 1104 1104 1000 3000 1000 3000 1414 1489 2054|0.001 0.06334104081439973 0.07389024471930572 -0.00011969394792976651
1104 3000 1104 1000 1000 1000 1000 1000 1104 3000 1104 2054 1414 1489|0.001 0.4306912051133893 0.11531640456363679 0.010709356344211773
1000 1000 1000 1104 1104 1104 1104 3000 1000 3000 1000 1414 2054 1489|0.001 0.06488509918645802 0.11527011486504701 -0.003506842672175159
2719 1000 906 906 906 906 906 1000 2719 1000 906 1861 1350 2866|0.001 0.0576716430118962 0.4341239485816861 0.05087891786765608
906 1000 2719 906 906 906 906 1000 906 1000 2719 1861 1350 1282|0.001 0.0032029511825704127 0.04038301708663816 0.016926672734913772
1104 1000 1104 3000 3000 1000 1000 1000 1104 1000 1104 1489 3162 2054|0.001 0.06130137164389149 0.09760449137022009 0.004782738182274038
333 1000 333 368 368 368 368 333 333 333 333 1054 685 496|0.001 0.030550810054146282 0.05651605576064256 -0.010708206797819253
906 1000 906 2719 906 906 2719 1000 906 1000 906 1350 1861 1282|0.001 0.10270802841778615 0.04654362856509442 -0.07678403034692916
368 333 368 333 333 333 333 1000 368 333 368 685 1054 496|0.001 0.0414251240242236 0.0010228061180472814 -0.016894433869536485
3000 1000 3000 1104 1104 1104 1104 1000 1000 1000 1000 3162 1489 2054|0.001 0.09868696039257774 0.08951860869201411 -0.01673447367247949
906 1000 2719 906 906 906 906 1000 906 1000 2719 1861 1350 1282|0.001 -0.007219776171114578 0.05915029097780744 0.028073036171174515
333 1000 333 368 368 368 368 333 333 333 333 1054 685 496|0.001 0.018610466561483907 0.10357306573017144 -5.841715086107868e-06
1104 1000 1104 3000 3000 1000 1000 1000 1104 1000 1104 1489 3162 2054|0.001 0.05757153811024596 0.09553667488445772 0.004209595473205763
906 1000 906 2719 906 906 2719 1000 906 1000 906 1350 1861 1282|0.001 0.10651989686329966 0.05501372791284487 -0.07467625077272944
368 333 368 333 333 333 333 1000 368 333 368 685 1054 496|0.001 0.0314704433832147 0.02211040906111128 -0.01578890895784779
3000 1000 3000 1104 1104 1104 1104 1000 1000 1000 1000 3162 1489 2054|0.001 0.08775746795069539 0.0679988472195947 0.0315819708476206
573 533 333 739 573 268 345 533 506 316 317 629 1153 739|0.001 -0.031086939181841355 0.10120163657718617 0.0011272751949409354
721 776 1353 451 429 685 776 467 427 362 721 1559 829 281|0.001 0.015682030045429673 0.030564925921541253 0.014358713568305426
1035 952 2218 3000 1600 947 1600 1720 803 1519 1720 1838 1887 1790|0.001 0.09363433996224302 -0.006823429015923033 -0.024582090642013554
930 581 1744 1000 467 602 1289 883 550 553 930 1838 1288 721|0.001 0.13119737611524407 -0.0034037651842011574 -0.07818516304381129
883 467 1000 1744 930 550 930 1289 553 602 581 1288 1366 1406|0.001 0.003924829990087364 0.0748113924877547 -0.01958559499186663
739 533 573 573 333 317 506 533 345 316 268 783 1054 613|0.001 0.010331883383307705 0.047928673862833726 0.005010357895141038
625 1875 1075 502 647 1386 1075 592 595 1000 950 1179 776 1104|0.001 0.09644632771979689 0.05782085087547406 -0.01124682918354325
1000 883 467 930 1744 930 550 581 1289 553 602 1027 1097 1366|0.001 0.027213161281602893 0.2504817178558949 0.057584100758492074
1179 1289 1993 2143 1892 1186 1246 2143 1993 2763 3737 1546 2200 776|0.001 0.13654169732742583 -0.03313708225068823 -0.00980710412734398
3000 1720 1600 1035 2218 1720 803 952 1600 1519 947 3162 1766 3458|0.001 0.10892201966167914 0.1890467119831163 0.050716662253400546
502 592 647 625 1075 950 595 1875 1075 1000 1386 1119 1976 1104|0.001 0.10535392476922034 0.008286167117057541 -0.002428104940633835
920 2143 966 1546 915 1546 2898 776 1468 1662 1662 1706 1729 2338|0.001 0.31636559716982093 0.037368008837539435 -0.12378943702721412
451 467 429 721 1353 721 427 776 776 362 685 796 1059 851|0.001 0.0030528826123243924 0.08898958716543115 0.0348848952927594
1075 1875 1386 595 950 1075 625 592 502 1000 647 1468 390 1104|0.001 0.1668215579003829 0.07841133471101491 -0.019851626466410588
994 1596 1681 2330 1087 843 1807 1051 1681 1807 3152 655 1856 1304|0.001 0.06808577279643346 0.001521070237808786 -0.030935736068832265
1744 1289 930 883 1000 581 553 467 930 602 550 2010 1027 1838|0.001 0.09188632701688793 0.13408398987605485 -0.04041480915439877
528 1132 1132 1053 623 1053 1974 626 681 658 1460 1163 1593 1178|0.001 0.0837706237190261 -0.0005782936878373501 -0.057324972960459686
595 592 950 1075 1386 647 502 1875 625 1000 1075 1512 2161 1104|0.001 0.014510018540654368 0.09185025252788526 -0.002815152595386783
2143 2143 1892 1179 1993 3737 1993 1289 1246 2763 1186 2760 2230 2350|0.001 0.20740931272062557 0.14274174492280522 0.15667043298358108
1053 626 623 528 1132 1460 681 1132 1974 658 1053 410 1459 2276|0.001 0.029859988035934037 0.13452086398699548 0.04827014762496917
1093 1690 848 1605 1006 1056 1817 1690 2343 3169 1817 1891 659 1942|0.001 0.37765689562371474 0.0639295166321685 0.009017206326278338
1546 776 915 920 966 1662 1468 2143 2898 1662 1546 1199 1776 3055|0.001 0.041871019725903125 0.3967082308709191 0.07138613562072349
2330 1051 1087 994 1681 3152 1681 1596 1807 1807 843 1931 2542 2468|0.001 0.12429446737697525 0.2612316310752405 0.04127008927200748
1605 1690 1006 1093 848 1817 2343 1690 1817 3169 1056 2556 1311 2341|0.001 0.15535384649352002 0.04458350923090215 -0.027126533540631215
625 1000 625 647 502 292 502 592 217 592 217 1179 1119 690|0.001 0.0363706254317786 0.05744338969676077 0.01465835934057802
915 776 1546 966 335 335 966 776 915 451 1546 1729 1239 974|0.001 0.07244888491785284 0.031316568162917946 -0.054235625284578814
803 347 1035 1600 1600 947 947 1000 467 347 803 1282 1887 1667|0.001 0.012445401792544608 0.043578559360211155 0.00408209936709758
1600 1000 1600 803 467 803 1035 347 947 347 947 1887 1104 1055|0.001 0.052580713721182004 0.026901832794499203 -0.017741141571394614
432 581 1246 1993 1179 1179 1993 1289 432 1000 1246 1374 1546 1256|0.001 0.04192815490144719 0.013085717901450966 -0.022420998835969153
647 592 502 625 625 217 217 1000 502 592 292 776 1179 802|0.001 0.01649058742366538 0.0827862777619881 0.00012090211537030271
625 1000 625 292 502 647 502 592 217 592 217 1179 660 547|0.001 0.006921760506406471 0.07878747076925263 0.03498135224326182
803 347 467 1600 1600 947 947 1000 1035 347 803 581 1887 1241|0.001 0.004400724713815585 0.044864384385872036 0.005021306173147444
2029 1720 3429 2143 743 743 2143 1720 2029 2218 3429 2262 1246 2160|0.001 0.10449884944323085 -0.0024053339660401463 -0.062518746698762
1600 1000 1600 803 1035 803 467 347 947 347 947 1887 875 1790|0.001 0.07543623635897889 0.03260227687868156 -0.03531629241235512
292 592 502 625 625 217 217 1000 502 592 647 1042 1179 363|0.001 0.007487893047393168 0.08596196878269069 -0.008678939110393635
432 1289 1246 1993 1179 1179 1993 581 432 1000 1246 1089 2076 1256|0.001 0.03716218504719482 0.019643943156135713 -0.015855120842235282
966 776 335 915 1546 1546 915 776 966 451 335 845 1199 1823|0.001 0.08720920811592592 0.3935126277960199 0.018093629672371048
848 1690 1093 366 366 1056 1056 1000 493 1690 848 1311 1065 614|0.001 0.2270977760073456 0.07249330405312504 -0.058097519479908266
2731 1000 2731 2986 2316 1346 2316 2885 4615 2885 4615 2908 2523 3045|0.001 0.17119932372388513 0.17148985484065626 0.029551808930006196
1993 1289 1179 432 1246 1246 432 581 1993 1000 1179 2230 724 2350|0.001 0.03612954325686424 0.2105085829406117 0.11767750605133687
1346 2885 2316 2731 2731 4615 4615 1000 2316 2885 2986 1677 2908 4808|0.001 0.3107552287177562 0.04260606585307247 -0.0709340424095306
366 1000 366 848 1093 848 493 1690 1056 1690 1056 1065 1891 924|0.001 0.1701191329075047 0.017044433929624958 -0.025317123815216114
2143 1720 743 2029 3429 3429 2029 1720 2143 2218 743 2365 3571 4043|0.001 0.020713722998133566 0.32944431334193336 0.08670491327086527
2731 1000 2731 1346 2316 2986 2316 2885 4615 2885 4615 2908 3183 5164|0.001 0.26407947201298576 0.09439471742612948 -6.54986007198044e-05
848 1690 493 366 366 1056 1056 1000 1093 1690 848 1761 1065 1355|0.001 0.19678702815481675 0.0383256778924812 -0.07352264912788176
1993 581 1179 432 1246 1246 432 1289 1993 1000 1179 1315 1597 2350|0.001 0.06535660280173161 0.24115651413396666 0.186646302090836
2986 2885 2316 2731 2731 4615 4615 1000 2316 2885 1346 3699 2908 3581|0.001 0.2836689114998836 0.02996586478121621 -0.01085157071074927
366 1000 366 848 493 848 1093 1690 1056 1690 1056 1065 1115 1166|0.001 0.04371488257870482 0.10436721349741163 0.011270184826919216
1744 1000 581 467 1000 581 271 883 930 1047 201 1419 1027 1838|0.001 0.11122653885480283 0.2233366796862879 0.08369803489594929
1892 2143 2143 1246 432 1993 3737 581 2243 1246 2143 2200 1374 2509|0.001 0.30863042658854756 0.018320780654381696 -0.2653014276129684
467 347 803 1720 1720 1801 1519 3000 1000 1600 1720 1104 2441 1990|0.001 0.13698641884731577 0.03737463400997454 -0.011291121433025797
930 581 1744 1000 883 1047 1000 467 201 271 581 1838 1288 938|0.001 -0.015400453248108903 0.05161265208386112 0.03300328151181198
467 883 1000 1744 581 201 930 1000 271 1047 581 1288 1419 641|0.001 0.09316611635492356 -0.004698290748258449 -0.036252227779242086
581 1000 1744 581 271 467 1000 1047 201 883 930 1419 1036 338|0.001 0.06070407891668239 0.013194249381218714 -0.034596371016295535
573 533 333 573 573 506 600 333 268 116 156 629 814 739|0.001 -0.005249179964863515 0.06328552716644564 -0.014048142280174147
1801 467 1720 3000 1600 347 1000 1720 1519 803 1720 1783 1887 2014|0.001 -0.0020328786312706626 0.09404537768819665 -0.022901890485982346
1720 3000 1720 467 803 1720 1000 347 1519 1600 1801 2441 581 1766|0.001 0.23774836586855752 0.12994070341965536 0.11179356203149027
581 1047 271 581 1744 930 201 1000 1000 883 467 1157 1419 1097|0.001 0.06769659248838211 0.285193960169714 0.13935218253535941
743 1720 2143 3687 3860 3256 3687 2143 3429 3687 6429 1246 4264 3458|0.001 0.18663738122874474 -0.0873631452257051 0.0011759694824409195
1246 581 432 1892 2143 2143 2243 2143 3737 1246 1993 724 2760 3041|0.001 0.2070346519776689 0.6176296106119339 0.004662566279367564
5196 4615 4383 2316 1346 2885 4963 2885 4963 8654 4963 5811 1677 5142|0.001 1.0207994557486155 0.01213358367509576 -0.004636860102170681
625 1875 1075 950 1126 1075 1075 217 292 625 502 1179 1009 1244|0.001 0.09767059824695723 0.1048332900002813 0.021195450856064113
3000 1720 1600 1801 1720 1720 1519 467 1000 803 347 3162 1990 2441|0.001 -0.002345736363987827 0.16987897295047016 0.016521842897028183
950 217 1126 625 1075 502 292 1875 1075 625 1075 1259 1976 1104|0.001 0.028283279652103754 0.058546487385289225 0.007347311812009316
2316 2885 1346 5196 4383 4963 4963 4615 4963 8654 2885 3183 4655 6393|0.001 0.807107072350397 0.011378415063150182 -0.015920413786694176
888 844 192 259 555 955 446 955 1666 955 555 896 990 1756|0.001 0.12881042416591715 0.7352700543978496 0.065491152978161
1075 1875 625 502 292 625 1075 592 1126 1000 848 1976 1042 1244|0.001 0.13914618064677198 0.0829902323069387 0.02483819122346187
1179 581 1993 1246 1690 2243 2143 2143 1993 1246 3737 2076 2479 3246|0.001 0.2174698923677143 -0.030159381514711647 0.01137975740500563
1720 1357 803 1600 3000 1600 947 1720 1000 1801 467 1990 3162 3162|0.001 0.013543910413220672 0.2245963899642689 0.01751212244279765
1744 581 930 271 581 1000 467 1047 930 789 550 1097 1157 1097|0.001 0.028159088896739792 0.16817435835069894 0.08657015146795288
3860 2143 3687 3429 2029 3429 6429 1720 2908 3687 2143 4264 2262 2466|0.001 0.2939346255105657 0.09744558366620693 -0.07007239379228092
502 592 292 1075 625 848 1126 1875 1075 1000 625 660 1179 1244|0.001 0.06423413802967515 0.04204107983082794 -0.0008397933231130139
333 533 573 333 573 268 156 533 452 316 600 1054 629 427|0.001 -0.01960371636614222 0.09987314956239057 -0.0001310630282003178
271 1047 581 1744 930 550 930 581 467 789 1000 1036 1838 613|0.001 0.10293150924745254 -0.014686513685255864 -0.02297829963669895
1600 1720 3000 1720 1801 1357 1000 467 947 803 1600 1887 1783 2606|0.001 0.024153242178999168 0.051908919183198954 -0.009433574133212996
1600 1720 3000 1720 803 467 1000 1357 947 1801 1600 1887 1282 1667|0.001 0.03821460888376871 0.05891750971371179 -0.0228250944491859
333 533 573 333 573 600 452 533 156 316 268 1054 629 594|0.001 0.02361740062354123 0.0323686930570144 -0.016936568403129737
789 467 581 1744 930 550 930 581 1047 271 1000 745 1838 669|0.001 -0.01286031327769166 0.09746681916745992 -0.017208847656735582
1246 2143 1690 1179 1993 3737 1993 581 2143 1246 2243 1597 1315 3939|0.001 0.19139548073950463 0.11297108462327454 0.15713419819813002
493 1690 848 1434 1903 1817 1056 1690 1056 3169 1817 1115 2753 1883|0.001 0.1809706031694125 0.12532025142602432 0.012736716497179223
1179 1327 698 592 1268 737 344 737 2210 1268 1179 1920 945 1390|0.001 0.056175999600911464 0.2208583198239067 0.07678521620394063
3429 1720 2029 3860 3687 2143 2908 2143 6429 3687 3429 3571 3820 4043|0.001 0.12804105755693573 0.19333724039515943 0.006192128028363886
555 955 259 526 888 1666 888 753 955 555 446 990 639 1756|0.001 0.14907034805481834 0.22801719962999734 0.10299618180152459
1434 1690 1903 493 848 1817 1056 1690 1056 3169 1817 1216 1761 1355|0.001 0.3452158916179271 0.04668226592934088 -0.07356495475761893
1720 467 1801 1600 3000 1600 947 1720 1000 803 1357 1990 3162 3162|0.001 0.02409809690023801 0.06288090868411977 0.029689920346256393
526 753 888 555 259 446 955 955 888 555 1666 1447 1105 925|0.001 0.10652093368203941 -0.06424653553247395 -0.057204322024545506
1075 1875 625 1126 848 625 1075 592 502 1000 292 1976 1629 1244|0.001 0.0768943170921732 0.06107623664650008 0.00822795977342805
1744 581 930 789 581 1000 1047 467 930 271 550 1097 1157 1097|0.001 0.07068731592336785 0.12857084749877234 -0.019020045619728698
592 737 1268 1179 698 1179 2210 1327 344 1268 737 1466 848 778|0.001 0.07975262126628024 0.0023035641263402518 -0.07026815080515281
1126 592 848 1075 625 292 502 1875 1075 1000 625 719 1179 1244|0.001 0.003046834699862444 0.08923839039058246 0.008988205136946092
573 533 333 573 573 268 268 333 506 222 452 629 814 739|0.001 -0.02258936064222561 0.07318279858389065 0.007260019327639533
581 1000 1744 581 789 883 1000 467 387 467 930 1419 745 730|0.001 -0.0019013476408935581 0.03995404421853754 0.011364075241702132
803 1357 1720 3000 1600 667 1000 1720 803 1519 1720 1282 1887 1308|0.001 0.07217864500696614 0.007727427319295099 -0.011698418440062586
930 581 1744 1000 467 467 1000 883 387 789 581 1838 1288 760|0.001 0.09011719062230306 0.04212184321084944 -0.05762935087372578
883 467 1000 1744 581 387 930 1000 789 467 581 1288 1419 1149|0.001 0.012945843441996008 0.06703895643247249 -0.030732846229829525
573 333 573 573 333 452 506 533 268 222 268 814 1054 427|0.001 0.019031236902553594 0.023932461704918584 -0.01996662998255405
1000 883 467 930 1744 581 387 581 1000 789 467 1027 1097 1419|0.001 0.11353702447349123 0.25150899371910285 0.03237615979191144
830 1000 1993 2143 1892 1690 1246 2143 1246 2143 3737 1629 2200 1563|0.001 0.04110702785309783 0.04969370791221284 0.02326666090718188
3000 1720 1600 803 1720 1720 803 1357 1000 1519 667 3162 1990 2441|0.001 0.022254814072832918 0.13894190163827425 0.09599292473788879
502 417 502 625 1075 950 848 1875 1075 625 1075 818 1976 1104|0.001 0.0676490587596712 -0.009917716294221002 -0.0196653150485937
1690 2143 1246 1993 830 1246 3737 1000 1892 2143 2143 2479 1629 2462|0.001 0.27407537781630076 0.03762270143862656 -0.1614326944170852
1720 3000 1720 1357 1519 1720 1000 667 803 1600 803 2441 1255 1766|0.001 0.30830653651385154 0.1155334163174282 -0.003618881451752376
491 1120 737 1268 592 592 1268 737 1179 1268 2210 925 1466 964|0.001 0.06547627239914977 -0.04307980326100691 -0.03820752448661202
1744 1000 581 883 1000 581 789 467 930 467 387 1419 1027 1838|0.001 0.046077018241146295 0.17133196728025935 0.00344431914867549
1357 667 1519 1720 1720 803 803 3000 1000 1600 1720 1977 2441 1990|0.001 0.14053066520160806 0.05459351363948928 0.005632605905108168
1204 2400 1204 2279 2036 1500 2581 1500 2581 4500 2581 1962 1883 1924|0.001 0.33457939827746586 0.10084830501610353 0.000786268123831313
1993 1000 830 1690 1246 2143 1892 2143 3737 2143 1246 1629 1597 3939|0.001 0.15092497569068497 0.3610631817846821 -0.019211076841481045
2279 1500 2036 1204 1204 2581 2581 2400 2581 4500 1500 2966 1962 3324|0.001 0.49209993278623854 0.009417302790599713 -0.02217071293031392
17317 15000 17317 14200 14200 24000 24000 1000 24808 15000 24808 17745 14235 37596|0.001 2.0978800178636114 0.0729604482788071 0.01351869918341242
14200 1000 14200 24808 24808 17317 17317 15000 24000 15000 24000 14235 25109 13544|0.001 0.523097803881174 0.053639079039580206 -0.009730935628576853
605 1000 40 572 967 967 572 698 605 698 40 1012 546 1141|0.001 0.07947778111148773 2.247928409081268 0.11673150465013382
24808 15000 24808 14200 14200 24000 24000 1000 17317 15000 17317 25109 14235 13544|0.001 2.4176169070477282 0.10983800490310447 -0.006954016588490708
14200 1000 14200 17317 17317 24808 24808 15000 24000 15000 24000 14235 17745 37596|0.001 1.4174016440794235 0.02955715919878532 0.007324743365615394
866 1000 58 820 1386 1386 820 1433 866 1433 58 1025 2171 1634|0.001 0.024854096214366184 1.5920355222805749 0.001855658726785947
1034 592 722 625 625 42 42 1000 1034 592 722 564 1179 1046|0.001 0.012232459635623805 0.09181743704893996 0.0016678639876155366
572 698 967 605 40 40 605 1000 572 698 967 1515 1012 574|0.001 0.09424667311762835 0.009211841502283491 -0.09023847116234829
625 1000 625 1034 722 722 1034 592 42 592 42 1179 1567 739|0.001 0.011772431209078338 0.06370892850051435 0.014322730909197556
722 592 1034 625 625 42 42 1000 722 592 1034 1567 1179 739|0.001 0.010257235904163053 0.0952504043982616 -0.0006567042509386667
820 1433 1386 866 58 58 866 1000 820 1433 1386 782 1025 822|0.001 0.09623351752533038 0.011108394765790841 -0.08902041411152029
625 1000 625 722 1034 1034 722 592 42 592 42 1179 564 1046|0.001 0.029163299447203528 0.08129310362264608 0.013559877100914886
625 1000 625 502 502 647 647 417 217 417 217 1179 818 547|0.001 0.03751936839885284 0.09718589007948752 -0.008493687456979648
830 1000 1993 1246 432 432 1246 1289 830 1289 1993 1629 1089 936|0.001 0.09716623751973907 -0.017373189831351166 -0.06401306421742747
1035 347 803 1600 1600 667 667 1000 1035 347 803 875 1887 1462|0.001 -0.008742202701629287 0.06473975383312958 0.004832751634529231
1600 1000 1600 803 1035 1035 803 347 667 347 667 1887 875 1462|0.001 0.0022261401369960687 0.08985811974021818 0.029266904493916446
432 1289 1246 1993 830 830 1993 1000 432 1289 1246 1089 1629 936|0.001 0.08606668794800099 -0.022777337353483418 -0.050038136465391236
502 417 502 625 625 217 217 1000 647 417 647 818 1179 547|0.001 -0.022393527216970632 0.10130444464380162 0.0028811705157893996
625 1000 625 647 647 502 502 417 217 417 217 1179 914 802|0.001 0.05714259981049574 0.08999211218149838 -0.032498993644041185
803 347 1035 1600 1600 667 667 1000 803 347 1035 1282 1887 1308|0.001 -0.01875240900213959 0.08096276107656175 -0.001921022554703944
644 1000 1546 966 335 335 966 776 644 776 1546 1413 1239 726|0.001 0.07661597164161149 -0.018069093394236235 -0.05225246603922873
1600 1000 1600 1035 803 803 1035 347 667 347 667 1887 1282 1308|0.001 0.012412877064793548 0.07429430867023301 0.02327821410094577
647 417 647 625 625 217 217 1000 502 417 502 914 1179 802|0.001 -0.009163330035758532 0.08898562666235676 0.002431446614992172
335 776 966 1546 644 644 1546 1000 335 776 966 1239 1413 726|0.001 0.08139671384862712 -0.01969536669886085 -0.04979764255594099
1246 1289 432 830 1993 1993 830 1000 1246 1289 432 1597 1629 2350|0.001 0.11872826498175337 0.32516202499015323 0.147931008567741
1204 2400 1204 520 520 1500 1500 1000 1553 2400 1553 1962 1127 1924|0.001 0.29934920936477205 0.06948565477835178 0.02786895949534074
1923 1000 1923 2316 2986 2986 2316 2885 4615 2885 4615 2168 3699 4218|0.001 0.20032502017110376 0.003044973817771801 -0.029262782165410117
1993 1000 830 432 1246 1246 432 1289 1993 1289 830 1629 1597 2350|0.001 0.08028049010714522 0.2639691009043488 0.22513230994453792
2986 2885 2316 1923 1923 4615 4615 1000 2986 2885 2316 3699 2168 4218|0.001 0.32102062999168623 0.027180333543075363 -0.03734546026603058
520 1000 520 1204 1204 1553 1553 2400 1500 2400 1500 1127 1962 1924|0.001 0.2596364768492654 0.046346957320759774 -0.0004834333559977644
966 776 335 644 1546 1546 644 1000 966 776 335 845 1413 1823|0.001 0.10054227087778811 0.35430580144487633 0.07391422518886914
1923 1000 1923 2986 2316 2316 2986 2885 4615 2885 4615 2168 2523 3774|0.001 0.24152084440012933 0.08563006994093403 -0.0021830633228359098
1553 2400 1553 520 520 1500 1500 1000 1204 2400 1204 2193 1127 1312|0.001 0.3530209002597773 0.08071381808740785 0.01007665647306144
1546 1000 644 335 966 966 335 776 1546 776 644 1413 845 1823|0.001 0.07889760469964813 0.3085154071781959 0.18047484160240046
2316 2885 2986 1923 1923 4615 4615 1000 2316 2885 2986 2523 2168 3774|0.001 0.26391659708352666 0.0935080731012472 0.019316657668648762
520 1000 520 1553 1553 1204 1204 2400 1500 2400 1500 1127 2193 1312|0.001 0.20073026368687685 0.21336985768133365 0.04802016257944297
1744 1000 581 467 1000 1289 602 883 930 681 201 1419 1027 1366|0.001 0.10580885085698322 0.34989881549576385 0.12345127480635654
1892 2143 2143 1246 432 1993 3737 1289 1459 2763 2143 2200 1089 1609|0.001 0.31876992236524737 0.06905701065977432 -0.20571615942386767
1035 347 803 1720 1720 1172 1519 3000 2218 1600 1720 875 2441 1510|0.001 0.154157606259957 0.022430572068137256 -0.012140928280178764
930 1289 1744 1000 883 681 1000 467 201 602 581 1366 1288 1027|0.001 0.019370498098139066 0.05218135250645073 -0.00969579784882657
467 883 1000 1744 581 201 930 1000 602 681 1289 1288 1419 508|0.001 0.08144700799999738 0.003871971986746381 -0.03228309931207929
581 1000 1744 1289 602 467 1000 681 201 883 930 1419 1498 745|0.001 0.05683241251957405 0.0190670611825694 -0.037412703253227875
573 533 739 573 573 506 391 333 268 116 345 1153 814 739|0.001 -0.021771310231133434 0.06339880860332547 0.001983263291087667
528 467 776 1353 721 156 451 776 685 362 776 1162 1559 582|0.001 0.0019836825636909694 0.08615614248018932 -0.022556444879230364
1720 3000 1720 1035 803 1720 2218 347 1519 1600 1172 2441 1282 1766|0.001 0.17565026223558933 0.07332123360813902 0.04334882440687693
1289 681 602 581 1744 930 201 1000 1000 883 467 878 1419 2010|0.001 0.0019235886588031548 0.2990548028361828 0.06661759907093057
335 776 966 1662 1132 1468 1662 2143 1546 1662 2898 1239 1459 1707|0.001 0.14014079186417394 -0.0696646941595247 -0.00676560509310864
1246 1289 432 1892 2143 2143 1459 2143 3737 2763 1993 1597 2760 3041|0.001 0.14615769684606317 0.3858462697539866 -0.0039296501841612486
3380 4615 4383 2316 2986 6398 4963 2885 4963 8654 4963 3726 3699 7436|0.001 0.8689323553436812 0.08524420837068503 -0.00830863812130933
1386 1875 1075 950 732 1075 1075 217 647 625 502 2161 1104 944|0.001 0.089504951678816 0.02920707233541986 -0.010072627942800949
1353 776 721 528 776 776 685 467 451 362 156 1059 681 1101|0.001 0.051331671433152426 0.10936811863390128 -0.01220156790691318
950 217 732 1386 1075 502 647 1875 1075 625 1075 807 1468 1104|0.001 0.032407966122918186 0.057681968337119915 0.005705267517124302
2316 2885 2986 3380 4383 4963 4963 4615 4963 8654 6398 2523 5097 6393|0.001 0.9013511568345023 0.09591300897783261 0.022721291299583335
1366 1297 296 883 1893 1468 685 1468 2560 1468 853 1508 2200 2005|0.001 0.11809812401825548 0.76529913434501 0.09372441665136844
644 1000 1546 966 920 1132 1662 2143 966 2143 2898 1413 1706 1666|0.001 0.05830440307968532 0.0433809043102662 0.02317729829034887
2218 952 1035 1600 3000 1000 667 1720 2218 1172 1035 1766 3162 2814|0.001 0.029434837053410323 0.2513952999168767 0.023685792847070175
1744 581 930 602 1289 1289 602 681 581 553 387 1097 878 1636|0.001 0.05714601438523648 0.14813810490417856 0.05598866496600241
1132 2143 1662 1546 644 966 2898 1000 920 2143 966 1459 1413 773|0.001 0.3006041303838658 0.10223927760650842 -0.12317443392900973
647 417 647 1075 625 595 732 1875 1386 625 1386 914 1179 1104|0.001 0.06410943365928734 0.0006527383596210967 -0.019023026660985876
333 533 573 739 739 345 345 333 317 222 391 1054 938 613|0.001 -0.022406362291567117 0.09616843118848584 -0.0038815825526994363
602 681 1289 1744 930 387 581 581 602 553 1289 1498 1838 850|0.001 0.07941206864929384 0.006301262131727103 -0.0038389486356738
451 1000 1353 776 528 429 451 467 301 467 721 1269 1162 777|0.001 -0.012366645583196112 0.04181679315324649 0.025402614559262293
1600 1720 3000 2218 1035 1035 2218 952 667 1172 1000 1887 1838 1462|0.001 0.061166299077826114 0.05421154326291422 -0.03808171342811972
739 333 739 333 573 391 317 533 345 222 345 938 629 859|0.001 0.02700884945460169 0.018975071020033152 -0.02645730004545932
429 467 451 1353 451 301 721 1000 528 467 776 829 1269 361|0.001 -0.0024924823185779044 0.07428232083950048 -0.020731281246016975
1553 2400 1553 1428 1757 2581 1500 1500 3327 4500 3327 2193 2586 3867|0.001 0.5529190908570913 0.03843277775361198 -0.016382467827503744
1546 1000 644 1132 1662 966 920 2143 2898 2143 966 1413 2490 1823|0.001 0.17971583642311995 0.44302147224281274 0.015906664391636127
1428 1500 1757 1553 1553 3327 3327 2400 1500 4500 2581 1199 2193 2757|0.001 0.4575693698178873 0.09919775976628964 0.00012494644310745429
569 812 853 1893 883 883 1893 1468 1366 853 2560 1472 1289 1248|0.001 0.07639214207032285 -0.0923133385053132 -0.049085926826196724
2218 3000 2218 1172 952 1000 1720 667 1035 1600 1035 2814 1724 1766|0.001 0.23044549441712414 0.06707927716728568 0.02639297824029274
1353 1000 451 429 451 776 528 467 721 467 301 1269 796 851|0.001 0.08100110770943303 0.22742482856236146 -0.036305121389851314
1172 667 952 2218 2218 1035 1035 3000 1720 1600 1000 800 2814 1510|0.001 0.11306850887828013 0.09490418968841174 0.009798599135644182
520 1000 520 2036 2279 1757 1428 1500 2400 1500 2400 1127 2966 1938|0.001 0.05730552008600176 0.16144433819244686 0.021047373248666013
2746 4615 3915 1923 1923 2885 2885 1000 3380 4615 4383 3163 2168 4974|0.001 0.6735162007535345 0.08471830078012221 -0.033752673742050154
1923 1000 1923 4383 3380 2746 3915 4615 2885 4615 2885 2168 3726 2307|0.001 0.2927347463680907 0.031097948700413713 -0.015841251096475606
1053 771 228 439 658 658 439 893 1053 626 228 850 826 1242|0.001 0.027601792235942835 0.4876328261937468 0.03396715373615411
520 1000 520 1757 1428 2036 2279 1500 2400 1500 2400 1127 1199 2444|0.001 0.04931020901287386 0.24966204716296847 0.02963162533484498
4383 4615 3380 1923 1923 2885 2885 1000 3915 4615 2746 5097 2168 3620|0.001 0.5854062267798299 0.14338522566475387 0.037790215812869565
1923 1000 1923 2746 3915 4383 3380 4615 2885 4615 2885 2168 4701 5703|0.001 0.15598442709385152 0.13312384362038632 0.017521495231289652
1681 1426 364 700 1051 1051 700 1231 1681 1596 364 1712 1811 1982|0.001 0.09196092450554083 0.524588568715878 0.07828312285252048
1519 667 1357 1600 1600 347 347 1000 1172 667 952 1255 1887 1767|0.001 0.04542783633158187 0.06872215973183993 0.004174082283860958
625 1000 625 848 595 732 950 217 417 217 417 1179 1018 500|0.001 0.03144211484057635 0.0595832064521562 -0.012555039124637624
439 893 658 1053 228 228 1053 771 439 626 658 1301 1163 495|0.001 0.08850582195875534 0.02882747984550127 -0.0732502468063656
1600 1000 1600 1519 1357 952 1172 667 347 667 347 1887 1977 1630|0.001 0.04087846081546109 0.07612723749345962 0.03500279494931702
625 1000 625 732 950 848 595 217 417 217 417 1179 807 1236|0.001 0.00956648450975095 0.08864696666016192 0.006347380271631842
952 667 1172 1600 1600 347 347 1000 1357 667 1519 1724 1887 1096|0.001 0.03264277314580788 0.08998767108751249 0.0028801520819277115
700 1231 1051 1681 364 364 1681 1426 700 1596 1051 840 1152 789|0.001 0.09530957215519331 0.023174980817157742 -0.07444047358810657
1600 1000 1600 952 1172 1519 1357 667 347 667 347 1887 800 1292|0.001 0.0523442732612911 0.052513248467345175 0.010049682276767058
573 533 333 739 739 345 345 333 391 222 317 629 938 859|0.001 -0.030065558249122715 0.09350850179018044 -0.0033913002599761377
451 1000 1353 451 429 528 776 467 301 467 721 1269 829 361|0.001 -0.0011346649084797988 0.040372344213093214 0.012917665021747737
1035 952 2218 3000 1600 667 1000 1720 1035 1172 2218 1838 1887 1462|0.001 0.07415249257757495 -0.0010274187610670449 -0.01328699905115971
930 581 1744 1289 602 602 1289 681 387 553 581 1838 1498 850|0.001 0.09072665679586311 0.016014908378727544 -0.04597091189210145
528 467 776 1353 451 301 721 1000 429 467 451 1162 1269 777|0.001 0.026796427544983903 0.047798751288088415 -0.038094343615889814
739 333 739 573 333 317 391 533 345 222 345 938 1054 613|0.001 -0.0029562345546929603 0.040700749827413674 -0.003672181472537117
1289 681 602 930 1744 581 387 581 1289 553 602 878 1097 1636|0.001 0.06410766278681868 0.25266589368594383 0.027705872038044088
644 1000 1546 1662 1132 920 966 2143 966 2143 2898 1413 1459 773|0.001 0.10070615570803243 0.010203614681341122 0.013768044771482746
3000 1720 1600 1035 2218 2218 1035 952 1000 1172 667 3162 1766 2814|0.001 0.10583317762484334 0.1001813666456064 0.1371037049666235
647 417 647 625 1075 732 595 1875 1386 625 1386 914 1976 944|0.001 0.0818708979075633 -0.02384800203115489 -0.02182325453406686
920 2143 966 1546 644 966 2898 1000 1132 2143 1662 1706 1413 1666|0.001 0.2588756989141472 0.0989933621700878 -0.10264725517390216
2218 3000 2218 952 1172 1720 1000 667 1035 1600 1035 2814 800 1510|0.001 0.3253709062981569 0.09894408730287019 -0.019279537223412246
700 1231 1051 2330 1087 1087 2330 1051 1681 1807 3152 840 1856 1536|0.001 0.08093607416238768 -0.031672395470037085 -0.029713939073253703
1353 1000 451 528 776 451 429 467 721 467 301 1269 681 1426|0.001 0.030365349508207906 0.23897971875746826 0.015040715670493476
952 667 1172 2218 2218 1035 1035 3000 1000 1600 1720 1724 2814 1766|0.001 0.02421228522083041 0.1269916184616693 0.00852718764244198
1553 2400 1553 1757 1428 1500 2581 1500 3327 4500 3327 2193 1199 2757|0.001 0.3744079708225123 0.07379041943547326 -0.0036234150297909107
1546 1000 644 920 966 1662 1132 2143 2898 2143 966 1413 1776 3055|0.001 0.09901251543932732 0.23342789500073735 -0.011215447048149585
1757 1500 1428 1553 1553 3327 3327 2400 2581 4500 1500 2586 2193 3867|0.001 0.23305533248836552 0.07872237570972551 0.010832885099369971
1744 1000 581 602 1289 1000 467 681 930 883 201 1419 878 2010|0.001 0.025505466914332864 0.29322465446995905 0.10412451047769666
1132 2143 1662 966 335 1546 2898 776 1468 1662 1662 1459 1239 1707|0.001 0.22968721404301062 0.018914889979655403 -0.20105731977106966
803 347 1035 1720 1720 1519 1172 3000 1720 1600 2218 1282 2441 1766|0.001 0.13956807234080548 0.016136890202229637 -0.005589085423366447
721 776 1353 776 528 685 776 467 156 362 451 1559 1162 582|0.001 -0.010353365551796223 0.05696664621779313 0.026261449699587214
602 681 1289 1744 581 201 930 1000 467 883 1000 1498 1419 745|0.001 0.09084000428515537 -0.005020023700267329 -0.04005376200337363
581 1000 1744 1000 467 602 1289 883 201 681 930 1419 1288 508|0.001 0.06356450139194392 0.011019986839084783 -0.03648632113109396
739 533 573 573 573 391 506 333 345 116 268 783 814 859|0.001 -0.0033958744946971375 0.05134907773201469 -0.010215099395061156
883 467 1000 1744 930 201 581 1289 681 602 1000 1288 1366 1027|0.001 -0.008917784964767028 0.09093671733673592 -0.01687616812981574
1720 3000 1720 803 1035 2218 1720 347 1172 1600 1519 2441 875 1510|0.001 0.24123147032841796 0.15928396260613598 0.12099930590383279
1000 883 467 581 1744 930 201 1000 1289 681 602 1027 1419 1366|0.001 -0.004659168093789079 0.3216099978767484 0.0685946140668503
432 1289 1246 2143 1892 1459 2143 2143 1993 2763 3737 1089 2200 1609|0.001 0.0904422549997097 -0.002565344509394274 0.0088002767190698
966 776 335 1132 1662 1662 1468 2143 2898 1662 1546 845 2490 2358|0.001 0.18192555560506252 0.49011780796696547 -0.005279811473152263
4383 4615 3380 2986 2316 4963 6398 2885 4963 8654 4963 5097 2523 6393|0.001 0.6418812055208623 -0.0013184047843872726 -0.10911483539582711
1075 1875 1386 732 950 1075 1075 217 502 625 647 1468 807 1104|0.001 0.12370597975699171 0.04118991605840172 -0.019307528677161567
1744 1289 930 883 1000 1000 681 467 581 602 201 2010 1027 1419|0.001 0.07679883762212292 0.1456748831023158 -0.03280757341105778
732 217 950 1075 1386 647 502 1875 1075 625 1075 1104 2161 944|0.001 0.03268648929124485 0.05806968893011133 0.00699388428752723
2986 2885 2316 4383 3380 4963 4963 4615 6398 8654 4963 3699 3726 7436|0.001 0.5095436029000511 0.03058166949204466 -0.01086442857548775
1053 771 228 528 1132 1460 681 1132 1974 1132 658 850 1459 2276|0.001 0.1578434629677905 0.6759543534069068 0.06371312738014723
830 1000 1993 1246 1690 1892 2143 2143 1246 2143 3737 1629 2479 2462|0.001 0.07265641513184429 0.009755517983456308 0.013634026002113941
1720 1357 803 1600 3000 1000 667 1720 1720 1519 803 1990 3162 2441|0.001 0.01731651459585759 0.25999505495162945 0.034327876656536915
1744 581 930 467 1000 1000 467 883 581 789 387 1097 1027 1419|0.001 0.04162112501286064 0.19252669928815802 0.05681927945978549
1892 2143 2143 1993 830 1246 3737 1000 1690 2143 1246 2200 1629 1563|0.001 0.26417415699483193 0.05121127789555313 -0.14001034560610082
502 417 502 1075 625 848 950 1875 1075 625 1075 818 1179 1244|0.001 0.08142235511365836 -0.0274599753161342 -0.026326977143189545
333 533 573 573 573 268 268 333 452 222 506 1054 814 427|0.001 -0.0409412345381277 0.1072858628042983 -0.0021768743337136076
467 883 1000 1744 930 387 581 581 467 789 1000 1288 1838 760|0.001 0.09693756296031752 -0.018590658929369397 -0.010117843895651735
581 1000 1744 1000 883 789 581 467 387 467 930 1419 1288 1149|0.001 -0.007450812550069408 0.03638155873423532 0.0212332683323746
1600 1720 3000 1720 803 803 1720 1357 667 1519 1000 1887 1282 1308|0.001 0.05540862273884173 0.049319325967080996 -0.03805742939686385
573 333 573 333 573 506 452 533 268 222 268 814 629 739|0.001 0.00013594600440036686 0.053313314816012536 -0.017362964083910137
789 467 581 1744 581 387 930 1000 883 467 1000 745 1419 730|0.001 0.023150086875396436 0.0540065407598056 -0.036713208970914346
1204 2400 1204 2036 2279 2581 1500 1500 2581 4500 2581 1962 2966 3324|0.001 0.528114329501328 0.06971287748926747 0.011474591941635914
1993 1000 830 1892 2143 1246 1690 2143 3737 2143 1246 1629 2760 2350|0.001 0.19797733273560159 0.46757656681721826 0.010917441630953206
2036 1500 2279 1204 1204 2581 2581 2400 1500 4500 2581 1883 1962 1924|0.001 0.23159496237121768 0.052607059249165644 -0.006095679969039258
439 893 658 1132 528 528 1132 1132 1053 658 1974 1301 1163 861|0.001 0.09980535427736692 -0.10757205998351393 -0.04742039265357767
1720 3000 1720 1519 1357 1000 1720 667 803 1600 803 2441 1977 1990|0.001 0.20686687509390955 0.0677788638041732 0.015592180929229205
1744 1000 581 789 581 1000 883 467 930 467 387 1419 1157 1097|0.001 0.04749221563864925 0.3249619987270358 -0.018869516336830205
1519 667 1357 1720 1720 803 803 3000 1720 1600 1000 1255 2441 1766|0.001 0.1274724146027939 0.09611653757604754 0.01552094344470012
520 1000 520 1428 1757 2279 2036 1500 2400 1500 2400 1127 2586 2650|0.001 0.07805478946168343 0.11466671627419656 0.013704129805351961
3915 4615 2746 1923 1923 2885 2885 1000 4383 4615 3380 4701 2168 5703|0.001 0.5941693513680635 0.00996461675510485 -0.04236344715806695
1923 1000 1923 3380 4383 3915 2746 4615 2885 4615 2885 2168 5097 3620|0.001 0.34985584690429894 0.013934586500634616 -0.011905426086734616
1366 1297 296 569 853 853 569 812 1366 1158 296 1508 683 1610|0.001 0.096211177351333 0.5887285864733349 0.0694311184824925
520 1000 520 2279 2036 1428 1757 1500 2400 1500 2400 1127 1883 1645|0.001 0.048760283905406876 0.13922696423918968 0.011610078334944873
3380 4615 4383 1923 1923 2885 2885 1000 2746 4615 3915 3726 2168 2307|0.001 0.6148602027291061 0.08589465137357255 -0.020868780490982397
1923 1000 1923 3915 2746 3380 4383 4615 2885 4615 2885 2168 3163 4974|0.001 0.25174032803853885 0.09263813836323909 -0.00964502438792536
1179 701 255 491 737 737 491 1120 1179 863 255 808 1457 1390|0.001 0.1299374296468181 0.68451129544016 0.045953678336407844
1172 667 952 1600 1600 347 347 1000 1519 667 1357 800 1887 1292|0.001 0.027981841252979756 0.0944521815722954 -0.00014123302342294863
625 1000 625 595 848 950 732 217 417 217 417 1179 685 784|0.001 0.027092680893963106 0.04936719170980153 -0.01328870912818303
569 812 853 1366 296 296 1366 1297 569 1158 853 1472 1102 641|0.001 0.09308521097554756 0.022301132703106408 -0.06751698597961764
1600 1000 1600 1172 952 1357 1519 667 347 667 347 1887 1724 1096|0.001 0.024198700168649445 0.07952908187287333 0.031409563469981805
625 1000 625 950 732 595 848 217 417 217 417 1179 1104 1078|0.001 0.06578340108334801 0.0493177305544279 -0.04516314716588754
1357 667 1519 1600 1600 347 347 1000 952 667 1172 1977 1887 1630|0.001 0.01263880989616828 0.10220879039738895 0.007164038209803714
491 1120 737 1179 255 255 1179 701 491 863 737 925 1201 554|0.001 0.09282019671930097 0.024398420100626428 -0.06846959221250115
1600 1000 1600 1357 1519 1172 952 667 347 667 347 1887 1255 1767|0.001 -0.0001812413488988529 0.08721407257682223 0.046916180513665307
573 533 333 573 573 306 306 333 505 178 427 629 814 767|0.001 -0.039687305921252136 0.08661762200110612 0.012157246151951462
581 1000 1744 581 745 881 1000 533 310 533 930 1419 789 695|0.001 -0.011731572774534849 0.04138767650372355 0.0176193591276963
918 1282 1720 3000 1600 533 1000 1720 918 1516 1720 1357 1887 1302|0.001 0.1036472820037293 -0.00996513983737568 -0.019235271111781582
930 581 1744 1000 533 533 1000 881 310 745 581 1838 1338 757|0.001 0.08889207000274402 0.011653093378454216 -0.04983376252158833
881 533 1000 1744 581 310 930 1000 745 533 581 1338 1419 1099|0.001 0.006150952602839155 0.0928326185493833 -0.02869217128833923
573 333 573 573 333 427 505 533 306 178 306 814 1054 452|0.001 0.006521911673262881 0.04007025572649647 -0.015633869522388988
625 1875 1075 573 573 1075 1075 333 802 625 947 1179 814 1244|0.001 0.07041077034925847 0.059952021555615964 0.0451354233085155
1000 881 533 930 1744 581 310 581 1000 745 533 1027 1097 1419|0.001 0.061262056354924876 0.20295031859136392 0.030839437113046042
581 1000 1744 1875 1652 1398 1090 1875 1090 1875 3269 1419 1925 1304|0.001 0.05032588612178035 0.04279242129151761 0.0303925212565459
3000 1720 1600 918 1720 1720 918 1282 1000 1516 533 3162 1990 2441|0.001 0.08785358934162435 0.17870379536107706 0.07536416296496151
573 333 573 625 1075 947 802 1875 1075 625 1075 814 1976 1104|0.001 0.07673384574262698 -0.012162614121838944 -0.019522918797462152
1398 1875 1090 1744 581 1090 3269 1000 1652 1875 1875 2169 1419 2061|0.001 0.20694702501835582 0.06654411650910852 -0.1134855860381001
1720 3000 1720 1282 1516 1720 1000 533 918 1600 918 2441 1196 1766|0.001 0.26427112709246137 0.01729257022512254 -0.0218589329464125
416 1182 780 1342 716 716 1342 780 1248 1342 2339 933 1552 1015|0.001 0.08154136242719101 -0.07548478567025452 -0.04462059105723393
1744 1000 581 881 1000 581 745 533 930 533 310 1419 1027 1838|0.001 0.016023316465061388 0.19174022194648588 0.016861536834122948
1282 533 1516 1720 1720 918 918 3000 1000 1600 1720 1892 2441 1990|0.001 0.09798104699108245 0.10560599480038402 0.02073756049502773
660 846 352 605 1135 1135 605 1135 1979 660 1055 789 1518 1610|0.001 0.10597751168251124 0.3199510918096937 0.05082390017358884
1720 3000 1720 2842 2405 1875 3226 1875 3226 5625 3226 2441 2243 2545|0.001 0.4878652168927844 0.10008999368097182 -0.01290850240451169
1744 1000 581 1398 1090 1875 1652 1875 3269 1875 1090 1419 1479 3446|0.001 0.03405971271753572 0.3872039557311835 0.010271887518442657
2842 1875 2405 1720 1720 3226 3226 3000 3226 5625 1875 3547 2441 4315|0.001 0.68284403532064 -0.010401767590599853 -0.07761269413477656
1744 1000 581 533 1000 1000 533 881 1744 881 581 1419 1027 2010|0.001 0.04978142855072365 0.2455078555092438 0.04579849936088953
1652 1875 1875 1090 1090 3269 3269 1000 1652 1875 1875 1925 1479 2508|0.001 0.23428183774567346 0.06459934819845525 -0.049187928062238706
918 1000 918 1720 1720 1516 1516 3000 1720 3000 1720 1357 2441 1766|0.001 0.21720742996095055 0.10653362230460761 0.006702638658586668
573 333 573 573 573 306 306 1000 505 333 505 814 1153 767|0.001 -0.006397443964901717 0.0675376807085093 -0.0033042108252778757
1744 1000 1744 1000 881 881 1000 533 581 533 581 2010 1338 1338|0.001 0.025175831699544293 0.06977446819367294 0.012908351142120189
533 881 1000 1744 581 581 1744 1000 533 881 1000 1338 1419 789|0.001 0.08811784783949506 -0.0062348396818678875 -0.05826265639968464
581 1000 1744 1000 533 533 1000 881 581 881 1744 1419 1338 789|0.001 0.05213768759243953 0.0058316913933476044 -0.029344144643096426
573 1000 573 573 573 505 505 333 306 333 306 1153 814 767|0.001 0.04208951635793268 0.042760992015422605 -0.00778622031373466
881 533 1000 1744 1744 581 581 1000 881 533 1000 1338 2010 1338|0.001 -0.027112042341351783 0.0994706256286193 -0.006483242725006111
1720 3000 1720 918 918 1720 1720 1000 1516 3000 1516 2441 1357 1766|0.001 0.2499182016267798 0.02880873050002508 -0.013213877237637783
1000 881 533 581 1744 1744 581 1000 1000 881 533 1027 1419 2010|0.001 0.08779846039920436 0.24810799279596507 0.24761413097339702
1090 1000 1090 1875 1652 1652 1875 1875 3269 1875 3269 1479 1925 2508|0.001 0.12677841827051228 0.15187183266855753 0.024392214342709995
1090 1000 1090 1652 1875 1875 1652 1875 3269 1875 3269 1479 2508 2661|0.001 0.15699050828895889 0.005518490196561032 -0.03300098162520415
1135 1135 605 660 1979 1979 660 1000 1135 1135 605 1518 1518 2281|0.001 0.0596127027824811 0.21970634167534975 0.1864020154470314
1516 3000 1516 918 918 1720 1720 1000 1720 3000 1720 2302 1357 2301|0.001 0.30699361552769533 0.11196257086389716 0.010825773199214517
1000 533 881 1744 1744 581 581 1000 1000 533 881 1027 2010 1419|0.001 -0.03083327825542659 0.12715685084409678 0.005755075378364172
573 1000 573 505 505 573 573 333 306 333 306 1153 767 589|0.001 0.06393636629652422 0.031123226090994383 -0.021288599071159764
660 1000 1979 1135 605 605 1135 1135 660 1135 1979 1518 1165 895|0.001 0.05173545377007649 0.005408870118179809 -0.028407577105844517
1744 1000 1744 881 1000 1000 881 533 581 533 581 2010 1027 1419|0.001 -0.0013746382079449226 0.10477984273615792 0.018811566119785184
505 333 505 573 573 306 306 1000 573 333 573 767 1153 589|0.001 -0.0034151933870163464 0.06425441714844382 -0.0004556320010862258
605 1135 1135 1979 660 660 1979 1000 605 1135 1135 1165 1518 895|0.001 0.0895790993653578 -0.0022537936599320574 -0.06266772725497027
1875 1875 1652 1090 1090 3269 3269 1000 1875 1875 1652 2508 1479 2661|0.001 0.21900762282565545 0.061430634022912045 -0.07004891792573686
918 1000 918 1516 1516 1720 1720 3000 1720 3000 1720 1357 2302 2301|0.001 0.2791440252520627 0.07024746842569707 0.013925614940644149
1979 1000 660 605 1135 1135 605 1135 1979 1135 660 1518 1518 2281|0.001 0.11017885862789845 0.34159111345284154 0.031226667278099196
1875 1000 1875 2405 2842 2842 2405 1875 5625 1875 5625 2125 3547 4316|0.001 0.10769083198397533 0.04021622865884256 -0.013790102193964593
780 1182 416 780 2339 2339 780 1000 780 1182 416 1475 1681 2466|0.001 0.06829241382043882 0.2644007071247634 0.18566320563164762
1282 3000 1282 533 533 1000 1000 1000 1516 3000 1516 2155 1133 1892|0.001 0.32203702876866247 0.03722910015189873 -0.05707305109921901
533 1000 533 1516 1516 1282 1282 3000 1000 3000 1000 1133 2302 1196|0.001 0.2726716101327953 -0.009765160022644492 -0.022011139968614035
1979 1000 660 352 660 660 352 846 1979 846 660 1518 789 2086|0.001 0.10594019554706513 0.3751864517266501 0.01762225143983276
2405 1875 2842 1875 1875 5625 5625 1000 2405 1875 2842 2243 2125 4041|0.001 0.2702770802486487 0.05306681876765307 -0.034642573990082415
1875 1000 1875 2842 2405 2405 2842 1875 5625 1875 5625 2125 2243 4041|0.001 0.15994565126000282 0.10173213312459684 0.0017990085502805897
1516 3000 1516 533 533 1000 1000 1000 1282 3000 1282 2302 1133 1196|0.001 0.39050688471270467 0.05448015028578501 0.0074400980389199844
660 846 352 660 1979 1979 660 1000 660 846 352 789 1518 2086|0.001 0.06673262043288553 0.2264014975358397 0.19458564092975417
533 1000 533 1282 1282 1516 1516 3000 1000 3000 1000 1133 2155 1892|0.001 0.19577324042349575 0.09762803460262592 0.017779428489794746
2842 1875 2405 1875 1875 5625 5625 1000 2842 1875 2405 3547 2125 4316|0.001 0.2798596600958958 0.06796842198313335 -0.039180511727450185
2339 1000 780 416 780 780 416 1182 2339 1182 780 1681 1475 2466|0.001 0.028560266976940252 0.17303875900231747 0.052815182649423864
780 1000 2339 780 416 416 780 1182 780 1182 2339 1681 933 884|0.001 0.04082644371040223 0.013410975316263674 -0.022741653538627116
1516 533 1282 3000 3000 1000 1000 1000 1516 533 1282 1196 3162 2302|0.001 -0.022100375233139458 0.0919006019973212 0.008323707155115656
333 1000 333 427 427 505 505 333 178 333 178 1054 718 399|0.001 0.03493132349302819 0.04847437009992017 0.004992579978986278
352 846 660 1979 660 660 1979 1000 352 846 660 1248 1518 748|0.001 0.09505552001601858 0.003024071919550675 -0.05745519886517503
505 333 505 333 333 178 178 1000 427 333 427 767 1054 631|0.001 0.0063745780814272734 0.051157384504456616 0.004801073416338397
3000 1000 3000 1516 1282 1282 1516 533 1000 533 1000 3162 1892 2155|0.001 0.11666665345640759 0.035717179976002544 -0.044411580408784124
660 1000 1979 660 352 352 660 846 660 846 1979 1518 1248 748|0.001 0.04352246097637513 0.009068452609550803 -0.025707739829453624
333 1000 333 505 505 427 427 333 178 333 178 1054 767 631|0.001 0.030035753665644815 0.09934837937235264 0.0006480200322145357
1282 533 1516 3000 3000 1000 1000 1000 1282 533 1516 1892 3162 2155|0.001 -0.01042725359154284 0.09247884328869027 -0.0007713157175137653
416 1182 780 2339 780 780 2339 1000 416 1182 780 933 1681 884|0.001 0.1110290740509079 -0.03525622753705271 -0.08128156602977943
427 333 427 333 333 178 178 1000 505 333 505 718 1054 399|0.001 0.0019344911542718002 0.05440664064878975 0.003827106009246517
3000 1000 3000 1282 1516 1516 1282 533 1000 533 1000 3162 1196 2302|0.001 0.017215876600971125 0.0528090653279345 0.017318945237589922
1075 1875 625 647 502 1075 1386 592 950 1000 595 1976 1119 1104|0.001 0.121498002197018 0.042799446490286996 0.01465493068122603
915 776 1546 966 920 1468 1662 2143 1546 1662 2898 1729 1706 2338|0.001 0.07211083294676124 0.08280784260353835 0.02712167171659674
2218 952 1035 1600 3000 1600 947 1720 1720 1519 803 1766 3162 3458|0.001 -0.0037977914608144925 0.2632715164579058 0.05924440049771107
1744 581 930 467 1000 1289 602 883 930 553 550 1097 1027 1366|0.001 0.07338742188963687 0.18933105597226163 0.09743867095429293
1892 2143 2143 1993 1179 1993 3737 1289 1186 2763 1246 2200 1546 776|0.001 0.2554469050557895 -0.0025474615822052016 -0.16565854457817109
647 592 502 1075 625 595 950 1875 1386 1000 1075 776 1179 1104|0.001 0.09677336589201557 0.04006513365648834 0.005109400210172588
333 533 573 573 739 345 268 533 317 316 506 1054 783 613|0.001 -0.02365227854449148 0.08845525982265068 0.005606377432909593
467 883 1000 1744 930 550 930 581 602 553 1289 1288 1838 721|0.001 0.08317523390514614 -0.00415699769547917 -0.029425224478125678
930 1289 1744 1000 883 553 581 467 550 602 930 1366 1288 1406|0.001 0.03400077091171294 0.019894642874855872 0.018943740314480983
1600 1720 3000 2218 1035 803 1720 952 947 1519 1600 1887 1838 1790|0.001 0.10972843014480205 0.006011482282308744 -0.06372422044958137
573 533 739 333 573 506 317 533 268 316 345 1153 629 739|0.001 0.03710413887039188 0.02087434712395586 -0.024496610379498573
429 467 451 1353 721 427 721 776 685 362 776 829 1559 281|0.001 -0.011796813359505887 0.0876813744255256 -0.005951171733434846
966 2143 920 915 1546 2898 1546 776 1662 1662 1468 1776 1199 3055|0.001 0.22389158929948527 0.1139784286941703 0.19878269051230024
848 1690 1093 1006 1605 1817 1056 1690 1817 3169 2343 1311 2556 2341|0.001 0.2734481980087411 0.16406396307937499 0.030141220624855247
1681 1596 994 1087 2330 1807 843 1051 3152 1807 1681 2542 1931 2468|0.001 0.09531872904524397 0.24292366794848252 0.09747620765226062
1993 1289 1179 1892 2143 1246 1186 2143 3737 2763 1993 2230 2760 2350|0.001 0.018585870359071333 0.2384038114709841 0.025062309905585778
1132 1132 528 623 1053 1974 1053 626 1460 658 681 1459 410 2276|0.001 0.1467168528588747 0.19885292720708048 0.09528055807589642
1006 1690 1605 848 1093 2343 1817 1690 1056 3169 1817 659 1891 1942|0.001 0.4040762423716937 0.027206666485650732 -0.032353413220383986
1000 467 883 930 1744 930 550 1289 581 602 553 1027 2010 1838|0.001 0.025243739889357908 0.056981042855202 0.04058816421428579
623 626 1053 1132 528 681 1460 1132 1053 658 1974 1593 1163 1178|0.001 0.07575824992377189 -0.004756216325967344 -0.044130106174645745
1386 1875 1075 950 595 625 1075 592 647 1000 502 2161 1512 1104|0.001 0.1570029285250385 0.033987600794707085 0.003937520649055504
1353 776 721 429 451 776 685 467 721 362 427 1059 796 851|0.001 0.04739055621667987 0.13831611227587137 -0.009595845517715862
1087 1051 2330 1681 994 1681 3152 1596 843 1807 1807 1856 655 1304|0.001 0.0657430279586646 0.021475144717595374 -0.040039703575350805
950 592 595 1386 1075 502 647 1875 1075 1000 625 390 1468 1104|0.001 0.04761692145258012 0.08808785449780254 6.789706285648123e-05
573 533 333 573 333 178 306 533 594 284 427 629 1054 600|0.001 -0.010061736847764013 0.055977369049891035 0.0065395528596434715
930 581 1744 581 745 1036 1000 533 496 310 930 1838 789 652|0.001 0.04619868429779572 0.02264265918135333 -0.006313891983341646
918 1282 1720 3000 1600 853 1600 1720 533 1783 1000 1357 1887 1687|0.001 0.04307747620657887 0.03096527270436189 -0.01089070996545316
930 581 1744 581 310 533 1000 1036 496 745 930 1838 1047 585|0.001 0.08478086727387923 0.005514858999229322 -0.04793130772684062
1783 533 1720 3000 1600 853 1600 1720 1282 918 1000 1801 1887 2509|0.001 0.031852071148201766 0.053375120525567255 -0.027726765688366184
573 533 333 573 333 427 594 533 306 284 178 629 1054 452|0.001 0.031652232910741596 0.05013341970137919 -0.03466346175433843
625 1875 1075 333 573 1075 625 533 802 1000 1114 1179 629 1244|0.001 0.12046284802737617 0.06725216080160967 0.054234001928301634
581 1036 310 930 1744 930 496 581 1000 745 533 1157 1097 1097|0.001 0.03325814649780545 0.16238394876279427 0.02183177725591401
1600 1720 3000 3226 3342 2405 1875 1875 3000 3226 5625 1887 3731 2103|0.001 0.05829881690420091 0.06457718819019798 0.02161176407282417
3000 1720 1600 918 1720 1000 533 1282 1600 1783 853 3162 1990 3162|0.001 0.07856643742156111 0.18190475927508887 0.02216115845607325
333 533 573 625 1075 1114 802 1875 625 1000 1075 1054 1976 1244|0.001 0.08454650485089088 0.017346142911038864 -0.023926343827909147
1398 1875 1090 1744 930 1744 3269 581 1943 1090 1875 2169 1838 2734|0.001 0.27521519617875967 0.04781744134767729 -0.12878390953677266
581 533 745 930 1744 930 496 581 1000 310 1036 1157 1097 1097|0.001 0.0025049229627782665 0.09254170909427595 0.05282665298841582
625 1875 1075 802 1114 1075 625 533 333 1000 573 1179 701 1244|0.001 0.1043415458970176 0.043537760181822094 0.0029294581298011657
665 1390 1248 1342 716 416 780 780 1248 1342 2339 875 1552 785|0.001 0.05746241069700453 0.0011357459582206353 -0.028338337112271406
3000 1720 1600 1783 1720 1000 1282 533 1600 918 853 3162 1990 3162|0.001 0.037574915903579864 0.12338056254023844 0.007348434638703161
299 965 561 898 479 898 1683 719 515 561 965 1116 1407 946|0.001 0.10810126904122752 -0.015846916665566146 -0.1003412099162293
802 533 1114 625 1075 573 333 1875 625 1000 1075 1568 1976 1244|0.001 -0.024238913322920386 0.1245238845246166 -0.005845720991466408
898 719 479 299 561 965 515 965 1683 561 898 629 1010 1774|0.001 0.0379993975441173 0.2674999672945466 0.022473379100023116
1075 1875 625 2089 1503 1172 2016 1875 2016 3516 1172 1976 1314 1590|0.001 0.21100729115107075 0.10088103149113348 0.012308434707244409
1744 581 930 1398 1090 1875 1943 1875 3269 1090 1744 1097 1479 3446|0.001 0.09232242802341695 0.39378261097122946 0.052506272295251843
2089 1875 1503 1075 625 1172 2016 1875 2016 3516 1172 2940 1179 2111|0.001 0.24352981735138446 0.15736476143451972 0.08872480185580844
1172 1000 1172 1503 2089 2089 1503 1875 3516 1875 3516 1541 2940 2913|0.001 -0.003068744388424749 0.26880482864351407 0.04725997056679976
1248 1390 665 780 2339 2339 780 1000 1248 1390 665 1956 1681 2651|0.001 0.0734187755314264 0.22284509348885928 0.22373036511178945
1282 3000 1282 853 853 1600 1600 1000 1783 3000 1783 2155 1315 2509|0.001 0.3312204226838311 0.08822266743642837 0.004723036253639901
853 1000 853 1783 1783 1282 1282 3000 1600 3000 1600 1315 2486 1122|0.001 0.2664700649387908 0.07118175760598922 0.012007262014073206
1683 1000 561 479 898 898 479 719 1683 719 561 1394 629 1907|0.001 0.03607812577156366 0.3698806300154267 0.030592172695826925
1503 1875 2089 1172 1172 3516 3516 1000 1503 1875 2089 1314 1541 2526|0.001 0.2606447288880487 0.08395484733699554 -0.03913687861051618
1172 1000 1172 2089 1503 1503 2089 1875 3516 1875 3516 1541 1314 2526|0.001 0.16352457359185335 0.12585015182587478 0.024477448736455187
1783 3000 1783 853 853 1600 1600 1000 1282 3000 1282 2486 1315 1122|0.001 0.4104771000268115 0.13997312550893204 0.08230296111639168
898 719 479 561 1683 1683 561 1000 898 719 479 629 1394 1907|0.001 0.07961426650568759 0.2539567139286758 0.20260115349916008
853 1000 853 1282 1282 1783 1783 3000 1600 3000 1600 1315 2155 2509|0.001 0.26899431169142396 0.02267511608774475 -0.028432020696103066
2089 1875 1503 1172 1172 3516 3516 1000 2089 1875 1503 2940 1541 2913|0.001 0.26104642474470197 0.042884822441238146 -0.0237231971858054
2339 1000 780 665 1248 1248 665 1390 2339 1390 780 1681 1956 2651|0.001 0.021364459577675188 0.26694315058291673 0.055248016915701026
780 1000 2339 1248 665 665 1248 1390 780 1390 2339 1681 875 1025|0.001 0.05330731921726839 0.004706689238447304 -0.0284645149566487
1114 533 802 1875 1875 625 625 1000 1114 533 802 701 2125 1553|0.001 -0.020053390364167534 0.1187554081126474 0.004907174134463066
533 1000 533 427 427 594 594 333 284 333 284 1133 718 374|0.001 0.026050767335914493 0.05451914358945764 -0.011387009485360755
479 719 898 1683 561 561 1683 1000 479 719 898 1407 1394 737|0.001 0.09199603185745309 0.0007081876543346688 -0.06499114517881877
594 333 594 533 533 284 284 1000 427 333 427 829 1133 836|0.001 -0.0012293184181977335 0.05652975459964349 0.006045216296652889
1875 1000 1875 1114 802 802 1114 533 625 533 625 2125 1568 1347|0.001 0.07521804598275228 0.05600623688525985 -0.03166906686076776
561 1000 1683 898 479 479 898 719 561 719 1683 1394 1407 737|0.001 0.05998169395180941 -0.0008700849100395924 -0.026436352690671905
533 1000 533 594 594 427 427 333 284 333 284 1133 829 836|0.001 0.030883096462677173 0.04410858213008462 0.002141028692563829
802 533 1114 1875 1875 625 625 1000 802 533 1114 1568 2125 1347|0.001 -0.0011499058396935435 0.10016502401722693 0.005453027452508863
665 1390 1248 2339 780 780 2339 1000 665 1390 1248 875 1681 1025|0.001 0.0866522355012389 -0.023996618468526965 -0.06522012883374395
427 333 427 533 533 284 284 1000 594 333 594 718 1133 374|0.001 0.0023815497993062706 0.058728445074127666 0.0032624822599092163
1875 1000 1875 802 1114 1114 802 533 625 533 625 2125 701 1553|0.001 -0.009713725186866196 0.095445104146199 0.030338866744819004
1000 1000 1000 3000 3000 1600 1600 1000 1720 1000 1720 1414 3162 1887|0.001 0.06852377564263934 0.10426941906800824 -0.002402800608259925
333 1000 333 333 573 573 333 533 333 533 333 1054 629 663|0.001 0.014671311983041058 0.10838740108389144 0.02776254230814512
1600 1720 3000 1000 1000 1000 1000 1000 1600 1720 3000 1887 1414 1887|0.001 0.042428480194733886 0.04661852474501682 -0.005121275910491274
1000 1000 1000 3000 1600 1600 3000 1720 1000 1720 1000 1414 1887 1887|0.001 0.1067664941008517 0.01869319627139321 -0.057142601380225644
573 533 333 333 333 333 333 1000 573 533 333 629 1054 663|0.001 0.07741990119688014 0.010645564906355265 -0.022040216558728565
3000 1000 3000 1000 1000 1720 1720 1000 1600 1000 1600 3162 1414 1887|0.001 0.09677976787660914 0.03353229192561091 0.012535816470524708
1000 1000 1000 1600 1600 3000 3000 1000 1720 1000 1720 1414 1887 3162|0.001 0.06953074680499549 0.004784004366560346 -0.0545998779587209
3000 1720 1600 1000 1000 1000 1000 1000 3000 1720 1600 3162 1414 3162|0.001 0.07331414151370952 0.20053687594669078 0.02845378923742148
625 1000 625 625 1075 1075 625 1875 625 1875 625 1179 1976 1244|0.001 0.05121180159902705 0.12249310983720285 0.011931966343310396
1000 1000 1000 1600 3000 3000 1600 1720 1000 1720 1000 1414 3162 3162|0.001 0.0038274135586169322 0.1320644074437638 0.06783979410380114
1600 1000 1600 1000 1000 1720 1720 1000 3000 1000 3000 1887 1414 3162|0.001 0.05063463328636164 0.06307092518533786 -0.015345296889025528
1075 1875 625 625 625 625 625 1000 1075 1875 625 1976 1179 1244|0.001 0.213582824822931 0.10020694997121993 0.0064843700018291095
333 533 573 333 333 333 333 1000 333 533 573 1054 1054 471|0.001 -0.0065635778949268975 0.08101515708622165 -0.0010255962272676111
3000 1000 3000 1720 1720 1000 1000 1000 1600 1000 1600 3162 1990 3162|0.001 0.03075054328689042 0.05240063302842435 0.010083559603208947
581 1000 581 1744 930 930 1744 581 581 581 581 1157 1838 1097|0.001 0.07801215589331445 0.035345748454187476 -0.03946464364629865
333 1000 333 573 333 333 573 533 333 533 333 1054 1054 471|0.001 0.023026121831239976 0.0968124840246154 0.028939426372296406
930 581 1744 581 581 581 581 1000 930 581 1744 1838 1157 1097|0.001 0.06650726485076586 0.005489256102859663 0.006923097329021299
1720 1000 1720 3000 3000 1600 1600 1000 1000 1000 1000 1990 3162 3162|0.001 0.027534289356268005 0.09492668885013433 0.0038777892598185204
625 1875 1075 625 625 625 625 1000 625 1875 1075 1179 1179 884|0.001 0.1523128345086011 0.07327118907635155 0.008342491715087608
581 1000 581 930 1744 1744 930 581 581 581 581 1157 1097 1838|0.001 0.008372170679702418 0.11448872192733273 0.0653708143679399
1600 1000 1600 1720 1720 1000 1000 1000 3000 1000 3000 1887 1990 1887|0.001 0.02787141462967213 0.1425469665572776 0.0365581529899206
625 1000 625 1075 625 625 1075 1875 625 1875 625 1179 1179 884|0.001 0.14626535483049263 0.053878846583945705 0.008375968151117519
1744 581 930 581 581 581 581 1000 1744 581 930 1097 1157 1838|0.001 0.07791585013074087 0.22039208311674274 0.020013671449186088
1720 1000 1720 1600 1600 3000 3000 1000 1000 1000 1000 1990 1887 1887|0.001 0.0971078753681831 0.07722804069339118 -0.0027499099575534203
1000 1000 1000 1600 1600 1600 1600 1000 1000 1000 1000 1414 1887 1887|0.001 0.04441653573391324 0.11384875397371763 0.02471282252166862
625 1000 625 625 625 625 625 1000 625 1000 625 1179 1179 884|0.001 0.12015886888294691 0.037961872248948314 -0.024115931910992927
1600 1000 1600 1000 1000 1000 1000 1000 1600 1000 1600 1887 1414 1887|0.001 0.07986334407095841 0.01649952180669434 -0.004621657037988669
1000 1000 1000 1600 1600 1600 1600 1000 1000 1000 1000 1414 1887 1887|0.001 0.0002090029989476605 0.09922029838969726 0.012268033267732736
625 1000 625 625 625 625 625 1000 625 1000 625 1179 1179 884|0.001 -0.013276217193556317 0.15481168635447018 0.04077460811465761
1600 1000 1600 1000 1000 1000 1000 1000 1600 1000 1600 1887 1414 1887|0.001 0.13271942489962552 0.025478539963474933 -0.03748391168906573
1000 1000 1000 1600 1600 1600 1600 1000 1000 1000 1000 1414 1887 1887|0.001 0.04819446924837267 0.11057362676355043 0.018868141020349505
1600 1000 1600 1000 1000 1000 1000 1000 1600 1000 1600 1887 1414 1887|0.001 0.012201133862230762 0.08442186092774362 0.01291921453843603
625 1000 625 625 625 625 625 1000 625 1000 625 1179 1179 884|0.001 0.06176568294435025 0.1035882818860756 0.030127696524566705
1000 1000 1000 1600 1600 1600 1600 1000 1000 1000 1000 1414 1887 1887|0.001 0.0897460178506404 0.00969798902575647 -0.021697002988042557
1600 1000 1600 1000 1000 1000 1000 1000 1600 1000 1600 1887 1414 1887|0.001 0.08245866222056142 0.03706824873182191 -0.008203772096615491
625 1000 625 625 625 625 625 1000 625 1000 625 1179 1179 884|0.001 0.055030035083154516 0.09783702808302985 0.005672737249224902
625 1000 625 625 625 625 625 1000 625 1000 625 1179 1179 884|0.001 0.06829835539668982 0.09900970290396938 0.011391616755467293
1600 1000 1600 1000 1000 1000 1000 1000 1600 1000 1600 1887 1414 1887|0.001 0.01582964602744985 0.07811702178329494 0.006749753172721196
1000 1000 1000 1600 1600 1600 1600 1000 1000 1000 1000 1414 1887 1887|0.001 0.08857487875835846 0.09414203422458689 -0.011557982893107832
625 1000 625 625 625 625 625 1000 625 1000 625 1179 1179 884|0.001 0.08115366395885726 0.07738241650491862 -0.028501140138388337
1600 1000 1600 1000 1000 1000 1000 1000 1600 1000 1600 1887 1414 1887|0.001 -0.018566998170319593 0.14616047698073675 0.03782168936045771
1000 1000 1000 1600 1600 1600 1600 1000 1000 1000 1000 1414 1887 1887|0.001 0.05932795717777495 0.053505124294004336 -0.009464451279405095
625 1000 625 625 625 625 625 1000 625 1000 625 1179 1179 884|0.001 0.04978527977846925 0.0772019083782749 0.01305281628187327
1000 1000 1000 1600 1600 1600 1600 1000 1000 1000 1000 1414 1887 1887|0.001 0.03685198980150517 0.10864331568802621 0.02133318506944981
1600 1000 1600 1000 1000 1000 1000 1000 1600 1000 1600 1887 1414 1887|0.001 0.012479446032724884 0.11372116778188834 0.01781210209307771
625 1000 625 625 625 625 625 1000 625 1000 625 1179 1179 884|0.001 0.0612576368138007 0.11625581314724798 0.01696495893510619
1600 1000 1600 1000 1000 1000 1000 1000 1600 1000 1600 1887 1414 1887|0.001 0.048407009270150514 0.13004584056752977 0.039652367769029695
1000 1000 1000 1600 1600 1600 1600 1000 1000 1000 1000 1414 1887 1887|0.001 0.087901177407268 0.06957769506723777 0.0062398742163916054
573 533 333 573 333 156 268 533 600 316 452 629 1054 594|0.001 -0.02160830452848206 0.08996785423343923 0.003322756762613732
930 581 1744 581 789 1047 1000 467 550 271 930 1838 745 669|0.001 0.039961166751396604 0.02741202896813233 -0.0025825032550996774
803 1357 1720 3000 1600 947 1600 1720 467 1801 1000 1282 1887 1667|0.001 0.07077766094087723 0.008863587576399823 -0.020882515970550575
930 581 1744 581 271 467 1000 1047 550 789 930 1838 1036 613|0.001 0.08270138516470071 0.01471840085004228 -0.043428721484560784
1801 467 1720 3000 1600 947 1600 1720 1357 803 1000 1783 1887 2606|0.001 0.002967140959857506 0.08692163981199874 -0.02139882134210236
573 533 333 573 333 452 600 533 268 316 156 629 1054 427|0.001 0.004847860824181982 0.0454687325193337 0.0016822521481696384
625 1875 1075 292 502 1075 625 592 848 1000 1126 1179 660 1244|0.001 0.14864421801569883 0.07694924329757491 0.03446589305298842
581 1047 271 930 1744 930 550 581 1000 789 467 1157 1097 1097|0.001 0.06888775102511957 0.31050779368293924 0.035824446833536694
2029 1720 3429 3687 3860 2908 2143 2143 3429 3687 6429 2262 4264 2466|0.001 0.10580018982282446 0.0359567407038619 0.008705946346510007
3000 1720 1600 803 1720 1000 467 1357 1600 1801 947 3162 1990 3162|0.001 0.019942879964287563 0.13756677026647957 0.07972250186798702
292 592 502 625 1075 1126 848 1875 625 1000 1075 1042 1976 1244|0.001 0.07094269487451177 0.053838453508328055 0.01048832226878238
1690 2143 1246 1993 1179 1993 3737 581 2243 1246 2143 2479 2076 3246|0.001 0.25785540227899695 0.06109809141497058 -0.06728892583035218
581 467 789 930 1744 930 550 581 1000 271 1047 1157 1097 1097|0.001 0.019801656673916757 0.06462446429443158 0.05073963453911867
625 1875 1075 848 1126 1075 625 592 292 1000 502 1179 719 1244|0.001 0.13148865410399946 0.03939278430435289 0.005203411254661727
698 1327 1179 1268 592 344 737 737 1179 1268 2210 848 1466 778|0.001 0.0872060123857521 -0.026233407146376564 -0.04598429668078441
3000 1720 1600 1801 1720 1000 1357 467 1600 803 947 3162 1990 3162|0.001 0.015804758030857347 0.21868451135081957 0.020665880310815066
259 955 555 888 526 888 1666 753 446 555 955 1105 1447 925|0.001 0.06819023547265157 0.01759625384858854 -0.061941289520531795
848 592 1126 625 1075 502 292 1875 625 1000 1075 1629 1976 1244|0.001 0.04566314547023831 0.09013755707887983 -0.009951987098525406
3687 2143 3860 2029 3429 6429 3429 1720 2143 3687 2908 3820 3571 4043|0.001 0.1677419542934877 0.12051156997267665 0.13876037497024374
888 753 526 259 555 955 446 955 1666 555 888 639 990 1756|0.001 0.09914023705489106 0.2860318621780622 0.12619284802978026
848 1690 493 1903 1434 1056 1817 1690 1817 3169 1056 1761 1216 1355|0.001 0.3137017096054229 0.057678075677130014 -0.025753491962233754
1993 581 1179 1690 1246 2143 2243 2143 3737 1246 1993 1315 1597 3939|0.001 0.050950644723273264 0.2776188832890347 0.036991682598679354
1268 737 592 698 1179 2210 1179 1327 737 1268 344 945 1920 1390|0.001 0.14406067181523818 0.18607009492899396 0.09028463805256903
1903 1690 1434 848 493 1056 1817 1690 1817 3169 1056 2753 1115 1883|0.001 0.33378908664593476 0.08258417966767517 -0.05834760703997244
625 1000 625 502 292 502 647 592 217 592 217 1179 1042 363|0.001 0.008139800589823665 0.08031996582680945 0.016437365627735012
1179 581 1993 1246 432 432 1246 1289 1179 1000 1993 2076 1089 1256|0.001 0.08477871803557635 0.018364662563699063 -0.05504697864549324
1035 347 803 1600 1600 947 947 1000 803 347 467 875 1887 1790|0.001 0.021057478745325486 0.03787404634034042 0.0037427380193610915
1600 1000 1600 467 803 1035 803 347 947 347 947 1887 581 1241|0.001 0.02037928677717904 0.09889867485600057 -0.009108984972157064
743 1720 2143 3429 2029 2029 3429 1720 743 2218 2143 1246 2262 2160|0.001 0.04242934727639591 0.009511343432162533 -0.02217123685472111
502 592 292 625 625 217 217 1000 647 592 502 660 1179 547|0.001 0.013171776221683196 0.07351268987909387 0.0060668291052889955
625 1000 625 502 647 502 292 592 217 592 217 1179 776 802|0.001 0.12470675632341166 0.024128198733093242 -0.04166486873739994
467 347 803 1600 1600 947 947 1000 803 347 1035 1104 1887 1055|0.001 0.021965931588063814 0.035103568667389506 0.0016809732529021737
1179 1289 1993 1246 432 432 1246 581 1179 1000 1993 1546 1374 1256|0.001 0.11838159763772893 -0.03667701871663431 -0.08352948042451347
1600 1000 1600 1035 803 467 803 347 947 347 947 1887 1282 1667|0.001 0.0462808606080789 0.0024603251605403997 -0.008531720153488465
502 592 647 625 625 217 217 1000 292 592 502 1119 1179 690|0.001 -0.034904982724871525 0.13455001167548275 0.00566430990793787
335 776 966 1546 915 915 1546 776 335 451 966 1239 1729 974|0.001 0.04673790221023433 0.013212331237004715 -0.02148998551127823
1246 1289 432 1179 1993 1993 1179 581 1246 1000 432 1597 1315 2350|0.001 0.0060362187402795975 0.4039915817984596 0.029448397992650754
493 1690 848 366 366 1056 1056 1000 848 1690 1093 1115 1065 1166|0.001 0.23212301592481 0.05224699517149878 -0.05474774008159766
2731 1000 2731 2316 2986 2316 1346 2885 4615 2885 4615 2908 3699 3581|0.001 0.12607780579497518 0.10986870481304978 0.018729981024090403
3429 1720 2029 743 2143 2143 743 1720 3429 2218 2029 3571 2365 4043|0.001 0.045025471063582234 0.20117072751529186 0.13975428026143266
2316 2885 1346 2731 2731 4615 4615 1000 2986 2885 2316 3183 2908 5164|0.001 0.2937964698392026 0.022515605025039687 -0.07186182522831208
366 1000 366 493 848 1093 848 1690 1056 1690 1056 1065 1761 1355|0.001 0.012675056972752952 0.2033054302395798 0.024489866601804522
1246 581 432 1179 1993 1993 1179 1289 1246 1000 432 724 2230 2350|0.001 0.011957882282338517 0.26431789736580447 0.05932495475573507
2731 1000 2731 2316 1346 2316 2986 2885 4615 2885 4615 2908 1677 4808|0.001 0.3479789726869398 0.02973606972367593 0.002182910814878536
1093 1690 848 366 366 1056 1056 1000 848 1690 493 1891 1065 924|0.001 0.1899959117364669 0.07049628231402316 -0.0932955426010551
1546 776 915 335 966 966 335 776 1546 451 915 1199 845 1823|0.001 0.04967316601941496 0.20670897835416868 0.15048024961461515
2316 2885 2986 2731 2731 4615 4615 1000 1346 2885 2316 2523 2908 3045|0.001 0.30873378934073603 0.04054338835610016 -0.06992323978143422
366 1000 366 1093 848 493 848 1690 1056 1690 1056 1065 1311 614|0.001 0.07949564193269643 0.18236145167940032 0.0340512252668157
1744 1000 581 271 581 1000 467 1047 930 883 201 1419 1157 1097|0.001 0.12887794189178292 0.29202902502625916 0.12679151429153324
3860 2143 3687 2143 743 3429 6429 1720 3256 3687 3687 4264 1246 3458|0.001 0.2632346050351586 0.01436301280787644 -0.19705699445064728
803 347 467 1720 1720 1519 1801 3000 1720 1600 1000 581 2441 1766|0.001 0.1425013116949514 -0.005742921304072723 -0.017714713573053764
1600 1720 3000 1720 1801 1519 1720 467 347 803 1000 1887 1783 2014|0.001 0.00956369000035373 0.04992802107530281 0.0008255838047555031
271 1047 581 1744 581 201 930 1000 467 883 1000 1036 1419 338|0.001 0.08435998763768326 0.0016160652196939296 -0.0390589431300048
581 1000 1744 1000 467 271 581 883 201 1047 930 1419 1288 641|0.001 0.06352970800650448 0.011951043770821457 -0.03387756113174101
333 533 573 573 573 600 506 333 156 116 268 1054 814 594|0.001 -0.0006844629379232359 0.03154905842266187 -0.004588582452549339
883 467 1000 1744 930 201 581 581 1047 271 1000 1288 1838 938|0.001 0.003567700697952869 0.08419775405779317 -0.020036846736247726
1720 3000 1720 803 467 1000 1720 347 1801 1600 1519 2441 1104 1990|0.001 0.22413760735640276 0.09069569893056073 0.04808046093120133
1000 883 467 581 1744 930 201 1000 581 1047 271 1027 1419 1838|0.001 0.0038814686863575254 0.2995863239084784 0.07759807182952771
432 581 1246 2143 1892 2243 2143 2143 1993 1246 3737 1374 2200 2509|0.001 0.08221622307192478 0.01459302151537889 0.011548372015854902
2143 1720 743 3860 3687 3687 3256 2143 6429 3687 3429 2365 3820 5231|0.001 0.08441514823247731 0.47607895133288336 0.020942045426477485
4383 4615 5196 1346 2316 4963 2885 2885 4963 8654 4963 4655 3183 6393|0.001 0.8859634042414544 0.027410284376960803 -0.02166059310972579
1075 1875 625 1126 950 1075 1075 217 502 625 292 1976 1259 1104|0.001 0.07003114328666848 0.052586379088066515 0.013352014572283188
1744 581 930 883 1000 1000 1047 467 581 271 201 1097 1027 1419|0.001 -0.001203587350772084 0.15371639732893128 0.010478046234663196
1126 217 950 1075 625 292 502 1875 1075 625 1075 1009 1179 1244|0.001 0.026981733700777166 0.06307672829300115 0.005158412556447445
1346 2885 2316 4383 5196 4963 4963 4615 2885 8654 4963 1677 5811 5142|0.001 0.6569369052488261 0.0005729938615228747 -0.03060948802483643
1053 1185 228 528 1132 658 307 1132 1974 1132 658 1326 1459 1242|0.001 0.13379671772189017 0.7370622460688958 0.05371049220531665
366 1000 366 1434 1903 1605 1006 1690 1690 1690 1690 1065 2753 1705|0.001 0.07566516752763874 0.06722845730740445 -0.008047489379928718
2746 4615 3915 2731 2731 4615 4615 1000 4383 4615 5196 3163 2908 6980|0.001 0.5867871277402581 0.13305087621979128 0.07746407648894227
2731 1000 2731 5196 4383 2746 3915 4615 4615 4615 4615 2908 4655 1798|0.001 0.22806000899966428 0.15649856263921125 0.024103295026711713
888 844 192 526 888 888 526 753 888 528 192 896 639 1256|0.001 0.0002290610119359826 0.5395650725636081 0.029239069411510776
366 1000 366 1605 1006 1434 1903 1690 1690 1690 1690 1065 659 1721|0.001 0.11192490226403118 0.2508163799727048 0.03884708382406066
5196 4615 4383 2731 2731 4615 4615 1000 3915 4615 2746 5811 2908 3320|0.001 0.5653900397642375 0.06106203225149098 -0.016561210061101228
2731 1000 2731 2746 3915 5196 4383 4615 4615 4615 4615 2908 4701 7517|0.001 0.3602584567482725 0.10122915138968791 0.017354467297869824
1681 1426 364 994 1681 1681 994 1596 1681 1892 364 1712 2542 2377|0.001 0.031121264693765305 0.3390995078414072 0.04431024056338995
1126 592 848 1000 1000 217 217 1000 950 592 595 719 1414 1259|0.001 0.01309726496796948 0.09363232342270766 0.002465990490694292
1000 1000 1000 848 595 950 1126 217 592 217 592 1414 1018 390|0.001 0.01541484432327822 0.09493941513385007 0.0029153176503804445
526 753 888 888 192 192 888 844 526 528 888 1447 1118 560|0.001 0.09006142239343928 -0.00785938060405833 -0.07612963270392958
1000 1000 1000 1126 848 595 950 592 217 592 217 1414 1629 1018|0.001 0.0672317641304998 0.04755415369155802 -0.0043504601369237506
1000 1000 1000 950 1126 848 595 217 592 217 592 1414 1009 1629|0.001 0.009664235573838553 0.05052566082063059 0.010579513805926144
595 592 950 1000 1000 217 217 1000 848 592 1126 1512 1414 685|0.001 0.005989907008199236 0.09056360277668762 4.347001754112512e-05
994 1596 1681 1681 364 364 1681 1426 994 1892 1681 655 1152 1059|0.001 0.09980293044265842 -0.009563376900197929 -0.08373025321464223
1000 1000 1000 595 950 1126 848 592 217 592 217 1414 390 1009|0.001 0.021995866110857687 0.08760087325877519 0.0234042816852309
1000 1000 1000 1000 533 67 533 1104 1104 1104 1104 1414 1133 1002|0.001 0.08375766462095369 0.09717015950885255 -0.04013554158879051
533 1104 1000 1000 1000 1104 1104 1000 67 1104 533 1133 1414 1002|0.001 0.027177793961583596 0.0367968280302744 0.02776674399987522
1000 1000 1000 533 67 533 1000 1104 1104 1104 1104 1414 1002 1133|0.001 0.08698494414404623 0.040672144067335214 -0.11381429346457583
2069 125 1875 1875 2069 2069 1875 1875 2069 1000 1875 1879 2652 2652|0.001 0.07255160006446104 0.04306994626318783 -0.005106428128435203
1000 1104 533 1000 1000 1104 1104 1000 533 1104 67 1414 1414 1133|0.001 0.044519492946846206 0.15865725961691668 0.03282655097407661
533 1104 67 1000 1000 1104 1104 1000 1000 1104 533 1133 1414 1414|0.001 0.03855549133325864 0.7341442391014574 -0.0026511422469832624
16553 8000 15000 15000 16553 16553 15000 8000 16553 15000 15000 17000 17000 25417|0.001 1.8712028691573113 0.0705212100658148 -0.03310903333177739
1000 1000 1000 533 1000 533 67 1104 1104 1104 1104 1414 1414 1133|0.001 0.045598395772143974 0.08598788518072942 0.06359162904913118
2069 1875 1875 1875 2069 2069 1875 125 2069 1000 1875 2652 1879 2652|0.001 0.1007478977394749 0.0802040793423342 0.01784408788978009
483 906 906 1000 1000 906 906 1000 60 906 483 1282 1535 1027|0.001 0.02944267125287059 0.036238504500114566 0.013463801292292743
1000 1000 1000 906 483 60 483 906 906 906 906 1535 1282 1027|0.001 0.09068442319904779 0.08748613852681997 -0.041720690637083724
1875 1875 2069 2069 1875 1875 2069 125 1875 1000 2069 2125 2125 2652|0.001 0.10742878397123068 0.0409956688998081 -0.00695146944262981
1000 1000 1000 483 906 483 60 906 906 906 906 1282 1027 1282|0.001 0.04723998856125622 0.11526091441358632 0.08240477068203633
15000 8000 16553 16553 15000 15000 16553 8000 15000 15000 16553 15033 15033 21213|0.001 1.2942085843785311 0.06792127162850159 -0.014321484906970605
483 906 60 1000 1000 906 906 1000 906 906 483 908 1535 1027|0.001 -0.00046145443708511813 0.9898638235565693 0.023565317620199977
1875 125 2069 2069 1875 1875 2069 1875 1875 1000 2069 2125 2125 2652|0.001 0.09258355940344298 0.01357588827601397 -0.02645433508321471
906 906 483 1000 1000 906 906 1000 483 906 60 1027 1282 1282|0.001 0.11733412942304122 0.24980895853404794 -0.015239708305310184
1000 1000 1000 483 60 483 906 906 906 906 906 1282 1027 908|0.001 0.1064866455218394 0.0497266616280867 -0.11751715306546173
1000 1000 1000 67 67 67 67 1000 1000 1000 1000 1414 1002 1002|0.001 0.015726971096983178 0.10751404736487169 0.003231286268967626
15000 1000 15000 15000 15000 15000 15000 1000 15000 1000 15000 15033 15033 21213|0.001 0.11585832801562557 0.028169277170295715 -0.020760129106568437
67 1000 67 1000 1000 1000 1000 1000 67 1000 67 1002 1414 1002|0.001 0.057599665693559565 0.06973852704221795 -0.015661356378885438
1000 1000 1000 67 67 67 67 1000 1000 1000 1000 1414 1002 1002|0.001 0.1342371920946528 0.013922709223166407 -0.034763725210140706
15000 1000 15000 15000 15000 15000 15000 1000 15000 1000 15000 15033 15033 21213|0.001 0.07422915404686092 0.004162665739404492 -0.010621228625123935
67 1000 67 1000 1000 1000 1000 1000 67 1000 67 1002 1414 1002|0.001 0.08280977509818266 0.06491129015460118 -0.02601391799105013
1000 1000 1000 67 67 67 67 1000 1000 1000 1000 1414 1002 1002|0.001 0.009403143670547731 0.10359333851112318 0.029824685518211602
67 1000 67 1000 1000 1000 1000 1000 67 1000 67 1002 1414 1002|0.001 0.1149878218445588 0.03601147907454694 -0.0020540171219951553
15000 1000 15000 15000 15000 15000 15000 1000 15000 1000 15000 15033 15033 21213|0.001 0.02699057206337674 0.09076937780768013 -0.0018409569489963307
1000 1000 1000 67 67 67 67 1000 1000 1000 1000 1414 1002 1002|0.001 0.07328729510022391 0.10892848943738986 0.025062598722795926
67 1000 67 1000 1000 1000 1000 1000 67 1000 67 1002 1414 1002|0.001 0.06610055789944225 0.09847883507431376 -0.007707682094016954
15000 1000 15000 15000 15000 15000 15000 1000 15000 1000 15000 15033 15033 21213|0.001 0.1368885605435377 0.03950010086263944 -0.016344600126987352
15000 1000 15000 15000 15000 15000 15000 1000 15000 1000 15000 15033 15033 21213|0.001 0.039588513709449824 0.12089581798321758 0.032695383062615324
67 1000 67 1000 1000 1000 1000 1000 67 1000 67 1002 1414 1002|0.001 0.13566083179506583 0.03489260942672212 -0.028443107639121168
1000 1000 1000 67 67 67 67 1000 1000 1000 1000 1414 1002 1002|0.001 0.0028804194165754637 0.16019199370583825 0.033637183032662055
15000 1000 15000 15000 15000 15000 15000 1000 15000 1000 15000 15033 15033 21213|0.001 0.09918092492750885 0.040416843042925255 0.002886243635544794
67 1000 67 1000 1000 1000 1000 1000 67 1000 67 1002 1414 1002|0.001 0.16959516268733932 -0.0075767192219156065 -0.04035460799645896
1000 1000 1000 67 67 67 67 1000 1000 1000 1000 1414 1002 1002|0.001 0.14524998753870255 0.0004992842563278366 -0.029642095136194202
15000 1000 15000 15000 15000 15000 15000 1000 15000 1000 15000 15033 15033 21213|0.001 0.08977527917023442 0.03353231805510726 -0.004004690685063261
1000 1000 1000 67 67 67 67 1000 1000 1000 1000 1414 1002 1002|0.001 0.01010770031343311 0.13450288099947416 0.026958707349948874
67 1000 67 1000 1000 1000 1000 1000 67 1000 67 1002 1414 1002|0.001 0.1598722385575413 -0.018322815253535296 -0.05057068162812817
15000 1000 15000 15000 15000 15000 15000 1000 15000 1000 15000 15033 15033 21213|0.001 0.09419758445535553 0.02902395240837574 -0.01712800914819068
67 1000 67 1000 1000 1000 1000 1000 67 1000 67 1002 1414 1002|0.001 0.13916206798213482 0.012520986502877474 -0.03236270424129106
1000 1000 1000 67 67 67 67 1000 1000 1000 1000 1414 1002 1002|0.001 0.022232585544856853 0.13225994506724348 0.03727291462362503
573 533 333 739 573 268 345 533 551 316 385 629 1153 710|0.001 -0.02496776012299584 0.08825794930617636 0.011082659208929702
721 776 1353 451 520 746 776 467 427 362 721 1559 781 407|0.001 -0.007417680270721538 0.05391657456711885 0.022484935547852913
1035 1154 2218 3000 1600 947 1600 1720 803 1654 1720 1733 1887 1790|0.001 0.08929132463557199 -0.0019037026271806479 -0.013699309347243727
930 581 1744 1000 467 602 1289 961 550 671 930 1838 1238 721|0.001 0.11953469650242132 -0.00739198321090484 -0.06980320368378035
961 467 1000 1744 930 550 930 1289 671 602 581 1238 1366 1457|0.001 0.0005654248101238935 0.08327496123626155 -0.020016069713151285
739 533 573 573 333 385 551 533 345 316 268 783 1054 578|0.001 0.008797938561524443 0.059626320033459024 -0.011012376166246174
625 1875 1075 502 647 1386 1075 592 722 1000 1034 1179 776 1237|0.001 0.15969645937847332 0.06541926628226946 -0.005358095963056142
1000 961 467 930 1744 930 550 581 1289 671 602 1151 1097 1366|0.001 -0.014901969424436778 0.33330611785472586 0.05967450145288877
1179 1289 1993 2143 2060 1438 1246 2143 1993 2763 3737 1546 2466 1125|0.001 0.15717459248629995 -0.008484197530537196 0.0009638970168324157
3000 1720 1600 1035 2218 1720 803 1154 1600 1654 947 3162 1980 3458|0.001 0.1368246257093464 0.12700613653077397 0.12827226931521052
502 592 647 625 1075 1034 722 1875 1075 1000 1386 1119 1976 1237|0.001 0.08678582622065445 0.042665720991295064 0.008741621855441473
1115 2143 966 1546 915 1546 2898 776 1598 1662 1662 1913 1729 2421|0.001 0.2551734749891743 0.08886134002321189 -0.09899912952777479
451 467 520 721 1353 721 427 776 776 362 746 893 1059 851|0.001 -8.10156702024667e-05 0.08650455977184057 0.028803393818812584
1075 1875 1386 722 1034 1075 625 592 502 1000 647 1468 564 1237|0.001 0.19906910308325587 0.06861909465312177 -0.04103561838733061
820 1433 1386 1921 897 695 1490 866 1386 1490 2599 782 1715 1075|0.001 0.1042569263161286 -0.06487091285317326 -0.06007027722261804
1744 1289 930 961 1000 581 671 467 930 602 550 2010 1151 1838|0.001 0.07328551224482727 0.15245911316665195 -0.03818796710299388
485 1040 1040 967 572 967 1814 698 626 605 1341 1197 1515 1082|0.001 0.07684273296398647 0.002573579989335606 -0.05244624641114415
722 592 1034 1075 1386 647 502 1875 625 1000 1075 1567 2161 1237|0.001 0.006824793108750615 0.12154205314752087 0.005163495159496989
2143 2143 2060 1179 1993 3737 1993 1289 1246 2763 1438 2653 2230 2350|0.001 0.20107555476165384 0.13633510024495532 0.16529710653381047
967 698 572 485 1040 1341 626 1040 1814 605 967 546 1288 2091|0.001 0.0773898836312803 0.23585950645250042 0.11226321200679124
1093 1690 848 1747 1220 1056 1817 1690 2343 3169 1817 1891 954 1831|0.001 0.1769152408004815 0.10030270478771142 0.0018623957228069976
1546 776 915 1115 966 1662 1598 2143 2898 1662 1546 1199 1675 3055|0.001 0.07351453022410581 0.2966457823003199 0.01643829824830023
1921 866 897 820 1386 2599 1386 1433 1490 1490 695 1501 2171 2035|0.001 0.07954321919330543 0.18976674558103923 -0.000575135697641338
1747 1690 1220 1093 848 1817 2343 1690 1817 3169 1056 2648 1311 2250|0.001 0.32872204294365215 0.01196569076086007 -0.027121768869274865
625 1000 625 647 502 502 647 592 42 592 42 1179 1119 527|0.001 0.03780179640926029 0.048329651831988674 0.021398443781648346
915 776 1546 966 64 64 966 1000 915 776 1546 1729 1031 917|0.001 0.09484435105854505 0.01088403084329892 -0.08827248499371554
647 592 502 625 625 42 42 1000 647 592 502 776 1179 667|0.001 0.00971483609038426 0.09418094824151346 0.0020320465886181083
625 1000 625 502 647 647 502 592 42 592 42 1179 776 667|0.001 0.05078997413467734 0.06222741603526982 0.0004376501471559102
1179 1289 1993 1246 83 83 1246 1000 1179 1289 1993 1546 1050 1182|0.001 0.09321235774488956 0.010179503865972439 -0.08809344516615858
502 592 647 625 625 42 42 1000 502 592 647 1119 1179 527|0.001 0.009054496064409001 0.09457217259834616 0.0013855242586902072
966 1000 64 915 1546 1546 915 776 966 776 64 1031 1199 1823|0.001 0.010817537112797204 1.3586534479006218 0.02023742460945499
14200 1000 14200 15527 15527 12043 12043 15000 24000 15000 24000 14235 16002 18619|0.001 0.6692392852273099 0.10161309776945515 -0.008911122326659138
12043 15000 12043 14200 14200 24000 24000 1000 15527 15000 15527 12651 14235 26852|0.001 1.9385063207830444 0.04455195799491829 -0.03428610266858145
1246 1000 83 1179 1993 1993 1179 1289 1246 1289 83 1050 2230 2350|0.001 0.03848049739799908 1.751514566957757 0.040659496387682736
14200 1000 14200 12043 12043 15527 15527 15000 24000 15000 24000 14235 12651 26852|0.001 1.4594401027006332 0.07972784925750931 0.02299245838134789
15527 15000 15527 14200 14200 24000 24000 1000 12043 15000 12043 16002 14235 18619|0.001 2.2479051388030036 0.0924325319786834 -0.065308475601068
1744 1000 581 467 1000 1000 467 961 581 961 39 1419 1151 1419|0.001 0.09631249353157845 0.2934335786756903 0.11598622494601862
2060 2143 2143 1246 83 1246 3737 1000 2060 2143 2143 2466 1050 2085|0.001 0.24765277775721906 0.02538137362751547 -0.23638912239956067
1000 961 467 581 1744 581 39 1000 1000 961 467 1151 1419 1419|0.001 0.0282164130285234 0.28154812280247965 0.0636106283087523
1246 1000 83 2060 2143 2143 2060 2143 3737 2143 1246 1050 2653 3041|0.001 0.1964255640021606 3.7834278534243593 0.018533634965194334
24808 15000 24808 12043 12043 25807 25807 15000 25807 45000 25807 25109 12651 31954|0.001 3.9807804421615667 0.0803818732408379 -0.0573284205127933
1720 3000 1720 1654 1654 1720 1720 67 803 1000 803 2441 1674 1980|0.001 0.25033419753819564 0.08846751930791319 -0.017170706605403874
1744 1000 581 961 1000 1000 961 467 581 467 39 1419 1151 1419|0.001 0.03932569384281104 0.2553586164128885 0.00032713161853603623
12043 15000 12043 24808 24808 25807 25807 15000 25807 45000 25807 12651 25109 31954|0.001 4.036721494534568 -0.04038161492352588 -0.06157130373993014
1075 1875 625 647 502 1075 1386 592 1034 1000 722 1976 1119 1237|0.001 0.06104415366161575 0.017843633635761247 -0.012764985325993683
915 776 1546 966 1115 1598 1662 2143 1546 1662 2898 1729 1913 2421|0.001 0.13021619959157293 0.03803954989231251 0.012915090187568534
2218 1154 1035 1600 3000 1600 947 1720 1720 1654 803 1980 3162 3458|0.001 0.07097441711327201 0.2558813067368826 0.010967824208767407
1744 581 930 467 1000 1289 602 961 930 671 550 1097 1151 1366|0.001 0.031640211856531764 0.22362492432552727 0.12995497684439306
2060 2143 2143 1993 1179 1993 3737 1289 1438 2763 1246 2466 1546 1125|0.001 0.18441812983495787 0.030145180269367522 -0.07414357586446707
647 592 502 1075 625 722 1034 1875 1386 1000 1075 776 1179 1237|0.001 0.05087415158586239 0.037946689321015636 -0.005860368743426658
333 533 573 573 739 345 268 533 385 316 551 1054 783 578|0.001 -0.027193157496838705 0.0857431403289799 0.0025578163273576315
467 961 1000 1744 930 550 930 581 602 671 1289 1238 1838 721|0.001 0.07117900422273005 0.0020795952608931856 -0.024385615417908957
930 1289 1744 1000 961 671 581 467 550 602 930 1366 1238 1457|0.001 0.03343951831165759 0.033744670980544456 -0.007289091145689097
1600 1720 3000 2218 1035 803 1720 1154 947 1654 1600 1887 1733 1790|0.001 0.0739513823070026 0.030344637835324484 -0.04184477467954251
573 533 739 333 573 551 385 533 268 316 345 1153 629 710|0.001 0.015191794086437671 0.051855569558465486 -0.004332444984191941
520 467 451 1353 721 427 721 776 746 362 776 781 1559 407|0.001 0.017050841941474992 0.05615635695379373 -0.013179865240030564
966 2143 1115 915 1546 2898 1546 776 1662 1662 1598 1675 1199 3055|0.001 0.2256337264432795 0.14743875531095574 0.1719634991555674
848 1690 1093 1220 1747 1817 1056 1690 1817 3169 2343 1311 2648 2250|0.001 0.21806248821843122 0.08557154808372047 -0.02258181223562694
1386 1433 820 897 1921 1490 695 866 2599 1490 1386 2171 1501 2035|0.001 0.0635230694311173 0.19715093218112267 0.09523023307874245
1993 1289 1179 2060 2143 1246 1438 2143 3737 2763 1993 2230 2653 2350|0.001 0.05727941378191437 0.25375772293528165 0.012267413047180042
1040 1040 485 572 967 1814 967 698 1341 605 626 1288 546 2091|0.001 0.15189160661028156 0.21499534136903753 0.07885952678705621
1220 1690 1747 848 1093 2343 1817 1690 1056 3169 1817 954 1891 1831|0.001 0.28300734072464806 0.0008013235303550026 -0.03534665617811683
1000 467 961 930 1744 930 550 1289 581 602 671 1151 2010 1838|0.001 0.006773175554144473 0.06322337171404291 0.035122274916075114
572 698 967 1040 485 626 1341 1040 967 605 1814 1515 1197 1082|0.001 0.042014257763469676 0.024880471395363202 -0.024527053517641173
1386 1875 1075 1034 722 625 1075 592 647 1000 502 2161 1567 1237|0.001 0.12714005428204445 0.10387076426557451 0.025505891055790375
1353 776 721 520 451 776 746 467 721 362 427 1059 893 851|0.001 0.03236605862186881 0.11469632545466624 -0.008593971529009536
897 866 1921 1386 820 1386 2599 1433 695 1490 1490 1715 782 1075|0.001 0.0892370689501032 -0.0028003478975457963 -0.06805329584341657
1034 592 722 1386 1075 502 647 1875 1075 1000 625 564 1468 1237|0.001 -0.022333620153228706 0.1121673942040502 0.002464086020210754
1744 1000 1744 581 1744 1744 581 1000 1744 1000 1744 2010 1419 2466|0.05 0.0420738543944954 0.13511709811235395 0.18160190045787283
573 1000 573 333 333 1000 1000 1000 573 1000 573 1153 1054 814|0.05 0.1360892042506201 -0.010288534089351042 -0.18707835954296592
1744 1000 1744 581 1744 1744 581 1000 1744 1000 1744 2010 1419 2466|0.05 0.0029978020061172117 0.145580999307382 0.17066829623734403
573 1000 573 333 333 1000 1000 1000 573 1000 573 1153 1054 814|0.05 0.1516219954549003 -0.004122352080508929 -0.13074413743537017
1000 1297 533 734 2754 3182 963 1366 904 1480 482 1731 2050 2898|0.05 0.021337742026510398 0.22854842660046337 0.17571071831534502
3071 1875 2834 1524 1998 6604 5715 1107 2692 2075 2075 3592 2234 4415|0.05 0.21261150867347256 0.03874363282682536 -0.02169806996183965
906 906 483 773 1450 2719 1450 1207 1559 1559 831 1027 1761 2866|0.05 0.03284121171739596 0.12490261940075076 0.006822598892817222
1875 1875 1452 930 1744 3269 1744 581 1090 1090 1203 2646 1097 2056|0.05 0.14023012183604244 0.1151427349119638 0.20332288271986965
1090 1875 1398 930 1744 3269 1744 581 1875 1090 1943 1479 1097 3446|0.05 0.027158023233595507 0.030245433744229278 0.05161212105377899
561 965 299 479 898 1683 898 719 965 561 515 1010 629 1774|0.05 0.07575365885017726 0.12652302690999928 0.10447371906675773
468 913 250 651 2151 2481 827 877 573 913 306 871 1438 2525|0.05 0.05598452986271152 0.28775512130004843 0.22547828599682296
2987 1875 2868 2129 2706 8119 7036 816 2987 1531 3272 3404 2280 5558|0.05 0.20056969382968637 0.040920425017338946 -0.08589802376104294
144 927 269 2032 271 68 1651 1000 144 927 269 1095 1245 197|0.05 0.09038670366699142 0.0052702095488688094 -0.0726684002146083
3441 533 3712 7542 6128 251 1006 1000 3441 533 3712 4066 6872 3658|0.05 -0.003571675495491755 0.09220665338932843 0.00010307034210343957
566 200 566 1600 1600 1200 1200 1000 693 200 693 721 1887 1327|0.05 0.035253111923263525 0.0038549901542883624 -0.008095315014958748
289 1000 1443 2309 1732 1732 2309 816 289 816 1443 1190 2449 1756|0.05 -0.008907876872232823 0.05154069454943899 0.017906032165224683
693 200 693 1600 1600 1200 1200 1000 566 200 566 825 1887 1697|0.05 0.030853985358856306 0.007229472583727414 -0.00987233053688863
354 1000 1768 2828 2121 2121 2828 1225 354 1225 1768 1275 2345 2151|0.05 -0.003832835396484491 0.03680357842746007 0.006105436209313808
662 1084 353 538 2016 2330 705 732 732 950 391 1267 1205 2422|0.05 0.06806136035286459 0.23929453536193357 0.28338019457438746
2432 1875 1875 1377 1805 5967 5164 904 2775 1694 2561 3246 1647 4387|0.05 0.2670834040594272 0.05908287411369839 -0.023281373746879552
573 333 573 433 433 231 231 500 428 67 428 814 829 772|0.05 -0.025597091437810082 0.056541870458199917 0.004119654907768222
433 500 433 573 573 428 428 333 231 67 231 829 814 772|0.05 -0.01526471498857318 0.0274441106846246 0.004286363593408726
289 1000 1443 2483 1853 1853 2483 1875 2165 1875 4330 1190 1477 2014|0.05 0.06532449025197229 -0.012859454626789057 0.007578486080632718
1324 533 988 1155 2309 770 154 1000 1324 533 988 788 1915 1879|0.05 -0.03820492026185396 0.12457643016802189 0.027387140257084663
156 1000 1169 1012 540 540 1012 1340 779 1340 2337 1087 797 642|0.05 0.027628573734728157 -0.006964763824524045 -0.013872712462560388
540 1340 1012 1169 156 779 2337 1000 540 1340 1012 797 1087 642|0.05 0.11523795128062231 -0.007449602155695789 -0.14829430545036937
906 906 483 273 513 961 513 1096 669 1011 357 1027 1253 716|0.05 0.058374608938380756 0.1690549885684689 0.0856980689739606
2834 1875 3071 766 1437 2694 1437 1355 2540 2540 2803 2882 1972 2918|0.05 0.16213334396584678 0.09921882957193429 0.12688007369731302
654 1041 349 541 2076 2831 944 1000 654 1041 349 1187 1457 2511|0.05 0.0727216984521184 0.25753392798982144 0.28958220874815144
2987 1875 2868 1552 2706 8119 5954 1000 2987 1875 2868 3404 2280 5558|0.05 0.2829635403673225 0.08418549792882146 0.11476501170111897
906 906 483 335 628 1177 628 960 740 740 395 1027 1022 987|0.05 0.10341975362090139 0.17795505437426806 0.16080712600036406
1875 1875 2432 848 1590 2981 1590 1224 2295 2295 2533 1627 1848 3465|0.05 0.13024177502897194 0.11140158187876725 0.18993757682661094
1875 1875 2069 1600 3000 5625 3000 1720 3226 3226 2498 2125 3162 5929|0.05 0.16717599613393697 0.13583304012696917 0.2128249050063924
1291 1291 689 640 1201 2252 1201 828 751 751 400 1822 1047 1416|0.05 0.13447370336167275 0.18650369238314202 0.08377650770517553
354 1000 1768 1000 187 187 1000 921 88 921 354 1275 1106 258|0.05 0.11220853924407415 -0.008683738952548481 -0.08165492307959488
566 200 566 566 566 106 106 200 521 50 521 721 721 625|0.05 -0.0416627859776908 0.05974949412983488 0.0016372896159766448
2604 250 2604 2828 2828 530 530 5000 2828 1000 2828 2652 3606 2828|0.05 0.027971738924905676 0.0994346578607197 -0.002168499346894004
96 1000 384 1086 204 204 1086 1086 384 1086 1920 1018 1086 280|0.05 0.061144253333140774 -0.21105417122538883 -0.050585184892737445
493 188 816 1443 1179 1039 1066 1875 925 352 1531 976 1573 1087|0.05 0.07624837192238054 -0.043456535651741346 -0.025926722510636324
176 975 330 1437 766 463 868 1355 938 1107 1760 1055 1071 542|0.05 0.08427107416048685 -0.27284466220522385 -0.04839299776871919
230 604 1225 943 696 679 770 533 122 322 653 1195 1373 734|0.05 -0.02405597926263714 0.04022448980465665 0.02446821211091965
629 533 770 816 493 263 435 188 554 100 568 1162 976 791|0.05 -0.0475670336005285 0.07719823939658532 0.010131060526787916
1443 1875 1179 493 816 1531 925 188 1066 352 1039 2179 577 1141|0.05 0.09802726064485068 0.04454367552295224 -0.047548409872302244
338 1025 180 475 890 1473 786 1135 1804 1389 962 1082 1428 1760|0.05 0.07034587726369557 0.40277923416198513 0.02954180601627554
545 133 545 1000 1000 1467 1467 1000 545 133 545 656 1414 1328|0.05 0.05516825266655534 -0.02555756064733128 -0.07358012154045523
245 1000 1836 1836 2693 2693 1836 1000 245 1000 1836 1204 2438 2704|0.05 -0.04172622593546782 0.06857939089971454 0.05163381983527282
545 133 545 1000 1000 1467 1467 1000 545 133 545 656 1414 1328|0.05 0.07475504075469708 -0.05085617979581958 -0.065733342659543
245 1000 1836 1836 2693 2693 1836 1000 245 1000 1836 1204 2438 2704|0.05 -0.0503289983179489 0.07507536275596083 0.04823740616342276
566 1116 71 1000 1000 200 900 1000 566 1116 71 1149 1414 721|0.05 0.0658697321553059 1.1070298273313472 -0.047512792027500916
15780 8000 14142 14142 12728 2828 14142 1000 15780 8000 14142 16248 13454 16882|0.05 1.0534604475676645 0.05953802520748841 -0.06041360926621664
1000 1000 1000 566 566 71 71 200 1116 900 1116 1414 721 1002|0.05 0.04731806061685884 0.07779521731586359 0.012343684071829397
71 1116 566 1000 1000 900 200 1000 71 1116 566 1002 1414 951|0.05 -0.02796995602422192 0.05082710470474039 0.034626543185087844
1972 125 1768 1768 354 1591 1768 1000 1972 125 1768 1772 1275 2110|0.05 0.04884896784287163 -0.02054116026496189 -0.07315770487635986
807 1000 179 507 63 63 507 896 896 896 896 1070 1030 853|0.05 0.07270548746896699 0.30113005021446204 -0.07233542808362192
371 682 371 273 273 1023 1023 1000 507 682 507 905 1037 761|0.05 0.08635255411603593 0.010834209880068446 -0.26428398555858656
1344 1000 1972 538 2016 2016 538 732 1344 732 1972 1911 1205 2424|0.05 0.007000534261718538 0.10978406741401825 0.27596794477537934
507 682 507 273 273 1023 1023 1000 371 682 371 969 1037 611|0.05 0.11602572062103578 0.004252117363858776 -0.23402698006347644
1836 1000 2693 734 2754 2754 734 1366 1836 1366 2693 2438 2050 3310|0.05 -0.0013543412644401176 0.10923681794323459 0.24337701032788095
1875 1875 2069 693 1299 2436 1299 817 1532 1532 1987 2125 1090 2043|0.05 0.16501605229285676 0.16582586764027019 0.17141700421529737
771 771 411 349 654 1226 654 1041 944 944 503 669 1187 1425|0.05 0.0491383474520557 0.11431044465752604 0.009175327091148766
230 604 1225 2828 1414 1149 1414 1000 230 604 1225 1195 2236 1295|0.05 -0.0013723331985127096 0.03974798833636495 0.0061251664558548136
493 188 816 2309 1155 938 1155 1000 493 188 816 976 1915 1152|0.05 0.013722228351655819 0.015184569160342498 -0.010516087049418088
2828 1000 1414 230 1225 1225 230 604 1414 604 1149 2236 707 2345|0.05 0.035298799901095634 0.21177398555502824 0.47704570931359713
526 1231 526 200 200 1066 1066 1231 870 2462 870 1228 1127 1040|0.05 0.2784208128065768 0.02633807371801966 -0.3018955110067423
354 1000 1768 1225 230 187 1000 604 221 921 1061 1275 1195 400|0.05 0.06918794726791466 -0.008345298889322894 -0.0683647388509534
493 188 816 1443 866 180 289 816 752 153 816 976 1658 561|0.05 -0.027235503005461625 0.06879161049931914 -0.005135396451048102
2828 5000 2828 650 530 2828 3464 625 2604 3000 1709 3606 1132 2828|0.05 0.602772227356394 0.13447599668469312 0.029483222307147283
1768 1000 354 187 1000 1225 230 921 1061 604 221 1275 1000 1458|0.05 0.03290963163552485 0.49758320200165906 0.28709388658445745
566 200 566 566 693 130 106 600 342 125 521 721 825 676|0.05 -0.029065631216089738 0.061844453485768724 0.00455709525658321
187 921 1000 1768 354 221 1061 1000 230 604 1225 1106 1275 290|0.05 0.06649193046360358 -0.029205351756979026 -0.037847112634794566
868 208 570 1155 943 177 217 1667 943 333 943 648 1374 943|0.05 -0.0333162857724667 0.09671931393196997 0.0005354480048724852
1755 1523 366 380 2027 1655 310 1655 2925 1655 585 1819 1977 2412|0.05 0.13519541694314574 0.9570382611446293 0.5612469590062963
2735 4800 4167 849 1039 5543 4525 1600 4525 8000 4525 3111 1811 5407|0.05 0.7348984694348193 0.094945281440737 -0.16081567676401898
240 656 1152 1086 204 249 1330 1086 384 1086 1920 1194 1086 435|0.05 0.0627656191316972 -0.05168253637375164 -0.056903645652846
1000 1000 1000 693 693 87 87 200 817 900 817 1414 825 1052|0.05 0.05588623355879063 0.07666324586361295 0.0070942274066077005
87 817 693 1000 1000 900 200 1000 87 817 693 1052 1414 953|0.05 -0.018658295967154404 0.047593742310052534 0.0373126668437429
1179 125 1443 1443 289 1299 1443 1000 1179 125 1443 1519 1190 1329|0.05 0.052919275111433794 -0.03014059983719175 -0.07760564291944605
693 817 87 1000 1000 200 900 1000 693 817 87 825 1414 825|0.05 0.08798515795253481 1.1064557714004652 -0.05933085313309494
9434 8000 11547 11547 10392 2309 11547 1000 9434 8000 11547 9522 11000 10630|0.05 1.0757482965794662 0.07523673680393417 -0.06061521046861085
1102 1000 245 848 106 106 848 1224 1224 1224 1224 1127 1009 1166|0.05 0.07754351995602038 0.2792521136040138 -0.0740450853229857
366 1523 1755 2390 2106 2265 3264 1875 3976 2856 6581 1138 2203 2580|0.05 0.09438250843974094 -0.033408672433733466 0.0077251600576300206
734 1366 2754 785 418 637 1195 881 153 948 1664 1646 1258 476|0.05 0.03100409875353982 0.021684393864154217 -0.022953388762656513
434 604 285 363 496 344 320 267 231 56 152 722 598 701|0.05 0.008699110367442753 0.0352563523471594 -0.026405021279134466
570 92 530 472 718 383 251 1655 821 441 601 607 1618 448|0.05 0.04379913419445325 0.03033305299736888 0.003933273453806674
161 930 1756 1261 673 442 828 1441 775 1055 2906 1139 786 502|0.05 0.03408500169484796 -0.01707034407477881 -0.018734667915535352
363 267 496 434 285 152 231 604 320 56 344 744 978 457|0.05 -0.0026690180828403687 0.023089515697829466 0.0036571562966480897
533 1000 533 370 370 693 693 573 436 200 436 1133 843 581|0.05 0.03926137882498848 0.056831517601025894 -0.030686501699068724
459 1000 1316 848 1590 1590 848 1224 2295 1224 2295 1266 1848 1892|0.05 0.023471425719392425 0.0647634660728369 0.08050953067355149
1875 1875 2432 1316 459 3442 5049 1000 1875 1875 2432 1627 1266 2257|0.05 0.2001969535139292 0.01971792136436834 -0.2843491910974205
771 771 411 541 2076 1415 189 1000 771 771 411 669 1457 1879|0.05 -0.007520633266029364 0.23829525941019503 0.17708843751688574
245 1000 1836 1000 533 533 1000 1297 702 1297 2693 1204 868 675|0.05 0.03860636319749533 -0.01718142730136707 -0.02227130597805882
482 261 482 371 371 198 198 682 371 91 371 702 905 643|0.05 -0.012199233973092527 0.03969825933014093 0.0021715274864431144
541 1000 2076 771 411 411 771 771 189 771 1415 1457 1334 521|0.05 0.03962343952943925 0.01809067845333079 -0.02115490360077854
545 133 545 545 545 290 290 1467 707 382 707 656 1328 473|0.05 0.029626859378593107 0.03197739507191821 0.0036708486509007265
330 975 176 766 1437 868 463 1355 1760 1107 938 977 1972 1016|0.05 0.023275622221077263 0.3828861772176628 0.02577415945816508
1179 1875 1443 816 493 925 1531 188 1039 352 1066 1573 976 1087|0.05 0.10081292359844785 0.09445579502797008 -0.002511177407944487
770 533 629 493 816 435 263 188 568 100 554 839 577 1121|0.05 -0.0484557767127447 0.06882627555856002 0.015855691591775134
380 1655 2027 1275 1123 1152 1560 533 203 882 1081 1170 1604 1125|0.05 -0.02744745217883371 0.04480177367673921 0.02833060528049991
180 1025 338 890 475 786 1473 1135 962 1389 1804 1001 1046 939|0.05 0.05299011287250188 -0.1568361459797929 -0.03148938099873044
816 188 493 1179 1443 1066 1039 1875 1531 352 925 577 2179 1141|0.05 0.07418145514929142 -0.03999714037884794 -0.025215826196893776
67 1000 67 246 246 246 246 1000 500 1000 500 1002 1030 306|0.05 0.014466690820855721 -0.030167256454181057 -0.0005714896471642472
67 1000 67 246 246 246 246 1000 500 1000 500 1002 1030 306|0.05 0.0162683733348179 -0.028632798501210255 0.00037656047585876706
492 133 492 2000 2000 2000 2000 1000 492 133 492 613 2236 2060|0.05 0.041034989881802986 -0.022519635640089186 -0.018223392501063307
271 1000 2032 4064 4064 4064 4064 1000 271 1000 2032 1245 4185 4073|0.05 -0.01329248230860336 0.04137694091592481 0.029483190875678744
2000 1000 2000 492 492 492 492 133 2000 133 2000 2236 613 2060|0.05 -0.0014674711354878411 0.008785268967477222 -0.002217084053098839
492 133 492 2000 2000 2000 2000 1000 492 133 492 613 2236 2060|0.05 0.04055621986349234 -0.017627886380486846 -0.023987575637423042
271 1000 2032 4064 4064 4064 4064 1000 271 1000 2032 1245 4185 4073|0.05 -0.005071755780909903 0.03586378765612297 0.025997735159688506
2000 1000 2000 492 492 492 492 133 2000 133 2000 2236 613 2060|0.05 -0.0147741199175222 0.0328542412878452 0.008869633609729366
162 906 133 492 492 480 516 133 87 83 71 916 613 519|0.05 0.01036132039927029 0.033872357694362254 -0.008726386207683623
1179 1225 1886 6960 7300 6789 6960 1875 12816 2296 14142 1546 7792 7776|0.05 0.08620074504181785 0.06691453872641917 0.012599455626967071
492 133 492 1500 1500 1733 1733 1000 545 133 545 613 1803 1802|0.05 0.04893320872882301 -0.023603158374884137 -0.027386590305712444
271 1000 2032 3048 3522 3522 3048 1107 271 1107 2032 1245 3661 3532|0.05 -0.030230184401550675 0.04871246047824851 0.030791934815692645
545 133 545 1500 1500 1733 1733 1000 492 133 492 656 1803 1579|0.05 0.06354908857786334 -0.03791903598010182 -0.041389676231528005
245 1000 1836 2754 3182 3182 2754 904 245 904 1836 1204 2898 3192|0.05 -0.02675860398483665 0.048774285367136905 0.023962062352496094
921 187 1000 1768 1972 1369 1305 1875 1726 352 1875 1106 2577 1076|0.05 0.07666971089162145 -0.04246715995344874 -0.024806525769717203
144 1049 269 1437 766 705 1323 1355 766 1511 1437 961 1071 766|0.05 0.0337036542822311 -0.09510921086746227 -0.023226869854701127
188 921 1000 943 696 730 1052 533 100 491 533 1106 1373 669|0.05 -0.027973707594590724 0.04352591374560788 0.027462681849599324
1052 533 943 1000 921 491 533 188 730 100 696 1083 1106 1488|0.05 -0.025425981278827114 0.04574650981679973 0.0071752876824349165
1768 1875 1972 921 1000 1875 1726 187 1305 352 1369 2031 1000 1398|0.05 0.09187719498871205 0.06413061673809173 -0.010373016298907967
257 953 137 673 1261 1370 731 1441 1370 1291 731 917 2038 1515|0.05 -0.014388000206549956 0.21916356966191763 0.03751997503540716
269 927 144 766 1437 1323 705 1355 1437 1000 766 859 1972 1437|0.05 -0.014131130322124763 0.35773479215669646 0.039543750803361366
1305 1875 1768 1000 921 1726 1875 187 1210 352 1305 1398 1106 1667|0.05 0.05153214006566431 -0.003615071543440207 -0.024511273190586103
943 533 696 921 1000 533 491 188 696 100 645 745 1000 1373|0.05 -0.01020213806549708 0.029069498000460214 0.0020074098358247028
204 1086 1086 756 701 756 1024 533 109 579 579 1086 1094 649|0.05 -0.020674138151136612 0.038809001004842525 0.026795273040138845
155 1079 291 1427 761 827 1550 1079 827 1461 1550 926 1378 914|0.05 0.07026035346794135 -0.23805929040860874 -0.04525531985850484
1000 187 921 1305 1768 1305 1210 1875 1875 352 1726 1000 2574 1398|0.05 0.08418057505010568 -0.0534867237089387 -0.029034523971884774
921 187 1000 1768 1305 1210 1305 1875 1726 352 1875 1106 1398 1667|0.05 0.08436423380497438 -0.052512541214437825 -0.0294485970438485
144 927 269 1437 766 705 1323 1355 766 1000 1437 1095 1071 766|0.05 0.028386202838452945 -0.07084323926496494 -0.01877502140774534
188 921 1000 943 696 645 696 533 100 491 533 1106 1373 762|0.05 -0.022524774447489904 0.040394818441520375 0.024281794909388754
696 533 943 1000 921 491 533 188 645 100 696 1373 1106 1007|0.05 -0.04713613365118996 0.07646840716324377 0.011333595921974027
1768 1875 1305 921 1000 1875 1726 187 1305 352 1210 2574 1000 1398|0.05 0.12895446332437333 0.03884945526960504 -0.05167276432683998
291 1079 155 761 1427 1550 827 1079 1550 1461 827 1182 1561 1714|0.05 0.06821785284379711 0.7604928624201368 0.1167090969341622
701 533 756 1536 1248 51 205 1000 701 533 756 1094 1708 745|0.05 -0.010252750353473283 0.10213584749331872 -0.008338013003286182
705 927 1323 2032 271 68 1651 1000 705 927 1323 1447 1245 718|0.05 0.0854390414924322 -0.0013046033161023818 -0.07329965468230171
230 604 1225 2828 1414 1282 2121 1000 187 921 1000 1195 2236 1427|0.05 0.018265894957467665 0.01918432799501657 -0.009537890648413372
921 187 1000 2828 2121 1282 1414 1225 604 230 1000 1106 2345 2074|0.05 0.022794387291047435 0.017545647745857984 -0.012561168252703814
2828 1000 1414 230 1225 1000 187 604 2121 921 1282 2236 707 3000|0.05 0.029187484096604432 0.210509034023465 0.43396657005464023
816 188 493 1732 2309 1155 1046 816 816 153 752 577 1915 1826|0.05 0.008905600867956665 0.03231406024249539 0.019449700794720304
204 1086 1086 2304 1392 1536 3072 656 249 1086 1330 1086 2253 1549|0.05 0.03594942920130517 0.005825499418548041 -0.028145980310240182
718 1655 472 179 146 780 956 1103 780 2207 780 1618 1011 863|0.05 0.2601171834100158 0.05027795206646202 -0.26721419528542345
354 1000 1768 5303 4596 4596 5303 1225 354 1225 1768 1275 4704 4610|0.05 0.008819778111566201 0.029937323379194414 0.004857294648503707
566 200 566 3000 3000 2600 2600 1000 693 200 693 721 3162 2661|0.05 0.029112646317155377 0.013926567304267667 -0.02144424923929411
289 1000 1443 4330 3753 3753 4330 816 289 816 1443 1190 4406 3764|0.05 -0.02556570176181494 0.06292339263854307 0.03223864496432194
693 200 693 3000 3000 2600 2600 1000 566 200 566 825 3162 3053|0.05 0.04368721764328898 -0.0027238439503374234 -0.026088300654600882
1875 1875 2069 566 1061 1989 1061 738 2092 1384 2267 2125 791 2733|0.05 0.047951125901590785 0.10341672037944116 0.05456311658263324
611 923 326 250 468 877 468 913 827 827 441 939 871 1204|0.05 0.1030768920736902 0.16369234015247924 0.00319212113376377
1681 1596 994 364 1681 1681 364 1426 1681 1892 994 2542 1712 2377|0.05 0.015818140126573343 0.23169435875407984 0.2538215913942454
1006 1690 1605 366 366 1690 1690 1000 1434 1690 1903 659 1065 1721|0.05 0.2691839306681487 0.029987575807901568 -0.17105794725720935
888 753 526 192 888 888 192 844 888 528 526 639 896 1256|0.05 0.04693823482630144 0.2467662991755315 0.38760719878980776
1903 1690 1434 366 366 1690 1690 1000 1605 1690 1006 2753 1065 1705|0.05 0.26306680635614477 0.02615137733761541 -0.19893171426287104
364 1426 1681 1681 994 994 1681 1596 364 1892 1681 1152 655 1059|0.05 0.034560437513426745 0.008995212950495546 -0.01343838779207518
1126 217 950 1000 1000 592 592 1000 848 217 595 1009 1414 1629|0.05 0.006330602504325267 0.04195493841319564 -0.0005130137806796942
192 844 888 888 526 526 888 753 192 528 888 1118 1447 560|0.05 0.01845775815448425 0.025412548051761963 -0.006114044092313531
595 217 848 1000 1000 592 592 1000 950 217 1126 1018 1414 390|0.05 0.01583620544727271 0.019423995755534218 0.005314379126390989
289 1000 1443 4330 3175 3175 4330 1000 289 1000 1443 1190 3841 3189|0.05 0.015039575814783657 0.02836981010350348 0.007528320738616756
693 200 693 3000 3000 2200 2200 1000 693 200 693 825 3162 2661|0.05 0.029020847173006903 0.004633293672491323 -0.005595284588376659
289 1000 1443 4330 3175 3175 4330 1000 289 1000 1443 1190 3841 3189|0.05 -0.0071804835407718315 0.04464724886249716 0.012259803378564804
693 200 693 3000 3000 2200 2200 1000 693 200 693 825 3162 2661|0.05 0.04085129655820863 -0.00036618799857390805 -0.01151222165824084
187 921 1000 2828 1414 1414 2828 1000 187 921 1000 1106 2236 1427|0.05 0.04237957429445327 0.0002211224722814542 -0.022909854011817776
921 187 1000 2828 2828 1414 1414 1000 921 187 1000 1106 3000 2202|0.05 -0.0032294238505314876 0.046113353209704666 0.0033858255301599804
707 2000 707 133 133 707 707 1000 651 2000 651 1581 1009 707|0.05 0.2731582094319296 0.059694217015218154 -0.2391986441080951
2828 1000 1414 187 1000 1000 187 921 2828 921 1414 2236 1000 3000|0.05 0.044639552864329524 0.31152672568518724 0.3855974517189975
1000 187 921 2828 2828 1414 1414 1000 1000 187 921 1000 3000 2236|0.05 -0.003213949773405167 0.04631374633033092 0.003410629927693698
204 1086 1086 3072 1536 1536 3072 1000 204 1086 1086 1086 2391 1549|0.05 0.032543038070975694 0.007353600297330676 -0.019977062222205078
3072 1000 1536 204 1086 1086 204 1086 3072 1086 1536 2391 1201 3258|0.05 0.047018172286401594 0.2990229139513412 0.4018961671126742
651 2000 651 133 133 707 707 1000 707 2000 707 1557 1009 782|0.05 0.3122744570343161 0.05596369940844337 -0.20544282458004548
1090 1000 1090 581 1744 1744 581 1000 1090 1000 1090 1479 1419 2056|0.05 0.035991864195041856 0.1429778547605487 0.23173894196425016
918 1000 918 533 533 1600 1600 1000 918 1000 918 1357 1133 1302|0.05 0.13108406234181968 0.010269772697080182 -0.10171835133532592
1090 1000 1090 581 1744 1744 581 1000 1090 1000 1090 1479 1419 2056|0.05 0.05935497434778947 0.09637024831640417 0.24395144421593074
918 1000 918 533 533 1600 1600 1000 918 1000 918 1357 1133 1302|0.05 0.11928072254801636 -0.01593183047584823 -0.1361720481544293
654 1041 349 742 2453 2831 944 1141 534 1041 285 1187 1804 2511|0.05 0.05752112631386197 0.19155348116542514 0.27996115051462267
3658 1875 4007 2607 3315 9944 8618 1225 3658 2296 3513 3492 3462 6807|0.05 0.25140798220756544 0.018108648770631675 0.029480583391827686
629 533 770 770 629 629 770 533 629 67 770 1162 1162 630|0.05 -0.0035302261224690046 0.014768414754346981 -0.0012165684650200514
87 817 693 1000 1000 817 817 1000 693 817 1299 1052 1414 825|0.05 0.02133172631024971 -0.015244553472997247 -0.002099423447041726
770 533 629 629 770 770 629 533 770 67 629 839 839 1089|0.05 -0.018818269593409154 0.03753018823387633 0.005323794269334048
106 1224 848 1000 1000 1224 1224 1000 848 1224 1590 1009 1731 1288|0.05 0.021437411406040052 -0.016197208954301656 -0.0004265903190137088
245 1000 1102 1000 1000 1000 1000 1000 1836 1000 2693 1127 1002 1204|0.05 0.021908437968525263 -0.01576538729723853 -0.0029023485475854205
245 1000 1836 1000 1000 1000 1000 1000 1102 1000 2693 1204 1002 1127|0.05 -0.010394630726211496 0.050509979060959775 0.025643432451847303
371 409 371 371 371 371 371 682 371 91 371 740 905 643|0.05 0.024724508699023318 -0.014430758993565496 -0.017278648572631727
371 682 371 371 371 371 371 409 371 91 371 905 740 643|0.05 -0.031080907627684118 0.05536793821766084 0.016464416952899352
1875 1875 2069 566 1061 1989 1061 1116 1384 2092 1793 2125 1458 1482|0.05 0.1604380505085845 0.14350282984660678 0.1634352430520014
1167 772 622 316 592 1109 592 1154 1046 1046 558 928 1378 1202|0.05 0.05519825734169537 0.24869106909231498 0.03420983202444772
533 1000 533 302 302 566 566 573 595 200 595 1133 815 777|0.05 0.0485892438652491 0.005623529520915049 -0.0778145151188736
336 1000 963 507 951 951 507 896 1680 896 1680 1151 1030 1212|0.05 0.05344752396791552 0.08405656778516013 0.11000640634611925
592 1154 316 600 2301 3138 1046 1000 592 1154 316 1378 1543 2751|0.05 0.10177151105986049 0.229175689680019 0.4128231821107864
3658 1875 3169 1900 3315 9944 7292 1000 3658 1875 3169 4367 2702 6807|0.05 0.21131151477191246 0.09276568849774458 0.04449351334143703
906 906 483 273 513 961 513 866 1011 669 539 1027 778 1321|0.05 0.11354979068621596 0.15021955872551063 -0.0012110264412634741
1241 1875 1607 507 951 1782 951 896 1680 1680 1854 1491 1030 2447|0.05 0.1951533267459249 0.10569065437109337 0.23565923291891222
1241 1875 1607 963 336 2521 3697 1000 1241 1875 1607 1491 1151 1545|0.05 0.16586140988244402 -0.04408782793286381 -0.3099500713612724
1167 772 622 600 2301 1569 209 1000 1167 772 622 928 1543 2230|0.05 -0.04809840351653549 0.17285017040884254 0.1152686315685969
271 1000 2032 1511 806 806 1511 1295 777 1295 2980 1245 1202 927|0.05 0.02129409580798658 -0.0018308275385869877 -0.01726710529795006
435 261 435 507 507 270 270 682 336 91 336 670 969 643|0.05 -0.011024017411846998 0.03927562272892704 0.0053049047794040405
600 1000 2301 1167 622 622 1167 772 209 772 1569 1543 1479 716|0.05 0.03826981320021794 0.014619042003458649 -0.020619766071472423
492 133 492 744 744 397 397 1467 637 382 637 613 1421 591|0.05 0.040422220066502756 0.02687400423508679 0.0028492177362959836
1179 125 1443 1443 866 1371 1443 816 1066 102 1443 1519 1658 1373|0.05 0.053085903905167875 -0.027163911032132004 -0.040843005693661505
71 738 566 1000 1000 950 600 1000 87 817 693 1051 1414 953|0.05 -0.027811636126070516 0.05590650363440197 0.028907952069379128
106 1224 848 734 1163 1224 1224 904 87 1224 692 1009 1164 1166|0.05 -0.030746225932014593 0.057975001441221696 0.05710133123812522
1768 125 1305 1061 1768 1768 1679 1225 1768 153 1444 1275 2031 2500|0.05 0.05880537854347612 -0.030294171289028116 -0.03430140817215599
87 817 693 1000 1000 950 600 1000 71 738 566 1052 1414 1002|0.05 -0.033251962840132876 0.051988222798231565 0.02255954793894288
1305 125 1768 1768 1061 1679 1768 1225 1444 153 1768 1858 1458 2127|0.05 0.05089793812826926 -0.02657179394897291 -0.05593102345719192
1443 125 1179 866 1443 1443 1371 816 1443 102 1066 1190 1190 2041|0.05 0.05744796669104879 -0.029427835522748413 -0.03724343255145479
96 1355 766 813 1287 1355 1355 1107 117 1355 938 977 1630 1358|0.05 -0.029549000234216916 0.058199715098206095 0.05788670399158535
71 1116 566 1000 1000 738 738 1000 566 1116 1061 1002 1414 721|0.05 0.03167706406157933 -0.02992786399340641 -0.005517779892739716
1052 533 943 943 696 696 943 533 1052 67 943 1083 1373 1185|0.05 -0.01147227190128719 0.02550228103172847 0.0018214874310795715
96 1355 766 1511 1511 1355 1355 1000 766 1355 1437 977 1916 1358|0.05 0.034158166168829496 -0.036329663950952495 -0.008570695984452259
943 533 696 1052 943 943 1052 533 943 67 696 745 1374 1333|0.05 -0.004452710845864738 0.019540633786554462 -0.0036966084705813973
71 738 566 1000 1000 1116 1116 1000 566 738 1061 1051 1414 1149|0.05 0.02494637188964699 -0.015967559988668834 0.0023268651779106975
696 533 943 943 1052 1052 943 533 696 67 943 1373 1083 1185|0.05 -0.007268630912896645 0.017796867636701297 -0.00023785678853416314
943 533 1052 696 943 943 696 533 943 67 1052 1374 745 1333|0.05 -0.018321499531678276 0.030920110802268308 0.006919339241717726
63 896 507 662 662 896 896 1000 507 896 951 1030 1267 942|0.05 0.018808047227034663 -0.011705364341257907 -0.0007497117086086025
1000 1000 1000 734 2754 3182 1163 1366 904 1366 904 1731 2050 2898|0.05 0.04973270284027498 0.11933555078682545 0.3518510111933626
1511 1000 1511 813 1287 3522 3048 1107 1107 1107 1107 1916 1630 2269|0.05 0.13717863088377857 0.036577732757869796 -0.0589774333816695
1000 1000 1000 734 1163 3182 2754 904 1366 904 1366 1731 1164 2462|0.05 0.1368728429807864 0.020165645398539933 -0.057790152965983
662 1000 662 538 2016 2330 851 732 732 732 732 1267 1205 2422|0.05 0.056060035568343825 0.11315727696021183 0.3684512952165342
2483 1875 1853 1155 2309 4330 2165 1000 1443 1875 1179 3342 1915 2723|0.05 0.14434414548207375 0.07242706478180594 0.14899890323613274
1590 1224 848 979 1836 3672 1958 1571 1590 2106 848 1848 2438 3045|0.05 0.14993099922149478 0.1832394479308963 0.05225188111520174
1012 1340 540 467 1753 2337 779 1162 826 1340 441 1804 1516 1938|0.05 0.10660914675348909 0.24109928661122604 0.330493793938893
3041 1875 2637 1061 1768 5303 3977 1225 3041 2296 2269 3708 2031 4316|0.05 0.21724078909283406 0.10094920361446436 -0.02043338400912975
1768 1875 1972 1414 2828 5303 2652 1000 3041 1875 2637 2031 2236 5590|0.05 0.2222835042143223 0.09080330221598709 0.27058434260739395
711 1153 379 536 1006 2011 1073 748 711 670 379 1406 772 1590|0.05 0.10899825196572177 0.15889005895832975 0.03980517223883817
1836 1571 979 734 2754 2754 734 1366 1836 1826 979 2438 2050 3310|0.05 0.018159667651338474 0.23902115594497397 0.10620933449869696
1021 1875 1604 750 750 2812 2812 1000 1395 1875 1865 1081 1250 2094|0.05 0.2339158598917157 0.07257593591081468 -0.14004804285907335
1006 748 536 402 1508 1508 402 860 1006 548 536 772 1119 1813|0.05 0.06643203052584479 0.19509210686202927 0.29086695718653965
1865 1875 1395 750 750 2812 2812 1000 1604 1875 1021 2665 1250 2087|0.05 0.20887974555904076 0.003445222807982873 -0.1438551610546046
693 200 693 1600 1600 800 800 1000 693 200 693 825 1887 1327|0.05 0.002973408713109471 0.03297776407570563 0.009038944406072336
289 1000 1443 2309 1155 1155 2309 1000 289 1000 1443 1190 1915 1190|0.05 0.028178931738529478 0.007771341987090619 -0.022395475668103293
693 200 693 1600 1600 800 800 1000 693 200 693 825 1887 1327|0.05 -0.0019375793328513247 0.04381052174096345 0.0013823342463359367
289 1000 1443 2309 1155 1155 2309 1000 289 1000 1443 1190 1915 1190|0.05 0.033856852963982664 0.0014895589586427782 -0.025399697405986688
866 2000 866 250 250 1250 1250 1000 866 2000 866 1658 1031 1031|0.05 0.3218106509406904 0.057744992272794615 -0.13974395856594102
2309 1000 1155 289 1443 1443 289 1000 2309 1000 1155 1915 1190 2723|0.05 0.018436016263445598 0.2904425571951563 0.2539044694904802
866 2000 866 250 250 1250 1250 1000 866 2000 866 1658 1031 1031|0.05 0.2678614319504069 0.042638727264621146 -0.1851575106456682
2309 1000 1155 289 1443 1443 289 1000 2309 1000 1155 1915 1190 2723|0.05 0.020510522451262503 0.3027706712874867 0.2282877227175395
281 1000 1403 1549 1043 1043 1549 1875 2105 1875 4210 1181 1211 1296|0.05 0.14459762978533464 -0.022507812025459595 0.029729973078984617
445 500 445 368 368 248 248 333 238 67 238 836 685 571|0.05 0.025746228469536447 0.021700351091773484 -0.03982813492548698
959 1484 1797 2018 269 1345 4035 1000 959 1484 1797 1161 1242 1132|0.05 0.10883104996818327 -0.04455805529629764 -0.1669484503976737
269 1000 2018 1797 959 959 1797 1484 1345 1484 4035 1242 1161 1132|0.05 0.04519370945005319 -0.024844892970896648 -0.016149109224044
826 533 556 1123 2245 748 150 1000 826 533 556 646 1876 1537|0.05 0.01713052306699714 0.09401954947544588 0.06086995616902069
368 333 368 445 445 238 238 500 248 67 248 685 836 571|0.05 -0.004664092091016814 0.02676554204792403 0.0020859473924050853
1443 1875 1179 1155 2309 4330 2165 1000 2483 1875 1853 2179 1915 4564|0.05 0.18120291917837594 0.11485140535013816 0.2799831364637373
1012 1340 540 623 1169 2337 1247 637 1012 779 540 1804 674 1938|0.05 0.05680162623675988 0.0418927042022732 0.06058509335309159
573 333 573 354 354 189 189 500 528 67 528 814 791 673|0.05 -0.023367972877248455 0.049563555582072816 0.004242520234121194
354 500 354 573 573 528 528 333 189 67 189 791 814 673|0.05 -0.023869975050498926 0.0575438144951379 0.011695981340573702
354 1000 1768 3041 2798 2798 3041 1875 2652 1875 5303 1275 2842 2961|0.05 0.10202962841719954 -0.05277057352834569 0.00021014526624840713
1622 533 1492 1414 2828 943 189 1000 1622 533 1492 1516 2236 2302|0.05 -0.020762679421783004 0.11897224853907318 0.044156172596054866
126 1000 948 670 357 357 670 1087 632 1087 1895 1058 1016 456|0.05 0.03539523512228859 -0.024023238287799176 -0.019107054045889305
357 1087 670 948 126 632 1895 1000 357 1087 670 1016 1058 456|0.05 0.11322538756938894 -0.027004094708962256 -0.14110106132104616
3041 1875 2637 1414 2828 5303 2652 1000 1768 1875 1972 3708 2236 3335|0.05 0.204696680017602 0.11423493706476551 0.1872343949724753
951 896 507 717 1344 2689 1434 1337 951 1542 507 1030 1911 2126|0.05 0.026199224391094678 0.028123253800937942 -0.007640575776572955
711 1153 379 402 1508 2011 670 860 871 1153 464 1406 1119 2133|0.05 0.1015880129601543 0.2309876387415355 0.35107402654823927
2483 1875 1853 866 1443 4330 3248 816 2483 1531 2153 3342 1190 3524|0.05 0.21088367507524852 0.07092967813395301 0.01513754849419291
1344 1337 717 538 2016 2016 538 732 1344 1150 717 1911 1205 2424|0.05 0.04880453056195222 0.23901609654897404 0.2599727342568481
1395 1875 1865 750 750 2812 2812 1000 1021 1875 1604 1439 1250 1681|0.05 0.15698531317136943 -0.01541706487296346 -0.18108568545080028
1169 637 623 467 1753 1753 467 1162 1169 869 623 674 1516 2107|0.05 0.00901565186573361 0.2001201811203912 0.11752387084434046
1604 1875 1021 750 750 2812 2812 1000 1865 1875 1395 2490 1250 2432|0.05 0.17111743571427418 0.0005914301254605903 -0.16622351776973354
354 1000 1768 1225 230 230 1225 604 88 604 354 1275 1195 290|0.05 0.10299026766428021 0.0006603261411131101 -0.08787551293191864
566 200 566 693 693 130 130 200 342 50 342 721 825 676|0.05 -0.04187430975973627 0.06043689086883797 0.001221859778990364
1709 250 1709 3464 3464 650 650 5000 2828 1000 2828 1781 4123 2000|0.05 0.042120538483039205 0.09767207934204158 0.009815845628353692
146 1000 585 2027 380 380 2027 1655 585 1655 2925 1042 1170 480|0.05 0.0603971046970897 -0.20842642280200052 -0.05022946455247257
176 975 330 2032 271 68 1651 1000 176 975 330 1055 1245 222|0.05 0.10128832407213295 -0.005988920515715979 -0.08400241719401347
2956 533 3031 6158 5004 205 821 1000 2956 533 3031 3198 5640 3125|0.05 -0.008130386199350914 0.10703870403958593 -0.007028752936142357
1123 533 1275 2340 1901 78 312 1000 1123 533 1275 1604 2334 1188|0.05 -0.0024594800871657885 0.09571367599115144 -0.003945248897276876
418 881 785 1836 245 61 1492 1000 418 881 785 1258 1204 436|0.05 0.1050710823053258 -0.006800166689246989 -0.07655982767643676
187 921 1000 2828 1414 1149 1414 1000 187 921 1000 1106 2236 1288|0.05 -0.011684229474853147 0.034842552030749374 0.00506453692935116
921 187 1000 2828 1414 1149 1414 1000 921 187 1000 1106 2236 1572|0.05 0.008445039755429207 0.026105448439825985 -0.017760990175784697
2828 1000 1414 187 1000 1000 187 921 1414 921 1149 2236 1000 2236|0.05 0.0039669336288405965 0.2484224665417134 0.2775189044210191
801 1231 801 163 163 870 870 1231 870 2462 870 1368 1121 962|0.05 0.3256487173681011 -0.004878597082970115 -0.2382491899339867
269 1049 144 766 1437 1323 705 1355 1437 1511 766 1119 1972 1437|0.05 0.06909570574934909 0.4215472828384237 0.06294031248590182
1972 1875 1768 1000 921 1726 1875 187 1369 352 1305 2577 1106 1076|0.05 0.02684483164298479 0.005769210615629294 -0.023077197240599645
943 533 1052 921 1000 533 491 188 696 100 730 1374 1000 1373|0.05 -0.04292555177744295 0.07268749336886371 0.009661290013232016
204 1086 1086 1143 793 756 1024 533 109 579 579 1086 1616 846|0.05 -0.02040821854702335 0.03947173626322131 0.026254990026588487
137 953 257 1261 673 731 1370 1441 731 1291 1370 1067 786 808|0.05 0.0661723310897 -0.25079040479927484 -0.04667460864708706
1000 187 921 1972 1768 1305 1369 1875 1875 352 1726 1000 2031 1398|0.05 0.07695656523386996 -0.04274555843216565 -0.024125160107627552
354 1000 1768 1000 187 230 1225 921 221 604 1061 1275 1106 290|0.05 0.07845303136777337 -0.013622465601751399 -0.07451352673223499
921 187 1000 1768 1061 221 354 1225 604 230 1000 1106 1458 1100|0.05 -0.03421013709818399 0.07583773934822569 -0.003930709587940395
2828 5000 2828 530 650 3464 2828 625 1709 3000 2604 3606 820 2000|0.05 0.5824077643610348 0.13645887877650198 0.01084019708624373
1768 1000 354 230 1225 1000 187 604 1061 921 221 1275 707 2031|0.05 0.03258390986474957 0.598490617775127 0.2828291821471596
566 200 566 693 566 106 130 600 521 125 342 721 1149 625|0.05 -0.043421975602564444 0.0820004165274546 -0.003698941495851038
230 604 1225 1768 354 221 1061 1000 187 921 1000 1195 1275 400|0.05 0.0824147599725289 -0.04604320190380262 -0.044551308749019025
570 208 868 943 1155 217 177 1667 943 333 943 1037 1915 667|0.05 -0.014501746214493627 0.07912716382018514 0.002656189029841549
1152 656 240 204 1086 1330 249 1086 1920 1086 384 747 1201 2206|0.05 0.13707769929747204 0.9190545739899925 0.5898330593114043
4167 4800 2735 1039 849 4525 5543 1600 4525 8000 4525 4976 1311 5004|0.05 1.0345017370184562 0.04499579687117894 -0.08224270960455304
366 1523 1755 2027 380 310 1655 1655 585 1655 2925 1138 1170 480|0.05 0.06577766507235072 -0.05575638144621364 -0.06013656000283363
133 906 162 492 492 516 480 133 71 83 87 1009 613 473|0.05 -0.011616967638908848 0.04040354286199532 0.009693532328691745
962 816 1540 5683 5543 5961 5683 1875 10464 1531 11547 1743 5551 6789|0.05 0.08541197950539203 0.06557267342389483 0.014876140596458143
240 656 1152 2142 1487 1383 1569 1875 2610 1231 4320 1194 1169 1584|0.05 0.08606564126746319 -0.06484365824272587 -0.0031857971797444318
538 732 2016 875 467 306 574 694 112 645 1218 1501 1415 557|0.05 0.0364016862950467 0.022775754910333568 -0.029394349428860655
285 604 434 496 363 320 344 267 152 56 231 978 744 457|0.05 -0.020149761674944644 0.04587839183601172 0.010493572930725392
530 92 570 718 472 251 383 1655 601 441 821 649 1196 554|0.05 0.03750703988160131 0.033411396674660754 0.007268265312747602
174 1075 1888 890 475 723 1356 1135 833 1549 3125 1145 1046 864|0.05 0.0373161435262781 -0.022529257922304646 -0.021722943749236112
496 267 363 285 434 231 152 604 344 56 320 598 722 701|0.05 -0.014517387546715277 0.03844365640395475 0.0041744162105028515
187 921 1000 2828 1414 1282 2121 1000 230 604 1225 1106 2236 1295|0.05 0.032939631746899956 0.007683229287853699 -0.012232148159878609
493 188 816 2309 1732 1046 1155 816 752 153 816 976 2449 1251|0.05 -0.007965602610900957 0.05105298159247429 -0.013607791638309275
2828 1000 1414 187 1000 1225 230 921 2121 604 1282 2236 1000 2345|0.05 0.020664340972902373 0.26887868648148405 0.31527573851535706
1000 187 921 2121 2828 1414 1282 1225 1000 230 604 1000 3000 2236|0.05 0.009257773126467583 0.03151526257664905 0.01616716622363512
380 1655 2027 3510 2121 2340 4680 1523 310 1655 1655 1170 2535 2143|0.05 0.03504463068538133 0.007166670614218162 -0.027537604207225064
472 1655 718 146 179 956 780 1103 780 2207 780 1196 1113 932|0.05 0.26404700813023263 0.043014445577325144 -0.3074447724912599
1000 1000 1000 906 2719 2719 906 1000 1000 1000 1000 1282 1861 2897|0.05 0.057009889645489586 0.12302329455826211 0.19961910144729922
1000 1000 1000 906 906 2719 2719 1000 1000 1000 1000 1535 1350 1861|0.05 0.10575265316941529 -0.02046009623578815 -0.13702219008352112
1000 1000 1000 906 2719 2719 906 1000 1000 1000 1000 1535 1861 2897|0.05 0.006818546304905304 0.14992553432011224 0.19149893318889166
1000 1000 1000 906 906 2719 2719 1000 1000 1000 1000 1282 1350 1861|0.05 0.09517541838780508 0.04173786646972211 -0.131463119285965
2719 1000 2719 906 2719 2719 906 1000 2719 1000 2719 2897 1861 3845|0.05 -0.039039162699773255 0.17432128805541014 0.057294801964933306
368 1000 368 333 333 1000 1000 1000 368 1000 368 1066 1054 685|0.05 0.12300535321221995 -0.01228544039746815 -0.16384668286823278
2719 1000 2719 906 2719 2719 906 1000 2719 1000 2719 2897 1861 3845|0.05 0.034959430533259006 0.1480635901831162 0.20340697539531494
368 1000 368 333 333 1000 1000 1000 368 1000 368 1066 1054 685|0.05 0.1073166040500051 0.061778672686092495 -0.09806988554202478
254 1007 135 766 1437 1810 965 1355 1355 1495 722 1032 1972 1975|0.05 0.035079212905273494 0.27097172952800674 0.01798907752907697
2069 1875 1875 1061 1336 2505 1989 188 1394 352 1384 2652 1077 1618|0.05 0.05661089562734922 0.024434386788698692 -0.03772200543434967
1000 533 1104 1336 1061 566 713 188 738 100 743 1414 1458 1456|0.05 -0.027155859107820257 0.045677232813363666 0.010370287762313524
140 794 748 826 556 553 748 533 75 423 399 1091 1281 570|0.05 -0.023961141569146527 0.040925576512849116 0.026424959770516843
135 993 252 1797 959 761 1427 1484 717 1345 1345 1025 1161 773|0.05 0.05910128983830587 -0.20023089939463112 -0.039206373583433596
1061 188 1336 2069 1875 1384 1394 1875 1989 352 2505 1458 2125 1482|0.05 0.08311145739873238 -0.049134157461867556 -0.026246744985543025
354 1000 1768 943 177 177 943 1260 354 1260 1768 1275 1016 395|0.05 0.07871292937824181 -0.032750489238118075 -0.06758088743974655
1336 188 1061 1875 1875 375 375 1000 1336 188 1061 1077 2125 1577|0.05 -0.041786161362169505 0.08410505568028137 -0.0019852018151345074
2828 5000 2828 500 500 2667 2667 1000 3563 5000 3563 3606 1118 3887|0.05 0.5364241075803222 0.04162046778378725 -0.12822677052900744
943 1260 177 354 1768 1768 354 1000 943 1260 177 1374 1275 2003|0.05 0.10145573420188292 0.7611416887155364 0.48434978611240576
1768 1000 354 177 943 943 177 1260 1768 1260 354 1275 1374 2003|0.05 0.05072212380084151 0.5585679079555139 0.37002870186362946
7126 5333 5657 2000 2000 10000 10000 1000 7126 5333 5657 7775 2236 8413|0.05 0.8390240081103051 0.08090137686320276 -0.0711492619990961
566 200 566 533 533 100 100 1000 713 200 713 721 1133 574|0.05 -0.04469969183715561 0.09390911642877864 -0.0037580528767344745
177 1260 943 1768 354 354 1768 1000 177 1260 943 1016 1275 395|0.05 0.06459722348807206 -0.021916432523463314 -0.059678101271125605
140 794 748 1403 281 281 1403 1000 140 794 748 1091 1181 314|0.05 0.08769715193496008 -0.04248206028740098 -0.06746456603716422
713 200 713 533 533 100 100 1000 566 200 566 841 1133 777|0.05 -0.03410735731036896 0.07716046861549586 0.00550915181057654
5657 5333 7126 2000 2000 10000 10000 1000 5657 5333 7126 5745 2236 7211|0.05 0.8735789266785976 0.07556056633875485 -0.0059550466919156
1403 1000 281 140 748 748 140 794 1403 794 281 1181 806 1590|0.05 0.053727465604973546 0.5228820239636334 0.41945773871326475
3563 5000 3563 500 500 2667 2667 1000 2828 5000 2828 4206 1118 2872|0.05 0.6748299729943641 0.0782767153138697 -0.11063483284759257
748 794 140 281 1403 1403 281 1000 748 794 140 806 1181 1590|0.05 0.049789983448835784 0.6391820304281559 0.2907937696274132
1061 188 1336 1875 1875 375 375 1000 1061 188 1336 1458 2125 1352|0.05 -0.03605002298230131 0.07809981221580387 0.003024483922446919
281 1000 1403 748 140 140 748 794 281 794 1403 1181 1091 314|0.05 0.06500038021812315 -0.021926430687199128 -0.061647562132441935
1336 188 1061 1875 2069 1394 1384 1875 2505 352 1989 1077 2652 1618|0.05 0.07785509825945391 -0.04524866269019823 -0.029010672545733973
135 1007 254 1437 766 965 1810 1355 722 1495 1355 1009 1071 1053|0.05 0.06738209697421338 -0.23974902418516852 -0.04573239308876875
177 1260 943 943 696 701 1040 533 94 672 503 1016 1373 702|0.05 -0.025271680665062135 0.043413053674805635 0.027144228719759855
1104 533 1000 1061 1336 713 566 188 743 100 738 1133 1077 1712|0.05 -0.038319242607638415 0.06347436211397328 0.008083071956881405
1875 1875 2069 1336 1061 1989 2505 188 1384 352 1394 2125 1458 1482|0.05 0.06437663648015013 0.015114734520240702 -0.04645889963552974
252 993 135 959 1797 1427 761 1484 1345 1345 717 1002 2303 1449|0.05 0.048264118907246356 0.30698119703085336 0.0521196446809058
177 1260 943 2828 1414 1414 2828 1000 177 1260 943 1016 2236 1425|0.05 0.04086882838854056 0.0012004921385577738 -0.023862484785063254
1336 188 1061 3000 3000 1500 1500 1000 1336 188 1061 1077 3162 2507|0.05 0.008816968193834374 0.028163990801053362 0.006307541776717773
707 2000 707 125 125 667 667 1000 891 2000 891 1581 1008 972|0.05 0.23788311590813072 0.056458990628767136 -0.2746939735618237
2828 1000 1414 177 943 943 177 1260 2828 1260 1414 2236 1374 2981|0.05 0.05617422001340744 0.2742421684519525 0.474574645556991
1061 188 1336 3000 3000 1500 1500 1000 1061 188 1336 1458 3162 2372|0.05 0.011439665142631839 0.024927681839035376 0.006555773189893532
140 794 748 2245 1123 1123 2245 1000 140 794 748 1091 1876 1131|0.05 0.038283292586029916 0.0017712631922317534 -0.025765206922253592
2245 1000 1123 140 748 748 140 794 2245 794 1123 1876 806 2367|0.05 0.04763652586089462 0.32046801033275507 0.38798110256806906
891 2000 891 125 125 667 667 1000 707 2000 707 1671 1008 718|0.05 0.27043086322266596 0.0674561483895264 -0.25640854766170285
507 682 507 455 455 1364 1364 1000 507 682 507 969 1098 937|0.05 0.10483535719940207 -0.023964571481546182 -0.15311256688409158
1344 1000 1972 896 2689 2689 896 1000 1344 1000 1972 1911 1847 3006|0.05 -0.0475128597193053 0.13103691804003503 0.03930097123853171
507 682 507 455 455 1364 1364 1000 507 682 507 969 1098 937|0.05 0.11963019237724692 -0.011921843114645059 -0.20546584941284252
1344 1000 1972 896 2689 2689 896 1000 1344 1000 1972 1911 1847 3006|0.05 0.03980676861447874 0.08275728576421892 0.21799121769344953
354 1000 1768 1000 187 187 1000 921 354 921 1768 1275 1106 400|0.05 0.09743866841390281 -0.0537678130574315 -0.07150821275876851
921 187 1000 1768 1768 354 354 1000 921 187 1000 1106 2031 1214|0.05 -0.027178165565168166 0.07214859239745186 0.0020041094447376118
2828 5000 2828 530 530 2828 2828 1000 2604 5000 2604 3606 1132 2828|0.05 0.7332318827749851 0.08471665970333664 -0.05235422048073035
1000 921 187 354 1768 1768 354 1000 1000 921 187 1000 1275 2031|0.05 0.037997377126415266 0.5374308156200547 0.330082762328503
1768 1000 354 187 1000 1000 187 921 1768 921 354 1275 1000 2031|0.05 0.09570309355842577 0.7216602203499445 0.49256230726054895
4910 5333 5333 1886 1886 9428 9428 1000 4910 5333 5333 5333 2134 6472|0.05 0.7268429179961466 0.06360578801501537 -0.07222253889793584
566 200 566 566 566 106 106 1000 521 200 521 721 1149 625|0.05 -0.04682729419978493 0.09142806013613836 -0.00363670645057379
187 921 1000 1768 354 354 1768 1000 187 921 1000 1106 1275 400|0.05 0.08414459353105697 -0.03896751325454195 -0.06411740922246945
204 1086 1086 1920 384 384 1920 1000 204 1086 1086 1086 1318 435|0.05 0.08618026298439885 -0.043095036519184005 -0.066137580594674
521 200 521 566 566 106 106 1000 566 200 566 686 1149 566|0.05 -0.036219533515605695 0.08059111517672912 0.0041953893571644585
5333 5333 4910 1886 1886 9428 9428 1000 5333 5333 4910 5897 2134 6799|0.05 0.7247801841297763 0.08098184610114467 -0.05414085824370973
1920 1000 384 204 1086 1086 204 1086 1920 1086 384 1318 1201 2206|0.05 0.018674451423135174 0.6193496603507098 0.1862123570880736
2604 5000 2604 530 530 2828 2828 1000 2828 5000 2828 3432 1132 3127|0.05 0.617231101994633 0.047822089379854216 -0.08130753391995427
1086 1086 204 384 1920 1920 384 1000 1086 1086 204 1201 1318 2206|0.05 0.07824647237681503 0.839093878073891 0.3705290241584125
1000 187 921 1768 1768 354 354 1000 1000 187 921 1000 2031 1275|0.05 -0.02554761162045338 0.06719440443208269 0.006565177049022708
384 1000 1920 1086 204 204 1086 1086 384 1086 1920 1318 1086 435|0.05 0.06192598937975191 -0.020379540401365137 -0.0587853115043524
67 1104 533 1000 1000 1000 1000 1000 67 1104 533 1002 1414 1002|0.05 -0.013636159491242639 0.040719352648956875 0.027883693515713404
2069 125 1875 1875 1875 1875 1875 1000 2069 125 1875 1879 2125 2792|0.05 0.05311054518229774 -0.03191226014432891 -0.028247222601982536
1875 125 2069 1875 1875 1875 1875 1000 1875 125 2069 2125 2125 2652|0.05 0.038238270767514404 -0.016984418959024028 -0.024810887460278153
60 906 483 906 906 906 906 1000 60 906 483 1027 1350 908|0.05 -0.021000901104101244 0.04289211571458784 0.019193161025403693
384 1000 1920 2142 1487 1487 2142 1875 2880 1875 5760 1318 1169 1821|0.05 0.10391382341299771 -0.03662142139982949 0.006021911599103369
326 500 326 372 372 258 258 333 174 67 174 778 687 526|0.05 0.009925141227025147 0.029469115439044735 -0.027175317287074785
673 1441 1261 1937 258 1291 3874 1000 673 1441 1261 786 1225 887|0.05 0.10161615737047214 -0.002442857032359802 -0.1303985147403175
258 1000 1937 1261 673 673 1261 1441 1291 1441 3874 1225 786 887|0.05 0.047938506898310695 -0.04825850107835539 -0.02642020945632928
1143 533 793 1536 3072 1024 205 1000 1143 533 793 623 2391 2110|0.05 -0.01645270739765614 0.11213646085018514 0.031572627926304
372 333 372 326 326 174 174 500 258 67 258 687 778 526|0.05 -0.02407716688600403 0.053464944059335995 0.0028225284266492068
1305 125 1768 1768 1768 1768 1768 1000 1305 125 1768 1858 2031 2197|0.05 0.043700805126898334 -0.019382483353727054 -0.024251322144366316
71 738 566 1000 1000 1000 1000 1000 71 738 566 1051 1414 1002|0.05 -0.022724023894038492 0.04340872977620647 0.019757187089886052
96 1355 766 1355 1355 1355 1355 1000 96 1355 766 977 1684 1358|0.05 -0.021115433893802438 0.04797664807047797 0.02149265649845633
1768 125 1305 1768 1768 1768 1768 1000 1768 125 1305 1275 2031 2500|0.05 0.042139010282955525 -0.02219078070505698 -0.025015146449369752
662 1000 662 896 2689 2689 896 1000 662 1000 662 1267 1847 2769|0.05 0.04245806330390289 0.1094069701974476 0.22085248902102173
1511 1000 1511 1355 1355 4064 4064 1000 1511 1000 1511 1703 1684 2791|0.05 0.1782508244846337 -0.04135004183871693 -0.1154097306360291
662 1000 662 896 2689 2689 896 1000 662 1000 662 1127 1847 2769|0.05 0.005080813628466352 0.1078888822158186 0.12983878627535805
1511 1000 1511 1355 1355 4064 4064 1000 1511 1000 1511 1916 1684 2791|0.05 0.12705456598644194 0.017405493959199436 -0.09420576453353258
1875 1875 2069 533 1000 1875 1000 1104 2069 2069 2121 2125 1414 2652|0.05 0.1533214684384565 0.0882750503124341 0.11152478798905019
975 975 520 251 471 884 471 975 884 884 471 1185 1007 1002|0.05 0.08756990864133174 0.14844220421263987 0.05746931514789111
906 906 483 258 483 906 483 1025 1000 1000 533 1027 1111 1282|0.05 0.0810198846222443 0.2124705067395949 0.08573462281361133
1875 1875 1922 483 906 1699 906 906 1699 1699 1875 2277 1027 1926|0.05 0.1758651216520879 0.1303669234911764 0.13521055631203538
573 533 333 333 573 573 333 533 573 67 333 629 629 1046|0.05 -0.010033834241456319 0.022229242675682048 0.0012716149291436274
200 1720 1600 1000 1000 1720 1720 1000 1600 1720 3000 1020 1414 1887|0.05 0.03596466248125374 -0.03352511904655464 -0.0033839815772851445
333 533 573 573 333 333 573 533 333 67 573 1054 1054 471|0.05 0.000817832692414644 0.0081991880314769 -0.004841855554338359
116 581 930 1000 1000 581 581 1000 930 581 1744 1097 822 593|0.05 0.017377301030425674 -0.011616301957403374 0.000138840593080225
200 1720 1600 1000 1000 1000 1000 1000 200 1720 1600 1020 1414 1020|0.05 -0.03021138899648168 0.054358675589654126 0.03190952122554824
1075 125 625 625 625 625 625 1000 1075 125 625 637 1179 1244|0.05 0.04970544611416994 -0.02229575859000077 -0.025452179380301976
625 125 1075 625 625 625 625 1000 625 125 1075 1179 1179 884|0.05 0.05705472655696209 -0.03176839702718093 -0.030598365705249986
116 581 930 581 581 581 581 1000 116 581 930 1097 1157 593|0.05 -0.013696390475471665 0.04000155608882672 0.027822202591425427
581 1000 581 581 1744 1744 581 1000 581 1000 581 1157 1419 1838|0.05 -0.004623897874233007 0.13020779373166702 0.10394776614635948
1720 1000 1720 1000 1000 3000 3000 1000 1720 1000 1720 1990 1414 2441|0.05 0.1531253454471293 0.020687461855206646 -0.2007893597589172
581 1000 581 581 1744 1744 581 1000 581 1000 581 1157 1419 1838|0.05 0.07351242406542946 0.09849783778116628 0.26281948440095126
1720 1000 1720 1000 1000 3000 3000 1000 1720 1000 1720 1990 1414 2441|0.05 0.13880838778037585 0.006929971261477874 -0.0710027440636285
1000 1000 1000 581 1744 1744 581 1000 1000 1000 1000 822 1419 2010|0.05 -0.004004132003682104 0.15804067795895493 0.1641780660328207
1000 1000 1000 581 581 1744 1744 1000 1000 1000 1000 1823 1157 1419|0.05 0.14232960847372356 -0.017421332200650008 -0.1509082772482051
1000 1000 1000 581 1744 1744 581 1000 1000 1000 1000 1823 1419 2010|0.05 -0.027327441129968433 0.12935882215620698 0.10333320869411189
1000 1000 1000 581 581 1744 1744 1000 1000 1000 1000 822 1157 1419|0.05 0.13214234114722112 -0.047568501091797 -0.12271813299041034
1090 1875 1398 581 1744 3269 1090 1000 1875 1875 1652 1479 1419 3446|0.05 0.19363929169155636 0.13241211446803236 0.5206143016821874
1135 1135 605 352 660 1979 1055 846 1135 660 605 1518 789 1610|0.05 0.12385363084259637 0.18468258103645274 -0.03443943331110422
1000 533 881 581 1744 930 310 1000 581 533 745 1027 1419 1838|0.05 -0.035636114573536215 0.12089210103305437 0.060299518403810204
716 780 1342 780 416 1248 2339 1182 716 1342 1342 1552 933 1015|0.05 0.11340219054925216 -0.010934888203893989 -0.13860473840057397
906 1000 906 906 2719 2719 906 1000 906 1000 906 1350 1861 2866|0.05 0.034874924459393775 0.1401064749557701 0.2688992213274055
1104 1000 1104 1000 1000 3000 3000 1000 1104 1000 1104 1489 1414 2054|0.05 0.1170570305130414 -0.036746700266095944 -0.15952981297122082
906 1000 906 906 2719 2719 906 1000 906 1000 906 1350 1861 2866|0.05 0.04271548724435803 0.13762534906924806 0.2007871569782238
1104 1000 1104 1000 1000 3000 3000 1000 1104 1000 1104 1489 1414 2054|0.05 0.12980067241443516 0.025668222229020543 -0.11030451062996605
573 333 573 573 333 156 268 533 600 116 506 814 1054 594|0.05 -0.03479275743831445 0.08452994522745616 -0.007223526229753752
1000 467 883 930 1744 581 201 581 1000 271 1047 1027 1097 1419|0.05 -0.023817510554580146 0.0976109312132678 0.032830192996713414
228 1185 1053 1132 528 307 658 1132 658 1132 1974 1062 1163 383|0.05 0.045250674917933775 -0.022075393358881312 -0.028842185045534485
259 955 555 888 192 555 1666 844 446 955 955 1105 1118 613|0.05 0.07030102127984827 0.0013386749783039775 -0.09639603556624632
625 1875 1075 502 502 1075 1075 417 848 625 950 1179 818 1244|0.05 0.06646978486633648 0.0495826134258448 0.020447828927041556
581 467 789 581 1744 930 387 1000 1000 467 883 1157 1419 1097|0.05 -0.008830643828184881 0.07091308113786443 0.09429557250537846
528 1132 1132 658 439 1053 1974 893 528 658 1132 1163 1301 861|0.05 0.10246248970020799 -0.031387921024484955 -0.14975349534101068
2143 2143 1892 830 1993 3737 1246 1000 1246 2143 1690 2760 1629 2350|0.05 0.1996703398622901 0.1728040049354096 0.28799416891064133
658 893 439 528 1132 1132 528 1132 1974 658 1053 826 1459 1607|0.05 0.04569370997244082 0.33125836745313997 0.144391457790205
1268 737 592 491 737 2210 1179 1120 1268 1268 592 945 1457 1799|0.05 0.12333576324532913 0.19996261152687378 -0.026953518237470275
573 333 573 573 739 345 268 533 391 116 506 814 783 859|0.05 -0.03012498305994038 0.057245707002420154 0.006464617698869191
1000 467 883 930 1744 581 201 1289 1000 602 681 1027 2010 1419|0.05 0.0037380523752172934 0.07678494179248485 0.04142657284680329
228 771 1053 1132 528 681 1460 1132 658 1132 1974 1163 1163 844|0.05 0.08785112648403315 -0.07053768409188033 -0.03603359742774259
883 1468 1893 1366 296 853 2560 1297 685 1468 1468 1289 1102 746|0.05 0.08893364696614281 -0.006051403111662079 -0.10237174493030965
1075 1875 625 647 647 1386 1386 417 732 625 595 1976 914 944|0.05 0.1084597125847675 0.040170887148431866 -0.04367762984960111
966 2143 920 644 1546 2898 966 1000 1662 2143 1132 1776 1413 3055|0.05 0.18060129469930297 0.11999734492780467 0.31543759563076534
1051 1231 700 1087 2330 2330 1087 1051 3152 1807 1681 1811 1931 2956|0.05 -0.007694228367380873 0.0982900412716381 0.021084547556018407
1893 1468 883 569 853 2560 1366 812 1893 853 883 2200 683 2402|0.05 0.16625763397189797 0.10354364023053897 0.06989901421532219
776 467 528 451 1353 721 301 1000 451 467 429 681 1269 1426|0.05 -0.004477055742690972 0.09372770240716033 0.10641989985004319
1087 1051 2330 1051 700 1681 3152 1231 1087 1807 2330 1856 840 1536|0.05 0.09397795856059155 -0.01495902197399035 -0.13687916730599547
737 1120 491 255 1179 1179 255 701 737 863 491 1457 808 1390|0.05 0.0374507463356033 0.22270635049069343 0.3399555645424934
2036 1500 2279 520 520 2400 2400 1000 1428 1500 1757 1883 1127 1645|0.05 0.2160746887033227 0.046306719163649035 -0.2246975198807455
853 812 569 296 1366 1366 296 1297 853 1158 569 683 1508 1610|0.05 0.054091142765131384 0.193176878941288 0.4426215913803211
1757 1500 1428 520 520 2400 2400 1000 2279 1500 2036 2586 1127 2650|0.05 0.21844815156280228 0.042856752450923796 -0.19743966052538586
255 701 1179 737 491 491 737 1120 255 863 1179 1201 925 554|0.05 0.012725713727896881 0.03052654769478469 -0.004081588505119305
732 217 950 625 625 417 417 1000 595 217 848 1104 1179 1078|0.05 0.029767143214267655 0.011297342682787814 -0.0013946432857636637
296 1297 1366 853 569 569 853 812 296 1158 1366 1102 1472 641|0.05 0.03792560461634231 0.006959494410154754 -0.006708414969640586
848 217 595 625 625 417 417 1000 950 217 732 685 1179 784|0.05 0.015092974879258314 0.016354521652186538 0.0023245604938981757
625 1875 1075 647 647 1386 1386 417 595 625 732 1179 914 1104|0.05 0.11875486228462684 0.10754387802113685 0.03458001608909633
451 467 429 451 1353 721 301 1000 776 467 528 796 1269 851|0.05 -0.014810121022987843 0.09168525790132387 0.08328852844588619
883 1468 1893 853 569 1366 2560 812 883 853 1893 1289 1472 1248|0.05 0.08812298754358183 -0.002824767328770683 -0.1115777356570391
1662 2143 1132 644 1546 2898 966 1000 966 2143 920 2490 1413 1823|0.05 0.20287156997674138 0.13058973210772873 0.37175878755519864
853 812 569 883 1893 1893 883 1468 2560 853 1366 683 2200 2402|0.05 0.10149449838253277 0.3345357219957612 0.14434583021658565
2330 1051 1087 700 1051 3152 1681 1231 2330 1807 1087 1931 1811 2956|0.05 0.10823871897273296 0.09365917220204745 -0.03406262273623062
573 333 573 739 573 268 345 533 506 116 391 814 1153 739|0.05 -0.01196945015049522 0.04706739565401685 0.00323216502459589
776 467 528 721 1353 451 156 776 776 362 685 681 1059 1101|0.05 -0.00280848858348115 0.06601733949802124 0.04338661618642492
296 1297 1366 1893 883 685 1468 1468 853 1468 2560 1102 1289 746|0.05 0.05845564120167568 -0.04307982571299829 -0.03237632499530907
528 1132 1132 1053 228 658 1974 771 681 1132 1460 1163 1163 844|0.05 0.10170265462556838 -0.04421035812502305 -0.1320389722906945
1075 1875 625 502 502 1075 1075 417 950 625 848 1976 818 1104|0.05 0.11080261756868603 0.09403916419383984 -0.00883161475995764
1246 2143 1690 830 1993 3737 1246 1000 2143 2143 1892 1597 1629 3939|0.05 0.16460639570315516 0.14318049798749843 0.2538509776978226
737 1120 491 592 1268 1268 592 737 2210 1268 1179 1457 945 1799|0.05 0.06379261333504527 0.18860045474015097 0.03522608660569748
1132 1132 528 439 658 1974 1053 893 1132 658 528 1459 826 1607|0.05 0.1407576968062485 0.18507534275702842 -0.03309407087020655
1000 467 883 581 1744 930 387 1000 581 467 789 1027 1419 1838|0.05 -0.01774461041681663 0.11145749493908674 0.06692047223261666
592 737 1268 737 491 1179 2210 1120 592 1268 1268 1466 925 964|0.05 0.1157698150339237 -0.027872592740075808 -0.14585507196438696
1051 1231 700 364 1681 1681 364 1426 1051 1596 700 1811 1712 1982|0.05 0.0502493498149148 0.2121301500111028 0.396321346912043
1428 1500 1757 520 520 2400 2400 1000 2036 1500 2279 1199 1127 2444|0.05 0.19438109025839534 0.03868593432889256 -0.2392675986911008
658 893 439 228 1053 1053 228 771 658 626 439 826 850 1242|0.05 0.023068968158139747 0.21724024060664204 0.2927392612022839
2279 1500 2036 520 520 2400 2400 1000 1757 1500 1428 2966 1127 1938|0.05 0.19685344846780195 0.038971921259054465 -0.26085885106785334
364 1426 1681 1051 700 700 1051 1231 364 1596 1681 1152 840 789|0.05 0.003136614171244112 0.03975669902013035 0.006121030420245255
950 217 732 625 625 417 417 1000 848 217 595 807 1179 1236|0.05 0.03390820565467356 0.0039589302966125395 -0.003599018586497582
228 771 1053 658 439 439 658 893 228 626 1053 1163 1301 495|0.05 0.012877462161386966 0.03104141332255228 0.003611084328631886
595 217 848 625 625 417 417 1000 732 217 950 1018 1179 500|0.05 0.010958669115437303 0.036824756523643476 -0.0076690613899266236
581 533 745 581 1744 930 310 1000 1000 533 881 1157 1419 1097|0.05 -0.008245574594579752 0.10399590792672608 0.08857703725007493
605 1135 1135 660 352 1055 1979 846 605 660 1135 1165 1248 859|0.05 0.11512333983109801 -0.026833993347005203 -0.17212252112639992
1875 1875 1652 581 1744 3269 1090 1000 1090 1875 1398 2508 1419 2056|0.05 0.18837994795115165 0.11882046290591308 0.5327176833436531
1342 780 716 416 780 2339 1248 1182 1342 1342 716 1058 1475 1904|0.05 0.12821378766465052 0.1829500324072364 -0.01937664965358743
3226 1875 3342 1600 3000 5625 3000 1720 1875 3226 2405 3377 3162 3538|0.05 0.2173470702596525 0.08158153233434051 0.26492398799571104
1342 780 716 665 1248 2339 1248 1390 780 1342 416 1058 1956 1471|0.05 0.14276574087851213 0.11128505259347499 0.17262707602528682
573 333 573 333 573 268 156 533 506 116 600 814 629 739|0.05 -0.03619426100341161 0.08051425878084384 -0.0012693616791059625
1720 467 1801 1600 3000 1000 347 1720 1720 803 1519 1990 3162 2441|0.05 0.0013800980274880637 0.09291288923891639 0.04235735456331824
192 844 888 555 259 446 955 955 555 955 1666 1118 1105 613|0.05 0.04247071876814834 -0.01736378669840999 -0.02483238421359779
528 1132 1132 1053 228 658 1974 1185 307 1132 658 1163 1062 383|0.05 0.07241146165315904 -0.00047481432026375003 -0.09729415692904309
1179 1327 698 255 1179 1179 255 701 1179 1120 698 1920 808 1667|0.05 0.04202183424100392 0.24399786106064747 0.3639787074306433
1434 1690 1903 366 366 1690 1690 1000 1006 1690 1605 1216 1065 1158|0.05 0.21339858677475343 0.0373014434033192 -0.22446545606380153
1053 626 623 228 1053 1053 228 1185 1053 893 623 410 1326 1489|0.05 0.044540718813801394 0.20553384377359318 0.39753034301275747
1605 1690 1006 366 366 1690 1690 1000 1903 1690 1434 2556 1065 2128|0.05 0.2008530023748034 0.04926067689042801 -0.24281622476659215
255 701 1179 1179 698 698 1179 1327 255 1120 1179 1201 848 743|0.05 0.023179191751716566 0.02075948353131407 -0.008341062488335105
950 217 1126 1000 1000 592 592 1000 595 217 848 1259 1414 1512|0.05 0.008597683382589594 0.034736243584010396 0.007406511815117867
228 1185 1053 1053 623 623 1053 626 228 893 1053 1062 1593 664|0.05 0.022859329006561513 0.023919960781579874 -0.005653612226599325
848 217 595 1000 1000 592 592 1000 1126 217 950 685 1414 719|0.05 0.020298815976240725 0.0252773720423094 0.0004521551005720603
1104 533 1000 1000 1104 1104 1000 533 1104 67 1000 1133 1133 1694|0.05 -0.002124673528502985 0.01698871912639177 -0.005245444152385259
67 1104 533 1000 1000 1104 1104 1000 533 1104 1000 1002 1414 1133|0.05 0.03908174945210785 -0.036241751927905685 -0.003670571671314793
1000 533 1104 1104 1000 1000 1104 533 1000 67 1104 1414 1414 1414|0.05 -0.014680112728407968 0.027548209638295074 0.005067014913329171
60 906 483 1000 1000 906 906 1000 483 906 906 1027 1282 908|0.05 0.01305075367841857 -0.001273743486620571 0.003211452441684859
803 67 803 1720 1720 1654 1654 3000 1720 1000 1720 843 2441 1980|0.05 0.10569054090901586 -0.021615803958394686 -0.029238753547055074
581 1000 1744 1000 961 961 1000 467 39 467 581 1419 1238 973|0.05 -0.009358299067088183 0.04011012379586232 0.019886391389627445
467 961 1000 1744 581 39 581 1000 467 961 1000 1238 1419 490|0.05 0.09411890347825747 -0.002990923495218567 -0.029536789196290547
581 1000 1744 1000 467 467 1000 961 39 961 581 1419 1238 490|0.05 0.03877894843778762 0.035601365962651954 -0.02855183706276243
573 333 573 573 573 551 551 333 268 22 268 814 814 710|0.05 -0.016559455911290266 0.04254821326602487 -0.013165072588908755
961 467 1000 1744 581 39 581 1000 961 467 1000 1238 1419 973|0.05 0.014211964949406575 0.07581995440898881 -0.03625641814738678
1720 3000 1720 803 803 1720 1720 67 1654 1000 1654 2441 843 1980|0.05 0.22203458513708085 0.07503919077680887 0.027234941341287566
83 1000 1246 2143 2060 2060 2143 2143 1246 2143 3737 1050 2466 2085|0.05 0.06002650296247136 -0.035470571984315136 0.004451111784382622
1654 67 1654 1720 1720 803 803 3000 1720 1000 1720 1674 2441 1980|0.05 0.089636498298864 0.057575137416279176 0.005635499982519221
605 1000 40 485 1040 1040 485 1040 1814 1040 605 1012 1288 1476|0.05 0.0953235874293501 2.809856762180498 0.050852218170411856
6452 1875 6960 1886 471 11490 14142 1000 6452 1875 6960 5976 1374 6859|0.1 0.26416150635552027 -0.020251764247536386 -0.7583926106518457
492 133 492 133 133 71 71 812 456 33 456 613 911 539|0.1 -0.0024841688372945203 0.021123783185597045 0.006607996472782762
271 1000 2032 269 144 144 269 927 68 927 1651 1245 1095 197|0.1 0.028208899557935485 0.011960374546522434 -0.016655232429498845
133 812 133 492 492 456 456 133 71 33 71 911 613 539|0.1 0.035408156830802895 -0.014843575416010335 -0.030361343968373644
269 927 144 271 2032 1651 68 1000 269 927 144 859 1245 1851|0.1 -0.01162171164677428 0.2647989660308103 0.4733927567417484
471 1000 1886 6960 6452 6452 6960 1875 11490 1875 14142 1374 5976 6859|0.1 -0.022570876371470483 0.12746770298916799 0.024344760343568694
73 1000 1781 291 155 155 291 1079 292 1079 2192 1063 926 213|0.1 0.024730013538099005 -0.0034823988718546417 -0.018812379717469963
561 41 561 163 163 87 87 1231 606 164 606 597 1121 520|0.1 0.018807037932646598 0.011649008359333468 0.009886343474472259
3048 1739 1625 271 2032 2032 271 1000 3048 1739 1625 3208 1245 3663|0.1 0.03185381889397432 0.213002920573242 0.6759266973034039
615 1875 1070 167 167 1250 1250 1000 615 1875 1070 1174 1014 766|0.1 0.2620091923670942 -0.04324971175082126 -0.4481319942892492
1753 575 935 156 1169 1169 156 1000 1753 575 935 1098 1087 2107|0.1 0.03394525589920816 0.2418153827490821 0.7375823868152964
1070 1875 615 167 167 1250 1250 1000 1070 1875 615 1973 1014 1163|0.1 0.2713667493086147 -0.018716816811318315 -0.43113376795148484
271 1000 2032 3048 1625 1625 3048 1739 271 1739 2032 1245 1908 1648|0.1 0.020573326649735435 0.010812867081630984 -0.01989872591271369
856 133 856 1500 1500 800 800 1000 492 133 492 930 1803 1579|0.1 0.02809063567311032 0.005983413873671406 0.004041819239628541
156 1000 1169 1753 935 935 1753 575 156 575 1169 1087 1845 948|0.1 0.006255566388440048 0.02711967428021822 -0.00693480474022512
492 133 492 1500 1500 800 800 1000 856 133 856 613 1803 939|0.1 -0.016398713615952687 0.057816961725269955 -0.009482790768879923
577 1333 471 167 167 833 833 1000 577 1333 471 1414 1014 687|0.1 0.13782934045095008 -0.024254288021343662 -0.2508500727205121
2309 816 1732 289 1443 1443 289 1000 2309 816 1732 1915 1190 2723|0.1 -0.06164299503423121 0.11982192974795858 0.143238859014867
471 1333 577 167 167 833 833 1000 471 1333 577 1106 1014 601|0.1 0.20618014905219972 0.00567918912544485 -0.4117578645765363
2828 1225 2121 354 1768 1768 354 1000 2828 1225 2121 3000 1275 3335|0.1 0.04600894697936786 0.1640934848781339 0.37808599091794237
1012 1340 540 156 1169 2337 779 1000 1012 1340 540 1804 1087 1938|0.1 0.11347155467622327 0.24096486306745657 0.8897846828854883
2483 1875 1853 289 1443 4330 2165 1000 2483 1875 1853 3342 1190 3524|0.1 0.18965365568010206 0.0988102148386738 0.62794132802372
2828 5000 2828 530 530 2828 2828 250 2604 1000 2604 3606 729 2828|0.1 0.3338938863100904 0.04894139403522457 -0.12918108861384447
530 250 530 2828 2828 2604 2604 5000 2828 1000 2828 729 3606 2828|0.1 0.20078446896532043 -0.13941634094095434 -0.01992615286068422
354 1000 1768 1000 921 921 1000 187 88 187 354 1275 1106 938|0.1 -0.027256298234290544 0.037694234295486684 0.021134933769517694
384 1000 96 204 1086 1086 204 1086 1920 1086 384 1018 1201 1385|0.1 0.06640994289824231 1.486306461110325 0.3189579284758115
1437 1355 766 176 330 1760 938 975 868 1107 463 1972 977 1016|0.1 0.15486820695344905 0.1511799077849063 -0.12792199331925436
943 533 696 230 1225 653 122 604 770 322 679 745 707 1424|0.1 -0.05481574173829551 0.1505324613676695 0.10012935063092865
2390 1875 2106 380 2027 3800 712 1655 2925 3103 2159 3007 1977 4417|0.1 0.16429522060987578 0.1614671547737001 1.003135727807496
475 1135 890 338 180 962 1804 1025 786 1389 1473 1046 1001 939|0.1 0.12278110620409066 -0.040330703293793846 -0.3820439493023109
371 682 371 91 91 682 682 1000 371 682 371 905 1004 447|0.1 0.10672412494690864 -0.005424967186483665 -0.705230101437383
91 1000 91 371 371 371 371 682 682 682 682 1004 905 447|0.1 0 0 0
1836 1000 2693 245 1836 1836 245 1000 1836 1000 2693 2438 1204 2596|0.1 -0.007403676777774093 0.10494982620345317 0.6389840222092569
371 682 371 91 91 682 682 1000 371 682 371 905 1004 447|0.1 0.10506005253627215 0.004639676430591155 -0.6762272794125679
91 1000 91 371 371 371 371 682 682 682 682 1004 905 447|0.1 0 0 0
1836 1000 2693 245 1836 1836 245 1000 1836 1000 2693 2438 1204 2596|0.1 -0.018234862382867645 0.12889308970672975 0.5412232902555703
1000 1000 1000 545 545 545 545 133 1467 133 1467 1414 656 1328|0.1 0 0 0
1000 1000 1000 545 545 545 545 133 1467 133 1467 1414 656 1328|0.1 0 0 0
1000 1000 1000 71 566 566 71 1116 200 1116 900 1414 1149 721|0.1 -0.024699389049923637 0.10253372579681175 0.6263733727575937
79 1111 79 1240 1240 1111 1111 222 629 1111 629 1057 1326 1114|0.1 0.05368245254489867 -0.09147973905071938 -0.006206497641009223
1240 222 1240 79 79 629 629 1111 1111 1111 1111 1326 1057 1114|0.1 0.11036854455247935 -0.028207488129193825 -0.8014217191888884
1768 1000 354 1972 1768 1768 1972 125 1768 125 1591 1275 2031 2500|0.1 0.02506935353739914 0.3064790720949828 -0.0201247541621008
707 2000 707 162 162 866 866 812 427 1000 427 1581 916 500|0.1 0.18527058185745515 0.09334941187741475 -0.1779699493499054
816 188 493 1155 2309 1155 938 1000 816 188 493 577 1915 1826|0.1 0.004555181130174724 0.03773340621175292 0.044967764075578565
380 1655 2027 2340 1901 2340 4680 1000 380 1655 2027 1170 2334 2143|0.1 0.031288620624934094 0.006480928533749708 -0.04468867301227197
2340 1000 1901 380 2027 2027 380 1655 4680 1655 2340 2334 1977 3881|0.1 -0.022122223259627427 0.19257322189362602 0.13274163630137448
380 1655 2027 1755 366 585 2925 1523 310 1655 1655 1170 1138 480|0.1 0.10398836780735943 -0.055109947801977865 -0.12433919291010564
4355 5333 2632 962 1540 7698 4619 816 4355 4355 4009 5203 1262 5551|0.1 0.654959366027239 0.13488339168151509 0.13766762938774768
1086 1086 204 240 1152 1920 384 656 1330 1086 249 1201 747 2206|0.1 0.10594668405176533 0.649597780505502 0.6919042013683563
1000 187 921 1061 1768 354 221 1225 1000 230 604 1000 2031 1275|0.1 -0.060379824382585934 0.10958717222856462 -0.003775321227207362
1000 1000 1000 87 693 693 87 817 200 817 900 1414 825 825|0.1 -0.017561767591320887 0.08876396697923505 0.6642480104777926
1443 1000 289 1179 1443 1443 1179 125 1443 125 1299 1190 1190 2041|0.1 0.000760506296659802 0.2867034312490202 0.006384052300256737
96 1111 96 908 908 1111 1111 222 770 1111 770 1058 1023 1169|0.1 0.050271576685103625 -0.18870528868292324 -0.02533019546338444
908 222 908 96 96 770 770 1111 1111 1111 1111 1023 1058 1169|0.1 0.09805206943152012 -0.00767416356614814 -0.7529066428148812
2390 1875 2106 366 1755 6581 3976 1523 3264 2856 2265 3007 1819 4899|0.1 0.2598403551964057 0.06114475177951828 0.6525133538432404
1261 1441 673 161 1756 2906 775 930 828 1055 442 2038 1065 2099|0.1 0.0993998039341637 0.18566630105909088 1.4930334696791747
848 1224 1590 459 1316 2295 2295 1000 848 1224 1590 1334 1266 1934|0.1 0.033988525025203664 0.008245794539223361 -0.035197736500873766
770 533 629 289 1443 1443 828 1000 770 533 629 839 1190 1636|0.1 0.02455349341117463 0.04380666445256143 0.17422677418500898
1000 1297 533 245 1836 2693 702 1000 1000 1297 533 1731 1204 2438|0.1 0.07126851811875223 0.2093645499927832 0.8408312360049686
2432 1875 1875 459 1316 5049 3442 1000 2432 1875 1875 3246 1266 3544|0.1 0.2056339311152211 0.07635060477636069 0.09031313996525236
766 1355 1437 330 176 938 1760 975 463 1107 868 1071 1055 542|0.1 0.11930382387585592 -0.026261041409175734 -0.36709330921553374
1768 1875 1305 230 1225 2296 431 604 1444 1133 1273 2574 707 1926|0.1 0.15661268430781305 0.13474178209619936 0.9836420504245758
1275 533 1123 380 2027 1081 203 1655 1560 882 1152 1175 1977 1700|0.1 -0.06662447321901244 0.15103520815355154 0.06113822673767588
890 1135 475 180 338 1804 962 1025 1473 1389 786 1428 1082 1760|0.1 0.12595529477164913 0.11708074610353947 -0.24372622078297823
246 1000 246 67 67 500 500 1000 246 1000 246 1030 1002 306|0.1 0.19943361960403916 -0.019885363742911943 -0.5063613920569932
4064 1000 4064 271 2032 2032 271 1000 4064 1000 4064 4185 1245 4543|0.1 0.01835195076177909 0.16597348664545875 0.662258416205197
246 1000 246 67 67 500 500 1000 246 1000 246 1030 1002 306|0.1 0.19868348458979446 -0.035129097100955464 -0.5391908874904983
4064 1000 4064 271 2032 2032 271 1000 4064 1000 4064 4185 1245 4543|0.1 -0.02466143856271974 0.1393421057741273 0.48271096349984166
2754 1937 1469 245 1836 1836 245 1000 2754 1937 1469 3308 1204 3310|0.1 -0.04997312664926867 0.26843430334759777 0.172811900628993
681 1875 1319 167 167 1250 1250 1000 681 1875 1319 938 1014 820|0.1 0.2672714195091719 -0.007031041129622606 -0.42766154518525057
1422 516 758 126 948 948 126 1000 1422 516 758 711 1058 1709|0.1 0.009189165130969457 0.27827228289213357 0.5782732663659251
1319 1875 681 167 167 1250 1250 1000 1319 1875 681 2252 1014 1396|0.1 0.22480150419955436 0.049626819265085054 -0.3619139716237063
245 1000 1836 2754 1469 1469 2754 1937 245 1937 1836 1204 1378 1489|0.1 0.0013523250743796567 0.03378401242467133 0.00035607979122387334
1055 133 1055 1500 1500 800 800 1000 545 133 545 1117 1803 1802|0.1 0.003718092604094725 0.03526141707162589 -0.003939143899898134
126 1000 948 1422 758 758 1422 516 126 516 948 1058 1708 769|0.1 0.013402911048263633 0.02650260915481928 -0.010340538439053137
545 133 545 1500 1500 800 800 1000 1055 133 1055 656 1803 751|0.1 0.01862742493111247 0.019599164447641204 0.003470890944370364
5543 1875 5683 1540 962 10464 11547 816 5961 1531 5683 5551 1743 6789|0.1 0.3069788778217042 -0.002843311475945187 -0.7317210544217378
492 133 492 162 133 71 87 906 516 83 480 613 1009 473|0.1 0.006479228832598771 0.017593089193754796 0.012148703414642803
271 1000 2032 269 144 176 330 1049 169 975 1841 1245 961 222|0.1 0.015506911400104961 0.019172469008934545 -0.010412946384870114
269 1049 144 271 2032 1841 169 1000 330 975 176 1119 1245 1861|0.1 -0.02231835962654194 0.2083098626120683 0.3983358503723555
338 1025 180 174 1888 2083 278 1075 276 1025 147 1082 1225 1908|0.1 0.011895420356742292 0.23504337705869682 0.8591646962436683
174 1075 1888 338 180 147 276 1025 278 1025 2083 1145 1001 228|0.1 0.021804719561226982 0.010724365450827111 -0.016872271502874625
530 92 570 146 179 96 78 1103 543 147 543 649 1113 530|0.1 0.02531059060708829 0.012286017656806258 -0.0013805171918745973
6960 1875 7300 1179 1886 14142 12816 1225 6960 2296 6789 6692 2134 8667|0.1 0.23398641170272239 0.060627972150495424 -0.6166637849818324
314 865 284 77 77 577 577 1000 314 865 284 911 1003 378|0.1 0.12390443260766437 -0.017018225112097607 -0.6443029723380678
77 1000 77 284 314 314 284 865 577 865 577 1003 911 378|0.1 0 0 0
3048 1107 3522 271 2032 2032 271 1000 3048 1107 3522 3208 1245 3663|0.1 -0.03065098643253994 0.1845195471390748 0.3566981709711947
284 865 314 77 77 577 577 1000 284 865 314 1040 1003 354|0.1 0.11655186522361749 -0.01219248061978706 -0.64019287340355
77 1000 77 314 284 284 314 865 577 865 577 1003 1040 354|0.1 0 0 0
2754 904 3182 245 1836 1836 245 1000 2754 904 3182 3308 1204 3310|0.1 -0.011987088333885731 0.14954399314498934 0.5854669806929214
1500 1000 1500 492 492 545 545 133 1733 133 1733 1803 613 1802|0.1 0 0 0
1500 1000 1500 545 545 492 492 133 1733 133 1733 1803 656 1579|0.1 0 0 0
1437 1355 766 144 269 1437 766 1049 1323 1511 705 1972 1119 1437|0.1 0.13108739282938098 0.14514001845751467 -0.21358552406608222
943 533 696 188 1000 533 100 921 1052 491 730 745 1000 1083|0.1 -0.06076848482386987 0.15173889740653257 0.07818386590828785
2142 1875 1487 204 1086 2037 382 1086 1920 2037 1417 3031 1201 2206|0.1 0.14610166792923485 0.14957521339548308 0.9586776681707287
673 1441 1261 257 137 731 1370 953 731 1291 1370 786 1067 808|0.1 0.15655960162099358 -0.0563871049232878 -0.4056331238917621
766 1355 1437 269 144 766 1437 927 705 1000 1323 1071 1095 766|0.1 0.13253162617713032 -0.019518979856164576 -0.3512500886866743
1768 1875 1305 187 1000 1875 352 921 1305 1726 1210 2574 1000 1398|0.1 0.13320290762052878 0.16101780559425682 0.8194620932168428
756 533 701 204 1086 579 109 1086 1024 579 756 966 1201 810|0.1 -0.01533662925048862 0.12129740332115224 0.22872187640319508
1427 1079 761 155 291 1550 827 1079 1550 1461 827 1561 1182 1714|0.1 0.1687059326030238 0.14360799444353756 -0.11927792165757345
1437 1355 766 144 269 1437 766 927 1323 1000 705 1972 859 1437|0.1 0.16345041890164502 0.12293065481411292 -0.14475214549561355
943 533 696 188 1000 533 100 921 696 491 645 745 1000 1373|0.1 -0.04005524112355996 0.14439423314256405 0.15981460090729094
1417 1875 1314 204 1086 2037 382 1086 1920 2037 1417 2051 1201 2796|0.1 0.13947677253809854 0.1351905999334302 0.9238935664219339
761 1079 1427 291 155 827 1550 1079 827 1461 1550 1378 926 914|0.1 0.14176089332765818 -0.05017556683379332 -0.42261583046480533
96 1000 384 1417 1314 1314 1417 1875 2340 1875 2880 1018 1811 1397|0.1 -0.024964349607632386 0.2415868793813769 0.037493729271473875
1323 927 705 271 2032 1651 68 1000 1323 927 705 1277 1245 2259|0.1 -0.01512876554682574 0.2814727782915516 0.36832186816291523
1314 1875 1417 384 96 2340 2880 1000 1314 1875 1417 1811 1018 1397|0.1 0.25561276601111516 -0.020232151900354545 -0.755800834821192
271 1000 2032 1323 705 705 1323 927 68 927 1651 1245 1447 718|0.1 0.027022907791676154 0.011166232656369957 -0.01387638656832113
651 812 651 492 492 456 456 133 347 33 347 1112 613 712|0.1 -0.0008196654347558674 -0.002318493062070104 -0.009533399230389206
561 41 561 801 801 427 427 1231 606 164 606 597 1368 774|0.1 0.013083464008805112 0.02653982475749439 0.003233767301471513
73 1000 1781 1427 761 761 1427 1079 292 1079 2192 1063 1378 775|0.1 0.02338863244377709 -0.0002495333690855084 -0.017110279748120405
492 133 492 651 651 347 347 812 456 33 456 613 1112 712|0.1 -0.012458363526656191 0.039410614501687036 -0.002585817782208011
707 2000 707 133 162 866 707 906 427 1500 651 1581 916 500|0.1 0.21297208839022197 0.022110038444855817 -0.3885996259537916
2304 656 1392 204 1086 1330 249 1086 3072 1086 1536 1664 1201 3258|0.1 -0.026654194101041195 0.21606832694108347 0.17755438635441267
5303 1225 4596 354 1768 1768 354 1000 5303 1225 4596 5397 1275 5590|0.1 -0.02300445485573066 0.1712327537783409 0.3582839796460835
266 1154 218 77 77 385 385 1000 266 1154 218 1174 1003 317|0.1 0.158970757975192 -0.004521778609614113 -0.23034437959932097
4330 816 3753 289 1443 1443 289 1000 4330 816 3753 3841 1190 4564|0.1 -0.02499964920947506 0.17637428314357217 0.12746849377183622
218 1154 266 77 77 385 385 1000 218 1154 266 1023 1003 277|0.1 0.17453289682213713 -0.016096803900707002 -0.41688222741601777
4330 1000 3175 289 1443 1443 289 1000 4330 1000 3175 3841 1190 4564|0.1 0.0020069912423492653 0.177855736592325 0.29441287911549097
315 1364 315 91 91 455 455 1000 315 1364 315 1209 1004 375|0.1 0.2003607649106076 0.045025468120720724 -0.21392690473674647
4330 1000 3175 289 1443 1443 289 1000 4330 1000 3175 3841 1190 4564|0.1 -0.006268374273650235 0.2183919075091767 0.28876132565310186
315 1364 315 91 91 455 455 1000 315 1364 315 1209 1004 375|0.1 0.22011631734628168 -0.017908418281082916 -0.41511503058998866
1000 1000 1000 87 693 1299 693 817 817 817 817 1414 825 1090|0.1 0.08121702959952959 0.07751380294475085 0.5539997333813385
1000 1000 1000 106 848 1590 848 1224 1224 1224 1224 1002 1288 1848|0.1 0.039013364229938396 0.0924344831564472 0.17535942048251263
1000 1000 1000 908 908 908 908 222 2444 222 2444 1414 1023 1808|0.1 0 0 0
245 1000 1102 1102 2693 2693 1102 1000 245 1000 1102 1127 1992 2704|0.1 -0.060861989044150855 0.10015108856533228 0.05238091256047683
908 222 908 1000 1000 2444 2444 1000 908 222 908 1023 1414 1808|0.1 0.09732193427831826 -0.054378254086234756 -0.12725734982541148
1000 1000 1000 908 908 908 908 222 2444 222 2444 1414 1023 1808|0.1 0 0 0
245 1000 1102 1102 2693 2693 1102 1000 245 1000 1102 1127 1992 2704|0.1 -0.03088905876542425 0.08219983304194267 0.07738302435163602
908 222 908 1000 1000 2444 2444 1000 908 222 908 1023 1414 1808|0.1 0.09699726304270628 -0.056854792262351905 -0.20401643325111962
1102 1000 2693 245 1102 1102 245 1000 1102 1000 2693 1992 1127 1558|0.1 -0.002306483149496774 0.07218264303080701 0.3267613818007531
91 1000 91 371 371 371 371 409 409 409 409 1004 740 418|0.1 0 0 0
371 409 371 91 91 409 409 1000 371 409 371 740 1004 418|0.1 0.08663971421253525 -0.019191634036811456 -0.3443164915966168
1102 1000 2693 245 1102 1102 245 1000 1102 1000 2693 1992 1127 1558|0.1 -0.04777650474697692 0.11778004967873734 0.15977083337110232
91 1000 91 371 371 371 371 409 409 409 409 1004 740 418|0.1 0 0 0
371 409 371 91 91 409 409 1000 371 409 371 740 1004 418|0.1 0.08547251591302318 -0.0379469283202738 -0.40226506358888137
1000 1000 1000 245 1836 2693 1102 1000 1000 1000 1000 1731 1204 2438|0.1 0.033651948103565754 0.12334607526080399 0.5526656549560593
1000 1000 1000 245 1102 2693 1836 1000 1000 1000 1000 1731 1127 1992|0.1 0.10533377930464827 0.008321137927000954 0.12251537619553776
507 896 951 336 963 1680 1680 1000 507 896 951 1306 1151 1370|0.1 0.0767812607441587 0.017944052968903446 0.11673036334171272
943 533 1052 354 1768 1768 1014 1000 943 533 1052 1374 1275 2003|0.1 -0.028614252910436067 0.12828680131698356 0.03594880222663521
1836 1571 979 245 1836 1836 245 1000 1836 1571 979 2438 1204 2596|0.1 0.03893265971435911 0.2786759591108878 0.5557261433043714
1021 1875 1604 250 250 1875 1875 1000 1021 1875 1604 1081 1031 1230|0.1 0.21625271345799169 -0.00359095162707046 -0.4883964918795236
1169 637 623 156 1169 1169 156 1000 1169 637 623 674 1087 1653|0.1 0.019013319212906055 0.1802284607717275 0.6001762753676876
1604 1875 1021 250 250 1875 1875 1000 1604 1875 1021 2490 1031 1744|0.1 0.2669600306036579 0.004782086058183754 -0.5811272004922274
245 1000 1836 1836 979 979 1836 1571 245 1571 1836 1204 1058 1009|0.1 0.020467760186710926 0.008735162487560899 -0.015163466882275323
856 133 856 1000 1000 533 533 1000 545 133 545 930 1414 1328|0.1 0.015382690497969254 0.02152468449906575 0.004405011905179723
156 1000 1169 1169 623 623 1169 637 156 637 1169 1087 1552 642|0.1 0.029819943236255586 0.009578905348874844 -0.025599143529059232
545 133 545 1000 1000 533 533 1000 856 133 856 656 1414 576|0.1 0.006956588700837152 0.03243157936588581 0.014938830964685845
1511 1295 806 271 2032 2980 777 1000 1511 1295 806 1916 1245 2888|0.1 0.04496492097896265 0.24428214178132013 0.5247444954348368
1607 1875 1241 336 963 3697 2521 1000 1607 1875 1241 2376 1151 2479|0.1 0.18847826956653435 0.08260033094573238 -0.0007883926324137036
1000 1000 1000 87 71 566 693 950 738 600 817 1414 1002 721|0.1 0.13902418156421348 0.013885678137901536 -0.6821641278444068
1000 1000 1000 71 566 693 87 738 600 817 950 1414 721 825|0.1 -0.01412710857750632 0.1459615661581859 0.5835546452311502
87 950 71 1000 1000 817 738 1000 693 600 566 953 1414 825|0.1 0.017266785560621223 -0.05046570616248469 0.006732743494686222
1061 1225 1768 1768 1305 1444 1768 125 1679 153 1768 1458 1858 2127|0.1 -0.018809520634137655 0.02388843716125244 0.011408426746624123
1443 816 866 1179 1443 1443 1066 125 1443 102 1371 1190 1190 2041|0.1 0 0 0
74 1053 91 860 777 1053 1053 632 595 1053 729 1003 1266 1107|0.1 0 0 0
734 904 1163 106 848 692 87 1224 1224 1224 1224 1473 1288 1009|0.1 0.0035517023333064834 0.15272505352596832 0.6862774428707219
860 632 777 74 91 729 595 1053 1053 1053 1053 1001 1055 1108|0.1 0.13026821112236853 0.0074972166995834755 -0.6870900633905164
1000 1000 1000 87 693 566 71 817 600 738 950 1414 825 1149|0.1 -0.007289737807593122 0.10586647580791197 0.6838080018395498
71 950 87 1000 1000 738 817 1000 566 600 693 1002 1414 721|0.1 0.02096313137222916 -0.10535567796444156 -0.004594349615014703
866 816 1443 1443 1179 1066 1443 125 1371 102 1443 1658 1519 1373|0.1 0.032489764018241996 -0.05283426996605001 -0.04191989765955584
1000 1000 1000 71 87 693 566 950 817 600 738 1414 953 825|0.1 0.14820244516460024 0.006809587630900449 -0.635089740742828
777 632 860 91 74 595 729 1053 1053 1053 1053 1266 1003 1107|0.1 0.14429690018621155 -0.01367972772348569 -0.7200371996219279
1768 1225 1061 1305 1768 1768 1444 125 1768 153 1679 2031 1275 2500|0.1 0 0 0
91 1053 74 777 860 1053 1053 632 729 1053 595 1055 1001 1108|0.1 0 0 0
813 1107 1287 96 766 938 117 1355 1355 1355 1355 1289 1424 1556|0.1 -0.0013576801881332035 0.14000402008258694 0.673446736424943
1000 1000 1000 71 566 1061 566 1116 738 1116 738 1414 1149 791|0.1 0.08131307989323933 0.10132565448455422 0.5192028554358075
1511 1000 1511 96 766 1437 766 1355 1355 1355 1355 1703 1424 1556|0.1 0.10228396302917497 0.035713856415231504 0.8276791183803978
1000 1000 1000 71 566 1061 566 738 1116 738 1116 1414 721 1458|0.1 0.11670019084808914 0.04582518375623623 0.9811421618527105
662 1000 662 63 507 951 507 896 896 896 896 1127 898 1305|0.1 0.0659373944861752 0.11709880608641532 0.3628568051563663
1056 1000 1056 908 908 1240 1240 222 2889 222 2889 1454 1023 2235|0.1 0 0 0
245 1000 1102 1163 3182 3182 1163 1366 245 1366 1102 1127 2462 3192|0.1 -0.0786675134827719 0.10393179092049953 0.0767094884707964
908 222 908 1056 1056 2889 2889 1000 1240 222 1240 1023 1454 2235|0.1 0.08482348696456254 -0.06948345361620145 -0.191875023688014
1056 1000 1056 1240 1240 908 908 222 2889 222 2889 1454 1326 1861|0.1 0 0 0
179 1000 807 851 2330 2330 851 732 179 732 807 1070 1501 2337|0.1 -0.0351089993915088 0.07126974232236627 0.12201959041652222
1240 222 1240 1056 1056 2889 2889 1000 908 222 908 1326 1454 1861|0.1 0.0576007878244833 -0.03246323359602954 -0.18975079363304892
1163 1366 3182 245 1102 1102 245 1000 1163 1366 3182 2050 1127 1602|0.1 -0.01274246057877293 0.07455463540317009 0.29662046295149125
77 1000 77 314 429 429 314 365 346 365 346 1003 644 459|0.1 0 0 0
429 365 314 77 77 346 346 1000 429 365 314 644 1003 459|0.1 0.11502430141390851 -0.0717495436852067 -0.34634573375188604
851 732 2330 179 807 807 179 1000 851 732 2330 1803 1070 1173|0.1 -0.017490500714992807 0.08617931140333157 0.2940388203734079
77 1000 77 429 314 314 429 365 346 365 346 1003 774 354|0.1 0 0 0
314 365 429 77 77 346 346 1000 314 365 429 774 1003 354|0.1 0.09350174881926243 -0.019173373601000243 -0.3576016094969059
1549 1875 1043 281 1403 4210 2105 1000 1549 1875 1043 2402 1181 2882|0.1 0.2274170333910175 0.14174842837562762 0.8266694448191081
1797 1484 959 269 2018 4035 1345 1000 1797 1484 959 2303 1242 3372|0.1 0.0967590613997582 0.22743089884345036 0.8096661057450416
670 1087 357 126 948 1895 632 1000 670 1087 357 1276 1058 1499|0.1 0.08759176374582678 0.24268418165435346 0.6152728938868468
3041 1875 2798 354 1768 5303 2652 1000 3041 1875 2798 3571 1275 4316|0.1 0.25789005806978516 0.09221225103647646 0.9528305726412611
2828 5000 2828 650 650 3464 3464 250 1709 1000 1709 3606 820 2000|0.1 0.3979323551559233 0.07189023134915207 -0.07896764399380363
650 250 650 2828 2828 1709 1709 5000 3464 1000 3464 820 3606 2000|0.1 0.1754916555059416 -0.13694240321899032 -0.026752214865947144
289 1000 1443 816 493 493 816 188 72 188 289 1190 976 514|0.1 -0.023362604864655134 0.03838632102593387 0.020330557464749432
585 1000 146 380 2027 2027 380 1655 2925 1655 585 1042 1977 2412|0.1 0.07965935362007626 1.715492080119414 0.4124655633994645
5543 1875 5683 1540 385 9382 11547 1000 5543 1875 5683 5551 1262 5860|0.1 0.281774172103999 -0.023146207109387973 -0.7463518333091135
492 133 492 162 162 87 87 812 480 33 480 613 916 519|0.1 0.019271639290068254 0.003069291157375975 6.64550015128107e-05
271 1000 2032 330 176 176 330 975 68 975 1651 1245 1055 222|0.1 0.014761835533878553 0.02384637483093144 -0.01298024392752506
162 812 162 492 492 480 480 133 87 33 87 916 613 519|0.1 0.0019109714309184511 0.027047708171263896 -0.021471289621277645
330 975 176 271 2032 1651 68 1000 330 975 176 977 1245 1861|0.1 0.004824378885677216 0.2950438111783149 0.4157828016593812
385 1000 1540 5683 5543 5543 5683 1875 9382 1875 11547 1262 5551 5860|0.1 0.0048194907115206576 0.10509200030924815 0.014743419246123768
69 1000 1692 338 180 180 338 1025 278 1025 2083 1057 1001 228|0.1 0.018269628937797044 0.007124181310420585 -0.005908125387070751
591 41 591 200 200 107 107 1231 606 164 606 625 1127 592|0.1 0.010437546424910682 0.03143146098527616 0.00300724739506375
146 1000 585 2390 2106 2106 2390 1875 3565 1875 4388 1042 2203 2227|0.1 0.030285284731885742 0.2643939949130636 0.05633412143485117
785 881 418 245 1836 1492 61 1000 785 881 418 922 1204 1831|0.1 -0.05024440025921617 0.26887054771395524 0.2791662226836622
2106 1875 2390 585 146 3565 4388 1000 2106 1875 2390 2203 1042 2227|0.1 0.29643288945836677 0.01619414776165451 -0.7042912722015682
245 1000 1836 785 418 418 785 881 61 881 1492 1204 1258 436|0.1 0.03520557614031583 0.005771052577199232 -0.015823498690578086
427 812 427 545 545 480 480 133 228 33 228 998 656 685|0.1 -0.01210352048320873 0.028519873346499747 0.0055603428689576795
591 41 591 526 526 281 281 1231 670 164 670 625 1228 618|0.1 0.025511494544241398 0.00973435494400876 0.010856571313935248
69 1000 1692 890 475 475 890 1135 278 1135 2083 1057 1046 495|0.1 0.040044970097037336 -0.01686546372797193 -0.013930973984299655
545 133 545 427 427 228 228 812 480 33 480 656 998 685|0.1 0.004173135753573476 0.012630718216151138 0.007435303218281675
707 2000 707 133 133 707 707 812 651 1000 651 1581 911 707|0.1 0.15388961735537832 0.04741112252359736 -0.2252937524682186
1000 187 921 1414 2828 1414 1149 1000 1000 187 921 1000 2236 2236|0.1 -0.0013852577132678068 0.04992188554917121 0.0271231089727908
204 1086 1086 1536 1248 1536 3072 1000 204 1086 1086 1086 1708 1399|0.1 0.03704951558385794 0.01131204333972402 -0.03591141185951496
1536 1000 1248 204 1086 1086 204 1086 3072 1086 1536 1708 1201 2429|0.1 0.061762335103356936 0.24915307174111945 0.5428362602850911
766 1355 1437 269 144 766 1437 1049 705 1511 1323 1071 961 766|0.1 0.1486182549354642 -0.049800581653949294 -0.4109048481813393
1768 1875 1305 187 1000 1875 352 921 1972 1726 1369 2574 1000 2577|0.1 0.1372107707644954 0.14516669635612933 0.904044483535551
1143 533 793 204 1086 579 109 1086 1024 579 756 623 1201 1493|0.1 -0.030874343598037424 0.13241289830800307 0.18422602492879525
1261 1441 673 137 257 1370 731 953 1370 1291 731 2038 917 1515|0.1 0.12416238508300204 0.11859475663666075 -0.2203042234910213
204 1086 1086 1152 240 384 1920 656 249 1086 1330 1086 1194 435|0.1 0.07222211411427759 -0.01988312204933229 -0.09595604966227578
5333 5333 4910 1179 1886 9428 5657 1225 5333 6532 3223 5897 2134 6799|0.1 0.9032197280137089 0.06192857846017308 0.2788786128283416
2027 1655 380 366 1755 2925 585 1523 1655 1655 310 1977 1819 2412|0.1 0.15368548930872805 0.6912606299775925 0.7808860323520528
816 188 493 866 1443 289 180 816 816 153 752 577 1190 1041|0.1 -0.01105164943414394 0.05832020773243629 0.038490524129206616
7300 1875 6960 1886 1179 12816 14142 1225 6789 2296 6960 7792 1546 7776|0.1 0.2991936501039727 0.007935415250808209 -0.5649989603016503
492 133 492 133 162 87 71 906 480 83 516 613 916 519|0.1 0.017883024694893557 0.0032292242971387886 0.005225970445004169
271 1000 2032 330 176 144 269 975 169 1049 1841 1245 1055 307|0.1 0.013748080119879713 0.016321836431423264 -0.014633845112969057
330 975 176 271 2032 1841 169 1000 269 1049 144 977 1245 2050|0.1 0.02335158138446758 0.250118362559113 0.5618193911215164
257 953 137 161 1756 1937 258 930 315 953 168 917 1065 1954|0.1 0.030524151180777448 0.31723996977308877 0.9783131044847093
161 930 1756 257 137 168 315 953 258 953 1937 1139 1067 292|0.1 0.017519252016995335 0.0022184684540249577 -0.014628963455580735
570 92 530 179 146 78 96 1103 543 147 543 607 1011 608|0.1 0.020992725013144753 0.02115067092637979 0.005562860411667536
5683 1875 5543 962 1540 11547 10464 816 5683 1531 5961 5997 1262 7076|0.1 0.18446998839437567 0.01821913911212114 -0.7057700253134347
2142 1875 1487 240 1152 4320 2610 656 1569 1231 1383 3031 747 2581|0.1 0.2830462014316226 0.08101766707970137 0.7051173440891101
890 1135 475 174 1888 3125 833 1075 1356 1549 723 1428 1225 3055|0.1 0.11931640445893565 0.21980231731573596 1.6969710079776434
707 2000 707 162 133 707 866 906 651 1500 427 1581 1009 707|0.1 0.22972796127944006 -0.040970101162269845 -0.3206503753316947
3510 1523 2121 380 2027 1655 310 1655 4680 1655 2340 3432 1977 3881|0.1 0.02259169805298722 0.2631651940673274 0.3879074171332775
766 1355 1437 254 135 722 1355 1007 965 1495 1810 1071 1009 1053|0.1 0.13336033427673089 -0.034879776805932794 -0.3884737472940236
1768 1875 1305 177 943 1768 331 1260 1951 2362 1314 2574 1374 2500|0.1 0.14594387651485796 0.16980760729502054 0.9025670662862817
826 533 556 140 748 399 75 794 748 423 553 646 806 1058|0.1 -0.05964097589316153 0.1451035911675258 0.0768444087065645
1797 1484 959 135 252 1345 717 993 1427 1345 761 2303 1002 1449|0.1 0.1500575022560957 0.14612970917617485 -0.13182467153848854
7434 1875 7382 2000 2000 15000 15000 1000 7434 1875 7382 7617 2236 9234|0.1 0.3003832002263618 0.02356549343583092 -0.5098210573487427
492 133 492 125 125 67 67 1000 496 133 496 613 1008 497|0.1 0.009275862123738765 0.02348332609878101 0.014341563011619485
271 1000 2032 254 135 135 254 1007 271 1007 2032 1245 1009 303|0.1 0.015139463169979717 0.018726690963830617 -0.005905872263560763
254 1007 135 271 2032 2032 271 1000 254 1007 135 1032 1245 2048|0.1 0.05720738529203517 0.24521147277764 0.7370512586046529
252 993 135 269 2018 2018 269 1000 252 993 135 1002 1242 2033|0.1 0.0024186261512593177 0.20489867824066588 0.6267491873521647
269 1000 2018 252 135 135 252 993 269 993 2018 1242 1025 301|0.1 0.05049945214247842 -0.011520638496342883 -0.022688497852052514
496 133 496 125 125 67 67 1000 492 133 492 616 1008 508|0.1 0.01892171218338401 0.0223014110771369 -0.0033729895120160336
7382 1875 7434 2000 2000 15000 15000 1000 7382 1875 7434 7450 2236 9192|0.1 0.18178844385579707 0.023051217527334522 -0.4230986376963153
1437 1355 766 135 254 1355 722 1007 1810 1495 965 1972 1032 1975|0.1 0.1665338092125035 0.16266124061897091 -0.08919238675669905
943 533 696 177 943 503 94 1260 1040 672 701 745 1374 1069|0.1 -0.026033625268956362 0.13135525880785037 0.1974987506518011
1549 1875 1043 140 748 1403 263 794 1403 1488 1036 2402 806 1590|0.1 0.11369281519653551 0.1563539601051156 0.767794421624195
959 1484 1797 252 135 717 1345 993 761 1345 1427 1161 1025 773|0.1 0.12878121850445456 -0.046173236899629266 -0.38970657775090234
354 1000 354 125 125 625 625 1000 354 1000 354 1061 1008 451|0.1 0.1425413459585534 -0.05961956683821934 -0.3382717955904002
2828 1000 2828 354 1768 1768 354 1000 2828 1000 2828 3000 1275 3335|0.1 -0.007619881878991874 0.1732262023293707 0.4339273803758781
354 1000 354 125 125 625 625 1000 354 1000 354 1061 1008 451|0.1 0.13371804862453152 -0.021700856863589024 -0.45810109316197
2828 1000 2828 354 1768 1768 354 1000 2828 1000 2828 3000 1275 3335|0.1 0.0034392264944682616 0.12908062419733968 0.37485342693692747
4064 2144 2167 271 2032 2032 271 1000 4064 2144 2167 4185 1245 4543|0.1 -0.02907493219915014 0.14707563022596126 0.34338880179410003
461 1875 989 125 125 938 938 1000 461 1875 989 1101 1008 575|0.1 0.26293582097728363 -0.04293236123015243 -0.4608260165410616
1895 466 1011 126 948 948 126 1000 1895 466 1011 1113 1058 2119|0.1 0.011518167677269098 0.19598229206925888 0.5050540298969097
989 1875 461 125 125 938 938 1000 989 1875 461 1931 1008 1047|0.1 0.25188739629807166 -0.015443537522653594 -0.4577821796025272
271 1000 2032 4064 2167 2167 4064 2144 271 2144 2032 1245 2387 2184|0.1 0.02731660758479748 0.005795428181003537 -0.026583718545423185
1055 133 1055 2000 2000 1067 1067 1000 492 133 492 1117 2236 2060|0.1 0.0254544856989547 0.011755775258874834 0.0013465248803323782
126 1000 948 1895 1011 1011 1895 466 126 466 948 1058 1952 1019|0.1 0.03833354695675917 0.001913691942228013 -0.009540276169057726
492 133 492 2000 2000 1067 1067 1000 1055 133 1055 613 2236 1175|0.1 0.011290702316082424 0.029574491351942456 -0.0028574032691897067
5303 1000 5303 354 1768 1768 354 1000 5303 1000 5303 5397 1275 5590|0.1 -0.03903091061041142 0.19361468643130486 0.16264818807878445
189 1000 189 67 67 333 333 1000 189 1000 189 1018 1002 240|0.1 0.14578546651896618 -0.01831269691116244 -0.2849166678044768
5303 1000 5303 354 1768 1768 354 1000 5303 1000 5303 5397 1275 5590|0.1 0.005799391480107996 0.11812217494246324 0.3907112667111834
189 1000 189 67 67 333 333 1000 189 1000 189 1018 1002 240|0.1 0.13126987662128276 0.024916403113017793 -0.26574013045268186
1875 1000 1875 1875 2069 2069 1875 125 1875 125 1875 2125 1879 2792|0.1 0 0 0
1000 1000 1000 67 67 533 533 1000 1104 1000 1104 1414 1002 1133|0.1 0.16650514094098456 0.006863137746850878 -0.6053794624307918
1000 1000 1000 67 533 533 67 1104 1000 1104 1000 1414 1133 1133|0.1 -0.033002500459070605 0.20955078933644566 0.35749819742945776
67 1000 67 1000 1000 1104 1104 1000 533 1000 533 1002 1414 1133|0.1 0 0 0
1875 1000 1875 2069 1875 1875 2069 125 1875 125 1875 2125 2125 2652|0.1 0 0 0
906 1000 906 60 483 483 60 906 906 906 906 1350 908 1027|0.1 -0.01997938040767422 0.16736988687189536 0.5009670570305791
67 1000 67 1104 1104 1000 1000 1000 533 1000 533 1002 1489 1002|0.1 0 0 0
1104 1000 1104 67 67 533 533 1000 1000 1000 1000 1489 1002 1002|0.1 0.14590072250211028 -0.007862209673438203 -0.6562282738897041
7300 1875 6960 1886 1886 14142 14142 1000 7300 1875 6960 7792 2134 8942|0.1 0.2900456323216627 -0.002304554723179253 -0.3617893098059177
492 133 492 133 133 71 71 1000 516 133 516 613 1009 473|0.1 0.01390693590752834 0.02674802877876914 0.004424750165630265
271 1000 2032 269 144 144 269 1049 271 1049 2032 1245 961 307|0.1 0.02804802986620336 0.01114443951321542 -0.014626751829174278
269 1049 144 271 2032 2032 271 1000 269 1049 144 1119 1245 2050|0.1 0.02763920694684563 0.2595169747829673 0.6286168549139726
257 953 137 258 1937 1937 258 1000 257 953 137 917 1225 1954|0.1 0.03661879746302388 0.23009094062100166 0.680505679869039
258 1000 1937 257 137 137 257 953 258 953 1937 1225 1067 292|0.1 0.010632328461084306 0.024415951726504126 -0.003457337641198377
516 133 516 133 133 71 71 1000 492 133 492 632 1009 551|0.1 -0.0018776410105403318 0.043026273658481884 0.006589636484883865
6960 1875 7300 1886 1886 14142 14142 1000 6960 1875 7300 6692 2134 8667|0.1 0.29710256379109623 0.012388480681564396 -0.4936065214382135
2142 1875 1487 384 1920 5760 2880 1000 2142 1875 1487 3031 1318 3956|0.1 0.16419710725932068 0.1301048331738075 0.4069796127247671
1261 1441 673 258 1937 3874 1291 1000 1261 1441 673 2038 1225 3016|0.1 0.09860080656773018 0.14067552194566346 0.849521744101116
1000 1000 1000 71 71 566 566 1000 738 1000 738 1414 1002 721|0.1 0.14848662172104898 -0.008150350234678028 -0.6782973171639906
1000 1000 1000 71 566 566 71 738 1000 738 1000 1414 721 1149|0.1 -0.003947081782211814 0.18694495564650637 0.5588638729325712
71 1000 71 1000 1000 738 738 1000 566 1000 566 1002 1414 721|0.1 0 0 0
1768 1000 1768 1768 1305 1305 1768 125 1768 125 1768 2031 1858 2197|0.1 0 0 0
1768 1000 1768 1305 1768 1768 1305 125 1768 125 1768 2031 1275 2500|0.1 0 0 0
71 1000 71 738 738 1000 1000 1000 566 1000 566 1002 1243 1051|0.1 0 0 0
1355 1000 1355 96 766 766 96 1355 1355 1355 1355 1684 1424 1556|0.1 0.011862545101237743 0.14999737519701073 0.7677306757915292
738 1000 738 71 71 566 566 1000 1000 1000 1000 1243 1002 1051|0.1 0.19793357843989945 -0.018821033694731426 -0.6082512371211535
1111 1000 1111 1240 1240 1240 1240 222 3333 222 3333 1495 1326 2289|0.1 0 0 0
179 1000 807 896 2689 2689 896 1000 179 1000 807 1070 1847 2695|0.1 -0.026723274092104177 0.07090446916454551 0.17805255725048763
1240 222 1240 1111 1111 3333 3333 1000 1240 222 1240 1326 1495 2289|0.1 0.08109661827799375 -0.055652814220863434 -0.22337516552233483
1111 1000 1111 1240 1240 1240 1240 222 3333 222 3333 1495 1326 2289|0.1 0 0 0
179 1000 807 896 2689 2689 896 1000 179 1000 807 1070 1847 2695|0.1 -0.04874447884228639 0.09617935937944688 0.12765852582067083
1240 222 1240 1111 1111 3333 3333 1000 1240 222 1240 1326 1495 2289|0.1 0.08185987891262236 -0.03897391802386574 -0.25497700116182465
896 1000 2689 179 807 807 179 1000 896 1000 2689 1847 1070 1206|0.1 -0.065511101138922 0.10861412279781657 0.13678709064390837
67 1000 67 372 372 372 372 333 300 333 300 1002 687 398|0.1 0 0 0
372 333 372 67 67 300 300 1000 372 333 372 687 1002 398|0.1 0.08894086460423667 -0.0688803760452994 -0.3800174791970412
896 1000 2689 179 807 807 179 1000 896 1000 2689 1847 1070 1206|0.1 -0.04577089549184121 0.08875927701660791 0.2334276658077128
67 1000 67 372 372 372 372 333 300 333 300 1002 687 398|0.1 0 0 0
372 333 372 67 67 300 300 1000 372 333 372 687 1002 398|0.1 0.09815470701996842 -0.03352680789661888 -0.3840410032872976
1000 1000 1000 200 1600 3000 1600 1720 1720 1720 1720 1414 1887 3162|0.1 0.04213425321326181 0.11451332821628801 0.18185878576548076
1000 1000 1000 116 930 1744 930 581 581 581 581 1823 593 1097|0.1 0.09406954308896598 0.04179872744247248 0.6939865974286819
625 1000 625 625 1075 1075 625 125 625 125 625 1179 637 1244|0.1 0 0 0
1000 1000 1000 200 200 1600 1600 1000 1720 1000 1720 1414 1020 1887|0.1 0.14375765988368538 0.01719429152015506 -0.6249042105576152
1000 1000 1000 200 1600 1600 200 1720 1000 1720 1000 1414 1887 1887|0.1 0.005246374699565681 0.16361207926580246 0.7338771928836851
200 1000 200 1000 1000 1720 1720 1000 1600 1000 1600 1020 1414 1887|0.1 0 0 0
625 1000 625 1075 625 625 1075 125 625 125 625 1179 1179 884|0.1 0 0 0
581 1000 581 116 930 930 116 581 581 581 581 1157 593 1097|0.1 0.005622158765730134 0.18256731188062592 0.6045798903542576
200 1000 200 1720 1720 1000 1000 1000 1600 1000 1600 1020 1990 1020|0.1 0 0 0
1720 1000 1720 200 200 1600 1600 1000 1000 1000 1000 1990 1020 1020|0.1 0.19547686143186027 -0.008051181363238902 -0.5694145664470784
1132 1132 528 228 1053 1974 658 1185 658 1132 307 1459 1326 1242|0.1 0.09705129226578624 0.19434439623853272 0.5885973519992937
3687 2143 3860 743 2143 6429 3429 1720 3687 3687 3256 3820 2365 5231|0.1 0.08450694679760229 0.05873725562842713 0.04826529835229021
70 1000 70 1220 1747 1747 1220 1690 1056 1690 1056 1002 2648 1768|0.1 0.005851296411345519 0.31032388676067724 0.0033534008903646217
1386 1433 820 58 866 866 58 1000 1386 1433 820 2171 1025 1634|0.1 0.03629045831500033 0.23522304548464712 1.733089363550644
1220 1690 1747 70 70 1056 1056 1000 1220 1690 1747 954 1002 1250|0.1 0.23424771739467554 0.03664097551371315 -1.2268853525053014
70 1000 70 1747 1220 1220 1747 1690 1056 1690 1056 1002 954 1250|0.1 0.11232350006779468 -0.026857576415452167 0.009986165412021464
967 698 572 40 605 605 40 1000 967 698 572 546 1012 1141|0.1 0.03626986037753577 0.23383463447177233 1.7352189514042649
1747 1690 1220 70 70 1056 1056 1000 1747 1690 1220 2648 1002 1768|0.1 0.23309409363365674 0.03679071575263482 -1.2290567470195968
58 1000 866 1386 820 820 1386 1433 58 1433 866 1025 782 822|0.1 0.003864994598647975 0.020819788678914097 -0.0008258071108824261
1600 1000 1600 1154 1154 1654 1654 67 947 67 947 1887 1183 903|0.1 0.033227782249889426 -0.011986619940779208 -0.04165930381235361
1654 67 1654 1600 1600 947 947 1000 1154 67 1154 1674 1887 2506|0.1 0.009357015766400245 0.020247383388511953 -0.0054505554453443406
40 1000 605 967 572 572 967 698 40 698 605 1012 1515 574|0.1 -0.004798331072077833 0.029558665016851116 0.0018380336089229843
1600 1000 1600 1654 1654 1154 1154 67 947 67 947 1887 1674 2506|0.1 0.012017175371803468 0.043259483073243565 -0.02332410759595671
1154 67 1154 1600 1600 947 947 1000 1654 67 1654 1183 1887 903|0.1 0.01943815200122101 0.009888327240079597 0.002041227455096273
1132 1132 528 228 1053 1974 658 771 1460 1132 681 1459 850 2276|0.1 0.037354985458826206 0.03928928869487702 0.23583664367210488
1662 2143 1132 335 966 2898 1546 776 1662 1662 1468 2490 845 2358|0.1 0.20677448930860098 0.11838349031763507 0.33376136363110875
1893 1468 883 296 1366 2560 853 1297 1468 1468 685 2200 1508 2005|0.1 0.09193460783810448 0.30679500047489094 0.4559719429253972
2143 2143 1892 432 1246 3737 1993 1289 2143 2763 1459 2760 1597 3041|0.1 0.146109985401226 0.08145601848083439 0.27772388972610695
555 955 259 192 888 1666 555 844 955 955 446 990 896 1756|0.1 0.049321944627207515 0.16006600749495448 0.25173985558017087
2143 2143 1892 432 1246 3737 1993 581 2143 1246 2243 2760 724 3041|0.1 0.2300397395617093 0.09973729551129518 0.45582352606569065
1000 1000 1000 67 533 1000 533 1104 1104 1104 1104 1414 1133 1414|0.1 0.08377281687395932 0.10675949703250254 0.4873492954166836
1000 1000 1000 60 483 906 483 906 906 906 906 1535 908 1027|0.1 0.0821449385649986 0.11234042137694855 0.6486787246310488
1035 67 1035 1600 1600 947 947 1000 803 67 803 1067 1887 1790|0.1 0.01016578218155928 0.012590318345993001 0.0008840418944555672
1600 1000 1600 803 803 1035 1035 67 947 67 947 1887 843 1241|0.1 -0.022785911032431327 0.06665920786003143 0.015410226438943297
83 1000 1246 1993 1179 1179 1993 1289 83 1289 1246 1050 1546 1182|0.1 -0.002062912611628942 0.029656327807146 0.0012945633199445972
803 67 803 1600 1600 947 947 1000 1035 67 1035 843 1887 1241|0.1 0.017844949840417623 0.010839561220028493 -0.0050481419602566024
1600 1000 1600 1035 1035 803 803 67 947 67 947 1887 1067 1790|0.1 0.033620160115581665 0.018484439816139897 -0.028222078655176785
64 1000 966 1546 915 915 1546 776 64 776 966 1031 1729 917|0.1 0.0149685515123954 0.013173898416851682 -0.004824492610587816
848 1690 1093 70 70 1056 1056 1000 848 1690 1093 1311 1002 891|0.1 0.23624001390077698 0.03635713864045487 -1.2216480877988878
1993 1289 1179 83 1246 1246 83 1000 1993 1289 1179 2230 1050 2350|0.1 0.036036917858595086 0.2342417032854538 1.7313802081755147
70 1000 70 848 1093 1093 848 1690 1056 1690 1056 1002 1891 1127|0.1 0.12002840147377514 -0.025614015530585066 0.00771338996552684
1093 1690 848 70 70 1056 1056 1000 1093 1690 848 1891 1002 1127|0.1 0.23430393832318597 0.036770389691211935 -1.22618520724731
1546 776 915 64 966 966 64 1000 1546 776 915 1199 1031 1823|0.1 0.03628665205507975 0.23302056949935146 1.73694289063413
70 1000 70 1093 848 848 1093 1690 1056 1690 1056 1002 1311 891|0.1 0.13396895164908162 -0.2817944027801167 -0.005658341665825128
1000 467 961 581 1744 581 39 1000 1000 467 961 1151 1419 1419|0.1 -0.043311043305727104 0.12195163870556858 0.07572788817147069
485 1040 1040 605 40 605 1814 1000 485 1040 1040 1197 1012 510|0.1 0.14260391982882314 -0.05449893719167265 -0.28906675949637917
291 1079 155 73 1781 2192 292 1000 291 1079 155 1182 1063 1997|0.15 0.05093484041408303 0.18459926554668993 2.7608452786655446
6960 1875 6452 471 1886 14142 11490 1000 6960 1875 6452 7623 1374 8667|0.15 0.2853982494004459 0.026353191415098287 -1.0472910944099834
5333 5333 4910 471 1886 9428 1886 1000 5333 5333 4910 5897 1374 6799|0.15 0.5308868382622367 0.21397394103026768 0.9323473249451708
1086 1086 204 96 384 1920 384 1000 1086 1086 204 1201 1018 1385|0.15 0.18416802415695432 0.7405038588262669 1.3191466029233623
1000 1000 1000 71 71 566 566 900 1116 200 1116 1414 951 1149|0.15 0.12003663343897575 -0.07965933854459872 -0.8258228056301586
71 900 71 1000 1000 1116 1116 1000 566 200 566 951 1414 1149|0.15 -0.011734793157441858 0.13005322956047172 0.03538423803158386
354 1000 1768 1768 1972 1972 1768 125 1591 125 1768 1275 1772 2110|0.15 0.03250700324826106 -0.04437149176035993 -0.0489337478685159
179 1000 807 63 507 507 63 896 896 896 896 1070 898 646|0.15 -0.026750995398380217 0.17105840626354007 0.6807903613200006
1768 125 1972 354 1768 1768 1591 1000 1768 125 1972 2031 1275 2500|0.15 0.04981222802084684 -0.01497071250593729 -0.0026122391306337978
63 896 507 179 807 896 896 1000 63 896 507 1030 1070 853|0.15 -0.03733691649699167 0.04938550302812983 0.12754932201149316
289 1000 1443 1443 1179 1179 1443 125 1299 125 1443 1190 1519 1329|0.15 0.005054981367091926 -0.0030610632653371717 -0.018600054935723476
1000 1000 1000 87 87 693 693 900 817 200 817 1414 953 825|0.15 0.12022939424458867 -0.02440693375256542 -0.827306077454194
87 900 87 1000 1000 817 817 1000 693 200 693 953 1414 825|0.15 0.0008004246880877197 -0.16434343736578816 0.003676403188617172
1443 125 1179 289 1443 1443 1299 1000 1443 125 1179 1190 1190 2041|0.15 0.05603864970294081 -0.022728035471745178 -0.03812511629811666
106 1224 848 245 1102 1224 1224 1000 106 1224 848 1009 1127 1166|0.15 -0.022779562392390984 0.06046328801142309 0.1766158655561645
245 1000 1102 106 848 848 106 1224 1224 1224 1224 1127 1288 1009|0.15 0.011593257463915485 0.1400469031841367 0.8989856641872551
1417 1875 1314 96 384 2880 2340 1000 1417 1875 1314 2051 1018 1765|0.15 0.15322318268698565 -0.0010859289409026474 -1.0834788490250569
1427 1079 761 73 1781 2192 292 1000 1427 1079 761 1561 1063 2437|0.15 0.057193377949116275 0.20700567537999426 2.47808787831973
4355 5333 2632 385 1540 7698 1540 1000 4355 5333 2632 5203 1262 5551|0.15 0.5605357466771665 0.2177911992690218 0.9419584320899266
2027 1655 380 146 585 2925 585 1000 2027 1655 380 1977 1042 2412|0.15 0.18799089663585677 0.636770935610651 1.2177955045175382
338 1025 180 69 1692 2083 278 1000 338 1025 180 1082 1057 1908|0.15 -0.03953649463016462 0.2689383187024963 0.769827955563176
5683 1875 5543 385 1540 11547 9382 1000 5683 1875 5543 5997 1262 7076|0.15 0.21465675729143152 -0.0007227708205026495 -0.8083624526244848
2390 1875 2106 146 585 4388 3565 1000 2390 1875 2106 3007 1042 2877|0.15 0.28633308194311535 0.014174883580768682 -1.131566950772509
890 1135 475 69 1692 2083 278 1000 890 1135 475 1428 1057 2078|0.15 -0.02994172421510899 0.15500760248543077 0.9596026789431478
573 333 573 573 573 268 268 333 551 22 551 814 814 710|0.15 0 0 0
1040 1040 485 40 605 1814 605 1000 1040 1040 485 1288 1012 1476|0.15 0.10624703799136936 0.2602427013856401 1.688570294940197
40 1000 605 1040 485 485 1040 1040 605 1040 1814 1012 1197 510|0.15 0 0 0
2143 2143 2060 83 1246 3737 1246 1000 2143 2143 2060 2653 1050 3041|0.15 0.15102611071100114 0.16865338828050636 1.6141165292084558
204 1086 1086 384 96 384 1920 1000 204 1086 1086 1086 1018 280|0.2 0.11510034066228858 -0.050422199746038565 -0.3980701839462297
1000 187 921 354 1768 354 88 1000 1000 187 921 1000 1275 1275|0.2 -0.08200469263944576 0.14056149669474882 0.005724977158763078
380 1655 2027 585 146 585 2925 1000 380 1655 2027 1170 1042 480|0.2 0.15326774124153397 -0.08918470832587566 -0.45091059293567604
816 188 493 289 1443 289 72 1000 816 188 493 577 1190 1041|0.2 -0.05622090842529959 0.10933508798509628 0.10529846270830978