1744 1000 1744 581 1744 1744 581 1000 1744 1000 1744 2010 1419 2466|0.001 -0.09840681765880599 0.137884797995389 -0.11953345229018697
3000 1000 3000 1720 1720 1720 1720 3000 3000 3000 3000 3162 2441 3458|0.001 -0.1575692783707261 -0.05536596526397708 0.04476979535251058
1744 1000 1744 581 1744 1744 581 1000 1744 1000 1744 2010 1419 2466|0.001 -0.0629326306315614 0.042682614501090566 -0.4880206292651268
3000 1000 3000 1720 1720 1720 1720 3000 3000 3000 3000 3162 2441 3458|0.001 0.0183986569631589 0.021611744679690403 0.15433781493233933
1000 1000 1000 573 573 573 573 333 1000 333 1000 1414 814 1153|0.001 0.11372503791255983 0.08441604020997362 0.05315737457136871
1744 1000 1744 1744 581 581 1744 1000 1744 1000 1744 2010 1419 1838|0.001 -0.15692660059300922 0.1783343902920742 0.1325823525320824
1000 1000 1000 573 573 573 573 333 1000 333 1000 1414 814 1153|0.001 0.09573419053772181 -0.0752131968559866 0.07263625128098417
1744 1000 1744 1744 581 581 1744 1000 1744 1000 1744 2010 1419 1838|0.001 -0.13251562738220146 0.1819813873640097 0.09232538028297377
1000 1297 533 734 2754 3182 963 1366 904 1480 482 1731 2050 2898|0.001 0.1278635319198851 0.23103413320422872 -0.01858416820576636
501 763 554 1347 1537 1418 1039 3305 938 2860 1039 1118 2430 1443|0.001 0.06301301439796791 0.2734135493338341 0.05514688679959523
611 923 326 651 2151 1861 496 877 676 676 360 939 1438 1959|0.001 0.14736774960568466 0.3506558641078339 -0.09275610218455022
726 1311 656 1860 1362 1766 2015 3750 1362 4333 1230 1466 2241 2357|0.001 -0.20992245289619627 -0.014149086915375975 -0.05236622731863538
328 1156 363 363 496 537 471 267 175 350 194 1052 598 504|0.001 0.12084818314979984 0.15702298639511225 -0.01042507092087197
411 771 771 2453 742 566 2123 1141 372 1053 697 1334 1640 830|0.001 -0.2517446011563429 0.10991600332994844 0.13398372730991648
314 865 284 465 408 314 429 303 168 231 151 911 735 544|0.001 0.06894086328323112 0.010801824787651793 -0.0023615640334129218
353 1084 662 2016 538 705 2330 732 391 950 732 1017 1501 788|0.001 0.10791941543334627 0.12235024855428822 -0.0034619554481118975
468 913 250 651 2151 2481 827 877 573 913 306 871 1438 2525|0.001 0.10937911460633831 0.1520628103028132 -0.22114981573125192
266 1154 218 465 408 424 424 303 142 385 116 1174 735 434|0.001 0.030159826591502625 0.013787073460569399 0.1419560110125362
349 1041 654 2453 742 944 2831 1141 285 1041 534 1064 1640 795|0.001 -0.07953026821068909 0.01457155540251831 0.09980361507730517
384 1271 470 1347 1537 1403 1403 3305 719 3814 881 1071 2430 1339|0.001 -0.24933989696836578 0.055488622285024825 0.09215505867657958
6452 1875 6960 1886 471 11490 14142 1000 6452 1875 6960 5976 1374 6859|0.001 0.1013239735231175 0.2818164056053818 1.237425137840058
530 250 530 3691 3691 3422 3422 7500 994 6094 994 729 4596 3169|0.001 -0.792321232140355 -0.009420595513137675 0.008457689301042404
6128 1000 7542 3712 3441 3441 3712 533 251 533 1006 6872 4066 3658|0.001 0.05028765393187751 -0.052667200377254364 -0.03339179822138161
144 927 269 2032 271 68 1651 1000 144 927 269 1095 1245 197|0.001 -0.03163846172752671 -0.01982229162716731 0.14832990488796938
271 1000 2032 269 144 144 269 927 68 927 1651 1245 1095 197|0.001 0.014195731341295481 -0.036815528823586074 -0.024855916825429203
133 812 133 492 492 456 456 133 71 33 71 911 613 539|0.001 0.12704992065367682 -0.020247570883348276 -0.00815766338782331
3691 7500 3691 530 530 994 994 250 3422 6094 3422 4596 729 3169|0.001 1.3868331156069602 0.31994308101763513 0.17902286647847987
269 927 144 271 2032 1651 68 1000 269 927 144 859 1245 1851|0.001 -0.011406813559881046 -0.1354102101122001 -0.8189090979290126
1886 1000 471 6452 6960 6960 6452 1875 14142 1875 11490 1374 7623 8667|0.001 0.07283394289384404 1.2016657057934532 0.21290077346225678
291 1079 155 73 1781 2192 292 1000 291 1079 155 1182 1063 1997|0.001 -0.06153195402577749 -0.18270061095270407 -4.125730804236189
13687 24375 13687 2121 2121 3977 3977 4000 14765 30000 14765 14550 2915 16171|0.001 0.07553468700361998 0.14934935048177334 -0.2590005771524351
163 1231 163 561 561 606 606 41 87 164 87 1121 597 520|0.001 0.09483756693300371 -0.03959268423371687 0.09050996714512483
155 1079 291 1781 73 292 2192 1000 155 1079 291 926 1063 213|0.001 -0.014735749479602989 -0.005277441473878763 0.1724538854892499
6960 1875 6452 471 1886 14142 11490 1000 6960 1875 6452 7623 1374 8667|0.001 -0.3149477880245377 0.07183615570753865 -0.8487084183421523
2121 4000 2121 13687 13687 14765 14765 24375 3977 30000 3977 2915 14550 16171|0.001 -4.259501765979623 -0.036064701737984484 -0.006115074130370601
1781 1000 73 155 291 291 155 1079 2192 1079 292 1063 1182 1997|0.001 0.03462060495748709 -1.207473702666484 0.11976741316154449
3048 1739 1625 271 2032 2032 271 1000 3048 1739 1625 3208 1245 3663|0.001 -0.038660404909259816 0.10255916279550137 -0.7362741208275292
6000 1000 6000 6418 6418 3691 3691 7500 11250 7500 11250 6083 6978 7045|0.001 -1.0735348457950233 -0.021178599552703625 -0.1274261089296591
1753 575 935 156 1169 1169 156 1000 1753 575 935 1098 1087 2107|0.001 0.027469716484995743 0.08356684405243175 -0.7132852920579524
6000 1000 6000 3691 3691 6418 6418 7500 11250 7500 11250 6083 4596 11840|0.001 -0.8025531668533525 0.06885347386046403 0.03850776396811639
1500 1000 1500 492 492 856 856 133 800 133 800 1803 613 939|0.001 0.0009028434360391913 0.050362403992652016 0.11798982661562096
935 575 1753 1169 156 156 1169 1000 935 575 1753 1845 1087 948|0.001 0.0010213298316696928 0.03451348667689702 0.12945053116196759
1500 1000 1500 856 856 492 492 133 800 133 800 1803 930 1579|0.001 0.19140649057443504 0.03533003594032191 -0.09900553408895174
1625 1739 3048 2032 271 271 2032 1000 1625 1739 3048 1908 1245 1648|0.001 0.12243810691117352 0.027963957650973814 0.018080223927845473
2121 1225 2828 1768 354 354 1768 1000 2121 1225 2828 2345 1275 2151|0.001 0.04252668146798033 -0.10667669185789763 0.12902056741239454
1600 1000 1600 693 693 566 566 200 1200 200 1200 1887 825 1697|0.001 0.14918976795337713 -0.0143820500928038 -0.07853720197375735
1732 816 2309 1443 289 289 1443 1000 1732 816 2309 2449 1190 1756|0.001 -0.0202626797849903 -0.04435707333810823 0.13019946682369055
1600 1000 1600 566 566 693 693 200 1200 200 1200 1887 721 1327|0.001 0.12114926830808503 0.05617403613118466 -0.011020346597676589
6000 1000 6000 2828 2828 3464 3464 5000 8000 5000 8000 6083 3606 8485|0.001 -0.2958084262381344 0.12468413797324995 0.11802329301949799
2309 816 1732 289 1443 1443 289 1000 2309 816 1732 1915 1190 2723|0.001 0.034299731379907605 0.08185739767298639 -0.4273536588383253
6000 1000 6000 3464 3464 2828 2828 5000 8000 5000 8000 6083 4123 6633|0.001 -0.5269413018717106 0.011217926415321156 0.03376973703673958
2828 1225 2121 354 1768 1768 354 1000 2828 1225 2121 3000 1275 3335|0.001 -0.07043521233769057 0.23173450261051443 -0.3126088089310608
662 1084 353 538 2016 2330 705 732 732 950 391 1267 1205 2422|0.001 0.137248021764933 0.18749508732046616 0.05248131990358562
554 763 501 1537 1347 1039 1418 3305 1039 2860 938 912 2210 901|0.001 -0.04012766478209251 -0.06980034157738846 0.12931904333210564
771 771 411 742 2453 2123 566 1141 697 1053 372 669 1804 2550|0.001 0.09109164046665175 0.3865318066546575 0.14718582215632825
656 1311 726 1362 1860 2015 1766 3750 1230 4333 1362 1196 2791 2357|0.001 0.026248471304763932 0.3283208001180449 0.16239057130144063
363 1156 328 496 363 471 537 267 194 350 175 1201 744 315|0.001 0.17268285783469395 0.09462699936941377 -0.0994965430143846
326 923 611 2151 651 496 1861 877 360 676 676 1170 1581 594|0.001 -0.17460314182912384 0.17475560024776016 0.048325076139215106
284 865 314 408 465 429 314 303 151 231 168 1040 669 544|0.001 0.01792779049867077 0.22565720978384274 -0.0849434083925038
533 1297 1000 2754 734 963 3182 1366 482 1480 904 868 1646 878|0.001 -0.01617280017386813 0.02479858881001107 0.09434215190483597
1853 1875 2483 1443 289 2165 4330 1000 1853 1875 2483 1477 1190 2014|0.001 0.11050829377521332 0.05882210225590656 0.357362666564649
1155 1000 2309 1324 988 988 1324 533 154 533 770 1915 1782 1074|0.001 -0.00959406375089844 -0.061627181665693254 0.0104673055240867
581 1000 1744 755 403 403 755 746 116 746 872 1419 1346 479|0.001 -0.022599956302461477 0.04054201304621863 -0.1477518700501712
1720 3000 1720 693 693 1299 1299 200 1284 1500 1284 2441 825 1023|0.001 0.47243832754692683 0.27247919085755967 0.1389706024109416
1443 1000 289 1853 2483 2483 1853 1875 4330 1875 2165 1190 3342 3524|0.001 -0.10146063181221465 -0.9776715180425355 -0.006473629986302187
1012 1340 540 156 1169 2337 779 1000 1012 1340 540 1804 1087 1938|0.001 -0.021181911799144082 0.008675458945395231 -1.4689002114155636
6418 7500 6418 3464 3464 6495 6495 5000 8602 15000 8602 6978 4123 11576|0.001 -1.721222738386201 -0.059031852959590125 -0.0965812044877623
866 2000 866 856 856 1147 1147 133 462 667 462 1658 930 682|0.001 0.25404298656471314 0.03758548055994071 0.027669668957730487
540 1340 1012 1169 156 779 2337 1000 540 1340 1012 797 1087 642|0.001 -0.03440784627700477 0.1173171689215824 0.24250422292701135
2483 1875 1853 289 1443 4330 2165 1000 2483 1875 1853 3342 1190 3524|0.001 -0.30505282712114945 0.06549889739619674 -1.1482309710599514
3464 5000 3464 6418 6418 8602 8602 7500 6495 15000 6495 4123 6978 11576|0.001 -0.425674406838108 0.22355320218819807 0.16338017820708206
1169 1000 156 540 1012 1012 540 1340 2337 1340 779 1087 1804 1938|0.001 0.09693421567069205 -0.3269439614791836 0.0033209192339911375
654 1041 349 541 2076 2831 944 1000 654 1041 349 1187 1457 2511|0.001 -0.07147418643867809 0.02809840420094245 -0.7279872471411397
315 1364 315 482 482 502 502 261 168 455 168 1209 702 512|0.001 0.03819903611041564 0.003177125893134569 0.16793437451266824
349 1041 654 2076 541 944 2831 1000 349 1041 654 1064 1457 795|0.001 0.025829799413690235 0.10561745469630957 0.012138468046196671
644 1744 644 1849 1849 1925 1925 3837 1208 5233 1208 1470 2693 2194|0.001 -0.2844342047218107 0.1768237548709939 0.18484460303899608
354 1000 1768 1000 187 187 1000 921 88 921 354 1275 1106 258|0.001 -0.08945622521265517 -0.029508780808077395 0.10073415071849778
921 187 1000 1768 354 88 354 1000 921 187 1000 1106 1275 938|0.001 -0.08533370659827177 0.03479210483749773 0.08077073305477578
2828 5000 2828 530 530 2828 2828 250 2604 1000 2604 3606 729 2828|0.001 0.4291732601060083 0.019951757166669637 0.18032746199836858
471 1000 1886 5333 4910 4910 5333 5333 1886 5333 9428 1374 5333 5000|0.001 -0.4686747617550058 0.3580288104004903 0.006373890556108375
1768 1000 354 187 1000 1000 187 921 354 921 88 1275 1000 1275|0.001 0.014618505093140222 0.46956634862239444 -0.4237701310252673
4910 5333 5333 1886 471 1886 9428 1000 4910 5333 5333 5333 1374 5000|0.001 0.35313893760741566 0.05710605136433955 0.48264098258562926
566 200 566 566 566 106 106 200 521 50 521 721 721 625|0.001 0.10030653060217665 -0.03170089753843364 -0.04164690023168882
354 1000 1768 1000 921 921 1000 187 88 187 354 1275 1106 938|0.001 0.09217484208163818 -0.04163647178722196 -0.06050784294140299
1768 1000 354 921 1000 1000 921 187 354 187 88 1275 1000 1275|0.001 -0.011666232774844021 -0.26353650308466814 0.15352718206566252
204 1086 1086 384 96 384 1920 1000 204 1086 1086 1086 1018 280|0.001 -0.004218805824718341 0.11013331351647837 0.38702311145485613
2604 250 2604 2828 2828 530 530 5000 2828 1000 2828 2652 3606 2828|0.001 -0.19933973981650643 -0.05374785715102415 0.07139387433201305
5333 5333 4910 471 1886 9428 1886 1000 5333 5333 4910 5897 1374 6799|0.001 -0.2973793847807116 0.06298246911363492 -2.088197738025994
2121 4000 2121 10416 10416 11314 11314 4000 11314 20000 11314 2915 10607 12510|0.001 1.189479484295728 1.0888410466896992 0.11665245468827301
384 1000 96 204 1086 1086 204 1086 1920 1086 384 1018 1201 1385|0.001 0.06014737416954352 -0.802992417563676 -0.21827135268988274
1886 1000 471 4910 5333 5333 4910 5333 9428 5333 1886 1374 5897 6799|0.001 -0.32801930818605607 -1.1285458962329387 0.01905168573189675
10416 4000 10416 2121 2121 11314 11314 4000 11314 20000 11314 10607 2915 12510|0.001 -1.6550778072488537 0.12211710569274947 0.0405850592236634
1086 1086 204 96 384 1920 384 1000 1086 1086 204 1201 1018 1385|0.001 0.11459020422139643 1.1403448558408535 1.0277075843020733
1000 187 921 354 1768 354 88 1000 1000 187 921 1000 1275 1275|0.001 0.05673400480625368 0.05449507072761817 -0.22473559270550947
2828 5000 2828 2604 2604 2828 2828 250 530 1000 530 3606 2652 2828|0.001 0.2798145359065751 0.10676676177419964 0.059890336933479116
96 1000 384 1086 204 204 1086 1086 384 1086 1920 1018 1086 280|0.001 0.13104670778613992 -0.22961126380027785 0.008257739430814759
1305 1875 1768 1225 230 431 2296 604 1273 1133 1444 1398 1195 1275|0.001 0.15280012411046595 -0.008126106020951429 0.13071826863512603
1437 1355 766 176 330 1760 938 975 868 1107 463 1972 977 1016|0.001 -0.27651722516861654 -0.00329812469490931 -0.27627167426944266
5543 1875 5683 4355 2632 4934 8165 5333 6289 10000 7698 5551 3079 7914|0.001 -1.1822310675953385 0.07165967395488915 -0.059764651787995726
1225 604 230 1305 1768 1444 1273 1875 2296 1133 431 707 2574 1926|0.001 0.038968324620396455 -0.6418045587542254 0.06995700521460035
943 533 696 230 1225 653 122 604 770 322 679 745 707 1424|0.001 0.04196787716412409 0.09423222786166363 -0.32979990258917735
2632 5333 4355 3031 2956 3354 4106 533 1404 2844 2322 3079 3198 3093|0.001 0.4175552687554762 0.20007501198502808 0.05876921621666753
230 604 1225 943 696 679 770 533 122 322 653 1195 1373 734|0.001 -0.05277477375486117 0.007362550109140109 -0.057254647306731465
629 533 770 816 493 263 435 188 554 100 568 1162 976 791|0.001 0.0629308014055141 0.014430197211205975 0.0007885283421726896
1443 1875 1179 493 816 1531 925 188 1066 352 1039 2179 577 1141|0.001 0.15299584560653612 0.06085483755635224 0.1746477011417169
4355 5333 2632 5543 5683 7698 6289 1875 8165 10000 4934 5203 5997 11208|0.001 0.2238047670970733 0.215807608960481 -0.07068610264993391
338 1025 180 475 890 1473 786 1135 1804 1389 962 1082 1428 1760|0.001 0.09011416894458613 0.4248938944896219 0.1363072804183285
2390 1875 2106 380 2027 3800 712 1655 2925 3103 2159 3007 1977 4417|0.001 -0.1206915801454378 -0.08675229133028428 -1.4014283663454385
3031 533 2956 2632 4355 2322 1404 5333 4106 2844 3354 2960 5203 3246|0.001 -0.49186848489463864 -0.03441052932947386 0.037311868212071
475 1135 890 338 180 962 1804 1025 786 1389 1473 1046 1001 939|0.001 0.17026573310735538 0.02234463322225766 0.14052879791367268
848 1224 1590 785 418 692 1298 881 159 904 298 1334 1258 490|0.001 -0.08980988816457702 -0.02878418883850875 0.09718067191210711
1123 533 1275 2027 380 203 1081 1655 1152 882 1560 1604 1170 1125|0.001 -0.03337250409200743 0.006912587636316303 0.11944700711195466
11000 1000 11000 4085 4085 4085 4085 7500 7500 7500 7500 11045 4918 9959|0.001 -0.8975711450007162 0.10124244938276572 -0.006269389549410365
371 682 371 91 91 682 682 1000 371 682 371 905 1004 447|0.001 -0.07573410409737802 0.26922302456827696 0.7388687921447534
1836 1000 2693 245 1836 1836 245 1000 1836 1000 2693 2438 1204 2596|0.001 -0.03027248289977358 -0.06848934333757661 -1.2771186752692731
4085 7500 4085 11000 11000 7500 7500 1000 4085 7500 4085 4918 11045 9959|0.001 0.468429399480792 0.15795475324821284 -0.02821618633335965
11000 1000 11000 4085 4085 4085 4085 7500 7500 7500 7500 11045 4918 9959|0.001 -0.8739379971779382 -0.0005090212533598315 0.014657418281536216
371 682 371 91 91 682 682 1000 371 682 371 905 1004 447|0.001 0.06312511006842714 0.10598526682166654 0.4092329593624777
4085 7500 4085 11000 11000 7500 7500 1000 4085 7500 4085 4918 11045 9959|0.001 0.5775170560518528 0.1716123842750572 -0.08684667881068142
1836 1000 2693 245 1836 1836 245 1000 1836 1000 2693 2438 1204 2596|0.001 0.016319730681990663 0.011866349947564636 -1.0476761111960298
2693 1000 1836 1836 245 245 1836 1000 2693 1000 1836 2438 1204 2704|0.001 -0.04695749485997158 0.046847972925851966 0.15780696842035535
1000 1000 1000 545 545 545 545 133 1467 133 1467 1414 656 1328|0.001 0.12264683155271072 0.13082623775377833 0.0030020125620611182
2693 1000 1836 1836 245 245 1836 1000 2693 1000 1836 2438 1204 2704|0.001 0.0526195907813265 -0.09944475751058612 0.10334602455266184
1000 1000 1000 545 545 545 545 133 1467 133 1467 1414 656 1328|0.001 0.11413391862458822 0.0495140676898953 0.0665141907350364
1000 1000 1000 71 71 566 566 900 1116 200 1116 1414 951 1149|0.001 -0.10429446003461407 0.16561379967038548 0.5495619564064347
12728 1000 14142 14142 15780 15780 14142 8000 2828 8000 14142 13454 16248 16882|0.001 -1.1889507472043925 -0.09201564825681574 -0.15851211402645893
566 1116 71 1000 1000 200 900 1000 566 1116 71 1149 1414 721|0.001 -0.0041749918992251 -0.16166339470771618 0.07479810214092719
1000 1000 1000 71 566 566 71 1116 200 1116 900 1414 1149 721|0.001 -0.008286962909909157 0.04890643719909438 -1.0233419761826579
15780 8000 14142 14142 12728 2828 14142 1000 15780 8000 14142 16248 13454 16882|0.001 1.0721143590640736 0.2968283189972687 0.034793417049225894
71 900 71 1000 1000 1116 1116 1000 566 200 566 951 1414 1149|0.001 0.1457420926733688 -0.15467705688137268 -0.0006831964587561412
1000 1000 1000 566 566 71 71 200 1116 900 1116 1414 721 1002|0.001 0.12735052676233982 0.005887202730605612 -0.022542727613461544
71 1116 566 1000 1000 900 200 1000 71 1116 566 1002 1414 951|0.001 -0.0031185510274656103 -0.027635637979274152 0.002300977296094686
354 1000 1768 1768 1972 1972 1768 125 1591 125 1768 1275 1772 2110|0.001 0.1055838756873162 -0.10712832879484546 0.06409477144455833
1000 1000 1000 566 71 71 566 1116 900 1116 200 1414 1002 951|0.001 -0.032797038798603184 -0.01630156352617207 0.14763492589479288
566 200 566 1000 1000 1116 1116 1000 71 900 71 721 1414 1002|0.001 0.08017744594039034 -0.08782519995384597 0.0472060068771607
1972 125 1768 1768 354 1591 1768 1000 1972 125 1768 1772 1275 2110|0.001 -0.019729818922193942 0.09249900396508082 0.07285972684493158
14142 8000 15780 12728 14142 14142 2828 1000 14142 8000 15780 14177 13454 20000|0.001 1.0248420420307114 0.25971739677661976 -0.06409272203840799
79 1111 79 1240 1240 1111 1111 222 629 1111 629 1057 1326 1114|0.001 0.04447476626597391 0.6143356494546492 0.2176568817098623
179 1000 807 63 507 507 63 896 896 896 896 1070 898 646|0.001 -0.004357018729158613 -0.060192860376733215 -0.9841402443194913
14142 1000 12728 15780 14142 14142 15780 8000 14142 8000 2828 13454 14177 20000|0.001 -1.1160987818021173 -0.0795337280356867 -0.06080109033766323
507 896 63 807 179 896 896 1000 507 896 63 898 1070 646|0.001 0.09040700619654674 0.0743344475724772 0.04965076888337805
1240 222 1240 79 79 629 629 1111 1111 1111 1111 1326 1057 1114|0.001 -0.1194425581469416 0.3306404940675356 1.050579134080114
1768 125 1972 354 1768 1768 1591 1000 1768 125 1972 2031 1275 2500|0.001 -0.009015216487674449 0.04539782820514704 -0.48998940418296444
807 1000 179 507 63 63 507 896 896 896 896 1070 1030 853|0.001 0.0632357935403638 0.37660826883392895 0.12291184359697782
2828 5000 2828 5579 5579 5000 5000 4500 354 5000 354 3606 5969 5745|0.001 -0.91261107412685 -0.05771035549849146 -0.04081623529129996
1768 1000 354 1972 1768 1768 1972 125 1768 125 1591 1275 2031 2500|0.001 0.028191905577037435 0.12258509903011028 0.1327907455058397
63 896 507 179 807 896 896 1000 63 896 507 1030 1070 853|0.001 -0.15259031060830264 0.03525598154626497 -0.7327316687276697
5579 4500 5579 2828 2828 354 354 5000 5000 5000 5000 5969 3606 5745|0.001 0.05359330416771835 0.15638455728406386 -0.003860230062627812
3667 1000 3667 1362 1860 1860 1362 3750 2500 3750 2500 3801 2791 3553|0.001 -0.21067811894285304 0.01045576222047595 0.04476947961166822
1344 1000 1972 538 2016 2016 538 732 1344 732 1972 1911 1205 2424|0.001 0.0884396076455296 0.06430941677955992 -0.19929133805667631
3667 1000 3667 1860 1362 1362 1860 3750 2500 3750 2500 3801 2241 3320|0.001 -0.49492897235551503 0.038648533447764866 -0.020816097371925135
1836 1000 2693 734 2754 2754 734 1366 1836 1366 2693 2438 2050 3310|0.001 -0.16975815332460398 0.012232471330837491 -0.3870605905151747
2693 1000 1836 2754 734 734 2754 1366 2693 1366 1836 2438 1646 2791|0.001 -0.014773907536533848 0.2199165608458542 0.1246607413637113
667 1000 667 496 363 363 496 267 978 267 978 1202 744 885|0.001 0.04090057451411777 0.19631794082002552 0.04399875854161239
1972 1000 1344 2016 538 538 2016 732 1972 732 1344 1911 1501 2044|0.001 0.06186195954313689 0.07699702295733246 0.04338338392247287
667 1000 667 363 496 496 363 267 978 267 978 1202 598 948|0.001 0.13744975166148699 0.10488278856326083 -0.026394497608781542
1155 1000 2309 816 493 493 816 188 938 188 1155 1915 976 1152|0.001 0.06857252298692718 -0.024571090333832535 0.0659316166789492
1414 1000 2828 1225 230 230 1225 604 1149 604 1414 2236 1195 1295|0.001 -0.05177277217259579 0.04151741866551317 0.11675886333549101
5004 1000 6158 4355 2632 2632 4355 5333 6158 5333 12317 5640 3079 6143|0.001 -0.8546440869614758 -0.11591124426532207 -0.06221706131567584
2828 1000 1414 230 1225 1225 230 604 1414 604 1149 2236 707 2345|0.001 -0.12527421038350472 0.09962787109966786 -0.5399950134651499
1901 1000 2340 2027 380 380 2027 1655 2340 1655 4680 2334 1170 2143|0.001 0.028353663681290886 -0.09206472633604745 0.08852167617224627
2309 1000 1155 493 816 816 493 188 1155 188 938 1915 577 1826|0.001 -0.00961542139499616 0.20566000746248925 0.0866789405648749
2340 1000 1901 380 2027 2027 380 1655 4680 1655 2340 2334 1977 3881|0.001 0.09223275000027398 0.25104500128396046 -0.19986463422978273
6158 1000 5004 2632 4355 4355 2632 5333 12317 5333 6158 5640 5203 9737|0.001 -0.7154710750979432 -0.08496661198104327 0.005949941723173424
354 1000 1768 1225 230 187 1000 604 221 921 1061 1275 1195 400|0.001 -0.2910682870301007 0.11886952027523101 0.13218897252171846
962 816 1540 4355 2632 4009 4355 5333 4619 4355 7698 1743 3079 4788|0.001 -0.5986229308980517 -0.10564150249969484 -0.030997286299393467
1768 1000 354 187 1000 1225 230 921 1061 604 221 1275 1000 1458|0.001 -0.07771386725624274 0.24733686445701064 -0.17155393955831877
1061 1225 1768 1000 921 604 1000 187 221 230 354 1458 1106 1100|0.001 0.008842629450820372 0.07355223932150601 -0.04883409868768562
1443 816 866 493 816 816 752 188 289 153 180 1190 577 1041|0.001 0.02762673796786741 0.06410509120497343 0.045604803981305064
1755 1523 366 380 2027 1655 310 1655 2925 1655 585 1819 1977 2412|0.001 0.10480448031334522 0.20110366688653514 -0.19081096610505055
1886 1225 1179 4910 5333 5333 3223 5333 9428 6532 5657 2134 5897 6799|0.001 -0.1404053822094431 -0.1750341972936731 -0.03404929735613571
240 656 1152 1086 204 249 1330 1086 384 1086 1920 1194 1086 435|0.001 -0.17422123616069762 0.24634384576456503 0.07719419109254888
1000 1000 1000 693 693 87 87 200 817 900 817 1414 825 1052|0.001 0.09194859762045926 -0.017594656169510614 0.07341640429632035
289 1000 1443 1443 1179 1179 1443 125 1299 125 1443 1190 1519 1329|0.001 0.15619910243098278 -0.03334804992762397 -0.03618614172844814
87 817 693 1000 1000 900 200 1000 87 817 693 1052 1414 953|0.001 -0.04467133965034176 -0.1077078637040052 -0.0254032808592608
1000 1000 1000 693 87 87 693 817 900 817 200 1414 1052 953|0.001 0.019477844245250342 -0.12831529141199782 0.13566176719964407
1179 125 1443 1443 289 1299 1443 1000 1179 125 1443 1519 1190 1329|0.001 0.04185962562744727 -0.08995571866638685 0.062390023391103444
693 200 693 1000 1000 817 817 1000 87 900 87 825 1414 1052|0.001 -0.09273130346880598 0.012677442234787506 -0.04763136204585905
1000 1000 1000 87 87 693 693 900 817 200 817 1414 953 825|0.001 -0.11403941187958178 0.2103632514015863 0.6917738495296688
693 817 87 1000 1000 200 900 1000 693 817 87 825 1414 825|0.001 0.2006041326829222 0.4820428181538938 -0.04646539954153428
10392 1000 11547 11547 9434 9434 11547 8000 2309 8000 11547 11000 9522 10630|0.001 -1.231439041809227 -0.013735627454800614 -0.18390310796740583
1000 1000 1000 87 693 693 87 817 200 817 900 1414 825 825|0.001 -0.0865503863935091 0.0720375546908314 -1.1378434970874096
87 900 87 1000 1000 817 817 1000 693 200 693 953 1414 825|0.001 0.04638366736349209 0.09929928868863458 0.012757062463359947
9434 8000 11547 11547 10392 2309 11547 1000 9434 8000 11547 9522 11000 10630|0.001 0.9188453418634346 0.2773326468363102 -0.09742994917335102
1443 125 1179 289 1443 1443 1299 1000 1443 125 1179 1190 1190 2041|0.001 0.057427020772859994 -0.026731979899397018 -0.5470859764821456
3464 5000 3464 4085 4085 5000 5000 4500 433 5000 433 4123 4603 4123|0.001 -0.9927038999016458 -0.010300912648174565 0.029844920684649612
1102 1000 245 848 106 106 848 1224 1224 1224 1224 1127 1009 1166|0.001 -0.009250282828302536 0.13347096761177735 0.15512012799382857
1443 1000 289 1179 1443 1443 1179 125 1443 125 1299 1190 1190 2041|0.001 0.0323544190893954 -0.13936828090548192 0.11598481686520667
106 1224 848 245 1102 1224 1224 1000 106 1224 848 1009 1127 1166|0.001 -0.05726670218610397 -0.022476644513631516 -0.6285208936337305
4085 4500 4085 3464 3464 433 433 5000 5000 5000 5000 4603 4123 4123|0.001 -0.5082170977963063 -0.05557238721836444 -0.062362982073874695
11547 8000 9434 10392 11547 11547 2309 1000 11547 8000 9434 12152 11000 16330|0.001 0.7308722927814748 0.19660158829723828 -0.0655068942524728
245 1000 1102 106 848 848 106 1224 1224 1224 1224 1127 1288 1009|0.001 -0.0478757574930444 -0.013273742472917904 -1.138577533890447
96 1111 96 908 908 1111 1111 222 770 1111 770 1058 1023 1169|0.001 0.10419431014988323 0.3779172575827783 0.13919411113417768
11547 1000 10392 9434 11547 11547 9434 8000 11547 8000 2309 11000 12152 16330|0.001 -1.0238511665788752 -0.005215859178020477 -0.11585142306467788
848 1224 106 1102 245 1224 1224 1000 848 1224 106 1288 1127 1009|0.001 0.2023767060586068 0.9642570784534077 0.09540642243200503
908 222 908 96 96 770 770 1111 1111 1111 1111 1023 1058 1169|0.001 -0.18654178287422885 0.2216666226326791 0.7910665591038146
785 881 418 734 2754 1664 153 1366 1195 948 637 922 2050 1989|0.001 0.033144941170526465 -0.08182622335641154 -0.2549641799659075
1860 3750 1362 570 868 1628 1068 208 1291 2266 1200 2791 648 1014|0.001 0.6724450024722217 0.15433816509855536 0.029463180440230108
4167 4800 2735 5761 6194 8926 6536 10875 7812 18000 5128 4976 7055 12627|0.001 -1.8814367540624388 -0.03987357888109888 0.03692129624709439
1888 1075 174 475 890 1356 723 1135 3125 1549 833 1225 1428 3055|0.001 0.010137484517132034 -1.022714472661298 0.14430082510300535
2390 1875 2106 366 1755 6581 3976 1523 3264 2856 2265 3007 1819 4899|0.001 -0.1461615774653191 -0.02079272039720137 -2.207075698767281
1152 656 240 1487 2142 1569 1383 1875 4320 1231 2610 747 3031 2581|0.001 0.09092868359054318 -0.5480924881353111 0.09466079921798931
5761 10875 6194 4167 2735 5128 7812 4800 6536 18000 8926 6598 3111 8224|0.001 -0.9412831410292088 0.12983104906875154 -0.09282616753367501
1261 1441 673 161 1756 2906 775 930 828 1055 442 2038 1065 2099|0.001 0.016023911196321183 0.08559606326545177 -1.6083059935237465
570 208 868 1860 1362 1200 1291 3750 1068 2266 1628 1037 2241 1255|0.001 -0.051585838015005825 0.11311309853494267 0.13501730965944203
1487 1875 2142 1152 240 2610 4320 656 1383 1231 1569 1169 1194 1584|0.001 0.3500654764022815 0.10351375158016207 0.25548370158331224
734 1366 2754 785 418 637 1195 881 153 948 1664 1646 1258 476|0.001 0.012016183390830548 -0.023770668895661817 -0.0738992640375924
434 604 285 363 496 344 320 267 231 56 152 722 598 701|0.001 0.06571677419731303 0.09841749448395554 -0.11052550863283273
475 1135 890 1888 174 833 3125 1075 723 1549 1356 1046 1145 864|0.001 -0.07934823850159978 0.04065415185816379 0.26896878967812565
472 1655 718 570 530 601 821 92 251 441 383 1196 649 554|0.001 0.07630761583132584 -0.032054131152267074 0.1226752448211954
467 694 875 2016 538 112 1218 732 306 645 574 1415 1501 557|0.001 0.10077761497637727 0.02544301239385982 -0.019349694201863388
1392 656 2304 1143 793 737 837 533 128 350 614 2253 1616 903|0.001 -0.02650430560146355 0.03820074894759884 -0.1438423444012693
629 533 770 1443 289 828 1443 1000 629 533 770 1162 1190 797|0.001 -0.15194944507244235 0.07658925097772551 0.1899492034451411
533 1000 533 693 693 370 370 200 436 573 436 1133 825 805|0.001 0.13953308049045043 0.07276299788722573 -0.028836467993176296
848 1224 1590 459 1316 2295 2295 1000 848 1224 1590 1334 1266 1934|0.001 -0.230169985544586 0.02823680048689159 -0.4050626460198725
2179 2867 2179 3464 3464 1848 1848 5000 2667 5000 2667 2759 4123 2906|0.001 -0.7955975690606965 0.06940711029418178 0.03894786374577963
644 1744 644 760 760 930 930 349 1208 1744 1208 1470 963 1405|0.001 0.03446104676094075 -0.057298078201624136 0.15338500976865177
1590 1224 848 1316 459 2295 2295 1000 1590 1224 848 1848 1266 1892|0.001 0.06145492073476255 0.15457480245875566 0.11698929904136568
770 533 629 289 1443 1443 828 1000 770 533 629 839 1190 1636|0.001 0.019171873801653305 0.11456925957687991 -0.20197379994576492
3464 5000 3464 2179 2179 2667 2667 2867 1848 5000 1848 4123 2759 2906|0.001 -0.09324200128001503 0.10374016112992823 -0.007979352929667893
1000 1297 533 245 1836 2693 702 1000 1000 1297 533 1731 1204 2438|0.001 -0.052487220107004795 -0.10774095447058984 -1.7471564824190289
4085 7500 4085 2179 2179 4085 4085 2867 5299 11000 5299 4918 2759 7071|0.001 -0.9598832816383862 -0.0028202890417239335 -0.32816978163363264
760 349 760 1849 1849 1425 1425 3837 1425 2616 1425 963 2693 1237|0.001 -0.1340018964258205 0.24878519833047674 -0.07194327204869122
1875 1875 2432 1316 459 3442 5049 1000 1875 1875 2432 1627 1266 2257|0.001 0.08602444614043803 0.07272376867170749 0.3270837753555944
1849 3837 1849 760 760 1425 1425 349 1425 2616 1425 2693 963 1237|0.001 0.19946917950729448 0.12410158830925999 0.31107768421077653
771 771 411 541 2076 1415 189 1000 771 771 411 669 1457 1879|0.001 -0.010446739651269743 -0.2064675868124355 -0.2653063715168824
2179 2867 2179 4085 4085 5299 5299 7500 4085 11000 4085 2759 4918 7071|0.001 -1.049307410345558 0.08008903787420252 -0.02767107027382254
2432 1875 1875 459 1316 5049 3442 1000 2432 1875 1875 3246 1266 3544|0.001 -0.002641749329781451 -0.00420521811752228 -0.8032684310821359
545 1467 545 545 545 707 707 133 290 382 290 1328 656 473|0.001 0.049400738805749356 0.02185831450102871 0.13774191163614669
411 771 771 2076 541 189 1415 1000 411 771 771 1334 1457 521|0.001 0.011697148519445033 0.0339904609347319 0.016952214778021002
371 682 371 482 482 371 371 261 198 91 198 905 702 643|0.001 0.06519114302012907 0.04901115650780996 0.013501817883225797
533 1297 1000 1836 245 702 2693 1000 533 1297 1000 868 1204 675|0.001 -0.06316815492399486 0.07133029213435282 0.1755257683212963
696 533 943 1225 230 122 653 604 679 322 770 1373 1195 734|0.001 0.05021519254946538 0.07212995877474482 -0.0008198420530369788
693 817 1299 1061 566 342 641 738 130 720 244 1510 1456 676|0.001 -0.02324544656051808 -0.06239267673433191 0.02357625764870752
766 1355 1437 330 176 938 1760 975 463 1107 868 1071 1055 542|0.001 -0.1607736029028195 0.21011740574606197 0.3757926744955786
2956 533 3031 4355 2632 1404 2322 5333 3354 2844 4106 3198 3079 3093|0.001 -0.3562305525042786 0.007118645641197574 -0.05637138675189557
1768 1875 1305 230 1225 2296 431 604 1444 1133 1273 2574 707 1926|0.001 -0.08968180394084535 0.1096290967926361 -0.9733555218073409
330 975 176 766 1437 868 463 1355 1760 1107 938 977 1972 1016|0.001 0.11384917589321475 0.703497781758402 0.2288649924097741
2632 5333 4355 5683 5543 6289 7698 1875 4934 10000 8165 3079 5551 7914|0.001 -0.7128663719268569 -0.1433216554822403 -0.1893504798732304
1179 1875 1443 816 493 925 1531 188 1039 352 1066 1573 976 1087|0.001 0.21011556714838342 0.007087571354889022 0.07081982749173932
770 533 629 493 816 435 263 188 568 100 554 839 577 1121|0.001 0.05539301547654141 0.05953008605527721 -0.030144959010188765
380 1655 2027 1275 1123 1152 1560 533 203 882 1081 1170 1604 1125|0.001 -0.011016636532609203 0.03584621558310852 -0.13123486853686583
4355 5333 2632 2956 3031 4106 3354 533 2322 2844 1404 5203 2960 3246|0.001 0.049600335176009924 -0.03740238337121671 0.15548229603421726
1275 533 1123 380 2027 1081 203 1655 1560 882 1152 1175 1977 1700|0.001 0.04681676768440113 0.011735755326298669 -0.424505657683214
5683 1875 5543 2632 4355 8165 4934 5333 7698 10000 6289 5997 5203 11208|0.001 -1.113187469949023 0.1319606436278442 -0.01036199986426789
890 1135 475 180 338 1804 962 1025 1473 1389 786 1428 1082 1760|0.001 0.030332182659387197 0.1458108749146425 0.06880184469616468
2027 1655 380 2106 2390 2925 2159 1875 3800 3103 712 1977 3007 4417|0.001 0.03908144203623287 -0.31732204225470073 0.017954200474119553
2106 1875 2390 2027 380 712 3800 1655 2159 3103 2925 2203 1170 2279|0.001 0.010126023182497335 -0.04290743811743325 0.2037566508024402
15000 1000 15000 3691 3691 3691 3691 7500 15000 7500 15000 15033 4596 15447|0.001 -0.9694651134902821 -0.1177600672978274 -0.04845556314399313
4064 1000 4064 271 2032 2032 271 1000 4064 1000 4064 4185 1245 4543|0.001 -0.015546201465219678 0.030175500054419047 -0.8824567495168689
15000 1000 15000 3691 3691 3691 3691 7500 15000 7500 15000 15033 4596 15447|0.001 -1.2229054935536787 -0.029856797398094548 -0.042130443189192235
4064 1000 4064 271 2032 2032 271 1000 4064 1000 4064 4185 1245 4543|0.001 -0.04856843981729475 -0.033860114813029085 -1.0949810763146484
4064 1000 4064 2032 271 271 2032 1000 4064 1000 4064 4185 1245 4073|0.001 -0.005620123593323978 0.025125203610687485 0.1334955361930401
2000 1000 2000 492 492 492 492 133 2000 133 2000 2236 613 2060|0.001 0.021030546981910536 -0.07508523284079471 0.122395606011243
4064 1000 4064 2032 271 271 2032 1000 4064 1000 4064 4185 1245 4073|0.001 0.09542262174143223 -0.02365866709975961 0.03954282030031786
2000 1000 2000 492 492 492 492 133 2000 133 2000 2236 613 2060|0.001 0.08403849038490563 -0.11359244090047071 0.04453652323983093
2754 1937 1469 245 1836 1836 245 1000 2754 1937 1469 3308 1204 3310|0.001 -0.028622513917447856 0.09775257242989221 -0.9259137284325314
6000 1000 6000 7914 7914 4085 4085 7500 11250 7500 11250 6083 8374 5629|0.001 -1.143458056307013 -0.05990821067098806 -0.12323592466284228
1422 516 758 126 948 948 126 1000 1422 516 758 711 1058 1709|0.001 -0.05230874983525702 -0.15830107603039267 -0.9783113470885618
6000 1000 6000 4085 4085 7914 7914 7500 11250 7500 11250 6083 4918 13514|0.001 -0.865669225177349 0.06849158775949382 -0.1058677151634213
1500 1000 1500 545 545 1055 1055 133 800 133 800 1803 656 751|0.001 0.14203049310105742 0.08636371359043826 -0.045366214045080566
758 516 1422 948 126 126 948 1000 758 516 1422 1708 1058 769|0.001 0.10233271951883394 -0.04544379280084443 0.03893925145300292
1500 1000 1500 1055 1055 545 545 133 800 133 800 1803 1117 1802|0.001 0.14866941614964269 -0.007580808093441416 -0.004436649881095489
1469 1937 2754 1836 245 245 1836 1000 1469 1937 2754 1378 1204 1489|0.001 0.07261283708315469 -0.09020240748224495 0.06576506293277662
5543 1875 5683 1540 962 10464 11547 816 5961 1531 5683 5551 1743 6789|0.001 0.008624082597126215 0.22843234325488515 0.8630190896613898
530 625 650 3691 3691 3872 3601 7500 994 6797 1218 1132 4596 4132|0.001 -0.7256935165549794 0.07219528220949512 -0.013385664302153488
176 975 330 2032 271 169 1841 1000 144 1049 269 1055 1245 307|0.001 0.020252738097978895 0.021212150537208707 0.10596570557474427
162 906 133 492 492 480 516 133 87 83 71 916 613 519|0.001 0.0620665829278888 -0.03854679788342863 0.052852616461400714
3691 7500 3691 530 650 1218 994 625 3601 6797 3872 4596 820 3605|0.001 0.3244992039652028 0.05878117983753928 0.1883209401713093
269 1049 144 271 2032 1841 169 1000 330 975 176 1119 1245 1861|0.001 0.03748621692069243 0.10694916746269101 -0.6739051854805123
338 1025 180 174 1888 2083 278 1075 276 1025 147 1082 1225 1908|0.001 0.006627946786623706 -0.02520493327358042 -1.4036571649973506
6194 10875 5761 1039 849 1591 1949 1600 5906 12000 5906 7055 1311 5678|0.001 0.3972807963108749 0.13971741116777903 -0.04871030907876439
146 1103 179 530 570 543 543 92 78 147 96 1011 607 608|0.001 0.040919801279120094 -0.044099090846979605 0.10367073413709571
137 953 257 1756 161 258 1937 930 168 953 315 1067 1139 292|0.001 0.10452454396570943 0.030913099982103898 0.030675359376239886
6960 1875 7300 1179 1886 14142 12816 1225 6960 2296 6789 6692 2134 8667|0.001 0.08778368460822916 0.16003867880578948 0.7247350056295132
1039 1600 849 6194 5761 5906 5906 10875 1949 12000 1591 1811 6598 6232|0.001 -1.7886035124169708 -0.09001568807210703 -0.07252748496673789
13000 1000 13000 3691 3691 4085 4085 7500 11250 7500 11250 13038 4596 11840|0.001 -1.0774420788298944 0.049068474011970675 -0.04026965793920145
314 865 284 77 77 577 577 1000 314 865 284 911 1003 378|0.001 -0.08118696872305486 0.36560387802191396 0.9941202881203814
3048 1107 3522 271 2032 2032 271 1000 3048 1107 3522 3208 1245 3663|0.001 -0.07575728343378496 -0.15003001887278877 -1.123379002736642
3691 7500 3691 13000 13000 11250 11250 1000 4085 7500 4085 4596 13038 11840|0.001 0.2856136244869023 0.07897626161884386 -0.03815774247836634
13000 1000 13000 4085 4085 3691 3691 7500 11250 7500 11250 13038 4918 13514|0.001 -0.8929386560943875 0.09533392032068155 -0.011730485176955074
284 865 314 77 77 577 577 1000 284 865 314 1040 1003 354|0.001 0.0783426123849007 0.2645418126415122 0.7951963021422714
4085 7500 4085 13000 13000 11250 11250 1000 3691 7500 3691 4918 13038 13514|0.001 0.6755552435747036 0.1994943182798603 0.12942903703910158
2754 904 3182 245 1836 1836 245 1000 2754 904 3182 3308 1204 3310|0.001 -0.06665157591587478 -0.0804635098498796 -1.1721704523046805
3522 1107 3048 2032 271 271 2032 1000 3522 1107 3048 3661 1245 3532|0.001 0.011461037622393366 0.05646709740739997 0.10283039543657058
1500 1000 1500 492 492 545 545 133 1733 133 1733 1803 613 1802|0.001 0.0647828721299537 0.034143725693922544 0.06674595546336315
3182 904 2754 1836 245 245 1836 1000 3182 904 2754 2898 1204 3192|0.001 0.08909989230171833 0.06463600564470484 0.053028784227051595
1500 1000 1500 545 545 492 492 133 1733 133 1733 1803 656 1579|0.001 0.08255473782823763 -0.05212973463791237 0.054099575680219836
1305 1875 1768 1000 187 352 1875 921 1369 1726 1972 1398 1106 1461|0.001 0.055330347047881645 -0.07032696406610528 0.15848990821002884
1437 1355 766 144 269 1437 766 1049 1323 1511 705 1972 1119 1437|0.001 0.03312257114960415 0.5009142300797342 1.372834568226331
7300 1875 6960 5333 4910 9207 10000 5333 10520 10000 9428 7792 5333 14881|0.001 -1.336507783633305 0.06062476109873538 -0.03794517736537939
1000 921 187 1305 1768 1972 1369 1875 1875 1726 352 1000 2574 2577|0.001 0.13291936458167175 0.14736616771927835 -0.0007833392403200357
943 533 696 188 1000 533 100 921 1052 491 730 745 1000 1083|0.001 -0.11506382562785022 0.03283066028983095 -0.4751773319195429
4910 5333 5333 3712 3893 5611 5028 533 2619 2844 2844 5333 3569 3061|0.001 -0.061098640785236524 -0.06225110940755618 0.058082016873302056
188 921 1000 943 696 730 1052 533 100 491 533 1106 1373 669|0.001 -0.03448320552399631 0.013736876824250732 -0.09858437277669663
1052 533 943 1000 921 491 533 188 730 100 696 1083 1106 1488|0.001 0.009411760504178801 0.16099279108743314 -0.036829585420184996
1768 1875 1972 921 1000 1875 1726 187 1305 352 1369 2031 1000 1398|0.001 0.13011882109011053 0.07640875191076146 0.21912446007265718
5333 5333 4910 7300 6960 9428 10520 1875 10000 10000 9207 5897 6692 13728|0.001 -0.5944530293811434 -0.10805436964676396 -0.2513095488639083
257 953 137 673 1261 1370 731 1441 1370 1291 731 917 2038 1515|0.001 0.17943304012757677 0.3210623923812528 0.13839806643922925
2142 1875 1487 204 1086 2037 382 1086 1920 2037 1417 3031 1201 2206|0.001 0.11250800033447028 0.067841980747807 -0.8372855826390702
3712 533 3893 4910 5333 2844 2619 5333 5028 2844 5611 4156 5897 3975|0.001 -0.3480840296905574 0.08712972691407472 0.0317471120171664
673 1441 1261 257 137 731 1370 953 731 1291 1370 786 1067 808|0.001 -0.07018093907362632 0.1459987025864229 0.4159859978350844
507 896 951 875 467 507 951 694 95 662 178 1306 1415 507|0.001 0.019904364292702148 0.042298553520987436 -0.13344230068943808
793 533 1143 1086 204 109 579 1086 756 579 1024 1616 1086 846|0.001 -0.04085281668004925 -0.03612682244086396 0.13406581353480496
696 533 943 1000 188 100 533 921 645 491 696 1373 1106 762|0.001 -0.04687937825442412 0.12800013957275036 0.04749364779484955
566 738 1061 1061 566 521 977 738 106 684 199 1456 1456 625|0.001 -0.014157796900771125 0.03450515887129635 -0.129884139731552
766 1355 1437 269 144 766 1437 927 705 1000 1323 1071 1095 766|0.001 -0.030616604637656586 0.0727323869282781 0.20248882589882555
3441 533 3712 5333 4910 2619 2844 5333 3712 2844 5028 4066 5333 4742|0.001 -0.46769936685349234 0.013845468095494695 0.061487454786375295
1768 1875 1305 187 1000 1875 352 921 1305 1726 1210 2574 1000 1398|0.001 -0.03538586348547201 0.13734137406145264 -0.8608279706048649
269 927 144 766 1437 1323 705 1355 1437 1000 766 859 1972 1437|0.001 0.06953300623854242 -0.5832449284697583 0.07473964410358525
4910 5333 5333 6960 6452 6960 9428 1875 9207 10000 10000 5333 5976 10072|0.001 -0.1286583633849736 0.09250758571122786 -0.22107763342829267
1305 1875 1768 1000 921 1726 1875 187 1210 352 1305 1398 1106 1667|0.001 0.19609512621286074 -0.039991981890320494 0.03569737029993414
943 533 696 921 1000 533 491 188 696 100 645 745 1000 1373|0.001 0.09926832007818964 -0.03305024556048197 0.023419647016633682
204 1086 1086 756 701 756 1024 533 109 579 579 1086 1094 649|0.001 0.09021934086638206 -0.018025559208175723 -0.10772604164493438
5333 5333 4910 3441 3712 5028 3712 533 2844 2844 2619 5897 3187 3975|0.001 0.014300242115221629 0.013966702947458831 0.2046778772887814
756 533 701 204 1086 579 109 1086 1024 579 756 966 1201 810|0.001 0.028754682192022596 0.05950562363735923 -0.4267011736871529
6960 1875 6452 4910 5333 10000 9207 5333 9428 10000 6960 7623 5897 13728|0.001 -1.0107454643517977 0.0601184726730275 -0.18042586775714353
1427 1079 761 155 291 1550 827 1079 1550 1461 827 1561 1182 1714|0.001 0.10586200086889486 0.457102189380838 1.0267062768042434
1086 1086 204 1314 1417 1920 1417 1875 2037 2037 382 1201 2051 2796|0.001 -0.018931856262101032 -0.27887840633747607 0.14056457892665408
1314 1875 1417 1086 204 382 2037 1086 1417 2037 1920 1811 1086 1552|0.001 0.12154954719613364 0.12680152210117424 0.18589897124435595
1305 1875 1768 1000 187 352 1875 921 1210 1726 1305 1398 1106 1120|0.001 0.09061994385775263 -0.11052165143327741 0.05964997794422944
1437 1355 766 144 269 1437 766 927 1323 1000 705 1972 859 1437|0.001 -0.1403719968682371 -0.0017808774617611434 -0.26259497215396665
6452 1875 6960 5333 4910 9207 10000 5333 6960 10000 9428 5976 5333 10072|0.001 -1.30357202886347 0.0665704069032258 -0.04742308712768817
1000 921 187 1305 1768 1305 1210 1875 1875 1726 352 1000 2574 1398|0.001 0.14737505792545624 0.2752449738040297 0.13260028797625445
943 533 696 188 1000 533 100 921 696 491 645 745 1000 1373|0.001 0.06121743239927868 0.03772775708205334 -0.3843446814560192
4910 5333 5333 3712 3441 3712 5028 533 2619 2844 2844 5333 4066 4742|0.001 0.39801916130878023 0.2204390365984188 -0.18301007114071455
188 921 1000 943 696 645 696 533 100 491 533 1106 1373 762|0.001 -0.025002919283536595 -0.022792769742778773 -0.026584536790053015
696 533 943 1000 921 491 533 188 645 100 696 1373 1106 1007|0.001 0.004431874509787104 0.05928375880873471 0.06197536526673986
1768 1875 1305 921 1000 1875 1726 187 1305 352 1210 2574 1000 1398|0.001 0.21387172276929434 -0.015169686460956289 0.017314976160609508
5333 5333 4910 6452 6960 9428 6960 1875 10000 10000 9207 5897 7623 13728|0.001 1.033558328839148 0.541953850197967 0.04926773747747415
291 1079 155 761 1427 1550 827 1079 1550 1461 827 1182 1561 1714|0.001 0.030493392295909416 -0.5909256846002886 -0.07385849174989301
1417 1875 1314 204 1086 2037 382 1086 1920 2037 1417 2051 1201 2796|0.001 -0.20127441427037707 0.037388472638226755 -1.1235460245130602
3712 533 3441 4910 5333 2844 2619 5333 5028 2844 3712 3187 5897 3975|0.001 -0.5184107012127526 -0.021084773102995058 0.02647140963102368
761 1079 1427 291 155 827 1550 1079 827 1461 1550 1378 926 914|0.001 -0.05441770731365425 0.22372359008250076 0.6884737022370779
766 1355 1437 1323 705 766 1437 927 144 1000 269 1071 1447 766|0.001 -0.00040366704854633007 -0.012399468253508905 0.0015001429339656092
701 533 756 1086 204 109 579 1086 756 579 1024 1094 1086 649|0.001 -0.005216804550115528 -0.08736466042103763 0.12225445552559444
1323 927 705 271 2032 1651 68 1000 1323 927 705 1277 1245 2259|0.001 0.01316814140096545 0.10163383351488475 -0.8409821265932937
3691 7500 3691 2604 2604 4883 4883 250 3422 6094 3422 4596 2652 4715|0.001 1.0292978098736505 0.23410651621908585 0.2752815226365901
10416 4000 10416 13687 13687 14765 14765 24375 19531 30000 19531 10607 14550 21366|0.001 -4.0714920279679365 -0.15853546741220415 -0.10676539399854468
1781 1000 73 761 1427 1427 761 1079 2192 1079 292 1063 1561 2437|0.001 0.04598914329056791 -1.5997474823608382 0.05538501751233271
1417 1875 1314 96 384 2880 2340 1000 1417 1875 1314 2051 1018 1765|0.001 -0.07212729564102571 0.2435160993294705 0.7967491162750884
384 1000 96 1314 1417 1417 1314 1875 2880 1875 2340 1018 2051 1765|0.001 -0.11381926905550066 -2.1355571127385797 -0.01580596806505019
13687 24375 13687 10416 10416 19531 19531 4000 14765 30000 14765 14550 10607 21366|0.001 1.3443908773260849 0.27009119615961863 -0.033865002322526205
1427 1079 761 73 1781 2192 292 1000 1427 1079 761 1561 1063 2437|0.001 -0.10217294602260507 -0.1442524359981734 -4.199004454429135
2604 250 2604 3691 3691 3422 3422 7500 4883 6094 4883 2652 4596 4715|0.001 -0.7590349103488581 0.01587638692504223 -0.04825392796216743
1314 1875 1417 384 96 2340 2880 1000 1314 1875 1417 1811 1018 1397|0.001 0.3716589658335079 0.07334882249952601 0.4448871140819999
271 1000 2032 1323 705 705 1323 927 68 927 1651 1245 1447 718|0.001 -0.012784511427700318 -0.03537482023979632 -0.07159207853014493
651 812 651 492 492 456 456 133 347 33 347 1112 613 712|0.001 0.08633540921362037 -0.12526966966968422 0.06148148454978353
761 1079 1427 1781 73 292 2192 1000 761 1079 1427 1378 1063 775|0.001 0.1277992037634923 -0.04028228287488833 0.03041868921938473
801 1231 801 561 561 606 606 41 427 164 427 1368 597 774|0.001 0.14576945014402876 0.02012102909254576 0.015303454166086805
705 927 1323 2032 271 68 1651 1000 705 927 1323 1447 1245 718|0.001 0.10380565833162159 -0.02450609846588736 0.028235681520405453
1248 1000 1536 756 701 701 756 533 51 533 205 1708 1094 745|0.001 -0.04704287026954579 -0.02393414682149153 -0.05209747377295293
1732 816 2309 816 493 752 816 188 1046 153 1155 2449 976 1251|0.001 0.10361152517114336 -0.10816799784940989 0.006333938330636002
1414 1000 2828 1000 187 230 1225 921 1282 604 2121 2236 1106 1295|0.001 -0.011535310641814789 -0.01103363627819487 0.0896850231547286
6835 1225 7542 5333 4910 3223 5333 5333 11314 6532 15085 6908 5333 8172|0.001 -0.563347770686714 -0.020010801125878164 -0.1486344811357332
2828 1000 1414 230 1225 1000 187 604 2121 921 1282 2236 707 3000|0.001 -0.10879529509850716 -0.002143657506645802 -0.6969172694487513
2121 1523 3510 2027 380 310 1655 1655 2340 1655 4680 2535 1170 2143|0.001 0.03667254021347155 0.03547408049480172 0.1066142753253474
2828 1225 2121 921 1000 1000 604 187 1414 230 1282 3000 1000 2236|0.001 0.0820767233407449 0.12044902584435357 0.01015572544322385
2304 656 1392 204 1086 1330 249 1086 3072 1086 1536 1664 1201 3258|0.001 -0.03686055695033552 -0.2359388902356141 -0.8243077010678135
6158 816 5581 2632 4355 4355 4009 5333 12317 4355 9238 5640 5203 9737|0.001 -0.5059409774699741 -0.15035757648878545 0.005107702928548452
3000 1000 3000 566 566 693 693 200 2600 200 2600 3162 721 2661|0.001 0.04300432021527412 0.07661277350087703 0.05036883638682266
4596 1225 5303 1768 354 354 1768 1000 4596 1225 5303 4704 1275 4610|0.001 0.1455957861103374 -0.012426823166009626 -0.010283091370262287
3000 1000 3000 693 693 566 566 200 2600 200 2600 3162 825 3053|0.001 -0.00028657637277329506 0.10014302863106783 0.14450472497100408
3753 816 4330 1443 289 289 1443 1000 3753 816 4330 4406 1190 3764|0.001 0.060547838350295535 -0.005039703603291201 0.11761612464533666
5303 1225 4596 354 1768 1768 354 1000 5303 1225 4596 5397 1275 5590|0.001 0.05691537910438971 -0.013219113253000181 -0.41022996352833907
13000 1000 13000 2828 2828 3464 3464 5000 15000 5000 15000 13038 3606 15264|0.001 -0.6175858793980038 -0.024363532035427404 -0.080665948057288
4330 816 3753 289 1443 1443 289 1000 4330 816 3753 3841 1190 4564|0.001 0.02003304470229228 -0.005998579779906699 -0.48590317488386936
13000 1000 13000 3464 3464 2828 2828 5000 15000 5000 15000 13038 4123 13304|0.001 -0.4799882650494103 -0.08255387578989026 0.025397613390480966
1681 1596 994 364 1681 1681 364 1426 1681 1892 994 2542 1712 2377|0.001 0.05561165842921101 -0.12119963289710656 -0.4276646624766012
2731 1000 2731 4383 5196 3915 2746 4615 4615 4615 4615 2908 5811 3320|0.001 -0.42904702088955804 0.11502359053939593 -0.03175846255453085
888 753 526 192 888 888 192 844 888 528 526 639 896 1256|0.001 -0.07655721226898393 -0.001007992095328758 -0.4974954018115585
2731 1000 2731 3915 2746 4383 5196 4615 4615 4615 4615 2908 3163 6980|0.001 -0.49421074097167783 -0.042992427203439876 -0.11462175971958644
1000 1000 1000 595 848 1126 950 217 592 217 592 1414 685 719|0.001 0.1533834891637742 0.041244516758294214 -0.09525162981220303
623 626 1053 1053 228 228 1053 1185 623 893 1053 1593 1062 664|0.001 -0.04023016200579321 0.22632181444467214 0.04818636187880809
1000 1000 1000 1126 950 595 848 217 592 217 592 1414 1259 1512|0.001 0.13268229716812519 0.1073219898984723 -0.07328313340043247
698 1327 1179 1179 255 255 1179 701 698 1120 1179 848 1201 743|0.001 -0.016044882729717713 0.16075227910651968 0.05604367334672178
3000 1000 3000 693 693 693 693 200 2200 200 2200 3162 825 2661|0.001 0.07749362385585545 -0.1503293949913298 0.07974853632986667
3175 1000 4330 1443 289 289 1443 1000 3175 1000 4330 3841 1190 3189|0.001 -0.05032455268850877 0.08626981982457371 0.11439702932744877
3000 1000 3000 693 693 693 693 200 2200 200 2200 3162 825 2661|0.001 0.09564500068051762 0.06444397942853453 -0.033067303573831586
3175 1000 4330 1443 289 289 1443 1000 3175 1000 4330 3841 1190 3189|0.001 -0.025903035348086023 0.004756335154314506 0.1385692837915875
4330 1000 3175 289 1443 1443 289 1000 4330 1000 3175 3841 1190 4564|0.001 0.0984926109506179 0.15503339407979766 -0.337926104507954
11000 1000 11000 3464 3464 3464 3464 5000 15000 5000 15000 11045 4123 13304|0.001 -0.4784195304840255 0.09973689029253219 -0.12044710821546123
4330 1000 3175 289 1443 1443 289 1000 4330 1000 3175 3841 1190 4564|0.001 -0.1692357080731144 -0.013654454851541598 -0.6327698889160993
11000 1000 11000 3464 3464 3464 3464 5000 15000 5000 15000 11045 4123 13304|0.001 -0.507116058313426 -0.030928214798013887 0.021190206583490134
2828 1000 2828 1000 921 921 1000 187 1414 187 1414 3000 1106 2202|0.001 0.009813726943548318 0.054270386211943134 0.081646835105873
1414 1000 2828 1000 187 187 1000 921 1414 921 2828 2236 1106 1427|0.001 0.06994053269509637 -0.11038504263939375 0.07079131455920429
7542 1000 7542 5333 4910 4910 5333 5333 15085 5333 15085 7608 5333 11743|0.001 -0.3080948559609664 0.10903753118269632 -0.023462664830269375
2828 1000 1414 187 1000 1000 187 921 2828 921 1414 2236 1000 3000|0.001 0.13370934478323937 0.10253864586056816 -0.23352581510698633
1536 1000 3072 1086 204 204 1086 1086 1536 1086 3072 2391 1086 1549|0.001 0.10867706529960941 -0.05016649894396652 0.07332616473830544
2828 1000 2828 921 1000 1000 921 187 1414 187 1414 3000 1000 2236|0.001 0.13264311315586585 0.0967891275321886 -0.07896265762377785
3072 1000 1536 204 1086 1086 204 1086 3072 1086 1536 2391 1201 3258|0.001 -0.031198815369984922 -0.032633270168609396 -0.655240827973349
7542 1000 7542 4910 5333 5333 4910 5333 15085 5333 15085 7608 5897 11926|0.001 -0.32747539750762833 0.1947019499066771 -0.02982228564712197
625 1000 625 573 573 573 573 333 625 333 625 1179 814 848|0.001 0.06878573607452143 0.1747892961067654 -0.11905939136507726
1090 1000 1090 1744 581 581 1744 1000 1090 1000 1090 1479 1419 1235|0.001 -0.1367308295534131 0.08635505310317315 0.159349979596779
625 1000 625 573 573 573 573 333 625 333 625 1179 814 848|0.001 0.1398671384707706 0.1522780597360418 -0.17228937455394555
1090 1000 1090 1744 581 581 1744 1000 1090 1000 1090 1479 1419 1235|0.001 0.005396100545498328 0.20625104122668825 0.0799011932092708
1090 1000 1090 581 1744 1744 581 1000 1090 1000 1090 1479 1419 2056|0.001 -0.06972716508997001 -0.08379102084206225 -0.3816163843635667
1875 1000 1875 1720 1720 1720 1720 3000 1875 3000 1875 2125 2441 2545|0.001 -0.4800549644063834 -0.06606760839876213 -0.12673330278865524
1090 1000 1090 581 1744 1744 581 1000 1090 1000 1090 1479 1419 2056|0.001 -0.037831834600748904 -0.10682017654622733 -0.3176792053545163
1875 1000 1875 1720 1720 1720 1720 3000 1875 3000 1875 2125 2441 2545|0.001 -0.30498807102371406 -0.06329936136682202 0.0026142829670439127
654 1041 349 742 2453 2831 944 1141 534 1041 285 1187 1804 2511|0.001 -0.0675023367224914 0.08051488571708676 -0.20927461878965437
218 1154 266 408 465 424 424 303 116 385 142 1023 669 532|0.001 -0.022232045288239632 0.0865832320469484 0.036377459770524645
250 913 468 2151 651 827 2481 877 306 913 573 1143 1581 864|0.001 0.03682502014519029 0.10149953857323979 0.040011514935858195
470 1271 384 1537 1347 1403 1403 3305 881 3814 719 1328 2210 1599|0.001 -0.2583581430384707 0.2920878868064336 -0.017640511446539442
693 817 1299 1000 1000 817 817 1000 87 817 693 1510 1414 1052|0.001 0.01462372915611354 -0.016815659330615684 -0.09856237874754759
1000 1000 1000 693 87 693 1299 817 817 817 817 1414 1052 825|0.001 -0.032389258942273624 0.052056919937344404 0.2473513872255073
1000 1000 1000 87 693 1299 693 817 817 817 817 1414 825 1090|0.001 -0.011632724864396593 0.11164361870426465 -0.6927559974799291
693 817 87 1000 1000 817 817 1000 1299 817 693 825 1414 1090|0.001 0.06397051855357772 -0.7921661142335723 0.10463345331840124
9434 8000 11547 11547 9434 9434 11547 8000 9434 15000 11547 9522 9522 9452|0.001 -0.35101658424680604 0.1939172850611004 0.0038215807527008927
1179 1875 1443 1443 1179 1179 1443 125 1179 1000 1443 1573 1519 2041|0.001 0.20194152624827932 0.10368381414337158 0.036362322421463755
848 1224 1590 1000 1000 1224 1224 1000 106 1224 848 1334 1002 1009|0.001 -0.017537165287700995 0.0445791649060201 -0.20385591313003548
1443 1875 1179 1179 1443 1443 1179 125 1443 1000 1179 2179 1190 2041|0.001 0.20108462384336834 0.15597769728278088 0.02389775157422447
11547 8000 9434 9434 11547 11547 9434 8000 11547 15000 9434 12152 12152 16330|0.001 -0.6688985025986827 0.11225461843298756 0.0675058341156265
1000 1000 1000 106 848 1590 848 1224 1224 1224 1224 1002 1288 1848|0.001 0.03880578018552239 0.07292622893285472 -1.1309146119646807
848 1224 106 1000 1000 1224 1224 1000 1590 1224 848 1288 1002 1848|0.001 0.0481510128628293 -0.6683518344152395 0.07780528562522537
1000 1000 1000 848 106 848 1590 1224 1224 1224 1224 1731 1009 1288|0.001 0.05302935420165911 0.04124432724676108 0.14338918111918897
1000 1000 1000 908 908 908 908 222 2444 222 2444 1414 1023 1808|0.001 0.1476568188403382 0.10093545821214356 -0.02751499494631826
245 1000 1102 1102 2693 2693 1102 1000 245 1000 1102 1127 1992 2704|0.001 0.04106218650391957 0.01187897972312335 -0.34193613064125494
1000 1000 1000 908 908 908 908 2444 222 2444 222 1414 1808 1023|0.001 -0.25342494802949034 0.11693662358262857 -0.24043808208221162
2693 1000 1102 1102 245 245 1102 1000 2693 1000 1102 1992 1127 2704|0.001 -0.04161973740786418 0.12626525008158085 0.18774976616096728
1000 1000 1000 908 908 908 908 222 2444 222 2444 1414 1023 1808|0.001 0.09776348262074297 -0.08974591157902667 0.06852842116953362
245 1000 1102 1102 2693 2693 1102 1000 245 1000 1102 1127 1992 2704|0.001 -0.16676872561981582 0.06782118576025953 -0.4081685404515911
1000 1000 1000 908 908 908 908 2444 222 2444 222 1414 1808 1023|0.001 -0.2961312207355993 -0.011332156014133288 0.02804070199069031
2693 1000 1102 1102 245 245 1102 1000 2693 1000 1102 1992 1127 2704|0.001 0.23428650291984932 0.33748003128423854 -0.06799071865722595
1102 1000 2693 245 1102 1102 245 1000 1102 1000 2693 1992 1127 1558|0.001 0.015825279818564297 -0.049151777160287846 -0.4110402817079706
91 1000 91 371 371 371 371 409 409 409 409 1004 740 418|0.001 0.019809107705708318 0.543657591777853 0.15785067270033037
1102 1000 245 2693 1102 1102 2693 1000 1102 1000 245 1127 1992 1558|0.001 -0.011882881402519585 -0.10179224935845332 0.14821837242016134
11000 1000 11000 4085 4085 4085 4085 4500 4500 4500 4500 11045 4603 8136|0.001 -0.3761132844424042 0.13781778567452774 -0.08072739495331605
1102 1000 2693 245 1102 1102 245 1000 1102 1000 2693 1992 1127 1558|0.001 0.03687442712201561 0.10860463794473807 -0.3988910628872455
91 1000 91 371 371 371 371 409 409 409 409 1004 740 418|0.001 0.04324181092664858 0.18623549330975653 0.10511237791951622
1102 1000 245 2693 1102 1102 2693 1000 1102 1000 245 1127 1992 1558|0.001 0.09382262279890696 0.4122469690975872 0.06470470117514449
11000 1000 11000 4085 4085 4085 4085 4500 4500 4500 4500 11045 4603 8136|0.001 -0.7312644565534421 0.03657392405274962 -0.12426999839713182
1102 1000 245 1000 1000 1000 1000 1000 2693 1000 1836 1127 1731 1992|0.001 0.009218978658105392 -0.6650156096058413 -0.05541984128068389
1000 1000 1000 245 1836 2693 1102 1000 1000 1000 1000 1731 1204 2438|0.001 -0.19423345758634358 0.0016715248077803224 -1.308774341387029
4085 7500 4085 4085 4085 4085 4085 4500 4085 11000 4085 4918 4603 7071|0.001 -1.2777443224951746 0.023233111142910712 -0.09804332422432394
1000 1000 1000 1102 245 1836 2693 1000 1000 1000 1000 1002 1127 1204|0.001 -0.0888497013363343 0.18909554068746948 0.29647407723697894
908 2444 908 908 908 908 908 222 908 1667 908 1808 1023 909|0.001 0.10286962780572617 -0.09279907250908881 0.0318070598860154
4085 4500 4085 4085 4085 4085 4085 7500 4085 11000 4085 4603 4918 7071|0.001 -1.166336046797558 -0.024035997883040672 -0.10411712481100177
1000 1000 1000 245 1102 2693 1836 1000 1000 1000 1000 1731 1127 1992|0.001 -0.07897697907728873 0.22048746552079335 -0.14401348378299983
1836 1000 245 1000 1000 1000 1000 1000 2693 1000 1102 1204 1731 2438|0.001 0.08133349586084915 -0.07758927192714982 0.1288899033063573
545 1467 545 545 545 545 545 133 545 600 545 1328 656 546|0.001 0.1590731381398025 0.09460908000184842 -0.02144817977496105
1836 1000 2693 1000 1000 1000 1000 1000 245 1000 1102 2438 1731 1204|0.001 -0.10704532073028905 0.011796881611081389 -0.10417371967534339
1102 1000 2693 1000 1000 1000 1000 1000 245 1000 1836 1992 1731 1127|0.001 -0.06629260416775695 -0.00227452307013154 0.007975314932586741
1000 1000 1000 1836 245 1102 2693 1000 1000 1000 1000 1002 1204 1127|0.001 0.025368218635515305 0.16337005856173592 0.17885375531712988
1052 533 943 1768 354 1014 1768 1000 1052 533 943 1083 1275 1210|0.001 0.054942262560016 0.08847547863606975 0.012281647641734228
533 1000 533 566 566 302 302 200 595 573 595 1133 721 613|0.001 0.11108952887621815 0.13681978223034186 -0.10936433718535477
507 896 951 336 963 1680 1680 1000 507 896 951 1306 1151 1370|0.001 0.12661217952304904 -0.008893877479783097 -0.13724015828576852
2975 2867 2975 2828 2828 1508 1508 5000 2667 5000 2667 3423 3606 3887|0.001 -0.021577895602572505 0.2348642602279405 0.016317104955267947
526 1744 526 1038 1038 930 930 349 987 1744 987 1422 1194 1069|0.001 0.2927902517815739 0.0288769553563073 -0.23252636185594033
951 896 507 963 336 1680 1680 1000 951 896 507 1030 1151 1212|0.001 0.04484139847269475 0.09535443199540028 0.0842669508764815
943 533 1052 354 1768 1768 1014 1000 943 533 1052 1374 1275 2003|0.001 0.0443444582637631 0.040674579320214566 -0.5011200563767892
2828 5000 2828 2975 2975 2667 2667 2867 1508 5000 1508 3606 3423 3887|0.001 -0.14015362600980463 0.0981987312209065 0.12489380428789554
1836 1571 979 245 1836 1836 245 1000 1836 1571 979 2438 1204 2596|0.001 0.0698648684150105 0.09757637671939046 -0.7643214170659673
4000 1000 4000 6418 6418 4085 4085 7500 7500 7500 7500 4123 6978 4323|0.001 -1.0099218533118104 -0.05401604839210594 -0.05948482672877731
1169 637 623 156 1169 1169 156 1000 1169 637 623 674 1087 1653|0.001 0.012998979229257301 0.05645716642352694 -0.8661835116859551
4000 1000 4000 4085 4085 6418 6418 7500 7500 7500 7500 4123 4918 9959|0.001 -0.7402688280996461 -0.007628118590750077 0.026907566005951455
1000 1000 1000 545 545 856 856 133 533 133 533 1414 656 576|0.001 0.12595249106684303 0.054308437169228174 -0.024787814053697232
623 637 1169 1169 156 156 1169 1000 623 637 1169 1552 1087 642|0.001 -0.019998733023078863 0.07653903514687865 0.13813419518403425
1000 1000 1000 856 856 545 545 133 533 133 533 1414 930 1328|0.001 0.09125185656999824 -0.02884954822355623 0.06663250292588963
979 1571 1836 1836 245 245 1836 1000 979 1571 1836 1058 1204 1009|0.001 0.04205482713613318 -0.049673396430856 0.09120095945028828
592 1154 316 600 2301 3138 1046 1000 592 1154 316 1378 1543 2751|0.001 -0.05518527665276163 -0.15118226264059897 -0.5670665595838398
257 1364 257 435 435 502 502 261 137 455 137 1196 670 390|0.001 0.09697563214332572 -0.04918362254463737 -0.02430540307054252
316 1154 592 2301 600 1046 3138 1000 316 1154 592 898 1543 853|0.001 0.07442986126298345 0.1267257099324448 -0.0021806514225641838
526 1744 526 1668 1668 1925 1925 3837 987 5233 987 1422 2573 2298|0.001 -0.38483667146162803 -0.051100643578817495 0.008102037202388779
1511 1295 806 271 2032 2980 777 1000 1511 1295 806 1916 1245 2888|0.001 0.007167650308943507 0.023618494220838393 -1.4337433298767621
3691 7500 3691 2975 2975 5579 5579 2867 4781 11000 4781 4596 3423 7071|0.001 -0.5740369658505573 0.09781516836967041 0.0191300038483333
1038 349 1038 1668 1668 1288 1288 3837 1946 2616 1946 1194 2573 1547|0.001 -0.10469887955675272 0.2512668132490692 0.08102561041122058
1241 1875 1607 963 336 2521 3697 1000 1241 1875 1607 1491 1151 1545|0.001 0.195599161736153 0.1444740438126102 0.4027104189413122
1668 3837 1668 1038 1038 1946 1946 349 1288 2616 1288 2573 1194 1547|0.001 0.45166632495245107 0.06437540365098471 0.12278624588566656
1167 772 622 600 2301 1569 209 1000 1167 772 622 928 1543 2230|0.001 0.03136717507219444 0.08049212903904479 -0.19002377116666636
2975 2867 2975 3691 3691 4781 4781 7500 5579 11000 5579 3423 4596 7071|0.001 -1.6158828163520877 -0.07580494341006494 -0.13987427435400268
1607 1875 1241 336 963 3697 2521 1000 1607 1875 1241 2376 1151 2479|0.001 -0.2748381074192341 0.016753465941676815 -0.7709187658486982
744 1467 744 492 492 637 637 133 397 382 397 1421 613 591|0.001 0.03596873516696686 -0.02813188524831145 0.11212785337258335
622 772 1167 2301 600 209 1569 1000 622 772 1167 1479 1543 716|0.001 0.0080023716753308 -0.034247119232410084 0.11349494981363506
507 682 507 435 435 336 336 261 270 91 270 969 670 643|0.001 0.08819599516671328 0.13513755662932336 -0.11330797653814173
806 1295 1511 2032 271 777 2980 1000 806 1295 1511 1202 1245 927|0.001 -0.03342790348612401 0.03450472172874308 0.20076642592195215
1000 1000 1000 693 87 71 566 817 950 738 600 1414 1052 1002|0.001 0.0703839260328687 -0.08707484969536883 0.08304936235989935
1000 1000 1000 87 71 566 693 950 738 600 817 1414 1002 721|0.001 0.045386850834252535 0.32715919817029926 1.1199003315091671
10970 816 11547 11547 9434 8524 11547 8000 6928 6532 11547 11576 9522 13892|0.001 -0.9148034938233485 0.1473349610744945 0.040194922781000564
1000 1000 1000 71 566 693 87 738 600 817 950 1414 721 825|0.001 -0.10978873985779236 0.0004461019252555154 -1.2099133529679118
10440 8000 14142 14142 13435 8485 14142 1225 11554 9798 14142 10198 13472 13454|0.001 1.1324864599168394 0.3051512140696766 -0.06143985083538861
1061 1225 1768 1768 1305 1444 1768 125 1679 153 1768 1458 1858 2127|0.001 0.10265326168990896 -0.02528023659019607 0.042196394614839594
1443 816 866 1179 1443 1443 1066 125 1443 102 1371 1190 1190 2041|0.001 0.075954109462677 -0.17686642539892716 0.06547720997479356
11547 8000 9434 10970 11547 11547 6928 816 11547 6532 8524 12152 11000 16330|0.001 1.28840398782601 0.36639840951296243 -0.056975919307347134
734 904 1163 106 848 692 87 1224 1224 1224 1224 1473 1288 1009|0.001 -0.03662469669692525 -0.07473680180252629 -1.2281447130437428
14142 1225 13435 10440 14142 14142 11554 8000 14142 9798 8485 14177 14866 20000|0.001 -1.210751586702974 0.0003772322631578895 -0.020241219393193344
860 632 777 74 91 729 595 1053 1053 1053 1053 1001 1055 1108|0.001 0.0016244865475267822 0.32404402563489976 1.0353847898592683
1287 1107 813 766 96 117 938 1355 1355 1355 1355 1630 977 1358|0.001 0.09238485282827336 0.22571726504186707 0.05166263399450699
1000 1000 1000 87 693 566 71 817 600 738 950 1414 825 1149|0.001 -0.012322933378509093 0.008773041673901805 -1.2448717342786786
9434 8000 11547 11547 10970 6928 11547 816 8524 6532 11547 9522 11576 13892|0.001 0.8685077000446784 0.25120882526014077 0.11323819873769292
866 816 1443 1443 1179 1066 1443 125 1371 102 1443 1658 1519 1373|0.001 0.057428442574272154 0.05405197340154988 0.06624213964874448
1000 1000 1000 566 71 87 693 738 950 817 600 1414 1051 953|0.001 0.12793416427071103 -0.030865288150929704 0.05207139403872851
1000 1000 1000 71 87 693 566 950 817 600 738 1414 953 825|0.001 -0.055616533800966206 0.2684385710195203 0.979597571674995
13435 1225 14142 14142 10440 11554 14142 8000 8485 9798 14142 13472 10198 13454|0.001 -1.1390950451529736 0.0113651354349531 -0.09929889842123618
11547 816 10970 9434 11547 11547 8524 8000 11547 6532 6928 11000 12152 16330|0.001 -1.091741586247289 -0.03105355210145766 0.03831344938928005
777 632 860 91 74 595 729 1053 1053 1053 1053 1266 1003 1107|0.001 -0.11891964777437702 0.24925373178935395 0.8920767286496267
1163 904 734 848 106 87 692 1224 1224 1224 1224 1164 1009 1166|0.001 0.06946338753542447 0.17496275997920696 0.0745008212624132
1768 1225 1061 1305 1768 1768 1444 125 1768 153 1679 2031 1275 2500|0.001 0.06807470703193541 0.05729761196011873 0.07419162018033054
14142 8000 10440 13435 14142 14142 8485 1225 14142 9798 11554 14866 14177 20000|0.001 0.41473203822543825 0.129532327004509 -0.23124726382632632
813 1107 1287 96 766 938 117 1355 1355 1355 1355 1289 1424 1556|0.001 -0.010385617642759692 0.01105744542265752 -0.9458793814885336
1000 1000 1000 566 71 566 1061 738 1116 738 1116 1414 1051 1149|0.001 0.07208284202894655 0.21241593321787766 0.1920411303117575
1000 1000 1000 71 566 1061 566 1116 738 1116 738 1414 1149 791|0.001 -0.08363746666654182 -0.07528511353375511 -2.1274345768488367
15780 8000 14142 14142 10440 10440 14142 8000 15780 15000 14142 16248 10198 17776|0.001 -2.0539357721608473 -0.12745980222509612 -0.14111933368359586
566 738 71 1000 1000 1116 1116 1000 1061 738 566 721 1414 1458|0.001 0.08049763842681301 -1.0385755719548417 0.036736565476001015
1305 1875 1768 1768 1972 1972 1768 125 1305 1000 1768 1398 1772 2500|0.001 0.012065174146311808 0.04329928909557745 0.19847350730148428
566 738 1061 1000 1000 1116 1116 1000 71 738 566 1456 1414 1002|0.001 -0.06935134745799099 0.02485035508347888 -0.06672974047158498
1768 1875 1972 1305 1768 1768 1305 125 1768 1000 1972 2031 1275 2500|0.001 0.3488363800385952 0.11830185099622081 -0.09743186208456933
14142 8000 10440 15780 14142 14142 15780 8000 14142 15000 10440 14866 14177 20000|0.001 -1.3422412684868545 -0.010298824786978411 -0.1200025032496077
507 896 63 662 662 896 896 1000 951 896 507 898 1127 1305|0.001 0.18096465791912042 0.15396252955638623 -0.013054405276171632
1511 1000 1511 96 766 1437 766 1355 1355 1355 1355 1703 1424 1556|0.001 0.02845435554645892 0.25377851531996676 -0.3128389485486649
662 1000 662 507 63 507 951 896 896 896 896 1267 1030 942|0.001 0.04996850885006898 -0.13554586428788484 0.11967960750657314
507 896 951 662 662 896 896 1000 63 896 507 1306 1127 646|0.001 0.036254755267868255 -0.0794980183211158 0.018943894370329062
1000 1000 1000 71 566 1061 566 738 1116 738 1116 1414 721 1458|0.001 0.0566432479896517 0.04038631754676114 -1.3169833499457118
10440 8000 14142 14142 15780 15780 14142 8000 10440 15000 14142 10198 16248 17776|0.001 -1.6830316708287463 0.05049927087857231 0.04595024659168834
566 1116 71 1000 1000 738 738 1000 1061 1116 566 1149 1414 791|0.001 0.029439599136211747 0.47987083373970174 0.15088388776407058
1972 1875 1768 1768 1305 1305 1768 125 1972 1000 1768 2577 1858 2500|0.001 0.14341713152828062 -0.039697812503352026 0.05770732461594985
566 1116 1061 1000 1000 738 738 1000 71 1116 566 1149 1414 1051|0.001 0.03950931776775635 0.021426484764348608 -0.18553463779197532
1000 1000 1000 566 71 566 1061 1116 738 1116 738 1414 1002 721|0.001 -0.1031634251771607 0.004600157506711167 0.23104198455877079
14142 8000 15780 10440 14142 14142 10440 8000 14142 15000 15780 14177 14866 20000|0.001 -1.5475511682895615 -0.038272842730504575 0.0801565619898792
766 1355 96 1511 1511 1355 1355 1000 1437 1355 766 1424 1703 1556|0.001 0.10904164159790453 -0.008666918522869382 -0.02057657686340697
662 1000 662 63 507 951 507 896 896 896 896 1127 898 1305|0.001 0.04701581170458269 0.047181286593644955 -1.4402680196565953
1511 1000 1511 766 96 766 1437 1355 1355 1355 1355 1916 977 1358|0.001 -0.12918347029317934 0.10073408597031097 0.29880657439154135
766 1355 1437 1511 1511 1355 1355 1000 96 1355 766 1071 1703 1556|0.001 0.04993367714034802 -0.068031825238829 0.025806426657362103
1768 1875 1305 1972 1768 1768 1972 125 1768 1000 1305 2574 2031 2500|0.001 -0.0026278716758076914 -0.03890289476178421 0.16638803833002536
1056 1000 1056 908 908 1240 1240 222 2889 222 2889 1454 1023 2235|0.001 0.1468727919618784 0.0005419677363849296 -0.06982520959963212
245 1000 1102 1163 3182 3182 1163 1366 245 1366 1102 1127 2462 3192|0.001 -0.20545863251891783 0.10428714954410889 -0.3496146649473941
947 1000 947 860 1175 1175 860 2737 211 2737 211 1378 2118 1257|0.001 -0.25964031837501733 0.01309585185840012 -0.004994407138938506
3182 1366 1163 1102 245 245 1102 1000 3182 1366 1163 2462 1127 3192|0.001 0.03379846597552083 0.06719318322257806 0.14719734249159622
1056 1000 1056 1240 1240 908 908 222 2889 222 2889 1454 1326 1861|0.001 0.1510520615138633 -0.04035453983192161 -0.022964814953619905
179 1000 807 851 2330 2330 851 732 179 732 807 1070 1501 2337|0.001 -0.10071658309357523 0.08619901830656751 -0.44460326785657256
947 1000 947 1175 860 860 1175 2737 211 2737 211 1378 1763 969|0.001 -0.40774705486757656 -0.07719310113443734 0.012271924701650061
2330 732 851 807 179 179 807 1000 2330 732 851 1501 1070 2337|0.001 0.05247544630558876 -0.007571752756541095 0.1334703242647839
1163 1366 3182 245 1102 1102 245 1000 1163 1366 3182 2050 1127 1602|0.001 0.037849612998384075 -0.0157833612089453 -0.5146410307185412
77 1000 77 314 429 429 314 365 346 365 346 1003 644 459|0.001 0.18612551332698013 -0.12543547885360273 -0.007063358916884477
1102 1000 245 3182 1163 1163 3182 1366 1102 1366 245 1127 2050 1602|0.001 -0.06054337931166276 -0.120440727646981 0.1701659374879716
13000 1000 13000 4085 4085 5579 5579 4500 4750 4500 4750 13038 4603 8374|0.001 -0.6284132720646785 0.05158650108360696 -0.12172734121815187
851 732 2330 179 807 807 179 1000 851 732 2330 1803 1070 1173|0.001 -0.21960666063564172 0.09619522888574927 -0.5187201976207778
77 1000 77 429 314 314 429 365 346 365 346 1003 774 354|0.001 -0.0022264827944107335 0.21590862052199622 0.10563261215181363
807 1000 179 2330 851 851 2330 732 807 732 179 1070 1803 1173|0.001 -0.030549859757105224 -0.4447653032965826 0.10519501471415893
13000 1000 13000 5579 5579 4085 4085 4500 4750 4500 4750 13038 5969 10059|0.001 -0.5225860662492876 0.07636656906459427 -0.08049891812338505
1000 1000 1000 734 2754 3182 1163 1366 904 1366 904 1731 2050 2898|0.001 0.055851702404952075 0.06049280093090248 -0.5912710036037883
777 632 860 860 1175 1175 860 2737 777 2368 860 1266 2118 1323|0.001 -0.11526892245615206 0.09278417872566003 0.056688918493230656
662 1000 662 851 2330 2016 538 732 732 732 732 1127 1501 2122|0.001 0.0716650487392334 -0.006033597519690126 -0.13512435147062685
1362 1583 1230 1860 1362 1362 1860 3750 1362 4333 1230 2005 2241 2357|0.001 -0.4437533115483694 0.0027445525463654086 0.11133266799352448
328 1156 363 363 496 496 363 267 328 422 363 1052 598 559|0.001 0.11441785112878966 0.07309126540198108 -0.11233537540075611
1000 1000 1000 3182 1163 734 2754 1366 904 1366 904 1731 2050 1473|0.001 -0.04550047506464705 0.16040672447904303 0.11550868171412709
314 865 284 429 314 314 429 365 314 231 284 911 774 544|0.001 0.06456121052437425 0.062021868738284525 -0.05071745477247869
662 1000 662 2016 538 851 2330 732 732 732 732 1127 1501 1078|0.001 -0.014404629430548876 0.06281182234550764 0.06294725547357105
1000 1000 1000 1163 3182 2754 734 1366 904 1366 904 1002 2462 3308|0.001 -0.008817097243821737 0.04078740770361744 -0.0906614905204628
1230 1583 1362 1362 1860 1860 1362 3750 1230 4333 1362 1586 2791 2357|0.001 -0.6528635469017696 -0.11531132643771036 -0.14092350763983963
662 1000 662 538 2016 2330 851 732 732 732 732 1267 1205 2422|0.001 0.051847298350564675 0.2633494350620147 -0.18642897602793362
860 632 777 1175 860 860 1175 2737 860 2368 777 1001 1763 862|0.001 -0.13529072061763014 0.039951401055453584 -0.11139814167785644
284 865 314 314 429 429 314 365 284 231 314 1040 644 544|0.001 0.10532839931300497 0.10988843962994155 -0.10191985153189531
1000 1000 1000 2754 734 1163 3182 1366 904 1366 904 1002 1646 1164|0.001 0.013258455266540459 0.2406160559181103 0.08787817271121989
363 1156 328 496 363 363 496 267 363 422 328 1201 744 364|0.001 0.004768157850008059 0.025593264470662458 0.1718025306105342
662 1000 662 2330 851 538 2016 732 732 732 732 1267 1803 853|0.001 -0.022410164092656615 0.006287232380721708 0.1298591442077801
1012 1340 540 467 1753 2337 779 1162 826 1340 441 1804 1516 1938|0.001 0.18601300596167603 0.23290262650872862 -0.03690665450347019
471 1333 577 570 663 765 765 267 251 444 308 1106 742 626|0.001 0.096201687085542 0.05975508066317525 -0.05719340212403168
379 1153 711 1508 402 670 2011 860 464 1153 871 945 1304 770|0.001 0.043278285574215314 0.13516929865892147 0.042834739948460765
1155 1667 943 2486 2139 2867 2867 3750 2165 5000 1768 1915 2783 3859|0.001 -0.10332795500749725 0.15448877985278608 0.009803369471503842
1836 1571 979 734 2754 2754 734 1366 1836 1826 979 2438 2050 3310|0.001 0.01861509419095242 0.30468709724827736 -0.18380026808124894
1333 1000 1333 2139 2486 1860 1362 3750 2500 3750 2500 1667 3243 1918|0.001 -0.2981173109148205 -0.008472877967373726 -0.08007229312874675
1006 748 536 402 1508 1508 402 860 1006 548 536 772 1119 1813|0.001 0.009705524052812109 0.1501651071294252 -0.1164395130144591
1333 1000 1333 1860 1362 2139 2486 3750 2500 3750 2500 1667 2241 3320|0.001 -0.09307150545348142 0.1555231164384674 -0.02459819468409785
667 1000 667 363 496 663 570 267 356 267 356 1202 598 512|0.001 0.1083619191466445 0.09773537145646882 -0.06986545301100988
623 637 1169 1753 467 467 1753 1162 623 869 1169 1552 1301 779|0.001 0.05495310110754659 0.16169523400967334 -0.018499867614952814
667 1000 667 663 570 363 496 267 356 267 356 1202 865 885|0.001 -0.008631417467116487 0.10234454368453605 0.07142657280781117
717 1337 1344 2016 538 538 2016 732 717 1150 1344 1032 1501 896|0.001 0.04460975671646272 -0.13141934462245208 0.08330463700849444
1155 1000 2309 1443 289 289 1443 1000 1155 1000 2309 1915 1190 1190|0.001 0.10235287585651953 0.06042553268968742 0.01580049359177771
1600 1000 1600 693 693 693 693 200 800 200 800 1887 825 1327|0.001 0.11491987018641625 -0.06233176568209098 0.023201713949283498
1155 1000 2309 1443 289 289 1443 1000 1155 1000 2309 1915 1190 1190|0.001 0.0021521413069991446 0.05354222713975565 0.09138643996802198
1600 1000 1600 693 693 693 693 200 800 200 800 1887 825 1327|0.001 0.0276282488544477 -0.025185646472880574 0.11776282527303339
4000 1000 4000 3464 3464 3464 3464 5000 8000 5000 8000 4123 4123 6633|0.001 -0.23533162666452778 0.3191194138313014 -0.050430989879337584
2309 1000 1155 289 1443 1443 289 1000 2309 1000 1155 1915 1190 2723|0.001 0.1486383377132494 0.19587438915979805 -0.2882290018998901
4000 1000 4000 3464 3464 3464 3464 5000 8000 5000 8000 4123 4123 6633|0.001 -0.29767172043594914 0.27032873759769593 0.13751819039734325
2309 1000 1155 289 1443 1443 289 1000 2309 1000 1155 1915 1190 2723|0.001 -0.08391726222458984 -0.1356762018858937 -0.4985839418868354
1104 3000 1104 713 713 1336 1336 200 743 1500 743 2054 841 863|0.001 0.42752979735869445 0.1329549657521456 0.0076869242885768685
3563 5000 3563 3717 3717 5518 5518 7500 6680 15000 6680 4206 4617 8559|0.001 -0.6805032690513102 0.23512900009637017 0.10197776699543804
2018 1000 269 959 1797 1797 959 1484 4035 1484 1345 1242 2303 3372|0.001 0.033125976637595755 -0.4911471021031 0.0360121524977397
1549 1875 1043 281 1403 4210 2105 1000 1549 1875 1043 2402 1181 2882|0.001 0.015105221486786391 0.2276906583401872 -0.3735501612011827
1403 1000 281 1043 1549 1549 1043 1875 4210 1875 2105 1181 2402 2882|0.001 0.07093007527160244 -0.11928487970929935 0.033425541849256835
3717 7500 3717 3563 3563 6680 6680 5000 5518 15000 5518 4617 4206 8559|0.001 -1.6905649181288418 -0.04187254352587266 -0.1925129839870776
1797 1484 959 269 2018 4035 1345 1000 1797 1484 959 2303 1242 3372|0.001 -0.054195951065014736 0.07231589226704083 -1.0664923217115496
1043 1875 1549 1403 281 2105 4210 1000 1043 1875 1549 1211 1181 1296|0.001 0.22400398483910733 0.01110577779927846 0.08204598225742599
906 1000 2719 1211 646 646 1211 674 181 674 1359 1861 1551 762|0.001 -0.1141913580054299 0.04815324676906041 -0.05250900099016742
959 1484 1797 2018 269 1345 4035 1000 959 1484 1797 1161 1242 1132|0.001 0.00020825241369815117 0.04619843978458604 0.21902132780491135
891 2000 891 496 496 736 736 133 475 667 475 1671 616 575|0.001 0.15336970664959537 -0.04475040363110194 0.04356255975102252
1123 1000 2245 826 556 556 826 533 150 533 748 1876 1281 691|0.001 -0.01096097365466786 -0.010924090778910989 -0.039879538456178976
2798 1875 3041 1768 354 2652 5303 1000 2798 1875 3041 2842 1275 2961|0.001 0.057479293541440324 0.10034760483307092 0.42410884924353853
1414 1000 2828 1622 1492 1492 1622 533 189 533 943 2236 1904 1579|0.001 -0.010670182571106412 -0.020383535809290754 -0.08422495343984981
581 1000 1744 616 329 329 616 920 116 920 872 1419 1174 419|0.001 -0.01250435144785178 0.01916835722027832 -0.10755642901369766
1720 3000 1720 566 566 1061 1061 200 1583 1500 1583 2441 721 1608|0.001 0.3859382094231911 0.076832157514366 0.12486075696931831
1768 1000 354 2798 3041 3041 2798 1875 5303 1875 2652 1275 3571 4316|0.001 0.07554967579850302 -0.1081130903846772 0.03499310788130483
670 1087 357 126 948 1895 632 1000 670 1087 357 1276 1058 1499|0.001 -0.17810169781913743 -0.007578077366270364 -1.2618486993497369
7914 7500 7914 2828 2828 5303 5303 5000 8602 15000 8602 8374 3606 10100|0.001 -1.1092787242532032 0.031809157633087004 -0.11390056895248635
707 2000 707 1055 1055 1147 1147 133 377 667 377 1581 1117 1072|0.001 0.048826717224055294 -0.0262143497970313 0.13191617945200518
357 1087 670 948 126 632 1895 1000 357 1087 670 1016 1058 456|0.001 0.18940261297553773 -0.004869424704315728 0.029568529075238992
3041 1875 2798 354 1768 5303 2652 1000 3041 1875 2798 3571 1275 4316|0.001 -0.09197031661589583 0.008774194894116683 -1.4064723830808445
2828 5000 2828 7914 7914 8602 8602 7500 5303 15000 5303 3606 8374 10100|0.001 -1.4252684884491507 -0.04492996916055869 -0.053306991532824366
948 1000 126 357 670 670 357 1087 1895 1087 632 1058 1276 1499|0.001 0.11914416811215078 0.2115952112320496 0.051616436274610766
711 1153 379 402 1508 2011 670 860 871 1153 464 1406 1119 2133|0.001 0.18969251032521228 0.12667630846814326 0.00495987062406833
577 1333 471 663 570 765 765 267 308 444 251 1414 865 455|0.001 0.011359439360443258 -0.03559426193805115 0.1720892765592419
540 1340 1012 1753 467 779 2337 1162 441 1340 826 797 1301 642|0.001 -0.037404116843218205 0.0002969122709783889 0.17754434646042538
943 1667 1155 2139 2486 2867 2867 3750 1768 5000 2165 1374 3243 3496|0.001 -0.32462960982484024 -0.04721493969522372 0.007530892281701895
1344 1337 717 538 2016 2016 538 732 1344 1150 717 1911 1205 2424|0.001 0.05776063501501394 0.3008682963854592 0.062430752281319446
1333 1000 1333 2486 2139 1362 1860 3750 2500 3750 2500 1667 2783 1441|0.001 0.07489802711908577 0.3893145242063767 -0.04108500621399336
1169 637 623 467 1753 1753 467 1162 1169 869 623 674 1516 2107|0.001 0.10662500571811728 0.08074384712165372 -0.27265548603339074
1333 1000 1333 1362 1860 2486 2139 3750 2500 3750 2500 1667 2791 3553|0.001 -0.05783485257077281 0.3743151363476893 0.05104928523609997
667 1000 667 496 363 570 663 267 356 267 356 1202 744 384|0.001 0.08439739062245932 -0.06615839588172023 0.1044493264206392
536 748 1006 1508 402 402 1508 860 536 548 1006 1429 1304 670|0.001 -0.018183056884700788 0.07516090335601078 0.1239376427959149
667 1000 667 570 663 496 363 267 356 267 356 1202 742 948|0.001 0.09385490524845608 -0.054132392322312484 0.08113371779448597
979 1571 1836 2754 734 734 2754 1366 979 1826 1836 1058 1646 1224|0.001 -0.02270703253297035 0.15208408469982393 0.026511315421944293
354 1000 1768 1225 230 230 1225 604 88 604 354 1275 1195 290|0.001 -0.01127996761698613 -0.06088985467396668 0.07599976529513608
493 188 816 1443 289 72 289 1000 493 188 816 976 1190 514|0.001 -0.09645922088326042 0.05226277914744282 0.07569911941119001
2828 5000 2828 650 650 3464 3464 250 1709 1000 1709 3606 820 2000|0.001 0.4525612682278757 0.06598370126281283 0.3799893996980197
385 1000 1540 4355 2632 2632 4355 5333 1540 5333 7698 1262 3079 2742|0.001 -0.20411120778079384 0.39043140424172007 0.10334032892579392
1768 1000 354 230 1225 1225 230 604 354 604 88 1275 707 1458|0.001 0.047214817779022145 0.2519882086982572 -0.3601753125028939
2632 5333 4355 1540 385 1540 7698 1000 2632 5333 4355 3079 1262 2742|0.001 0.276758368674459 -0.02093948385624489 0.258717537679245
566 200 566 693 693 130 130 200 342 50 342 721 825 676|0.001 0.09527260082436317 0.0006736509586158235 -0.06110073880934763
289 1000 1443 816 493 493 816 188 72 188 289 1190 976 514|0.001 0.08117944950624567 -0.05471308150441612 -0.027354254724651916
1443 1000 289 493 816 816 493 188 289 188 72 1190 577 1041|0.001 0.1548110405122105 0.5433620152343921 -0.05022615174276823
380 1655 2027 585 146 585 2925 1000 380 1655 2027 1170 1042 480|0.001 0.03841468593820618 0.06628086719326909 0.1632492579605982
1709 250 1709 3464 3464 650 650 5000 2828 1000 2828 1781 4123 2000|0.001 -0.23795430017038433 0.07225698261935865 0.023664449206401983
4355 5333 2632 385 1540 7698 1540 1000 4355 5333 2632 5203 1262 5551|0.001 -0.025424226741146416 0.03951365998902556 -1.904796601038885
2598 4000 2598 6837 6837 11314 11314 4000 13856 20000 13856 3279 7124 13519|0.001 0.4898839069043892 0.4072728972715023 0.028574037508928285
585 1000 146 380 2027 2027 380 1655 2925 1655 585 1042 1977 2412|0.001 0.05278436166578748 -0.8899862033539363 -0.2462466326848456
1540 1000 385 2632 4355 4355 2632 5333 7698 5333 1540 1262 5203 5551|0.001 -0.26409335839835735 -0.9387692042466311 0.04511794350919862
6837 4000 6837 2598 2598 13856 13856 4000 11314 20000 11314 7124 3279 13519|0.001 -2.162515665581808 -0.0011548800347771504 -0.3816887561530147
2027 1655 380 146 585 2925 585 1000 2027 1655 380 1977 1042 2412|0.001 -0.033699466720007454 0.627996752561244 0.9807154146976327
816 188 493 289 1443 289 72 1000 816 188 493 577 1190 1041|0.001 0.010370792053118194 0.07228333823340094 -0.2366024787811083
3464 5000 3464 1709 1709 2828 2828 250 650 1000 650 4123 1781 2000|0.001 0.23554933366010555 0.058332671061467334 -0.17182158607599418
146 1000 585 2027 380 380 2027 1655 585 1655 2925 1042 1170 480|0.001 0.1469440736860328 -0.24012710966738848 -0.013742989675434858
5543 1875 5683 1540 385 9382 11547 1000 5543 1875 5683 5551 1262 5860|0.001 0.3785621306417952 0.034878160897588995 0.30417397923946154
650 250 650 3691 3691 3601 3601 7500 1218 6094 1218 820 4596 3605|0.001 -0.7924932910957239 -0.021217669404821615 -0.00767274835674181
5004 1000 6158 3031 2956 2956 3031 533 205 533 821 5640 3198 3125|0.001 -0.049223562045919156 -0.020800507001240698 -0.027947996383275164
176 975 330 2032 271 68 1651 1000 176 975 330 1055 1245 222|0.001 0.09716187093870454 -0.06044230548603591 0.0712605396796584
271 1000 2032 330 176 176 330 975 68 975 1651 1245 1055 222|0.001 -0.14190438452157172 0.022766803384952627 -0.004857887051956666
162 812 162 492 492 480 480 133 87 33 87 916 613 519|0.001 0.10279119609051035 -0.049074912539460724 0.03056155869185284
3691 7500 3691 650 650 1218 1218 250 3601 6094 3601 4596 820 3605|0.001 0.505597399037534 0.07662916450771773 0.3825029436972649
330 975 176 271 2032 1651 68 1000 330 975 176 977 1245 1861|0.001 -0.009032002471510703 -0.13220766449932198 -0.7784799641016826
1540 1000 385 5543 5683 5683 5543 1875 11547 1875 9382 1262 5997 7076|0.001 0.0883990126210743 -0.3411013884962366 0.10063555851602235
338 1025 180 69 1692 2083 278 1000 338 1025 180 1082 1057 1908|0.001 -0.04783082808622385 -0.0948851851913679 -4.125852526658999
14402 24375 14402 2598 2598 4871 4871 4000 14765 30000 14765 15225 3279 15580|0.001 -0.06861348321713812 0.1396309726899081 -0.15265232108395588
200 1231 200 591 591 606 606 41 107 164 107 1127 625 592|0.001 0.0479937050014656 -0.022838610146160843 0.12839082384403344
180 1025 338 1692 69 278 2083 1000 180 1025 338 1001 1057 228|0.001 0.0770256980481987 -0.06122431548269858 0.0780434249674844
5683 1875 5543 385 1540 11547 9382 1000 5683 1875 5543 5997 1262 7076|0.001 0.1591750368980649 0.3369887423614615 2.641929364029927
2598 4000 2598 14402 14402 14765 14765 24375 4871 30000 4871 3279 15225 15580|0.001 -4.212674002534522 -0.0679754141365807 -0.05571635312424772
1692 1000 69 180 338 338 180 1025 2083 1025 278 1057 1082 1908|0.001 0.059493507919055055 -0.5487849435727132 0.19837866586049913
785 881 418 245 1836 1492 61 1000 785 881 418 922 1204 1831|0.001 -0.08018641213909161 -0.11035105029150727 -0.9470290653476321
4085 7500 4085 1709 1709 3205 3205 250 3601 6094 3601 4918 1781 3766|0.001 0.5704858276441716 0.12064763228384345 0.3497247561097794
6837 4000 6837 14402 14402 16340 16340 24375 12820 30000 12820 7124 15225 20561|0.001 -4.246325592938637 -0.022985937761207387 -0.05444440842686804
1692 1000 69 475 890 890 475 1135 2083 1135 278 1057 1428 2078|0.001 0.07349615998099912 -0.7543917599096117 0.12006615804191378
2390 1875 2106 146 585 4388 3565 1000 2390 1875 2106 3007 1042 2877|0.001 -0.08616803811575702 0.2372503904090162 1.204208692684614
585 1000 146 2106 2390 2390 2106 1875 4388 1875 3565 1042 3007 2877|0.001 0.02507832100664853 -0.2637444426631863 0.1371284813308682
14402 24375 14402 6837 6837 12820 12820 4000 16340 30000 16340 15225 7124 20561|0.001 2.2984646529172137 0.30829234904320657 0.09585691254816009
890 1135 475 69 1692 2083 278 1000 890 1135 475 1428 1057 2078|0.001 -0.040358713723633866 -0.1338763948577748 -4.243443831770564
1709 250 1709 4085 4085 3601 3601 7500 3205 6094 3205 1781 4918 3766|0.001 -0.8777235504974001 -0.005863924751218219 -0.06740247818284528
2106 1875 2390 585 146 3565 4388 1000 2106 1875 2390 2203 1042 2227|0.001 0.383516881076138 0.12310897589702385 0.5724134605727338
245 1000 1836 785 418 418 785 881 61 881 1492 1204 1258 436|0.001 0.03156385810129336 -0.0500617067022846 -0.02248086722639764
427 812 427 545 545 480 480 133 228 33 228 998 656 685|0.001 0.11549107734401654 -0.03656718646654067 -0.0005275474766053279
475 1135 890 1692 69 278 2083 1000 475 1135 890 1046 1057 495|0.001 0.08460164757175592 -0.07293445351359784 0.08868953238393873
526 1231 526 591 591 670 670 41 281 164 281 1228 625 618|0.001 0.1744600920553152 0.01771767687200887 -0.018229723330470682
418 881 785 1836 245 61 1492 1000 418 881 785 1258 1204 436|0.001 -0.03967743504967314 -0.006637968698189889 0.13376677381156554
1901 1000 2340 1275 1123 1123 1275 533 78 533 312 2334 1604 1188|0.001 0.02539133352214673 -0.03630081785584993 -0.023466768001098037
1414 1000 2828 1000 921 921 1000 187 1149 187 1414 2236 1106 1572|0.001 0.09224338147818756 0.038796234334408375 -0.004745560409060712
1414 1000 2828 1000 187 187 1000 921 1149 921 1414 2236 1106 1288|0.001 -0.0809366210755802 0.016164594486014483 0.1468229460324011
6128 1000 7542 5333 4910 4910 5333 5333 7542 5333 15085 6872 5333 8386|0.001 -0.618421532715846 0.10231038667321002 -0.14232480535788183
2828 1000 1414 187 1000 1000 187 921 1414 921 1149 2236 1000 2236|0.001 0.12027383596481922 0.14167635961618963 -0.2581736328388684
1248 1000 1536 1086 204 204 1086 1086 1536 1086 3072 1708 1086 1399|0.001 -0.02466376970250872 0.062382382438817 0.09784207570969095
2828 1000 1414 921 1000 1000 921 187 1414 187 1149 2236 1000 2236|0.001 0.13758187770924746 0.008607350066158759 -0.03938913039061687
1536 1000 1248 204 1086 1086 204 1086 3072 1086 1536 1708 1201 2429|0.001 -0.07188717847771864 -0.2496719341303144 -0.8765689230425078
7542 1000 6128 4910 5333 5333 4910 5333 15085 5333 7542 6872 5897 11926|0.001 -0.6188640309415772 -0.0011474679404654964 0.06810208166078136
696 533 943 1000 188 100 533 921 730 491 1052 1373 1106 669|0.001 -0.07504506409441225 0.17821508098685213 0.02938227315076647
566 1116 1061 1061 566 521 977 738 106 774 199 1149 1456 625|0.001 -0.05127212723286978 -0.03339443084231841 0.06500839602360475
766 1355 1437 269 144 766 1437 1049 705 1511 1323 1071 961 766|0.001 -0.01520350823683736 0.06624014813719104 0.22930059154371296
3893 533 3712 5333 4910 2619 2844 5333 5611 2844 5028 3569 5333 3061|0.001 -0.4140008050162136 0.05824980070780583 -0.01917606493222146
1768 1875 1305 187 1000 1875 352 921 1972 1726 1369 2574 1000 2577|0.001 -0.2066358772014587 0.0027238498952542045 -1.325194754954685
269 1049 144 766 1437 1323 705 1355 1437 1511 766 1119 1972 1437|0.001 0.21354595275233645 0.2139650250722358 0.062026224942313135
4910 5333 5333 6960 7300 10520 9428 1875 9207 10000 10000 5333 7792 14881|0.001 0.671539023673553 0.35720761179995675 0.1830563792557216
1972 1875 1768 1000 921 1726 1875 187 1369 352 1305 2577 1106 1076|0.001 0.25087858339403857 0.03491965494899718 -0.015569198693615727
943 533 1052 921 1000 533 491 188 696 100 730 1374 1000 1373|0.001 0.07849443555414615 -0.011149095490577965 -0.006177869922185941
204 1086 1086 1143 793 756 1024 533 109 579 579 1086 1616 846|0.001 -0.007793870758050492 0.018918204792932602 -0.06641919525650075
5333 5333 4910 3893 3712 5028 5611 533 2844 2844 2619 5897 4156 3975|0.001 0.37255788737797557 0.15338635070839768 -0.17515730471122426
1143 533 793 204 1086 579 109 1086 1024 579 756 623 1201 1493|0.001 -0.0684490816700023 0.17593153520790938 -0.30933537920363907
6960 1875 7300 4910 5333 10000 9207 5333 9428 10000 10520 6692 5897 13728|0.001 -1.38957225742115 0.016036509609600458 -0.0747341217768327
1261 1441 673 137 257 1370 731 953 1370 1291 731 2038 917 1515|0.001 0.0476471400831624 0.3068277379671436 0.4609859229825264
1086 1086 204 1487 2142 1920 1417 1875 2037 2037 382 1201 3031 2206|0.001 0.003244693338182447 -0.17796400450425742 -0.009279926159524443
1487 1875 2142 1086 204 382 2037 1086 1417 2037 1920 1169 1086 1363|0.001 0.2284085912806355 0.08844286371770371 0.07903219420711372
354 1000 1768 1000 187 230 1225 921 221 604 1061 1275 1106 290|0.001 -0.10500279081880226 0.020255364798620334 0.10681856472394724
1179 1225 1886 5333 4910 3223 5333 5333 5657 6532 9428 1546 5333 3667|0.001 -0.385851658574079 0.5379963229954088 0.004534582377699881
1768 1000 354 230 1225 1000 187 604 1061 921 221 1275 707 2031|0.001 0.040720035201580185 0.5210245435448702 0.3826068737887911
866 816 1443 816 493 752 816 188 180 153 289 1658 976 561|0.001 -0.06672549721431498 0.09269586969870236 0.003489421935360948
1768 1225 1061 921 1000 1000 604 187 354 230 221 2031 1000 1275|0.001 0.11145743718543821 0.22611129555470066 -0.21699371244396692
1152 656 240 204 1086 1330 249 1086 1920 1086 384 747 1201 2206|0.001 0.18805916422649505 1.3312456197365763 0.536682747431827
1540 816 962 2632 4355 4355 4009 5333 7698 4355 4619 1262 5203 5551|0.001 -0.5871485428174938 -0.31306786385976393 -0.07360042927734733
366 1523 1755 2027 380 310 1655 1655 585 1655 2925 1138 1170 480|0.001 0.017897594559959096 0.03366434427836573 0.008187577278624403
7300 1875 6960 1886 1179 12816 14142 1225 6789 2296 6960 7792 1546 7776|0.001 0.032231336333616856 0.24267171295094814 1.022924422312339
650 625 530 3691 3691 3601 3872 7500 1218 6797 994 820 4596 3605|0.001 -0.6624429494949835 0.10737926235719453 0.047985249443232014
144 1049 269 2032 271 169 1841 1000 176 975 330 961 1245 222|0.001 0.07506976175504665 -0.02150998243687141 0.08384985872861517
133 906 162 492 492 516 480 133 71 83 87 1009 613 473|0.001 0.05421364579464738 -0.024595972584920966 0.0733491231119765
3691 7500 3691 650 530 994 1218 625 3872 6797 3601 4596 1132 4132|0.001 1.0369794095452156 0.30816395419333675 0.3287833553813302
330 975 176 271 2032 1841 169 1000 269 1049 144 977 1245 2050|0.001 -0.05774500712278252 0.009105330136005563 -0.7803309800777936
257 953 137 161 1756 1937 258 930 315 953 168 917 1065 1954|0.001 -0.07266761877766759 -0.12202209294698174 -1.7728567622412028
5761 10875 6194 849 1039 1949 1591 1600 5906 12000 5906 6598 1811 6232|0.001 1.2207798846232398 0.2706245137040586 0.12926606390526674
179 1103 146 570 530 543 543 92 96 147 78 1113 649 530|0.001 0.15375947088140718 0.0413080056520454 -0.03239247527624167
180 1025 338 1888 174 278 2083 1075 147 1025 276 1001 1145 228|0.001 0.15296645883590587 0.033846851173626735 -0.014742812246678616
5683 1875 5543 962 1540 11547 10464 816 5683 1531 5961 5997 1262 7076|0.001 -0.06527522326505886 0.2511688485624819 0.6747183921795963
849 1600 1039 5761 6194 5906 5906 10875 1591 12000 1949 1311 7055 5678|0.001 -1.5557069895880038 0.013962465097026033 -0.11828644319870407
875 694 467 538 2016 1218 112 732 574 645 306 546 1205 1972|0.001 0.15439010952524423 0.09834380128552533 -0.0310009981796322
1362 3750 1860 868 570 1068 1628 208 1200 2266 1291 2241 1037 1255|0.001 0.49112198387060824 0.16943516029370942 0.01699534811375525
2735 4800 4167 6194 5761 6536 8926 10875 5128 18000 7812 3111 6598 8224|0.001 -2.3340711942954906 -0.05416666951832072 -0.1543074160844482
1756 930 161 673 1261 828 442 1441 2906 1055 775 1065 2038 2099|0.001 -0.01980462801362992 -1.2463233509716654 -0.133618537850404
2142 1875 1487 240 1152 4320 2610 656 1569 1231 1383 3031 747 2581|0.001 -0.047678013008379816 -0.0065880338223522905 -1.420036457131666
1755 1523 366 2106 2390 3264 2265 1875 6581 2856 3976 1819 3007 4899|0.001 0.02661262924926522 -0.5245090197746205 0.06941483153301009
6194 10875 5761 2735 4167 7812 5128 4800 8926 18000 6536 7055 4976 12627|0.001 0.03630355823077691 0.20177864541376156 0.26009543109198896
890 1135 475 174 1888 3125 833 1075 1356 1549 723 1428 1225 3055|0.001 -0.06630643776584177 0.08304485009272389 -1.642350079649304
868 208 570 1362 1860 1291 1200 3750 1628 2266 1068 648 2791 1014|0.001 -0.18684927627960368 0.22085354426502946 -0.001947477649093532
2106 1875 2390 1755 366 3976 6581 1523 2265 2856 3264 2203 1138 2580|0.001 0.2239710900783387 0.16867260607708712 0.37903391060941205
538 732 2016 875 467 306 574 694 112 645 1218 1501 1415 557|0.001 -0.1158895799868842 -0.015822854204426973 -0.008815179644914295
285 604 434 496 363 320 344 267 152 56 231 978 744 457|0.001 0.1117493081408294 0.05143216739808443 -0.13092343492638991
673 1441 1261 1756 161 775 2906 930 442 1055 828 786 1139 502|0.001 0.015600816462584266 -0.008216925928195007 0.19220375773349785
718 1655 472 530 570 821 601 92 383 441 251 1618 607 448|0.001 0.25321282446481685 0.07760935403547942 -0.1160002464176424
418 881 785 2754 734 153 1664 1366 637 948 1195 1258 1646 476|0.001 -0.0468075561595227 -0.057857496105920836 0.13415851112217547
2121 1523 3510 1275 1123 1208 1741 533 195 812 936 2535 1604 1287|0.001 0.003699669248318216 -0.00020654394428110123 -0.06791364158127644
2121 1225 2828 1000 921 604 1000 187 1282 230 1414 2345 1106 2074|0.001 0.05781051615269206 0.11497442886557963 0.0022064102647800787
1414 1000 2828 1225 230 187 1000 604 1282 921 2121 2236 1195 1427|0.001 0.12043465529303354 0.09252642758624141 -0.042327899695300264
5581 816 6158 4355 2632 4009 4355 5333 9238 4355 12317 6212 3079 9033|0.001 -0.2548721977237689 0.20521833655715582 0.1809492078294772
2828 1000 1414 187 1000 1225 230 921 2121 604 1282 2236 1000 2345|0.001 0.12252721402944644 0.13852284703444795 -0.42875406984631215
1392 656 2304 1086 204 249 1330 1086 1536 1086 3072 2253 1086 1549|0.001 -0.03833585561138775 0.048079873666084794 0.1729830287614198
2309 816 1732 493 816 816 752 188 1155 153 1046 1915 577 1826|0.001 0.012882440783201776 0.23754078145387547 0.04410737250240215
3510 1523 2121 380 2027 1655 310 1655 4680 1655 2340 3432 1977 3881|0.001 -0.06127537003681516 0.015949957231842227 -0.4721771451356105
7542 1225 6835 4910 5333 5333 3223 5333 15085 6532 11314 7608 5897 11926|0.001 -0.7116050635306348 -0.22167327296004458 -0.015855027468831828
1000 1000 1000 906 2719 2719 906 1000 1000 1000 1000 1282 1861 2897|0.001 0.020264254330768505 0.00040164753924543106 -0.2699874429205851
1104 1000 1104 1104 1104 1104 1104 3000 1104 3000 1104 1489 2054 1694|0.001 -0.0996820263319409 0.0029177919313672085 0.11105118884674914
1000 1000 1000 906 2719 2719 906 1000 1000 1000 1000 1535 1861 2897|0.001 -0.15936303334013968 0.07824767526630971 -0.12057062749936676
1104 1000 1104 1104 1104 1104 1104 3000 1104 3000 1104 1489 2054 1414|0.001 -0.26931544917625283 0.06606522113008051 -0.007795007701728585
368 1000 368 368 368 368 368 333 368 333 368 1066 685 565|0.001 -0.06872442198214812 0.20400390190288498 0.09941099883818083
1000 1000 1000 2719 906 906 2719 1000 1000 1000 1000 1282 1861 1350|0.001 -0.05543776353999719 0.2706728472927833 0.026807538577575674
368 1000 368 368 368 368 368 333 368 333 368 1066 685 471|0.001 0.1133977919715412 0.026095177448881568 -0.17448815722669653
1000 1000 1000 2719 906 906 2719 1000 1000 1000 1000 1535 1861 1350|0.001 -0.011187057583612603 0.11144128904901018 0.03741467889914807
2719 1000 2719 906 2719 2719 906 1000 2719 1000 2719 2897 1861 3845|0.001 -0.04492198845097772 0.1923916855570229 0.023639198731917332
3000 1000 3000 1104 1104 1104 1104 3000 3000 3000 3000 3162 2054 3197|0.001 -0.2902227177808536 0.014696965660814243 0.07479673941960252
2719 1000 2719 906 2719 2719 906 1000 2719 1000 2719 2897 1861 3845|0.001 0.02649401723667122 0.005562053847241177 -0.18285749774985094
3000 1000 3000 1104 1104 1104 1104 3000 3000 3000 3000 3162 2054 3197|0.001 -0.3662404262706265 0.056410045407309095 0.061447217030332624
1000 1000 1000 368 368 368 368 333 1000 333 1000 1414 685 1066|0.001 0.17391423904202563 0.0785257841869802 -0.19913250101684876
2719 1000 2719 2719 906 906 2719 1000 2719 1000 2719 2897 1861 2866|0.001 0.10975454297184051 0.20543297307056285 -0.05385027715469892
1000 1000 1000 368 368 368 368 333 1000 333 1000 1414 685 1066|0.001 0.0980170878761677 -0.08354138931873645 0.0681310260184742
2719 1000 2719 2719 906 906 2719 1000 2719 1000 2719 2897 1861 2866|0.001 0.10553412407189544 0.1640965423438856 0.009766003992726091
696 533 943 943 177 94 503 1260 701 672 1040 1373 1016 702|0.001 -0.02438754481072891 0.01449869593941333 0.11418982264931099
533 1104 1000 1061 566 713 1336 738 100 743 188 1133 1456 574|0.001 -0.1515506995766902 0.09884401766707906 -0.09791325697043884
766 1355 1437 254 135 722 1355 1007 965 1495 1810 1071 1009 1053|0.001 0.011353624296641662 0.21532857551043394 0.6350405431525763
3965 533 3937 5657 7126 3800 3017 5333 5885 2844 5333 3973 7775 4602|0.001 -0.4969500062740406 0.039651819893742335 -0.061706086266233307
1768 1875 1305 177 943 1768 331 1260 1951 2362 1314 2574 1374 2500|0.001 -0.05727294297456442 -0.08392806470932879 -1.2783026684559196
254 1007 135 766 1437 1810 965 1355 1355 1495 722 1032 1972 1975|0.001 0.18965646629676813 0.05287709196892365 0.02455387956453503
7126 5333 5657 7382 7434 11035 10000 1875 13361 10000 10607 7775 7617 17117|0.001 0.15532128486415386 0.1766825704591013 0.0634224726533894
2069 1875 1875 1061 1336 2505 1989 188 1394 352 1384 2652 1077 1618|0.001 0.2966640452818403 0.09392222619245327 -0.06720861952936308
1000 533 1104 1336 1061 566 713 188 738 100 743 1414 1458 1456|0.001 0.11401131307402057 0.07002500831998937 -0.07349478216833738
140 794 748 826 556 553 748 533 75 423 399 1091 1281 570|0.001 0.0637626397331359 -0.016775992094478775 -0.08904230826329407
5657 5333 7126 3965 3937 5333 5885 533 3017 2844 3800 5745 4062 4216|0.001 0.29154358132613023 0.1549656263349064 -0.002734398369851343
826 533 556 140 748 399 75 794 748 423 553 646 806 1058|0.001 0.10973859824016774 0.05178462345913015 -0.3596182918316393
7382 1875 7434 7126 5657 10607 13361 5333 10000 10000 11035 7450 5745 14560|0.001 -1.3160025707050027 0.044405200666286504 -0.16103790222792624
1797 1484 959 135 252 1345 717 993 1427 1345 761 2303 1002 1449|0.001 0.28150232256977326 0.3007825304886058 0.8003274633317736
748 794 140 1043 1549 1403 1036 1875 1403 1488 263 806 2402 1590|0.001 0.29970563115373716 0.6963187019329742 -0.01899940117529697
1043 1875 1549 748 140 263 1403 794 1036 1488 1403 1211 1091 1045|0.001 0.022028183810736124 0.07154926914987536 0.24560450614041107
354 1000 1768 943 177 177 943 1260 354 1260 1768 1275 1016 395|0.001 -0.0069446871501377405 0.005460044429852484 0.10624308721283837
2000 1000 2000 5657 7126 7126 5657 5333 10000 5333 10000 2236 7775 8413|0.001 -0.09394272928216263 -0.07231460216619912 0.03417425085896264
1768 1000 354 177 943 943 177 1260 1768 1260 354 1275 1374 2003|0.001 -0.06109490941078932 0.06998294574832364 -0.27614652151904506
1875 1000 1875 1061 1336 1336 1061 188 375 188 375 2125 1077 1577|0.001 0.07087154183379685 -0.04330164577601492 -0.0034184428226868846
1875 1000 1875 1336 1061 1061 1336 188 375 188 375 2125 1458 1352|0.001 0.15272367929867414 0.13350085566775416 -0.15983018759367362
1403 1000 281 140 748 748 140 794 1403 794 281 1181 806 1590|0.001 0.1566656395703414 0.6686457183011885 -0.008735034674692832
2000 1000 2000 7126 5657 5657 7126 5333 10000 5333 10000 2236 5745 7211|0.001 -0.22883119519593653 0.15334093434182794 0.016640087766166545
281 1000 1403 748 140 140 748 794 281 794 1403 1181 1091 314|0.001 -0.06110069776271043 0.1553768393581012 0.06768099427220564
500 1000 500 3691 3691 3717 3717 7500 938 7500 938 1118 4596 3808|0.001 -1.0937076374752053 -0.10421139398522294 -0.03820493986673945
135 1007 254 2032 271 271 2032 1000 135 1007 254 1009 1245 303|0.001 0.05020720173696258 -0.09083452444352491 0.08977889938631245
125 1000 125 492 492 496 496 133 67 133 67 1008 613 497|0.001 0.1076005639461064 0.14813311912476035 -0.04291399182861366
254 1007 135 271 2032 2032 271 1000 254 1007 135 1032 1245 2048|0.001 -0.05908939016628589 0.14961309339265094 -0.7614926752820783
252 993 135 269 2018 2018 269 1000 252 993 135 1002 1242 2033|0.001 0.005294418468237971 -0.012327012909917334 -0.907560373364108
125 1000 125 496 496 492 492 133 67 133 67 1008 616 508|0.001 0.10856048748286273 0.02480730203626047 0.022346672628761333
135 993 252 2018 269 269 2018 1000 135 993 252 1025 1242 301|0.001 -0.03304079328353304 0.12484999206288538 0.10847616231195678
500 1000 500 3717 3717 3691 3691 7500 938 7500 938 1118 4617 3725|0.001 -1.2601664413669533 -0.16261479425109582 -0.1078900697424856
1305 1875 1768 943 177 331 1768 1260 1314 2362 1951 1398 1016 1346|0.001 0.2544079497162466 0.07617625219961788 0.07343384107397766
1437 1355 766 135 254 1355 722 1007 1810 1495 965 1972 1032 1975|0.001 0.13619079435317705 0.35841021359294123 0.9529011354661909
7434 1875 7382 5657 7126 13361 10607 5333 11035 10000 10000 7617 7775 17117|0.001 -1.259321659624335 -0.013636086945807424 -0.22645388792759902
943 1260 177 1305 1768 1951 1314 1875 1768 2362 331 1374 2574 2500|0.001 0.12954924733164397 0.02996923301426202 0.12854580627167822
943 533 696 177 943 503 94 1260 1040 672 701 745 1374 1069|0.001 -0.022329068883795156 0.08585711854431244 -0.32762745668016624
7126 5333 5657 3937 3965 5885 5333 533 3800 2844 3017 7775 3973 4602|0.001 0.09925947029612914 0.011722353168601707 0.1381267598286251
177 1260 943 943 696 701 1040 533 94 672 503 1016 1373 702|0.001 -0.0007684608218150313 -0.014178272033674721 0.001890718678914105
1104 533 1000 1061 1336 713 566 188 743 100 738 1133 1077 1712|0.001 0.02671715862490931 0.15232935558014749 -0.048897349960645986
1875 1875 2069 1336 1061 1989 2505 188 1384 352 1394 2125 1458 1482|0.001 0.1806387082926153 0.06767573541944794 0.0977955472607972
5657 5333 7126 7434 7382 10000 11035 1875 10607 10000 13361 5745 7450 14560|0.001 0.9886290674173837 0.4226902425905288 0.1401854780065026
252 993 135 959 1797 1427 761 1484 1345 1345 717 1002 2303 1449|0.001 0.008365866867121596 0.3393646004656814 0.1692861716806182
1549 1875 1043 140 748 1403 263 794 1403 1488 1036 2402 806 1590|0.001 -0.18161079565795268 -0.0582509304029899 -1.3854665476737038
3937 533 3965 7126 5657 3017 3800 5333 5333 2844 5885 4062 5745 4216|0.001 -0.49866933112461265 0.024580426593656668 -0.008318100356436986
959 1484 1797 252 135 717 1345 993 761 1345 1427 1161 1025 773|0.001 0.17463101305606132 0.045802092612956535 0.159366690029894
483 906 906 1211 646 513 961 674 91 669 170 1282 1551 705|0.001 -0.05465823574730133 0.0167594648517988 -0.08578507892873066
556 533 826 748 140 75 399 794 553 423 748 1281 1091 570|0.001 -0.1493447167104056 0.08613914100294773 0.12821753870217334
3000 1000 3000 1061 1336 1336 1061 188 1500 188 1500 3162 1077 2507|0.001 0.08025942720391921 0.2020205873995562 -0.08358666640703838
1414 1000 2828 943 177 177 943 1260 1414 1260 2828 2236 1016 1425|0.001 -0.02441837857235618 -0.011087552737907291 0.16303203165596747
8000 1000 8000 5657 7126 7126 5657 5333 16000 5333 16000 8062 7775 13371|0.001 -0.15614614125134096 0.36065287525661516 0.13943356462468248
2828 1000 1414 177 943 943 177 1260 2828 1260 1414 2236 1374 2981|0.001 0.0458710179517019 0.12407598642590001 -0.3524495362135849
1123 1000 2245 748 140 140 748 794 1123 794 2245 1876 1091 1131|0.001 0.022507819579176136 0.10678561260731412 0.059397704448644895
3000 1000 3000 1336 1061 1061 1336 188 1500 188 1500 3162 1458 2372|0.001 0.1628264993833084 0.14511648052025317 -0.15269846592491199
2245 1000 1123 140 748 748 140 794 2245 794 1123 1876 806 2367|0.001 0.043332209133239985 0.1276498906432577 -0.30913753695710033
8000 1000 8000 7126 5657 5657 7126 5333 16000 5333 16000 8062 5745 12649|0.001 -0.9195581847948753 -0.13991344777687265 -0.05384489600149922
2828 1000 2828 1768 354 354 1768 1000 2828 1000 2828 3000 1275 2850|0.001 -0.029616427033716253 0.022277211095613758 0.16755876946563442
1600 1000 1600 566 566 566 566 200 1600 200 1600 1887 721 1697|0.001 -0.023456313068883627 0.09324864256159415 0.15455236183538945
2828 1000 2828 1768 354 354 1768 1000 2828 1000 2828 3000 1275 2850|0.001 0.08994126582128725 -0.05067453384590914 0.06727880574329381
1600 1000 1600 566 566 566 566 200 1600 200 1600 1887 721 1697|0.001 0.128340838530272 0.21383945798962856 -0.08452833596522269
8000 1000 8000 2828 2828 2828 2828 5000 8000 5000 8000 8062 3606 8485|0.001 -0.8455566686434091 0.03870828259053827 -0.005909132573984621
2828 1000 2828 354 1768 1768 354 1000 2828 1000 2828 3000 1275 3335|0.001 0.013276796293375526 0.18705119641123646 -0.4122564520072547
8000 1000 8000 2828 2828 2828 2828 5000 8000 5000 8000 8062 3606 8485|0.001 -0.5275218541243609 0.05660620639984071 -0.1451224377190219
2828 1000 2828 354 1768 1768 354 1000 2828 1000 2828 3000 1275 3335|0.001 0.03618135998548766 0.006155471103834742 -0.5488340743582754
4064 2144 2167 271 2032 2032 271 1000 4064 2144 2167 4185 1245 4543|0.001 -0.06915393551345961 -0.16711860692888436 -1.0250373933988977
8000 1000 8000 7914 7914 3691 3691 7500 15000 7500 15000 8062 8374 8811|0.001 -1.1018809812024322 -0.09142769484524194 -0.09757046873612008
1895 466 1011 126 948 948 126 1000 1895 466 1011 1113 1058 2119|0.001 -0.02957656081748805 0.18675859239863923 -0.6433547123401517
8000 1000 8000 3691 3691 7914 7914 7500 15000 7500 15000 8062 4596 15447|0.001 -0.7076929116027897 0.05711788007920271 0.0007778454958629055
2000 1000 2000 492 492 1055 1055 133 1067 133 1067 2236 613 1175|0.001 0.12294261195514355 0.03604219565916278 0.008822017743896904
1011 466 1895 948 126 126 948 1000 1011 466 1895 1952 1058 1019|0.001 -0.015345793741559088 0.07981062076798384 0.0967541308302522
2000 1000 2000 1055 1055 492 492 133 1067 133 1067 2236 1117 2060|0.001 0.12133915444186405 -0.007527755374132639 0.040057765624206265
2167 2144 4064 2032 271 271 2032 1000 2167 2144 4064 2387 1245 2184|0.001 -0.023501494383957322 0.10447230911998284 0.10592585527648968
2200 1000 2200 1116 1116 1116 1116 3000 1500 3000 1500 2417 2060 2132|0.001 -0.11798646575003957 -0.009375698870309757 0.15706076239691003
1344 1000 1972 896 2689 2689 896 1000 1344 1000 1972 1911 1847 3006|0.001 -0.094300073133049 0.13084770963721626 -0.20154549739735184
2200 1000 2200 1116 1116 1116 1116 3000 1500 3000 1500 2417 2060 2132|0.001 -0.16871048838552394 0.21141149262012382 -0.07955346372390815
1344 1000 1972 896 2689 2689 896 1000 1344 1000 1972 1911 1847 3006|0.001 0.196723187652732 0.020206173617696166 -0.011978916392186845
1972 1000 1344 2689 896 896 2689 1000 1972 1000 1344 1911 1847 2166|0.001 0.17732424230724408 0.19818397506562446 -0.030204216879282653
500 1000 500 372 372 372 372 333 733 333 733 1118 687 711|0.001 0.14039825194161137 0.08263937582197567 -0.20376083214337704
1972 1000 1344 2689 896 896 2689 1000 1972 1000 1344 1911 1847 2166|0.001 -0.045732621229948034 -0.007680224916574163 0.17754560378471895
500 1000 500 372 372 372 372 333 733 333 733 1118 687 711|0.001 0.08876654536791317 -0.085009599981124 0.02937290092385192
3000 1000 3000 566 566 566 566 200 3000 200 3000 3162 721 3053|0.001 0.0027483126063487795 0.1230710599109619 0.1096256997434919
5303 1000 5303 1768 354 354 1768 1000 5303 1000 5303 5397 1275 5315|0.001 -0.0322848809076437 0.14726778137321928 0.1237167671553685
3000 1000 3000 566 566 566 566 200 3000 200 3000 3162 721 3053|0.001 0.07380832736653575 0.1502238416542223 0.04469535607625863
5303 1000 5303 1768 354 354 1768 1000 5303 1000 5303 5397 1275 5315|0.001 0.01667777248163471 0.2731008352065123 0.04154043854407874
5303 1000 5303 354 1768 1768 354 1000 5303 1000 5303 5397 1275 5590|0.001 -0.0008756288253508604 0.1410242627711522 -0.3656545964392277
15000 1000 15000 2828 2828 2828 2828 5000 15000 5000 15000 15033 3606 15264|0.001 -0.7347263249457281 -0.02832540645757442 -0.004514375865217746
5303 1000 5303 354 1768 1768 354 1000 5303 1000 5303 5397 1275 5590|0.001 0.029164910498817864 0.19184166393991342 -0.4227898174464506
15000 1000 15000 2828 2828 2828 2828 5000 15000 5000 15000 15033 3606 15264|0.001 -0.6022972783031577 0.0885187532336218 -0.18253240505649915
354 1000 1768 1000 187 187 1000 921 354 921 1768 1275 1106 400|0.001 -0.11568597534829306 0.08232393463344145 0.15985805140162013
1886 1000 1886 5333 4910 4910 5333 5333 9428 5333 9428 2134 5333 6472|0.001 -0.42280241079788783 0.3125057959859179 0.11031462776492473
1768 1000 354 187 1000 1000 187 921 1768 921 354 1275 1000 2031|0.001 0.029238446798740547 0.385416626774413 -0.2723701375262111
1768 1000 1768 1000 921 921 1000 187 354 187 354 2031 1106 1214|0.001 0.1033366378191225 0.11987767749642497 -0.16795419186528937
1768 1000 1768 921 1000 1000 921 187 354 187 354 2031 1000 1275|0.001 -0.012119375418356837 0.09000875284499221 -0.015626755639736034
1920 1000 384 204 1086 1086 204 1086 1920 1086 384 1318 1201 2206|0.001 0.060585502397592084 0.27281757599115775 0.19568119324238964
1886 1000 1886 4910 5333 5333 4910 5333 9428 5333 9428 2134 5897 6799|0.001 0.20112528145454833 0.7871965621790022 0.11885370880485802
384 1000 1920 1086 204 204 1086 1086 384 1086 1920 1318 1086 435|0.001 -0.08201487980410316 0.16969856224051005 -0.026500196769455586
1875 1000 1875 1875 2069 2069 1875 125 1875 125 1875 2125 1879 2792|0.001 0.14801774369976872 0.0603979212113237 0.0019971879780378288
1000 1000 1000 533 67 67 533 1104 1000 1104 1000 1414 1002 1002|0.001 0.0743497494820522 -0.028126350656524357 0.08486715042344439
1000 1000 1000 67 67 533 533 1000 1104 1000 1104 1414 1002 1133|0.001 -0.03649806962035762 0.32152110849399396 1.0046793926178887
15000 1000 15000 15000 16553 16553 15000 8000 15000 8000 15000 15033 17000 22338|0.001 -1.0906074801887744 -0.15521368116331535 -0.08400673020503291
1000 1000 1000 67 533 533 67 1104 1000 1104 1000 1414 1133 1133|0.001 -0.0882940492530615 0.0040031351225144896 -1.1563808209383808
16553 8000 15000 15000 15000 15000 15000 1000 16553 8000 15000 17000 15033 22338|0.001 0.6152694178382467 0.1629449660394089 -0.029716096711355222
906 1000 906 483 60 60 483 906 906 906 906 1350 1027 908|0.001 0.06390509609057071 -0.09993352923944654 0.07912382326207945
1875 1000 1875 2069 1875 1875 2069 125 1875 125 1875 2125 2125 2652|0.001 0.130144326571473 -0.07744561698841301 0.020610677096561947
15000 8000 16553 15000 15000 15000 15000 1000 15000 8000 16553 15033 15033 21213|0.001 0.7510309468714871 0.22092841763691196 -0.08128252611819042
906 1000 906 60 483 483 60 906 906 906 906 1350 908 1027|0.001 -0.0358820982435315 0.01396755493988655 -1.135665256212639
15000 1000 15000 16553 15000 15000 16553 8000 15000 8000 15000 15033 15033 21213|0.001 -1.3137366161648067 -0.057099471870937224 -0.08069591811614707
1104 1000 1104 67 67 533 533 1000 1000 1000 1000 1489 1002 1002|0.001 -0.03846175136029695 0.30571824038369444 1.0241601160364011
530 1000 530 3691 3691 3872 3872 7500 994 7500 994 1132 4596 4132|0.001 -1.104744078323705 -0.10970949059834645 -0.11149449248754939
144 1049 269 2032 271 271 2032 1000 144 1049 269 961 1245 307|0.001 0.0762760473647095 -0.06287592194228586 0.06530338289597148
133 1000 133 492 492 516 516 133 71 133 71 1009 613 473|0.001 -0.021755453205365427 0.0015519184850187884 0.1636872975587944
269 1049 144 271 2032 2032 271 1000 269 1049 144 1119 1245 2050|0.001 -0.022154418771448414 -0.07527852178970451 -1.173315883567081
257 953 137 258 1937 1937 258 1000 257 953 137 917 1225 1954|0.001 -0.10815711718472953 -0.07379770704803224 -1.1052065175420323
133 1000 133 516 516 492 492 133 71 133 71 1009 632 551|0.001 0.13131029137309902 0.08569852181675941 -0.051057464518777795
137 953 257 1937 258 258 1937 1000 137 953 257 1067 1225 292|0.001 -0.005362289493704431 -0.00852739952771131 0.10789701551241704
530 1000 530 3872 3872 3691 3691 7500 994 7500 994 1132 4742 3549|0.001 -0.6711241607891549 0.23132536459760988 0.015605890699830205
1116 3000 1116 521 521 977 977 200 774 1500 774 2060 686 609|0.001 0.3526105378241051 0.04182879404707185 -0.0021089744498536955
2604 5000 2604 3872 3872 5579 5579 7500 4883 15000 4883 3432 4742 7892|0.001 -1.1893421633246315 0.20996230895705237 0.0469263701829159
1937 1000 258 673 1261 1261 673 1441 3874 1441 1291 1225 2038 3016|0.001 0.0016281212374225085 -0.4904271249096326 -0.06511482866469742
2142 1875 1487 384 1920 5760 2880 1000 2142 1875 1487 3031 1318 3956|0.001 0.13405100638225864 0.17830129997565392 -0.9237199816455344
1920 1000 384 1487 2142 2142 1487 1875 5760 1875 2880 1318 3031 3956|0.001 0.21376664278548452 0.03763098591604841 0.019084399385589368
3872 7500 3872 2604 2604 4883 4883 5000 5579 15000 5579 4742 3432 7892|0.001 -1.273486628081979 0.11188654579108004 0.0724997434987773
1261 1441 673 258 1937 3874 1291 1000 1261 1441 673 2038 1225 3016|0.001 -0.01060278020429073 -0.04335797781070849 -1.0529200179775033
1487 1875 2142 1920 384 2880 5760 1000 1487 1875 2142 1169 1318 1821|0.001 0.0751967348870286 -0.09625033633887337 0.14925102993445405
896 1000 2689 875 467 467 875 694 179 694 1344 1847 1415 615|0.001 -0.014980303213533164 -0.003910062181279317 -0.08320312420253217
673 1441 1261 1937 258 1291 3874 1000 673 1441 1261 786 1225 887|0.001 0.19585643369146144 -0.06663993201451945 0.018003706959586196
651 2000 651 516 516 744 744 133 347 667 347 1557 632 406|0.001 0.05783941416717342 -0.035740531659483876 0.1418593854103123
1536 1000 3072 1143 793 793 1143 533 205 533 1024 2391 1616 971|0.001 0.00924480845531317 -0.04187162234799313 -0.06778095529629824
1000 1000 1000 566 71 71 566 738 1000 738 1000 1414 1051 1002|0.001 0.012595079649551089 0.09510383695861435 0.10059714584282675
1000 1000 1000 71 71 566 566 1000 738 1000 738 1414 1002 721|0.001 -0.2064066123738939 0.10822350551603854 0.34145076460597057
14142 1000 14142 14142 10440 10440 14142 8000 14142 8000 14142 14177 10198 17578|0.001 -0.9092602490475366 0.1077634031587893 -0.023288940914028
1000 1000 1000 71 566 566 71 738 1000 738 1000 1414 721 1149|0.001 0.06456912131730608 0.05892811196794412 -0.8578505787090074
10440 8000 14142 14142 14142 14142 14142 1000 10440 8000 14142 10198 14177 17578|0.001 0.9419981711802894 0.2644472806308462 0.08245103156280464
1768 1000 1768 1768 1305 1305 1768 125 1768 125 1768 2031 1858 2197|0.001 0.13987254588009979 -0.006571436191250557 -0.029320054673598328
1768 1000 1768 1305 1768 1768 1305 125 1768 125 1768 2031 1275 2500|0.001 0.13468203625623953 0.03858202423326684 -0.011225211064257445
14142 8000 10440 14142 14142 14142 14142 1000 14142 8000 10440 14866 14177 20000|0.001 0.9644053293384092 0.2820039110434358 0.04869996367692142
1355 1000 1355 96 766 766 96 1355 1355 1355 1355 1684 1424 1556|0.001 -0.06478628161261213 -0.13767996057773568 -1.332572837240068
14142 1000 14142 10440 14142 14142 10440 8000 14142 8000 14142 14177 14866 20000|0.001 -1.2719723785972137 0.02305886874731433 -0.1126041637855435
738 1000 738 71 71 566 566 1000 1000 1000 1000 1243 1002 1051|0.001 0.20981032822292134 0.05174793405751554 0.26444202040873277
1355 1000 1355 766 96 96 766 1355 1355 1355 1355 1684 977 1358|0.001 0.10561022088120264 0.004822532674242375 0.07134580061227025
1111 1000 1111 1240 1240 1240 1240 222 3333 222 3333 1495 1326 2289|0.001 0.038536753294584614 0.31170525152190987 0.0720064951632593
179 1000 807 896 2689 2689 896 1000 179 1000 807 1070 1847 2695|0.001 -0.11510420508504593 0.051103365900078135 -0.3438338959348375
900 1000 900 1116 1116 1116 1116 3000 200 3000 200 1345 2060 1194|0.001 -0.3336648196616321 0.01826329142678329 -0.18237455911973788
2689 1000 896 807 179 179 807 1000 2689 1000 896 1847 1070 2695|0.001 0.20208232928972336 0.09660576849398916 -0.037948381871864
1111 1000 1111 1240 1240 1240 1240 222 3333 222 3333 1495 1326 2289|0.001 0.1514709905612821 0.0029664905332849045 0.024148131636558823
179 1000 807 896 2689 2689 896 1000 179 1000 807 1070 1847 2695|0.001 -0.012122231103193215 0.03140472125514826 -0.5323548207007545
900 1000 900 1116 1116 1116 1116 3000 200 3000 200 1345 2060 1194|0.001 -0.4337798143959526 -0.06562894853834433 -0.058290536588081476
2689 1000 896 807 179 179 807 1000 2689 1000 896 1847 1070 2695|0.001 0.09384628879548051 -0.17206126561746804 0.06782113566708992
896 1000 2689 179 807 807 179 1000 896 1000 2689 1847 1070 1206|0.001 0.10641208647806932 0.04607741555148204 -0.40642816966414697
67 1000 67 372 372 372 372 333 300 333 300 1002 687 398|0.001 0.030011991162357532 0.13741150193707474 0.08568430237675617
807 1000 179 2689 896 896 2689 1000 807 1000 179 1070 1847 1206|0.001 0.059772163155478175 -0.4840703415576497 0.07333776552522986
15000 1000 15000 5579 5579 5579 5579 4500 5000 4500 5000 15033 5969 10302|0.001 -0.4038531848849225 0.045560065102470126 -0.03383617060181754
896 1000 2689 179 807 807 179 1000 896 1000 2689 1847 1070 1206|0.001 -0.0866172879816296 -0.036827839867092926 -0.6502510826331409
67 1000 67 372 372 372 372 333 300 333 300 1002 687 398|0.001 0.039056305113596146 -0.12728778069691749 0.11961757645559956
807 1000 179 2689 896 896 2689 1000 807 1000 179 1070 1847 1206|0.001 0.023880327869734153 -0.14883431194427033 0.08078819836101925
15000 1000 15000 5579 5579 5579 5579 4500 5000 4500 5000 15033 5969 10302|0.001 -0.6692645201266845 0.051231461065697204 0.0006159938663330422
662 1000 662 896 2689 2689 896 1000 662 1000 662 1267 1847 2769|0.001 -0.0993520876993148 0.08872784428719749 -0.18789591384713367
738 1000 738 1116 1116 1116 1116 3000 738 3000 738 1243 2060 1257|0.001 -0.36083721036413885 0.11586667875163936 -0.11961728564108265
662 1000 662 896 2689 2689 896 1000 662 1000 662 1127 1847 2769|0.001 0.04804957669603427 0.23123420922366078 0.06347115935546377
738 1000 738 1116 1116 1116 1116 3000 738 3000 738 1243 2060 1414|0.001 -0.12110079485237568 0.06016710405097436 0.13208986399732003
246 1000 246 372 372 372 372 333 246 333 246 1030 687 419|0.001 0.013505740881203376 -0.05532091137202322 0.10662312980791677
662 1000 662 2689 896 896 2689 1000 662 1000 662 1267 1847 1114|0.001 0.0194499109304358 0.2241250137783557 0.021504215732988108
246 1000 246 372 372 372 372 333 246 333 246 1030 687 471|0.001 0.08112174060165067 0.1344199437198612 -0.08705828911496738
662 1000 662 2689 896 896 2689 1000 662 1000 662 1127 1847 1114|0.001 0.02712562401356422 0.23514962991645794 -0.04263038762173488
1600 1720 3000 1000 1000 1720 1720 1000 200 1720 1600 1887 1414 1020|0.001 -0.1537428602458546 0.019883509736995375 -0.029746594218162947
1000 1000 1000 1600 200 1600 3000 1720 1720 1720 1720 1414 1020 1887|0.001 0.08419773475241144 -0.16124607578795747 0.017346003401874643
1000 1000 1000 200 1600 3000 1600 1720 1720 1720 1720 1414 1887 3162|0.001 -0.07306525344141224 -0.010476488985612376 -1.9414796861801065
1600 1720 200 1000 1000 1720 1720 1000 3000 1720 1600 1887 1414 3162|0.001 0.01321596464499919 -1.2429436514230474 -0.010677484657628522
8602 8000 5000 5000 8602 8602 5000 8000 8602 15000 5000 9434 9434 15684|0.001 -2.12057630925101 0.032396448902778374 -0.005697457836651987
1075 1875 625 625 1075 1075 625 125 1075 1000 625 1976 637 884|0.001 0.18083017134749246 0.07364707855414876 0.0008880761794660685
930 581 1744 1000 1000 581 581 1000 116 581 930 1838 1823 1097|0.001 0.015664066836240664 -0.03894757646815905 -0.01477240487894993
625 1875 1075 1075 625 625 1075 125 625 1000 1075 1179 1179 884|0.001 0.2561219942663362 0.16383184086146363 0.032347228692921615
5000 8000 8602 8602 5000 5000 8602 8000 5000 15000 8602 5099 5099 7071|0.001 -0.2923386708789344 0.20754229603155094 0.02244422108630184
1000 1000 1000 116 930 1744 930 581 581 581 581 1823 593 1097|0.001 0.05800292915715266 0.08421333828763533 -1.0496034177379776
930 581 116 1000 1000 581 581 1000 1744 581 930 593 1823 1097|0.001 0.02019870813420699 -0.6049487909215057 0.049640614541544004
1000 1000 1000 930 116 930 1744 581 581 581 581 822 1097 593|0.001 0.18456855697646324 0.007838626237406388 0.07857019084623218
625 1000 625 625 1075 1075 625 125 625 125 625 1179 637 1244|0.001 0.1152883290469231 -0.08216474010448671 0.03569176373832583
1000 1000 1000 1600 200 200 1600 1720 1000 1720 1000 1414 1020 1020|0.001 0.15179125077249944 -0.0048023415959730364 -0.007752405245843308
1000 1000 1000 200 200 1600 1600 1000 1720 1000 1720 1414 1020 1887|0.001 0.03491877288120504 0.30138245748412507 0.972051043389397
5000 1000 5000 5000 8602 8602 5000 8000 5000 8000 5000 5099 9434 9950|0.001 -1.167412935307116 -0.057392158743617694 -0.09327111556278855
1000 1000 1000 200 1600 1600 200 1720 1000 1720 1000 1414 1887 1887|0.001 0.01751756565826712 0.05348790525570468 -1.0270870842120927
8602 8000 5000 5000 5000 5000 5000 1000 8602 8000 5000 9434 5099 9950|0.001 0.28029905437792824 0.10092725623137788 -0.22105543192443733
581 1000 581 930 116 116 930 581 581 581 581 1157 1097 593|0.001 0.056077893266772705 -0.03042672224630838 0.09799650971801466
625 1000 625 1075 625 625 1075 125 625 125 625 1179 1179 884|0.001 0.08554874043405158 -0.15081554314282042 0.08692600018351149
5000 8000 8602 5000 5000 5000 5000 1000 5000 8000 8602 5099 5099 7071|0.001 0.6109112036217845 0.1993934677542164 -0.001136829313691523
581 1000 581 116 930 930 116 581 581 581 581 1157 593 1097|0.001 -0.0026004925366562848 0.030900930063828547 -0.9297859509923578
5000 1000 5000 8602 5000 5000 8602 8000 5000 8000 5000 5099 5099 7071|0.001 -1.132719631297855 0.012452725895433225 -0.11868348379900251
1720 1000 1720 200 200 1600 1600 1000 1000 1000 1000 1990 1020 1020|0.001 0.024056224120456715 0.22445043875024995 0.6831490267323503
581 1000 581 581 1744 1744 581 1000 581 1000 581 1157 1419 1838|0.001 -0.05458050977894646 -0.09990246689768778 -0.29248612188138345
1000 1000 1000 1720 1720 1720 1720 3000 1000 3000 1000 1414 2441 1990|0.001 -0.25805920535728943 0.08168065779191824 0.12761063676066664
581 1000 581 581 1744 1744 581 1000 581 1000 581 1157 1419 1838|0.001 -0.021738875229682098 0.26837418239899824 -0.03865715225454869
1000 1000 1000 1720 1720 1720 1720 3000 1000 3000 1000 1414 2441 1990|0.001 -0.206314054725798 -0.16582468812522677 -0.015437755834489808
333 1000 333 573 573 573 573 333 333 333 333 1054 814 663|0.001 0.05933969054842114 0.05935065536554207 0.12140226244239827
581 1000 581 1744 581 581 1744 1000 581 1000 581 1157 1419 822|0.001 0.08360176558159127 -0.0732438675846947 0.06978750791928556
333 1000 333 573 573 573 573 333 333 333 333 1054 814 663|0.001 0.03233325851218494 0.13352597840252 0.06178738343286527
581 1000 581 1744 581 581 1744 1000 581 1000 581 1157 1419 822|0.001 0.1558944290667852 -0.028426945894242106 0.05843308802839786
1000 1000 1000 581 1744 1744 581 1000 1000 1000 1000 822 1419 2010|0.001 -0.13999889104449714 0.08645076633319038 -0.24213405217331951
1720 1000 1720 1720 1720 1720 1720 3000 1720 3000 1720 1990 2441 3137|0.001 -0.20360195178231177 0.022770746503666395 0.056564805819352415
1000 1000 1000 581 1744 1744 581 1000 1000 1000 1000 1823 1419 2010|0.001 -0.06003395282370039 -0.12929307109485255 -0.3497340083324063
1720 1000 1720 1720 1720 1720 1720 3000 1720 3000 1720 1990 2441 1414|0.001 -0.04424700212844135 -0.03601621462219762 0.11097634484626084
573 1000 573 573 573 573 573 333 573 333 573 1153 814 1046|0.001 -0.0013767139360565395 0.24164747354027405 0.041614365023263655
1000 1000 1000 1744 581 581 1744 1000 1000 1000 1000 822 1419 1157|0.001 0.04343440805080201 0.21647772199962612 0.028519743235888573
573 1000 573 573 573 573 573 333 573 333 573 1153 814 471|0.001 0.07143139706996982 0.2610466402803402 -0.034643176499336015
1000 1000 1000 1744 581 581 1744 1000 1000 1000 1000 1823 1419 1157|0.001 -0.14279110733068312 0.06014835987399936 0.1416875304778875
1075 1875 625 573 573 1075 1075 333 947 625 802 1976 814 1104|0.001 0.10554345834535628 0.0014189694253907703 0.09699156555290633
1652 1875 1875 1744 581 1090 3269 1000 1398 1875 1090 1925 1419 1304|0.001 -0.2226367651312844 -0.03195861177182291 0.2211768389696367
333 533 573 573 573 306 306 333 427 178 505 1054 814 452|0.001 0.07466551122055076 0.08459776145518072 -0.1838135648749495
745 533 581 1744 581 310 930 1000 881 533 1000 789 1419 695|0.001 0.011367717416068679 -0.0008423417115788201 0.056448273159135365
1090 1875 1398 581 1744 3269 1090 1000 1875 1875 1652 1479 1419 3446|0.001 -0.09950488792647372 0.0529551962481567 -0.6075868628047965
2405 1875 2842 1720 1720 3226 3226 3000 1875 5625 3226 2243 2441 2545|0.001 -0.571194622581086 0.04561282476086337 0.015597708215955297
1000 533 881 581 1744 930 310 1000 581 533 745 1027 1419 1838|0.001 0.0996602524014345 -0.0812628792020964 -0.09884120569242816
1516 533 1282 1720 1720 918 918 3000 1720 1600 1000 1196 2441 1766|0.001 -0.2611266352622754 -0.024638628472435364 0.06702002254158845
906 1000 906 906 2719 2719 906 1000 906 1000 906 1350 1861 2866|0.001 -0.0006976645946354942 0.16473493104732784 -0.1777812958388092
1000 1000 1000 1104 1104 1104 1104 3000 1000 3000 1000 1414 2054 1489|0.001 -0.3421483574078521 -0.007482002498897522 -0.031475067808954815
906 1000 906 906 2719 2719 906 1000 906 1000 906 1350 1861 2866|0.001 0.005817423490628304 -0.006835847010402407 -0.25344867659728987
1000 1000 1000 1104 1104 1104 1104 3000 1000 3000 1000 1414 2054 1489|0.001 -0.0821894831069403 0.1389870365627499 0.09124577472860551
333 1000 333 368 368 368 368 333 333 333 333 1054 685 496|0.001 0.06135965536167909 0.07098777434683345 -0.012586020694416167
906 1000 906 2719 906 906 2719 1000 906 1000 906 1350 1861 1282|0.001 -0.04711614565746203 0.10572579348739675 0.1414017846011295
333 1000 333 368 368 368 368 333 333 333 333 1054 685 496|0.001 -0.037551957682218084 -0.023360100378218007 0.13699757420032377
906 1000 906 2719 906 906 2719 1000 906 1000 906 1350 1861 1282|0.001 0.1577421326733175 0.00951506556566617 -0.050459242581529784
1892 2143 2143 1246 432 1993 3737 581 2243 1246 2143 2200 1374 2509|0.001 0.21493254454857835 -0.0005977529756606703 0.11731107565826182
1720 3000 1720 467 803 1720 1000 347 1519 1600 1801 2441 581 1766|0.001 0.46493912438066554 0.2004923252208224 -0.07275590682899624
1132 1132 528 228 1053 1974 658 1185 658 1132 307 1459 1326 1242|0.001 -0.09639825821393555 -0.24903211358793365 -1.080062819137051
5196 4615 4383 2316 1346 2885 4963 2885 4963 8654 4963 5811 1677 5142|0.001 -0.03696146645748688 0.10051133772286391 0.2762395545646523
625 1875 1075 950 1126 1075 1075 217 292 625 502 1179 1009 1244|0.001 0.1652018944296918 0.06209109367558918 -0.08876048580975349
259 955 555 888 192 555 1666 844 446 955 955 1105 1118 613|0.001 -0.1582356048311584 0.201796070879936 0.20496305338596255
3687 2143 3860 743 2143 6429 3429 1720 3687 3687 3256 3820 2365 5231|0.001 -0.06880763344270124 -0.03146725038371878 -1.1407353846438728
2316 2885 1346 5196 4383 4963 4963 4615 4963 8654 2885 3183 4655 6393|0.001 0.008960823113670635 0.3899370380733247 0.13967836039564308
573 533 333 573 573 268 268 333 506 222 452 629 814 739|0.001 0.059148414056839904 0.11264543797004922 -0.05790834946962309
883 467 1000 1744 581 387 930 1000 789 467 581 1288 1419 1149|0.001 0.07638369251701249 0.07976322517333712 -0.011657867769656605
625 1875 1075 502 502 1075 1075 417 848 625 950 1179 818 1244|0.001 0.14812810567774282 0.09943901647891273 0.04025081216375126
1690 2143 1246 1993 830 1246 3737 1000 1892 2143 2143 2479 1629 2462|0.001 0.19908198987206083 0.016212955986552036 0.16527560476831127
581 467 789 581 1744 930 387 1000 1000 467 883 1157 1419 1097|0.001 0.08522239882078342 0.13913899568775534 -0.13198707170297586
1357 667 1519 1720 1720 803 803 3000 1000 1600 1720 1977 2441 1990|0.001 -0.19173061615478715 -0.08728106449757078 -0.06306664883088398
2143 2143 1892 830 1993 3737 1246 1000 1246 2143 1690 2760 1629 2350|0.001 0.038501094485183796 0.23077893074869182 -0.1404362615076915
2279 1500 2036 1204 1204 2581 2581 2400 2581 4500 1500 2966 1962 3324|0.001 0.12541176678154908 0.2201018226342577 0.20061552378055403
70 1000 70 1220 1747 1747 1220 1690 1056 1690 1056 1002 2648 1768|0.001 0.10009918193599976 -0.5580851879440063 0.07567673439196287
1386 1433 820 58 866 866 58 1000 1386 1433 820 2171 1025 1634|0.001 -0.09194959050437546 -0.041835655861623966 -2.241029481741894
17317 15000 17317 14200 14200 24000 24000 1000 24808 15000 24808 17745 14235 37596|0.001 2.8187126041595834 0.4009175926443542 0.12496814466002037
14200 1000 14200 24808 24808 17317 17317 15000 24000 15000 24000 14235 25109 13544|0.001 -2.531752344381334 -0.11812183696892409 -0.11118830186828021
605 1000 40 572 967 967 572 698 605 698 40 1012 546 1141|0.001 -0.01908329452837587 -0.5167714253996392 0.2188375587515301
1220 1690 1747 70 70 1056 1056 1000 1220 1690 1747 954 1002 1250|0.001 0.12082468545285607 0.3839930295885785 2.6439584000261296
70 1000 70 1747 1220 1220 1747 1690 1056 1690 1056 1002 954 1250|0.001 -0.014290681741245814 -0.655542116554334 -0.051270615262350994
24808 15000 24808 14200 14200 24000 24000 1000 17317 15000 17317 25109 14235 13544|0.001 2.4836902890853763 0.35927408395222127 0.13912562571045672
967 698 572 40 605 605 40 1000 967 698 572 546 1012 1141|0.001 -0.023509710478724077 0.04839140432307598 -1.9902707540559839
14200 1000 14200 17317 17317 24808 24808 15000 24000 15000 24000 14235 17745 37596|0.001 -2.1066018909144146 0.016377625666617046 -0.0210082915418508
1747 1690 1220 70 70 1056 1056 1000 1747 1690 1220 2648 1002 1768|0.001 0.20578989802177539 0.3399117736240642 2.3865726062571935
866 1000 58 820 1386 1386 820 1433 866 1433 58 1025 2171 1634|0.001 0.0591216205370837 0.4765715363017864 0.21287387419107073
58 1000 866 1386 820 820 1386 1433 58 1433 866 1025 782 822|0.001 -0.04495407573730126 -0.05423545574152033 -0.01711715558064819
1600 1000 1600 1154 1154 1654 1654 67 947 67 947 1887 1183 903|0.001 0.07277107835527152 -0.05110459852264437 0.07656170965414821
572 698 967 605 40 40 605 1000 572 698 967 1515 1012 574|0.001 0.07752831641400171 -0.09471995918355569 0.07284165965472322
625 1000 625 1034 722 722 1034 592 42 592 42 1179 1567 739|0.001 -0.07893297233550811 0.02345178797867664 -0.11356677873369359
40 1000 605 967 572 572 967 698 40 698 605 1012 1515 574|0.001 0.0711783044773151 -0.05761167139091805 0.08527719242379828
1600 1000 1600 1654 1654 1154 1154 67 947 67 947 1887 1674 2506|0.001 0.052144744323245895 -0.044017634041172427 0.11334803558521012
820 1433 1386 866 58 58 866 1000 820 1433 1386 782 1025 822|0.001 0.010883986556582403 -0.027017316401436453 0.13104818400344387
625 1000 625 722 1034 1034 722 592 42 592 42 1179 564 1046|0.001 -0.03138972387445205 -0.027033573314326764 0.03483749996856078
1892 2143 2143 1246 432 1993 3737 1289 1459 2763 2143 2200 1089 1609|0.001 0.21518508312603712 0.2564774993805208 0.4365300936745653
1720 3000 1720 1035 803 1720 2218 347 1519 1600 1172 2441 1282 1766|0.001 0.450780324504243 0.1129485815860698 0.1334985797342103
1132 1132 528 228 1053 1974 658 771 1460 1132 681 1459 850 2276|0.001 -0.06459706852086522 -0.15151527035267787 -0.6328154160188326
3380 4615 4383 2316 2986 6398 4963 2885 4963 8654 4963 3726 3699 7436|0.001 0.14671367776444955 0.25788946051823913 0.06420038018100094
1386 1875 1075 950 732 1075 1075 217 647 625 502 2161 1104 944|0.001 0.09590789607282435 -0.07874791004764181 0.005209405706032566
883 1468 1893 1366 296 853 2560 1297 685 1468 1468 1289 1102 746|0.001 -0.12120054955451987 0.11663202738990686 0.2956880152178898
1662 2143 1132 335 966 2898 1546 776 1662 1662 1468 2490 845 2358|0.001 -0.16483913630877534 -0.024551862918865686 -0.693340493730531
2316 2885 2986 3380 4383 4963 4963 4615 4963 8654 6398 2523 5097 6393|0.001 0.48551433353799744 0.5478083178727355 0.1273793589449035
1075 1875 625 647 647 1386 1386 417 732 625 595 1976 914 944|0.001 0.28027514867424275 0.07520169204368043 0.11161149148219751
1132 2143 1662 1546 644 966 2898 1000 920 2143 966 1459 1413 773|0.001 0.07675353409254404 0.032068378490262006 0.12415645431207212
333 533 573 739 739 345 345 333 317 222 391 1054 938 613|0.001 -0.07559804578778806 0.08878666426036519 0.07886566874943046
429 467 451 1353 451 301 721 1000 528 467 776 829 1269 361|0.001 0.003639410315583458 -0.09975182144613903 0.08102290413701585
966 2143 920 644 1546 2898 966 1000 1662 2143 1132 1776 1413 3055|0.001 -0.01847153563539261 0.20122708105257958 -0.33610215718265946
1428 1500 1757 1553 1553 3327 3327 2400 1500 4500 2581 1199 2193 2757|0.001 -0.07191477334366203 0.11498543936238725 0.11805989766342062
776 467 528 451 1353 721 301 1000 451 467 429 681 1269 1426|0.001 -0.034423511793006956 0.11297094855258871 -0.19472874620029668
1172 667 952 2218 2218 1035 1035 3000 1720 1600 1000 800 2814 1510|0.001 -0.03321490326547272 0.12243351517587486 0.09248718758348984
737 1120 491 255 1179 1179 255 701 737 863 491 1457 808 1390|0.001 -0.1768412920783513 -0.021495518472649522 -0.6609422129147857
1923 1000 1923 4383 3380 2746 3915 4615 2885 4615 2885 2168 3726 2307|0.001 -0.6232406516700018 -0.18862607131168496 -0.09071019482466802
853 812 569 296 1366 1366 296 1297 853 1158 569 683 1508 1610|0.001 -0.059234156363341395 -0.01212853672739378 -0.481071999264977
1923 1000 1923 2746 3915 4383 3380 4615 2885 4615 2885 2168 4701 5703|0.001 -0.7292669996576306 -0.04988549559068023 -0.047667346014272916
625 1000 625 848 595 732 950 217 417 217 417 1179 1018 500|0.001 0.1629819936872301 0.1294990522318895 -0.19272425733329213
439 893 658 1053 228 228 1053 771 439 626 658 1301 1163 495|0.001 0.14657121109495685 0.005348798832409685 0.030727103758501073
625 1000 625 732 950 848 595 217 417 217 417 1179 807 1236|0.001 0.025700215527466597 -0.08008306345357652 0.0902958407442056
700 1231 1051 1681 364 364 1681 1426 700 1596 1051 840 1152 789|0.001 -0.012712823915592697 0.021154453554586006 0.12098844670158426
573 533 333 739 739 345 345 333 391 222 317 629 938 859|0.001 0.13584265926892547 -0.10223272006539608 -0.0020975422048508108
528 467 776 1353 451 301 721 1000 429 467 451 1162 1269 777|0.001 0.016712772211919802 -0.1387102559062825 0.10775337788053507
625 1875 1075 647 647 1386 1386 417 595 625 732 1179 914 1104|0.001 0.17171352488595026 0.053192498073797445 0.14302247903513088
920 2143 966 1546 644 966 2898 1000 1132 2143 1662 1706 1413 1666|0.001 0.3402750912204344 0.0801539178822952 0.006201459561341327
451 467 429 451 1353 721 301 1000 776 467 528 796 1269 851|0.001 0.09841637867065378 -0.06567918679709517 -0.1190079588315529
952 667 1172 2218 2218 1035 1035 3000 1000 1600 1720 1724 2814 1766|0.001 -0.1741999516272441 0.07827812026237169 -0.003797417202275888
1662 2143 1132 644 1546 2898 966 1000 966 2143 920 2490 1413 1823|0.001 -0.09504236087075069 -0.02658967219043573 -0.36678474492229163
1757 1500 1428 1553 1553 3327 3327 2400 2581 4500 1500 2586 2193 3867|0.001 -0.2225981673474564 -0.04771405790082395 -0.090807399122671
1132 2143 1662 966 335 1546 2898 776 1468 1662 1662 1459 1239 1707|0.001 0.026397139321150398 0.07792377712511511 0.39756172106060417
1720 3000 1720 803 1035 2218 1720 347 1172 1600 1519 2441 875 1510|0.001 0.09491632422280905 -0.11447969341345843 -0.07909338811520672
1893 1468 883 296 1366 2560 853 1297 1468 1468 685 2200 1508 2005|0.001 0.23757018114427098 0.25518732348865036 0.09015784040523833
4383 4615 3380 2986 2316 4963 6398 2885 4963 8654 4963 5097 2523 6393|0.001 -0.9360379030018706 -0.0703459448665733 -0.2344884576090145
1075 1875 1386 732 950 1075 1075 217 502 625 647 1468 807 1104|0.001 0.12384824972198949 0.07902370234693867 -0.05910562000748243
528 1132 1132 1053 228 658 1974 771 681 1132 1460 1163 1163 844|0.001 0.056889453113322386 0.0800553418553962 0.1301559313778644
2143 2143 1892 432 1246 3737 1993 1289 2143 2763 1459 2760 1597 3041|0.001 -0.25681780162905565 -0.0031048454241244805 -0.6561239349478709
2986 2885 2316 4383 3380 4963 4963 4615 6398 8654 4963 3699 3726 7436|0.001 -0.5052442924699796 0.07762342324115545 -0.11893601542503962
1075 1875 625 502 502 1075 1075 417 950 625 848 1976 818 1104|0.001 0.30603535429276185 0.08156926809189002 -0.10677445815320041
1892 2143 2143 1993 830 1246 3737 1000 1690 2143 1246 2200 1629 1563|0.001 0.1723962741095364 0.24911176885831 0.06720718918139301
333 533 573 573 573 268 268 333 452 222 506 1054 814 427|0.001 0.04905493487527002 -0.02233007517543406 -0.01837855991984161
789 467 581 1744 581 387 930 1000 883 467 1000 745 1419 730|0.001 0.053429658812769176 0.013903454366446244 0.0003624832697979308
1246 2143 1690 830 1993 3737 1246 1000 2143 2143 1892 1597 1629 3939|0.001 0.2699580278086078 0.2505720447339832 0.11391161850011766
2036 1500 2279 1204 1204 2581 2581 2400 1500 4500 2581 1883 1962 1924|0.001 -0.38963197672014505 0.12171402315926283 0.032547267882905295
1000 467 883 581 1744 930 387 1000 581 467 789 1027 1419 1838|0.001 0.04935314374769462 -0.02229878632637572 -0.17263010214823793
1519 667 1357 1720 1720 803 803 3000 1720 1600 1000 1255 2441 1766|0.001 -0.1258358967371953 0.051942203754691274 -0.08691913217733438
1051 1231 700 364 1681 1681 364 1426 1051 1596 700 1811 1712 1982|0.001 0.10004326618221926 0.3856164736828527 0.019108389773894174
1923 1000 1923 3380 4383 3915 2746 4615 2885 4615 2885 2168 5097 3620|0.001 -0.2867529302621763 0.29512128569150864 -0.0004504068691335572
658 893 439 228 1053 1053 228 771 658 626 439 826 850 1242|0.001 0.045719694207806416 0.05078293527139177 -0.37707149377138593
1923 1000 1923 3915 2746 3380 4383 4615 2885 4615 2885 2168 3163 4974|0.001 -0.7715679497655725 -0.02054883338339919 -0.07969093762827173
625 1000 625 595 848 950 732 217 417 217 417 1179 685 784|0.001 0.11653296876875441 0.2099475252298233 -0.11244134085845903
569 812 853 1366 296 296 1366 1297 569 1158 853 1472 1102 641|0.001 -0.09717534797176408 0.23740939593369648 0.08780996411926312
625 1000 625 950 732 595 848 217 417 217 417 1179 1104 1078|0.001 0.13614057001550606 0.07764058633934257 -0.030080034090518293
491 1120 737 1179 255 255 1179 701 491 863 737 925 1201 554|0.001 0.0038644674236842924 0.12125536455347197 0.04005425201631052
573 533 333 573 573 306 306 333 505 178 427 629 814 767|0.001 0.0991784724174738 -0.1529336449178087 0.05788494233917696
881 533 1000 1744 581 310 930 1000 745 533 581 1338 1419 1099|0.001 0.10258631032239007 0.04136133328241698 -0.028419181687096007
625 1875 1075 573 573 1075 1075 333 802 625 947 1179 814 1244|0.001 0.2124054621735283 0.28835253261126237 0.039194515848992584
1398 1875 1090 1744 581 1090 3269 1000 1652 1875 1875 2169 1419 2061|0.001 0.07587965780198713 0.2505738342708397 0.2668764650292976
581 533 745 581 1744 930 310 1000 1000 533 881 1157 1419 1097|0.001 0.02297311827479831 0.04050880337665097 -0.23389411105741664
1282 533 1516 1720 1720 918 918 3000 1000 1600 1720 1892 2441 1990|0.001 -0.08611748843624367 0.03506400673016774 0.1325573459896745
1875 1875 1652 581 1744 3269 1090 1000 1090 1875 1398 2508 1419 2056|0.001 -0.15098306089509128 0.13439499091938645 -0.34305169236665045
2842 1875 2405 1720 1720 3226 3226 3000 3226 5625 1875 3547 2441 4315|0.001 -0.1295137453941042 0.27541134353865404 0.007283959496937609
3860 2143 3687 2143 743 3429 6429 1720 3256 3687 3687 4264 1246 3458|0.001 0.4540656426492973 0.12402381216342961 0.05306826063965708
1720 3000 1720 803 467 1000 1720 347 1801 1600 1519 2441 1104 1990|0.001 0.3242664125193051 0.07866190032181919 -0.21336278144136633
555 955 259 192 888 1666 555 844 955 955 446 990 896 1756|0.001 0.08879537436973672 0.15399003881902296 -0.4285154814565262
4383 4615 5196 1346 2316 4963 2885 2885 4963 8654 4963 4655 3183 6393|0.001 -1.0254745020672762 0.10300542128705015 -0.056510113433545506
1075 1875 625 1126 950 1075 1075 217 502 625 292 1976 1259 1104|0.001 0.24697914233350549 0.07513513490980506 -0.18845179489826114
528 1132 1132 1053 228 658 1974 1185 307 1132 658 1163 1062 383|0.001 0.023625961857536293 0.022031503895643123 0.12489545702091043
2143 2143 1892 432 1246 3737 1993 581 2143 1246 2243 2760 724 3041|0.001 -0.01248903714817895 0.17920413401499635 -0.2974099948181219
1346 2885 2316 4383 5196 4963 4963 4615 2885 8654 4963 1677 5811 5142|0.001 -0.22678428113572235 0.2867966810181666 0.1882550369702174
1179 1327 698 255 1179 1179 255 701 1179 1120 698 1920 808 1667|0.001 0.08443609393529172 0.1929832508458751 -0.1623375536557592
2731 1000 2731 5196 4383 2746 3915 4615 4615 4615 4615 2908 4655 1798|0.001 -0.4002781921479659 0.14623283007335175 0.14995292388146453
1053 626 623 228 1053 1053 228 1185 1053 893 623 410 1326 1489|0.001 -0.04901150155354639 -0.1583725046590323 -0.4142860477072363
2731 1000 2731 2746 3915 5196 4383 4615 4615 4615 4615 2908 4701 7517|0.001 -0.660194597723186 -0.21158988705486492 -0.04647197591525987
1000 1000 1000 848 595 950 1126 217 592 217 592 1414 1018 390|0.001 0.06505806947312287 0.07877306065050993 0.05814805371026077
526 753 888 888 192 192 888 844 526 528 888 1447 1118 560|0.001 0.017269779540509678 0.04333622524845815 0.04383985050942618
1000 1000 1000 950 1126 848 595 217 592 217 592 1414 1009 1629|0.001 0.011083902376274324 0.19002252360181382 0.0003491733776450623
994 1596 1681 1681 364 364 1681 1426 994 1892 1681 655 1152 1059|0.001 0.11391613487837793 0.025550051602130086 0.016879024974720824
533 1104 1000 1000 1000 1104 1104 1000 67 1104 533 1133 1414 1002|0.001 -0.16163852786603372 -0.03399718121157025 -0.04429947643550536
1000 1000 1000 533 67 533 1000 1104 1104 1104 1104 1414 1002 1133|0.001 0.13959189523142568 0.08421971822464958 0.08599752072958378
1000 1000 1000 67 533 1000 533 1104 1104 1104 1104 1414 1133 1414|0.001 0.06311403727737641 0.19406549893481895 -0.5906688381467862
533 1104 67 1000 1000 1104 1104 1000 1000 1104 533 1133 1414 1414|0.001 0.07952923971550341 -0.5172899949485943 0.010416072018510913
16553 8000 15000 15000 16553 16553 15000 8000 16553 15000 15000 17000 17000 25417|0.001 -1.2259448375811444 0.08736035209977233 0.03190000778429791
2069 1875 1875 1875 2069 2069 1875 125 2069 1000 1875 2652 1879 2652|0.001 0.04682999902073215 0.027624418087368596 0.20007050147183403
483 906 906 1000 1000 906 906 1000 60 906 483 1282 1535 1027|0.001 -0.14271170385643073 0.0023372409869115707 -0.016538698109500594
1875 1875 2069 2069 1875 1875 2069 125 1875 1000 2069 2125 2125 2652|0.001 0.01746750633717431 -0.1949405138589333 0.08357479665300094
15000 8000 16553 16553 15000 15000 16553 8000 15000 15000 16553 15033 15033 21213|0.001 -1.268877762643874 0.10730656335112387 0.07503171447393209
1000 1000 1000 60 483 906 483 906 906 906 906 1535 908 1027|0.001 0.04177905506224988 0.09757443423378032 -1.7610361843459643
483 906 60 1000 1000 906 906 1000 906 906 483 908 1535 1027|0.001 0.16441352619594563 -0.29136129294167756 0.028281442851878502
1000 1000 1000 483 60 483 906 906 906 906 906 1282 1027 908|0.001 -0.00145516805932 0.043526096559067806 0.2511269611728051
625 1000 625 647 502 502 647 592 42 592 42 1179 1119 527|0.001 0.07356519736661404 0.06254195668284002 -0.1482397438473293
915 776 1546 966 64 64 966 1000 915 776 1546 1729 1031 917|0.001 0.1302232626707256 -0.042461579976267316 0.022299180352571835
1600 1000 1600 803 803 1035 1035 67 947 67 947 1887 843 1241|0.001 0.03954336842252992 -0.044076128862376995 0.10895435901318917
83 1000 1246 1993 1179 1179 1993 1289 83 1289 1246 1050 1546 1182|0.001 0.003040680171060295 -0.036984902438521594 -0.010682522391177729
625 1000 625 502 647 647 502 592 42 592 42 1179 776 667|0.001 0.08785966351106733 -0.04767865735724741 0.052747355706348475
1179 1289 1993 1246 83 83 1246 1000 1179 1289 1993 1546 1050 1182|0.001 0.07650308379790083 -0.07440781748114023 0.07797215196585272
1600 1000 1600 1035 1035 803 803 67 947 67 947 1887 1067 1790|0.001 0.07588724581499395 -0.10063208335064133 0.09411860636382885
64 1000 966 1546 915 915 1546 776 64 776 966 1031 1729 917|0.001 -0.18650978890906056 0.0844544246345702 0.09053804513151409
966 1000 64 915 1546 1546 915 776 966 776 64 1031 1199 1823|0.001 0.07272484671381196 -0.959774354256393 0.12847512795834515
848 1690 1093 70 70 1056 1056 1000 848 1690 1093 1311 1002 891|0.001 0.21561752423842506 0.3523866212643112 2.466210049482458
14200 1000 14200 15527 15527 12043 12043 15000 24000 15000 24000 14235 16002 18619|0.001 -2.2860765502584854 -0.03185258468785701 -0.11312852586706224
1993 1289 1179 83 1246 1246 83 1000 1993 1289 1179 2230 1050 2350|0.001 -0.07575472906355629 -0.1743644536845368 -2.178326067276175
12043 15000 12043 14200 14200 24000 24000 1000 15527 15000 15527 12651 14235 26852|0.001 2.532942518665111 0.3602516967772007 0.14478055822462865
70 1000 70 848 1093 1093 848 1690 1056 1690 1056 1002 1891 1127|0.001 0.1109169787434694 0.36522170127974096 0.0758629593924276
1246 1000 83 1179 1993 1993 1179 1289 1246 1289 83 1050 2230 2350|0.001 0.03793315478736847 0.08208196637619292 -0.05772791584223058
14200 1000 14200 12043 12043 15527 15527 15000 24000 15000 24000 14235 12651 26852|0.001 -2.0485153884556775 -0.036573576912483086 0.0024131588888143263
1093 1690 848 70 70 1056 1056 1000 1093 1690 848 1891 1002 1127|0.001 0.1444630037136685 0.39074933567160297 2.678857735786455
1546 776 915 64 966 966 64 1000 1546 776 915 1199 1031 1823|0.001 0.008334302986767739 0.0769573492310216 -1.951301355727344
15527 15000 15527 14200 14200 24000 24000 1000 12043 15000 12043 16002 14235 18619|0.001 2.613238767877184 0.3636235710144109 0.2200030875590686
70 1000 70 1093 848 848 1093 1690 1056 1690 1056 1002 1311 891|0.001 0.05654033051801344 -0.5033093751191098 0.12364298817556074
2060 2143 2143 1246 83 1246 3737 1000 2060 2143 2143 2466 1050 2085|0.001 0.13509704345196383 0.030261518645433583 0.29013450038252175
573 333 573 573 573 268 268 333 551 22 551 814 814 710|0.001 0.09773957790038201 -0.15229334365829073 0.054095008852204085
581 1000 1744 1000 961 961 1000 467 39 467 581 1419 1238 973|0.001 0.03105462123591307 -0.055370751441299326 -0.02902034509671303
581 1000 1744 1000 467 467 1000 961 39 961 581 1419 1238 490|0.001 -0.026877890936050086 -0.051722288879464395 0.04148041349741893
961 467 1000 1744 581 39 581 1000 961 467 1000 1238 1419 973|0.001 -0.050353066126875845 0.09719812701293629 0.023453877048944527
1720 3000 1720 803 803 1720 1720 67 1654 1000 1654 2441 843 1980|0.001 0.37680051311715923 0.06526623684154575 0.0975407197581335
1246 1000 83 2060 2143 2143 2060 2143 3737 2143 1246 1050 2653 3041|0.001 0.04395299088258753 -2.428108278182113 0.03679384491456883
1040 1040 485 40 605 1814 605 1000 1040 1040 485 1288 1012 1476|0.001 -0.05729943847331387 0.02567995555647018 -3.945763085935725
24808 15000 24808 12043 12043 25807 25807 15000 25807 45000 25807 25109 12651 31954|0.001 -5.209249271815576 -0.0040645152389118255 -0.038563296049788365
1000 467 961 581 1744 581 39 1000 1000 467 961 1151 1419 1419|0.001 0.09817287193182311 0.06950203707786651 -0.11578559794092169
1720 3000 1720 1654 1654 1720 1720 67 803 1000 803 2441 1674 1980|0.001 0.27580152601821784 0.07854413413926231 0.09267699312826894
1654 67 1654 1720 1720 803 803 3000 1720 1000 1720 1674 2441 1980|0.001 -0.10870770198143975 0.046958930932661236 -0.046637324945615344
485 1040 1040 605 40 605 1814 1000 485 1040 1040 1197 1012 510|0.001 0.15891521350459792 -0.023021755547312228 0.1045356780753881
2143 2143 2060 83 1246 3737 1246 1000 2143 2143 2060 2653 1050 3041|0.001 0.029287106200084345 0.06086351322266648 -5.421178049927745
12043 15000 12043 24808 24808 25807 25807 15000 25807 45000 25807 12651 25109 31954|0.001 -2.7931966497950675 0.16060760586212197 -0.06931657063600549
605 1000 40 485 1040 1040 485 1040 1814 1040 605 1012 1288 1476|0.001 0.04112279954276987 -2.313091759000938 0.04666789467277832