1860 3750 1362 726 656 1230 1362 1311 2015 4333 1766 2791 1196 2357|0.001 0.09680324008412455 0.040175111498654825 0.026135339863735396
1875 1875 2432 1805 1377 5164 5967 904 2561 1694 2775 1627 2019 3844|0.001 0.005947883327037662 -0.015170587041948291 -0.09319496233055502
1347 3305 1537 501 554 1039 938 763 1039 2860 1418 2210 912 901|0.001 -0.03773031695637141 0.00027363937385116444 -0.008935371023248706
3071 1875 2834 1524 1998 6604 5715 1107 2692 2075 2075 3592 2234 4415|0.001 -0.06978856831983404 -0.007754409082797453 0.027013658717820466
734 1366 2754 1000 533 482 904 1297 963 1480 3182 1646 868 878|0.001 0.03629727220726853 0.023185270243453182 -0.024956360424944757
328 1156 363 363 496 537 471 267 175 350 194 1052 598 504|0.001 -0.0395360902778219 0.00778725599936525 0.038778004510147124
411 771 771 2453 742 566 2123 1141 372 1053 697 1334 1640 830|0.001 0.023385275891876223 0.0210302231155568 -0.02743830371746414
2754 904 3182 1297 1000 1366 1480 533 734 482 963 3308 1731 1646|0.001 -0.005902636999447486 0.015687065981748738 0.02631296581193654
651 877 2151 611 326 360 676 923 496 676 1861 1581 1170 594|0.001 0.01674096412316306 0.002638091113369434 -0.03226310044127545
314 865 284 465 408 314 429 303 168 231 151 911 735 544|0.001 0.006434771152716845 0.013089874098473064 -0.020395085055666673
353 1084 662 2016 538 705 2330 732 391 950 732 1017 1501 788|0.001 0.027636225763418842 0.009004946654593837 -0.032426726146266294
3522 1107 3048 1511 1638 1436 1107 533 1066 590 813 3661 1537 2589|0.001 0.0033286553811606723 0.0046227687330380185 -0.039846456601123625
4007 1875 3658 3315 2607 8618 9944 1225 3513 2296 3658 4582 2793 5762|0.001 0.013032713904042037 0.043351151261810106 0.0723705862432622
4596 1225 5303 1951 2137 1873 1951 533 1391 653 1768 4704 1862 3379|0.001 -0.003468660663535905 0.011004138322088242 -0.009092358234041864
906 1000 2719 628 335 273 513 960 713 1096 2356 1861 1140 947|0.001 -0.03304687664089423 0.008167897004798252 0.003650618677029094
1104 3000 1104 370 302 566 693 787 1209 2600 1060 2054 1045 1382|0.001 -0.07021807498266641 -0.03925072054581258 -0.07767419776562257
266 1154 218 465 408 424 424 303 142 385 116 1174 735 434|0.001 0.01693052260623995 0.011639099703149025 -0.032321505023691355
349 1041 654 2453 742 944 2831 1141 285 1041 534 1064 1640 795|0.001 0.007043971180884512 -0.0037769963203959644 -0.02493212662347921
1362 3750 1860 656 726 1362 1230 1311 1766 4333 2015 2241 1466 2357|0.001 0.15374014807041148 0.0472489434679213 0.011906391227902713
2834 1875 3071 1998 1524 5715 6604 1107 2075 2075 2692 2882 1823 3415|0.001 -0.03362009290575618 -0.03970355766343858 -0.14243197936974483
1537 3305 1347 554 501 938 1039 763 1418 2860 1039 2430 1118 1443|0.001 -0.14183554141449006 -0.04711853300745528 -0.061702315003985264
2432 1875 1875 1377 1805 5967 5164 904 2775 1694 2561 3246 1647 4387|0.001 -0.0900985764778639 -0.030528745489771802 -0.05331285779668349
538 732 2016 662 353 391 732 1084 705 950 2330 1501 1017 788|0.001 0.022957448496188082 0.021494168882347786 -0.02110100920310165
363 1156 328 496 363 471 537 267 194 350 175 1201 744 315|0.001 -0.022624682298379994 0.025474873404083276 0.026230450432149777
326 923 611 2151 651 496 1861 877 360 676 676 1170 1581 594|0.001 -0.022238359651952644 -0.000419776483496781 0.005071035971571103
3048 1107 3522 1638 1511 1107 1436 533 813 590 1066 3208 1916 2269|0.001 -0.03021485434180682 0.0034627147671462133 0.02847215558098748
742 1141 2453 771 411 372 697 771 566 1053 2123 1640 1334 830|0.001 0.04228102229431263 0.010365502437439389 -0.03434476700674316
284 865 314 408 465 429 314 303 151 231 168 1040 669 544|0.001 -0.020854372676429866 0.006798447034854771 0.006619893257668874
533 1297 1000 2754 734 963 3182 1366 482 1480 904 868 1646 878|0.001 0.019867869837948415 0.029294716275365396 -0.015245681507125575
3182 904 2754 1000 1297 1480 1366 533 963 482 734 2898 868 2128|0.001 0.005460269307837606 0.004777800865016779 -0.01855518046435023
2868 1875 2987 2706 1552 5954 8119 1000 2868 1875 2987 3051 2280 4179|0.001 -0.002605181000345791 -0.028975025175158597 -0.10865708210308966
3175 1000 4330 1593 1530 1530 1593 533 828 533 1443 3841 1815 2229|0.001 -0.03543242654317935 0.010443344359472029 0.03464539043094517
906 1000 2719 628 335 335 628 960 520 960 1994 1861 1140 763|0.001 0.026051551061558875 0.014047482488581675 -0.01167504690443022
1104 3000 1104 370 370 693 693 573 1060 2200 1060 2054 843 1127|0.001 -0.09913598596858586 -0.022522241109870222 0.007853382982179191
315 1364 315 482 482 502 502 261 168 455 168 1209 702 512|0.001 -0.042213385255683855 0.008592310041928286 0.03804199293979016
349 1041 654 2076 541 944 2831 1000 349 1041 654 1064 1457 795|0.001 0.0465390020052836 0.017500671055779016 -0.03845603197076275
921 187 1000 1768 354 88 354 1000 921 187 1000 1106 1275 938|0.001 -0.03549226358685931 0.06145558757610248 -0.022033598540622812
471 1000 1886 5333 4910 4910 5333 5333 1886 5333 9428 1374 5333 5000|0.001 0.09880831029859038 0.01386791174705193 -0.023927626688797776
1000 921 187 354 1768 354 88 1000 1000 921 187 1000 1275 1275|0.001 0.05039502046847 0.3389157400212772 0.15181067294379735
1768 1000 354 187 1000 1000 187 921 354 921 88 1275 1000 1275|0.001 0.0098945505244874 0.06819407220693519 0.3200253814091636
530 250 530 2828 2828 2604 2604 5000 2828 1000 2828 729 3606 2828|0.001 0.30761153907059136 -0.1324396841217057 -0.05264055946516799
566 200 566 566 566 106 106 200 521 50 521 721 721 625|0.001 -0.0485124669170256 0.0012915762381027207 0.04757397757107373
2604 250 2604 2828 2828 530 530 5000 2828 1000 2828 2652 3606 2828|0.001 0.30277558311209596 0.11373808225666915 0.009119708534239823
2121 4000 2121 10416 10416 11314 11314 4000 11314 20000 11314 2915 10607 12510|0.001 -0.7180889652251654 -0.18809834695613925 -0.01696907091689237
384 1000 96 204 1086 1086 204 1086 1920 1086 384 1018 1201 1385|0.001 0.03817517983794261 -0.8710815536449568 -0.19403081880593476
1886 1000 471 4910 5333 5333 4910 5333 9428 5333 1886 1374 5897 6799|0.001 -0.24397495715250517 -1.1693257261760637 -0.08957396230713677
1086 1086 204 96 384 1920 384 1000 1086 1086 204 1201 1018 1385|0.001 -0.052918054228598965 -0.12447942593912353 -0.48937427508812803
1000 187 921 354 1768 354 88 1000 1000 187 921 1000 1275 1275|0.001 -0.005663383314845616 0.04523015306985734 0.3202666504207241
230 604 1225 2828 1414 1149 1414 1000 230 604 1225 1195 2236 1295|0.001 0.031717337727892314 0.009055353216149697 -0.03841679978200396
433 500 433 354 354 214 214 500 81 406 81 829 791 422|0.001 -0.037190678286094236 0.0077427289097942165 0.024521079725130512
1901 1000 2340 2027 380 380 2027 1655 2340 1655 4680 2334 1170 2143|0.001 0.031580614183996936 0.043827629542780855 -0.030540423102509706
2309 1000 1155 493 816 816 493 188 1155 188 938 1915 577 1826|0.001 -0.03635982077853317 0.03656105125442233 0.034119898774167545
4355 5333 2632 5004 6158 12317 6158 1000 4355 5333 2632 5203 5640 9737|0.001 -0.13309127527341036 -0.021557779939292976 -0.087351375246143
526 1231 526 200 200 1066 1066 1231 870 2462 870 1228 1127 1040|0.001 -0.10256122147350832 -0.030124829249712493 -0.15378069478755085
4085 7500 4085 2179 2179 4085 4085 2867 5299 11000 5299 4918 2759 7071|0.001 -0.34063852969899333 -0.02966787117547498 -0.06768735246890811
2432 1875 1875 459 1316 5049 3442 1000 2432 1875 1875 3246 1266 3544|0.001 -0.035400735841519815 -0.014793107997641552 -0.20427718713375898
245 1000 1836 1000 533 533 1000 1297 702 1297 2693 1204 868 675|0.001 0.02285742972445437 0.0018112745314935452 -0.04479833039261916
411 771 771 2076 541 189 1415 1000 411 771 771 1334 1457 521|0.001 0.025318074469087293 0.03806333808492601 -0.02750880243082454
371 682 371 482 482 371 371 261 198 91 198 905 702 643|0.001 -0.005369180740979473 0.033850935789829784 0.003632765181174058
2693 1000 1836 1000 1297 1297 1000 533 702 533 245 2438 868 1890|0.001 -0.023798819432067075 -0.013722075833813019 -0.02116458512352093
230 604 1225 2828 1414 1282 2121 1000 187 921 1000 1195 2236 1427|0.001 0.03297938221009433 0.009333322739975003 -0.035599458671305984
433 750 354 354 354 214 326 500 81 453 66 829 791 422|0.001 -0.03693679368315661 0.009037195193875025 0.033935359037664536
2121 1523 3510 2027 380 310 1655 1655 2340 1655 4680 2535 1170 2143|0.001 0.03267488352304948 0.02759063137172557 -0.03441582567807688
2828 1225 2121 921 1000 1000 604 187 1414 230 1282 3000 1000 2236|0.001 -0.03776268440790265 0.021582539333353523 0.03508635933827886
5333 5333 4910 6835 7542 15085 11314 1225 5333 6532 3223 5897 7608 11926|0.001 -0.2112366806182775 -0.035608954964495565 -0.07992267104512063
718 1655 472 179 146 780 956 1103 780 2207 780 1618 1011 863|0.001 -0.08065130119147779 -0.03471356544788806 -0.20246862584646697
3915 4615 2746 2731 2731 4615 4615 1000 5196 4615 4383 4701 2908 7517|0.001 -0.19281792722709912 -0.03810804303076565 -0.04099426030604425
1006 1690 1605 366 366 1690 1690 1000 1434 1690 1903 659 1065 1721|0.001 -0.05081595283181084 -0.017697322763772227 -0.10602301992877261
4383 4615 5196 2731 2731 4615 4615 1000 2746 4615 3915 4655 2908 1798|0.001 -0.1769083971986618 -0.031972781484349566 -0.03663713518108569
1903 1690 1434 366 366 1690 1690 1000 1605 1690 1006 2753 1065 1705|0.001 -0.04915336490604605 -0.037857548927219264 -0.18814550084013004
364 1426 1681 1681 994 994 1681 1596 364 1892 1681 1152 655 1059|0.001 0.029984873326744932 0.010311577828536755 -0.0238167625796204
1000 1000 1000 595 848 1126 950 217 592 217 592 1414 685 719|0.001 -0.03730963506080709 0.004190648770061589 0.028429884347780376
623 626 1053 1053 228 228 1053 1185 623 893 1053 1593 1062 664|0.001 0.013871744937392627 0.025733011838651176 -0.019148086786752172
1000 1000 1000 950 595 848 1126 592 217 592 217 1414 1512 685|0.001 -0.014738816965984558 0.014399825683217848 0.02207251047980696
192 844 888 888 526 526 888 753 192 528 888 1118 1447 560|0.001 0.03625778812760272 0.011725505866491126 -0.020622558071451413
1000 1000 1000 1126 950 595 848 217 592 217 592 1414 1259 1512|0.001 -0.04247930382884402 0.012145917442809573 0.040142395152276134
698 1327 1179 1179 255 255 1179 701 698 1120 1179 848 1201 743|0.001 0.027457571739986086 0.01739434961086639 -0.030310735603941152
1000 1000 1000 848 1126 950 595 592 217 592 217 1414 719 1259|0.001 -0.025946776997092247 0.010258853047873107 0.029938718146682586
2828 1000 2828 1000 921 921 1000 187 1414 187 1414 3000 1106 2202|0.001 -0.041386344790933505 0.015158994834816308 0.0372891430004052
187 921 1000 2828 1414 1414 2828 1000 187 921 1000 1106 2236 1427|0.001 0.037357187871762676 0.01094083274143065 -0.03390874121878884
1414 1000 2828 1000 187 187 1000 921 1414 921 2828 2236 1106 1427|0.001 0.03607926778663506 0.017152141514329422 -0.039737058264515124
354 1000 354 354 354 326 326 500 66 500 66 1061 791 391|0.001 -0.03435771892348449 0.01078831774517619 0.03730491897919741
707 2000 707 133 133 707 707 1000 651 2000 651 1581 1009 707|0.001 -0.06597602285402737 -0.03681138264681194 -0.21945815093391108
4910 5333 5333 7542 7542 15085 15085 1000 4910 5333 5333 5333 7608 11743|0.001 -0.2169897373473284 -0.03663482678453178 -0.06723171905668957
354 1000 354 326 326 354 354 500 66 500 66 1061 778 354|0.001 -0.033927456612998785 0.010867479097285138 0.037190067780825675
1536 1000 3072 1086 204 204 1086 1086 1536 1086 3072 2391 1086 1549|0.001 0.03688908247871048 0.014835332367868492 -0.041062668387630286
2828 1000 2828 921 1000 1000 921 187 1414 187 1414 3000 1000 2236|0.001 -0.03999420320859981 0.01682596879803766 0.03627751850882488
204 1086 1086 3072 1536 1536 3072 1000 204 1086 1086 1086 2391 1549|0.001 0.036729008217912806 0.010366821508334123 -0.03523875179077929
5333 5333 4910 7542 7542 15085 15085 1000 5333 5333 4910 5897 7608 11926|0.001 -0.2120130076364657 -0.03582315983016393 -0.068953835161778
651 2000 651 133 133 707 707 1000 707 2000 707 1557 1009 782|0.001 -0.0700803383222881 -0.03744348996127189 -0.21784601218170274
2868 1875 2987 2706 2129 7036 8119 816 3272 1531 2987 3051 2827 5173|0.001 -0.03914548732525058 -0.019304488870997005 -0.0467761401201916
3753 816 4330 1593 1530 1745 1593 533 1135 435 1443 4406 1815 2509|0.001 -0.03719539584938758 0.008677925964846178 0.024907224212504797
906 1000 2719 513 273 335 628 1096 713 960 2356 1861 955 763|0.001 -0.004090020349083456 0.008484679432019249 -0.005173468869712483
1104 3000 1104 302 370 693 566 787 1060 2600 1209 2054 843 1127|0.001 -0.011931335693113887 -0.007579821060695879 -0.05101115046275195
218 1154 266 408 465 424 424 303 116 385 142 1023 669 532|0.001 -0.01628118264381251 0.010981563319989451 0.00679210444721301
250 913 468 2151 651 827 2481 877 306 913 573 1143 1581 864|0.001 0.014774950948215348 0.024882663634071545 -0.012725675991753782
908 2444 908 1000 1000 222 222 1000 908 2444 908 1808 1414 1023|0.001 0.042791138249931304 0.042165391012767284 -0.02756925724805903
908 222 908 1000 1000 2444 2444 1000 908 222 908 1023 1414 1808|0.001 0.04815162573136966 -0.016563724617595366 -0.1072439307140527
908 2444 908 1000 1000 222 222 1000 908 2444 908 1808 1414 1023|0.001 0.026160071462077994 0.03520698202518879 -0.023295175898268017
908 222 908 1000 1000 2444 2444 1000 908 222 908 1023 1414 1808|0.001 0.06836345259733312 -0.0378146600656204 -0.1446272226923051
1102 1000 2693 245 1102 1102 245 1000 1102 1000 2693 1992 1127 1558|0.001 0.027786420751971797 0.03357838901512755 0.2574797705963183
91 1000 91 371 371 371 371 409 409 409 409 1004 740 418|0.001 -0.04960734423890445 -0.17733339608481113 0.02650257997888872
1102 1000 245 2693 1102 1102 2693 1000 1102 1000 245 1127 1992 1558|0.001 0.03679229262767869 -0.1659465982653674 -0.05409203341214308
11000 1000 11000 4085 4085 4085 4085 4500 4500 4500 4500 11045 4603 8136|0.001 -0.11724731916620157 0.01666310225775014 -0.04083129587146073
1102 1000 2693 245 1102 1102 245 1000 1102 1000 2693 1992 1127 1558|0.001 4.6583800958899246e-05 0.03246386077540686 0.20130301865108002
91 1000 91 371 371 371 371 409 409 409 409 1004 740 418|0.001 0.0007946045369155996 -0.05740333242317264 -0.028766268301385622
1102 1000 245 2693 1102 1102 2693 1000 1102 1000 245 1127 1992 1558|0.001 -0.009234561780948614 -0.07306670473040344 -0.009124965492941506
11000 1000 11000 4085 4085 4085 4085 4500 4500 4500 4500 11045 4603 8136|0.001 0.04594323120303834 0.01692629647347621 -0.013349503654709327
3169 1875 3658 3315 1900 7292 9944 1000 3169 1875 3658 2847 2702 4889|0.001 -0.017567530058584246 -0.03037643626814135 -0.09744866876101654
3889 1000 5303 1951 1690 1690 1951 533 1014 533 1768 4650 2329 2607|0.001 -0.023665582142606834 0.011028331158464688 0.04073769281204731
906 1000 2719 513 273 273 513 866 520 866 1994 1861 1194 739|0.001 0.03518581267218934 0.009656192568061606 -0.03136590045504817
1104 3000 1104 302 302 566 566 573 956 2200 956 2054 815 859|0.001 -0.07948448107223394 -0.03522432514759588 -0.05412003719970082
257 1364 257 435 435 502 502 261 137 455 137 1196 670 390|0.001 -0.03994962719403694 0.011212029662481804 0.04232458726284305
316 1154 592 2301 600 1046 3138 1000 316 1154 592 898 1543 853|0.001 0.030951955481246518 0.013931634239023882 -0.033324647265977614
3691 7500 3691 2975 2975 5579 5579 2867 4781 11000 4781 4596 3423 7071|0.001 -0.04607723761422822 0.0031523110041109526 -0.05022725396074734
1607 1875 1241 336 963 3697 2521 1000 1607 1875 1241 2376 1151 2479|0.001 -0.09666032470032837 -0.012166716849677517 -0.09076275312345006
271 1000 2032 1511 806 806 1511 1295 777 1295 2980 1245 1202 927|0.001 -0.01419887969864475 0.00935376649795261 -0.012346322573620894
622 772 1167 2301 600 209 1569 1000 622 772 1167 1479 1543 716|0.001 0.003232002107929066 0.024758768536610187 0.00346995484209911
507 682 507 435 435 336 336 261 270 91 270 969 670 643|0.001 -0.012450081728068163 0.017545797833422583 0.014935592465350478
1972 1000 1344 662 857 857 662 533 514 533 179 1911 795 1322|0.001 -0.022408169438863368 0.00021060937674066693 0.013131090315641192
1179 125 1443 1443 866 1371 1443 816 1066 102 1443 1519 1658 1373|0.001 -0.0031286709079636488 0.055473295666623734 0.007488709030967211
10970 816 11547 11547 9434 8524 11547 8000 6928 6532 11547 11576 9522 13892|0.001 0.7482294342061468 0.03528223958748189 0.04830801076978197
1000 1000 1000 71 566 693 87 738 600 817 950 1414 721 825|0.001 -0.08553820604122353 -0.04916581605377113 -0.5630810898051419
1000 1000 1000 566 693 87 71 600 817 950 738 1414 825 1052|0.001 0.04278649189362049 0.03795374173919619 -0.04045696449893277
74 1053 91 860 777 1053 1053 632 595 1053 729 1003 1266 1107|0.001 -0.03693906927084156 -0.3942112244198437 0.003849269960909396
766 1355 96 1287 813 1355 1355 1107 938 1355 117 1424 1289 1556|0.001 0.057303569016660116 -0.36633951645915097 -0.09929215660441582
1000 1000 1000 87 693 566 71 817 600 738 950 1414 825 1149|0.001 0.024902251966902877 0.0466885465363287 0.5463991210652108
1000 1000 1000 693 566 71 87 600 738 950 817 1414 1149 1051|0.001 -0.040340960347162724 -0.01126433160413498 0.05914366287745665
1305 125 1768 1768 1061 1679 1768 1225 1444 153 1768 1858 1458 2127|0.001 -0.015601138201504217 0.04390180317251913 0.026959501654653106
13435 1225 14142 14142 10440 11554 14142 8000 8485 9798 14142 13472 10198 13454|0.001 -0.11130643666666384 0.0002311169974711369 -0.058532119772806146
848 1224 106 1163 734 1224 1224 904 692 1224 87 1288 1473 1009|0.001 -0.08729663638890939 -0.08186839951028868 0.05945310280202065
91 1053 74 777 860 1053 1053 632 729 1053 595 1055 1001 1108|0.001 -0.029891133358432853 -0.18547635342870183 -0.001551991538889519
1853 1875 2483 1443 866 3248 4330 816 2153 1531 2483 1477 1658 2808|0.001 -0.06310494181073101 -0.026815442086322028 -0.05210472836196134
1732 816 2309 1324 988 1148 1324 533 462 435 770 2449 1782 1285|0.001 -0.015066098429505903 0.011763996172031721 0.0322878444829966
581 1000 1744 616 329 403 755 867 349 746 1308 1419 1219 479|0.001 0.026492825423809485 0.012355215435069233 -0.02192751602887788
1720 3000 1720 566 693 1299 1061 600 1284 2250 1492 2441 825 1023|0.001 -0.07214663541073363 -0.02355113868144576 -0.03226135341950376
471 1333 577 570 663 765 765 267 251 444 308 1106 742 626|0.001 -0.026438732378495367 0.021874558871857186 0.03490832664536425
379 1153 711 1508 402 670 2011 860 464 1153 871 945 1304 770|0.001 0.03565798649868057 0.021058556160473696 -0.03135656224545258
1860 3750 1362 1333 1333 2500 2500 1000 2486 3750 2139 2791 1667 3553|0.001 -0.10262681097712889 -0.02791288233372491 -0.03202830576306548
1021 1875 1604 750 750 2812 2812 1000 1395 1875 1865 1081 1250 2094|0.001 -0.030122535418757312 -0.0170445585181489 -0.10608244271000711
2139 3750 2486 1333 1333 2500 2500 1000 1362 3750 1860 2783 1667 1441|0.001 0.02742592525765586 0.015852158215443612 -0.012842725658230858
1865 1875 1395 750 750 2812 2812 1000 1604 1875 1021 2665 1250 2087|0.001 -0.019531574982916133 -0.0213203392791661 -0.10238216199823014
734 1366 2754 1836 979 979 1836 1571 734 1826 2754 1646 1058 1224|0.001 0.027386439245196126 0.004673047571723821 -0.03567919375407125
667 1000 667 363 496 663 570 267 356 267 356 1202 598 512|0.001 -0.027482582911991793 0.02714448041324813 0.037133068008285974
623 637 1169 1753 467 467 1753 1162 623 869 1169 1552 1301 779|0.001 -0.002249482629564925 0.02823908187576496 0.003357731461475222
1500 1000 1500 856 545 744 994 533 400 533 400 1803 1328 896|0.001 -0.0046796438621421466 0.01530326827819728 0.008572199418537263
402 860 1508 1006 536 536 1006 748 402 548 1508 1304 1429 670|0.001 0.03194287300961829 -0.0011182954821364888 -0.04062875570661206
667 1000 667 663 570 363 496 267 356 267 356 1202 865 885|0.001 0.010223373778228684 0.028611472787665182 -0.01386152877047353
717 1337 1344 2016 538 538 2016 732 717 1150 1344 1032 1501 896|0.001 0.04683708376486129 0.015600530116366418 -0.046502529938445836
1500 1000 1500 744 994 856 545 533 400 533 400 1803 767 1297|0.001 -0.044902685511404306 0.0004997033471432211 0.01645024124584671
625 1000 625 433 433 433 433 500 125 500 125 1179 829 515|0.001 -0.03336667270712912 0.009315627332449061 0.02597991035316438
1155 1000 2309 1443 289 289 1443 1000 1155 1000 2309 1915 1190 1190|0.001 0.027525797036473953 0.022072808865998272 -0.030716859553718834
1600 1000 1600 693 693 693 693 200 800 200 800 1887 825 1327|0.001 -0.03852642176933707 0.012830889167834147 0.034330782555060946
289 1000 1443 2309 1155 1155 2309 1000 289 1000 1443 1190 1915 1190|0.001 0.02917224096476101 0.012494088428318673 -0.021892495963306002
625 1000 625 433 433 433 433 500 125 500 125 1179 829 515|0.001 -0.03318678433577693 0.007733583558808821 0.03146989226251007
1155 1000 2309 1443 289 289 1443 1000 1155 1000 2309 1915 1190 1190|0.001 0.03542083201105717 0.014049751638278707 -0.03976934694417178
1600 1000 1600 693 693 693 693 200 800 200 800 1887 825 1327|0.001 -0.03782943906118774 0.007902763925633494 0.030928452973730813
289 1000 1443 2309 1155 1155 2309 1000 289 1000 1443 1190 1915 1190|0.001 0.02362126595669478 0.010587587124917253 -0.027076008238693383
866 2000 866 250 250 1250 1250 1000 866 2000 866 1658 1031 1031|0.001 -0.05276715769250595 -0.031378968224131665 -0.17931816387722455
3464 5000 3464 4000 4000 8000 8000 1000 3464 5000 3464 4123 4123 6633|0.001 -0.15616812514504752 -0.029805689453377138 -0.07349597655335716
866 2000 866 250 250 1250 1250 1000 866 2000 866 1658 1031 1031|0.001 -0.06438518824142925 -0.023423060713043675 -0.13597414006996544
3464 5000 3464 4000 4000 8000 8000 1000 3464 5000 3464 4123 4123 6633|0.001 -0.1603600007054673 -0.02657529441869033 -0.048172637888487246
2637 1875 3041 1768 1061 3977 5303 1225 2269 2296 3041 2491 1458 2951|0.001 0.0024896583272004946 -0.02426867989245962 -0.10029005504289312
2121 1225 2828 1622 1406 1210 1622 533 566 653 943 2345 1978 1834|0.001 -0.009109522710225582 0.013191713369420377 0.0268783195513822
581 1000 1744 755 403 329 616 746 349 867 1308 1419 1346 668|0.001 0.03075896977025039 0.012088887170962348 -0.01911774263631094
1720 3000 1720 693 566 1061 1299 600 1492 2250 1284 2441 1149 1409|0.001 -0.06895784184490217 -0.031232413848775176 -0.05943270006243617
577 1333 471 663 570 765 765 267 308 444 251 1414 865 455|0.001 -0.02532819183637236 0.015601141629872917 0.026836336644309178
540 1340 1012 1753 467 779 2337 1162 441 1340 826 797 1301 642|0.001 0.027218696357791394 -0.008934887912132039 -0.0444571299338925
1362 3750 1860 1333 1333 2500 2500 1000 2139 3750 2486 2241 1667 3320|0.001 0.04802352193785886 0.03034130162954618 0.004444879166187743
1395 1875 1865 750 750 2812 2812 1000 1021 1875 1604 1439 1250 1681|0.001 -0.06878038251221352 -0.03422074704009015 -0.11840862935619922
2486 3750 2139 1333 1333 2500 2500 1000 1860 3750 1362 3243 1667 1918|0.001 -0.15034240432075907 -0.03989225857590095 -0.06348178583192254
1604 1875 1021 750 750 2812 2812 1000 1865 1875 1395 2490 1250 2432|0.001 -0.031696590042126216 0.014865392775307296 0.040992943759508016
538 732 2016 1344 717 717 1344 1337 538 1150 2016 1501 1032 896|0.001 -0.012703057074502366 0.010044706447176477 -0.0023596909441336855
667 1000 667 496 363 570 663 267 356 267 356 1202 744 384|0.001 -0.0013698091894764897 0.00418483859093044 -0.01655245276079298
536 748 1006 1508 402 402 1508 860 536 548 1006 1429 1304 670|0.001 -0.007234041928195767 0.0032348704157381114 -0.007260219544178437
1500 1000 1500 994 744 545 856 533 400 533 400 1803 1421 1117|0.001 -0.0102064223892262 0.011129679656409763 0.012182618171392434
467 1162 1753 1169 623 623 1169 637 467 869 1753 1301 1552 779|0.001 -0.015784456308415296 0.010220121971866725 0.0026949290689692873
667 1000 667 570 663 496 363 267 356 267 356 1202 742 948|0.001 0.011865187595978544 0.022069165794691425 -0.023318749198641964
979 1571 1836 2754 734 734 2754 1366 979 1826 1836 1058 1646 1224|0.001 -0.011025227367690293 0.01601849702096647 0.00017769608152917726
1500 1000 1500 545 856 994 744 533 400 533 400 1803 576 1113|0.001 -0.03668964891921478 0.006425527795625996 0.033849667424368235
493 188 816 1443 289 72 289 1000 493 188 816 976 1190 514|0.001 0.06276171758429872 0.003745080270942669 -0.059955480631872504
385 1000 1540 4355 2632 2632 4355 5333 1540 5333 7698 1262 3079 2742|0.001 0.26572423753581154 0.0654640636101056 0.015111146852166968
1225 604 230 354 1768 354 88 1000 1225 604 230 707 1275 1458|0.001 -0.06078857393872705 -0.21300620467974318 0.4430139929538379
1768 1000 354 230 1225 1225 230 604 354 604 88 1275 707 1458|0.001 -0.008651761439426586 0.04035620326013234 0.15424655518258445
650 250 650 2828 2828 1709 1709 5000 3464 1000 3464 820 3606 2000|0.001 0.22055577276116178 0.3799411054490309 0.0676416048677475
566 200 566 693 693 130 130 200 342 50 342 721 825 676|0.001 -0.03734649962463421 0.02289582450627048 0.01766057806453558
1709 250 1709 3464 3464 650 650 5000 2828 1000 2828 1781 4123 2000|0.001 0.19616677742815725 -0.08259699049186775 -0.03367366789700621
2598 4000 2598 6837 6837 11314 11314 4000 13856 20000 13856 3279 7124 13519|0.001 -1.095751981305434 -0.33213200197395043 0.005067150255491093
585 1000 146 380 2027 2027 380 1655 2925 1655 585 1042 1977 2412|0.001 0.0376445941905601 -1.1229531490842082 0.10267087043423384
1540 1000 385 2632 4355 4355 2632 5333 7698 5333 1540 1262 5203 5551|0.001 -0.18928968648003974 -1.2206100171918866 -0.1069433477818782
2027 1655 380 146 585 2925 585 1000 2027 1655 380 1977 1042 2412|0.001 -0.03955291931576177 -0.18676107651137808 -0.7077994885336336
816 188 493 289 1443 289 72 1000 816 188 493 577 1190 1041|0.001 0.04982414146459391 -0.08188519910902747 0.41168382909614776
187 921 1000 2828 1414 1149 1414 1000 187 921 1000 1106 2236 1288|0.001 0.029832445640158856 0.009170089629302325 -0.03238105567747951
354 500 354 354 354 326 326 500 66 406 66 791 791 391|0.001 -0.03938571887894482 0.006247082226797929 0.033927912019064976
1248 1000 1536 1086 204 204 1086 1086 1536 1086 3072 1708 1086 1399|0.001 0.034483090658958826 0.034195866513178075 -0.03814862439281641
2828 1000 1414 921 1000 1000 921 187 1414 187 1149 2236 1000 2236|0.001 -0.025265724805455525 0.0486905850276087 0.022631722958090794
5333 5333 4910 6128 7542 15085 7542 1000 5333 5333 4910 5897 6872 11926|0.001 -0.19055393414968202 -0.030239583196001174 -0.08032248089234195
801 1231 801 163 163 870 870 1231 870 2462 870 1368 1121 962|0.001 -0.09920167411076375 -0.03406281526851296 -0.18929440022620647
187 921 1000 2828 1414 1282 2121 1000 230 604 1225 1106 2236 1295|0.001 0.03530889920817515 0.01064688102946132 -0.03539616232051235
354 750 433 354 354 326 214 500 66 453 81 1061 791 391|0.001 -0.03845478683482506 0.007969216508536547 0.025609954000012092
1392 656 2304 1086 204 249 1330 1086 1536 1086 3072 2253 1086 1549|0.001 0.0320255668623215 0.02382391793541272 -0.035058264808843775
2309 816 1732 493 816 816 752 188 1155 153 1046 1915 577 1826|0.001 -0.03271647677251521 0.022719636672881016 0.027940769334870996
4355 5333 2632 5581 6158 12317 9238 816 4355 4355 4009 5203 5640 9737|0.001 -0.19639675693631453 -0.03353222480618312 -0.07713795891962305
472 1655 718 146 179 956 780 1103 780 2207 780 1196 1113 932|0.001 -0.0820618315574706 -0.032278249237591705 -0.1902995468631219
3000 1000 3000 1061 1336 1336 1061 188 1500 188 1500 3162 1077 2507|0.001 -0.040542436506815216 0.016123176296365394 0.03666330591446387
177 1260 943 2828 1414 1414 2828 1000 177 1260 943 1016 2236 1425|0.001 0.03691048946669495 0.010921834310242406 -0.033757692752506285
1414 1000 2828 943 177 177 943 1260 1414 1260 2828 2236 1016 1425|0.001 0.036901808824363336 0.01654350184731257 -0.040579806808793695
333 1000 333 354 354 445 445 500 62 500 62 1054 791 359|0.001 -0.034227144879043214 0.010760115536128101 0.03712798237496928
707 2000 707 125 125 667 667 1000 891 2000 891 1581 1008 972|0.001 -0.06823145549962994 -0.03706498685856374 -0.21861044545077535
7126 5333 5657 8000 8000 16000 16000 1000 7126 5333 5657 7775 8062 13371|0.001 -0.21927078708897985 -0.03743659560647816 -0.06857720776999088
333 1000 333 445 445 354 354 500 62 500 62 1054 836 486|0.001 -0.03448142824180489 0.010624259861766738 0.03674497983633174
1123 1000 2245 748 140 140 748 794 1123 794 2245 1876 1091 1131|0.001 0.03723420254891252 0.01566452875343849 -0.04090311125344637
3000 1000 3000 1336 1061 1061 1336 188 1500 188 1500 3162 1458 2372|0.001 -0.04136350114724241 0.015823789968438806 0.03760387184020386
140 794 748 2245 1123 1123 2245 1000 140 794 748 1091 1876 1131|0.001 0.036408115184760614 0.010806700219463394 -0.034013852333921735
5657 5333 7126 8000 8000 16000 16000 1000 5657 5333 7126 5745 8062 12649|0.001 -0.22053435158667645 -0.037394768409250156 -0.06866776389325757
891 2000 891 125 125 667 667 1000 707 2000 707 1671 1008 718|0.001 -0.06868550735746104 -0.03717741551078735 -0.21858718034525326
507 682 507 455 455 1364 1364 1000 507 682 507 969 1098 937|0.001 0.035563440939454516 -0.005697596082493428 -0.08713847250394369
1116 3000 1116 2200 2200 1500 1500 1000 1116 3000 1116 2060 2417 2132|0.001 -0.001406758311306433 0.01644039545287246 -0.0090241274828462
507 682 507 455 455 1364 1364 1000 507 682 507 969 1098 937|0.001 -0.019130132425185797 0.0437110019160758 0.05905552333993702
1116 3000 1116 2200 2200 1500 1500 1000 1116 3000 1116 2060 2417 2132|0.001 -0.08959049637867089 -0.020365938270082706 0.02110868681688638
1972 1000 1344 2689 896 896 2689 1000 1972 1000 1344 1911 1847 2166|0.001 0.006789851696273885 0.0008488367982417699 -0.022720364585853137
2000 1000 2000 744 744 744 744 1467 667 1467 667 2236 1421 1374|0.001 -0.020860355042133794 0.013666094605926382 -0.00996291153510187
896 1000 2689 1344 1972 1972 1344 1000 896 1000 2689 1847 1911 2166|0.001 -0.017762378226438003 0.008498389465045886 -0.03140520338296704
500 1000 500 372 372 372 372 333 733 333 733 1118 687 711|0.001 0.00437478576084116 0.03130724689455855 -0.025751144214796184
1972 1000 1344 2689 896 896 2689 1000 1972 1000 1344 1911 1847 2166|0.001 0.05344411404036853 -0.05125602712879318 -0.06543646289095206
2000 1000 2000 744 744 744 744 1467 667 1467 667 2236 1421 1374|0.001 0.0511625447739128 0.02349613493158431 0.021223581090645816
896 1000 2689 1344 1972 1972 1344 1000 896 1000 2689 1847 1911 2166|0.001 0.03458819817438785 0.029173928759897994 0.09682963986937576
500 1000 500 372 372 372 372 333 733 333 733 1118 687 711|0.001 -0.0571329769290585 -0.05002199108753547 0.03937238202549764
1075 1875 625 573 573 1075 1075 333 947 625 802 1976 814 1104|0.001 0.012090674443643312 0.013990232618372733 -0.017938599482397732
1652 1875 1875 1744 581 1090 3269 1000 1398 1875 1090 1925 1419 1304|0.001 -0.002114693265414802 -0.004774610565779769 -0.02038993238129505
581 1000 1744 1000 881 745 581 533 310 533 930 1419 1338 1099|0.001 0.0019594287237345576 0.010965385203536293 0.022742736853620382
1600 1720 3000 1720 918 918 1720 1282 533 1516 1000 1887 1357 1302|0.001 0.016218629733588674 0.01174516016602345 -0.012310242046400521
1720 3000 1720 1516 1282 1000 1720 533 918 1600 918 2441 1892 1990|0.001 -0.08451820337675442 -0.01015771977878388 0.04501381485125577
716 780 1342 780 416 1248 2339 1182 716 1342 1342 1552 933 1015|0.001 0.014390663700167838 -0.005957907830757003 -0.05974084056758033
2746 4615 3915 1923 1923 2885 2885 1000 3380 4615 4383 3163 2168 4974|0.001 -0.22154032932665602 -0.0411021193475225 -0.026719550082341392
2036 1500 2279 520 520 2400 2400 1000 1428 1500 1757 1883 1127 1645|0.001 -0.025976437827919252 -0.04272738677983723 -0.22995114540788397
4383 4615 3380 1923 1923 2885 2885 1000 3915 4615 2746 5097 2168 3620|0.001 -0.21533561094016385 -0.038551680511650366 -0.0232680200772184
1757 1500 1428 520 520 2400 2400 1000 2279 1500 2036 2586 1127 2650|0.001 -0.02955073559207988 -0.038747237214664665 -0.2102451936777694
255 701 1179 737 491 491 737 1120 255 863 1179 1201 925 554|0.001 0.04108334698347038 0.016198757780814255 -0.01670550669467752
625 1000 625 848 595 732 950 217 417 217 417 1179 1018 500|0.001 -0.051548170270616644 -0.0017291905005323294 0.04298509494446101
439 893 658 1053 228 228 1053 771 439 626 658 1301 1163 495|0.001 0.04094420340632343 0.0016779891502416433 -0.04873956569353188
1600 1000 1600 1519 1357 952 1172 667 347 667 347 1887 1977 1630|0.001 -0.017401242145318463 0.0160559913834879 0.04215015260020216
296 1297 1366 853 569 569 853 812 296 1158 1366 1102 1472 641|0.001 0.041084325990417 0.017871161322451368 -0.010866767313705283
625 1000 625 732 950 848 595 217 417 217 417 1179 807 1236|0.001 -0.05034753796052671 0.001666064666754341 0.043975302363157276
700 1231 1051 1681 364 364 1681 1426 700 1596 1051 840 1152 789|0.001 0.04003550295143654 0.004996451176331185 -0.04768824237880609
1600 1000 1600 952 1172 1519 1357 667 347 667 347 1887 800 1292|0.001 -0.014381154493376958 0.01669678295479926 0.038064162051067996
3915 4615 2746 1923 1923 2885 2885 1000 4383 4615 3380 4701 2168 5703|0.001 -0.2364414498653844 -0.04422079038034599 -0.0258231098978845
1428 1500 1757 520 520 2400 2400 1000 2036 1500 2279 1199 1127 2444|0.001 -0.026835338776312057 -0.041634797589600314 -0.22550293452757608
3380 4615 4383 1923 1923 2885 2885 1000 2746 4615 3915 3726 2168 2307|0.001 -0.2215312001540659 -0.04024607231981059 -0.025980774339776636
2279 1500 2036 520 520 2400 2400 1000 1757 1500 1428 2966 1127 1938|0.001 -0.022923836546675513 -0.0429876169543808 -0.23196648143006482
364 1426 1681 1051 700 700 1051 1231 364 1596 1681 1152 840 789|0.001 0.04145529814047144 0.01676094172011977 -0.015099532857009157
625 1000 625 595 848 950 732 217 417 217 417 1179 685 784|0.001 -0.04865087563629911 0.003709238257842973 0.041115570077581154
569 812 853 1366 296 296 1366 1297 569 1158 853 1472 1102 641|0.001 0.04288853221517286 0.0028161903256251897 -0.04972003402171299
1600 1000 1600 1172 952 1357 1519 667 347 667 347 1887 1724 1096|0.001 -0.015987669164743146 0.016267525386068904 0.04210161681653224
228 771 1053 658 439 439 658 893 228 626 1053 1163 1301 495|0.001 0.04086713851262358 0.015858585717019036 -0.018096436516303882
625 1000 625 950 732 595 848 217 417 217 417 1179 1104 1078|0.001 -0.046295494631308776 0.0029084644764032497 0.03826470803913962
491 1120 737 1179 255 255 1179 701 491 863 737 925 1201 554|0.001 0.040213573552256854 0.0005186976793081222 -0.04822959603489885
1600 1000 1600 1357 1519 1172 952 667 347 667 347 1887 1255 1767|0.001 -0.015121926991784607 0.016663603726239096 0.0379097096536718
581 1000 1744 581 745 881 1000 533 310 533 930 1419 789 695|0.001 0.0038660695871817197 0.01657501525325067 0.031023621042083338
930 581 1744 1000 533 533 1000 881 310 745 581 1838 1338 757|0.001 0.05098433800699853 0.014804235185776893 -0.016909759548536796
625 1875 1075 573 573 1075 1075 333 802 625 947 1179 814 1244|0.001 -0.023857047556906652 -0.010849202337562813 -0.005893453131697868
1398 1875 1090 1744 581 1090 3269 1000 1652 1875 1875 2169 1419 2061|0.001 0.010170600616759007 -0.014079297793812007 -0.04417389648762038
1720 3000 1720 1282 1516 1720 1000 533 918 1600 918 2441 1196 1766|0.001 -0.06945916242603989 -0.00963947419172051 0.02607575936078188
605 1135 1135 660 352 1055 1979 846 605 660 1135 1165 1248 859|0.001 0.029220721396061577 -0.00760005516751594 -0.06477280604759605
2746 4615 3915 2731 2731 4615 4615 1000 4383 4615 5196 3163 2908 6980|0.001 -0.16361564788557992 -0.03246456166478895 -0.042960384191371714
1434 1690 1903 366 366 1690 1690 1000 1006 1690 1605 1216 1065 1158|0.001 -0.03338039842272322 -0.03449813010653946 -0.1940035647013072
5196 4615 4383 2731 2731 4615 4615 1000 3915 4615 2746 5811 2908 3320|0.001 -0.12655685446074094 -0.021560209222696303 -0.042977406375395155
1605 1690 1006 366 366 1690 1690 1000 1903 1690 1434 2556 1065 2128|0.001 -0.04358096264105771 -0.023351786166806443 -0.13499145953030256
255 701 1179 1179 698 698 1179 1327 255 1120 1179 1201 848 743|0.001 0.02257763575920224 0.013890594305194792 -0.014423664118896617
1000 1000 1000 848 595 950 1126 217 592 217 592 1414 1018 390|0.001 -0.0356129126942506 0.0063330073875511594 0.029173358805132388
526 753 888 888 192 192 888 844 526 528 888 1447 1118 560|0.001 0.018525574983678794 0.018332518323538327 -0.024518847407530853
1000 1000 1000 1126 848 595 950 592 217 592 217 1414 1629 1018|0.001 -0.037257032198113604 0.005818509387576221 0.014389652967536914
228 1185 1053 1053 623 623 1053 626 228 893 1053 1062 1593 664|0.001 0.014086244312749852 0.009392365224814014 -0.0290007218462196
1000 1000 1000 950 1126 848 595 217 592 217 592 1414 1009 1629|0.001 -0.022913466335751087 0.024615614289120735 0.019564727242238344
994 1596 1681 1681 364 364 1681 1426 994 1892 1681 655 1152 1059|0.001 0.024771482744627704 0.015192656681710659 -0.029698068901657937
1000 1000 1000 595 950 1126 848 592 217 592 217 1414 390 1009|0.001 -0.02439929684254105 0.011597584034166442 0.03290863896623586
467 961 1000 1744 581 39 581 1000 467 961 1000 1238 1419 490|0.001 -0.04295956563722059 0.014121069255510488 0.035018875672079286
573 333 573 573 573 551 551 333 268 22 268 814 814 710|0.001 0.04653575850438241 0.00994356059078827 -0.05420109923238714
24808 15000 24808 12043 12043 25807 25807 15000 25807 45000 25807 25109 12651 31954|0.001 0.7466269534180814 0.025378954855299618 -0.03435993406597393
40 1000 605 1040 485 485 1040 1040 605 1040 1814 1012 1197 510|0.001 -0.03393202158235464 -0.04628235910011935 0.010767051702342822
1744 1000 581 961 1000 1000 961 467 581 467 39 1419 1151 1419|0.001 0.031288572424725825 -0.03392071073623604 -0.056901298698130987
2143 2143 2060 83 1246 3737 1246 1000 2143 2143 2060 2653 1050 3041|0.001 0.039334275941829144 0.05625141940065248 2.1948809950100667
144 927 269 2032 271 68 1651 1000 144 927 269 1095 1245 197|0.05 0.03655566116174569 0.013980447643093807 -0.04274220741250612
133 812 133 492 492 456 456 133 71 33 71 911 613 539|0.05 -0.04605121648572297 0.010941374470374576 0.04014507278889079
13687 24375 13687 2121 2121 3977 3977 4000 14765 30000 14765 14550 2915 16171|0.05 -1.3373364080381622 -0.038309155033142694 -0.058671796279508026
73 1000 1781 291 155 155 291 1079 292 1079 2192 1063 926 213|0.05 0.04215155841625462 0.010097575414991233 -0.030935484603163976
7542 1000 6128 3441 3712 3712 3441 533 1006 533 251 6872 3187 4622|0.05 -0.03186627749289683 0.010459916487830512 0.04001758611714035
6960 1875 6452 471 1886 14142 11490 1000 6960 1875 6452 7623 1374 8667|0.05 -0.06432635451291246 -0.034629447708492966 -1.2200227030087274
625 1000 625 354 433 433 354 750 125 750 125 1179 829 515|0.05 -0.005093501666861844 0.018065024220323966 0.014270256795705372
2121 1225 2828 1768 354 354 1768 1000 2121 1225 2828 2345 1275 2151|0.05 0.037593412971130835 -0.002155323421131339 -0.04869226083616063
1600 1000 1600 693 693 566 566 200 1200 200 1200 1887 825 1697|0.05 -0.021233909268697504 0.03060852591777019 0.017022781055791025
289 1000 1443 2309 1732 1732 2309 816 289 816 1443 1190 2449 1756|0.05 0.03316440247874919 0.01315901431385269 -0.015530473566911507
625 1000 625 433 354 354 433 750 125 750 125 1179 1061 451|0.05 -0.028180526736537592 0.01113419698995255 -0.029943871743656203
1732 816 2309 1443 289 289 1443 1000 1732 816 2309 2449 1190 1756|0.05 -0.01047120320838979 0.04567955153532033 0.002985052023236623
1600 1000 1600 566 566 693 693 200 1200 200 1200 1887 721 1327|0.05 -0.03244529682593922 0.019402736360929485 0.023343441162126943
354 1000 1768 2828 2121 2121 2828 1225 354 1225 1768 1275 2345 2151|0.05 0.05269142878168598 0.016658011728913902 -0.0104023930324193
577 1333 471 167 167 833 833 1000 577 1333 471 1414 1014 687|0.05 -0.03911632407050836 -0.01163299683480723 -0.1012049447041008
3464 5000 3464 6000 6000 8000 8000 1000 2828 5000 2828 4123 6083 6633|0.05 -0.31290920172143855 -0.05250475584475778 -0.001063412748918413
471 1333 577 167 167 833 833 1000 471 1333 577 1106 1014 601|0.05 -0.016926579511420403 -0.019452546440237306 -0.14979600236768031
2828 5000 2828 6000 6000 8000 8000 1000 3464 5000 3464 3606 6083 8485|0.05 -0.16166674311625884 -0.030934536791004108 -0.037649770311268815
566 200 566 566 566 521 521 200 106 50 106 721 721 625|0.05 0.012158974294500524 0.013272539236806047 -0.027664009818652024
187 921 1000 1768 354 88 354 1000 187 921 1000 1106 1275 258|0.05 -0.051074387199310234 0.00982118237681906 0.026561789730508156
1768 1000 354 921 1000 1000 921 187 354 187 88 1275 1000 1275|0.05 0.033009676018780354 0.01597042832715667 -0.040926992343255364
5333 5333 4910 471 1886 9428 1886 1000 5333 5333 4910 5897 1374 6799|0.05 0.16429778176499932 0.04426636931441408 0.4374396367741995
10416 4000 10416 2121 2121 11314 11314 4000 11314 20000 11314 10607 2915 12510|0.05 0.3692377787665557 0.026968389262471693 0.10333428165192782
96 1000 384 1086 204 204 1086 1086 384 1086 1920 1018 1086 280|0.05 -0.05379009595972928 0.03863819763737064 0.04547215492654466
1299 817 693 566 1061 641 342 738 244 720 130 1090 791 1267|0.05 0.0247945949717554 0.03614830403754876 0.07753712377388755
1437 1355 766 176 330 1760 938 975 868 1107 463 1972 977 1016|0.05 -0.015655679450580218 -0.010032958328383135 -0.20858101777898375
629 533 770 816 493 263 435 188 554 100 568 1162 976 791|0.05 -0.05140455218028639 -0.03409881032194639 0.059639371092461424
380 1655 2027 2390 2106 2159 2925 1875 712 3103 3800 1170 2203 2279|0.05 0.052072459876182364 0.023367460746648305 -0.012350896810260359
4355 5333 2632 5543 5683 7698 6289 1875 8165 10000 4934 5203 5997 11208|0.05 -0.4872374756801334 -0.073147495680419 0.032401600334222014
1123 533 1275 2027 380 203 1081 1655 1152 882 1560 1604 1170 1125|0.05 -0.02039473798404856 0.05022811322049181 -0.013060198505191467
371 682 371 273 273 1023 1023 1000 507 682 507 905 1037 761|0.05 -0.0349109515717938 0.044295432373593346 0.06662578528936924
1362 3750 1860 3667 3667 2500 2500 1000 1362 3750 1860 2241 3801 3320|0.05 -0.17799116580454744 -0.0293650304898474 0.03540371764208183
507 682 507 273 273 1023 1023 1000 371 682 371 969 1037 611|0.05 -0.0068118949268292095 -0.014618706301705586 -0.07844041402720103
1860 3750 1362 3667 3667 2500 2500 1000 1860 3750 1362 2791 3801 3553|0.05 -0.0014157911118573008 0.027244602051987865 -0.0018896670968382434
2693 1000 1836 2754 734 734 2754 1366 2693 1366 1836 2438 1646 2791|0.05 -0.010287173570335817 0.01904284751387486 -0.011828106442305364
1500 1000 1500 545 545 744 744 1467 400 1467 400 1803 1328 896|0.05 0.042031246348628315 0.022433193206385926 0.021879408807030654
538 732 2016 1344 1972 1972 1344 1000 538 732 2016 1501 1911 2044|0.05 0.03308843434185027 0.019484237965470275 0.03913683182343641
667 1000 667 496 363 363 496 267 978 267 978 1202 744 885|0.05 0.002828053172418965 0.027685094146379097 -0.020812058895915975
1972 1000 1344 2016 538 538 2016 732 1972 732 1344 1911 1501 2044|0.05 0.04991597321806651 -0.04578114052261606 -0.06669788854844705
1500 1000 1500 744 744 545 545 1467 400 1467 400 1803 1421 1117|0.05 0.0302088981805948 0.024423600746730223 -0.007449344407780556
734 1366 2754 1836 2693 2693 1836 1000 734 1366 2754 1646 2438 2791|0.05 0.004788306156973121 0.024959964565234305 0.023009928594257545
667 1000 667 363 496 496 363 267 978 267 978 1202 598 948|0.05 -0.05338132016818209 -0.08775564843558237 0.028303660767483585
1155 1000 2309 816 493 493 816 188 938 188 1155 1915 976 1152|0.05 -0.06564684968078494 -0.006625563727744588 0.055624539352903124
1414 1000 2828 1225 230 230 1225 604 1149 604 1414 2236 1195 1295|0.05 0.0575452934088827 -0.00793932716078416 -0.06761056759096218
707 2000 707 162 162 866 866 812 427 1000 427 1581 916 500|0.05 0.01812003078264457 -0.061278269136885166 -0.36681987927702275
2632 5333 4355 6158 5004 6158 12317 1000 2632 5333 4355 3079 5640 6143|0.05 -0.3894167063415932 -0.0651262943630837 0.022460917798607927
866 2000 866 427 427 707 707 812 162 1000 162 1658 998 500|0.05 0.02190016566794295 0.020559988468928925 0.061144702098265835
380 1655 2027 2340 1901 2340 4680 1000 380 1655 2027 1170 2334 2143|0.05 0.05499653373309821 0.019819551767330523 0.016584164499455767
354 1000 1768 1225 230 187 1000 604 221 921 1061 1275 1195 400|0.05 -0.02388508665385869 0.004667163374751926 0.007157829000330462
566 600 693 566 566 521 342 200 106 125 130 1149 721 625|0.05 -0.009609823612434232 0.000718601016092002 -0.001953100532265939
2828 5000 2828 650 530 2828 3464 625 2604 3000 1709 3606 1132 2828|0.05 -0.01973507381509587 -0.006138357184229948 -0.09053639336393582
4910 5333 5333 1886 1179 5657 9428 1225 3223 6532 5333 5333 1546 3667|0.05 0.036123209183780425 0.018940054832645714 0.018346565448073004
187 921 1000 1768 354 221 1061 1000 230 604 1225 1106 1275 290|0.05 -0.030463279527132014 0.012304824309099516 0.011736683815115612
1061 1225 1768 1000 921 604 1000 187 221 230 354 1458 1106 1100|0.05 -0.004515090446808312 0.0057289184590825215 -0.006414686204340159
1443 816 866 493 816 816 752 188 289 153 180 1190 577 1041|0.05 0.021655325710290274 0.0114700678298707 -0.030673613396864363
380 1655 2027 1755 366 585 2925 1523 310 1655 1655 1170 1138 480|0.05 0.0112576729334668 0.015599797181704567 -0.0031264499648075983
4355 5333 2632 962 1540 7698 4619 816 4355 4355 4009 5203 1262 5551|0.05 0.09994617153524565 0.023921263891055755 0.013293432065268895
2735 4800 4167 849 1039 5543 4525 1600 4525 8000 4525 3111 1811 5407|0.05 0.16523333049465405 0.021614813954187184 -0.001311680130124948
1155 1667 943 868 570 943 943 208 217 333 177 1915 1037 667|0.05 -0.004684700186846635 0.01518721748689833 0.015043203023803464
240 656 1152 1086 204 249 1330 1086 384 1086 1920 1194 1086 435|0.05 -0.03124560769190654 0.0186004470808121 0.031694201335810135
629 533 770 1443 289 828 1443 1000 629 533 770 1162 1190 797|0.05 0.09955002803071267 -0.037284039646181544 -0.10571665013976772
1552 1000 2706 1443 1179 1179 1443 1875 541 1875 2706 2280 1573 1493|0.05 0.18916722859431134 0.02761877672023516 0.03952160466678567
1875 1000 1875 693 1299 1299 693 817 375 817 1075 2125 1090 1546|0.05 0.04243593066262763 0.028988062875259235 0.19641602536984104
533 1000 533 693 693 370 370 200 436 573 436 1133 825 805|0.05 -0.1004543686968673 -0.05485895036738242 0.08804701439487417
644 1744 644 760 760 930 930 349 1208 1744 1208 1470 963 1405|0.05 -0.17782621159006973 -0.12574044352854807 0.05199769792624487
1590 1224 848 1316 459 2295 2295 1000 1590 1224 848 1848 1266 1892|0.05 0.04713209691365794 -0.13026055604453468 -0.17882974763375303
696 533 943 1225 230 122 653 604 679 322 770 1373 1195 734|0.05 0.07603796051427691 -0.041911170772162 -0.06527375539943092
2632 5333 4355 5683 5543 6289 7698 1875 4934 10000 8165 3079 5551 7914|0.05 -0.3300202109791961 -0.03946257521787566 0.00925847322911455
230 604 1225 1768 1305 1273 1444 1875 431 1133 2296 1195 1398 1275|0.05 -0.016305130394947964 0.023469074536228707 -0.024756761565640772
770 533 629 493 816 435 263 188 568 100 554 839 577 1121|0.05 -0.028815904914228918 0.013716174217872634 0.011402571799556949
890 1135 475 180 338 1804 962 1025 1473 1389 786 1428 1082 1760|0.05 0.04762415596809566 -0.09793286075903351 -0.619974395784596
1590 1224 848 418 785 1298 692 881 298 904 159 1848 922 918|0.05 0.004301342601860103 0.02872206317385606 0.060672106110182256
1061 1116 566 566 1061 977 521 738 199 774 106 1458 791 1173|0.05 -0.05005929457810754 0.013806235969449077 -0.07466754513866802
1437 1355 766 144 269 1437 766 1049 1323 1511 705 1972 1119 1437|0.05 0.029743771874453095 -0.07279591852028977 -0.4954452979107038
1052 533 943 1000 921 491 533 188 730 100 696 1083 1106 1488|0.05 0.0007450764406491395 0.030223726952924856 -0.03515366032786127
204 1086 1086 2142 1487 1417 1920 1875 382 2037 2037 1086 1169 1363|0.05 0.0575397136008271 0.014944922467123867 -0.02117871514648595
5333 5333 4910 7300 6960 9428 10520 1875 10000 10000 9207 5897 6692 13728|0.05 -0.18842443981440415 -0.016847058620560462 -0.03940515358992425
793 533 1143 1086 204 109 579 1086 756 579 1024 1616 1086 846|0.05 0.052402585327302464 -0.03897574928919734 -0.047008500586251944
696 533 943 1000 188 100 533 921 645 491 696 1373 1106 762|0.05 -0.010769020931981066 0.03818624238517199 -0.017205290090002157
4910 5333 5333 6960 6452 6960 9428 1875 9207 10000 10000 5333 5976 10072|0.05 -0.12162180708104153 -0.005176569067630865 -0.050693142520927825
187 921 1000 1768 1305 1210 1305 1875 352 1726 1875 1106 1398 1120|0.05 0.0118009942527042 0.02938335497516542 -0.0068183542747002335
943 533 696 921 1000 533 491 188 696 100 645 745 1000 1373|0.05 -0.05105361884495174 -0.00016678303683126394 0.048574798162004384
1427 1079 761 155 291 1550 827 1079 1550 1461 827 1561 1182 1714|0.05 -0.02602450140550161 -0.047518005914231054 -0.3372039515224967
1437 1355 766 705 1323 1437 766 927 269 1000 144 1972 1277 1437|0.05 -0.06627286100130525 0.003928148222409611 -0.07770340420728772
1061 738 566 566 1061 977 521 738 199 684 106 791 791 1173|0.05 -0.025113458349284024 0.014611086299136655 0.035310192319115696
1437 1355 766 144 269 1437 766 927 1323 1000 705 1972 859 1437|0.05 0.006594725591129169 -0.07975687265096787 -0.5144491577442822
696 533 943 1000 921 491 533 188 645 100 696 1373 1106 1007|0.05 -0.055811236626065464 -0.006273563266481208 0.06076374729535594
204 1086 1086 1417 1314 1417 1920 1875 382 2037 2037 1086 1811 1552|0.05 0.11716192044441298 0.01735551217067588 0.0034681735106301126
5333 5333 4910 6452 6960 9428 6960 1875 10000 10000 9207 5897 7623 13728|0.05 0.050732147514949144 0.042581873822977734 -0.052721068900088985
701 533 756 1086 204 109 579 1086 756 579 1024 1094 1086 649|0.05 0.06915956270746149 -0.018480845917540067 -0.06050628509978839
1417 1875 1314 96 384 2880 2340 1000 1417 1875 1314 2051 1018 1765|0.05 -0.06506885066864032 -0.024120813138692743 -0.9965534211797555
13687 24375 13687 10416 10416 19531 19531 4000 14765 30000 14765 14550 10607 21366|0.05 -1.3556920954089924 -0.039080991366182705 -0.055923456101438784
651 812 651 492 492 456 456 133 347 33 347 1112 613 712|0.05 -0.03217273533663301 0.02417195906013969 0.022451055150514154
1536 1000 1248 701 756 756 701 533 205 533 51 1708 966 941|0.05 -0.032427410554454195 0.010516676233287559 0.031395105000757706
73 1000 1781 1427 761 761 1427 1079 292 1079 2192 1063 1378 775|0.05 0.039493436512600955 0.009895483841639852 -0.0326639181084587
705 927 1323 2032 271 68 1651 1000 705 927 1323 1447 1245 718|0.05 0.0417733782784957 0.00929573503451131 -0.046911672119688275
1732 816 2309 816 493 752 816 188 1046 153 1155 2449 976 1251|0.05 -0.04277214592152023 -0.02355399307737649 0.022418064532372384
1414 1000 2828 1000 187 230 1225 921 1282 604 2121 2236 1106 1295|0.05 0.0519843045361057 0.011323904621878267 -0.047932419805016835
707 2000 707 133 162 866 707 906 427 1500 651 1581 916 500|0.05 -0.05052218635739347 -0.008841719530994219 -0.07656270784767938
2632 5333 4355 6158 5581 9238 12317 816 4009 4355 4355 3079 6212 9033|0.05 -0.15307152630735676 -0.020461725159874877 -0.0340336012276099
471 1333 577 285 434 471 471 604 88 667 108 1106 722 471|0.05 -0.03208081234269744 0.006777685183831927 0.014680495892120948
204 1086 1086 2304 1392 1536 3072 656 249 1086 1330 1086 2253 1549|0.05 0.024458629185104552 0.012926977973226617 -0.03029937298932861
3000 1000 3000 566 566 693 693 200 2600 200 2600 3162 721 2661|0.05 -0.06185309693549801 -0.009932745283666167 0.054412350069152904
354 1000 1768 5303 4596 4596 5303 1225 354 1225 1768 1275 4704 4610|0.05 0.06177433851016545 0.018235416050031983 0.009355719577670563
333 1000 333 189 231 231 189 867 67 867 67 1054 887 275|0.05 -0.034834465873267995 0.013268490297881907 -0.0023324962988802156
4596 1225 5303 1768 354 354 1768 1000 4596 1225 5303 4704 1275 4610|0.05 0.05718126583917016 -0.00698269193291301 -0.06137283612789646
3000 1000 3000 693 693 566 566 200 2600 200 2600 3162 825 3053|0.05 -0.057920791773471425 -0.03296566502386189 0.04209649497811219
289 1000 1443 4330 3753 3753 4330 816 289 816 1443 1190 4406 3764|0.05 0.050288510690157384 0.02406232779837314 0.030119950146321184
333 1000 333 231 189 189 231 867 67 867 67 1054 1018 240|0.05 -0.012370219098160051 0.0156725733675378 0.02552557461020344
3753 816 4330 1443 289 289 1443 1000 3753 816 4330 4406 1190 3764|0.05 0.045439265721776145 -0.016084347702690627 -0.056805036746623294
2828 5000 2828 13000 13000 15000 15000 1000 3464 5000 3464 3606 13038 15264|0.05 -0.22758234632772822 -0.03472488384289929 -0.00343163489578302
266 1154 218 77 77 385 385 1000 266 1154 218 1174 1003 317|0.05 -0.01089204377965558 -0.02827541171834924 -0.19524628490220186
3464 5000 3464 13000 13000 15000 15000 1000 2828 5000 2828 4123 13038 13304|0.05 -0.2608641996194161 -0.04596087417904071 -0.005861009575820475
218 1154 266 77 77 385 385 1000 218 1154 266 1023 1003 277|0.05 -0.012700649227356253 -0.033765096355827806 -0.2102514597092997
3000 1000 3000 693 693 693 693 200 2200 200 2200 3162 825 2661|0.05 -0.04183139680325021 0.009447839650396084 0.03999348993413365
289 1000 1443 4330 3175 3175 4330 1000 289 1000 1443 1190 3841 3189|0.05 0.013295285569219217 0.02414739824261325 0.024564072411283888
333 1000 333 231 231 231 231 733 67 733 67 1054 887 275|0.05 0.00608862508496788 0.01834322037433056 0.03722602191748692
3175 1000 4330 1443 289 289 1443 1000 3175 1000 4330 3841 1190 3189|0.05 -0.009781800566029952 0.0273853835589688 -0.0035026016231365364
3000 1000 3000 693 693 693 693 200 2200 200 2200 3162 825 2661|0.05 -0.0024879404118227644 0.028604490641321867 -0.00904347606059952
289 1000 1443 4330 3175 3175 4330 1000 289 1000 1443 1190 3841 3189|0.05 -0.006037595362201609 0.01630516973738949 -0.002810757486427784
333 1000 333 231 231 231 231 733 67 733 67 1054 887 275|0.05 -0.01642488463352576 0.013934111015239115 0.002672895194941738
3175 1000 4330 1443 289 289 1443 1000 3175 1000 4330 3841 1190 3189|0.05 -0.010003356720464929 0.03924044133771787 0.00034982321447385445
3464 5000 3464 11000 11000 15000 15000 1000 3464 5000 3464 4123 11045 13304|0.05 -0.26262696665590335 -0.04657857628905249 -0.025369578000135062
315 1364 315 91 91 455 455 1000 315 1364 315 1209 1004 375|0.05 -0.015300045596794432 -0.022919789169770777 -0.17980429333727788
3464 5000 3464 11000 11000 15000 15000 1000 3464 5000 3464 4123 11045 13304|0.05 -0.0667247392737913 -0.0011234254043113179 -0.020197222356449496
315 1364 315 91 91 455 455 1000 315 1364 315 1209 1004 375|0.05 -0.01376705195496819 -0.057388262648898625 -0.3052684388665239
1052 533 943 1768 354 1014 1768 1000 1052 533 943 1083 1275 1210|0.05 0.10161692056298355 -0.04547979310497774 -0.11089854834192225
1900 1000 3315 1768 1972 1972 1768 1875 663 1875 3315 2702 2577 2269|0.05 0.16474607896014515 0.030923210356701425 0.06122239098816484
1875 1000 1875 566 1061 1061 566 1116 375 1116 1075 2125 1458 1352|0.05 0.030528947138639406 0.026183722167589796 0.1820840400670365
533 1000 533 566 566 302 302 200 595 573 595 1133 721 613|0.05 -0.10151440007697188 -0.03881227834285461 0.09220315298230641
526 1744 526 1038 1038 930 930 349 987 1744 987 1422 1194 1069|0.05 -0.18715913671801365 -0.14224013695092075 0.048230431429368004
951 896 507 963 336 1680 1680 1000 951 896 507 1030 1151 1212|0.05 0.03534784035266414 -0.15561376861474074 -0.18563312141145705
1175 2737 860 947 947 211 211 1000 1175 2737 860 2118 1378 1257|0.05 0.03504040532014807 0.03868481458571216 -0.0287923297867132
908 222 908 1056 1056 2889 2889 1000 1240 222 1240 1023 1454 2235|0.05 0.02355769809744057 -0.002656169994257329 -0.06693140172364109
860 2737 1175 947 947 211 211 1000 860 2737 1175 1763 1378 969|0.05 -0.07204437322207435 -0.0005957150221314045 0.03027211585910905
1240 222 1240 1056 1056 2889 2889 1000 908 222 908 1326 1454 1861|0.05 -0.02860558027679372 0.0669505277433391 0.08643285098083764
1163 1366 3182 245 1102 1102 245 1000 1163 1366 3182 2050 1127 1602|0.05 0.012078206364249944 0.015504083401332025 0.10979543285444704
77 1000 77 314 429 429 314 365 346 365 346 1003 644 459|0.05 -0.011084358183280907 -0.07276089451146328 -0.010174538471706684
1102 1000 245 3182 1163 1163 3182 1366 1102 1366 245 1127 2050 1602|0.05 -0.044275644179235796 -0.08440776050613552 0.01340718966093668
13000 1000 13000 4085 4085 5579 5579 4500 4750 4500 4750 13038 4603 8374|0.05 -0.03688950424520554 0.019328261241600142 -0.04943906327905534
851 732 2330 179 807 807 179 1000 851 732 2330 1803 1070 1173|0.05 -0.05894306518092529 0.003338120440341541 -0.19374148002391567
77 1000 77 429 314 314 429 365 346 365 346 1003 774 354|0.05 -0.04125923067135773 -0.14367628545048805 0.014783693089426286
807 1000 179 2330 851 851 2330 732 807 732 179 1070 1803 1173|0.05 0.06384489342075028 -0.20096819874129923 -0.08431428263015794
13000 1000 13000 5579 5579 4085 4085 4500 4750 4500 4750 13038 5969 10059|0.05 0.040346861037023896 0.012936677065129576 -0.012255654996167209
1000 1000 1000 1163 734 2754 3182 904 1366 904 1366 1002 1473 2050|0.05 0.01760719174702663 -0.019731660047992428 -0.10434804803602482
860 2737 1175 777 860 860 777 632 860 2368 1175 1763 1001 862|0.05 -0.1592020726572252 -0.05566255300034184 0.023825891793487486
328 1156 363 363 496 496 363 267 328 422 363 1052 598 559|0.05 -0.012332053540502486 0.03263426510525802 0.004155158440464213
2754 904 3182 1000 1000 1366 1366 1000 734 904 1163 3308 1731 1646|0.05 0.0605464666910982 0.029513263111942134 0.03783715055313275
851 732 2330 662 662 732 732 1000 538 732 2016 1803 1267 853|0.05 0.019436377962320783 0.01842859729794366 0.03210352826541696
662 1000 662 2016 538 851 2330 732 732 732 732 1127 1501 1078|0.05 0.005919747911677931 0.011975655293752219 -0.02307820806139671
1175 2737 860 860 777 777 860 632 1175 2368 860 2118 1266 1323|0.05 0.06678282109342959 0.04097527236424092 -0.03238699996751193
1511 1000 1511 1287 813 3048 3522 1107 1107 1107 1107 1703 1289 1821|0.05 0.012300386762180704 -0.006146627693800477 -0.07547932297354953
1163 1366 3182 1000 1000 904 904 1000 734 1366 2754 2050 1731 1473|0.05 0.03905752702442866 0.026810633614458013 0.0352581270666108
1000 1000 1000 2754 734 1163 3182 1366 904 1366 904 1002 1646 1164|0.05 -0.017715682260497356 0.01849146488034137 0.0011789423909758234
363 1156 328 496 363 363 496 267 363 422 328 1201 744 364|0.05 -0.06242055450460526 -0.009513952056151576 0.055179405010286064
3048 1107 3522 1511 1511 1107 1107 1000 813 1107 1287 3208 1916 2269|0.05 0.03242595778957025 0.021670885878195545 0.044574328139610486
693 200 693 566 566 342 342 200 130 50 130 825 721 676|0.05 0.012728432124613498 0.01396052323325625 -0.037520151479121244
230 604 1225 1768 354 88 354 1000 230 604 1225 1195 1275 290|0.05 -0.023904967495231855 0.016360602419682735 0.008902444634188988
1443 1000 289 493 816 816 493 188 289 188 72 1190 577 1041|0.05 -0.0011469094313676376 -0.044143858974536876 -0.015321561107539683
4355 5333 2632 385 1540 7698 1540 1000 4355 5333 2632 5203 1262 5551|0.05 0.0561134751604464 0.022591293503011478 0.21716444381525646
6837 4000 6837 2598 2598 13856 13856 4000 11314 20000 11314 7124 3279 13519|0.05 -0.15941855515961167 0.0018561376218473313 -0.09162768653619535
146 1000 585 2027 380 380 2027 1655 585 1655 2925 1042 1170 480|0.05 -0.06745641564403937 0.033917064008992526 0.055841606245956577
176 975 330 2032 271 68 1651 1000 176 975 330 1055 1245 222|0.05 0.03751991336853777 0.01299384418248728 -0.04381541787277454
162 812 162 492 492 480 480 133 87 33 87 916 613 519|0.05 -0.047775469796914605 0.012047546594831093 0.042675805295724345
14402 24375 14402 2598 2598 4871 4871 4000 14765 30000 14765 15225 3279 15580|0.05 -1.2659066738258418 -0.035771216794794336 -0.06040055798623101
69 1000 1692 338 180 180 338 1025 278 1025 2083 1057 1001 228|0.05 0.04308948748623198 0.011406317667215227 -0.02946400150924844
6158 1000 5004 2956 3031 3031 2956 533 821 533 205 5640 2960 3774|0.05 -0.03396953884460707 0.010177791170138395 0.02457402134220077
5683 1875 5543 385 1540 11547 9382 1000 5683 1875 5543 5997 1262 7076|0.05 -0.06386982872432889 -0.03137740526161559 -1.1653304695566657
2390 1875 2106 146 585 4388 3565 1000 2390 1875 2106 3007 1042 2877|0.05 -0.05916698882571181 -0.03950824087861293 -1.3651493068007259
14402 24375 14402 6837 6837 12820 12820 4000 16340 30000 16340 15225 7124 20561|0.05 -1.3480712264456884 -0.03877699895587283 -0.05578696375664438
427 812 427 545 545 480 480 133 228 33 228 998 656 685|0.05 -0.03794966367450692 0.019197750604367236 0.029861386536009782
2340 1000 1901 1123 1275 1275 1123 533 312 533 78 2334 1175 1534|0.05 -0.031151825208610706 0.010597994252297127 0.03568749961494477
69 1000 1692 890 475 475 890 1135 278 1135 2083 1057 1046 495|0.05 0.04108979914982269 0.009886807001628917 -0.031393965373829325
418 881 785 1836 245 61 1492 1000 418 881 785 1258 1204 436|0.05 0.037512238150889665 0.013913626307515692 -0.04347779609258362
1414 1000 2828 1000 921 921 1000 187 1149 187 1414 2236 1106 1572|0.05 -0.06841157068894987 -0.007845607361323115 0.05828494441374232
1414 1000 2828 1000 187 187 1000 921 1149 921 1414 2236 1106 1288|0.05 0.06234395392006098 -0.0068878663955951325 -0.07088575895729865
707 2000 707 133 133 707 707 812 651 1000 651 1581 911 707|0.05 0.025223402273311102 -0.061713059050717556 -0.3759392594808175
4910 5333 5333 7542 6128 7542 15085 1000 4910 5333 5333 5333 6872 8386|0.05 -0.3637101260518316 -0.05860327229059603 0.02262424699601251
707 2000 707 651 651 707 707 812 133 1000 133 1581 1112 707|0.05 0.02231945717294348 0.020601192983997763 0.06181145082761352
204 1086 1086 1536 1248 1536 3072 1000 204 1086 1086 1086 1708 1399|0.05 0.0635316835406119 0.019930493861930465 0.024114398926355918
696 533 943 1000 188 100 533 921 730 491 1052 1373 1106 669|0.05 0.05545304590877764 -0.020751950151696175 -0.05265711660271455
4910 5333 5333 6960 7300 10520 9428 1875 9207 10000 10000 5333 7792 14881|0.05 -0.3118305382243358 -0.030036441222975885 0.004250758807753385
187 921 1000 1768 1305 1369 1972 1875 352 1726 1875 1106 1398 1461|0.05 0.06113498201696155 0.029258096479589657 0.0002708027952147418
943 533 1052 921 1000 533 491 188 696 100 730 1374 1000 1373|0.05 -0.023019454573071085 0.034248295504297754 -0.003417425052320011
1261 1441 673 137 257 1370 731 953 1370 1291 731 2038 917 1515|0.05 0.02425862513024013 -0.09516308832229314 -0.5516326006544425
951 896 507 467 875 951 507 694 178 662 95 1030 546 951|0.05 0.01921039579846795 0.03068010826109191 0.09839888116392803
354 1000 1768 1000 187 230 1225 921 221 604 1061 1275 1106 290|0.05 0.010840927178323856 0.010811513516300053 -0.012177381393603248
693 600 566 566 566 342 521 200 130 125 106 825 721 676|0.05 0.037482156222345964 0.0051003513035152714 -0.059653025477667265
2828 5000 2828 530 650 3464 2828 625 1709 3000 2604 3606 820 2000|0.05 0.027145395537873096 0.013823689627141533 -0.0043340610986863926
2632 5333 4355 1540 962 4619 7698 816 4009 4355 4355 3079 1743 4788|0.05 0.0538259911138006 0.021891282266468526 0.01741048837821113
230 604 1225 1768 354 221 1061 1000 187 921 1000 1195 1275 400|0.05 -0.014680604713925849 -0.005274711107891017 -0.004117304791217968
866 816 1443 816 493 752 816 188 180 153 289 1658 976 561|0.05 -0.006613872578785651 0.008731061206501689 -0.004672357384372106
1768 1225 1061 921 1000 1000 604 187 354 230 221 2031 1000 1275|0.05 0.007138474130803374 -0.006850231828502418 -0.027321293426643134
204 1086 1086 1152 240 384 1920 656 249 1086 1330 1086 1194 435|0.05 0.0032944767415354903 -0.005130383324495336 -0.02856309455860684
5333 5333 4910 1179 1886 9428 5657 1225 5333 6532 3223 5897 2134 6799|0.05 0.11746467360081114 0.04452099184047098 0.2395496573371303
4167 4800 2735 1039 849 4525 5543 1600 4525 8000 4525 4976 1311 5004|0.05 -0.027229102369674685 0.015920938573812382 0.05254276895952259
943 1667 1155 570 868 943 943 208 177 333 217 1374 648 943|0.05 0.01898291054992507 0.01399081268605773 -0.016350512779692572
366 1523 1755 2027 380 310 1655 1655 585 1655 2925 1138 1170 480|0.05 -0.028565000393361295 0.012946518101553117 0.01950859775905034
2121 1225 2828 1000 921 604 1000 187 1282 230 1414 2345 1106 2074|0.05 -0.04805834354049576 0.004138545870364663 0.04031594325779819
1414 1000 2828 1225 230 187 1000 604 1282 921 2121 2236 1195 1427|0.05 0.004276790773607431 0.0037289810317941985 -0.01800001301998755
707 2000 707 162 133 707 866 906 651 1500 427 1581 1009 707|0.05 -0.006884736959361648 -0.04250147440484797 -0.27501998815954054
4910 5333 5333 7542 6835 11314 15085 1225 3223 6532 5333 5333 6908 8172|0.05 -0.15467174999975075 -0.01577042604438139 -0.012544252269329759
577 1333 471 434 285 471 471 604 108 667 88 1414 978 333|0.05 -0.004016462553455558 0.014455166219082827 -0.008334147042268203
380 1655 2027 3510 2121 2340 4680 1523 310 1655 1655 1170 2535 2143|0.05 0.0011094320372251332 0.0067584465323999865 -0.028825787793904656
696 533 943 943 177 94 503 1260 701 672 1040 1373 1016 702|0.05 0.02684297143991321 0.001052273396193737 -0.037546009124656
7126 5333 5657 7382 7434 11035 10000 1875 13361 10000 10607 7775 7617 17117|0.05 -0.2252475119718167 -0.016296078869798558 -0.03984094853718756
177 1260 943 1768 1305 1314 1951 1875 331 2362 1768 1016 1398 1346|0.05 0.042670706824581295 0.024954272646677822 -0.0189261311979938
1000 533 1104 1336 1061 566 713 188 738 100 743 1414 1458 1456|0.05 -0.009712887164080586 0.03262039901704927 -0.018650449783733647
1797 1484 959 135 252 1345 717 993 1427 1345 761 2303 1002 1449|0.05 0.022784339517074592 -0.08335767927152293 -0.5170656517385586
906 906 483 646 1211 961 513 674 170 669 91 1027 782 1321|0.05 0.0050753550786475365 0.030643320721348566 0.048931687704425464
354 1000 1768 943 177 177 943 1260 354 1260 1768 1275 1016 395|0.05 -0.02697480028121424 0.00022004523145602306 0.006167614698084911
533 1000 533 566 566 713 713 200 100 200 100 1133 721 574|0.05 0.002908986231322519 -0.00858225778020305 -0.02363745668827133
2828 5000 2828 500 500 2667 2667 1000 3563 5000 3563 3606 1118 3887|0.05 -0.08225861968548687 -0.01492279024582599 -0.14102336230306323
7126 5333 5657 2000 2000 10000 10000 1000 7126 5333 5657 7775 2236 8413|0.05 -0.01899994939127403 0.011711469679085429 -0.007001190735048679
177 1260 943 1768 354 354 1768 1000 177 1260 943 1016 1275 395|0.05 -0.030934374187423508 0.00779175895150086 0.018183862661134143
1875 1000 1875 1061 1336 1336 1061 188 375 188 375 2125 1077 1577|0.05 0.0021103513617437564 0.006583085508431452 -0.004317964405377017
1875 1000 1875 1336 1061 1061 1336 188 375 188 375 2125 1458 1352|0.05 -0.00977425716352398 -0.002154032595041988 -0.0021953782928973986
140 794 748 1403 281 281 1403 1000 140 794 748 1091 1181 314|0.05 -0.02420139349480155 0.013978497185407335 0.01800213728563982
5657 5333 7126 2000 2000 10000 10000 1000 5657 5333 7126 5745 2236 7211|0.05 -0.060329059734438584 -0.0012478970963647473 -0.0693620064258238
3563 5000 3563 500 500 2667 2667 1000 2828 5000 2828 4206 1118 2872|0.05 0.08372136777050843 0.017406357777711712 0.015006027285346946
533 1000 533 713 713 566 566 200 100 200 100 1133 841 777|0.05 0.009432432999056939 0.018209444550976173 -0.0023874239707566414
281 1000 1403 748 140 140 748 794 281 794 1403 1181 1091 314|0.05 -0.012845004620002376 0.013002839714368886 0.0076895738332272145
1000 1104 533 566 1061 1336 713 738 188 743 100 1414 791 1077|0.05 0.016063720686232408 0.03178853701604423 0.13542722237761318
1437 1355 766 135 254 1355 722 1007 1810 1495 965 1972 1032 1975|0.05 -0.04219779490137188 -0.010526863711011192 -0.14908157826436508
1104 533 1000 1061 1336 713 566 188 743 100 738 1133 1077 1712|0.05 -0.02175884700553299 0.029677717335201415 -0.0013203823092811096
140 794 748 1549 1043 1036 1403 1875 263 1488 1403 1091 1211 1045|0.05 0.15117551951172814 0.029423332806881586 0.025506756380173634
5657 5333 7126 7434 7382 10000 11035 1875 10607 10000 13361 5745 7450 14560|0.05 -0.4717598602434825 -0.06891307284567327 0.026793806690101896
556 533 826 748 140 75 399 794 553 423 748 1281 1091 570|0.05 -0.0008649592683029894 0.03610000716852024 -0.02315399030207721
625 1000 625 354 354 354 354 1000 125 1000 125 1179 1061 451|0.05 0.02780825005765486 0.02349879131949395 0.06005333015750791
2828 1000 2828 1768 354 354 1768 1000 2828 1000 2828 3000 1275 2850|0.05 0.05662384725096503 -0.02411241145958809 -0.06800330111882413
1600 1000 1600 566 566 566 566 200 1600 200 1600 1887 721 1697|0.05 -0.07582713278755593 -0.03456958770383434 0.06408096059808521
354 1000 1768 2828 2828 2828 2828 1000 354 1000 1768 1275 3000 2850|0.05 0.05679590872098128 0.02210635521548543 0.02220001552832418
625 1000 625 354 354 354 354 1000 125 1000 125 1179 1061 451|0.05 0.0273391831351244 0.023420933102704655 0.056684981097547826
2828 1000 2828 1768 354 354 1768 1000 2828 1000 2828 3000 1275 2850|0.05 0.06586901386565369 -0.0327949833313157 -0.07699453027641745
1600 1000 1600 566 566 566 566 200 1600 200 1600 1887 721 1697|0.05 -0.07452896854979185 -0.02676364515309171 0.06423927109415972
354 1000 1768 2828 2828 2828 2828 1000 354 1000 1768 1275 3000 2850|0.05 0.05805328891289374 0.022298601389290074 0.024341188500780486
354 1000 354 125 125 625 625 1000 354 1000 354 1061 1008 451|0.05 0.02538599988154644 -0.0633615385399211 -0.3657768217628843
2828 5000 2828 8000 8000 8000 8000 1000 2828 5000 2828 3606 8062 8485|0.05 -0.3262909868197261 -0.05358992161100806 0.020873875291960164
354 1000 354 125 125 625 625 1000 354 1000 354 1061 1008 451|0.05 0.018856146767847193 -0.054371846240319766 -0.32466600745782226
2828 5000 2828 8000 8000 8000 8000 1000 2828 5000 2828 3606 8062 8485|0.05 -0.33913299597494784 -0.055650786465957225 0.024694202169490698
3000 1000 3000 566 566 566 566 200 3000 200 3000 3162 721 3053|0.05 -0.06042134847274783 -0.017076826001642953 0.04799963628417725
354 1000 1768 5303 5303 5303 5303 1000 354 1000 1768 1275 5397 5315|0.05 0.061941409307444406 0.02338205099915225 0.027287859977440654
333 1000 333 189 189 189 189 1000 67 1000 67 1054 1018 240|0.05 0.030800618743334063 0.023931646218813274 0.0581075511682827
5303 1000 5303 1768 354 354 1768 1000 5303 1000 5303 5397 1275 5315|0.05 0.06005411833216012 -0.025578606802023618 -0.07048994429007638
3000 1000 3000 566 566 566 566 200 3000 200 3000 3162 721 3053|0.05 -0.05815881799460243 -0.013697974754101061 0.04537732328377064
354 1000 1768 5303 5303 5303 5303 1000 354 1000 1768 1275 5397 5315|0.05 0.052358039810689316 0.022656809404719702 0.022386160646312714
333 1000 333 189 189 189 189 1000 67 1000 67 1054 1018 240|0.05 0.030971882161674458 0.02291502577788984 0.06543912549848319
5303 1000 5303 1768 354 354 1768 1000 5303 1000 5303 5397 1275 5315|0.05 0.06559473364632584 -0.03200922508594606 -0.07644742998265452
2828 5000 2828 15000 15000 15000 15000 1000 2828 5000 2828 3606 15033 15264|0.05 -0.38478016503231793 -0.06618806446855752 0.030432062181000585
189 1000 189 67 67 333 333 1000 189 1000 189 1018 1002 240|0.05 0.022596820396454387 -0.05462686261729521 -0.3324715157386149
2828 5000 2828 15000 15000 15000 15000 1000 2828 5000 2828 3606 15033 15264|0.05 -0.32769457047264305 -0.053539128024300275 0.020449351472993094
189 1000 189 67 67 333 333 1000 189 1000 189 1018 1002 240|0.05 0.02627756859959529 -0.05916148606066152 -0.3519945580309447
354 1000 1768 1000 187 187 1000 921 354 921 1768 1275 1106 400|0.05 -0.019584663774703248 -0.0019236398582189729 -0.00037159237584516447
566 1000 566 566 566 521 521 200 106 200 106 1149 721 625|0.05 -0.018376366126594545 0.011330967156475413 0.014488835056276628
2828 5000 2828 530 530 2828 2828 1000 2604 5000 2604 3606 1132 2828|0.05 -0.09661487862978602 -0.0020389292795219838 0.005022429964216535
4910 5333 5333 1886 1886 9428 9428 1000 4910 5333 5333 5333 2134 6472|0.05 -0.009312750195022979 0.00772231534425627 -0.0196768903251221
187 921 1000 1768 354 354 1768 1000 187 921 1000 1106 1275 400|0.05 -0.0004648551046937399 0.011584025348294613 0.0009511109901172432
1768 1000 1768 1000 921 921 1000 187 354 187 354 2031 1106 1214|0.05 -0.024654373607112534 0.01214303826055918 0.01738688341108796
1768 1000 1768 921 1000 1000 921 187 354 187 354 2031 1000 1275|0.05 0.027084673360320277 0.011958559165268223 -0.041323706840226127
204 1086 1086 1920 384 384 1920 1000 204 1086 1086 1086 1318 435|0.05 0.013452664977369189 0.002919178058566896 -0.027381267974416756
5333 5333 4910 1886 1886 9428 9428 1000 5333 5333 4910 5897 2134 6799|0.05 0.07097425529475565 0.005496903177906187 -0.06814364590773558
2604 5000 2604 530 530 2828 2828 1000 2828 5000 2828 3432 1132 3127|0.05 -0.025991480016339663 0.009462692758543945 0.018073180842894665
566 1000 566 521 521 566 566 200 106 200 106 1149 686 566|0.05 0.010255883585392755 0.011744534855766542 -0.019934211130933077
384 1000 1920 1086 204 204 1086 1086 384 1086 1920 1318 1086 435|0.05 -0.01265218803580992 0.003748281233439954 0.0003215483707674771
1116 3000 1116 900 900 200 200 1000 1116 3000 1116 2060 1345 1194|0.05 -0.0027972177560586786 0.028043205963381723 -0.012794903281410086
1240 222 1240 1111 1111 3333 3333 1000 1240 222 1240 1326 1495 2289|0.05 0.10617834851596841 -0.06013363918401904 -0.2577778736398739
1116 3000 1116 900 900 200 200 1000 1116 3000 1116 2060 1345 1194|0.05 -0.2913380497899831 -0.07805448682237537 0.11646399975532296
1240 222 1240 1111 1111 3333 3333 1000 1240 222 1240 1326 1495 2289|0.05 -0.0031600933658582075 0.011520652560266242 -0.02708551184030461
896 1000 2689 179 807 807 179 1000 896 1000 2689 1847 1070 1206|0.05 -0.01622740961103264 0.023695947434259068 0.016020839237689266
67 1000 67 372 372 372 372 333 300 333 300 1002 687 398|0.05 -0.0009922721628152775 -0.07389586406548854 -0.026492705547298545
807 1000 179 2689 896 896 2689 1000 807 1000 179 1070 1847 1206|0.05 -0.009159737577274507 -0.09588900250160903 -0.019354138975469226
15000 1000 15000 5579 5579 5579 5579 4500 5000 4500 5000 15033 5969 10302|0.05 0.5412983048949704 0.04841138380619281 0.06800703661705487
896 1000 2689 179 807 807 179 1000 896 1000 2689 1847 1070 1206|0.05 0.03925025998432918 0.041668702404982216 0.3698675338894786
67 1000 67 372 372 372 372 333 300 333 300 1002 687 398|0.05 -0.09359899971865371 -0.253231317157967 0.07285621676503817
807 1000 179 2689 896 896 2689 1000 807 1000 179 1070 1847 1206|0.05 -0.009038485585247669 -0.1948277380062291 -0.026041346986741543
15000 1000 15000 5579 5579 5579 5579 4500 5000 4500 5000 15033 5969 10302|0.05 -0.14174073173774393 0.016876236826006696 -0.046910807991220604
1892 2143 2143 1246 432 1993 3737 581 2243 1246 2143 2200 1374 2509|0.05 -0.08239829357020834 -0.07098063876476268 -0.12462999033421074
930 581 1744 1000 883 1047 1000 467 201 271 581 1838 1288 938|0.05 -0.034287285756300356 0.012610900066751807 0.061799806149387404
581 1000 1744 581 271 467 1000 1047 201 883 930 1419 1036 338|0.05 0.03789102880472184 0.016426457742506617 0.008176767606959956
1720 3000 1720 467 803 1720 1000 347 1519 1600 1801 2441 581 1766|0.05 -0.12878387084663712 -0.056502263158906274 -0.040457730028208294
625 1875 1075 950 1126 1075 1075 217 292 625 502 1179 1009 1244|0.05 -0.07928142944090943 -0.01276185618690473 0.05238550031217315
259 955 555 888 192 555 1666 844 446 955 955 1105 1118 613|0.05 0.03813254622621054 -0.03155928068570568 -0.08898949177008508
1892 2143 2143 1246 432 1993 3737 1289 1459 2763 2143 2200 1089 1609|0.05 -0.05476366574901581 -0.058368213029333926 -0.12154910279308151
930 1289 1744 1000 883 681 1000 467 201 602 581 1366 1288 1027|0.05 -0.022632481008794114 0.013627649893293015 0.05269361236285075
581 1000 1744 1289 602 467 1000 681 201 883 930 1419 1498 745|0.05 0.036297160398588435 0.016901957314665594 0.013860598883577158
1720 3000 1720 1035 803 1720 2218 347 1519 1600 1172 2441 1282 1766|0.05 -0.13657412721420403 -0.036381537146047416 0.021646436242519496
1386 1875 1075 950 732 1075 1075 217 647 625 502 2161 1104 944|0.05 -0.07687525951540874 0.00212391963487768 0.0721050486171837
883 1468 1893 1366 296 853 2560 1297 685 1468 1468 1289 1102 746|0.05 0.06836116332109343 0.006061426971106787 -0.0705560072408773
1132 2143 1662 966 335 1546 2898 776 1468 1662 1662 1459 1239 1707|0.05 -0.06187234235940475 -0.05642589770385564 -0.11153127214874381
721 776 1353 776 528 685 776 467 156 362 451 1559 1162 582|0.05 -0.0007581819840229986 0.015655422806952757 0.044948413567789114
581 1000 1744 1000 467 602 1289 883 201 681 930 1419 1288 508|0.05 0.04410851224893486 0.015431603727229515 -0.0020448191068223043
1720 3000 1720 803 1035 2218 1720 347 1172 1600 1519 2441 875 1510|0.05 -0.13133968275468533 -0.05178435984388052 -0.025571805414730253
1075 1875 1386 732 950 1075 1075 217 502 625 647 1468 807 1104|0.05 -0.07021587011996733 0.006069945215900763 0.06754992709607999
528 1132 1132 1053 228 658 1974 771 681 1132 1460 1163 1163 844|0.05 0.056798614201141184 -0.00876539993425407 -0.07798596177742256
3860 2143 3687 2143 743 3429 6429 1720 3256 3687 3687 4264 1246 3458|0.05 -0.08674756221558888 -0.06837311391128864 -0.11668309960901846
1600 1720 3000 1720 1801 1519 1720 467 347 803 1000 1887 1783 2014|0.05 0.0032586560435166056 0.015700428032388025 0.04254370123401907
581 1000 1744 1000 467 271 581 883 201 1047 930 1419 1288 641|0.05 0.05672199807009726 0.014387973184026848 -0.017151341372230178
1720 3000 1720 803 467 1000 1720 347 1801 1600 1519 2441 1104 1990|0.05 -0.11805750945201088 -0.06704083699545449 -0.08146734564797198
1075 1875 625 1126 950 1075 1075 217 502 625 292 1976 1259 1104|0.05 -0.07267953924861348 -0.010647485060444328 0.04659581855038786
528 1132 1132 1053 228 658 1974 1185 307 1132 658 1163 1062 383|0.05 0.07364169849598978 0.0020094432818629215 -0.07880577702258695
3691 7500 3691 6000 6000 11250 11250 1000 6418 7500 6418 4596 6083 11840|0.1 -0.44685272908712714 -0.056812151808735 -0.05612675521195154
615 1875 1070 167 167 1250 1250 1000 615 1875 1070 1174 1014 766|0.1 0.027576295634366144 -0.024606842679111285 -0.3123992048369817
6418 7500 6418 6000 6000 11250 11250 1000 3691 7500 3691 6978 6083 7045|0.1 -0.03491573604966214 0.005634249053931839 -0.055906410672862394
1070 1875 615 167 167 1250 1250 1000 1070 1875 615 1973 1014 1163|0.1 -0.02563691857823236 -0.04178944775390381 -0.36860539903197154
271 1000 2032 3048 1625 1625 3048 1739 271 1739 2032 1245 1908 1648|0.1 -0.03981908830727021 0.01971754543622195 0.009629482233737274
1500 1000 1500 492 492 856 856 133 800 133 800 1803 613 939|0.1 -0.040319823726854276 -0.0034320724335457076 0.03360181912624327
935 575 1753 1169 156 156 1169 1000 935 575 1753 1845 1087 948|0.1 -0.002595172018844405 0.043674022786197586 0.0025192149980579615
667 1000 667 570 328 328 570 533 89 533 89 1202 1052 409|0.1 -0.029594921087484627 0.01271643455561966 0.010486947057570806
156 1000 1169 1753 935 935 1753 575 156 575 1169 1087 1845 948|0.1 -0.010244346783505609 0.007777106405406631 -0.02791062887797735
1500 1000 1500 856 856 492 492 133 800 133 800 1803 930 1579|0.1 0.019274619969607 0.028487074685292768 -0.037281490404222906
1625 1739 3048 2032 271 271 2032 1000 1625 1739 3048 1908 1245 1648|0.1 0.04743506543838594 -0.007187075329704307 -0.05564932579484538
667 1000 667 328 570 570 328 533 89 533 89 1202 626 620|0.1 -0.024090002107340913 0.012605153403959513 0.0005007468879236754
354 1000 1768 1000 187 187 1000 921 88 921 354 1275 1106 258|0.1 0.021377029352904753 0.006005030205136208 -0.028605388720993608
2828 5000 2828 530 530 2828 2828 250 2604 1000 2604 3606 729 2828|0.1 -0.03217390365159112 -0.04866373378882849 -0.25880924463053456
4910 5333 5333 1886 471 1886 9428 1000 4910 5333 5333 5333 1374 5000|0.1 -0.155349274750477 -0.02740061761723589 -0.017297853663108542
354 1000 1768 1000 921 921 1000 187 88 187 354 1275 1106 938|0.1 -0.008652760545380112 0.004064078529297799 -0.004968501283990623
204 1086 1086 384 96 384 1920 1000 204 1086 1086 1086 1018 280|0.1 0.05292256548960372 0.0013871470588755486 -0.060887475031117244
2828 5000 2828 2604 2604 2828 2828 250 530 1000 530 3606 2652 2828|0.1 -0.05120625816651403 0.010008258271922976 0.09115550190028854
1305 1875 1768 1225 230 431 2296 604 1273 1133 1444 1398 1195 1275|0.1 0.0343492019154823 -0.03696555173349547 -0.08961954451004117
2632 5333 4355 3031 2956 3354 4106 533 1404 2844 2322 3079 3198 3093|0.1 -0.28207400300311325 -0.04061215222796344 0.043460672095205766
230 604 1225 943 696 679 770 533 122 322 653 1195 1373 734|0.1 0.024244982642145363 0.01518768791849201 0.04140736436347492
1443 1875 1179 493 816 1531 925 188 1066 352 1039 2179 577 1141|0.1 -0.0926340108974888 -0.035962432578164893 0.03955145827892359
475 1135 890 338 180 962 1804 1025 786 1389 1473 1046 1001 939|0.1 0.0370395427456538 -0.04153596181924013 -0.27938103969259
848 1224 1590 785 418 692 1298 881 159 904 298 1334 1258 490|0.1 0.03618796244359901 0.015449856710323395 0.02307739115744223
12728 1000 14142 14142 15780 15780 14142 8000 2828 8000 14142 13454 16248 16882|0.1 0.9710434643207089 0.04267841010914042 0.0700021968924247
1000 1000 1000 71 566 566 71 1116 200 1116 900 1414 1149 721|0.1 0.049349285126167874 0.030449204309126454 0.6738746642741922
1000 1000 1000 566 566 71 71 200 1116 900 1116 1414 721 1002|0.1 -0.0935177697028089 -0.04647399802382268 0.07415496998877114
1972 125 1768 1768 354 1591 1768 1000 1972 125 1768 1772 1275 2110|0.1 0.10674260435978411 -0.039086728419118755 -0.12525552812022833
79 1111 79 1240 1240 1111 1111 222 629 1111 629 1057 1326 1114|0.1 -0.1722285759451514 -0.5093336242242819 0.0951838329410104
507 896 63 807 179 896 896 1000 507 896 63 898 1070 646|0.1 0.03381075036663628 -0.47963347370124754 -0.12161955452362316
1000 1000 1000 693 693 87 87 200 817 900 817 1414 825 1052|0.1 -0.10659934808334715 -0.05110733172024817 0.08664810430819792
1179 125 1443 1443 289 1299 1443 1000 1179 125 1443 1519 1190 1329|0.1 0.10928627241328925 -0.04839516841191327 -0.12388462547582968
10392 1000 11547 11547 9434 9434 11547 8000 2309 8000 11547 11000 9522 10630|0.1 0.8948697772065217 0.031207299943130096 0.08470115830472968
1000 1000 1000 87 693 693 87 817 200 817 900 1414 825 825|0.1 0.08392485538558203 0.04507395794463909 1.1538891966924592
96 1111 96 908 908 1111 1111 222 770 1111 770 1058 1023 1169|0.1 -0.10253148828650027 -0.5288249535142409 0.0080538869304414
848 1224 106 1102 245 1224 1224 1000 848 1224 106 1288 1127 1009|0.1 0.050746369936252034 -0.52305315886639 -0.13692251505635022
1875 1875 2432 1316 459 3442 5049 1000 1875 1875 2432 1627 1266 2257|0.1 -0.05465502436181935 -0.07151615541073464 -0.2216178160677651
1849 3837 1849 760 760 1425 1425 349 1425 2616 1425 2693 963 1237|0.1 -0.2213482455061544 -0.06865557342143336 -0.04162229669590012
545 1467 545 545 545 707 707 133 290 382 290 1328 656 473|0.1 -0.08834959068435788 -0.010094488123391088 0.07242982196146164
1836 1000 2693 1297 1000 1000 1297 533 245 533 702 2438 1731 1204|0.1 -0.01861703394770764 0.014854268107464819 0.06727766135713686
541 1000 2076 771 411 411 771 771 189 771 1415 1457 1334 521|0.1 0.07015745859021427 0.014929151859908174 -0.019337225170988903
533 1297 1000 1836 245 702 2693 1000 533 1297 1000 868 1204 675|0.1 0.08291542750696657 -0.009160848762800322 -0.09656979328795168
693 817 1299 1061 566 342 641 738 130 720 244 1510 1456 676|0.1 0.03988436874978962 0.01595489845020559 0.021120366639519883
766 1355 1437 330 176 938 1760 975 463 1107 868 1071 1055 542|0.1 0.042942013923428224 -0.04471537007384008 -0.2989517594154689
1179 1875 1443 816 493 925 1531 188 1039 352 1066 1573 976 1087|0.1 -0.09664876344002704 -0.04581383218608237 0.031816343786401635
380 1655 2027 1275 1123 1152 1560 533 203 882 1081 1170 1604 1125|0.1 0.022424490915415873 0.015882410246534917 0.0446101584942693
4355 5333 2632 2956 3031 4106 3354 533 2322 2844 1404 5203 2960 3246|0.1 -0.28033353490578006 -0.04016925138647598 0.04569072618126446
2106 1875 2390 2027 380 712 3800 1655 2159 3103 2925 2203 1170 2279|0.1 0.03781399319259915 -0.04005425445222088 -0.0950730671351685
4085 7500 4085 6000 6000 11250 11250 1000 7914 7500 7914 4918 6083 13514|0.1 -0.24241785458473553 -0.03553607440154094 -0.08108345986297283
681 1875 1319 167 167 1250 1250 1000 681 1875 1319 938 1014 820|0.1 -0.05573183991157027 -0.04505198288757395 -0.37735021317930495
7914 7500 7914 6000 6000 11250 11250 1000 4085 7500 4085 8374 6083 5629|0.1 0.046336247748379744 0.027408051525172894 -0.017702492523515856
1319 1875 681 167 167 1250 1250 1000 1319 1875 681 2252 1014 1396|0.1 -0.0922977208540332 -0.024210940171951467 -0.14939352306744702
245 1000 1836 2754 1469 1469 2754 1937 245 1937 1836 1204 1378 1489|0.1 0.015449725189711216 0.009146949856100317 -0.04484261594543071
1500 1000 1500 545 545 1055 1055 133 800 133 800 1803 656 751|0.1 -0.04366359432864675 0.020027398327051582 0.052210113567918714
758 516 1422 948 126 126 948 1000 758 516 1422 1708 1058 769|0.1 0.025683699929170967 -0.003276412626008751 -0.040502942920488394
667 1000 667 703 363 363 703 533 89 533 89 1202 1201 437|0.1 -0.001180301082994717 0.02015136801395867 0.02635054125231573
126 1000 948 1422 758 758 1422 516 126 516 948 1058 1708 769|0.1 -0.006704779334543165 0.004336998698393213 -0.033077970628722086
1500 1000 1500 1055 1055 545 545 133 800 133 800 1803 1117 1802|0.1 -0.006034322548126303 0.017515160707366473 -0.012839707040801507
1469 1937 2754 1836 245 245 1836 1000 1469 1937 2754 1378 1204 1489|0.1 0.024236455323056738 0.025431604991001944 -0.028684286628747335
667 1000 667 363 703 703 363 533 89 533 89 1202 500 744|0.1 -0.03922763490806003 0.006813278863622152 0.02078521880680695
176 975 330 2032 271 169 1841 1000 144 1049 269 1055 1245 307|0.1 0.02492475819162676 0.0375680705288306 -0.027287204449538693
162 906 133 492 492 480 516 133 87 83 71 916 613 519|0.1 -0.023660902527138372 0.0303192750725767 0.0299865461826454
6194 10875 5761 1039 849 1591 1949 1600 5906 12000 5906 7055 1311 5678|0.1 -0.46556273323974606 -0.03817115517259606 -0.07652250226613644
174 1075 1888 338 180 147 276 1025 278 1025 2083 1145 1001 228|0.1 0.0034165593564194907 -0.01664309985583201 -0.06076364530046341
7542 1225 6835 3893 3712 3712 3621 533 1006 653 629 7608 4156 4622|0.1 -0.02287030518268729 0.01132393734546877 0.012923406744793642
6960 1875 7300 1179 1886 14142 12816 1225 6960 2296 6789 6692 2134 8667|0.1 -0.11208300357934964 -0.055035550930251365 -0.4356454436609236
1305 1875 1768 1000 187 352 1875 921 1369 1726 1972 1398 1106 1461|0.1 0.03871984802214845 -0.04407627216172161 -0.10006391041749052
4910 5333 5333 3712 3893 5611 5028 533 2619 2844 2844 5333 3569 3061|0.1 -0.22815141858912646 -0.030569622614899927 0.02914732863593672
188 921 1000 943 696 730 1052 533 100 491 533 1106 1373 669|0.1 0.02035690902092213 0.015298986550544846 0.033618558537429344
1768 1875 1972 921 1000 1875 1726 187 1305 352 1369 2031 1000 1398|0.1 -0.10419623499283714 -0.044279059397158704 0.04398049386107106
673 1441 1261 257 137 731 1370 953 731 1291 1370 786 1067 808|0.1 0.03929002417534466 -0.043378562298048706 -0.2859139165944047
507 896 951 875 467 507 951 694 95 662 178 1306 1415 507|0.1 0.027719125348584228 0.015058995312333678 0.01892316916566328
566 738 1061 1061 566 521 977 738 106 684 199 1456 1456 625|0.1 0.04795656828988859 0.016163209892328112 0.019969914403397127
766 1355 1437 269 144 766 1437 927 705 1000 1323 1071 1095 766|0.1 0.03423606439099558 -0.03382832743740294 -0.2462997420979951
1305 1875 1768 1000 921 1726 1875 187 1210 352 1305 1398 1106 1667|0.1 -0.08837584242177177 -0.040061396833980245 0.028637955770447476
204 1086 1086 756 701 756 1024 533 109 579 579 1086 1094 649|0.1 0.023255338065177877 0.014969601459886572 0.03607779384650289
5333 5333 4910 3441 3712 5028 3712 533 2844 2844 2619 5897 3187 3975|0.1 -0.2857989937344607 -0.04125020316876782 0.04467274249408293
1314 1875 1417 1086 204 382 2037 1086 1417 2037 1920 1811 1086 1552|0.1 0.036713204913572106 -0.03372696881580706 -0.08791922145697795
1305 1875 1768 1000 187 352 1875 921 1210 1726 1305 1398 1106 1120|0.1 0.04310059124252197 -0.04094826122794104 -0.1004265062868237
4910 5333 5333 3712 3441 3712 5028 533 2619 2844 2844 5333 4066 4742|0.1 -0.2566586254161207 -0.03692110609353594 0.032960253595615274
188 921 1000 943 696 645 696 533 100 491 533 1106 1373 762|0.1 0.02146098586152334 0.015189285375594164 0.03544075867875307
1768 1875 1305 921 1000 1875 1726 187 1305 352 1210 2574 1000 1398|0.1 -0.07947936296452296 -0.02636638411705139 0.03480083493558661
761 1079 1427 291 155 827 1550 1079 827 1461 1550 1378 926 914|0.1 0.04221066501081561 -0.04141465633528352 -0.2833436483441809
766 1355 1437 1323 705 766 1437 927 144 1000 269 1071 1447 766|0.1 0.04785219621529002 0.01619743716642752 0.01963639361651559
1000 1000 1000 908 908 908 908 222 2444 222 2444 1414 1023 1808|0.1 -0.06573657127230015 -0.05916123515851801 0.04923456733170628
245 1000 1102 1102 2693 2693 1102 1000 245 1000 1102 1127 1992 2704|0.1 0.08142639815674757 0.03040507178932561 0.2363829715764898
1000 1000 1000 908 908 908 908 2444 222 2444 222 1414 1808 1023|0.1 0.17919158674870816 0.030575491137849742 0.04910730347136516
2693 1000 1102 1102 245 245 1102 1000 2693 1000 1102 1992 1127 2704|0.1 0.028003274646102305 -0.05186875265356106 -0.04858571731838124
1000 1000 1000 908 908 908 908 222 2444 222 2444 1414 1023 1808|0.1 -0.05091443616242919 -0.0586893271236788 0.03340359533040793
245 1000 1102 1102 2693 2693 1102 1000 245 1000 1102 1127 1992 2704|0.1 0.050851997643770463 0.030278986080942705 0.175269340800559
1000 1000 1000 908 908 908 908 2444 222 2444 222 1414 1808 1023|0.1 0.03654776030152851 0.025712339240657744 0.006604165594223943
2693 1000 1102 1102 245 245 1102 1000 2693 1000 1102 1992 1127 2704|0.1 0.02364857879821658 -0.07602250313283987 -0.046570467321179754
4085 4500 4085 11000 11000 4500 4500 1000 4085 4500 4085 4603 11045 8136|0.1 -0.33706458387693816 -0.053229700961778814 0.0830123571063246
371 409 371 91 91 409 409 1000 371 409 371 740 1004 418|0.1 0.03413682396011364 -0.020795736055972958 -0.19499312514253742
4085 4500 4085 11000 11000 4500 4500 1000 4085 4500 4085 4603 11045 8136|0.1 -0.20420174690509052 -0.025907613146429753 0.033144859551517136
371 409 371 91 91 409 409 1000 371 409 371 740 1004 418|0.1 -0.04090010496675567 0.04483033106189804 0.06649296727327725
4085 7500 4085 4000 4000 7500 7500 1000 6418 7500 6418 4918 4123 9959|0.1 0.01477702809961956 -0.005873685917592297 -0.1119066002049185
1021 1875 1604 250 250 1875 1875 1000 1021 1875 1604 1081 1031 1230|0.1 0.008036162785203249 0.012317969238917481 -0.06518270654593317
6418 7500 6418 4000 4000 7500 7500 1000 4085 7500 4085 6978 4123 4323|0.1 -0.39302204889278713 -0.049424560059619926 -0.032265796666789415
1604 1875 1021 250 250 1875 1875 1000 1604 1875 1021 2490 1031 1744|0.1 -0.09247198966178094 -0.02689577680839661 -0.19735433626131393
245 1000 1836 1836 979 979 1836 1571 245 1571 1836 1204 1058 1009|0.1 -0.032862766454535564 0.011595791419205526 -0.02277947575137662
1000 1000 1000 545 545 856 856 133 533 133 533 1414 656 576|0.1 -0.016196370566825546 0.007412402495545756 -0.0024522500174617434
623 637 1169 1169 156 156 1169 1000 623 637 1169 1552 1087 642|0.1 0.019233807825469462 0.020180057875660573 -0.0316895544691298
1000 1000 1000 856 545 545 856 533 133 533 133 1414 1328 656|0.1 0.0030467582464566156 0.018337062227060663 -0.0036863449282498184
156 1000 1169 1169 623 623 1169 637 156 637 1169 1087 1552 642|0.1 0.05294083598837096 0.011217800200602479 -0.03673935482639612
1000 1000 1000 856 856 545 545 133 533 133 533 1414 930 1328|0.1 -0.01220251555286156 0.048086055345024636 0.021948545418355447
979 1571 1836 1836 245 245 1836 1000 979 1571 1836 1058 1204 1009|0.1 0.04198388903220884 -2.97427149142937e-05 -0.0431290690807562
1000 1000 1000 545 856 856 545 533 133 533 133 1414 576 930|0.1 -0.00423996678808547 0.01321794916304908 0.002910936669791031
1241 1875 1607 963 336 2521 3697 1000 1241 1875 1607 1491 1151 1545|0.1 -0.06042956432242619 -0.0657165654555314 -0.20022465237383158
1668 3837 1668 1038 1038 1946 1946 349 1288 2616 1288 2573 1194 1547|0.1 -0.2439785501006675 -0.06987688047731644 -0.021621366952502274
744 1467 744 492 492 637 637 133 397 382 397 1421 613 591|0.1 -0.09002294094403562 -0.010931517299971327 0.07487877513631336
1344 1000 1972 857 662 662 857 533 179 533 514 1911 1267 824|0.1 -0.029029377569702586 0.0136760149330728 0.0759159356047201
600 1000 2301 1167 622 622 1167 772 209 772 1569 1543 1479 716|0.1 0.06975490717334276 0.01458698671095826 -0.023315966104419106
806 1295 1511 2032 271 777 2980 1000 806 1295 1511 1202 1245 927|0.1 0.06616117700665392 -0.0013519980047760338 -0.07838949632272496
1056 1000 1056 908 908 1240 1240 222 2889 222 2889 1454 1023 2235|0.1 -0.08922551493557362 -0.10385162147700022 0.07603015141233405
245 1000 1102 1163 3182 3182 1163 1366 245 1366 1102 1127 2462 3192|0.1 0.03202001954139444 0.033244464437622856 0.18313804404754608
947 1000 947 860 1175 1175 860 2737 211 2737 211 1378 2118 1257|0.1 0.18598173981816402 0.03241695034052361 0.039627326124553885
3182 1366 1163 1102 245 245 1102 1000 3182 1366 1163 2462 1127 3192|0.1 -0.021594368372879202 0.023901397129999502 -0.005495228316261258
1056 1000 1056 1240 1240 908 908 222 2889 222 2889 1454 1326 1861|0.1 -0.03715066520221688 -0.024967203538512894 0.01612231752573523
179 1000 807 851 2330 2330 851 732 179 732 807 1070 1501 2337|0.1 0.0034938433810283165 0.026738569010409385 0.04401604690017047
947 1000 947 1175 860 860 1175 2737 211 2737 211 1378 1763 969|0.1 0.13734223922264865 0.028534933156465492 0.04368279227714211
2330 732 851 807 179 179 807 1000 2330 732 851 1501 1070 2337|0.1 0.07025208266243199 -0.11247443168683202 -0.08382380864818684
4085 4500 4085 13000 13000 4750 4750 1000 5579 4500 5579 4603 13038 8374|0.1 -0.16692940020023528 -0.015390033957902727 0.019341825976089133
429 365 314 77 77 346 346 1000 429 365 314 644 1003 459|0.1 0.07556780757191683 -0.060975203039034254 -0.34428320782126764
5579 4500 5579 13000 13000 4750 4750 1000 4085 4500 4085 5969 13038 10059|0.1 -0.05441284275491731 0.017357403661149018 -0.004143144639227048
314 365 429 77 77 346 346 1000 314 365 429 774 1003 354|0.1 0.02792091871301139 -0.023987403864991208 -0.20459105840675673
354 1000 1768 1225 230 230 1225 604 88 604 354 1275 1195 290|0.1 0.0639176347908621 0.005548481557238194 -0.05010522291704733
2828 5000 2828 650 650 3464 3464 250 1709 1000 1709 3606 820 2000|0.1 -0.04856940111465202 -0.03454507874521062 -0.15546233355608896
2632 5333 4355 1540 385 1540 7698 1000 2632 5333 4355 3079 1262 2742|0.1 -0.32335036102788317 -0.058288600040351524 -0.020589143183936676
289 1000 1443 816 493 493 816 188 72 188 289 1190 976 514|0.1 -0.05978167368236087 0.006620808873996076 0.07666939986394672
380 1655 2027 585 146 585 2925 1000 380 1655 2027 1170 1042 480|0.1 0.08222215870832716 0.010979819276333291 -0.045535245178197625
3464 5000 3464 1709 1709 2828 2828 250 650 1000 650 4123 1781 2000|0.1 0.04536152495301371 0.01698783827208228 0.003083325777797352
566 1116 1061 1061 566 521 977 738 106 774 199 1149 1456 625|0.1 0.03303941755275375 0.015643726368002042 0.017180957343421177
766 1355 1437 269 144 766 1437 1049 705 1511 1323 1071 961 766|0.1 0.03468590679384098 -0.03563319053573877 -0.25265731261295943
1972 1875 1768 1000 921 1726 1875 187 1369 352 1305 2577 1106 1076|0.1 -0.10137665625461478 -0.04288929788480833 0.04146734094970794
204 1086 1086 1143 793 756 1024 533 109 579 579 1086 1616 846|0.1 0.01814815786522095 0.01569443208080612 0.039071425165151386
5333 5333 4910 3893 3712 5028 5611 533 2844 2844 2619 5897 4156 3975|0.1 -0.2711028060949783 -0.04019808143225667 0.036115086482191305
1487 1875 2142 1086 204 382 2037 1086 1417 2037 1920 1169 1086 1363|0.1 0.039111193196814664 -0.039414064806705396 -0.09532251328592034
144 1049 269 2032 271 169 1841 1000 176 975 330 961 1245 222|0.1 -0.0037300173094989564 0.040978184858970756 -0.009372412410232345
133 906 162 492 492 516 480 133 71 83 87 1009 613 473|0.1 -0.06464976522540855 -0.0030010088055065776 0.05576662177827707
5761 10875 6194 849 1039 1949 1591 1600 5906 12000 5906 6598 1811 6232|0.1 0.021432230801481378 0.01447055395658925 -0.06667722326571202
161 930 1756 257 137 168 315 953 258 953 1937 1139 1067 292|0.1 0.002033372006782219 0.004409130784144288 -0.03722901043815452
6158 816 5581 2956 3031 3031 3179 533 821 435 513 5640 2960 3774|0.1 -0.04528662168679087 0.0015038961705560183 0.006517376247650031
5683 1875 5543 962 1540 11547 10464 816 5683 1531 5961 5997 1262 7076|0.1 0.008194605671900668 0.05414438891158779 0.38148366479869855
533 1104 1000 1061 566 713 1336 738 100 743 188 1133 1456 574|0.1 0.054423712733042695 0.016787625512262316 0.016156445016572984
766 1355 1437 254 135 722 1355 1007 965 1495 1810 1071 1009 1053|0.1 0.045755374636384794 -0.04347257116810721 -0.2950458684388324
2069 1875 1875 1061 1336 2505 1989 188 1394 352 1384 2652 1077 1618|0.1 -0.10228122453566524 -0.04886494107638195 0.03610129028482678
140 794 748 826 556 553 748 533 75 423 399 1091 1281 570|0.1 0.024358095452485795 0.014933346030403527 0.03600568336902921
5657 5333 7126 3965 3937 5333 5885 533 3017 2844 3800 5745 4062 4216|0.1 -0.2712690089433001 -0.03972727002810039 0.036250062605232
1043 1875 1549 748 140 263 1403 794 1036 1488 1403 1211 1091 1045|0.1 0.03232236094280472 -0.04011320174876487 -0.0909751488689603
7434 1875 7382 2000 2000 15000 15000 1000 7434 1875 7382 7617 2236 9234|0.1 0.016951885870057914 -0.00229608178831886 -0.167093521850471
8000 1000 8000 3937 3965 3965 3937 533 1067 533 1067 8062 3973 4925|0.1 -0.003946426317159579 0.016524380602862543 0.043282255056440455
135 1007 254 2032 271 271 2032 1000 135 1007 254 1009 1245 303|0.1 0.004774946100039035 0.03006702948397777 -0.015704480768207185
271 1000 2032 254 135 135 254 1007 271 1007 2032 1245 1009 303|0.1 0.003615764506610386 0.00924099641615772 -0.018851840647373663
125 1000 125 492 492 496 496 133 67 133 67 1008 613 497|0.1 -0.040315525508801686 -0.021989933953264762 0.02446943081093389
3691 7500 3691 500 500 938 938 1000 3717 7500 3717 4596 1118 3808|0.1 -0.01872651903288447 0.010497071985227091 -0.05983079518666612
3717 7500 3717 500 500 938 938 1000 3691 7500 3691 4617 1118 3725|0.1 -0.252305164483545 -0.03857853393632649 -0.08279320692994419
125 1000 125 496 496 492 492 133 67 133 67 1008 616 508|0.1 0.017892603087259484 0.012334649273038067 -0.04168604867870185
269 1000 2018 252 135 135 252 993 269 993 2018 1242 1025 301|0.1 0.03980546000413865 -0.002834415112276112 -0.05071172211327912
8000 1000 8000 3965 3937 3937 3965 533 1067 533 1067 8062 4062 4903|0.1 -0.03351394455284429 2.1525405444755563e-05 0.03815677358169678
135 993 252 2018 269 269 2018 1000 135 993 252 1025 1242 301|0.1 0.006043829937565359 0.0236855152946025 -0.014665597224909899
7382 1875 7434 2000 2000 15000 15000 1000 7382 1875 7434 7450 2236 9192|0.1 -0.02836578545675872 0.03724544939796015 0.14395301328567145
1305 1875 1768 943 177 331 1768 1260 1314 2362 1951 1398 1016 1346|0.1 0.038133203667698456 -0.03948377648822721 -0.09526530512718456
7126 5333 5657 3937 3965 5885 5333 533 3800 2844 3017 7775 3973 4602|0.1 -0.28814154921258384 -0.04230289429001721 0.04177836982707461
177 1260 943 943 696 701 1040 533 94 672 503 1016 1373 702|0.1 0.018732219948442985 0.016422610449879915 0.04746250478432357
1875 1875 2069 1336 1061 1989 2505 188 1384 352 1394 2125 1458 1482|0.1 -0.09306247042423887 -0.04309103735872122 0.0310455033499224
959 1484 1797 252 135 717 1345 993 761 1345 1427 1161 1025 773|0.1 0.04255574233812176 -0.04264166777918854 -0.29006555041091064
483 906 906 1211 646 513 961 674 91 669 170 1282 1551 705|0.1 0.03502240620030683 0.015289966676570454 0.0195313035149125
3691 7500 3691 8000 8000 15000 15000 1000 7914 7500 7914 4596 8062 15447|0.1 -0.3260746849062002 -0.041056328540189924 -0.03338717922208079
461 1875 989 125 125 938 938 1000 461 1875 989 1101 1008 575|0.1 -0.04623541212755322 -0.025044769364468422 -0.19097673425139794
7914 7500 7914 8000 8000 15000 15000 1000 3691 7500 3691 8374 8062 8811|0.1 0.12642543477778823 0.03730629340291669 0.0009476024593202403
989 1875 461 125 125 938 938 1000 989 1875 461 1931 1008 1047|0.1 -0.05985338888623071 -0.01953393780335211 -0.1839656209114282
271 1000 2032 4064 2167 2167 4064 2144 271 2144 2032 1245 2387 2184|0.1 0.042568718145321593 0.007446147751781762 -0.028870797719692254
2000 1000 2000 492 492 1055 1055 133 1067 133 1067 2236 613 1175|0.1 -0.06250099968231781 -0.001108732330115103 0.05840951466791866
1011 466 1895 948 126 126 948 1000 1011 466 1895 1952 1058 1019|0.1 0.043832881319039174 0.025183288398062942 -0.03370458097211371
500 1000 500 528 246 246 528 533 67 533 67 1118 1030 306|0.1 -0.011834000871588923 0.013930683313676528 0.0034247634393635984
126 1000 948 1895 1011 1011 1895 466 126 466 948 1058 1952 1019|0.1 0.05862819980719802 0.01181756905225484 -0.025730500551802704
2000 1000 2000 1055 1055 492 492 133 1067 133 1067 2236 1117 2060|0.1 -0.01953877349864852 0.03265350838351777 0.01079810857324448
2167 2144 4064 2032 271 271 2032 1000 2167 2144 4064 2387 1245 2184|0.1 -0.0016792067075954709 0.04907781695464797 -0.001733192587752841
500 1000 500 246 528 528 246 533 67 533 67 1118 587 558|0.1 -0.014510376812627568 0.012453228350401968 0.0438695711586079
7300 1875 6960 1886 1886 14142 14142 1000 7300 1875 6960 7792 2134 8942|0.1 -0.0578476431128816 0.009813870989257012 0.02580239760131775
7542 1000 7542 3712 3893 3893 3712 533 1006 533 1006 7608 3569 4769|0.1 -0.013143763569930522 0.014121398831992149 0.00713213258898282
144 1049 269 2032 271 271 2032 1000 144 1049 269 961 1245 307|0.1 0.007202597912043807 0.03365688301620651 -0.009446913606342422
271 1000 2032 269 144 144 269 1049 271 1049 2032 1245 961 307|0.1 0.03520098992124687 0.01380750047925039 -0.0037872372141989352
133 1000 133 492 492 516 516 133 71 133 71 1009 613 473|0.1 -0.007792829200770068 0.009230927811569867 -0.007725659456645495
3691 7500 3691 530 530 994 994 1000 3872 7500 3872 4596 1132 4132|0.1 -0.4175936253334134 -0.040760969193101015 0.010280714057602225
3872 7500 3872 530 530 994 994 1000 3691 7500 3691 4742 1132 3549|0.1 -0.19253370743050002 -0.01399686906361941 -0.034043326291961495
133 1000 133 516 516 492 492 133 71 133 71 1009 632 551|0.1 -0.02008028784776794 0.033501028589819626 0.02029387935981397
258 1000 1937 257 137 137 257 953 258 953 1937 1225 1067 292|0.1 0.0016689373937239793 -0.0034409413120806143 -0.04797388393562474
7542 1000 7542 3893 3712 3712 3893 533 1006 533 1006 7608 4156 4622|0.1 0.006712870827623174 0.02114448266859803 0.01984934736510624
137 953 257 1937 258 258 1937 1000 137 953 257 1067 1225 292|0.1 -0.01952493361615182 0.0004146010771055586 -0.0017866970311863906
6960 1875 7300 1886 1886 14142 14142 1000 6960 1875 7300 6692 2134 8667|0.1 -0.01728469499763352 -0.05489820481955343 -0.5014225654927862
1111 1000 1111 1240 1240 1240 1240 222 3333 222 3333 1495 1326 2289|0.1 -0.04179491702235305 -0.06048427787822219 0.016864479323386306
179 1000 807 896 2689 2689 896 1000 179 1000 807 1070 1847 2695|0.1 0.01997166319491983 0.026636907893162753 0.0806405570450397
900 1000 900 1116 1116 1116 1116 3000 200 3000 200 1345 2060 1194|0.1 0.2092087589674141 0.0299778457096056 0.05764538113027129
2689 1000 896 807 179 179 807 1000 2689 1000 896 1847 1070 2695|0.1 0.01335932257709782 -0.06676804343894283 -0.038766842349130526
1111 1000 1111 1240 1240 1240 1240 222 3333 222 3333 1495 1326 2289|0.1 -0.05813355251053309 -0.10622384879846236 0.03487036891902884
179 1000 807 896 2689 2689 896 1000 179 1000 807 1070 1847 2695|0.1 0.004602367553072639 0.025117303219115428 0.03156354100550596
900 1000 900 1116 1116 1116 1116 3000 200 3000 200 1345 2060 1194|0.1 0.3284724514310833 0.03201500132221646 0.09196351268596636
2689 1000 896 807 179 179 807 1000 2689 1000 896 1847 1070 2695|0.1 0.05698897924146129 -0.09879590495180057 -0.07457798065047094
5579 4500 5579 15000 15000 5000 5000 1000 5579 4500 5579 5969 15033 10302|0.1 -0.37978404216064465 -0.06954123707269888 0.08611390662636609
372 333 372 67 67 300 300 1000 372 333 372 687 1002 398|0.1 0.034349486302651666 -0.015476970415434499 -0.18607678932970217
5579 4500 5579 15000 15000 5000 5000 1000 5579 4500 5579 5969 15033 10302|0.1 -0.23565602572058864 -0.03196337664679749 0.045812660204584965
372 333 372 67 67 300 300 1000 372 333 372 687 1002 398|0.1 0.05088346281464151 -0.03836605694891859 -0.2611762294616138
1853 1875 2483 1443 289 2165 4330 1000 1853 1875 2483 1477 1190 2014|0.15 -0.03763160276641697 -0.06643842051575422 -0.13913271848795206
1155 1000 2309 1324 988 988 1324 533 154 533 770 1915 1782 1074|0.15 -0.029020210212761244 0.009474502838724419 0.08803591621941331
581 1000 1744 755 403 403 755 746 116 746 872 1419 1346 479|0.15 0.05774749771654486 0.013085386152051903 -0.018192242240666623
1720 3000 1720 693 693 1299 1299 200 1284 1500 1284 2441 825 1023|0.15 -0.13499118165282264 -0.08599536457954415 -0.08206610149893878
866 2000 866 856 856 1147 1147 133 462 667 462 1658 930 682|0.15 -0.12869760365268768 -0.06480103384859714 0.039366388991222134
540 1340 1012 1169 156 779 2337 1000 540 1340 1012 797 1087 642|0.15 0.07049426957487448 -0.01894715654740531 -0.1142253594550835
371 682 371 91 91 682 682 1000 371 682 371 905 1004 447|0.15 -0.03736380288792085 0.02326779107102217 -0.0019069269071469996
4085 7500 4085 11000 11000 7500 7500 1000 4085 7500 4085 4918 11045 9959|0.15 -0.11609496357189109 0.006972795874433668 -0.01442181247018448
371 682 371 91 91 682 682 1000 371 682 371 905 1004 447|0.15 0.010101934099628895 -0.02093383352774425 -0.29493416450555143
4085 7500 4085 11000 11000 7500 7500 1000 4085 7500 4085 4918 11045 9959|0.15 -0.11154843715596385 0.006767176280197962 -0.022725838918519203
2693 1000 1836 1836 245 245 1836 1000 2693 1000 1836 2438 1204 2704|0.15 0.04959820274810456 -0.020900027035786195 -0.06134061068045149
1000 1000 1000 545 545 545 545 1467 133 1467 133 1414 1328 656|0.15 0.11082057584543614 0.02087376809257524 0.08642620561012171
245 1000 1836 1836 2693 2693 1836 1000 245 1000 1836 1204 2438 2704|0.15 0.04196262368343362 0.021156821691388217 0.04572158433461038
1000 1000 1000 545 545 545 545 133 1467 133 1467 1414 656 1328|0.15 -0.0922355853438761 -0.0410322553520992 0.08757877855082308
2693 1000 1836 1836 245 245 1836 1000 2693 1000 1836 2438 1204 2704|0.15 0.014979523053302302 0.01727122471581133 -0.03389196285795926
1000 1000 1000 545 545 545 545 1467 133 1467 133 1414 1328 656|0.15 -0.05368861485051002 0.018075764210383483 -0.013492519017357374
245 1000 1836 1836 2693 2693 1836 1000 245 1000 1836 1204 2438 2704|0.15 0.03397067517945551 0.018928273718761268 0.024295196627026616
1000 1000 1000 545 545 545 545 133 1467 133 1467 1414 656 1328|0.15 -0.032807068812096274 -0.004062445456654018 0.011576577032907931
71 1116 566 1000 1000 900 200 1000 71 1116 566 1002 1414 951|0.15 -0.026100539626168207 0.013617132335028703 -0.06886035138233604
566 200 566 1000 1000 1116 1116 1000 71 900 71 721 1414 1002|0.15 -0.004314413573802689 0.017828080921116207 0.0308752718694838
14142 8000 15780 12728 14142 14142 2828 1000 14142 8000 15780 14177 13454 20000|0.15 -0.10911204997101964 0.00015337991380981464 -0.040758457086922384
1240 222 1240 79 79 629 629 1111 1111 1111 1111 1326 1057 1114|0.15 -0.04023734872348084 0.0006992681354422992 -0.13074641544917665
807 1000 179 507 63 63 507 896 896 896 896 1070 1030 853|0.15 0.03824231160546088 -0.2816673194429353 -0.05815390649913654
1768 1000 354 1972 1768 1768 1972 125 1768 125 1591 1275 2031 2500|0.15 -0.0565772483254956 0.011857867177236248 0.054799933800691036
87 817 693 1000 1000 900 200 1000 87 817 693 1052 1414 953|0.15 -0.014584027324830995 0.02000257067881872 -0.04346049130402818
693 200 693 1000 1000 817 817 1000 87 900 87 825 1414 1052|0.15 0.018585688435386327 0.01639025471105171 0.05563280003210158
1102 1000 245 848 106 106 848 1224 1224 1224 1224 1127 1009 1166|0.15 0.06831674017343747 -0.09149603843212728 -0.0786668892524045
1443 1000 289 1179 1443 1443 1179 125 1443 125 1299 1190 1190 2041|0.15 0.021002965897840564 0.23589704737037476 -0.04486516744721558
11547 8000 9434 10392 11547 11547 2309 1000 11547 8000 9434 12152 11000 16330|0.15 -0.513918838661015 -0.05067357287123375 0.0023959030845555063
908 222 908 96 96 770 770 1111 1111 1111 1111 1023 1058 1169|0.15 0.031076099598239537 -0.04965093068772353 -0.5387816296706083
1860 3750 1362 570 868 1628 1068 208 1291 2266 1200 2791 648 1014|0.15 -0.22928893203149725 -0.07279586413775574 -0.0342186095028052
1487 1875 2142 1152 240 2610 4320 656 1383 1231 1569 1169 1194 1584|0.15 0.0002686432585052856 -0.05161002379292734 -0.20335308612369207
734 1366 2754 785 418 637 1195 881 153 948 1664 1646 1258 476|0.15 0.0682899117860547 0.016513343348114606 0.012565736666756422
475 1135 890 1888 174 833 3125 1075 723 1549 1356 1046 1145 864|0.15 0.09520812160472181 -0.025095725890218468 -0.121471519377776
472 1655 718 570 530 601 821 92 251 441 383 1196 649 554|0.15 -0.09482617008416572 -0.0459155383965415 0.03573625435051131
1392 656 2304 1143 793 737 837 533 128 350 614 2253 1616 903|0.15 -0.008212969043231988 0.014709824547105566 0.06842451442079955
246 1000 246 67 67 500 500 1000 246 1000 246 1030 1002 306|0.15 0.03731819290450744 -0.0947461799721161 -0.7298513557814035
3691 7500 3691 15000 15000 15000 15000 1000 3691 7500 3691 4596 15033 15447|0.15 -0.34451060147972945 -0.033275794262916936 0.007734767450522373
246 1000 246 67 67 500 500 1000 246 1000 246 1030 1002 306|0.15 0.03922205781125898 -0.008728182754779157 -0.23946861538328257
3691 7500 3691 15000 15000 15000 15000 1000 3691 7500 3691 4596 15033 15447|0.15 -0.6669360588923579 -0.08535519819790949 0.03312138027197653
4064 1000 4064 2032 271 271 2032 1000 4064 1000 4064 4185 1245 4073|0.15 0.056965337154286644 -0.015849511912340297 -0.06978978238186273
500 1000 500 246 246 246 246 1000 67 1000 67 1118 1030 306|0.15 0.006243024275409681 0.01485859515627519 0.060400670770837106
271 1000 2032 4064 4064 4064 4064 1000 271 1000 2032 1245 4185 4073|0.15 0.006844172254043546 0.01613667898437754 -0.032632934345455666
2000 1000 2000 492 492 492 492 133 2000 133 2000 2236 613 2060|0.15 0.015321034379627285 0.031956518615987584 -0.039307890452177086
4064 1000 4064 2032 271 271 2032 1000 4064 1000 4064 4185 1245 4073|0.15 -0.0019236369644792806 -0.022965091089273137 -0.025615634439992707
500 1000 500 246 246 246 246 1000 67 1000 67 1118 1030 306|0.15 0.01296776999117455 0.02409033734232402 -0.012967846631598556
271 1000 2032 4064 4064 4064 4064 1000 271 1000 2032 1245 4185 4073|0.15 0.033182605183528224 0.01863250097877467 -0.01515285453576709
2000 1000 2000 492 492 492 492 133 2000 133 2000 2236 613 2060|0.15 -0.04605409185237663 -0.008556075799983631 0.03598445515608173
5543 1875 5683 1540 962 10464 11547 816 5961 1531 5683 5551 1743 6789|0.15 -0.040756770858153546 -5.4934756310576205e-05 -0.11549858843204586
5581 816 6158 3031 2956 3179 3031 533 513 435 821 6212 3198 3386|0.15 -0.023747229160999694 0.0146177164926109 -0.008859827819895916
271 1000 2032 269 144 176 330 1049 169 975 1841 1245 961 222|0.15 0.0011624287004696754 0.009123445335248448 -0.03775456462350002
3691 7500 3691 530 650 1218 994 625 3601 6797 3872 4596 820 3605|0.15 -0.42973122224037485 -0.05580420376631201 -0.06272563431704792
146 1103 179 530 570 543 543 92 78 147 96 1011 607 608|0.15 -0.019968962546931257 0.039692274524978366 0.028277334256023856
137 953 257 1756 161 258 1937 930 168 953 315 1067 1139 292|0.15 0.026660881900497646 0.021636435452643266 -0.026372963666406735
314 865 284 77 77 577 577 1000 314 865 284 911 1003 378|0.15 0.051037412502084045 -0.056329470292539874 -0.5345573472604692
3691 7500 3691 13000 13000 11250 11250 1000 4085 7500 4085 4596 13038 11840|0.15 -0.4370280340607713 -0.04530551911039016 0.018128158699399766
284 865 314 77 77 577 577 1000 284 865 314 1040 1003 354|0.15 0.006827946615737268 -0.022360813366313348 -0.30436053047483425
4085 7500 4085 13000 13000 11250 11250 1000 3691 7500 3691 4918 13038 13514|0.15 0.18695376889651394 0.05385458420988698 -0.043866760634163615
3522 1107 3048 2032 271 271 2032 1000 3522 1107 3048 3661 1245 3532|0.15 0.07545108632566633 -0.02544440611365606 -0.07844148826082975
667 1000 667 328 363 363 328 1156 89 1156 89 1202 1201 437|0.15 0.06709988268847722 0.02324535090226343 0.0681278159687837
271 1000 2032 3048 3522 3522 3048 1107 271 1107 2032 1245 3661 3532|0.15 0.003451449471827406 0.015765196049359886 -0.009293215635051144
1500 1000 1500 492 492 545 545 133 1733 133 1733 1803 613 1802|0.15 -0.019314819490420243 0.027268216170188708 0.00012576398111363574
3182 904 2754 1836 245 245 1836 1000 3182 904 2754 2898 1204 3192|0.15 -0.012352137752874581 0.029353367423914367 -0.010613957269581809
667 1000 667 363 328 328 363 1156 89 1156 89 1202 1052 409|0.15 -0.0025582931133749653 0.015563689332711572 0.03319245473667465
245 1000 1836 2754 3182 3182 2754 904 245 904 1836 1204 2898 3192|0.15 0.019817929905763254 0.02599391031455678 0.05178703251332184
1500 1000 1500 545 545 492 492 133 1733 133 1733 1803 656 1579|0.15 -0.045857303616487766 -0.008957714305568576 0.033872989731091874
693 817 1299 1000 1000 817 817 1000 87 817 693 1510 1414 1052|0.15 0.07273151729272787 0.0244039735971624 0.0738715368764642
1000 1000 1000 693 87 693 1299 817 817 817 817 1414 1052 825|0.15 0.06345375304037004 -0.09920332783480035 -0.18234071869182245
1179 1875 1443 1443 1179 1179 1443 125 1179 1000 1443 1573 1519 2041|0.15 -0.15208453648053677 -0.08695078921753252 0.04461074690024658
848 1224 1590 1000 1000 1224 1224 1000 106 1224 848 1334 1002 1009|0.15 0.08839796579171555 0.020643298401439303 0.04183258335107576
1443 1875 1179 1179 1443 1443 1179 125 1443 1000 1179 2179 1190 2041|0.15 -0.1796293675442473 -0.08440068388011923 0.07841860251406318
1000 1000 1000 848 106 848 1590 1224 1224 1224 1224 1731 1009 1288|0.15 0.06476650058382827 -0.059083007719775704 -0.1531979932744887
1000 1000 1000 1102 245 1836 2693 1000 1000 1000 1000 1002 1127 1204|0.15 0.07927607111602564 -0.01765546265285245 -0.14108640160863106
908 2444 908 908 908 908 908 222 908 1667 908 1808 1023 909|0.15 -0.1985949073294302 -0.08827079624576184 0.04363264280129675
545 1467 545 545 545 545 545 133 545 600 545 1328 656 546|0.15 -0.15319237197031876 -0.0591420679616228 0.12119389792665247
1836 1000 2693 1000 1000 1000 1000 1000 245 1000 1102 2438 1731 1204|0.15 0.08903169518387877 0.025788445788776926 0.022114019030938792
1102 1000 2693 1000 1000 1000 1000 1000 245 1000 1836 1992 1731 1127|0.15 0.04168838728356494 0.018180208627072147 0.04351399996104899
1000 1000 1000 1836 245 1102 2693 1000 1000 1000 1000 1002 1204 1127|0.15 0.08183963200543154 -0.06418363941699923 -0.12924420154141525
1000 1000 1000 693 87 71 566 817 950 738 600 1414 1052 1002|0.15 0.06321318171084389 -0.01721509441721114 -0.07556360380108651
566 600 693 1000 1000 738 817 1000 71 950 87 1149 1414 1051|0.15 -0.007396945968007884 0.012652318519597028 0.04860921771096871
1000 1000 1000 87 71 566 693 950 738 600 817 1414 1002 721|0.15 0.09165444729823724 -0.10840655644864805 -0.9117514890009537
10440 8000 14142 14142 13435 8485 14142 1225 11554 9798 14142 10198 13472 13454|0.15 -0.5657001639329007 -0.05791988338113119 0.042271897684031945
71 738 566 1000 1000 950 600 1000 87 817 693 1051 1414 953|0.15 -0.005828683608580798 0.013159134145328544 -0.03874779166840203
1061 1225 1768 1768 1305 1444 1768 125 1679 153 1768 1458 1858 2127|0.15 -0.10343978913985308 -0.03559937618012321 0.09648845356633462
1443 816 866 1179 1443 1443 1066 125 1443 102 1371 1190 1190 2041|0.15 -0.07419787147746826 -0.03697279656288632 0.06135142770339552
106 1224 848 734 1163 1224 1224 904 87 1224 692 1009 1164 1166|0.15 0.027456849906488667 0.021331037110403628 0.026045739132583012
11547 8000 9434 10970 11547 11547 6928 816 11547 6532 8524 12152 11000 16330|0.15 -0.3656366261975674 -0.028012835792710078 0.014329021592613955
860 632 777 74 91 729 595 1053 1053 1053 1053 1001 1055 1108|0.15 -0.002100870942787214 -0.0280032004012587 -0.3145972522501961
1155 1667 943 1230 1362 1667 1667 1583 144 1667 118 1915 2005 1374|0.15 0.12828086869069555 0.019721536675825213 0.09478632959738942
1287 1107 813 766 96 117 938 1355 1355 1355 1355 1630 977 1358|0.15 0.006938914993306344 0.019362482270586234 -0.019418730427037678
9434 8000 11547 11547 10970 6928 11547 816 8524 6532 11547 9522 11576 13892|0.15 -0.8808077343008958 -0.10320846194988187 0.08919896308057673
866 816 1443 1443 1179 1066 1443 125 1371 102 1443 1658 1519 1373|0.15 -0.06815357719763271 -0.012161307280101896 0.05491411847902583
87 817 693 1000 1000 950 600 1000 71 738 566 1052 1414 1002|0.15 0.053927877750570286 0.019544622886045193 0.037994880347387294
1000 1000 1000 566 71 87 693 738 950 817 600 1414 1051 953|0.15 0.08985431532173127 -0.0360340121848679 -0.09861054184566398
693 600 566 1000 1000 817 738 1000 87 950 71 825 1414 1052|0.15 -0.030538252200839056 0.02047592955564781 -0.035508444591058064
1000 1000 1000 71 87 693 566 950 817 600 738 1414 953 825|0.15 0.0180280513212705 -0.03144225258214006 -0.3874506723220139
777 632 860 91 74 595 729 1053 1053 1053 1053 1266 1003 1107|0.15 -0.00344850639735772 -0.05319270257915454 -0.4645553680284642
943 1667 1155 1362 1230 1667 1667 1583 118 1667 144 1374 1586 1202|0.15 0.12198360807249564 0.02029949397807318 0.0854095287070833
1163 904 734 848 106 87 692 1224 1224 1224 1224 1164 1009 1166|0.15 -0.012536738387310953 -0.0038579458523391175 -0.013284782599557454
1768 1225 1061 1305 1768 1768 1444 125 1768 153 1679 2031 1275 2500|0.15 -0.06860342792841756 -0.05379992092817365 0.059819758635766274
96 1355 766 813 1287 1355 1355 1107 117 1355 938 977 1630 1358|0.15 0.05149278386592737 0.020668383964235204 0.06185013450199284
14142 8000 10440 13435 14142 14142 8485 1225 14142 9798 11554 14866 14177 20000|0.15 -0.002510122998226061 0.02207430966940871 -0.04321155280902267
1000 1000 1000 566 71 566 1061 738 1116 738 1116 1414 1051 1149|0.15 0.08698966282339127 -0.09097791370724306 -0.19568369401868013
1305 1875 1768 1768 1972 1972 1768 125 1305 1000 1768 1398 1772 2500|0.15 -0.20533255761485014 -0.10937188193305136 0.07864187724607064
566 738 1061 1000 1000 1116 1116 1000 71 738 566 1456 1414 1002|0.15 0.09111747357117395 0.02075649312900163 0.04821286960476234
1768 1875 1972 1305 1768 1768 1305 125 1768 1000 1972 2031 1275 2500|0.15 -0.22522872660869608 -0.09449944457485038 0.11238601378153135
662 1000 662 507 63 507 951 896 896 896 896 1267 1030 942|0.15 0.11040135337742285 -0.10181956153404559 -0.22130522364599448
507 896 951 662 662 896 896 1000 63 896 507 1306 1127 646|0.15 0.04390714280055219 0.0222131341164844 0.0765538826715284
1972 1875 1768 1768 1305 1305 1768 125 1972 1000 1768 2577 1858 2500|0.15 -0.22683708582368678 -0.1100739824152408 0.10241761062802501
566 1116 1061 1000 1000 738 738 1000 71 1116 566 1149 1414 1051|0.15 0.0957790909493883 0.02205313191588454 0.10010170675099239
1000 1000 1000 566 71 566 1061 1116 738 1116 738 1414 1002 721|0.15 0.08121631659179229 -0.09975617207276466 -0.19188562424878985
1511 1000 1511 766 96 766 1437 1355 1355 1355 1355 1916 977 1358|0.15 0.10407473354165919 -0.10340771717557873 -0.2215531312088126
766 1355 1437 1511 1511 1355 1355 1000 96 1355 766 1071 1703 1556|0.15 0.02324329026901495 0.020911549406790186 0.08840907702568179
1768 1875 1305 1972 1768 1768 1972 125 1768 1000 1305 2574 2031 2500|0.15 -0.14579673019911144 -0.08323770180067802 0.039272224497797215
1104 3000 1104 713 713 1336 1336 200 743 1500 743 2054 841 863|0.15 -0.14217137964413817 -0.08562908653912404 -0.08580798702096937
1043 1875 1549 1403 281 2105 4210 1000 1043 1875 1549 1211 1181 1296|0.15 0.09200817701869868 -0.005461884293187502 -0.13781644625330935
906 1000 2719 1211 646 646 1211 674 181 674 1359 1861 1551 762|0.15 0.01737794391939884 0.015538058688810974 0.03125985901902162
959 1484 1797 2018 269 1345 4035 1000 959 1484 1797 1161 1242 1132|0.15 0.03289418943450029 -0.06953435965301735 -0.12669356490526695
891 2000 891 496 496 736 736 133 475 667 475 1671 616 575|0.15 -0.10920034681580537 -0.010202268615479015 0.08320609987720662
1123 1000 2245 826 556 556 826 533 150 533 748 1876 1281 691|0.15 0.001200916628099069 0.016722702230622666 -0.040985387887242375
2798 1875 3041 1768 354 2652 5303 1000 2798 1875 3041 2842 1275 2961|0.15 -0.0833126867785483 -0.05714916568856698 -0.07822016958467182
1414 1000 2828 1622 1492 1492 1622 533 189 533 943 2236 1904 1579|0.15 -0.031003677619930725 0.01503132544280028 0.05981661593710497
581 1000 1744 616 329 329 616 920 116 920 872 1419 1174 419|0.15 0.004132271480272731 0.012615569544640604 -0.01854679408274218
1720 3000 1720 566 566 1061 1061 200 1583 1500 1583 2441 721 1608|0.15 -0.21187674689445046 -0.05883361223668726 0.046033892688892575
707 2000 707 1055 1055 1147 1147 133 377 667 377 1581 1117 1072|0.15 -0.06894517481216833 -0.001918772868600982 0.041391934398542496
357 1087 670 948 126 632 1895 1000 357 1087 670 1016 1058 456|0.15 -0.0309713699631875 0.03101421168680174 0.026839198772909967
7300 1875 6960 1886 1179 12816 14142 1225 6789 2296 6960 7792 1546 7776|0.15 -0.008630582286924815 -0.013440622198148677 -0.19133702897093707
6835 1225 7542 3712 3893 3621 3712 533 629 653 1006 6908 3569 4434|0.15 -0.021870344714592926 0.015612923771253229 0.020084046880051165
271 1000 2032 330 176 144 269 975 169 1049 1841 1245 1055 307|0.15 0.06515947935827215 0.010751643958428758 -0.02383207845448876
3691 7500 3691 650 530 994 1218 625 3872 6797 3601 4596 1132 4132|0.15 -0.010569959391015793 0.01337518500827306 -0.04613911569022355
179 1103 146 570 530 543 543 92 96 147 78 1113 649 530|0.15 -0.024649126676322686 0.0042528702027566645 0.009058184406181002
180 1025 338 1888 174 278 2083 1075 147 1025 276 1001 1145 228|0.15 0.021837837851126363 0.048046073242826726 -0.012669838029381042
1362 3750 1860 868 570 1068 1628 208 1200 2266 1291 2241 1037 1255|0.15 -0.28932287888022934 -0.10138150580150884 -0.04203502506926138
2106 1875 2390 1755 366 3976 6581 1523 2265 2856 3264 2203 1138 2580|0.15 -0.0386548858526925 -0.07513772908440464 -0.22888480423838176
538 732 2016 875 467 306 574 694 112 645 1218 1501 1415 557|0.15 0.06613245209027951 0.016855680386897998 0.017949329085622523
673 1441 1261 1756 161 775 2906 930 442 1055 828 786 1139 502|0.15 0.08878747694708533 -0.027263406470294793 -0.12044408420131769
718 1655 472 530 570 821 601 92 383 441 251 1618 607 448|0.15 -0.10515107059621331 -0.01920817311410916 0.07524341158585912
2121 1523 3510 1275 1123 1208 1741 533 195 812 936 2535 1604 1287|0.15 -0.03237959232679555 0.01331784571106498 0.08300997284487632
1875 1000 1875 1875 2069 2069 1875 125 1875 125 1875 2125 1879 2792|0.15 0.0066500928218338196 0.039071654590954186 -0.026922253813750352
67 1104 533 1000 1000 1000 1000 1000 67 1104 533 1002 1414 1002|0.15 0.05625612658572532 0.017799467104782085 0.014492224622870697
1000 1000 1000 533 67 67 533 1104 1000 1104 1000 1414 1002 1002|0.15 0.0471584966188443 -0.003937344428327494 -0.060084290829767184
533 1000 533 1000 1000 1104 1104 1000 67 1000 67 1133 1414 1002|0.15 0.04633132465562628 0.016402656576326446 0.07336872636742431
1000 1000 1000 67 67 533 533 1000 1104 1000 1104 1414 1002 1133|0.15 0.021554808331019082 -0.09504192380008769 -0.7345743565346707
16553 8000 15000 15000 15000 15000 15000 1000 16553 8000 15000 17000 15033 22338|0.15 0.19745364378359165 0.05019830927475377 -0.045946144807982314
533 1000 533 1104 1104 1000 1000 1000 67 1000 67 1133 1489 1133|0.15 -0.026695279725119647 0.015609026908802726 0.016813310573782214
906 1000 906 483 60 60 483 906 906 906 906 1350 1027 908|0.15 0.014530722183898614 0.023206379819695755 -0.030980633456145767
1875 1000 1875 2069 1875 1875 2069 125 1875 125 1875 2125 2125 2652|0.15 0.007732714868082802 0.05852840438248741 -0.017768639925749286
60 906 483 906 906 906 906 1000 60 906 483 1027 1350 908|0.15 0.00293349168196011 0.013756774751503276 -0.03599097887124203
15000 8000 16553 15000 15000 15000 15000 1000 15000 8000 16553 15033 15033 21213|0.15 0.09890317110717417 0.03350852591889719 -0.047714976816027876
1104 1000 1104 67 67 533 533 1000 1000 1000 1000 1489 1002 1002|0.15 0.021652425673099884 -0.03196748254465254 -0.38479144166759016
1116 3000 1116 521 521 977 977 200 774 1500 774 2060 686 609|0.15 -0.15902949477371586 -0.03286389514331578 0.04488602412831
1487 1875 2142 1920 384 2880 5760 1000 1487 1875 2142 1169 1318 1821|0.15 0.033833025558414054 -0.02589571180788064 -0.1348427372498373
896 1000 2689 875 467 467 875 694 179 694 1344 1847 1415 615|0.15 0.0701241319292012 0.011640905383361044 -0.022839519258558427
673 1441 1261 1937 258 1291 3874 1000 673 1441 1261 786 1225 887|0.15 0.058334826703345666 -0.05820575207035383 -0.13622857143908873
651 2000 651 516 516 744 744 133 347 667 347 1557 632 406|0.15 -0.1299256476710231 -0.019005482687746156 0.10388392286296622
1536 1000 3072 1143 793 793 1143 533 205 533 1024 2391 1616 971|0.15 0.02132549482390278 0.01727479458805803 0.0877940840371716
1000 1000 1000 566 71 71 566 738 1000 738 1000 1414 1051 1002|0.15 -0.027989808628459123 0.06254611374171715 0.01147727053453007
566 1000 566 1000 1000 738 738 1000 71 1000 71 1149 1414 1051|0.15 -0.0591107776913935 0.009949008350029764 -0.03302459555234116
1000 1000 1000 71 71 566 566 1000 738 1000 738 1414 1002 721|0.15 0.03451501627831144 -0.0752195184528015 -0.667935473847181
10440 8000 14142 14142 14142 14142 14142 1000 10440 8000 14142 10198 14177 17578|0.15 -0.09089313232902518 0.001579757020524486 -0.022533184406403617
71 738 566 1000 1000 1000 1000 1000 71 738 566 1051 1414 1002|0.15 0.03827709011195113 0.01059030640523817 -0.014320200588119336
1768 1000 1768 1768 1305 1305 1768 125 1768 125 1768 2031 1858 2197|0.15 -0.05509324315508435 0.006682082004543233 0.043223947734776225
1768 1000 1768 1305 1768 1768 1305 125 1768 125 1768 2031 1275 2500|0.15 -0.010705455858032176 0.041691071358791465 -0.00833960043575499
96 1355 766 1355 1355 1355 1355 1000 96 1355 766 977 1684 1358|0.15 0.047671190170974764 0.017734115613445844 -0.005489657535006076
14142 8000 10440 14142 14142 14142 14142 1000 14142 8000 10440 14866 14177 20000|0.15 -0.10029705680460244 0.004687413299981902 -0.036750220686206925
738 1000 738 71 71 566 566 1000 1000 1000 1000 1243 1002 1051|0.15 -0.022643063224199178 -0.03430354663379154 -0.3060165190483699
566 1000 566 738 738 1000 1000 1000 71 1000 71 1149 1243 721|0.15 0.021011484102388955 0.022249342117639515 0.007437279372879413
1355 1000 1355 766 96 96 766 1355 1355 1355 1355 1684 977 1358|0.15 -0.027744657131609785 0.03244284964029731 0.006328611226000813
1600 1720 3000 1000 1000 1720 1720 1000 200 1720 1600 1887 1414 1020|0.15 0.07368879060875244 0.02128789292281219 0.10149718322258305
1000 1000 1000 1600 200 1600 3000 1720 1720 1720 1720 1414 1020 1887|0.15 0.114433686089086 -0.11446702608385873 -0.23746116206029622
1075 1875 625 625 1075 1075 625 125 1075 1000 625 1976 637 884|0.15 -0.17907986696675038 -0.07544444996612332 0.07586034886564841
930 581 1744 1000 1000 581 581 1000 116 581 930 1838 1823 1097|0.15 0.03191369420731949 0.021399925676774956 0.08518811204109467
625 1875 1075 1075 625 625 1075 125 625 1000 1075 1179 1179 884|0.15 -0.12158600531026575 -0.04302121073497256 0.04753818132673615
1000 1000 1000 930 116 930 1744 581 581 581 581 822 1097 593|0.15 0.12053809718546749 -0.09007750988958785 -0.22305550427576093
625 1000 625 625 1075 1075 625 125 625 125 625 1179 637 1244|0.15 -0.055499177989628556 0.0014820488425981715 0.040559069410557314
200 1720 1600 1000 1000 1000 1000 1000 200 1720 1600 1020 1414 1020|0.15 0.019462156956482346 0.020099461374256666 0.018129116787177768
1000 1000 1000 1600 200 200 1600 1720 1000 1720 1000 1414 1020 1020|0.15 -0.027931138646504206 0.0761907772205217 0.015264222730821952
1600 1000 1600 1000 1000 1720 1720 1000 200 1000 200 1887 1414 1020|0.15 0.029875288484164653 0.02072830532980463 0.06420012906747763
1000 1000 1000 200 200 1600 1600 1000 1720 1000 1720 1414 1020 1887|0.15 0.03519406152646898 -0.07414031533466536 -0.6288959148700879
8602 8000 5000 5000 5000 5000 5000 1000 8602 8000 5000 9434 5099 9950|0.15 0.11327587262911942 0.02780232367041835 -0.05666032467091631
1600 1000 1600 1720 1720 1000 1000 1000 200 1000 200 1887 1990 1887|0.15 0.033371340313774756 0.017829931422250755 0.05653627682815188
581 1000 581 930 116 116 930 581 581 581 581 1157 1097 593|0.15 0.06422870157591243 -0.05434885945380663 -0.07633624291748409
625 1000 625 1075 625 625 1075 125 625 125 625 1179 1179 884|0.15 0.005291729208753981 0.0348614390967561 -0.030810104903512547
116 581 930 581 581 581 581 1000 116 581 930 1097 1157 593|0.15 -0.022722745709035097 0.006576381807106291 -0.0669841973705898
5000 8000 8602 5000 5000 5000 5000 1000 5000 8000 8602 5099 5099 7071|0.15 -0.5711235843146589 -0.05891738592288753 0.03833425302215643
1720 1000 1720 200 200 1600 1600 1000 1000 1000 1000 1990 1020 1020|0.15 0.012397583127550238 0.0052189619610487625 -0.16135227102655691
17317 15000 17317 14200 14200 24000 24000 1000 24808 15000 24808 17745 14235 37596|0.15 -1.1343501970117886 -0.06740722267734145 -0.02498897812695966
1220 1690 1747 70 70 1056 1056 1000 1220 1690 1747 954 1002 1250|0.15 -0.046688202013884794 -0.04614087082267182 -0.8425739772307639
24808 15000 24808 14200 14200 24000 24000 1000 17317 15000 17317 25109 14235 13544|0.15 -1.0635547865214645 -0.061885889404679206 -0.03258805355921601
1747 1690 1220 70 70 1056 1056 1000 1747 1690 1220 2648 1002 1768|0.15 -0.04086915645514888 -0.06706647467943472 -1.1256117245895325
58 1000 866 1386 820 820 1386 1433 58 1433 866 1025 782 822|0.15 0.06383458819978705 0.012594459286392468 -0.020134470634911583
1600 1000 1600 1154 1154 1654 1654 67 947 67 947 1887 1183 903|0.15 -0.045147420336143496 0.014203053643435659 0.03324981741834376
572 698 967 605 40 40 605 1000 572 698 967 1515 1012 574|0.15 0.06680995075822649 -0.001183140762801571 -0.07184091921061175
625 1000 625 1034 722 722 1034 592 42 592 42 1179 1567 739|0.15 -0.022218367227450075 0.01053978413318779 0.07367972991553229
40 1000 605 967 572 572 967 698 40 698 605 1012 1515 574|0.15 0.044303549706579126 0.013793243437731917 -0.02722882015767758
1600 1000 1600 1654 1654 1154 1154 67 947 67 947 1887 1674 2506|0.15 -0.059008116313588044 0.005855393087985661 0.04896226983579499
820 1433 1386 866 58 58 866 1000 820 1433 1386 782 1025 822|0.15 0.05700840599439427 0.0018715380144018745 -0.06540619790177504
625 1000 625 722 1034 1034 722 592 42 592 42 1179 564 1046|0.15 -0.02970877615956602 0.01338974562152595 0.04178519487952448
533 1104 1000 1000 1000 1104 1104 1000 67 1104 533 1133 1414 1002|0.15 0.04248946501830497 0.0235088976122233 0.04201865388878678
1000 1000 1000 533 67 533 1000 1104 1104 1104 1104 1414 1002 1133|0.15 0.11761859113477602 -0.044731871748285856 -0.17725223462407458
2069 1875 1875 1875 2069 2069 1875 125 2069 1000 1875 2652 1879 2652|0.15 -0.20587375076589698 -0.08955384968276747 0.10637637470439554
483 906 906 1000 1000 906 906 1000 60 906 483 1282 1535 1027|0.15 0.09801325216986845 0.02212566285453521 0.05484156735284795
1875 1875 2069 2069 1875 1875 2069 125 1875 1000 2069 2125 2125 2652|0.15 -0.18669659683774764 -0.0877576477563391 0.07616931687299822
1000 1000 1000 483 60 483 906 906 906 906 906 1282 1027 908|0.15 0.10461993515336498 -0.09247121270101077 -0.20901275189833646
625 1000 625 647 502 502 647 592 42 592 42 1179 1119 527|0.15 -0.02150986644236519 0.010878713095534565 0.07322722193655595
915 776 1546 966 64 64 966 1000 915 776 1546 1729 1031 917|0.15 0.07302889686377823 -0.005705573777912143 -0.07892012061110565
1600 1000 1600 803 803 1035 1035 67 947 67 947 1887 843 1241|0.15 -0.047579818844136756 0.013290208009324456 0.03584227551381547
83 1000 1246 1993 1179 1179 1993 1289 83 1289 1246 1050 1546 1182|0.15 0.03054256800937738 0.013316033639192426 -0.034473212583016055
625 1000 625 502 647 647 502 592 42 592 42 1179 776 667|0.15 -0.019211696541053813 0.011828375042746142 0.07336812066010001
1179 1289 1993 1246 83 83 1246 1000 1179 1289 1993 1546 1050 1182|0.15 0.07496223819108305 -0.007213042573503969 -0.07912930040677502
1600 1000 1600 1035 1035 803 803 67 947 67 947 1887 1067 1790|0.15 -0.061366161660091345 0.0002887464566092568 0.051439162116300174
64 1000 966 1546 915 915 1546 776 64 776 966 1031 1729 917|0.15 0.0594178367924969 0.0123295522463307 -0.024701471493986382
848 1690 1093 70 70 1056 1056 1000 848 1690 1093 1311 1002 891|0.15 -0.035335430905117926 -0.046683816296676506 -0.8620926186123168
12043 15000 12043 14200 14200 24000 24000 1000 15527 15000 15527 12651 14235 26852|0.15 -0.6894359342073542 -0.03508214283515665 -0.055340191958995755
1093 1690 848 70 70 1056 1056 1000 1093 1690 848 1891 1002 1127|0.15 -0.04777875657621222 -0.045431183513308104 -0.8341442836940183
15527 15000 15527 14200 14200 24000 24000 1000 12043 15000 12043 16002 14235 18619|0.15 -0.8114701197514662 -0.04530697739865919 -0.051455961836087694
6452 1875 6960 1886 471 11490 14142 1000 6452 1875 6960 5976 1374 6859|0.2 -0.04113712087923216 -0.07098131770495342 -0.47632286008738367
6128 1000 7542 3712 3441 3441 3712 533 251 533 1006 6872 4066 3658|0.2 -0.042920486394392166 0.013020067593412232 0.0009219034372009993
271 1000 2032 269 144 144 269 927 68 927 1651 1245 1095 197|0.2 0.09191464207672695 0.0019073553352511041 -0.035459821984270556
3691 7500 3691 530 530 994 994 250 3422 6094 3422 4596 729 3169|0.2 -0.3138441542374193 -0.053360397979919094 -0.08556872596306775
163 1231 163 561 561 606 606 41 87 164 87 1121 597 520|0.2 -0.10507295292293994 -0.011249063544356286 0.09903223933843464
155 1079 291 1781 73 292 2192 1000 155 1079 291 926 1063 213|0.2 0.03854965129576282 0.023648943857557114 -0.04281626544206274
1000 1000 1000 71 71 566 566 900 1116 200 1116 1414 951 1149|0.2 -0.0018738138321738873 0.02454002270094291 -0.013467533968142265
15780 8000 14142 14142 12728 2828 14142 1000 15780 8000 14142 16248 13454 16882|0.2 -0.0764529883176579 0.028044945951839484 0.03854887263181839
354 1000 1768 1768 1972 1972 1768 125 1591 125 1768 1275 1772 2110|0.2 -0.059116079438376046 -0.03578160948399578 0.034273406246607685
1000 1000 1000 566 71 71 566 1116 900 1116 200 1414 1002 951|0.2 -0.014914030681173474 -0.030666107051622316 -0.019798968691927543
2828 5000 2828 5579 5579 5000 5000 4500 354 5000 354 3606 5969 5745|0.2 -0.08273803899958798 0.021910671394351766 -0.024053570657284196
63 896 507 179 807 896 896 1000 63 896 507 1030 1070 853|0.2 0.01713880189630368 0.018073536691560754 0.09064538192405269
289 1000 1443 1443 1179 1179 1443 125 1299 125 1443 1190 1519 1329|0.2 -0.043716312987410744 -0.007673953335631811 0.018426369599782166
1000 1000 1000 693 87 87 693 817 900 817 200 1414 1052 953|0.2 -0.039102081630503216 0.018222282772568654 0.011099784820125524
1000 1000 1000 87 87 693 693 900 817 200 817 1414 953 825|0.2 0.034597176250903416 0.023418434668454058 -0.09950842828900353
9434 8000 11547 11547 10392 2309 11547 1000 9434 8000 11547 9522 11000 10630|0.2 -0.18876193381765494 0.004814517684872399 0.01963678400254354
3464 5000 3464 4085 4085 5000 5000 4500 433 5000 433 4123 4603 4123|0.2 0.5930913230861967 0.019592607820293484 0.10418205557304328
106 1224 848 245 1102 1224 1224 1000 106 1224 848 1009 1127 1166|0.2 0.03330510149069488 0.02170082692684039 0.20513378743877153
3691 7500 3691 2604 2604 4883 4883 250 3422 6094 3422 4596 2652 4715|0.2 -0.5802384642041436 -0.0829212984913541 -0.04719551054873872
1314 1875 1417 384 96 2340 2880 1000 1314 1875 1417 1811 1018 1397|0.2 -0.04114225499704083 -0.0697993814280129 -0.4782290475544859
271 1000 2032 1323 705 705 1323 927 68 927 1651 1245 1447 718|0.2 0.022313799856741312 0.013552620466514842 -0.02429947834746482
761 1079 1427 1781 73 292 2192 1000 761 1079 1427 1378 1063 775|0.2 0.008588459374410107 0.016951922655055185 -0.022114382358277007
801 1231 801 561 561 606 606 41 427 164 427 1368 597 774|0.2 -0.09272667745416241 -0.04414359104346621 0.06718230530380342
1248 1000 1536 756 701 701 756 533 51 533 205 1708 1094 745|0.2 -0.016255095584276624 0.018399314581223347 -0.016541171731786486
5543 1875 5683 1540 385 9382 11547 1000 5543 1875 5683 5551 1262 5860|0.2 -0.03169348367656366 -0.04148613421156799 -0.3445844300883272
5004 1000 6158 3031 2956 2956 3031 533 205 533 821 5640 3198 3125|0.2 -0.05389981566863544 0.006164175186844645 0.02526210116415628
271 1000 2032 330 176 176 330 975 68 975 1651 1245 1055 222|0.2 0.017944592151706296 0.015441341470745495 -0.015323625040830624
3691 7500 3691 650 650 1218 1218 250 3601 6094 3601 4596 820 3605|0.2 -0.4414189011723735 -0.07241592474787839 -0.07491696158306249
200 1231 200 591 591 606 606 41 107 164 107 1127 625 592|0.2 -0.005896933709121921 0.019550646330155352 -0.010977796594782152
180 1025 338 1692 69 278 2083 1000 180 1025 338 1001 1057 228|0.2 -0.06315669265582025 0.038130297094998156 0.04074051966839409
4085 7500 4085 1709 1709 3205 3205 250 3601 6094 3601 4918 1781 3766|0.2 -0.15463424196723863 -0.006933314117099076 -0.029369564545599358
2106 1875 2390 585 146 3565 4388 1000 2106 1875 2390 2203 1042 2227|0.2 -0.025239096503421043 -0.0363797697506818 -0.30455754258458145
245 1000 1836 785 418 418 785 881 61 881 1492 1204 1258 436|0.2 0.06426158574937668 0.010698215908258035 -0.014176826406830934
475 1135 890 1692 69 278 2083 1000 475 1135 890 1046 1057 495|0.2 0.10691150759242651 -0.014623799148877348 -0.11190990714835869
526 1231 526 591 591 670 670 41 281 164 281 1228 625 618|0.2 0.008969659348101455 0.030040503008548214 -0.024032059186256394
1901 1000 2340 1275 1123 1123 1275 533 78 533 312 2334 1604 1188|0.2 -0.01599176121396928 0.017563874663959478 -0.010435908683642525
2060 2143 2143 1246 83 1246 3737 1000 2060 2143 2143 2466 1050 2085|0.2 0.006248334214462581 -0.10432738267261876 -0.2597189135025024
581 1000 1744 1000 961 961 1000 467 39 467 581 1419 1238 973|0.2 0.0038181839841566756 0.014168737365385375 0.1136942697618859
581 1000 1744 1000 467 467 1000 961 39 961 581 1419 1238 490|0.2 0.08796816876740055 0.015751245077919585 0.0023338964554531216
1720 3000 1720 803 803 1720 1720 67 1654 1000 1654 2441 843 1980|0.2 -0.279237859435173 -0.09581090306182705 0.05263170333633216
1720 3000 1720 1654 1654 1720 1720 67 803 1000 803 2441 1674 1980|0.2 -0.3033984271097345 -0.07365109246131762 0.1273312273627325
485 1040 1040 605 40 605 1814 1000 485 1040 1040 1197 1012 510|0.2 0.103082196026405 -0.05935895520381651 -0.2627884288171134