573 533 333 1000 1000 533 533 1000 739 533 573 629 1414 783|0.001 0.09904414829927655 -0.1218856426980508 0.021263135111688758
1000 1000 1000 333 573 739 573 533 533 533 533 1414 629 783|0.001 -0.018029155349430503 -0.11585934776841667 0.034770714058922625
1600 1720 3000 3000 1600 1600 3000 1720 1600 2218 3000 1887 1887 2263|0.001 0.05785171562975755 -0.033905132174111285 -0.030983798727922673
930 581 1744 1744 930 930 1744 1289 930 1000 1744 1838 1366 1315|0.001 0.0992121359763165 -0.03608750429755836 -0.03373267729100293
739 533 573 1000 1000 533 533 1000 573 533 333 783 1414 1153|0.001 0.09533343018091056 -0.061626964141473506 -0.026969894464486943
1000 1000 1000 573 333 573 739 533 533 533 533 1414 1054 629|0.001 0.12075381032393029 0.004738762409086661 -0.058448516277703755
625 1875 1075 1000 1000 1875 1875 1000 1075 1875 1386 1179 1414 1976|0.001 0.025118845110814192 -0.06971664863270943 0.014390552662424394
1744 1289 930 930 1744 1744 930 581 1744 1000 930 2010 1097 2466|0.001 0.07510631940721657 -0.17771338701390027 0.09249432203597863
1000 1000 1000 1075 1386 1075 625 1875 1875 1875 1875 1414 2161 1468|0.001 0.04153288573812253 -0.17305672066105338 0.03502167151921087
3000 1720 1600 1600 3000 3000 1600 1720 3000 2218 1600 3162 3162 4243|0.001 0.0245745599837921 -0.2349946885608467 0.04709255919871591
1000 1000 1000 625 1075 1386 1075 1875 1875 1875 1875 1414 1976 2161|0.001 0.025383063979977916 -0.1500022331660733 0.04613562283458439
1075 1875 625 1000 1000 1875 1875 1000 1386 1875 1075 1976 1414 2161|0.001 0.05292672120868369 -0.0744132953540455 -0.02069046627028781
333 533 573 1000 1000 533 533 1000 573 533 739 1054 1414 629|0.001 0.09507868939245157 -0.12804034968392108 0.029125760983264026
1000 1000 1000 573 739 573 333 533 533 533 533 1414 783 1153|0.001 0.028595270568754216 -0.03596005811442149 0.0025534137940175228
930 1289 1744 1744 930 930 1744 581 930 1000 1744 1366 1838 1315|0.001 0.08796229346637041 -0.04736986199358029 -0.03305212181274664
1000 1000 1000 739 573 333 573 533 533 533 533 1414 1153 1054|0.001 -0.00460249798236001 -0.09426214722487503 0.015834925386088994
721 776 1353 1353 721 721 1353 776 721 451 1353 1559 1559 1020|0.001 0.11513891246360597 -0.024526585193895833 -0.06239025547322141
573 533 739 1000 1000 533 533 1000 333 533 573 1153 1414 1054|0.001 0.14628039374595003 -0.004616720927359541 -0.02441912085360931
1075 1875 1386 1000 1000 1875 1875 1000 625 1875 1075 1468 1414 1179|0.001 0.08022053288625486 -0.048921509796528984 0.005737544493831237
1353 776 721 721 1353 1353 721 776 1353 451 721 1059 1059 1913|0.001 0.09404960312348276 -0.10982067725432643 0.08967258773092013
1000 1000 1000 1386 1075 625 1075 1875 1875 1875 1875 1414 1468 1179|0.001 0.15055977112802488 -0.04129334922004624 0.010436617892408684
1000 1000 1000 1075 625 1075 1386 1875 1875 1875 1875 1414 1179 1976|0.001 0.1455253844375548 -0.04219428537668546 -0.027541786085403253
1744 581 930 930 1744 1744 930 1289 1744 1000 930 1097 2010 2466|0.001 0.09653203542414168 -0.10398295243067568 0.07257045325672395
1386 1875 1075 1000 1000 1875 1875 1000 1075 1875 625 2161 1414 1468|0.001 0.0025185866247090516 -0.09278321736815975 -0.005127073157168427
3000 1000 3000 566 1061 1299 693 738 2250 817 2600 3162 791 2487|0.001 0.02934257524509265 -0.12861151218770628 0.08519274417784217
1305 1875 1768 5303 4596 3977 5303 1225 1444 2296 1768 1398 4704 4186|0.001 0.08309899704062262 -0.03574613280320382 -0.034718597069789414
231 867 189 333 333 272 246 1000 433 750 354 887 1054 363|0.001 0.11928974344560972 -0.08584102116165004 -0.013693119426493316
333 1000 333 354 433 231 189 750 272 867 246 1054 829 503|0.001 0.0879392739307594 -0.0601468353788126 -0.02736690242126083
2121 1225 2828 943 696 770 943 533 2451 653 2828 2345 1373 2548|0.001 -0.0026003509745564646 -0.10312907791774073 0.040699553048841874
566 738 1061 3000 3000 2600 2250 1000 693 817 1299 1456 3162 2661|0.001 0.01344541242811248 -0.06742625990909024 0.011963158638550464
3000 1000 3000 1299 693 566 1061 817 2600 738 2250 3162 1510 3053|0.001 0.07478288600903271 -0.07895301910452512 -0.029764719182422406
354 750 433 333 333 246 272 1000 189 867 231 1061 1054 485|0.001 0.1351136569690592 -0.05079285005007539 -0.03097379880216078
629 533 770 2309 1732 2001 2309 816 568 435 770 1162 2449 1823|0.001 0.12077383178775714 -0.06381606292617081 -0.025499640109168942
333 1000 333 231 189 354 433 867 246 750 272 1054 1018 264|0.001 0.08562814134442709 -0.06409144378301979 0.013640295950898551
1299 817 693 3000 3000 2250 2600 1000 1061 738 566 1090 3162 3182|0.001 0.05977971774318691 -0.21650605423851998 0.03443820469447134
3753 816 4330 1443 1179 1066 1443 1875 3248 1531 4330 4406 1573 3901|0.001 0.06605385138558129 -0.13432264784254855 0.04605018055733989
5303 1225 4596 1305 1768 1768 1444 1875 5303 2296 3977 5397 2574 5590|0.001 0.11237437031034414 -0.1392888765903888 0.005590687344836365
1437 1355 766 3522 3048 4064 4064 1107 1760 1355 938 1972 3208 4310|0.001 -0.006663334440719648 -0.24127821334739452 0.02458756156775488
314 865 284 218 266 500 408 1154 385 1154 385 911 1174 581|0.001 0.02760135016172116 -0.12571683998371608 0.025964719305366923
943 533 696 2121 2828 2828 2451 1225 943 653 770 745 3000 2981|0.001 0.13507182473425638 -0.031229328807609313 -0.02639280699936908
577 1333 471 328 363 444 444 1156 308 1333 251 1414 1201 484|0.001 0.01861414847788012 -0.11440508310981645 -0.007964757897046537
3522 1107 3048 1437 766 938 1760 1355 4064 1355 4064 3661 1071 4135|0.001 0.08125310824635745 -0.05020059310513858 -0.038814707314461794
2309 816 1732 629 770 770 568 533 2309 435 2001 1915 839 2434|0.001 0.04603104224228938 -0.041667584816833525 -0.016566821933519105
328 1156 363 577 471 251 308 1333 444 1333 444 1052 1106 351|0.001 0.12794828235302758 -0.08229632990966795 -0.004045857955647936
848 1224 1590 2754 3182 3672 3672 904 692 1224 1298 1334 2898 3257|0.001 0.04343311568836494 -0.029966251880362282 0.01333353560824424
1443 1875 1179 3753 4330 4330 3248 816 1443 1531 1066 2179 3841 4564|0.001 0.040395404908482035 -0.07563216643695858 -0.008882359015693897
218 1154 266 314 284 385 385 865 408 1154 500 1023 1040 560|0.001 -0.017227792689993304 -0.11753691068113192 0.03125703915010547
2754 904 3182 848 1590 1298 692 1224 3672 1224 3672 3308 1848 3045|0.001 0.047950235633238414 -0.10303782297383379 0.08513089038049149
333 1000 333 573 573 573 573 1000 1000 1000 1000 1054 1153 814|0.001 0.055877018087187036 -0.12426799708589065 0.005952427894608814
1720 3000 1720 3000 3000 3000 3000 1000 1720 3000 1720 2441 3162 3458|0.001 0.13065736194544098 0.007318768413298038 -0.01871898345927603
3000 1000 3000 1720 1720 1720 1720 3000 3000 3000 3000 3162 2441 3458|0.001 0.2932735100328121 -0.019560831877148965 -0.009872033221913767
1744 1000 581 1744 1744 1744 1744 1000 1744 1000 581 1419 2010 2466|0.001 0.029341059593379626 -0.37324495253476253 0.037367517389457205
573 1000 573 333 333 1000 1000 1000 573 1000 573 1153 1054 814|0.001 0.09457186230380055 -0.09072311084622364 -0.007007983353569669
333 1000 333 573 573 573 573 1000 1000 1000 1000 1054 1153 814|0.001 0.053979395565131316 -0.11140197569696086 0.01942569424206564
1720 3000 1720 3000 3000 3000 3000 1000 1720 3000 1720 2441 3162 3458|0.001 0.08458951159143968 -0.009498968843435485 -0.007828448206396166
3000 1000 3000 1720 1720 1720 1720 3000 3000 3000 3000 3162 2441 3458|0.001 0.2847005995144536 -0.09679664092873574 0.04036872140347869
573 1000 573 333 333 1000 1000 1000 573 1000 573 1153 1054 814|0.001 0.0881339682729787 -0.08220767483303693 -0.019851850029815044
1744 1000 581 1744 1744 1744 1744 1000 1744 1000 581 1419 2010 2466|0.001 0.029244678752549103 -0.21641852642850679 0.01005956922873752
581 1000 1744 1744 1744 1744 1744 1000 581 1000 1744 1419 2010 1838|0.001 0.0035714560071720136 -0.05272751158989952 0.030827158110888764
1000 1000 1000 573 573 573 573 333 1000 333 1000 1414 814 1153|0.001 0.04430509006384087 -0.008011134478417281 -0.013838000511113835
1744 1000 1744 1744 581 581 1744 1000 1744 1000 1744 2010 1419 1838|0.001 0.09165928196815498 -0.08835083869115912 -0.056478701762381345
573 333 573 1000 1000 1000 1000 1000 573 333 573 814 1414 1153|0.001 0.10025982554470625 -0.01755582508225717 -0.0032040917102149624
1000 1000 1000 573 573 573 573 1000 333 1000 333 1414 1153 814|0.001 0.09409636804837973 -0.07183308298928659 -0.015060400801628626
581 1000 1744 1744 1744 1744 1744 1000 581 1000 1744 1419 2010 1838|0.001 0.005118826704966217 -0.04313946060762852 0.014477763100055885
1000 1000 1000 573 573 573 573 333 1000 333 1000 1414 814 1153|0.001 0.045319821503766455 -0.07402617158670188 -0.02047535853557214
1744 1000 1744 1744 581 581 1744 1000 1744 1000 1744 2010 1419 1838|0.001 0.09822589512207491 -0.050244602273569194 -0.061367196241647326
573 333 573 1000 1000 1000 1000 1000 573 333 573 814 1414 1153|0.001 0.11014535959364746 -0.068173414620889 0.014023883699190165
1000 1000 1000 573 573 573 573 1000 333 1000 333 1414 1153 814|0.001 0.14464812452156917 -0.029759642625847293 -0.045927578234012945
1805 904 1377 1875 2432 2775 2561 1875 5967 1694 5164 1647 3246 4387|0.001 0.15880867806950194 -0.1262950236812732 -0.011925720570616916
1000 1297 533 734 2754 3182 963 1366 904 1480 482 1731 2050 2898|0.001 0.03880117877686162 -0.22835011337557942 0.21621993488770475
1860 3750 1362 726 656 1230 1362 1311 2015 4333 1766 2791 1196 2357|0.001 0.04177554350816903 -0.04671332010866891 0.006142234178336814
501 763 554 1347 1537 1418 1039 3305 938 2860 1039 1118 2430 1443|0.001 0.12450632348715907 -0.09553319152408202 0.020151874123568447
2453 1141 742 411 771 697 372 771 2123 1053 566 1804 669 2550|0.001 0.04267073928877485 -0.2733720718501853 0.09852283931299777
1875 1875 2432 1805 1377 5164 5967 904 2561 1694 2775 1627 2019 3844|0.001 -0.02106977242263941 -0.10923158882058304 -0.023981566135823362
1524 1107 1998 3071 2834 2075 2692 1875 5715 2075 6604 1823 2882 3415|0.001 0.04301498702680151 -0.05187968386252906 0.002837005042481966
1347 3305 1537 501 554 1039 938 763 1039 2860 1418 2210 912 901|0.001 -0.006113321690249807 -0.04524872184564099 0.007037949894561635
726 1311 656 1860 1362 1766 2015 3750 1362 4333 1230 1466 2241 2357|0.001 0.10124995280397009 -0.13953654512341762 -0.0004828513628130082
3071 1875 2834 1524 1998 6604 5715 1107 2692 2075 2075 3592 2234 4415|0.001 -0.012709734374022341 -0.09902483125141526 0.034434496157462746
2016 732 538 353 662 732 391 1084 2330 950 705 1205 1267 2422|0.001 0.0532214932458519 -0.18438000236147278 0.029599291835256114
734 1366 2754 1000 533 482 904 1297 963 1480 3182 1646 868 878|0.001 0.04346200950168022 -0.03491429570400717 -0.024601283798301177
328 1156 363 363 496 537 471 267 175 350 194 1052 598 504|0.001 0.022437244353206154 -0.08298256522401237 -0.010069079864813979
411 771 771 2453 742 566 2123 1141 372 1053 697 1334 1640 830|0.001 0.08266674500093885 -0.05211332337631713 -0.05440872413518649
465 303 408 314 284 151 168 865 429 231 314 669 1040 544|0.001 0.09376709710390285 -0.07284701568457952 -0.0028173169946976717
2754 904 3182 1297 1000 1366 1480 533 734 482 963 3308 1731 1646|0.001 0.06679640238295814 -0.04817401388920506 -0.020053987085659752
651 877 2151 611 326 360 676 923 496 676 1861 1581 1170 594|0.001 0.04537779496906813 -0.0379364402961313 -0.026676839058932256
314 865 284 465 408 314 429 303 168 231 151 911 735 544|0.001 0.06260896347228373 -0.005478334588867595 -0.03066382064179307
1511 533 1638 3522 3048 813 1066 1107 1107 590 1436 1916 3208 2269|0.001 0.13446800682847204 -0.06394297487332112 -0.043996271024326905
353 1084 662 2016 538 705 2330 732 391 950 732 1017 1501 788|0.001 0.07939033250288885 -0.02707788164477254 -0.06089537176170556
363 267 496 328 363 194 175 1156 471 350 537 744 1201 315|0.001 0.11372633086466521 -0.06767114801192076 -0.008750984179685117
3522 1107 3048 1511 1638 1436 1107 533 1066 590 813 3661 1537 2589|0.001 0.08385593995749785 -0.055819347321114376 -0.03120098069883892
1000 1000 1000 125 125 125 125 1000 1000 1000 1000 1414 1008 1008|0.001 0.16922439383487253 0.00844049559006077 -0.05248321684753754
8000 1000 8000 8000 8000 8000 8000 1000 8000 1000 8000 8062 8062 11314|0.001 0.09643779739532787 -0.057346525741641674 -0.005439978918089228
125 1000 125 1000 1000 1000 1000 1000 125 1000 125 1008 1414 1008|0.001 0.11813355482393373 0.01180453267033199 -0.03088339725005662
1000 1000 1000 125 125 125 125 1000 1000 1000 1000 1414 1008 1008|0.001 0.023850645542735638 -0.1391213197963992 0.027613794551004656
8000 1000 8000 8000 8000 8000 8000 1000 8000 1000 8000 8062 8062 11314|0.001 0.12287536734909121 0.007453185478782931 -0.03802578679449442
125 1000 125 1000 1000 1000 1000 1000 125 1000 125 1008 1414 1008|0.001 0.07620095844451669 -0.048430090473825516 -0.01833862941622355
1000 1000 1000 125 125 125 125 1000 1000 1000 1000 1414 1008 1008|0.001 0.034746321212995035 -0.12944211165434205 0.023349536126493486
125 1000 125 1000 1000 1000 1000 1000 125 1000 125 1008 1414 1008|0.001 0.11322413780633145 -0.020435573345490843 -0.021968056331251873
8000 1000 8000 8000 8000 8000 8000 1000 8000 1000 8000 8062 8062 11314|0.001 0.04045936700227237 -0.11186310742429373 0.03205132014307832
1000 1000 1000 125 125 125 125 1000 1000 1000 1000 1414 1008 1008|0.001 0.020309108447851276 -0.13961882031301553 0.00803727247765229
125 1000 125 1000 1000 1000 1000 1000 125 1000 125 1008 1414 1008|0.001 0.04698830211567806 -0.12374308603410378 0.027581311273008335
8000 1000 8000 8000 8000 8000 8000 1000 8000 1000 8000 8062 8062 11314|0.001 -0.002075005266315433 -0.15123878794824686 0.03997811457906231
8000 1000 8000 8000 8000 8000 8000 1000 8000 1000 8000 8062 8062 11314|0.001 -0.025213069212027817 -0.16928490595004786 0.05936724221728973
125 1000 125 1000 1000 1000 1000 1000 125 1000 125 1008 1414 1008|0.001 0.09653431149746927 -0.056520793800076685 -0.008514540750839128
1000 1000 1000 125 125 125 125 1000 1000 1000 1000 1414 1008 1008|0.001 0.047369531624039674 -0.0902331839341397 0.02754457469781313
8000 1000 8000 8000 8000 8000 8000 1000 8000 1000 8000 8062 8062 11314|0.001 0.04961201711774832 -0.10513715124046974 0.02123602830082616
125 1000 125 1000 1000 1000 1000 1000 125 1000 125 1008 1414 1008|0.001 0.15956939363489298 -0.008371034398706456 -0.03825120208236443
1000 1000 1000 125 125 125 125 1000 1000 1000 1000 1414 1008 1008|0.001 0.003200957834526008 -0.11017825844333862 0.02079718265618924
8000 1000 8000 8000 8000 8000 8000 1000 8000 1000 8000 8062 8062 11314|0.001 0.08310781078192386 -0.04910729141354042 -0.024549791277538313
1000 1000 1000 125 125 125 125 1000 1000 1000 1000 1414 1008 1008|0.001 0.0027213194259556595 -0.1435784964207376 0.03712697411817789
125 1000 125 1000 1000 1000 1000 1000 125 1000 125 1008 1414 1008|0.001 0.048088793852045786 -0.08320893510520677 0.006054000782373947
8000 1000 8000 8000 8000 8000 8000 1000 8000 1000 8000 8062 8062 11314|0.001 0.06776248503183036 -0.045237610120767435 -0.004130721650519309
125 1000 125 1000 1000 1000 1000 1000 125 1000 125 1008 1414 1008|0.001 0.15447469269015635 -0.016923914352530156 -0.038338875088652635
1000 1000 1000 125 125 125 125 1000 1000 1000 1000 1414 1008 1008|0.001 0.0574674552083998 -0.07716909401660699 -0.003238236760588764
2069 1875 1875 3000 1600 3000 5625 1720 2498 3226 3226 2652 1887 3644|0.001 0.059885490195075164 -0.052040630277199185 -0.032404292618913866
573 533 333 625 1075 833 690 1875 1075 1000 625 629 1976 884|0.001 0.1272995989159309 -0.01521406082070742 -0.011333766665531098
3000 1720 1600 533 1000 1720 918 1104 1600 1332 853 3162 1414 1887|0.001 0.09430514316620675 -0.11970968153033335 0.01835160173156547
906 906 483 773 1450 2719 1450 1207 1559 1559 831 1027 1761 2866|0.001 0.06648842482370965 -0.1329769129206415 0.04816985797489348
1561 1875 1293 625 1075 2016 1172 1875 2016 3516 1172 2278 1976 2845|0.001 0.04210569592066227 -0.111226054713216 0.03377633626496346
3000 1720 1600 2069 1875 3226 2498 1875 5625 3226 3000 3162 2125 5929|0.001 0.2164440158300751 -0.06395703976293188 -0.03184937457297421
773 1207 1450 906 483 831 1559 906 1450 1559 2719 1264 1282 1528|0.001 0.05577351953128806 -0.053703741384429904 -0.030996321696467044
1075 1875 625 690 833 1075 625 533 573 1000 333 1976 872 884|0.001 0.07674242962726563 -0.008802926390216737 -0.0288602337324817
533 1104 1000 3000 1600 853 1600 1720 918 1332 1720 1133 1887 1006|0.001 0.08279056147947328 -0.05566076410384202 -0.036703924254799514
1600 1720 3000 1000 1104 1332 1720 533 853 918 1600 1887 1133 1395|0.001 0.02408512453680567 -0.0416064002873584 0.009975396850239182
573 533 333 333 573 306 178 533 444 284 368 629 629 809|0.001 0.06958258518257487 -0.09838641885581145 0.010801233593689119
625 1875 1075 573 333 625 1075 533 690 1000 833 1179 1054 884|0.001 -0.056962417132662146 -0.10448753980310865 0.002730770582446418
930 581 1744 1875 1452 1203 1090 1875 1744 1090 3269 1838 1541 1520|0.001 0.13212906441084193 -0.0626331519034884 0.0011211515186104748
625 1875 1075 1561 1293 1172 2016 1875 1172 3516 2016 1179 1635 1328|0.001 0.10287708798209172 -0.034296670828314335 -0.014247171769944389
1201 828 640 689 1291 751 400 1291 2252 751 1201 1047 1822 1416|0.001 0.10035430725952699 -0.029806100816699432 0.0727228066241925
1875 1875 1452 930 1744 3269 1744 581 1090 1090 1203 2646 1097 2056|0.001 0.0348385002162499 -0.06923820512378165 0.06545572451767345
690 533 833 1075 625 333 573 1875 625 1000 1075 1215 1179 884|0.001 0.09019634603809834 -0.06529630108326856 0.006729792141240143
689 1291 1291 1201 640 1201 2252 828 400 751 751 1061 1459 755|0.001 0.06656846605950895 -0.04672153602013562 -0.031083133385415573
1744 581 930 774 1000 581 641 533 930 310 496 1097 822 1838|0.001 0.031973280816279814 -0.1331437886595488 0.009757361208106996
333 533 573 573 333 368 444 533 178 284 306 1054 1054 378|0.001 0.09592333487685512 -0.03196805301816652 -0.019500683095985405
930 581 1744 1000 533 310 581 774 496 641 930 1838 1411 980|0.001 0.05898785328997347 -0.05900401591252602 -0.037882466226759615
774 533 1000 1744 930 496 930 581 641 310 581 1411 1838 1130|0.001 0.12438849690203702 -0.06402972713799415 -0.048945713117957146
1075 1875 625 573 333 625 1075 533 1114 1000 802 1976 1054 1244|0.001 -0.06501934078557148 -0.09355518859015532 0.02577532721646847
930 581 1744 1090 1398 1943 1875 1875 1744 1090 3269 1838 2169 2734|0.001 0.08737290148715271 -0.03543419809087678 -0.009993092049259689
1744 581 930 310 581 1000 533 1036 930 745 496 1097 1157 1097|0.001 0.08581676236146585 -0.11710442800684451 0.03842771716090709
3342 1875 3226 3000 1600 3000 5625 1720 2405 3226 1875 3731 1887 2103|0.001 0.04757948670504497 -0.06304238009525509 -0.051758256996116137
573 533 333 1075 625 802 1114 1875 1075 1000 625 629 1179 1244|0.001 0.17872050801548633 -0.0060205622832720795 -0.029573605536339365
333 533 573 333 573 306 178 533 427 284 594 1054 629 452|0.001 0.05633242506547509 -0.08319178800799576 0.03607113619567004
310 1036 581 1744 930 496 930 581 533 745 1000 1047 1838 585|0.001 0.10068041131737981 -0.025783702377879525 -0.047467272245003134
1600 1720 3000 1720 1783 1282 1000 533 853 918 1600 1887 1801 2509|0.001 -0.002593313747645265 -0.06581589893804196 0.02961861737780458
1600 1720 3000 1720 918 533 1000 1282 853 1783 1600 1887 1357 1687|0.001 0.10557308405385157 -0.047486220041838 -0.048742433816286734
333 533 573 333 573 594 427 533 178 284 306 1054 629 600|0.001 0.05301315582344257 -0.029912226452223356 -0.009931679083097222
745 533 581 1744 930 496 930 581 1036 310 1000 789 1838 652|0.001 0.15402586252302397 0.005120436549654883 -0.10295802247694885
1090 1875 1398 930 1744 3269 1744 581 1875 1090 1943 1479 1097 3446|0.001 0.03266475068985919 -0.07035214487660091 0.06116643239654218
625 1875 1075 1503 2089 2016 1172 1875 1172 3516 2016 1179 2940 2111|0.001 0.13989200450330364 -0.0712189076406855 -0.009206600578588464
1248 1390 665 716 1342 780 416 780 2339 1342 1248 1956 1058 1471|0.001 0.1036607157818148 -0.1200847069339317 0.10638165434531999
3000 1720 1600 3342 3226 1875 2405 1875 5625 3226 3000 3162 3377 3538|0.001 0.1978282850687907 -0.03279768370057834 -0.017445539731526516
561 965 299 479 898 1683 898 719 965 561 515 1010 629 1774|0.001 0.10254730148410385 -0.14537637759778566 0.12339924322001039
1503 1875 2089 625 1075 2016 1172 1875 1172 3516 2016 1314 1976 1590|0.001 0.0875642520302411 -0.06415918509902419 0.00135428632473511
479 719 898 561 299 515 965 965 898 561 1683 1407 1116 946|0.001 0.10844315981903385 -0.038648454878430494 -0.05243294041595292
1075 1875 625 1114 802 625 1075 533 573 1000 333 1976 1568 1244|0.001 0.08631323573916383 0.0018079480288313299 -0.015955269459619892
1744 581 930 745 581 1000 1036 533 930 310 496 1097 1157 1097|0.001 0.019992454098121115 -0.097090716722531 0.01019389718216468
716 780 1342 1248 665 1248 2339 1390 416 1342 780 1552 875 785|0.001 0.10463800802578804 -0.01483069152362737 -0.05013313421460608
1114 533 802 1075 625 333 573 1875 1075 1000 625 701 1179 1244|0.001 0.12595023604918598 -0.08652137692405582 0.02220299619216659
333 1000 333 1000 1000 533 533 1000 573 1000 573 1054 1414 629|0.001 0.06883302564725247 -0.09871802723083856 -0.00931187698812841
1000 1000 1000 333 573 573 333 533 1000 533 1000 1414 629 1153|0.001 0.041013148710500325 -0.06989734342123799 -0.007714543060448609
1600 1720 3000 3000 3000 3000 3000 1000 1600 1720 3000 1887 3162 3400|0.001 0.017141970188445654 -0.07027417902510158 0.03074831548231627
3000 1000 3000 3000 1600 1600 3000 1720 3000 1720 3000 3162 1887 3400|0.001 0.049730148288622544 -0.09534048625396752 -0.016359991072125712
573 533 333 1000 1000 1000 1000 1000 573 533 333 629 1414 1153|0.001 0.12147792831989523 -0.014244024506286923 -0.01447128143737264
1000 1000 1000 333 333 573 573 1000 533 1000 533 1414 1054 629|0.001 0.018931039957179596 -0.13373505231154104 0.045634893633610396
333 1000 333 533 533 1000 1000 1000 573 1000 573 1054 1133 1054|0.001 0.09013094055602577 -0.09953934034021006 -0.0071193758511567395
3000 1720 1600 3000 3000 3000 3000 1000 3000 1720 1600 3162 3162 4243|0.001 0.13288993500038648 -0.07138604273698834 -0.013338846496527834
1875 1000 1875 625 1075 1075 625 1875 1875 1875 1875 2125 1976 2161|0.001 0.08826207976529776 -0.11486535641449636 0.02619065851268365
3000 1000 3000 1600 3000 3000 1600 1720 3000 1720 3000 3162 3162 4243|0.001 0.025705125745165702 -0.11592997218255685 0.08957629079143548
533 1000 533 333 333 573 573 1000 1000 1000 1000 1133 1054 1054|0.001 0.02795058949683682 -0.1310831976900073 0.037404622274339605
1075 1875 625 1875 1875 1875 1875 1000 1075 1875 625 1976 2125 2161|0.001 0.15301832590079334 0.004088035015734626 -0.03907802055234222
333 533 573 1000 1000 1000 1000 1000 333 533 573 1054 1414 1054|0.001 0.06333163041491341 -0.08461248023438617 0.019791175734620303
1000 1000 1000 573 573 333 333 1000 533 1000 533 1414 1153 1054|0.001 0.06865490017489373 -0.07966206564542055 0.008608304119901433
1744 1000 1744 1744 930 930 1744 581 1744 581 1744 2010 1838 1976|0.001 0.1034029141925874 -0.08437323555622767 -0.049321116829634803
1000 1000 1000 573 333 333 573 533 1000 533 1000 1414 1054 1054|0.001 0.08508472240551956 0.022666535487050332 -0.031149666944748633
930 581 1744 1744 1744 1744 1744 1000 930 581 1744 1838 2010 1976|0.001 -0.00630133101498398 -0.07300516273318736 0.035907732491555766
573 1000 573 1000 1000 533 533 1000 333 1000 333 1153 1414 1054|0.001 0.120216722563673 -0.05343368509811097 -0.02355140788696919
625 1875 1075 1875 1875 1875 1875 1000 625 1875 1075 1179 2125 1976|0.001 0.003915555133657822 -0.05884113256516277 0.00029366047092027614
1744 1000 1744 930 1744 1744 930 581 1744 581 1744 2010 1097 2466|0.001 0.040096713973492015 -0.12569128621658598 0.09933029592976483
533 1000 533 573 573 333 333 1000 1000 1000 1000 1133 1153 629|0.001 0.03698097137167178 -0.10770928461479201 0.014679824055101598
1875 1000 1875 1075 625 625 1075 1875 1875 1875 1875 2125 1179 1976|0.001 0.13247424600485225 -0.12166964242582345 0.018590239321949475
1744 581 930 1744 1744 1744 1744 1000 1744 581 930 1097 2010 2466|0.001 0.12236015241175568 -0.02078180198342272 -0.01656893208315413
573 1000 573 533 533 1000 1000 1000 333 1000 333 1153 1133 629|0.001 0.08899507564142928 -0.04802712849210966 -0.0024245777026699056
1875 1000 1875 1299 693 566 1061 817 1475 738 1125 2125 1510 1958|0.001 0.08931454901570657 -0.08470823064368971 -0.027558302730793516
629 533 770 1443 866 1135 1443 816 568 435 770 1162 1658 1036|0.001 0.11044945058288347 -0.043017894650385635 -0.04202899755297862
566 600 693 533 533 394 436 1000 302 787 370 1149 1133 777|0.001 0.11508183903597757 -0.006938988630060816 -0.013252451732145287
533 1000 533 370 302 566 693 787 394 600 436 1133 1045 422|0.001 0.0963865443304801 -0.047492355132302544 -0.005346172429356866
2129 816 2706 1443 1179 1066 1443 1875 1624 1531 2706 2827 1573 2381|0.001 0.03259804460658877 -0.07644360194577482 0.010521663061417996
1299 817 693 1875 1875 1125 1475 1000 1061 738 566 1090 2125 2154|0.001 0.05585604793057142 -0.1928694455836666 0.006071790589801118
1875 1000 1875 566 1061 1299 693 738 1125 817 1475 2125 791 1546|0.001 0.013525723511194077 -0.1463611397368858 0.09323897987745244
370 787 302 533 533 436 394 1000 693 600 566 843 1133 581|0.001 0.06577778374860177 -0.01531361797010189 -0.015452185397493157
1305 1875 1768 3315 2607 1989 3315 1225 1444 2296 1768 1398 2793 2379|0.001 0.059010637858556425 -0.03438259300635682 -0.025146415698927838
533 1000 533 566 693 370 302 600 436 787 394 1133 825 805|0.001 0.06112477438201536 0.005931185513980974 -0.030018745283761916
566 738 1061 1875 1875 1475 1125 1000 693 817 1299 1456 2125 1580|0.001 0.07911035165784286 -0.052434583525953204 0.023825590392907436
1061 1225 1768 943 696 770 943 533 1391 653 1768 1458 1373 1555|0.001 0.012830253537039482 -0.07576517597765342 0.029909370064484797
1443 816 866 629 770 770 568 533 1443 435 1135 1190 839 1636|0.001 0.06325046719026117 -0.06201820519306733 -0.029670792825186032
848 1224 1590 1377 1805 2295 2295 904 692 1224 1298 1334 1647 1934|0.001 0.0639063558503894 -0.0416182398894116 0.01832026287921007
656 1311 726 1155 943 503 616 1667 889 1667 889 1196 1374 703|0.001 0.14520966855925632 -0.022464220196468654 -0.033815418156430965
1443 1875 1179 2129 2706 2706 1624 816 1443 1531 1066 2179 2280 3067|0.001 0.08952613706739276 -0.03494468833786568 0.022159835680690687
384 1271 470 554 501 678 678 763 719 1271 881 1071 1118 987|0.001 0.01692752595635616 -0.08258360027581957 0.02454686349459001
1377 904 1805 848 1590 1298 692 1224 2295 1224 2295 2019 1848 1892|0.001 0.009716292498314072 -0.06647565228998897 0.0721484900411129
3315 1225 2607 1305 1768 1768 1444 1875 3315 2296 1989 3462 2574 3757|0.001 0.18455860120157874 -0.016443591137070834 -0.04049671218567141
554 763 501 384 470 881 719 1271 678 1271 678 912 1328 1024|0.001 0.07957767189456177 -0.09566010244558387 -0.013486572566075994
1437 1355 766 1998 1524 2540 2540 1107 1760 1355 938 1972 1823 2918|0.001 0.07510585835807326 -0.09452397615512087 -0.030394114050127374
943 533 696 1061 1768 1768 1391 1225 943 653 770 745 2031 2003|0.001 0.08261957757807137 -0.09834638530973216 0.07616642121662132
1155 1667 943 656 726 889 889 1311 616 1667 503 1915 1466 969|0.001 0.11365502058150456 -0.051437671220048164 -0.016905343971949094
1998 1107 1524 1437 766 938 1760 1355 2540 1355 2540 2234 1071 2653|0.001 0.047110909332137574 -0.13214132065261674 -0.023856258840974087
1000 1000 1000 533 533 533 533 1000 1000 1000 1000 1414 1133 1133|0.001 0.10053957425457893 -0.04448912507511005 -0.0037797484872770237
1875 1000 1875 1875 1875 1875 1875 1000 1875 1000 1875 2125 2125 2652|0.001 0.14273969412652132 0.007664821006716505 -0.03058122919340378
533 1000 533 1000 1000 1000 1000 1000 533 1000 533 1133 1414 1133|0.001 0.06460679700625249 -0.11533157933763638 0.021891815242949253
1000 1000 1000 533 533 533 533 1000 1000 1000 1000 1414 1133 1133|0.001 0.09247503280633174 -0.06489035970564161 -0.02404707299257902
1875 1000 1875 1875 1875 1875 1875 1000 1875 1000 1875 2125 2125 2652|0.001 0.17017996900789312 0.014832236176498537 -0.0537719947180304
533 1000 533 1000 1000 1000 1000 1000 533 1000 533 1133 1414 1133|0.001 0.024939308981104524 -0.13110352453501228 0.021589758073350396
1000 1000 1000 533 533 533 533 1000 1000 1000 1000 1414 1133 1133|0.001 0.08299723002834547 -0.06968200941192992 -0.01593500520440494
533 1000 533 1000 1000 1000 1000 1000 533 1000 533 1133 1414 1133|0.001 0.15257706019877082 0.006350710900369094 -0.03131890183953101
1875 1000 1875 1875 1875 1875 1875 1000 1875 1000 1875 2125 2125 2652|0.001 0.18499660968938292 0.02338098318309223 -0.06342054120747953
1000 1000 1000 533 533 533 533 1000 1000 1000 1000 1414 1133 1133|0.001 0.0367796146876076 -0.13019742389290712 0.0315785915091471
533 1000 533 1000 1000 1000 1000 1000 533 1000 533 1133 1414 1133|0.001 0.05707752125367671 -0.11647861439926244 0.029679838580685125
1875 1000 1875 1875 1875 1875 1875 1000 1875 1000 1875 2125 2125 2652|0.001 0.025396496906218147 -0.15162117379538764 0.04555391971215128
1875 1000 1875 1875 1875 1875 1875 1000 1875 1000 1875 2125 2125 2652|0.001 0.01866969440233568 -0.14569482648755794 0.056158970631001726
533 1000 533 1000 1000 1000 1000 1000 533 1000 533 1133 1414 1133|0.001 0.06879001271259622 -0.10062151979076117 0.02601823733282327
1000 1000 1000 533 533 533 533 1000 1000 1000 1000 1414 1133 1133|0.001 0.07552349846158268 -0.09235609483200569 0.025917416029852536
1875 1000 1875 1875 1875 1875 1875 1000 1875 1000 1875 2125 2125 2652|0.001 0.02439993318545275 -0.12420956209617917 0.028061885251784435
533 1000 533 1000 1000 1000 1000 1000 533 1000 533 1133 1414 1133|0.001 0.12033337416379908 -0.026539512061692916 -0.03137264687443797
1000 1000 1000 533 533 533 533 1000 1000 1000 1000 1414 1133 1133|0.001 0.1039172124316301 0.005632522925200778 -0.023676381665592716
1875 1000 1875 1875 1875 1875 1875 1000 1875 1000 1875 2125 2125 2652|0.001 0.10815274963843935 -0.03734833983525809 -0.016609394315604264
1000 1000 1000 533 533 533 533 1000 1000 1000 1000 1414 1133 1133|0.001 0.035495555326805484 -0.12252367093425476 -0.006503154733219496
533 1000 533 1000 1000 1000 1000 1000 533 1000 533 1133 1414 1133|0.001 0.11427974207836034 -0.03236318771332014 -0.01875745861113054
1875 1000 1875 1875 1875 1875 1875 1000 1875 1000 1875 2125 2125 2652|0.001 0.05968433971248466 -0.05818711828567191 0.0013407657179542731
533 1000 533 1000 1000 1000 1000 1000 533 1000 533 1133 1414 1133|0.001 0.03811347529070863 -0.08915338982971144 0.024274501497727474
1000 1000 1000 533 533 533 533 1000 1000 1000 1000 1414 1133 1133|0.001 0.05826647106878191 -0.08682149483223323 0.015155610149710785
1875 1000 1875 1000 1000 1000 1000 1000 1875 1000 1875 2125 1414 2125|0.001 0.04164666630409153 -0.1191546990181458 0.014334029474474264
1000 1000 1000 1875 1875 1875 1875 1000 1000 1000 1000 1414 2125 2125|0.001 0.015475390736512384 -0.10959616825726215 0.009596913527043505
533 1000 533 533 533 533 533 1000 533 1000 533 1133 1133 754|0.001 0.0440116253808176 -0.07529835422653952 0.010888775496271652
533 1000 533 533 533 533 533 1000 533 1000 533 1133 1133 754|0.001 -0.004859334740358046 -0.13074566485624328 0.031315913097276216
1875 1000 1875 1000 1000 1000 1000 1000 1875 1000 1875 2125 1414 2125|0.001 0.027662473135992016 -0.09120619234157967 0.0109196872426498
1000 1000 1000 1875 1875 1875 1875 1000 1000 1000 1000 1414 2125 2125|0.001 0.09858588798956402 -0.059818405174880684 0.011631016818602902
1875 1000 1875 1000 1000 1000 1000 1000 1875 1000 1875 2125 1414 2125|0.001 0.0366109356432931 -0.09902245750597283 -0.00811632711835597
533 1000 533 533 533 533 533 1000 533 1000 533 1133 1133 754|0.001 0.0757717346176201 -0.08728963379795895 0.003329285176307817
1000 1000 1000 1875 1875 1875 1875 1000 1000 1000 1000 1414 2125 2125|0.001 0.05501842009551172 -0.10310134631209444 0.02386061435784015
533 1000 533 533 533 533 533 1000 533 1000 533 1133 1133 754|0.001 0.1039306839679921 -0.09215890728679232 -0.0064293059467501745
1000 1000 1000 1875 1875 1875 1875 1000 1000 1000 1000 1414 2125 2125|0.001 0.07477536695572606 -0.08397256703690292 0.023031329199303396
1875 1000 1875 1000 1000 1000 1000 1000 1875 1000 1875 2125 1414 2125|0.001 0.08033009531223101 -0.09313493166065889 0.025364498473241515
1875 1000 1875 1000 1000 1000 1000 1000 1875 1000 1875 2125 1414 2125|0.001 0.11177533236376602 -0.045918913148006446 -0.039266734370719814
1000 1000 1000 1875 1875 1875 1875 1000 1000 1000 1000 1414 2125 2125|0.001 0.05084965811007702 -0.07333618816668941 0.012740084793319006
533 1000 533 533 533 533 533 1000 533 1000 533 1133 1133 754|0.001 0.11731312256998416 -0.03107760857505637 -0.042799642618943645
1000 1000 1000 1875 1875 1875 1875 1000 1000 1000 1000 1414 2125 2125|0.001 0.012504398982766673 -0.09011378280429083 0.007415598691782321
533 1000 533 533 533 533 533 1000 533 1000 533 1133 1133 754|0.001 0.07445239276042681 -0.07426955718915607 -0.0021729043648310853
1875 1000 1875 1000 1000 1000 1000 1000 1875 1000 1875 2125 1414 2125|0.001 0.06527711432716465 -0.08704582218832635 -0.009141942769814726
1875 1000 1875 1000 1000 1000 1000 1000 1875 1000 1875 2125 1414 2125|0.001 0.03317466424444637 -0.0938628728505575 9.873219823708368e-05
533 1000 533 533 533 533 533 1000 533 1000 533 1133 1133 754|0.001 0.0151103984899148 -0.1420605435610922 0.02462805492347675
1000 1000 1000 1875 1875 1875 1875 1000 1000 1000 1000 1414 2125 2125|0.001 0.02302263999251597 -0.11675168808855774 0.017577868501714722
1000 1000 1000 1875 1875 1875 1875 1000 1000 1000 1000 1414 2125 2125|0.001 0.09997734591337792 -0.08634047038482473 -0.014883497812888669
533 1000 533 533 533 533 533 1000 533 1000 533 1133 1133 754|0.001 0.14464572757345362 -0.015399734548682265 -0.025772613405474765
1875 1000 1875 1000 1000 1000 1000 1000 1875 1000 1875 2125 1414 2125|0.001 0.021008665123081194 -0.12403704956345907 0.0087326340249394
2719 1000 906 273 513 628 335 1096 2356 960 713 1861 1253 2411|0.001 0.06521844064879323 -0.1348693217924135 0.048980494824804044
4007 1875 3658 3315 2607 8618 9944 1225 3513 2296 3658 4582 2793 5762|0.001 -0.06737772679268783 -0.11518787742514691 0.00856879164194968
370 787 302 1104 1104 1060 1209 3000 693 2600 566 843 2054 1127|0.001 0.24609883371779606 -0.08031209843364695 -0.019024032431465
368 333 368 189 231 123 101 867 353 262 403 685 887 419|0.001 0.08207895653404185 -0.11476993839725225 0.039023479292303875
4596 1225 5303 1951 2137 1873 1951 533 1391 653 1768 4704 1862 3379|0.001 -0.0025778913859819674 -0.07438223818582945 0.02461923244155173
273 1096 513 2719 906 713 2356 1000 335 960 628 955 1861 763|0.001 0.08124119652223927 -0.03543342521977966 -0.051549308152349926
906 1000 2719 628 335 273 513 960 713 1096 2356 1861 1140 947|0.001 0.04744349089868205 -0.041627497638601074 -0.02651843755107186
189 867 231 368 368 403 353 333 101 262 123 1018 685 351|0.001 0.029920456368268677 -0.07117237387421538 0.011275846830345326
1530 533 1593 4330 3753 1135 1443 816 1745 435 1593 1815 4406 2509|0.001 0.1387145583088234 -0.055928612912538034 -0.03755048693406482
1104 3000 1104 370 302 566 693 787 1209 2600 1060 2054 1045 1382|0.001 -0.009254153108423369 -0.0515584290412785 0.008962256569737814
2129 816 2706 2987 2868 3272 2987 1875 7036 1531 8119 2827 3051 5173|0.001 0.15638692520695718 -0.013783103742474045 -0.017987927411174942
3315 1225 2607 4007 3658 3658 3513 1875 9944 2296 8618 3462 3492 6807|0.001 0.12275250238688029 -0.14934020116144975 -0.002965919996319455
468 913 250 651 2151 2481 827 877 573 913 306 871 1438 2525|0.001 0.028198165189778912 -0.19935081747154415 0.14949454171467425
1347 3305 1537 384 470 881 719 1271 1403 3814 1403 2210 1328 1599|0.001 0.027557477102844175 -0.054608011994770056 0.0024403100498715524
266 1154 218 465 408 424 424 303 142 385 116 1174 735 434|0.001 0.0161781576743647 -0.0420781690300831 -0.005222728524651998
651 877 2151 468 250 306 573 913 827 913 2481 1581 1143 864|0.001 0.04633904358480434 -0.040248606297776934 -0.024542843931634195
4330 816 3753 1530 1593 1593 1745 533 1443 435 1135 3841 1627 2964|0.001 0.030975508847288502 -0.06808819885870787 -0.006509481025656072
465 303 408 266 218 116 142 1154 424 385 424 669 1023 532|0.001 0.10922556879959355 -0.0273736279843384 -0.03347947492609804
349 1041 654 2453 742 944 2831 1141 285 1041 534 1064 1640 795|0.001 0.08749460910114415 -0.05523559764117225 -0.06552731406613388
2987 1875 2868 2129 2706 8119 7036 816 2987 1531 3272 3404 2280 5558|0.001 0.011589850442601524 -0.06980253015623106 0.02877409199109504
384 1271 470 1347 1537 1403 1403 3305 719 3814 881 1071 2430 1339|0.001 0.2332639675319914 -0.08516837615677897 -0.004443005242074083
2453 1141 742 349 654 534 285 1041 2831 1041 944 1804 1187 2511|0.001 0.07622786023712802 -0.14775121911506872 0.07641059811752227
625 1000 625 1000 1000 1000 1000 1000 625 1000 625 1179 1414 1179|0.001 0.12621924481831304 -0.046189438568426944 -0.015886741515046543
1000 1000 1000 625 625 625 625 1000 1000 1000 1000 1414 1179 1179|0.001 0.010836406148913014 -0.15551112849136017 0.058637150435996155
1600 1000 1600 1600 1600 1600 1600 1000 1600 1000 1600 1887 1887 2263|0.001 0.07541806087211 -0.028714599619507064 -0.0017719309625952029
1600 1000 1600 1600 1600 1600 1600 1000 1600 1000 1600 1887 1887 2263|0.001 0.10340483179627435 -0.016530293822968334 -0.025130824033995358
625 1000 625 1000 1000 1000 1000 1000 625 1000 625 1179 1414 1179|0.001 0.0545592882564927 -0.06963164402409183 -0.0007791748064112092
1000 1000 1000 625 625 625 625 1000 1000 1000 1000 1414 1179 1179|0.001 0.09785153935103708 -0.026089596920932934 -0.015599041205002218
625 1000 625 1000 1000 1000 1000 1000 625 1000 625 1179 1414 1179|0.001 0.03458141732310738 -0.12334012403853234 0.008941998489577774
1600 1000 1600 1600 1600 1600 1600 1000 1600 1000 1600 1887 1887 2263|0.001 0.08853421929754246 -0.06327109025165645 -0.030873829690046817
1000 1000 1000 625 625 625 625 1000 1000 1000 1000 1414 1179 1179|0.001 0.08273358083414895 -0.07517598382690283 -0.026647611710365338
1600 1000 1600 1600 1600 1600 1600 1000 1600 1000 1600 1887 1887 2263|0.001 0.10482603127866197 -0.07660734389500212 0.007478581546238594
1000 1000 1000 625 625 625 625 1000 1000 1000 1000 1414 1179 1179|0.001 0.11515786787872129 -0.048197260347975224 -0.013870176401685752
625 1000 625 1000 1000 1000 1000 1000 625 1000 625 1179 1414 1179|0.001 0.07022758551707087 -0.029187297103527854 -0.0031265244996303565
625 1000 625 1000 1000 1000 1000 1000 625 1000 625 1179 1414 1179|0.001 0.03248339718978199 -0.09760674501088862 0.007037297838436984
1000 1000 1000 625 625 625 625 1000 1000 1000 1000 1414 1179 1179|0.001 0.09084218078518891 -0.026620139791962982 -0.0045843889115726455
1600 1000 1600 1600 1600 1600 1600 1000 1600 1000 1600 1887 1887 2263|0.001 0.11185095598412298 -0.03433409973422341 -0.02712816626906256
1000 1000 1000 625 625 625 625 1000 1000 1000 1000 1414 1179 1179|0.001 0.09848042647258248 -0.08043907212417878 -0.003000144646313485
1600 1000 1600 1600 1600 1600 1600 1000 1600 1000 1600 1887 1887 2263|0.001 0.028772434824919646 -0.11322431128239607 0.03944591877864889
625 1000 625 1000 1000 1000 1000 1000 625 1000 625 1179 1414 1179|0.001 0.011992315881517168 -0.08225356775466097 0.00643925914545429
625 1000 625 1000 1000 1000 1000 1000 625 1000 625 1179 1414 1179|0.001 0.12214020011216187 -0.03959310524982773 -0.027136768664893784
1600 1000 1600 1600 1600 1600 1600 1000 1600 1000 1600 1887 1887 2263|0.001 0.07152976670581124 -0.06354997029291432 -0.003474055102795637
1000 1000 1000 625 625 625 625 1000 1000 1000 1000 1414 1179 1179|0.001 0.12222181522089315 -0.040405455816652225 -0.0019189459921764573
1000 1000 1000 625 625 625 625 1000 1000 1000 1000 1414 1179 1179|0.001 -0.005997969281464899 -0.10155539717769724 0.01773210662274316
1600 1000 1600 1600 1600 1600 1600 1000 1600 1000 1600 1887 1887 2263|0.001 0.09556858529298884 -0.04542089883815659 0.0005177786831156439
625 1000 625 1000 1000 1000 1000 1000 625 1000 625 1179 1414 1179|0.001 0.13222805563124274 -0.0032789463304538913 -0.031633360868534854
1000 1000 1000 433 433 354 354 500 750 500 750 1414 829 1061|0.001 0.027506829208336914 -0.07681234172540852 0.0016946310330112624
1155 1000 2309 2309 1732 1732 2309 816 1155 816 2309 1915 2449 2082|0.001 0.056025017884495654 -0.049103133570739255 -0.010219578132069085
354 750 433 1000 1000 500 500 1000 354 750 433 1061 1414 791|0.001 0.0980179934610792 -0.04575627801300386 0.00021076459803426317
1000 1000 1000 433 354 354 433 750 500 750 500 1414 1061 791|0.001 0.09435007771604553 -0.017074908341165873 -0.023961480313213768
1732 816 2309 2309 1155 1155 2309 1000 1732 816 2309 2449 1915 2082|0.001 0.08393711696395689 -0.04543815931628559 -0.046203617273439246
433 500 433 1000 1000 750 750 1000 354 500 354 829 1414 1061|0.001 0.08756116905664246 -0.12248660740197259 0.011723361966158308
1000 1000 1000 354 354 433 433 500 750 500 750 1414 791 829|0.001 0.020604423098460334 -0.10221260417250355 0.0029128116617549438
433 750 354 1000 1000 500 500 1000 433 750 354 829 1414 829|0.001 0.10763176669444263 -0.014111635345863682 -0.021143455333574313
1414 1000 2828 2828 2121 2121 2828 1225 1414 1225 2828 2236 2345 2550|0.001 0.06922570603397071 -0.03979107273631599 -0.03328011086404015
1000 1000 1000 354 433 433 354 750 500 750 500 1414 829 829|0.001 0.0680129603318469 -0.06378124959909637 0.02106492172283092
354 500 354 1000 1000 750 750 1000 433 500 433 791 1414 829|0.001 0.08131455420481437 -0.048835662808308644 -0.014101197312210711
2121 1225 2828 2828 1414 1414 2828 1000 2121 1225 2828 2345 2236 2550|0.001 0.09693633263171186 -0.02521850785166535 -0.047558145382826655
2309 816 1732 1155 2309 2309 1155 1000 2309 816 1732 1915 1915 3266|0.001 0.11782135065565136 -0.09777435490653463 0.09419122234744837
866 2000 866 1500 1500 2000 2000 1000 707 2000 707 1658 1803 1658|0.001 0.0447250811386124 -0.06176947931968435 -0.002384403627104792
667 1000 667 577 471 471 577 1333 1333 1333 1333 1202 1106 1054|0.001 0.10792430940506526 -0.04487358424055565 -0.012971508538791587
2309 1000 1155 1732 2309 2309 1732 816 2309 816 1155 1915 1915 3266|0.001 0.04870592266706941 -0.24923665686346963 0.06981008369277619
471 1333 577 667 667 1333 1333 1000 471 1333 577 1106 1202 1054|0.001 -0.010992991699600996 -0.10534822891621665 0.031260469479159614
1500 1000 1500 866 866 707 707 2000 2000 2000 2000 1803 1658 1658|0.001 0.06808255902811311 -0.08904105729344858 -0.010760766447013292
2828 1225 2121 1414 2828 2828 1414 1000 2828 1225 2121 3000 2236 4000|0.001 0.07462576361382922 -0.07640973857022892 0.10874217528767938
667 1000 667 471 577 577 471 1333 1333 1333 1333 1202 1414 1106|0.001 0.08163451261733679 -0.05945478355136591 0.012729757778073836
707 2000 707 1500 1500 2000 2000 1000 866 2000 866 1581 1803 2121|0.001 0.045651034697449244 -0.06598381314997459 -0.021475249743393432
2828 1000 1414 2121 2828 2828 2121 1225 2828 1225 1414 2236 3000 4000|0.001 0.14965087274758648 0.004510677646978323 -0.027415162812532978
577 1333 471 667 667 1333 1333 1000 577 1333 471 1414 1202 1106|0.001 0.105352029475545 -0.05079449661217872 0.012191998360620016
1500 1000 1500 707 707 866 866 2000 2000 2000 2000 1803 1581 2121|0.001 0.07672821407026076 -0.13261712149860383 0.01437666302830376
1744 1000 581 930 1744 1744 930 1289 1744 1289 581 1419 2010 2466|0.001 0.09152647417690396 -0.261491036989 0.07469203172689953
1386 1875 1075 625 625 1875 1875 1000 1386 1875 1075 2161 1179 1759|0.001 -0.005883394359386118 -0.09623104683069483 0.021627605662717375
1600 1000 1600 1720 1720 2218 2218 3000 3000 3000 3000 1887 2441 3458|0.001 0.34019490138126995 -0.005243935493762786 -0.02029105617939786
573 333 573 1000 1000 533 533 1000 739 333 739 814 1414 783|0.001 0.13808848349249558 -0.030053456345822127 0.0008855672051533148
1000 1000 1000 573 739 739 573 533 333 533 333 1414 783 938|0.001 0.026270042736022958 -0.10716019104903052 -0.0035789354551607477
930 1289 1744 1744 581 581 1744 1000 930 1289 1744 1366 1419 1097|0.001 0.07126799914234372 -0.06330776022294926 -0.048370247805300526
581 1000 1744 1744 930 930 1744 1289 581 1289 1744 1419 1366 1097|0.001 0.0641496579455314 -0.03663571926321274 -0.028760689581840415
1000 1000 1000 573 573 739 739 333 533 333 533 1414 814 783|0.001 0.06720914153871549 -0.014858702375925015 -0.03463712667260199
739 533 573 1000 1000 333 333 1000 739 533 573 783 1414 938|0.001 0.12059992804840824 -0.08055301489075295 -0.022107651751687163
1720 3000 1720 1600 1600 3000 3000 1000 2218 3000 2218 2441 1887 3458|0.001 0.005805502946798491 -0.056755551046993036 0.006991603871209229
1744 1289 930 581 1744 1744 581 1000 1744 1289 930 2010 1419 2466|0.001 0.07335438634661573 -0.21090668635944887 0.1734505699717115
625 1000 625 1075 1386 1386 1075 1875 1875 1875 1875 1179 2161 1759|0.001 0.15597977194456547 -0.07311652185265527 -0.006852357760017691
625 1000 625 1386 1075 1075 1386 1875 1875 1875 1875 1179 1468 1526|0.001 0.04820952159815928 -0.1521914601016805 0.03389804812278685
1353 776 721 451 1353 1353 451 1000 1353 776 721 1059 1269 1913|0.001 0.07838208547739312 -0.17873946688176656 0.1973255855257583
2218 3000 2218 1600 1600 3000 3000 1000 1720 3000 1720 2814 1887 2349|0.001 0.0339733032419276 -0.043779915136582526 0.0055068669763302935
573 533 739 1000 1000 333 333 1000 573 533 739 1153 1414 814|0.001 0.12570895636401458 -0.0560539040110275 -0.019419058476326523
1000 1000 1000 739 739 573 573 333 533 333 533 1414 938 1153|0.001 0.016032861769075257 -0.08282857008512279 -0.004160708041002215
451 1000 1353 1353 721 721 1353 776 451 776 1353 1269 1559 851|0.001 0.046710040058435265 -0.03769343073697695 -0.0265980287520573
1000 1000 1000 739 573 573 739 533 333 533 333 1414 1153 814|0.001 0.046036755914657945 -0.04887599689708755 -0.012879093177169398
739 333 739 1000 1000 533 533 1000 573 333 573 938 1414 1153|0.001 0.13402118810719177 -0.08480149148908045 -0.027173705168402895
721 776 1353 1353 451 451 1353 1000 721 776 1353 1559 1269 851|0.001 0.1174700950033869 -0.03356484763744172 -0.08245419033072632
1075 1875 1386 625 625 1875 1875 1000 1075 1875 1386 1468 1179 1526|0.001 -0.01696704486629841 -0.09681619638403194 0.02795211669197384
1600 1000 1600 2218 2218 1720 1720 3000 3000 3000 3000 1887 2814 2349|0.001 0.10852781953504698 -0.1115456739644971 0.005638196051789279
1353 1000 451 721 1353 1353 721 776 1353 776 451 1269 1059 1913|0.001 0.008722752748981932 -0.26149557810075885 0.015878350649884965
333 1000 333 533 533 533 533 1000 333 1000 333 1054 1133 629|0.001 0.04379730451704811 -0.09522692123400844 -0.01402541490146958
1875 1000 1875 625 625 625 625 1000 1875 1000 1875 2125 1179 1976|0.001 0.15557475974650847 -0.0021290067483992203 -0.04276311133742938
1600 1000 1600 3000 3000 3000 3000 1000 1600 1000 1600 1887 3162 3400|0.001 -0.004800345897111313 -0.1366018055404572 0.04435715737573176
3000 1000 3000 1600 1600 1600 1600 1000 3000 1000 3000 3162 1887 3400|0.001 0.08254630231530502 -0.07849015455385966 -0.02033955237393248
625 1000 625 1875 1875 1875 1875 1000 625 1000 625 1179 2125 1976|0.001 0.09041793589112501 -0.08489291394377818 -0.02373089962417807
533 1000 533 333 333 333 333 1000 533 1000 533 1133 1054 629|0.001 0.022335076739423698 -0.12859906772029528 0.011542887732542972
333 1000 333 533 533 533 533 1000 333 1000 333 1054 1133 629|0.001 0.12150351315227459 -0.032067759126342965 -0.015623830356508162
1600 1000 1600 3000 3000 3000 3000 1000 1600 1000 1600 1887 3162 3400|0.001 0.14675200590499538 -0.0230303910297891 -0.03900925361324581
1875 1000 1875 625 625 625 625 1000 1875 1000 1875 2125 1179 1976|0.001 0.14846217469676626 -0.01814222056864767 -0.04373326961100932
3000 1000 3000 1600 1600 1600 1600 1000 3000 1000 3000 3162 1887 3400|0.001 0.08651603797099616 -0.0202634041638583 -0.015321768959515314
533 1000 533 333 333 333 333 1000 533 1000 533 1133 1054 629|0.001 0.11137791880010628 -0.060597644814393004 -0.0341782856597328
625 1000 625 1875 1875 1875 1875 1000 625 1000 625 1179 2125 1976|0.001 0.15427000980270833 0.006872174966898736 -0.04409290748142225
625 1000 625 1875 1875 1875 1875 1000 625 1000 625 1179 2125 1976|0.001 0.05628517573962766 -0.10324489876297305 0.017114613247222188
533 1000 533 333 333 333 333 1000 533 1000 533 1133 1054 629|0.001 0.12307682137070675 -0.06431687968719513 -0.019573954488351086
3000 1000 3000 1600 1600 1600 1600 1000 3000 1000 3000 3162 1887 3400|0.001 0.10821024135017732 -0.003481193437309127 -0.0325050731849752
1875 1000 1875 625 625 625 625 1000 1875 1000 1875 2125 1179 1976|0.001 0.022223885054026837 -0.13130695526531122 0.0338047412287934
1600 1000 1600 3000 3000 3000 3000 1000 1600 1000 1600 1887 3162 3400|0.001 0.07661855969751663 -0.07064538433972145 0.015468627192283257
333 1000 333 533 533 533 533 1000 333 1000 333 1054 1133 629|0.001 0.06244718075545608 -0.11108694961279308 0.011698102901718244
625 1000 625 1875 1875 1875 1875 1000 625 1000 625 1179 2125 1976|0.001 0.08627986292633283 -0.08867195512099912 -0.004472175711062176
3000 1000 3000 1600 1600 1600 1600 1000 3000 1000 3000 3162 1887 3400|0.001 0.05942941670719515 -0.08639762363638392 0.008193556218607512
533 1000 533 333 333 333 333 1000 533 1000 533 1133 1054 629|0.001 0.01111340396773075 -0.12428328975871206 0.024684386328690522
1875 1000 1875 625 625 625 625 1000 1875 1000 1875 2125 1179 1976|0.001 0.045007938336354414 -0.09032230717078593 0.018791149497563442
1600 1000 1600 3000 3000 3000 3000 1000 1600 1000 1600 1887 3162 3400|0.001 0.06276833102022872 -0.05040148903872832 -0.01001060855389646
333 1000 333 533 533 533 533 1000 333 1000 333 1054 1133 629|0.001 0.09614548173433768 -0.05499994369405625 -0.03006397331692723
2032 1000 271 144 269 269 144 927 1651 927 68 1245 859 1851|0.001 0.1403941656976393 -0.20490711246044957 0.05830926751478227
530 250 530 3691 3691 3422 3422 7500 994 6094 994 729 4596 3169|0.001 0.473912035644628 -0.12077997764285087 0.004353142229072127
492 133 492 133 133 71 71 812 456 33 456 613 911 539|0.001 0.125781874871973 -0.1218256250203531 0.047444418600579574
6128 1000 7542 3712 3441 3441 3712 533 251 533 1006 6872 4066 3658|0.001 -0.0025300114428583598 -0.0982590598530586 0.013627279744146126
144 927 269 2032 271 68 1651 1000 144 927 269 1095 1245 197|0.001 0.09622928062197111 -0.03809269895110545 -0.08148386721475553
133 812 133 492 492 456 456 133 71 33 71 911 613 539|0.001 0.007384910824013158 -0.0584446700807284 0.011930411553258136
1886 1000 471 6452 6960 6960 6452 1875 14142 1875 11490 1374 7623 8667|0.001 0.10633047851463351 -0.16700418114208304 -0.0031451398416315612
7542 1000 6128 3441 3712 3712 3441 533 1006 533 251 6872 3187 4622|0.001 0.010955252823623418 -0.13078983163105407 0.039109538603208094
561 41 561 163 163 87 87 1231 606 164 606 597 1121 520|0.001 0.14053824679479687 -0.06117949076135387 -0.03211017716333253
6960 1875 6452 471 1886 14142 11490 1000 6960 1875 6452 7623 1374 8667|0.001 -0.01716260740800557 -0.09665176491371996 0.14960272654017004
2121 4000 2121 13687 13687 14765 14765 24375 3977 30000 3977 2915 14550 16171|0.001 1.9758116505934509 -0.04056779641343433 -0.015161511995314125
1781 1000 73 155 291 291 155 1079 2192 1079 292 1063 1182 1997|0.001 0.02077491195402459 -1.304746079225172 0.030669881018874356
167 1000 167 615 1070 1070 615 1875 1250 1875 1250 1014 1973 1163|0.001 0.10170950250686817 -0.014502896308968838 -0.009985321669724323
6000 1000 6000 6418 6418 3691 3691 7500 11250 7500 11250 6083 6978 7045|0.001 0.4734263302769759 -0.08237955378479822 -0.0166170101643226
1169 1000 156 935 1753 1753 935 575 1169 575 156 1087 1098 2107|0.001 0.1039336521965728 -0.5678618326958917 0.10760464185263885
615 1875 1070 167 167 1250 1250 1000 615 1875 1070 1174 1014 766|0.001 0.013199808729678075 -0.09429391794039677 -0.00851105671111907
167 1000 167 1070 615 615 1070 1875 1250 1875 1250 1014 1174 766|0.001 0.10114775332944248 -0.045420759779890574 -0.015021529926513288
6000 1000 6000 3691 3691 6418 6418 7500 11250 7500 11250 6083 4596 11840|0.001 0.4612860735865332 -0.1504717493331842 0.04949031590693487
1070 1875 615 167 167 1250 1250 1000 1070 1875 615 1973 1014 1163|0.001 0.019887015288286847 -0.09383166734117543 -0.0005951402126413985
2032 1000 271 1625 3048 3048 1625 1739 2032 1739 271 1245 3208 3663|0.001 0.08931561731801763 -0.1892752541687337 0.0602570469120467
1500 1000 1500 492 492 856 856 133 800 133 800 1803 613 939|0.001 -0.010164071999864133 -0.05785054376477139 0.015358455788974101
935 575 1753 1169 156 156 1169 1000 935 575 1753 1845 1087 948|0.001 0.10863889736838717 -0.033950726522838925 -0.0953683658349802
856 133 856 1500 1500 800 800 1000 492 133 492 930 1803 1579|0.001 0.13318677595096196 -0.1096779590137198 -0.0015010031748363684
667 1000 667 570 328 328 570 533 89 533 89 1202 1052 409|0.001 0.045503022060755516 -0.0925407129954503 -0.014332824848377612
1500 1000 1500 856 856 492 492 133 800 133 800 1803 930 1579|0.001 -0.0008589023817873187 -0.05733624864014297 0.006368965424128348
1625 1739 3048 2032 271 271 2032 1000 1625 1739 3048 1908 1245 1648|0.001 0.10212856641504509 -0.04454708890119119 -0.09068712491626996
492 133 492 1500 1500 800 800 1000 856 133 856 613 1803 939|0.001 0.14998933430896866 -0.06972267768571072 -0.0013151383348497525
667 1000 667 328 570 570 328 533 89 533 89 1202 626 620|0.001 0.09911658721186933 -0.027686963586731617 -0.046872805326303446
573 533 333 354 433 231 189 750 428 400 246 629 829 772|0.001 0.10515452493917277 -0.09389633158733535 0.0005270518518707412
2121 1225 2828 943 696 1210 1622 533 1131 653 1508 2345 1373 1328|0.001 0.04883343785334393 -0.046264469416377185 0.005317809380656069
566 738 1061 3000 1600 1200 2250 1720 693 1284 1299 1456 1887 1327|0.001 0.10650044898866229 -0.03204745575410506 -0.057226788976879606
930 581 1744 755 403 329 616 746 697 429 1308 1838 1346 986|0.001 0.07973033050836298 -0.04166181927900414 -0.03910625426537084
988 533 1324 2309 1732 924 1232 816 568 435 770 1782 2449 1823|0.001 0.06464923290226521 -0.08246406274038498 0.00019639837585128106
354 750 433 573 333 246 428 533 189 400 231 1061 1054 485|0.001 0.07970820193390349 -0.0699160846001734 -0.01730616722720013
625 1875 1075 433 354 663 812 750 461 1406 802 1179 1061 494|0.001 0.010703876666808831 -0.07131769455538728 0.01574199693840761
755 746 403 930 1744 1308 697 581 616 429 329 595 1097 1849|0.001 0.10800748353406942 -0.1554113614111885 0.07630477940730573
1732 816 2309 2483 1853 1066 1443 1875 3248 1531 4330 2449 1477 2034|0.001 0.11189018651988292 -0.11030647258831405 0.044739035623468926
3000 1720 1600 566 1061 1299 693 738 2250 1284 1200 3162 791 2487|0.001 0.11284677659160636 -0.0858941835734639 0.053575337766105235
433 750 354 625 1075 802 461 1875 812 1406 663 829 1976 640|0.001 0.12974608977314395 -0.10661166341726647 -0.019373338948290852
1305 1875 1768 2828 2121 3977 5303 1225 2269 2296 3041 1398 2345 4186|0.001 0.04270605599916211 -0.07466992069242728 -0.03917295207760407
943 533 696 2121 2828 1508 1131 1225 1622 653 1210 745 3000 1779|0.001 0.09544573100094711 -0.0968920539357443 0.044329397256983594
577 1333 471 328 570 765 444 533 308 711 251 1414 626 455|0.001 0.029740790254819682 -0.04479621012310142 -0.01244170690343882
1625 1739 3048 1437 766 938 1760 1355 2167 2330 4064 1908 1071 2299|0.001 0.08541101824871555 -0.03746812792073784 -0.03189378575480739
2309 816 1732 988 1324 770 568 533 1232 435 924 1915 788 2434|0.001 0.07267562017559515 -0.09029104810753474 -0.017035894944984475
540 1340 1012 1753 935 1247 2337 575 441 779 826 797 1845 1034|0.001 0.08972112546764555 -0.041319167199554974 -0.03418598126064487
328 533 570 577 471 251 308 1333 444 711 765 1052 1106 351|0.001 0.17114433414692432 -0.04367009543510547 -0.04827068485660613
2483 1875 1853 1732 2309 4330 3248 816 1443 1531 1066 3342 1915 2723|0.001 0.06709970305387003 -0.05879002932235644 0.05532201973987183
1753 575 935 540 1012 826 441 1340 2337 779 1247 1098 1804 1938|0.001 0.05025322891771378 -0.16116568477013815 0.06039508260335724
471 1333 577 1070 615 833 1434 1875 884 2500 1083 1106 1174 1213|0.001 0.08199870844453283 -0.08434639177612002 -0.011720712400762334
2828 1225 2121 1305 1768 3041 2269 1875 5303 2296 3977 3000 2574 5590|0.001 0.13231160943522502 -0.13171582190029563 0.04201078385672741
1437 1355 766 1625 3048 4064 2167 1739 1760 2330 938 1972 3208 4310|0.001 0.09295109041133509 -0.09740623122455494 0.03075160697110446
1070 1875 615 471 577 1083 884 1333 1434 2500 833 1973 1414 1929|0.001 0.09959055705821562 -0.04687345020109257 0.00901651533113057
625 1000 625 354 433 433 354 750 125 750 125 1179 829 515|0.001 0.06128115470038331 -0.07364494029812874 -0.007976371855461517
2121 1225 2828 1768 354 354 1768 1000 2121 1225 2828 2345 1275 2151|0.001 0.084773830381355 -0.06627859264134561 -0.07395406895688073
566 200 566 1600 1600 1200 1200 1000 693 200 693 721 1887 1327|0.001 0.1538992430984898 -0.09492221113139743 0.006088047321837209
1600 1000 1600 693 693 566 566 200 1200 200 1200 1887 825 1697|0.001 0.028696834988017894 -0.04318518828030138 -0.0133456793315756
625 1000 625 433 354 354 433 750 125 750 125 1179 1061 451|0.001 0.09848360204754547 -0.05934386783049472 -0.04033033443430756
693 200 693 1600 1600 1200 1200 1000 566 200 566 825 1887 1697|0.001 0.16087424338446565 -0.08053577801722667 -0.019244850142989822
1732 816 2309 1443 289 289 1443 1000 1732 816 2309 2449 1190 1756|0.001 0.09028350096836002 -0.06197910265399731 -0.07613680033076942
1600 1000 1600 566 566 693 693 200 1200 200 1200 1887 721 1327|0.001 0.044841250956906276 -0.02640218199617239 -0.026938856070782835
1768 1000 354 2121 2828 2828 2121 1225 1768 1225 354 1275 3000 3335|0.001 0.07498708905441465 -0.4626558250494883 0.03493345508852608
577 1333 471 167 167 833 833 1000 577 1333 471 1414 1014 687|0.001 0.051532444638471286 -0.08777745487497213 0.024047803146081126
6000 1000 6000 2828 2828 3464 3464 5000 8000 5000 8000 6083 3606 8485|0.001 0.4473709417507754 -0.07849629209040532 0.029185600273045065
167 1000 167 577 471 471 577 1333 833 1333 833 1014 1106 601|0.001 0.06179781837221343 -0.12588086844559476 0.010377845112163886
1443 1000 289 1732 2309 2309 1732 816 1443 816 289 1190 1915 2723|0.001 0.008401872673724498 -0.39842643238544473 0.026617161565640757
6000 1000 6000 3464 3464 2828 2828 5000 8000 5000 8000 6083 4123 6633|0.001 0.48938860970331177 -0.040915766956537425 0.0049717313873842706
471 1333 577 167 167 833 833 1000 471 1333 577 1106 1014 601|0.001 0.03689725164855551 -0.10011188824909478 0.022179036774832017
167 1000 167 471 577 577 471 1333 833 1333 833 1014 1414 687|0.001 0.05493697470474679 -0.11491632784900951 -0.009919219708678373
1998 1107 1524 2834 3071 2692 2075 1875 6604 2075 5715 2234 3592 4415|0.001 0.13018716501821626 -0.15719149523624854 0.04811775481342595
662 1084 353 538 2016 2330 705 732 732 950 391 1267 1205 2422|0.001 0.046664339827529044 -0.1936354038462551 0.27150579438864675
1362 3750 1860 656 726 1362 1230 1311 1766 4333 2015 2241 1466 2357|0.001 0.056510048105471444 -0.040933565767474756 0.007493502868769486
554 763 501 1537 1347 1039 1418 3305 1039 2860 938 912 2210 901|0.001 0.10360032991834078 -0.10781598967171346 0.0036147632427407927
2151 877 651 326 611 676 360 923 1861 676 496 1438 939 1959|0.001 0.052890241586198705 -0.17202064673351836 0.053586144821033965
2834 1875 3071 1998 1524 5715 6604 1107 2075 2075 2692 2882 1823 3415|0.001 -0.0030986387001785687 -0.08051372885732433 -0.006379843158759169
1377 904 1805 2432 1875 2561 2775 1875 5164 1694 5967 2019 1627 3844|0.001 0.044714990375727126 -0.11886819942703797 0.012254792992598684
1537 3305 1347 554 501 938 1039 763 1418 2860 1039 2430 1118 1443|0.001 -0.005614776649277564 -0.045040952687792624 0.008147007829781838
656 1311 726 1362 1860 2015 1766 3750 1230 4333 1362 1196 2791 2357|0.001 0.22385067095526123 -0.09814708211740353 0.00599088463490105
2432 1875 1875 1377 1805 5967 5164 904 2775 1694 2561 3246 1647 4387|0.001 -0.05907978039698003 -0.10113238293860238 0.015395993890294779
2754 1366 734 533 1000 904 482 1297 3182 1480 963 2050 1731 2898|0.001 0.14806704538882443 -0.034166715676612336 0.02996500024134985
538 732 2016 662 353 391 732 1084 705 950 2330 1501 1017 788|0.001 0.045255965511865615 -0.03527777015643441 -0.02538824296816289
363 1156 328 496 363 471 537 267 194 350 175 1201 744 315|0.001 0.01921949599308581 -0.045466166528418395 0.0059756986239944965
326 923 611 2151 651 496 1861 877 360 676 676 1170 1581 594|0.001 0.10360788298897416 -0.04049451912303437 -0.07971619018239395
408 303 465 284 314 168 151 865 314 231 429 735 911 544|0.001 0.11179105661210054 -0.10873651023318054 -0.0037412648279711025
3048 1107 3522 1638 1511 1107 1436 533 813 590 1066 3208 1916 2269|0.001 0.021351516824137384 -0.08831560552397422 -0.003172621881961657
742 1141 2453 771 411 372 697 771 566 1053 2123 1640 1334 830|0.001 0.048242473902186944 -0.039343806288658634 -0.02616984096723063
284 865 314 408 465 429 314 303 151 231 168 1040 669 544|0.001 0.02072805882189499 -0.05476103173192359 0.015623680883345425
1000 533 1297 3182 2754 734 963 904 1366 482 1480 1731 3308 1646|0.001 0.13442968383129417 -0.06856182032625835 -0.04969937689186965
533 1297 1000 2754 734 963 3182 1366 482 1480 904 868 1646 878|0.001 0.09925940502297781 -0.04386939110474719 -0.06921844203171101
496 267 363 363 328 175 194 1156 537 350 471 598 1052 504|0.001 0.12973272451058948 -0.06964930338088093 -0.002586897391205767
3182 904 2754 1000 1297 1480 1366 533 963 482 734 2898 868 2128|0.001 0.04774838652914726 -0.07620816360913385 0.007345619228456002
1875 1000 1875 1061 566 693 1299 738 1475 817 1125 2125 1456 1580|0.001 0.12905312220719223 -0.025767607040174667 -0.06873656238678749
696 533 943 1768 1061 1391 1768 1225 770 653 943 1373 1458 1555|0.001 0.1258168201256904 -0.07845655499412851 -0.06118499284177292
693 600 566 533 533 436 394 1000 370 787 302 825 1133 805|0.001 0.060845896227055274 -0.13693787868788054 0.048941576174594825
533 1000 533 302 370 693 566 787 436 600 394 1133 843 581|0.001 0.05897186127912457 -0.09038349457170303 -0.01892945432647175
2607 1225 3315 1768 1305 1444 1768 1875 1989 2296 3315 2793 1398 2379|0.001 0.20594866804072742 -0.0334832700637433 -0.01901870104532022
1061 738 566 1875 1875 1125 1475 1000 1299 817 693 791 2125 1546|0.001 0.13741061814517952 -0.02150533447852876 -0.01728408714590346
1875 1000 1875 693 1299 1061 566 817 1125 738 1475 2125 1090 2154|0.001 0.0008357483572818403 -0.1407570622636367 0.0854337295364016
302 787 370 533 533 394 436 1000 566 600 693 1045 1133 422|0.001 0.07138542420278782 -0.1068270696424678 0.0005252176944781084
1179 1875 1443 2706 2129 1624 2706 816 1066 1531 1443 1573 2827 2381|0.001 0.056375544639644115 -0.0414456811561692 -0.03232047844817676
533 1000 533 693 566 302 370 600 394 787 436 1133 1149 777|0.001 0.04869133683564453 -0.0330745707081892 -0.016836909940967093
693 817 1299 1875 1875 1475 1125 1000 566 738 1061 1510 2125 1958|0.001 0.032391979708652485 -0.0693755447836808 0.030311328137400118
866 816 1443 770 629 568 770 533 1135 435 1443 1658 1162 1036|0.001 0.02168302829242741 -0.06118410226457649 0.020101653405266706
1768 1225 1061 696 943 943 770 533 1768 653 1391 2031 745 2003|0.001 0.04060762746419755 -0.14238570891639157 -0.015223773374094529
766 1355 1437 1524 1998 2540 2540 1107 938 1355 1760 1071 2234 2653|0.001 0.06978422193498979 -0.039183109919018744 0.02710791391100198
726 1311 656 943 1155 616 503 1667 889 1667 889 1466 1915 969|0.001 0.1659560575723229 -0.004296488414943234 -0.020738962461612775
1768 1875 1305 2607 3315 3315 1989 1225 1768 2296 1444 2574 3462 3757|0.001 0.09540498129450459 -0.03241906773664205 0.02008454820352057
470 1271 384 501 554 678 678 763 881 1271 719 1328 912 1024|0.001 0.07226409520860955 -0.01775818374690097 -0.012092565274641753
1524 1107 1998 766 1437 1760 938 1355 2540 1355 2540 1823 1972 2918|0.001 -0.008353330902267642 -0.08050064895081865 0.03624638478345599
2706 816 2129 1179 1443 1443 1066 1875 2706 1531 1624 2280 2179 3067|0.001 0.14297994115233914 -0.14750377034883577 0.017399067857293282
501 763 554 470 384 719 881 1271 678 1271 678 1118 1071 987|0.001 0.05359037705121583 -0.1572121260551762 0.017302340630602764
1590 1224 848 1805 1377 2295 2295 904 1298 1224 692 1848 2019 1892|0.001 0.1489258924295367 -0.051351128032189886 -0.04703670602508536
770 533 629 866 1443 1443 1135 816 770 435 568 839 1190 1636|0.001 0.10152255312885661 -0.12914506057321695 0.09399298286987934
943 1667 1155 726 656 889 889 1311 503 1667 616 1374 1196 703|0.001 0.1160739959213597 -0.026218825695146775 -0.003305358574939854
1805 904 1377 1590 848 692 1298 1224 2295 1224 2295 1647 1334 1934|0.001 0.0917811094330756 -0.035653751303883485 -0.04363104110904681
2719 1000 906 773 1450 1450 773 1207 2719 1207 906 1861 1761 3081|0.001 0.1249544322927032 -0.13188797325978996 0.08178207635143986
1561 1875 1293 1172 1172 3516 3516 1000 1561 1875 1293 2278 1541 2561|0.001 0.022912062357829388 -0.08034338617871617 -0.016409998726233388
853 1000 853 1104 1104 1332 1332 3000 1600 3000 1600 1315 2054 1944|0.001 0.08253998045861799 -0.1343797117647627 0.03821952788165328
368 333 368 533 533 284 284 1000 444 333 444 685 1133 465|0.001 0.16030465991499376 -0.05036781057832895 -0.023073484125230026
1875 1000 1875 690 833 833 690 533 625 533 625 2125 872 1366|0.001 0.02668679318807765 -0.06841042300168798 0.0037626719249761464
773 1207 1450 2719 906 906 2719 1000 773 1207 1450 1264 1861 1191|0.001 0.08403568471568201 -0.05540726426913167 -0.059885136817606766
906 1000 2719 1450 773 773 1450 1207 906 1207 2719 1861 1264 1191|0.001 0.06000374863245117 -0.04109934424739059 -0.03081819733352975
533 1000 533 368 368 444 444 333 284 333 284 1133 685 465|0.001 0.03816686718967732 -0.059264144211311764 -0.021296790428153578
833 533 690 1875 1875 625 625 1000 833 533 690 872 2125 1366|0.001 0.11407944580925422 -0.07073949494653564 -0.026529840621479783
1104 3000 1104 853 853 1600 1600 1000 1332 3000 1332 2054 1315 1944|0.001 0.0068356940793457 -0.057145731526512256 0.010545116209377259
1450 1207 773 906 2719 2719 906 1000 1450 1207 773 1761 1861 3081|0.001 0.04070024298860497 -0.19519822696761113 0.1337252699318947
1172 1000 1172 1293 1561 1561 1293 1875 3516 1875 3516 1541 2278 2561|0.001 0.14239501948381195 -0.09918057387521384 0.008987397867288305
1172 1000 1172 1561 1293 1293 1561 1875 3516 1875 3516 1541 1635 2407|0.001 0.13853137503536006 -0.05350938824413953 0.003063247494403676
1201 828 640 751 2252 2252 751 1000 1201 828 640 1047 1640 2552|0.001 0.08168814001995539 -0.20082453378475806 0.18093304513421726
1332 3000 1332 853 853 1600 1600 1000 1104 3000 1104 2185 1315 1395|0.001 0.037631357531213716 -0.047158510967428846 0.002576284460131806
690 533 833 1875 1875 625 625 1000 690 533 833 1215 2125 1284|0.001 0.10805218193599364 -0.0667106438102516 -0.027539446616485774
533 1000 533 444 444 368 368 333 284 333 284 1133 728 648|0.001 0.022271324636249368 -0.0945553822621914 -0.0010777870298939174
751 1000 2252 1201 640 640 1201 828 751 828 2252 1640 1459 987|0.001 0.05325393388930344 -0.03542471772250089 -0.026949926031313298
1875 1000 1875 833 690 690 833 533 625 533 625 2125 1215 1284|0.001 0.02601462806371524 -0.08356187467084442 0.014727734815969118
444 333 444 533 533 284 284 1000 368 333 368 728 1133 648|0.001 0.09553256485160588 -0.07244286375581055 0.0021308138599152038
640 828 1201 2252 751 751 2252 1000 640 828 1201 1459 1640 987|0.001 0.08765904568567295 -0.04810740239570399 -0.053561255090815996
1293 1875 1561 1172 1172 3516 3516 1000 1293 1875 1561 1635 1541 2407|0.001 -0.03778245787683043 -0.09957526365413916 0.025946941350789565
853 1000 853 1332 1332 1104 1104 3000 1600 3000 1600 1315 2185 1395|0.001 0.28984385655152156 -0.08058341706935757 0.0031247694193603515
2252 1000 751 640 1201 1201 640 828 2252 828 751 1640 1047 2552|0.001 0.06847553859870681 -0.31347892509064446 0.0915411302454383
1744 1000 581 403 755 755 403 746 872 746 116 1419 595 1446|0.001 0.007759752106182294 -0.3539798005338579 0.04834646756362693
1853 1875 2483 1443 289 2165 4330 1000 1853 1875 2483 1477 1190 2014|0.001 0.02645765792615773 -0.08519455655089825 -0.0785322689789314
693 200 693 1720 1720 1284 1284 3000 1299 1500 1299 825 2441 1023|0.001 0.3437686225424996 -0.010812341902028955 -0.033368894702964225
573 333 573 433 433 231 231 500 428 67 428 814 829 772|0.001 0.06750781630586733 -0.10277977488883372 0.047316281218032774
1155 1000 2309 1324 988 988 1324 533 154 533 770 1915 1782 1074|0.001 -0.003677380719403489 -0.04705054673605158 0.016608661058135077
581 1000 1744 755 403 403 755 746 116 746 872 1419 1346 479|0.001 0.04209931273222667 -0.03962631708454345 -0.026703185121804696
433 500 433 573 573 428 428 333 231 67 231 829 814 772|0.001 0.04281042888648834 -0.08887525894318293 0.021107095879648874
988 533 1324 2309 1155 154 770 1000 988 533 1324 1782 1915 1074|0.001 0.12414116578865375 -0.010944480068383333 -0.08037971959803047
1443 1000 289 1853 2483 2483 1853 1875 4330 1875 2165 1190 3342 3524|0.001 0.07909775337885172 -0.2977065284753133 -0.009560158617154535
1012 1340 540 156 1169 2337 779 1000 1012 1340 540 1804 1087 1938|0.001 0.0044151212148180186 -0.27273398538585125 0.35253709368783914
6418 7500 6418 3464 3464 6495 6495 5000 8602 15000 8602 6978 4123 11576|0.001 0.3801621081565365 -0.03982268758238261 0.00756835144027912
2309 1000 1155 988 1324 1324 988 533 770 533 154 1915 788 1879|0.001 -0.00011440120195493897 -0.24325466248655392 0.025622359879415857
856 133 856 866 866 462 462 2000 1147 667 1147 930 1658 682|0.001 0.2221781539978518 -0.09033641571659978 -0.01900765594479492
540 1340 1012 1169 156 779 2337 1000 540 1340 1012 797 1087 642|0.001 0.08815556822865833 -0.05377765185440975 -0.07945993153758324
3464 5000 3464 6418 6418 8602 8602 7500 6495 15000 6495 4123 6978 11576|0.001 0.6446553088846207 -0.008063745052627747 -0.026958109963439725
1169 1000 156 540 1012 1012 540 1340 2337 1340 779 1087 1804 1938|0.001 0.11826655606934633 -0.42530837683955824 0.05537821416126798
1075 1875 625 354 433 812 663 750 802 1406 461 1976 829 640|0.001 -0.05297077805092365 -0.09345375580952386 0.011352102214601256
2121 1225 2828 1768 1305 2269 3041 1875 3977 2296 5303 2345 1398 4186|0.001 0.02531077502682555 -0.13090985285132195 0.039869287511740126
1061 738 566 1600 3000 2250 1200 1720 1299 1284 693 791 3162 2487|0.001 0.050136482551359496 -0.16959050975678625 0.045709798276123426
1744 581 930 403 755 616 329 746 1308 429 697 1097 595 1849|0.001 0.07897479001780949 -0.1792263789887405 0.10559146005239217
1853 1875 2483 2309 1732 3248 4330 816 1066 1531 1443 1477 2449 2034|0.001 0.003966473142409388 -0.08547365908984417 -0.02962275774491263
354 750 433 1075 625 461 802 1875 663 1406 812 1061 1179 494|0.001 0.13174982064623197 -0.08882890656490394 -0.003824840511749139
333 533 573 433 354 189 231 750 246 400 428 1054 1061 485|0.001 0.04643060476292371 -0.0831623886430799 0.013617396056062603
403 746 755 1744 930 697 1308 581 329 429 616 1346 1838 986|0.001 0.0951426304610603 -0.032132324951108515 -0.04035162314477536
1732 816 2309 1324 988 568 770 533 924 435 1232 2449 1782 1823|0.001 -1.3868405102090975e-06 -0.07339892309755625 0.009776510093069124
1600 1720 3000 1061 566 693 1299 738 1200 1284 2250 1887 1456 1327|0.001 0.08392431095106234 -0.05644314444159804 -0.03807372288233135
433 750 354 333 573 428 246 533 231 400 189 829 629 772|0.001 0.08990667572420508 0.005462862493277321 -0.026840943254284877
696 533 943 2828 2121 1131 1508 1225 1210 653 1622 1373 2345 1328|0.001 0.1381230272829881 -0.034724449827502335 -0.058854026210519716
1768 1875 1305 2121 2828 5303 3977 1225 3041 2296 2269 2574 3000 5590|0.001 0.05934478207823668 -0.054881326753130066 0.029520066226156327
577 1333 471 615 1070 1434 833 1875 1083 2500 884 1414 1973 1929|0.001 0.15311873774581874 -0.08158210455984305 -0.0017435657970565899
3048 1739 1625 766 1437 1760 938 1355 4064 2330 2167 3208 1972 4310|0.001 0.04474763052585873 -0.1609795477471332 0.0772566656263951
2309 816 1732 1853 2483 1443 1066 1875 4330 1531 3248 1915 3342 2723|0.001 0.0028588022375863886 -0.20550141907467845 0.045186636907896816
1012 1340 540 935 1753 2337 1247 575 826 779 441 1804 1098 1938|0.001 0.010050725007026973 -0.19106263848000515 0.0669042555390531
615 1875 1070 577 471 884 1083 1333 833 2500 1434 1174 1106 1213|0.001 -0.009670907376189142 -0.09963902929765789 0.00546829146974348
1324 533 988 1732 2309 1232 924 816 770 435 568 788 1915 2434|0.001 0.10045448507412846 -0.08234735219900369 0.0039048146253484184
935 575 1753 1012 540 441 826 1340 1247 779 2337 1845 797 1034|0.001 0.0734064533958656 -0.05108957341767639 -0.034118080773520854
471 1333 577 570 328 444 765 533 251 711 308 1106 1052 351|0.001 -0.0034762687748302046 -0.057428862991265595 0.005121389580347024
2828 1225 2121 696 943 1622 1210 533 1508 653 1131 3000 745 1779|0.001 0.06909463741594957 -0.07940825089149395 -0.025525747951321565
766 1355 1437 3048 1625 2167 4064 1739 938 2330 1760 1071 1908 2299|0.001 0.05920532899976738 -0.054820339171364196 -0.020796540978448297
570 533 328 471 577 308 251 1333 765 711 444 626 1414 455|0.001 0.1159256049086288 -0.1323878367217446 0.01025173189394879
2069 1875 1875 1061 566 1061 1989 738 2267 1384 2092 2652 1456 2592|0.001 0.050196262112662815 -0.07366573496371376 -0.06002216094197155
696 533 943 1768 1972 2137 1951 1875 1305 1000 1768 1373 2577 2500|0.001 0.12400751532270604 -0.12865829881465451 0.010488904504482033
1061 1116 566 533 1000 738 394 1104 566 1209 302 1458 1414 1456|0.001 0.08122857344599055 -0.16002309695756223 0.06434953673407184
906 906 483 273 513 961 513 1096 669 1011 357 1027 1253 716|0.001 0.022324844951124856 -0.20844311103547897 0.09599390196946
4007 1875 3658 1768 1305 2447 3315 1875 3698 3516 3315 4582 1398 3762|0.001 0.03285647508727951 -0.12190805157609952 0.01832784309369284
1061 738 566 2069 1875 2092 2267 1875 1989 1384 1061 791 2125 2733|0.001 0.05728888505014851 -0.12743896795137877 0.011103708332331763
273 1096 513 906 483 357 669 906 513 1011 961 955 1282 382|0.001 0.10633625584586692 -0.020189706797065776 -0.05239603911821211
1305 1875 1768 1951 2137 1972 1768 533 696 1000 943 1398 1862 2500|0.001 0.037821822245078796 -0.05034629175520111 -0.02346880837428178
533 1104 1000 1061 566 302 566 1116 394 1209 738 1133 1149 777|0.001 0.07402120202064211 -0.05206048773565786 -0.02619176273864543
566 738 1061 1000 1104 1209 1116 533 302 394 566 1456 1133 1053|0.001 -0.0013584939768584992 -0.06348715361732649 0.030807411302669063
1052 533 943 943 696 371 503 533 1140 284 1040 1083 1373 1070|0.001 0.057315114424276725 -0.04553480184602998 0.0008979653832419388
1768 1875 1972 696 943 1768 1305 533 1951 1000 2137 2031 745 2500|0.001 0.009354292457333102 -0.055873527584437976 0.014985898248718321
766 1355 1437 2834 3071 2803 2540 1875 1437 2540 2694 1071 3592 2675|0.001 0.08753769911365561 -0.040547570157535295 -0.011212415781516327
1768 1875 1305 4007 3658 3315 3698 1875 3315 3516 2447 2574 3492 3757|0.001 0.131472301061466 -0.05490926919267114 -0.028631332705416623
468 913 250 326 611 827 441 923 877 827 468 871 939 1204|0.001 0.074038781816399 -0.1492773331190167 0.10002449073469588
2834 1875 3071 766 1437 2694 1437 1355 2540 2540 2803 2882 1972 2918|0.001 -0.015565328439813841 -0.09986077569188678 0.05276095999368957
1951 533 2137 1305 1768 943 696 1875 1768 1000 1972 2444 2574 2500|0.001 0.1076595915862888 -0.1426267800039127 0.016554360807941038
326 923 611 468 250 468 877 913 441 827 827 1170 1143 642|0.001 0.08229406512325621 -0.03686416381322388 -0.04695919955418959
1437 1355 766 1638 1511 1355 1495 533 766 722 409 1972 1916 1975|0.001 0.03874136822442864 -0.060426985413040146 0.007832351785490577
943 533 696 1052 943 1040 1140 533 503 284 371 745 1374 1069|0.001 0.05582725780537645 -0.13742410681692685 0.038431380334014165
507 896 951 662 353 478 896 1084 270 989 507 1306 1017 378|0.001 0.10452640863791274 -0.03769990256135891 -0.046310731932069915
1638 533 1511 1437 766 409 766 1355 1495 722 1355 1537 1071 1873|0.001 0.09471707085033865 -0.09517089294096004 -0.01354171344354671
2719 1000 906 335 628 628 335 960 1994 960 520 1861 1022 2411|0.001 0.019243982710333007 -0.2842763740288268 0.10228821365397378
2868 1875 2987 2706 1552 5954 8119 1000 2868 1875 2987 3051 2280 4179|0.001 0.03347850141062869 -0.07449221127676764 -0.026037255451640817
370 573 370 1104 1104 1060 1060 3000 693 2200 693 843 2054 1127|0.001 0.34708957769809645 -0.04756433739849353 -0.0001552768866597276
368 333 368 231 231 123 123 733 353 191 353 685 887 419|0.001 0.11490291020435084 -0.11033711427929971 0.0047743503622177386
3175 1000 4330 1593 1530 1530 1593 533 828 533 1443 3841 1815 2229|0.001 0.01659979834195635 -0.08681214230020995 0.02098465230025326
335 960 628 2719 906 520 1994 1000 335 960 628 1140 1861 763|0.001 0.1076432452901055 -0.024853263013717708 -0.06708153462229638
906 1000 2719 628 335 335 628 960 520 960 1994 1861 1140 763|0.001 0.04717230902706593 -0.03970617936558729 -0.024253922341964662
231 733 231 368 368 353 353 333 123 191 123 887 685 419|0.001 0.04195497102989609 -0.07243581532889398 0.008204654085113283
1530 533 1593 4330 3175 828 1443 1000 1530 533 1593 1815 3841 2229|0.001 0.12048362770237686 0.00012818304019557303 -0.05298017662269339
1104 3000 1104 370 370 693 693 573 1060 2200 1060 2054 843 1127|0.001 -0.02258526999074917 -0.04657705250126987 0.00850349371535275
1552 1000 2706 2987 2868 2868 2987 1875 5954 1875 8119 2280 3051 4179|0.001 0.18516703275589297 -0.02665315971081772 -0.010486891537517806
2706 1000 1552 2868 2987 2987 2868 1875 8119 1875 5954 2280 3404 5558|0.001 0.09067557967237017 -0.21049976199436937 0.015100857565042425
654 1041 349 541 2076 2831 944 1000 654 1041 349 1187 1457 2511|0.001 0.05235456326416976 -0.1852494385139547 0.30157982287880136
1849 3837 1849 644 644 1208 1208 1744 1925 5233 1925 2693 1470 2194|0.001 0.0764653364657919 -0.049979005993591175 0.0017820707308535688
315 1364 315 482 482 502 502 261 168 455 168 1209 702 512|0.001 -0.003039013264649615 -0.07506120700075058 -0.005863141135584726
541 1000 2076 654 349 349 654 1041 944 1041 2831 1457 1064 795|0.001 0.044301921193112825 -0.03412627864134543 -0.025746043276045905
4330 1000 3175 1530 1593 1593 1530 533 1443 533 828 3841 1627 2964|0.001 0.013241606407425888 -0.11963497676560242 0.016892161012567186
482 261 482 315 315 168 168 1364 502 455 502 702 1209 512|0.001 0.15111073731476576 -0.03094664064317021 -0.051853747609298395
349 1041 654 2076 541 944 2831 1000 349 1041 654 1064 1457 795|0.001 0.1129030145280896 -0.023024230153244618 -0.09244014110882048
2987 1875 2868 1552 2706 8119 5954 1000 2987 1875 2868 3404 2280 5558|0.001 0.03666088722829475 -0.07108217200891276 0.06895235349912765
644 1744 644 1849 1849 1925 1925 3837 1208 5233 1208 1470 2693 2194|0.001 0.249567313511041 -0.07303680099840504 0.006807810873368236
2076 1000 541 349 654 654 349 1041 2831 1041 944 1457 1187 2511|0.001 0.1013633535059899 -0.15231798165176835 0.010699618003235933
1000 1000 1000 433 433 433 433 500 500 500 500 1414 829 829|0.001 0.020951245082809766 -0.06798990940989902 0.023055339923676588
1155 1000 2309 2309 1155 1155 2309 1000 1155 1000 2309 1915 1915 1633|0.001 0.11331879772307207 -0.027381609371804894 -0.062041626084192725
433 500 433 1000 1000 500 500 1000 433 500 433 829 1414 829|0.001 0.14125222796128156 -0.048096468819409655 -0.003987698303070664
1000 1000 1000 433 433 433 433 500 500 500 500 1414 829 829|0.001 0.04076806126090737 -0.018800106842379316 -0.0075943205616724185
1155 1000 2309 2309 1155 1155 2309 1000 1155 1000 2309 1915 1915 1633|0.001 0.10078221962658729 -0.04032910231219877 -0.057676712491168125
433 500 433 1000 1000 500 500 1000 433 500 433 829 1414 829|0.001 0.13737677928588932 -0.09226036534279114 0.011849846724514279
1000 1000 1000 433 433 433 433 500 500 500 500 1414 829 829|0.001 0.07321433471212391 -0.0036267361239572526 -0.014664000297415214
433 500 433 1000 1000 500 500 1000 433 500 433 829 1414 829|0.001 0.10838103893073381 -0.032747091280757035 -0.004734664727715776
1155 1000 2309 2309 1155 1155 2309 1000 1155 1000 2309 1915 1915 1633|0.001 0.07730420792105841 -0.032448975797497726 -0.048576893850387215
1000 1000 1000 433 433 433 433 500 500 500 500 1414 829 829|0.001 0.05594779266675065 -0.050376315239949454 -0.022252210537972994
433 500 433 1000 1000 500 500 1000 433 500 433 829 1414 829|0.001 0.1293786182798784 -0.031917967158934246 -0.030179800784864153
1155 1000 2309 2309 1155 1155 2309 1000 1155 1000 2309 1915 1915 1633|0.001 0.08417077757352898 -0.05127071173657849 -0.039352277379651746
2309 1000 1155 1155 2309 2309 1155 1000 2309 1000 1155 1915 1915 3266|0.001 0.07270848904034954 -0.09810407265046006 0.029889930800182096
866 2000 866 1000 1000 2000 2000 1000 866 2000 866 1658 1414 1658|0.001 -0.050561959185508876 -0.10373492252662042 0.020882285802963363
1000 1000 1000 866 866 866 866 2000 2000 2000 2000 1414 1658 1658|0.001 0.16629587383795164 -0.05179139895452822 0.0034271037031663454
2309 1000 1155 1155 2309 2309 1155 1000 2309 1000 1155 1915 1915 3266|0.001 0.015706198844527286 -0.1676433776311903 0.0588802244269937
866 2000 866 1000 1000 2000 2000 1000 866 2000 866 1658 1414 1658|0.001 -0.054244823333898795 -0.11540226877054138 -0.0046507142373908295
1000 1000 1000 866 866 866 866 2000 2000 2000 2000 1414 1658 1658|0.001 0.09095663488693839 -0.06978888963601548 -0.015344028436679036
2309 1000 1155 1155 2309 2309 1155 1000 2309 1000 1155 1915 1915 3266|0.001 0.06752257034382758 -0.13319394545639018 0.12203237058420635
1000 1000 1000 866 866 866 866 2000 2000 2000 2000 1414 1658 1658|0.001 0.1532909945988825 -0.08150161750735574 -0.009572264561121813
866 2000 866 1000 1000 2000 2000 1000 866 2000 866 1658 1414 1658|0.001 0.024866783289607675 -0.07422114478836672 0.00782679936472519
2309 1000 1155 1155 2309 2309 1155 1000 2309 1000 1155 1915 1915 3266|0.001 0.06712963417291995 -0.2306820445214952 0.1159393830281763
866 2000 866 1000 1000 2000 2000 1000 866 2000 866 1658 1414 1658|0.001 -0.008503740684336902 -0.0870997107237581 0.0006572217505373956
1000 1000 1000 866 866 866 866 2000 2000 2000 2000 1414 1658 1658|0.001 0.08177591134066908 -0.04535452025961284 -0.009386972230730484
2069 1875 1875 1299 693 1299 2436 817 1987 1532 1532 2652 1510 2114|0.001 -0.019494710930257897 -0.10302995853188279 -0.026222102351078913
629 533 770 1443 1179 1530 1593 1875 1179 1000 1443 1162 1573 2041|0.001 0.20491232735858178 -0.05171892888060747 -0.02839666206662761
1299 817 693 533 1000 817 436 1104 693 1060 370 1090 1414 1510|0.001 0.10167753838122406 -0.079965255508615 0.03747240113626926
906 906 483 335 628 1177 628 960 740 740 395 1027 1022 987|0.001 0.05830413081151509 -0.12614744639212416 0.09378966450286352
2868 1875 2987 1443 1179 2211 2706 1875 2211 3516 2706 3051 1573 1919|0.001 0.007061511211108318 -0.10154848591705012 -0.0037169515526280783
1299 817 693 2069 1875 1532 1987 1875 2436 1532 1299 1090 2125 2043|0.001 0.1475854883918215 -0.21025410477308992 0.0434876790123262
335 960 628 906 483 395 740 906 628 740 1177 1140 1282 527|0.001 0.05080298543927775 -0.06317079642719658 -0.01887708965949142
1179 1875 1443 1593 1530 1179 1443 533 629 1000 770 1573 1815 2041|0.001 0.03079056380459466 -0.044674186607991384 -0.009230993560002121
533 1104 1000 1299 693 370 693 817 436 1060 817 1133 1510 805|0.001 0.08326909579219999 -0.040277710126576105 -0.04201947174550025
693 817 1299 1000 1104 1060 817 533 370 436 693 1510 1133 1258|0.001 0.023036292356513055 -0.062459277996789186 0.016231331384202186
629 533 770 770 629 335 411 533 816 284 849 1162 1162 546|0.001 0.06310678384121138 -0.09726685357845044 0.022234866427479627
1443 1875 1179 629 770 1443 1179 533 1593 1000 1530 2179 839 2041|0.001 -0.04795258732562924 -0.09159673953662573 0.024077511076907587
848 1224 1590 1875 2432 2533 2295 1875 1590 2295 2981 1334 3246 2886|0.001 0.04515597108630365 -0.08806375552556478 0.036448121322767424
1443 1875 1179 2868 2987 2706 2211 1875 2706 3516 2211 2179 3404 3067|0.001 0.207675094942108 -0.009570832952637831 -0.002619376127134254
654 1041 349 411 771 944 503 771 1226 944 654 1187 669 1425|0.001 0.06405823811885591 -0.08808630561868758 0.021958172740854653
1875 1875 2432 848 1590 2981 1590 1224 2295 2295 2533 1627 1848 3465|0.001 0.0450662072362773 -0.07707035336093737 0.09468574612561342
1593 533 1530 1179 1443 770 629 1875 1443 1000 1179 1627 2179 2041|0.001 0.1941242938045007 -0.07577097936347976 0.03098763484185474
411 771 771 654 349 654 1226 1041 503 944 944 1334 1064 760|0.001 0.0731263995487419 -0.05701720043251757 -0.036494213390414476
1590 1224 848 1297 1000 1224 1351 533 848 653 452 1848 1731 1334|0.001 0.03383173510366211 -0.1386912475397284 -0.01715680381330631
770 533 629 629 770 849 816 533 411 284 335 839 839 872|0.001 0.06982721171131079 -0.09937612637693771 0.03147084500351838
848 1224 1590 1000 533 653 1224 1297 452 1351 848 1334 868 711|0.001 0.11292104257127678 -0.03585532393387658 -0.06752457773424814
1297 533 1000 1590 848 452 848 1224 1351 653 1224 868 1334 1380|0.001 0.09013633091194295 -0.03591661127071877 -0.04602421804706602
333 1000 333 333 333 178 178 1000 368 1000 368 1054 1054 378|0.001 0.13137616169271782 -0.008765708988238696 -0.04693682186802328
3000 1000 3000 1000 1104 1104 1000 533 3000 533 3000 3162 1133 3197|0.001 0.10453829636665635 0.0024202008278617626 -0.03577944977596337
533 1104 1000 3000 3000 3000 3000 1000 533 1104 1000 1133 3162 3047|0.001 0.05010630173266417 -0.05550221215613771 0.007470651118417493
3000 1000 3000 1000 533 533 1000 1104 3000 1104 3000 3162 1133 3047|0.001 0.05217739589213233 -0.12568552173224723 -0.003174536972302411
1104 533 1000 3000 3000 3000 3000 1000 1104 533 1000 1133 3162 3197|0.001 0.10945629034906146 -0.1167303435312439 0.000999122400480168
333 1000 333 333 333 368 368 1000 178 1000 178 1054 1054 378|0.001 0.0427732767388278 -0.07493582391975506 -0.005834615125616116
333 1000 333 178 178 333 333 1000 368 1000 368 1054 1016 471|0.001 0.11624063177874566 -0.07068621929275709 0.002279678665757512
1000 1104 533 3000 3000 3000 3000 1000 1000 1104 533 1414 3162 3162|0.001 0.02920449630180899 -0.2682045337421324 0.050438702892796616
5625 1000 5625 1875 2069 2069 1875 1875 5625 1875 5625 5713 2652 5993|0.001 0.057297237953857216 -0.13778782056020789 0.029830148196687833
3000 1000 3000 533 1000 1000 533 1104 3000 1104 3000 3162 1414 3162|0.001 0.049087813190056284 -0.08204210295917003 0.05672376148451175
178 1000 178 333 333 368 368 1000 333 1000 333 1016 1054 471|0.001 0.03881265876540363 -0.07258901452349642 2.2605970191325042e-05
2069 1875 1875 5625 5625 5625 5625 1000 2069 1875 1875 2652 5713 5993|0.001 0.07152338070695485 -0.06051561497047775 -0.027460637706130386
1000 533 1104 3000 3000 3000 3000 1000 1000 533 1104 1414 3162 3162|0.001 0.1641917505356072 0.0010126293777057427 -0.06329396868951953
333 1000 333 368 368 333 333 1000 178 1000 178 1054 1066 471|0.001 0.03221942283089918 -0.11989978659514233 0.03457365735356488
2719 1000 2719 906 483 483 906 906 2719 906 2719 2897 1282 2761|0.001 0.08662784003426349 -0.02555519050195909 -0.0407633614325964
3000 1000 3000 1104 1000 1000 1104 533 3000 533 3000 3162 1414 3162|0.001 0.01717815539655332 -0.05189790515790382 0.008399924079121046
483 906 906 2719 2719 2719 2719 1000 483 906 906 1282 2897 2761|0.001 0.0603839199611822 -0.03492262082539499 -0.007364702412332447
368 1000 368 333 333 178 178 1000 333 1000 333 1066 1054 471|0.001 0.06527373693947736 -0.0033815822787541805 -0.02912290800906603
1875 1875 2069 5625 5625 5625 5625 1000 1875 1875 2069 2125 5713 5929|0.001 0.09956789745151795 -0.01704063856382554 -0.019238153642954225
2719 1000 2719 483 906 906 483 906 2719 906 2719 2897 1027 2866|0.001 0.007313045369166105 -0.1245716879444092 0.05254922232477588
178 1000 178 368 368 333 333 1000 333 1000 333 1016 1066 378|0.001 0.09411282865296577 -0.06634450349303989 0.008291344829471914
5625 1000 5625 2069 1875 1875 2069 1875 5625 1875 5625 5713 2125 5929|0.001 0.04670795878163103 -0.13005395680195542 0.0004049339394307516
906 906 483 2719 2719 2719 2719 1000 906 906 483 1027 2897 2866|0.001 0.09585299462248287 -0.07640057929954369 0.016566034074487757
368 1000 368 178 178 333 333 1000 333 1000 333 1066 1016 378|0.001 0.12102941342765794 -0.06036769243671469 -0.018257095526288403
1875 1000 1875 3000 1600 1600 3000 1720 1875 1720 1875 2125 1887 2465|0.001 0.10618589905812881 -0.03123599976254332 -0.052903377407198526
573 533 333 625 625 625 625 1000 573 533 333 629 1179 848|0.001 0.12625505240129176 -0.023201860208602598 -0.04723777604466739
1600 1000 1600 533 533 918 918 1000 853 1000 853 1887 1133 1006|0.001 0.09373065084210541 -0.061009282113155816 0.01798116702025787
533 1000 533 853 853 1600 1600 1000 918 1000 918 1133 1315 1687|0.001 0.07790660549575001 -0.07941621913273189 0.02688904516405799
1172 1000 1172 625 1075 1075 625 1875 1172 1875 1172 1541 1976 1590|0.001 0.10681526128633267 -0.07974817245672061 -0.019408537411867988
3000 1720 1600 1875 1875 1875 1875 1000 3000 1720 1600 3162 2125 3538|0.001 0.06366537455015253 -0.23473740917768104 0.02358445363976891
1875 1000 1875 1600 3000 3000 1600 1720 1875 1720 1875 2125 3162 3538|0.001 0.07877871339327491 -0.10710731649901772 0.10480983752142681
853 1000 853 533 533 918 918 1000 1600 1000 1600 1315 1133 1687|0.001 0.01916198896876775 -0.09946047451243611 0.01715237897909505
1075 1875 625 1172 1172 1172 1172 1000 1075 1875 625 1976 1541 1590|0.001 0.03270662397712343 -0.052267456769249376 -0.008101990982872787
533 1000 533 1600 1600 853 853 1000 918 1000 918 1133 1887 1006|0.001 0.12766612924979492 -0.02540906240664942 -0.02892767885636638
1600 1720 3000 1875 1875 1875 1875 1000 1600 1720 3000 1887 2125 2465|0.001 0.05645538169025688 -0.05840077417632372 0.018738359306591512
625 1000 625 333 573 573 333 533 625 533 625 1179 629 848|0.001 0.03619890641776147 -0.06507382439094322 -0.004898132901807184
625 1000 625 573 333 333 573 533 625 533 625 1179 1054 708|0.001 0.0502020649785595 -0.032602826408505425 0.005953014865096584
930 581 1744 1090 1090 1090 1090 1000 930 581 1744 1838 1479 1433|0.001 0.0904449568348964 -0.04360564028547009 0.01149667889193351
918 1000 918 1600 1600 853 853 1000 533 1000 533 1357 1887 1687|0.001 0.11002715814369735 -0.02917566053881937 0.008118716571035023
625 1875 1075 1172 1172 1172 1172 1000 625 1875 1075 1179 1541 1328|0.001 0.13694009105959193 -0.0077453095247093096 -0.02913409325132399
853 1000 853 918 918 533 533 1000 1600 1000 1600 1315 1357 1006|0.001 0.11408756758044314 -0.03251197566885633 -0.004470391341269142
1090 1000 1090 930 1744 1744 930 581 1090 581 1090 1479 1097 2056|0.001 0.03658964759602812 -0.09679201224991552 0.08585837087244919
1172 1000 1172 1075 625 625 1075 1875 1172 1875 1172 1541 1179 1328|0.001 0.1889736233892947 -0.033966040165060996 -0.02813573235515121
918 1000 918 853 853 1600 1600 1000 533 1000 533 1357 1315 1006|0.001 0.014503710369344613 -0.10043203587819738 0.02538434493400965
1744 581 930 1090 1090 1090 1090 1000 1744 581 930 1097 1479 2056|0.001 0.08474566901653491 -0.11074108516493708 0.012537738903457551
333 533 573 625 625 625 625 1000 333 533 573 1054 1179 708|0.001 0.13540069690100243 -0.03457951266514825 -0.04937590929437019
1600 1000 1600 918 918 533 533 1000 853 1000 853 1887 1357 1687|0.001 0.1404048613798814 -0.04085298756975053 -0.04668975595328084
1090 1000 1090 1744 930 930 1744 581 1090 581 1090 1479 1838 1433|0.001 0.0544839748840964 -0.10529416024251059 -0.02529680944354129
1000 1000 1000 1500 1500 1500 1500 1000 1000 1000 1000 1414 1803 1803|0.001 0.07578258149600892 -0.06287548459111059 -0.0070784833845938255
667 1000 667 667 667 667 667 1000 667 1000 667 1202 1202 943|0.001 0.05980219753938476 -0.10999340173702521 0.025798381347144073
1500 1000 1500 1000 1000 1000 1000 1000 1500 1000 1500 1803 1414 1803|0.001 -0.005729227142005078 -0.1605825202783051 0.05144439717303051
1000 1000 1000 1500 1500 1500 1500 1000 1000 1000 1000 1414 1803 1803|0.001 0.02759709430126822 -0.1263340277025704 -0.0002453565423399251
667 1000 667 667 667 667 667 1000 667 1000 667 1202 1202 943|0.001 0.017158915030441868 -0.0741946569299301 0.009883378665238585
1500 1000 1500 1000 1000 1000 1000 1000 1500 1000 1500 1803 1414 1803|0.001 0.03482351758622437 -0.13454124413144197 0.011275215208588207
1000 1000 1000 1500 1500 1500 1500 1000 1000 1000 1000 1414 1803 1803|0.001 0.05825902330397925 -0.08235890807127833 0.012393207073420065
1500 1000 1500 1000 1000 1000 1000 1000 1500 1000 1500 1803 1414 1803|0.001 0.0602952346977359 -0.11854826739831847 0.024301655165279712
667 1000 667 667 667 667 667 1000 667 1000 667 1202 1202 943|0.001 0.10443706604793102 -0.027445095362951255 -0.0037340326104373656
1000 1000 1000 1500 1500 1500 1500 1000 1000 1000 1000 1414 1803 1803|0.001 0.11981879423883068 -0.010494577027058138 -0.035964223214429714
1500 1000 1500 1000 1000 1000 1000 1000 1500 1000 1500 1803 1414 1803|0.001 0.051115633726028786 -0.11147959602175184 0.003779006767337112
667 1000 667 667 667 667 667 1000 667 1000 667 1202 1202 943|0.001 0.09366016605311112 -0.09801597253400574 -0.004547544697669492
667 1000 667 667 667 667 667 1000 667 1000 667 1202 1202 943|0.001 0.06631668852221217 -0.0783764527919506 0.013647598148869289
1500 1000 1500 1000 1000 1000 1000 1000 1500 1000 1500 1803 1414 1803|0.001 0.027123352321223315 -0.10530020815347818 0.029715167262038822
1000 1000 1000 1500 1500 1500 1500 1000 1000 1000 1000 1414 1803 1803|0.001 -0.0035312245875007697 -0.12504525581299109 0.02230396117272271
667 1000 667 667 667 667 667 1000 667 1000 667 1202 1202 943|0.001 0.014152365316448812 -0.11319891000262428 -0.002637952081701034
1500 1000 1500 1000 1000 1000 1000 1000 1500 1000 1500 1803 1414 1803|0.001 0.1124591808028641 -0.034178179251256324 -0.012679472213475984
1000 1000 1000 1500 1500 1500 1500 1000 1000 1000 1000 1414 1803 1803|0.001 0.0919531719629485 -0.06674422673180525 -0.015983962033789822
667 1000 667 667 667 667 667 1000 667 1000 667 1202 1202 943|0.001 0.06846998255966241 -0.07428011455127614 -0.0076876987504326255
1000 1000 1000 1500 1500 1500 1500 1000 1000 1000 1000 1414 1803 1803|0.001 0.11092725738349962 -0.04616167703145213 -0.03660433812310071
1500 1000 1500 1000 1000 1000 1000 1000 1500 1000 1500 1803 1414 1803|0.001 0.04157861430264642 -0.11792617122804772 0.02976552851167602
667 1000 667 667 667 667 667 1000 667 1000 667 1202 1202 943|0.001 0.07657603848526318 -0.04468066461724707 0.006582541780453255
1500 1000 1500 1000 1000 1000 1000 1000 1500 1000 1500 1803 1414 1803|0.001 0.06873685665551577 -0.06495524821665377 0.00954002883167826
1000 1000 1000 1500 1500 1500 1500 1000 1000 1000 1000 1414 1803 1803|0.001 0.07568830602068921 -0.04455071663280519 -0.008958846242590468
1104 533 1000 3000 1600 853 1600 1720 1332 918 1720 1133 1887 1395|0.001 0.10796597990249346 -0.1025886180709723 -0.028312658356962617
573 533 333 333 573 444 368 533 306 284 178 629 629 809|0.001 0.048878966025029946 -0.06372502225289511 0.014615274481279972
1600 1720 3000 1000 533 918 1720 1104 853 1332 1600 1887 1133 1006|0.001 0.08969975771129679 -0.031433798683043745 -0.0492612161255479
483 906 906 1450 773 1450 2719 1207 831 1559 1559 1282 1264 1528|0.001 0.05561341672710718 -0.06028675248385906 -0.018084277548974237
833 533 690 625 1075 573 333 1875 1075 1000 625 872 1976 884|0.001 0.08353626933682579 -0.06359918957588029 0.0038956451410809834
3000 1720 1600 1104 1000 1720 1332 533 1600 918 853 3162 1414 1887|0.001 0.05427329644495993 -0.11718516828694736 -0.003922429574672037
1875 1875 2069 1600 3000 5625 3000 1720 3226 3226 2498 2125 3162 5929|0.001 0.023785404391138965 -0.08493423105666364 0.09202657160675143
1450 1207 773 483 906 1559 831 906 2719 1559 1450 1761 1027 2866|0.001 0.10099674908401024 -0.16793946174165741 0.08594577464541509
1075 1875 625 1293 1561 2016 1172 1875 2016 3516 1172 1976 2278 2845|0.001 0.21592334878510755 -0.00454517608804772 -0.016459908447143956
1600 1720 3000 1875 2069 2498 3226 1875 3000 3226 5625 1887 2652 3644|0.001 0.11934672258799184 -0.065733748948823 0.011935798361617511
1075 1875 625 333 573 1075 625 533 833 1000 690 1976 629 884|0.001 -0.06160560007950511 -0.09964724321326557 0.02399155032192013
333 533 573 573 333 178 306 533 368 284 444 1054 1054 378|0.001 0.054711403850731255 -0.0415366383243021 0.010924972925026033
930 581 1744 1000 774 641 581 533 496 310 930 1838 1411 1130|0.001 0.035083195134786305 -0.0435041839828576 0.0074852365565525325
533 774 1000 1744 930 496 930 581 310 641 581 1411 1838 980|0.001 0.07582360841776437 -0.04481620930019692 -0.037775029665282345
625 1875 1075 833 690 625 1075 533 333 1000 573 1179 1215 884|0.001 0.03390212794643688 -0.042442253050286594 -0.0034212789471643745
640 828 1201 1291 689 400 751 1291 1201 751 2252 1459 1061 755|0.001 0.09526110193626147 -0.0193024995635227 -0.0434025123516546
1293 1875 1561 1075 625 1172 2016 1875 1172 3516 2016 1635 1179 1328|0.001 0.09551236730123147 -0.09823616090300247 0.022062138367020534
1291 1291 689 640 1201 2252 1201 828 751 751 400 1822 1047 1416|0.001 0.12409632905903134 -0.0679775065956334 0.11313895880183722
1744 581 930 1452 1875 1090 1203 1875 3269 1090 1744 1097 2646 2056|0.001 8.706393441970661e-05 -0.25296084859344203 0.023160395776127274
333 533 573 1075 625 690 833 1875 625 1000 1075 1054 1179 884|0.001 0.11065099566474501 -0.13672651477388387 0.039610941075816086
1744 581 930 533 1000 581 310 774 930 641 496 1097 822 1838|0.001 0.0014735984242775224 -0.20980129304036588 0.014803110243484241
1452 1875 1875 1744 930 1744 3269 581 1203 1090 1090 1541 1838 1520|0.001 0.026810491201920694 -0.0757984699248182 -0.05043761686233772
921 187 1000 1768 354 88 354 1000 921 187 1000 1106 1275 938|0.001 0.12366851855690086 -0.04138114958177286 -0.07870942546255533
566 200 566 566 566 521 521 200 106 50 106 721 721 625|0.001 0.03128055452596756 -0.01329306205188674 -0.0018679205862870418
471 1000 1886 5333 4910 4910 5333 5333 1886 5333 9428 1374 5333 5000|0.001 0.20325938700664903 -0.03479214995298796 0.020616967459399227
1768 1000 354 187 1000 1000 187 921 354 921 88 1275 1000 1275|0.001 0.017560249022789964 -0.4964309398879341 0.3196701000894664
530 250 530 2828 2828 2604 2604 5000 2828 1000 2828 729 3606 2828|0.001 0.29959190468046737 -0.05559783302778176 -0.03990354393794027
4910 5333 5333 1886 471 1886 9428 1000 4910 5333 5333 5333 1374 5000|0.001 -0.2974724612538382 -0.09169016119058959 -0.07476530677730686
1768 1000 354 921 1000 1000 921 187 354 187 88 1275 1000 1275|0.001 0.006511906137647294 -0.4490522196795532 0.007163326710724061
204 1086 1086 384 96 384 1920 1000 204 1086 1086 1086 1018 280|0.001 0.08549670558590794 -0.018168671100495803 -0.06835723212615608
2604 250 2604 2828 2828 530 530 5000 2828 1000 2828 2652 3606 2828|0.001 0.29064146533947177 -0.028427545097521323 -0.05028299479951759
1886 1000 471 4910 5333 5333 4910 5333 9428 5333 1886 1374 5897 6799|0.001 0.25553690266461704 -0.37093363636563237 0.008311169820136577
1086 1086 204 96 384 1920 384 1000 1086 1086 204 1201 1018 1385|0.001 0.03827111535725125 -0.46850293038013024 0.2724654187829967
2828 5000 2828 2604 2604 2828 2828 250 530 1000 530 3606 2652 2828|0.001 -0.04686319179113885 -0.02645838948269752 -0.026485073966734385
1305 1875 1768 1225 230 431 2296 604 1273 1133 1444 1398 1195 1275|0.001 0.017298067679982765 -0.0801786185153841 -0.07338310696137773
493 188 816 1443 1179 1039 1066 1875 925 352 1531 976 1573 1087|0.001 0.20842374052359114 -0.11681855925777862 0.009801278104157873
1299 817 693 566 1061 641 342 738 244 720 130 1090 791 1267|0.001 0.03981944586836095 -0.15409903764163846 0.07921087644184199
1437 1355 766 176 330 1760 938 975 868 1107 463 1972 977 1016|0.001 0.10311778781742831 -0.14737943689673183 0.11591811884105185
5543 1875 5683 4355 2632 4934 8165 5333 6289 10000 7698 5551 3079 7914|0.001 0.31939629276549475 -0.07335812569597033 -0.005351945570305494
1225 604 230 1305 1768 1444 1273 1875 2296 1133 431 707 2574 1926|0.001 0.11128634529171677 -0.35072347839370965 0.000575013909069888
2632 5333 4355 3031 2956 3354 4106 533 1404 2844 2322 3079 3198 3093|0.001 0.0927731852344027 -0.0008381618466846152 -0.018355531818021742
380 1655 2027 2390 2106 2159 2925 1875 712 3103 3800 1170 2203 2279|0.001 0.014066017175935475 -0.027552576737790435 0.01799745746678294
3031 533 2956 2632 4355 2322 1404 5333 4106 2844 3354 2960 5203 3246|0.001 0.3722821564277301 -0.09974877895071343 -0.022449711664466188
475 1135 890 338 180 962 1804 1025 786 1389 1473 1046 1001 939|0.001 0.08736366228632608 -0.04943284910585044 -0.05156646685555377
2027 1655 380 1123 1275 1560 1152 533 1081 882 203 1977 1175 1700|0.001 0.017650769965598112 -0.5784987202171576 0.010085568179081239
816 188 493 629 770 568 554 533 435 100 263 577 839 1121|0.001 0.08014817231173366 -0.03809922907979435 -0.007372250999218011
848 1224 1590 785 418 692 1298 881 159 904 298 1334 1258 490|0.001 0.07813900883723912 -0.04136115847967914 -0.05104313852132947
1123 533 1275 2027 380 203 1081 1655 1152 882 1560 1604 1170 1125|0.001 0.13310401230848035 -0.09372830842235835 -0.0786565006143658
1090 1000 1090 1875 1452 1452 1875 1875 3269 1875 3269 1479 1541 2382|0.001 0.17499125027904183 -0.04526052050921825 -0.019024828763434254
1000 774 533 581 1744 1744 581 1000 1000 774 533 822 1419 2010|0.001 0.08145144291685336 -0.2012249446609271 0.20505941092244795
1720 3000 1720 918 918 1720 1720 1000 1332 3000 1332 2441 1357 1414|0.001 -0.0018091948664522572 -0.057992001859354936 0.008612133019822998
918 1000 918 1332 1332 1720 1720 3000 1720 3000 1720 1357 2185 2427|0.001 0.2746495891432521 -0.069432751521592 0.020307797767329383
2252 1000 751 689 1291 1291 689 1291 2252 1291 751 1640 1822 2596|0.001 0.11997840038686203 -0.05698537798318304 0.09616353075054374
1875 1875 1452 1090 1090 3269 3269 1000 1875 1875 1452 2646 1479 2661|0.001 -0.06906103536541974 -0.11745198500502152 0.0047156847401153
1090 1000 1090 1452 1875 1875 1452 1875 3269 1875 3269 1479 2646 2661|0.001 0.1119947987018044 -0.057931573434976125 -0.01084424278462115
1332 3000 1332 918 918 1720 1720 1000 1720 3000 1720 2185 1357 2427|0.001 0.040600627117586274 -0.04452636245441344 0.006632945726896544
1291 1291 689 751 2252 2252 751 1000 1291 1291 689 1822 1640 2596|0.001 0.08614001724188469 -0.16721449694261037 0.2343243362089642
918 1000 918 1720 1720 1332 1332 3000 1720 3000 1720 1357 2441 1414|0.001 0.11090439588392842 -0.04949070829355806 -0.00324413182833605
1452 1875 1875 1090 1090 3269 3269 1000 1452 1875 1875 1541 1479 2382|0.001 -0.008201201442658013 -0.09587522903483081 0.012324313341780524
1744 1000 581 533 1000 1000 533 774 1744 774 581 1419 822 2010|0.001 0.09948731021360402 -0.13496455661841877 0.011871893935921918
581 1000 1744 1000 533 533 1000 774 581 774 1744 1419 1411 789|0.001 0.05382021791600522 -0.036692994948649416 -0.02897689039336071
774 533 1000 1744 1744 581 581 1000 774 533 1000 1411 2010 1270|0.001 0.10446124736065876 -0.05603598273714594 -0.029461607879236462
573 1000 573 573 573 444 444 333 306 333 306 1153 814 809|0.001 0.030609560320526974 -0.02356379238671158 -0.00913942406001067
689 1291 1291 2252 751 751 2252 1000 689 1291 1291 1061 1640 1019|0.001 0.09332655903536713 -0.051694424511355974 -0.061388411236847906
444 333 444 573 573 306 306 1000 573 333 573 728 1153 471|0.001 0.11149438055809924 -0.08146404714523214 0.02303591075184519
1744 1000 1744 774 1000 1000 774 533 581 533 581 2010 822 1419|0.001 0.015429899690855287 -0.10354940302233273 0.026217402953194746
751 1000 2252 1291 689 689 1291 1291 751 1291 2252 1640 1061 1019|0.001 0.042297067951810874 -0.044958203376309624 -0.02013388095834956
573 1000 573 444 444 573 573 333 306 333 306 1153 728 471|0.001 0.09109597591167029 -0.006658020547342103 -0.049891223035647414
1000 533 774 1744 1744 581 581 1000 1000 533 774 822 2010 1419|0.001 0.12592948286735517 -0.08441739655513869 -0.023295513724872485
533 774 1000 1744 581 581 1744 1000 533 774 1000 1411 1419 789|0.001 0.1021791529825733 -0.018156223050407316 -0.06494238380143624
573 333 573 573 573 306 306 1000 444 333 444 814 1153 809|0.001 0.09932231498554822 -0.018477959989030568 -0.019690056262077205
1744 1000 1744 1000 774 774 1000 533 581 533 581 2010 1411 1270|0.001 0.05711727260741428 -0.0628725869698954 -0.025600914803036723
3000 1000 3000 693 566 566 693 600 2200 600 2200 3162 1149 2631|0.001 0.04550451422161039 -0.07841849160414971 -0.00042748237091050356
866 816 1443 4330 3175 3175 4330 1000 866 816 1443 1658 3841 3291|0.001 0.06889444289449598 -0.04679617536018643 -0.0251562437189079
231 733 231 333 333 200 200 1000 189 733 189 887 1054 383|0.001 0.09037499931066506 -0.06598090109048549 0.005664990231617484
333 1000 333 189 189 231 231 733 200 733 200 1054 877 275|0.001 0.046993566168338496 -0.041074000444356606 0.004210384236562614
3889 1000 5303 1768 1061 1061 1768 1225 3889 1225 5303 4650 1458 4031|0.001 0.11011439970107562 -0.036277774702606624 -0.04155431328022208
693 600 566 3000 3000 2200 2200 1000 693 600 566 825 3162 2661|0.001 0.0874761181690098 -0.10880331556334721 0.019942450950509727
3000 1000 3000 566 693 693 566 600 2200 600 2200 3162 825 2661|0.001 0.06840981113656053 -0.031297638286470475 0.0014191867804136393
189 733 189 333 333 200 200 1000 231 733 231 877 1054 275|0.001 0.07256829720102775 -0.06292912467831258 0.0203274226506589
1061 1225 1768 5303 3889 3889 5303 1000 1061 1225 1768 1458 4650 4031|0.001 0.08610841791197421 -0.039923639981063186 -0.042306014245591106
333 1000 333 231 231 189 189 733 200 733 200 1054 887 383|0.001 -0.022340184433755628 -0.1428685907070848 0.04776289528472866
566 600 693 3000 3000 2200 2200 1000 566 600 693 1149 3162 2631|0.001 0.12948057056829443 -0.03495746312453529 -0.05123749360455232
3175 1000 4330 1443 866 866 1443 816 3175 816 4330 3841 1658 3291|0.001 0.1415227021062937 -0.009494455068412844 -0.06905998964489402
4330 1000 3175 866 1443 1443 866 816 4330 816 3175 3841 1190 4564|0.001 0.049945045228569906 -0.13552024220381376 0.017225833073157837
943 1667 1155 3667 3667 5000 5000 1000 943 1667 1155 1374 3801 4384|0.001 0.03365893660711494 -0.08723899753432685 0.004137789559528482
273 1000 273 315 315 257 257 1364 455 1364 455 1037 1209 375|0.001 0.061995142346691345 -0.06881619192028232 0.016336248849360135
1768 1225 1061 3889 5303 5303 3889 1000 1768 1225 1061 2031 4650 5590|0.001 0.0834899202879047 -0.050216824921407444 0.008172741005345596
257 1364 257 273 273 455 455 1000 315 1364 315 1196 1037 522|0.001 0.012330338880512937 -0.09902663356984198 -0.018654359170198198
3667 1000 3667 943 1155 1155 943 1667 5000 1667 5000 3801 1915 4435|0.001 0.156014806908642 -0.017622292911517734 -0.013755545530620417
5303 1000 3889 1061 1768 1768 1061 1225 5303 1225 3889 4650 2031 5590|0.001 0.1082044441430674 -0.06871829258453199 0.09224055922431473
273 1000 273 257 257 315 315 1364 455 1364 455 1037 1196 522|0.001 0.07811993318905142 -0.13323106886798386 0.041639487465379155
1155 1667 943 3667 3667 5000 5000 1000 1155 1667 943 1915 3801 4435|0.001 -0.02614093412133034 -0.11710966792568 -0.008538278749614658
1443 816 866 3175 4330 4330 3175 1000 1443 816 866 1190 3841 4564|0.001 0.11475635373957793 -0.010752701513637719 0.034652626587801105
315 1364 315 273 273 455 455 1000 257 1364 257 1209 1037 375|0.001 -0.014274232450153246 -0.14021115325063116 0.02634719981549072
3667 1000 3667 1155 943 943 1155 1667 5000 1667 5000 3801 1374 4384|0.001 0.05553531234939513 -0.1598769155630042 0.05621149152393201
11000 1000 11000 4085 4085 4085 4085 7500 7500 7500 7500 11045 4918 9959|0.001 0.7936893190915839 -0.03757208366069187 0.003754216453057957
1836 1000 245 2693 1836 1836 2693 1000 1836 1000 245 1204 2438 2596|0.001 0.10549252038659196 -0.3808548150045854 -0.016244822313081775
371 682 371 91 91 682 682 1000 371 682 371 905 1004 447|0.001 0.1068311187567561 -0.0834369621393527 0.03109588368045202
11000 1000 11000 4085 4085 4085 4085 7500 7500 7500 7500 11045 4918 9959|0.001 0.6744688019538825 -0.07331724754687574 0.01560308701137103
371 682 371 91 91 682 682 1000 371 682 371 905 1004 447|0.001 0.10930039490382182 -0.08933391812391944 0.010196552055705688
1836 1000 245 2693 1836 1836 2693 1000 1836 1000 245 1204 2438 2596|0.001 0.049685436434410146 -0.5327542110873207 -0.01697238017145941
2693 1000 1836 1836 245 245 1836 1000 2693 1000 1836 2438 1204 2704|0.001 0.08614357555736696 -0.11773016667559699 -0.07901028809564892
545 133 545 1000 1000 1467 1467 1000 545 133 545 656 1414 1328|0.001 0.09817979163462498 -0.03947320991184444 -0.0028848841205186826
1000 1000 1000 545 545 545 545 1467 133 1467 133 1414 1328 656|0.001 0.15350886917302908 -0.04905061241088471 -0.021385794445734074
2693 1000 1836 1836 245 245 1836 1000 2693 1000 1836 2438 1204 2704|0.001 0.08753501591141521 -0.1157644803112734 -0.0806669582952757
1000 1000 1000 545 545 545 545 1467 133 1467 133 1414 1328 656|0.001 0.13343717160536395 -0.03507245585018026 -0.02295360314205186
545 133 545 1000 1000 1467 1467 1000 545 133 545 656 1414 1328|0.001 0.13942642330702748 -0.10094566027301743 0.02417800863068198
12728 1000 14142 14142 15780 15780 14142 8000 2828 8000 14142 13454 16248 16882|0.001 0.6927932888898503 -0.08238753296623935 0.014981905517648109
566 1116 71 1000 1000 200 900 1000 566 1116 71 1149 1414 721|0.001 0.09015045538469879 -0.4054935979970564 -0.0025682649460323503
1000 1000 1000 566 71 71 566 1116 900 1116 200 1414 1002 951|0.001 0.09175781497217761 -0.0933221529250372 -0.07895576311636954
566 200 566 1000 1000 1116 1116 1000 71 900 71 721 1414 1002|0.001 0.1224851548531003 -0.1052404124255013 -0.004659885523193852
14142 1000 12728 15780 14142 14142 15780 8000 14142 8000 2828 13454 14177 20000|0.001 0.8524316774402352 -0.08962267903633081 0.010127719444448235
1240 222 1240 79 79 629 629 1111 1111 1111 1111 1326 1057 1114|0.001 0.1651558819831389 -0.09917713290170993 0.0307113600461717
1768 125 1972 354 1768 1768 1591 1000 1768 125 1972 2031 1275 2500|0.001 0.13613255043835926 -0.07491798868003441 0.33955208912782364
2828 5000 2828 5579 5579 5000 5000 4500 354 5000 354 3606 5969 5745|0.001 0.28870590568585985 -0.05476412254134422 0.01577445144489431
3000 1000 3000 566 1061 1061 566 1116 1500 1116 2200 3162 1458 2372|0.001 0.00010985646268002469 -0.10976247095917491 0.07662451321975627
1972 1875 1768 5303 3889 2652 5303 1000 1972 1875 1768 2577 4650 3769|0.001 0.16709025202125138 0.0016536039736103625 -0.08546390164638762
189 733 189 333 333 372 372 1000 354 500 354 877 1054 486|0.001 0.12701300313730624 -0.04914496541544633 -0.048209000306029814
333 1000 333 354 354 189 189 500 372 733 372 1054 791 383|0.001 0.07652199088068468 -0.047847070840452144 -0.03910893348445188
1414 1000 2828 943 1052 1052 943 533 2074 533 2828 2236 1083 2010|0.001 0.03946238014122638 -0.02753484389183658 -0.007347571352743776
566 1116 1061 3000 3000 2200 1500 1000 566 1116 1061 1149 3162 2631|0.001 0.057339673912610856 -0.06897386796603788 0.020886609781476384
3000 1000 3000 1061 566 566 1061 1116 2200 1116 1500 3162 1149 2631|0.001 0.06921312341772401 -0.0688986683500592 -0.046479038032357645
354 500 354 333 333 372 372 1000 189 733 189 791 1054 383|0.001 0.0938988350675607 -0.04413585866846703 0.011446250942153124
1052 533 943 2828 1414 2074 2828 1000 1052 533 943 1083 2236 2010|0.001 0.11862742622673395 -0.032233884564747406 -0.057725545222754304
333 1000 333 189 189 354 354 733 372 500 372 1054 877 486|0.001 0.04033697383129864 -0.07195549246265309 -0.010189206446512555
1061 1116 566 3000 3000 1500 2200 1000 1061 1116 566 1458 3162 2372|0.001 0.09322218575224417 -0.05819652991327806 -0.017633599936695
3889 1000 5303 1768 1972 1972 1768 1875 2652 1875 5303 4650 2577 3769|0.001 0.05697153540351385 -0.08656626294421876 0.023017183693854193
5303 1000 3889 1972 1768 1768 1972 1875 5303 1875 2652 4650 2031 5590|0.001 0.07332233527114651 -0.1451954281726442 0.01929956264012933
951 896 507 1972 1344 2689 2689 1000 951 896 507 1030 1911 2126|0.001 0.10727420610510352 -0.05621866301068201 -0.02939642809693277
507 682 507 257 257 482 482 1364 455 1364 455 969 1196 522|0.001 0.1108362476481517 -0.062423085306969606 0.017711210744570938
943 533 1052 1414 2828 2828 2074 1000 943 533 1052 1374 2236 2981|0.001 0.051838626481390815 -0.07805420747734049 0.06762961519376276
707 2000 707 744 744 667 667 1467 377 2000 377 1581 1421 972|0.001 -0.01839996172071756 -0.10475358209271479 -0.003594934342862066
1972 1000 1344 951 507 507 951 896 2689 896 2689 1911 1306 2358|0.001 0.1135607368192404 -0.08131966935879698 -0.06147061546669774
2828 1000 1414 1052 943 943 1052 533 2828 533 2074 2236 1374 2981|0.001 0.024714346547267674 -0.12910659076255993 -0.008135446007178082
744 1467 744 707 707 377 377 2000 667 2000 667 1421 1581 972|0.001 0.20103811607177224 -0.017956610895890623 -0.0410367746738971
507 896 951 1344 1972 2689 2689 1000 507 896 951 1306 1911 2358|0.001 0.05867449594594287 -0.06847641107016411 0.067076469851719
1768 1875 1972 3889 5303 5303 2652 1000 1768 1875 1972 2031 4650 5590|0.001 0.05938910549700305 -0.06839481648847734 0.005250611446001585
257 1364 257 507 507 455 455 682 482 1364 482 1196 969 522|0.001 0.03667843962662287 -0.07191129861855217 -0.003948045399193578
1344 1000 1972 507 951 951 507 896 2689 896 2689 1911 1030 2126|0.001 0.03418163556957898 -0.06106724453585399 0.07357009323881947
1115 1000 1115 526 526 801 801 1231 1846 1231 1846 1498 1228 1805|0.001 0.07126592125018538 -0.11070581431056992 0.02146872301083791
2340 1000 1901 2121 3510 3510 2121 1523 2340 1523 1901 2334 3432 4219|0.001 0.10812041119296456 -0.04729508648902869 0.029100659224952086
718 1655 472 897 897 1103 1103 1000 718 1655 472 1618 1343 1227|0.001 0.016556362658883828 -0.09999249907472696 -0.007946556454252462
897 1000 897 472 718 718 472 1655 1103 1655 1103 1343 1618 1227|0.001 0.10716437985066829 -0.08583133198752702 -0.026093013211202498
3510 1523 2121 1901 2340 2340 1901 1000 3510 1523 2121 3432 2334 4219|0.001 0.028072105208554188 -0.22992056045870513 0.04402682776046829
526 1231 526 1115 1115 1846 1846 1000 801 1231 801 1228 1498 1805|0.001 0.0853341265538643 -0.08192648992674134 -0.004610448024093827
1115 1000 1115 801 801 526 526 1231 1846 1231 1846 1498 1368 1333|0.001 0.15667293388916148 -0.021275672739361484 -0.023167750131826148
472 1655 718 897 897 1103 1103 1000 472 1655 718 1196 1343 1101|0.001 0.017299911449752958 -0.07486200034115709 0.006363959882165204
1536 1000 1248 1392 2304 2304 1392 656 1536 656 1248 1708 1664 2769|0.001 0.08837534588846063 -0.09296017972426185 -0.0009019773072804771
897 1000 897 718 472 472 718 1655 1103 1655 1103 1343 1196 1101|0.001 0.10756291544669949 -0.026445215444013126 -0.005627326773962604
801 1231 801 1115 1115 1846 1846 1000 526 1231 526 1368 1498 1333|0.001 -0.03704257103939179 -0.12676387600551897 0.02407116678789789
2304 656 1392 1248 1536 1536 1248 1000 2304 656 1392 1664 1708 2769|0.001 0.11132293907246016 -0.03723893712209492 -0.000848893551186336
2121 1523 3510 2340 1901 1901 2340 1000 2121 1523 3510 2535 2334 2848|0.001 0.047869169447583015 -0.042298791613478715 -0.007998655356732387
427 812 427 1500 1500 906 906 1000 651 812 651 998 1803 1083|0.001 0.10412544948929181 -0.055022998071379 -0.009060789060587604
667 1000 667 285 434 434 285 604 542 604 542 1202 722 741|0.001 0.02364764371109329 -0.08613894736229644 0.015293798029079042
1901 1000 2340 3510 2121 2121 3510 1523 1901 1523 2340 2334 2535 2848|0.001 0.06388822831280283 -0.09680647995339409 -0.0054365600005767956
434 604 285 667 667 542 542 1000 434 604 285 722 1202 741|0.001 0.13476613789863423 -0.07994035829389068 -0.005070497478157909
1500 1000 1500 427 427 651 651 812 906 812 906 1803 998 1083|0.001 0.026037349587859637 -0.09543368971584143 0.014253564793063056
1392 656 2304 1536 1248 1248 1536 1000 1392 656 2304 2253 1708 1870|0.001 0.042281954893796936 -0.03421049666335052 -0.006733899683227795
667 1000 667 434 285 285 434 604 542 604 542 1202 978 665|0.001 0.09299207678713284 0.0037110481484181612 -0.03862315942618655
651 812 651 1500 1500 906 906 1000 427 812 427 1112 1803 1467|0.001 0.1152611839928519 -0.06519803070159869 0.004223646772836265
1248 1000 1536 2304 1392 1392 2304 656 1248 656 1536 1708 2253 1870|0.001 0.09444489136863243 -0.05553732130040956 -0.017265761607754282
285 604 434 667 667 542 542 1000 285 604 434 978 1202 665|0.001 0.09339715967895623 -0.006627569959541946 -0.02168944476746315
1500 1000 1500 651 651 427 427 812 906 812 906 1803 1112 1467|0.001 0.060501754107025185 -0.09986906202749779 0.011678256061460335
3667 1000 3667 1362 1860 1860 1362 3750 2500 3750 2500 3801 2791 3553|0.001 0.16506109452682383 -0.10644421338554144 -0.006236603085628678
2754 1366 734 2693 1836 1836 2693 1000 2754 1366 734 2050 2438 3310|0.001 0.05163993710364467 -0.3318763855432272 0.0001307597228739077
371 682 371 273 273 1023 1023 1000 507 682 507 905 1037 761|0.001 0.1072679867532389 -0.08166565638817125 -0.006825799740898253
273 1000 273 507 507 371 371 682 1023 682 1023 1037 969 611|0.001 0.019963417848798404 -0.048408762341323186 -0.0012879539311583255
1362 3750 1860 3667 3667 2500 2500 1000 1362 3750 1860 2241 3801 3320|0.001 0.2723849640265419 0.033036385283276015 -0.04745631213838086
3667 1000 3667 1860 1362 1362 1860 3750 2500 3750 2500 3801 2241 3320|0.001 0.36140695667518763 -0.036707317474926615 0.0041048164095092154
507 682 507 273 273 1023 1023 1000 371 682 371 969 1037 611|0.001 0.1168858882517676 -0.06415627256528444 0.017180900813300592
2016 732 538 1972 1344 1344 1972 1000 2016 732 538 1205 1911 2424|0.001 0.058728059026382784 -0.2189879003545936 -0.015330288337238596
273 1000 273 371 371 507 507 682 1023 682 1023 1037 905 761|0.001 0.018330938320749723 -0.049907154687669486 0.004507562278741606
1860 3750 1362 3667 3667 2500 2500 1000 1860 3750 1362 2791 3801 3553|0.001 0.2700391865518359 0.032944890794559534 -0.04720341131309924
2693 1000 1836 2754 734 734 2754 1366 2693 1366 1836 2438 1646 2791|0.001 0.08282398677005087 -0.11080777905506212 -0.06316507157694717
496 267 363 667 667 978 978 1000 496 267 363 598 1202 948|0.001 0.11473442150568447 -0.0740526784259099 0.008141926894782436
1500 1000 1500 545 545 744 744 1467 400 1467 400 1803 1328 896|0.001 0.0631959345942601 -0.09898062244346084 0.013518920009503166
538 732 2016 1344 1972 1972 1344 1000 538 732 2016 1501 1911 2044|0.001 -0.03252826628171612 -0.04792212701240306 0.05427272852172482
667 1000 667 496 363 363 496 267 978 267 978 1202 744 885|0.001 0.011407391378697174 -0.030196838928053804 -0.0016453037864572195
1972 1000 1344 2016 538 538 2016 732 1972 732 1344 1911 1501 2044|0.001 0.08473703644217068 -0.09517058527472311 -0.06787949199198895
1500 1000 1500 744 744 545 545 1467 400 1467 400 1803 1421 1117|0.001 0.1545618301051066 -0.028261618585433412 -0.011443409775048208
363 267 496 667 667 978 978 1000 363 267 496 744 1202 885|0.001 0.1341647131992718 -0.07657692116066483 0.012510140508283918
734 1366 2754 1836 2693 2693 1836 1000 734 1366 2754 1646 2438 2791|0.001 -0.03091264997810872 -0.04811295939318949 0.05401408711054989
667 1000 667 363 496 496 363 267 978 267 978 1202 598 948|0.001 0.01669019774475977 -0.033946622729110754 -0.005469528301125237
1104 533 1000 1299 693 370 693 817 1060 436 817 1133 1510 1258|0.001 0.13472987812271686 -0.09351322939620488 -0.04604811776819928
629 533 770 770 629 816 849 533 335 284 411 1162 1162 546|0.001 0.05543869313918037 -0.06062660164302014 0.017592512889124112
693 817 1299 1000 533 436 817 1104 370 1060 693 1510 1133 805|0.001 0.08847099242926815 -0.037197749180307715 -0.03676558520181894
483 906 906 628 335 628 1177 960 395 740 740 1282 1140 527|0.001 0.054575359162174486 -0.05906793026744239 -0.0370686620657501
1530 533 1593 1443 1179 629 770 1875 1179 1000 1443 1815 1573 2041|0.001 0.14823274116462892 -0.09302583916800722 -0.023382843898571704
1299 817 693 1104 1000 817 1060 533 693 436 370 1090 1414 1510|0.001 -0.015722768979076207 -0.2471854458718048 0.05698479396939904
1875 1875 2069 693 1299 2436 1299 817 1532 1532 1987 2125 1090 2043|0.001 -0.037716070405731106 -0.10342729323496336 0.055159918601463964
628 960 335 483 906 740 395 906 1177 740 628 1022 1027 987|0.001 0.06510191685318523 -0.16623676149236988 0.07215693029821724
1179 1875 1443 2987 2868 2211 2706 1875 2211 3516 2706 1573 3051 1919|0.001 0.16396464412694822 -0.03981392472987344 0.004996005326538544
693 817 1299 1875 2069 1987 1532 1875 1299 1532 2436 1510 2652 2114|0.001 0.08689833692778315 -0.035218569050977644 0.0018148753155355912
1179 1875 1443 770 629 1179 1443 533 1530 1000 1593 1573 1162 2041|0.001 -0.058617098286483094 -0.09381620725258832 0.0048144144535977595
770 533 629 629 770 411 335 533 849 284 816 839 839 872|0.001 0.03203849565058814 -0.009986648587156921 -0.012530278476405865
848 1224 1590 1000 1297 1351 1224 533 452 653 848 1334 868 1380|0.001 0.03877771789873696 -0.045402966885499385 0.019677936288233777
533 1297 1000 1590 848 452 848 1224 653 1351 1224 868 1334 711|0.001 0.08419800391556098 -0.03249732342463507 -0.03980402111993908
1443 1875 1179 1530 1593 1443 1179 533 770 1000 629 2179 1627 2041|0.001 0.13414504739703847 0.016331407564138534 -0.04575932641755265
349 1041 654 771 411 503 944 771 654 944 1226 1064 1334 760|0.001 0.08793674164674803 -0.04684514008708174 -0.029564178943763952
2987 1875 2868 1179 1443 2706 2211 1875 2706 3516 2211 3404 2179 3067|0.001 0.06566461567618198 -0.10631606747195765 0.010062116971005786
771 771 411 349 654 1226 654 1041 944 944 503 669 1187 1425|0.001 0.08846815482101977 -0.10431989992662705 0.12138932585022744
1590 1224 848 2432 1875 2295 2533 1875 2981 2295 1590 1848 1627 3465|0.001 0.11232223340021719 -0.14590089990685784 0.01093892948064168
770 533 629 1179 1443 1593 1530 1875 1443 1000 1179 839 2179 2041|0.001 0.15760327977862865 -0.1432801244916615 0.041099090513199155
1590 1224 848 533 1000 1224 653 1297 848 1351 452 1848 1731 1334|0.001 0.05260099715640454 -0.14793624495757163 0.10139071990705961
2432 1875 1875 1590 848 1590 2981 1224 2533 2295 2295 3246 1334 2886|0.001 -0.02775981954657447 -0.10038994061599138 -0.01609121296206273
1155 1000 2309 816 493 493 816 188 938 188 1155 1915 976 1152|0.001 0.009658404913046592 -0.025316436326329184 0.0027942877161124535
1414 1000 2828 1225 230 230 1225 604 1149 604 1414 2236 1195 1295|0.001 0.08989840683451433 -0.036718644837056 -0.07210181676214455
493 188 816 2309 1155 938 1155 1000 493 188 816 976 1915 1152|0.001 0.15325785608770293 -0.14409304829885894 -0.01031544520986638
433 500 433 354 354 214 214 500 81 406 81 829 791 422|0.001 0.056797434308824 -0.10281207916930657 0.013284740974510711
707 2000 707 162 162 866 866 812 427 1000 427 1581 916 500|0.001 -0.02727470622805317 -0.09349697207490792 0.03402013330472853
1225 604 230 1414 2828 1414 1149 1000 1225 604 230 707 2236 2345|0.001 0.07784949184838963 -0.1253335062350558 0.002653792636497787
5004 1000 6158 4355 2632 2632 4355 5333 6158 5333 12317 5640 3079 6143|0.001 0.5152536772299166 -0.051221825467263615 0.006995978234680678
162 812 162 707 707 427 427 2000 866 1000 866 916 1581 500|0.001 0.15534372541657904 -0.088185671811849 0.005669259017044848
816 188 493 1155 2309 1155 938 1000 816 188 493 577 1915 1826|0.001 0.09756003072004304 -0.09677233116553552 0.11832140704415073
866 2000 866 427 427 707 707 812 162 1000 162 1658 998 500|0.001 -0.00428333131644143 -0.08639493710476343 0.013230461299420515
1901 1000 2340 2027 380 380 2027 1655 2340 1655 4680 2334 1170 2143|0.001 0.0824058917000392 -0.08761311434728469 -0.06953259639050025
2309 1000 1155 493 816 816 493 188 1155 188 938 1915 577 1826|0.001 0.016497095687639796 -0.1508004421060949 0.0024201322435302153
200 1231 200 526 526 870 870 1231 1066 2462 1066 1127 1228 1040|0.001 0.06589821016527608 -0.03465336459709145 -0.005797147035901951
6158 1000 5004 2632 4355 4355 2632 5333 12317 5333 6158 5640 5203 9737|0.001 0.5170295322776686 -0.06660306808198513 -0.024630375093505075
2027 1655 380 1901 2340 4680 2340 1000 2027 1655 380 1977 2334 3881|0.001 0.00980322016154389 -0.7456315595925211 0.057363950963262855
526 1231 526 200 200 1066 1066 1231 870 2462 870 1228 1127 1040|0.001 0.10361812554385841 -0.07598319069733073 0.0240980867820606
1000 1000 1000 891 891 891 891 2000 2000 2000 2000 1414 1671 1671|0.001 0.22416725157395456 -0.020086736057599586 -0.0035577052152802047
2245 1000 1123 1123 2245 2245 1123 1000 2245 1000 1123 1876 1876 3175|0.001 0.08224208390253507 -0.1537655716802222 0.0804701236654326
891 2000 891 1000 1000 2000 2000 1000 891 2000 891 1671 1414 1671|0.001 0.04122059681911594 -0.07079173799048655 -0.00530775606655931
1000 1000 1000 891 891 891 891 2000 2000 2000 2000 1414 1671 1671|0.001 0.06925752473442737 -0.09701137187881792 -0.0033666528885811786
2245 1000 1123 1123 2245 2245 1123 1000 2245 1000 1123 1876 1876 3175|0.001 0.11001787250058515 -0.11140286640166863 0.07327080009456477
891 2000 891 1000 1000 2000 2000 1000 891 2000 891 1671 1414 1671|0.001 0.0018913496561268062 -0.07598425264635056 0.019534882268379405
1000 1000 1000 891 891 891 891 2000 2000 2000 2000 1414 1671 1671|0.001 0.04000732729633194 -0.11415081253604131 0.017337809546775773
891 2000 891 1000 1000 2000 2000 1000 891 2000 891 1671 1414 1671|0.001 0.02083253262670004 -0.07567442343801689 0.008377590491406295
2245 1000 1123 1123 2245 2245 1123 1000 2245 1000 1123 1876 1876 3175|0.001 0.11289946005839546 -0.04117288655476892 0.09048552116691866
1000 1000 1000 891 891 891 891 2000 2000 2000 2000 1414 1671 1671|0.001 0.1280321958397601 -0.04399818935864941 -0.0013184081053907448
891 2000 891 1000 1000 2000 2000 1000 891 2000 891 1671 1414 1671|0.001 -0.020946256846682276 -0.10490929157978446 0.005156401117338838
2245 1000 1123 1123 2245 2245 1123 1000 2245 1000 1123 1876 1876 3175|0.001 0.047505562405187884 -0.23233842169463337 0.07502051698239365
1123 1000 2245 2245 1123 1123 2245 1000 1123 1000 2245 1876 1876 1588|0.001 0.09050141168213344 -0.04210391146437176 -0.06060581157686595
445 500 445 1000 1000 500 500 1000 445 500 445 836 1414 836|0.001 0.1486067376325484 -0.04091430048889566 -0.036081580116460454
1000 1000 1000 445 445 445 445 500 500 500 500 1414 836 836|0.001 0.022952840057941515 -0.07271647503607981 0.020683784650388226
1123 1000 2245 2245 1123 1123 2245 1000 1123 1000 2245 1876 1876 1588|0.001 0.0828917923132666 -0.030863445297049097 -0.04419245168137076
445 500 445 1000 1000 500 500 1000 445 500 445 836 1414 836|0.001 0.10350877244459156 -0.05777518547151472 -0.006331469581574156
1000 1000 1000 445 445 445 445 500 500 500 500 1414 836 836|0.001 0.053968184772743566 -0.07678178919202305 -0.02049489716326569
1123 1000 2245 2245 1123 1123 2245 1000 1123 1000 2245 1876 1876 1588|0.001 0.082521505641866 -0.04718244072183908 -0.03271701983364239
1000 1000 1000 445 445 445 445 500 500 500 500 1414 836 836|0.001 0.060359925138020465 -0.017927206004485496 -0.007609931659631197
445 500 445 1000 1000 500 500 1000 445 500 445 836 1414 836|0.001 0.04751354944904085 -0.03808772767963986 -0.0024461302579026345
1123 1000 2245 2245 1123 1123 2245 1000 1123 1000 2245 1876 1876 1588|0.001 0.06155473385345722 -0.061244465350651645 -0.021033980469613578
445 500 445 1000 1000 500 500 1000 445 500 445 836 1414 836|0.001 0.12136969840744083 -0.038874790032805695 0.014512657413496832
1000 1000 1000 445 445 445 445 500 500 500 500 1414 836 836|0.001 -0.01695249643577812 -0.12638206301084587 0.026935838891246622
493 188 816 1443 866 180 289 816 752 153 816 976 1658 561|0.001 0.13772664874956986 -0.06249778417948937 -0.05336611384697987
566 600 693 566 566 521 342 200 106 125 130 1149 721 625|0.001 0.05930609789004393 -0.07520832184029436 -0.014161685423520476
962 816 1540 4355 2632 4009 4355 5333 4619 4355 7698 1743 3079 4788|0.001 0.25139046180931324 -0.07105688634622465 0.02087235214791594
650 625 530 2828 2828 1709 2604 5000 3464 3000 2828 820 3606 2000|0.001 0.24008267218307733 -0.11349770332606313 -0.018584225471298677
1061 1225 1768 1000 921 604 1000 187 221 230 354 1458 1106 1100|0.001 -4.097851902695737e-05 -0.06038300525934681 0.004949612462863406
1443 816 866 493 816 816 752 188 289 153 180 1190 577 1041|0.001 0.015803072575453214 -0.1148143932032819 0.004144157176269037
849 1600 1039 2735 4167 4525 4525 4800 4525 8000 5543 1311 4976 5004|0.001 0.38686852887517054 -0.06639928346278245 -0.011632864237386409
1886 1225 1179 4910 5333 5333 3223 5333 9428 6532 5657 2134 5897 6799|0.001 0.46365990856076733 -0.12201507263311262 0.02671077272385025
1086 1086 204 240 1152 1920 384 656 1330 1086 249 1201 747 2206|0.001 0.05446445375573372 -0.4470414180386173 0.3653502332552505
1155 1667 943 868 570 943 943 208 217 333 177 1915 1037 667|0.001 0.0039068977972323005 -0.042983932459792484 -0.008016570373714504
1000 1000 1000 693 87 87 693 817 900 817 200 1414 1052 953|0.001 0.08805252624063176 -0.08151430713764118 -0.07984285315882467
693 200 693 1000 1000 817 817 1000 87 900 87 825 1414 1052|0.001 0.1552564780732224 -0.05511949749485101 -0.03621158080383102
693 817 87 1000 1000 200 900 1000 693 817 87 825 1414 825|0.001 0.09252375127730472 -0.4705176284361279 -0.006057521707626412
10392 1000 11547 11547 9434 9434 11547 8000 2309 8000 11547 11000 9522 10630|0.001 0.4571588404589444 -0.0917055443711523 0.01394533975031198
1443 125 1179 289 1443 1443 1299 1000 1443 125 1179 1190 1190 2041|0.001 0.12436176189040138 -0.06297747431129652 0.37830057077784085
3464 5000 3464 4085 4085 5000 5000 4500 433 5000 433 4123 4603 4123|0.001 -0.0025140080961127964 -0.07712556507794677 -0.014562230994762393
11547 1000 10392 9434 11547 11547 9434 8000 11547 8000 2309 11000 12152 16330|0.001 0.5721897153510302 -0.11118619215856995 0.009336515163833603
908 222 908 96 96 770 770 1111 1111 1111 1111 1023 1058 1169|0.001 0.1742313762420178 -0.08251079569305375 0.032458167647768654
4167 4800 2735 5761 6194 8926 6536 10875 7812 18000 5128 4976 7055 12627|0.001 0.988079923419789 -0.04479361806511761 -0.0004342350443953258
1888 1075 174 475 890 1356 723 1135 3125 1549 833 1225 1428 3055|0.001 0.06891554039254011 -0.5473946632334403 0.042422545881317664
2390 1875 2106 366 1755 6581 3976 1523 3264 2856 2265 3007 1819 4899|0.001 -0.03419886693323715 -0.10013382026307416 0.1377858832011314
1152 656 240 1487 2142 1569 1383 1875 4320 1231 2610 747 3031 2581|0.001 0.030508343068347266 -0.37972654148564433 0.011904837812251046
1261 1441 673 161 1756 2906 775 930 828 1055 442 2038 1065 2099|0.001 0.004643828941739425 -0.29213259963769445 0.6214861958270879
570 208 868 1860 1362 1200 1291 3750 1068 2266 1628 1037 2241 1255|0.001 0.44813174113206955 -0.09206676294532867 0.041189974944926266
1487 1875 2142 1152 240 2610 4320 656 1383 1231 1569 1169 1194 1584|0.001 0.012151754548395122 -0.0949166681931124 -0.08146984190883222
2016 732 538 467 875 574 306 694 1218 645 112 1205 546 1972|0.001 0.0557438970611468 -0.273099429795417 0.09099784711869452
1123 533 1275 3510 2121 195 936 1523 1208 812 1741 1604 2535 1287|0.001 0.15742551023174345 -0.0008617697980994876 -0.09377806733556593
434 604 285 363 496 344 320 267 231 56 152 722 598 701|0.001 0.04035966004962699 -0.027972425772304632 -0.014177942956025147
475 1135 890 1888 174 833 3125 1075 723 1549 1356 1046 1145 864|0.001 0.09734006987213828 -0.04591771133799605 -0.08670710481483934
570 92 530 472 718 383 251 1655 821 441 601 607 1618 448|0.001 0.12484089582126323 -0.025066353458133017 -0.040859651141098574
3510 1523 2121 1123 1275 1741 1208 533 936 812 195 3432 1175 2097|0.001 0.06495481824969396 -0.125235173362086 -0.02290090802715694
467 694 875 2016 538 112 1218 732 306 645 574 1415 1501 557|0.001 0.10014711572498891 -0.0279640358326394 -0.06992068180938893
363 267 496 434 285 152 231 604 320 56 344 744 978 457|0.001 0.10541345794206958 -0.11217435570293088 0.01860493536822272
1392 656 2304 1143 793 737 837 533 128 350 614 2253 1616 903|0.001 0.015294471191829029 -0.0690235180640042 0.02308713765313941
1875 1000 1875 1299 693 693 1299 817 1075 817 375 2125 1510 1580|0.001 0.09913702950751002 -0.05056591420939949 -0.05281489657770089
629 533 770 1443 289 828 1443 1000 629 533 770 1162 1190 797|0.001 0.12751087286479557 -0.08306124837535456 -0.07494384248215025
693 200 693 533 533 436 436 1000 370 573 370 825 1133 805|0.001 0.14586475167534196 -0.020392109560282146 -0.038103987091719915
533 1000 533 370 370 693 693 573 436 200 436 1133 843 581|0.001 0.04436307123576899 -0.08222743937868149 -0.018006864828095104
1552 1000 2706 1443 1179 1179 1443 1875 541 1875 2706 2280 1573 1493|0.001 0.08089150941383405 -0.06148583335442104 0.0038482879810208814
1299 817 693 1875 1875 375 1075 1000 1299 817 693 1090 2125 1546|0.001 0.1393202172032848 -0.05524359267095713 -0.04375884810614905
1875 1000 1875 693 1299 1299 693 817 375 817 1075 2125 1090 1546|0.001 0.041569558798559836 -0.12011447689871058 0.08798370016178003
370 573 370 533 533 436 436 1000 693 200 693 843 1133 581|0.001 0.08840298020149406 -0.016334797445191063 -0.01152651393662496
1179 1875 1443 2706 1552 541 2706 1000 1179 1875 1443 1573 2280 1493|0.001 0.07393768234769782 -0.01626641406593743 -0.05474156522280893
289 1000 1443 770 629 629 770 533 828 533 1443 1190 1162 797|0.001 0.00644825178895525 -0.02457571798894831 0.006746719601309348
1443 1000 289 629 770 770 629 533 1443 533 828 1190 839 1636|0.001 0.05664331348169904 -0.3158574775804046 -0.010123645231732148
848 1224 1590 459 1316 2295 2295 1000 848 1224 1590 1334 1266 1934|0.001 0.08705404905478664 -0.046617993255279044 0.13429768536646902
2179 2867 2179 3464 3464 1848 1848 5000 2667 5000 2667 2759 4123 2906|0.001 0.39637666089854307 0.001246316620451271 -0.04818954371235806
644 1744 644 760 760 930 930 349 1208 1744 1208 1470 963 1405|0.001 0.033954666643494225 -0.018351789507158323 -0.0069734675966592885
2706 1000 1552 1179 1443 1443 1179 1875 2706 1875 541 2280 2179 3067|0.001 0.0442966573365533 -0.11877225836016247 0.0016686767343765396
760 349 760 644 644 1208 1208 1744 930 1744 930 963 1470 1405|0.001 0.1917330615005075 -0.10413393228954959 0.030925620739152837
1590 1224 848 1316 459 2295 2295 1000 1590 1224 848 1848 1266 1892|0.001 0.10348340447500881 -0.15257315435194818 -0.05376871359847102
770 533 629 289 1443 1443 828 1000 770 533 629 839 1190 1636|0.001 0.0786925304140107 -0.14222282756476412 0.38184304771410327
3464 5000 3464 2179 2179 2667 2667 2867 1848 5000 1848 4123 2759 2906|0.001 0.21031485057000143 -0.024074248857925973 -0.0168593924294147
1316 1000 459 1590 848 848 1590 1224 2295 1224 2295 1266 1334 1934|0.001 0.06948454940954862 -0.24706747963980757 -0.03738721665059175
1316 1000 459 1875 2432 2432 1875 1875 5049 1875 3442 1266 3246 3544|0.001 0.09833533602372935 -0.32436937534247146 0.03278353076687779
760 349 760 1849 1849 1425 1425 3837 1425 2616 1425 963 2693 1237|0.001 0.3421662462043429 -0.09425208672619867 0.00460636818301996
2076 1000 541 411 771 771 411 771 1415 771 189 1457 669 1879|0.001 0.08683626438557024 -0.23744059145191176 0.03975837134472027
1875 1875 2432 1316 459 3442 5049 1000 1875 1875 2432 1627 1266 2257|0.001 0.017585068276526616 -0.08289613249150563 -0.04506066545975074
459 1000 1316 2432 1875 1875 2432 1875 3442 1875 5049 1266 1627 2257|0.001 0.12340888315767184 -0.0042432069898346025 -0.020191799796704935
2179 2867 2179 4085 4085 5299 5299 7500 4085 11000 4085 2759 4918 7071|0.001 0.5712978116285683 -0.06213577208173171 -0.0010460846823989733
2432 1875 1875 459 1316 5049 3442 1000 2432 1875 1875 3246 1266 3544|0.001 -0.04104772987252647 -0.0998572647075524 0.07992058703025773
1836 1000 245 533 1000 1000 533 1297 2693 1297 702 1204 1731 2438|0.001 0.05528288743261722 -0.36979917004370755 0.039692287962120876
545 1467 545 545 545 707 707 133 290 382 290 1328 656 473|0.001 -0.030672036898383714 -0.05705866727804598 0.01291849350017138
411 771 771 2076 541 189 1415 1000 411 771 771 1334 1457 521|0.001 0.07483617200169768 -0.05999767280324142 -0.0518888501817516
482 261 482 371 371 198 198 682 371 91 371 702 905 643|0.001 0.09892079520984698 -0.09672426216317254 0.02559688015456807
1836 1000 2693 1297 1000 1000 1297 533 245 533 702 2438 1731 1204|0.001 0.02485938725754977 -0.04574789320879624 0.004893418162741359
371 682 371 482 482 371 371 261 198 91 198 905 702 643|0.001 0.06829408695469885 -0.0627282042997801 -0.0290746066300418
533 1297 1000 1836 245 702 2693 1000 533 1297 1000 868 1204 675|0.001 0.0971252624258323 -0.05079660833245514 -0.08739716586381063
545 133 545 545 545 290 290 1467 707 382 707 656 1328 473|0.001 0.11935199043728861 -0.02775317287922352 -0.015683319248629424
2693 1000 1836 1000 1297 1297 1000 533 702 533 245 2438 868 1890|0.001 0.07217941838679298 -0.07626046372214645 -0.007556275324438477
696 533 943 1225 230 122 653 604 679 322 770 1373 1195 734|0.001 0.12711872913076405 -0.05849303974665543 -0.08464850072383401
493 188 816 770 629 554 568 533 263 100 435 976 1162 791|0.001 0.08460468677462307 0.00502108990470429 -0.03699134047357777
693 817 1299 1061 566 342 641 738 130 720 244 1510 1456 676|0.001 0.12806881139112436 -0.03221553966949786 -0.0594212318329701
766 1355 1437 330 176 938 1760 975 463 1107 868 1071 1055 542|0.001 0.10395727886048034 -0.04086932821624201 -0.03404701376579222
2956 533 3031 4355 2632 1404 2322 5333 3354 2844 4106 3198 3079 3093|0.001 0.5149996367350829 -0.10515925036082785 0.025904804489238487
1225 604 230 696 943 770 679 533 653 322 122 707 745 1424|0.001 0.031096471183513774 -0.31080108812243656 0.00830172437156218
230 604 1225 1768 1305 1273 1444 1875 431 1133 2296 1195 1398 1275|0.001 0.02459244720935727 -0.030346395321938502 0.019405081147825243
4355 5333 2632 2956 3031 4106 3354 533 2322 2844 1404 5203 2960 3246|0.001 0.10713883788530554 0.0038808531621215003 -0.015006132235682035
5683 1875 5543 2632 4355 8165 4934 5333 7698 10000 6289 5997 5203 11208|0.001 0.3244660369440089 -0.09677828926159981 -0.012618446729062427
890 1135 475 180 338 1804 962 1025 1473 1389 786 1428 1082 1760|0.001 0.07930392534162944 -0.1607754222184321 0.1373677550370611
2027 1655 380 2106 2390 2925 2159 1875 3800 3103 712 1977 3007 4417|0.001 0.11440186550285114 -0.23694612349019928 -0.016630264977454123
816 188 493 1179 1443 1066 1039 1875 1531 352 925 577 2179 1141|0.001 0.19936916257631054 -0.03660584847972603 -0.03146275455220837
1590 1224 848 418 785 1298 692 881 298 904 159 1848 922 918|0.001 0.0220548327688741 -0.1649679139367699 0.0733688736594007
2106 1875 2390 2027 380 712 3800 1655 2159 3103 2925 2203 1170 2279|0.001 0.031415787055741884 -0.08439126206463143 -0.08613670532131801
3000 1000 3000 693 1299 1299 693 817 1500 817 2200 3162 1090 2487|0.001 0.0363499273506207 -0.1233828577411844 0.11409069595006427
1179 1875 1443 4330 3175 2165 4330 1000 1179 1875 1443 1573 3841 2875|0.001 0.05880983976237042 -0.03818831659050281 -0.03857901518681928
231 733 231 333 333 272 272 1000 433 500 433 887 1054 363|0.001 0.0766711660959718 -0.1077131346068716 0.042283076485019055
333 1000 333 433 433 231 231 500 272 733 272 1054 829 503|0.001 0.06427818512897421 -0.022885505197198786 -0.024826006702373116
1155 1000 2309 770 629 629 770 533 1694 533 2309 1915 1162 1533|0.001 0.06797021207922249 -0.03406918519696989 -0.010704405595698407
693 817 1299 3000 3000 2200 1500 1000 693 817 1299 1510 3162 2661|0.001 0.06342719252892648 -0.06704441196896616 0.024698702394343464
3000 1000 3000 1299 693 693 1299 817 2200 817 1500 3162 1510 2661|0.001 0.0417766962847943 -0.09123389080932132 -0.023742691160353324
433 500 433 333 333 272 272 1000 231 733 231 829 1054 503|0.001 0.15558618170881777 -0.07105992693804408 -0.011904747381766834
629 533 770 2309 1155 1694 2309 1000 629 533 770 1162 1915 1533|0.001 0.08379748387121744 -0.10993989502034118 -0.011593245565251209
333 1000 333 231 231 433 433 733 272 500 272 1054 887 363|0.001 0.06401287738311279 -0.07110245485202893 -0.010473954175014288
1299 817 693 3000 3000 1500 2200 1000 1299 817 693 1090 3162 2487|0.001 0.056260737393254434 -0.14498475159198554 -0.013551364656086973
3175 1000 4330 1443 1179 1179 1443 1875 2165 1875 4330 3841 1573 2875|0.001 0.16726866224580306 -0.04848473924486507 0.007071504721283262
4330 1000 3175 1179 1443 1443 1179 1875 4330 1875 2165 3841 2179 4564|0.001 0.22787402297031134 -0.010358280531024278 -0.055523791693461444
1590 1224 848 2693 1836 3672 3672 1000 1590 1224 848 1848 2438 3045|0.001 0.04900143426651127 -0.11552724179831109 -0.011451370730033439
371 682 371 315 315 590 590 1364 455 1364 455 905 1209 686|0.001 0.1092354322593514 -0.0805196165258637 -0.016295135932899996
770 533 629 1155 2309 2309 1694 1000 770 533 629 839 1915 2434|0.001 0.06835035356985042 -0.07056510676286654 0.06955180399174754
866 2000 866 545 545 667 667 1467 462 2000 462 1658 1328 726|0.001 0.0821306009706424 -0.07323180502982418 0.00840484729394797
2693 1000 1836 1590 848 848 1590 1224 3672 1224 3672 2438 1334 3257|0.001 0.06673213758289886 -0.09958363240162305 -0.03906739257633407
2309 1000 1155 629 770 770 629 533 2309 533 1694 1915 839 2434|0.001 0.06845423232303638 -0.07081931355031101 -0.00043987832777037106
545 1467 545 866 866 462 462 2000 667 2000 667 1328 1658 726|0.001 0.13013331389968963 -0.030112759569794756 -0.03875479240333046
848 1224 1590 1836 2693 3672 3672 1000 848 1224 1590 1334 2438 3257|0.001 0.03929899858272412 -0.06304101757413139 0.03780549298631586
1443 1875 1179 3175 4330 4330 2165 1000 1443 1875 1179 2179 3841 4564|0.001 0.07577360794830845 -0.05726348685017313 0.016834437088562026
315 1364 315 371 371 455 455 682 590 1364 590 1209 905 686|0.001 -0.010042142342067129 -0.09002706996856791 0.011247033490342506
1836 1000 2693 848 1590 1590 848 1224 3672 1224 3672 2438 1848 3045|0.001 0.02067255744725216 -0.058953629002310715 0.05785567037399186
15000 1000 15000 3691 3691 3691 3691 7500 15000 7500 15000 15033 4596 15447|0.001 0.46114814038496155 -0.09518618267816414 0.00930281141616085
2032 1000 271 4064 4064 4064 4064 1000 2032 1000 271 1245 4185 4543|0.001 0.0850687787519333 -0.35692326438533484 0.02461996414464096
246 1000 246 67 67 500 500 1000 246 1000 246 1030 1002 306|0.001 0.09280273879931578 -0.08713624232914996 0.009916403195522339
15000 1000 15000 3691 3691 3691 3691 7500 15000 7500 15000 15033 4596 15447|0.001 0.47064404427841877 -0.13144023264356486 0.02524965827765513
246 1000 246 67 67 500 500 1000 246 1000 246 1030 1002 306|0.001 0.08238635408435169 -0.10045621687401418 -0.013631343529729723
2032 1000 271 4064 4064 4064 4064 1000 2032 1000 271 1245 4185 4543|0.001 0.06356352194686332 -0.4507036855688762 -0.027005642269621877
4064 1000 4064 2032 271 271 2032 1000 4064 1000 4064 4185 1245 4073|0.001 0.0918157684374199 -0.08518305823061123 -0.08363762215443549
492 133 492 2000 2000 2000 2000 1000 492 133 492 613 2236 2060|0.001 0.1142196560819353 -0.019141179109682938 -0.007518580619229054
500 1000 500 246 246 246 246 1000 67 1000 67 1118 1030 306|0.001 0.04900451728416133 -0.11951285454630867 0.01872581048389499
4064 1000 4064 2032 271 271 2032 1000 4064 1000 4064 4185 1245 4073|0.001 0.08745600340752446 -0.08294801331209523 -0.07992477053029079
500 1000 500 246 246 246 246 1000 67 1000 67 1118 1030 306|0.001 0.07957858743724344 -0.06712034024690561 0.0006280061410435245
492 133 492 2000 2000 2000 2000 1000 492 133 492 613 2236 2060|0.001 0.0963637923972005 0.0005850884777025556 -0.015479631182284681
167 1000 167 681 1319 1319 681 1875 1250 1875 1250 1014 2252 1396|0.001 0.0938783280249944 -0.020007046103209802 -0.008653961901310403
6000 1000 6000 7914 7914 4085 4085 7500 11250 7500 11250 6083 8374 5629|0.001 0.5471149862999525 -0.07623638874661554 -0.015807133946815766
948 1000 126 758 1422 1422 758 516 948 516 126 1058 711 1709|0.001 0.15119375667799195 -0.15412746710437242 0.026134748436408284
681 1875 1319 167 167 1250 1250 1000 681 1875 1319 938 1014 820|0.001 0.008479786805579703 -0.0967331892833101 -0.009061437646095127
167 1000 167 1319 681 681 1319 1875 1250 1875 1250 1014 938 820|0.001 0.09557764201481689 -0.045724046698364385 -0.015243018646263762
6000 1000 6000 4085 4085 7914 7914 7500 11250 7500 11250 6083 4918 13514|0.001 0.5464981394838864 -0.08423885536410824 -0.027171017277735077
1319 1875 681 167 167 1250 1250 1000 1319 1875 681 2252 1014 1396|0.001 0.007801251975489976 -0.08782939472762763 0.022190499086112148
1836 1000 245 1469 2754 2754 1469 1937 1836 1937 245 1204 3308 3310|0.001 0.12175293700164902 -0.3016799400611958 0.015086748497532554
1500 1000 1500 545 545 1055 1055 133 800 133 800 1803 656 751|0.001 -0.0031038670281102743 -0.060592287004032075 0.00698879870315805
758 516 1422 948 126 126 948 1000 758 516 1422 1708 1058 769|0.001 0.09599829803760507 -0.051006697147154556 -0.08341688893086285
1055 133 1055 1500 1500 800 800 1000 545 133 545 1117 1803 1802|0.001 0.14382969190607442 -0.0918005097046426 0.028301715662573113
667 1000 667 703 363 363 703 533 89 533 89 1202 1201 437|0.001 0.05152395584314462 -0.033766214745483136 0.006209667658665374
1500 1000 1500 1055 1055 545 545 133 800 133 800 1803 1117 1802|0.001 -0.0017978640343374597 -0.06451596050684572 0.006506052279249275
1469 1937 2754 1836 245 245 1836 1000 1469 1937 2754 1378 1204 1489|0.001 0.09787928306647098 -0.04266526646965585 -0.0873623652597122
545 133 545 1500 1500 800 800 1000 1055 133 1055 656 1803 751|0.001 0.12641836927302474 -0.042152127511955184 -0.014849761009659845
667 1000 667 363 703 703 363 533 89 533 89 1202 500 744|0.001 0.06652708284426323 -0.0468065320180544 0.005231101795788451
2032 1000 271 176 330 269 144 975 1841 1049 169 1245 977 2050|0.001 0.06953687441385359 -0.5051765939121433 0.021267460874094812
5543 1875 5683 1540 962 10464 11547 816 5961 1531 5683 5551 1743 6789|0.001 0.004257340085216388 -0.08977078114132508 -0.016856016664683615
530 625 650 3691 3691 3872 3601 7500 994 6797 1218 1132 4596 4132|0.001 0.47538036924672733 -0.1512728912869865 0.029415812973414557
492 133 492 162 133 71 87 906 516 83 480 613 1009 473|0.001 0.11257418636366978 -0.07022808913594858 -0.027363012909545903
5581 816 6158 3031 2956 3179 3031 533 513 435 821 6212 3198 3386|0.001 0.06189686598509825 -0.05231414276419266 -0.02589674893135885
176 975 330 2032 271 169 1841 1000 144 1049 269 1055 1245 307|0.001 0.10718697461754578 -0.04452122070115805 -0.09316572924348399
162 906 133 492 492 480 516 133 87 83 71 916 613 519|0.001 -0.004907046685266314 -0.057303885254951226 0.01830845524076752
1540 816 962 5543 5683 5683 5961 1875 11547 1531 10464 1262 5997 7076|0.001 0.10098200329411444 -0.09759077493854962 -0.017734771066333366
7542 1225 6835 3893 3712 3712 3621 533 1006 653 629 7608 4156 4622|0.001 0.056356692659389473 -0.08445070727375659 -0.024777885094493524
530 92 570 146 179 96 78 1103 543 147 543 649 1113 530|0.001 0.09802271748709845 -0.04562556181791466 -0.02290691956740476
137 953 257 1756 161 258 1937 930 168 953 315 1067 1139 292|0.001 0.10394025585695799 -0.043627111250519324 -0.0954096820996464
6960 1875 7300 1179 1886 14142 12816 1225 6960 2296 6789 6692 2134 8667|0.001 0.007909002520603003 -0.09349330299334935 0.02803168424743152
1039 1600 849 6194 5761 5906 5906 10875 1949 12000 1591 1811 6598 6232|0.001 0.6607049839961454 -0.0822921177756819 0.008032345407387176
1756 930 161 137 257 315 168 953 1937 953 258 1065 917 1954|0.001 0.1008507231910416 -0.6491127910045558 0.055864115849191265
13000 1000 13000 3691 3691 4085 4085 7500 11250 7500 11250 13038 4596 11840|0.001 0.9316849662709359 -0.040359025636317325 0.024190165987458823
2032 1000 271 3522 3048 3048 3522 1107 2032 1107 271 1245 3208 3663|0.001 0.03849878188970424 -0.6348493901440588 0.0010748671866056547
314 865 284 77 77 577 577 1000 314 865 284 911 1003 378|0.001 0.09248749617356555 -0.09701090918442401 0.034250846951044966
13000 1000 13000 4085 4085 3691 3691 7500 11250 7500 11250 13038 4918 13514|0.001 0.673422510191668 -0.03455088773200443 -0.017118544345987585
284 865 314 77 77 577 577 1000 284 865 314 1040 1003 354|0.001 0.09382076291822417 -0.09847523538214165 0.0095396234147338
1836 1000 245 3182 2754 2754 3182 904 1836 904 245 1204 3308 3310|0.001 0.07313446723884232 -0.5038221426431566 -0.020750670995144382
3522 1107 3048 2032 271 271 2032 1000 3522 1107 3048 3661 1245 3532|0.001 0.08320812835068025 -0.08658907204739164 -0.07585721472531892
492 133 492 1500 1500 1733 1733 1000 545 133 545 613 1803 1802|0.001 0.12044864920529585 -0.09239420639476914 0.020566421622449926
667 1000 667 328 363 363 328 1156 89 1156 89 1202 1201 437|0.001 0.15572032979480177 -0.037819437753415786 -0.03272401500198696
3182 904 2754 1836 245 245 1836 1000 3182 904 2754 2898 1204 3192|0.001 0.09681674902509041 -0.09021240344499692 -0.08221100188694486
667 1000 667 363 328 328 363 1156 89 1156 89 1202 1052 409|0.001 0.02219598851622484 -0.12574653277174774 0.0379755129928383
545 133 545 1500 1500 1733 1733 1000 492 133 492 656 1803 1579|0.001 0.08085741130973378 -0.028544087894400993 -0.0016281675511253813
1305 1875 1768 1000 187 352 1875 921 1369 1726 1972 1398 1106 1461|0.001 0.01859560839498453 -0.08223063444555812 -0.07653867347512833
921 187 1000 1768 1972 1369 1305 1875 1726 352 1875 1106 2577 1076|0.001 0.19259805350041903 -0.11289980667931743 -0.01585426365746212
1061 1116 566 566 1061 977 521 738 199 774 106 1458 791 1173|0.001 0.0792037856285055 -0.12930966836900093 0.09199359278282415
1437 1355 766 144 269 1437 766 1049 1323 1511 705 1972 1119 1437|0.001 0.07221131913820011 -0.16057498307339158 0.07315175381205297
7300 1875 6960 5333 4910 9207 10000 5333 10520 10000 9428 7792 5333 14881|0.001 0.4764845101387616 -0.05598805697345277 -0.005450066382015617
1000 921 187 1305 1768 1972 1369 1875 1875 1726 352 1000 2574 2577|0.001 0.11689148948463624 -0.3633333635702396 -0.016234593906065964
4910 5333 5333 3712 3893 5611 5028 533 2619 2844 2844 5333 3569 3061|0.001 0.09639302859282717 0.0010744707928589392 -0.014039358201494156
204 1086 1086 2142 1487 1417 1920 1875 382 2037 2037 1086 1169 1363|0.001 0.005701746331143731 -0.030766145184639715 0.020773042377693063
3712 533 3893 4910 5333 2844 2619 5333 5028 2844 5611 4156 5897 3975|0.001 0.5022003613197445 -0.08251349015720222 0.0020484956262922793
673 1441 1261 257 137 731 1370 953 731 1291 1370 786 1067 808|0.001 0.09082715607241054 -0.05165950137764219 -0.02934694573446084
1086 1086 204 793 1143 1024 756 533 579 579 109 1201 623 1493|0.001 0.025012675740654355 -0.5267695261600469 0.004544224723019852
1000 188 921 1052 943 696 730 533 533 100 491 1000 1374 1373|0.001 0.054934752159452316 -0.029877114852685516 -0.0021308667853503493
507 896 951 875 467 507 951 694 95 662 178 1306 1415 507|0.001 0.045166263754328195 -0.054958949521759504 -0.03191332195357943
793 533 1143 1086 204 109 579 1086 756 579 1024 1616 1086 846|0.001 0.11720346820487837 -0.0810957299592352 -0.06964227882563678
696 533 943 1000 188 100 533 921 645 491 696 1373 1106 762|0.001 0.13176806047823453 -0.08254080561462263 -0.08179926633468448
921 188 1000 943 696 645 696 533 491 100 533 1106 1373 1007|0.001 0.05560675536406823 -0.004354993987161215 -0.011824702882820004
566 738 1061 1061 566 521 977 738 106 684 199 1456 1456 625|0.001 0.08014980737487853 -0.055700907573702496 -0.02850893520048081
766 1355 1437 269 144 766 1437 927 705 1000 1323 1071 1095 766|0.001 0.0991610416179034 -0.046249746456450413 -0.03452236263266073
3441 533 3712 5333 4910 2619 2844 5333 3712 2844 5028 4066 5333 4742|0.001 0.45916525232026606 -0.10780927268671525 0.02917755936203248
1000 921 188 696 943 696 645 533 533 491 100 1000 745 1373|0.001 0.010810932465885603 -0.39212227633914853 0.024137920683870995
187 921 1000 1768 1305 1210 1305 1875 352 1726 1875 1106 1398 1120|0.001 0.01971165455388446 -0.031109701258360545 0.02076245005011801
5333 5333 4910 3441 3712 5028 3712 533 2844 2844 2619 5897 3187 3975|0.001 0.10630514891231124 0.003309938927713585 -0.01904717498480535
6960 1875 6452 4910 5333 10000 9207 5333 9428 10000 6960 7623 5897 13728|0.001 0.5138552081369707 -0.043561014411268584 -0.008153327514055508
1427 1079 761 155 291 1550 827 1079 1550 1461 827 1561 1182 1714|0.001 0.0591155380971542 -0.1653087881892601 0.11635469436781065
1086 1086 204 1314 1417 1920 1417 1875 2037 2037 382 1201 2051 2796|0.001 0.10201558982244174 -0.31166164007690567 0.010682398090902101
1000 187 921 1305 1768 1305 1210 1875 1875 352 1726 1000 2574 1398|0.001 0.2062064273633757 -0.09552429643238991 0.01495813142682989
1437 1355 766 705 1323 1437 766 927 269 1000 144 1972 1277 1437|0.001 0.06010653851499459 -0.1446037951023993 0.10140065181169167
1314 1875 1417 1086 204 382 2037 1086 1417 2037 1920 1811 1086 1552|0.001 0.006520039993143101 -0.0858411715618268 -0.06716542434549555
1305 1875 1768 1000 187 352 1875 921 1210 1726 1305 1398 1106 1120|0.001 0.033042595051930856 -0.07560245754095751 -0.07833543695036305
921 187 1000 1768 1305 1210 1305 1875 1726 352 1875 1106 1398 1667|0.001 0.2192512952574921 -0.08504760525787636 -0.004734852996280958
1061 738 566 566 1061 977 521 738 199 684 106 791 791 1173|0.001 0.04873978991392969 -0.1531670672029517 0.08305699987138704
1437 1355 766 144 269 1437 766 927 1323 1000 705 1972 859 1437|0.001 0.06201355400542452 -0.19474963927372468 0.11401605176043939
6452 1875 6960 5333 4910 9207 10000 5333 6960 10000 9428 5976 5333 10072|0.001 0.5610446039500916 -0.050621656960142536 -0.007295382039681497
1000 921 187 1305 1768 1305 1210 1875 1875 1726 352 1000 2574 1398|0.001 0.07968457342064195 -0.3954288807880335 0.008143427528906066
4910 5333 5333 3712 3441 3712 5028 533 2619 2844 2844 5333 4066 4742|0.001 0.09334688065575802 -0.0007346982860456652 -0.016029727589830234
204 1086 1086 1417 1314 1417 1920 1875 382 2037 2037 1086 1811 1552|0.001 0.029773243920490078 -0.030973065485033757 0.02253370266711574
3712 533 3441 4910 5333 2844 2619 5333 5028 2844 3712 3187 5897 3975|0.001 0.3239573921868599 -0.09459560225158259 -0.033309864967902
761 1079 1427 291 155 827 1550 1079 827 1461 1550 1378 926 914|0.001 0.08713432568162371 -0.05121497614427595 -0.048269954744024623
1086 1086 204 701 756 1024 756 533 579 579 109 1201 966 810|0.001 0.059557054292038725 -0.3694874045379115 -0.023389282471280026
1000 188 921 696 943 696 645 533 533 100 491 1000 745 1373|0.001 0.0900430846422795 -0.048497401512959115 -0.016802985022593697
766 1355 1437 1323 705 766 1437 927 144 1000 269 1071 1447 766|0.001 0.10005154974379371 -0.035538479522175814 -0.045539724331273845
701 533 756 1086 204 109 579 1086 756 579 1024 1094 1086 649|0.001 0.14013157718754332 -0.07413920463228307 -0.09181483812345403
10416 4000 10416 13687 13687 14765 14765 24375 19531 30000 19531 10607 14550 21366|0.001 2.451619980335553 -0.017413535007219094 -0.01175884353644463
1781 1000 73 761 1427 1427 761 1079 2192 1079 292 1063 1561 2437|0.001 0.07309133984945593 -1.0340977736216628 0.05205142998214507
1417 1875 1314 96 384 2880 2340 1000 1417 1875 1314 2051 1018 1765|0.001 -0.01582063433223868 -0.09695344326970168 0.15274780888795414
384 1000 96 1314 1417 1417 1314 1875 2880 1875 2340 1018 2051 1765|0.001 0.1009671850744942 -0.14599714752274728 -0.006390093954953269
2604 250 2604 3691 3691 3422 3422 7500 4883 6094 4883 2652 4596 4715|0.001 0.8801161259026324 -0.048572435559882665 0.008662226478775015
2032 1000 271 705 1323 1323 705 927 1651 927 68 1245 1277 2259|0.001 0.05157577868690755 -0.44653672413494827 0.07279702508425023
651 812 651 492 492 456 456 133 347 33 347 1112 613 712|0.001 0.011342018165607648 -0.05776157890926559 0.006334576750157694
561 41 561 801 801 427 427 1231 606 164 606 597 1368 774|0.001 0.14090327014556037 -0.10539606182417227 2.7381933496162247e-05
1536 1000 1248 701 756 756 701 533 205 533 51 1708 966 941|0.001 -0.020766930587408083 -0.1452066854977374 0.04399761787158729
705 927 1323 2032 271 68 1651 1000 705 927 1323 1447 1245 718|0.001 0.09635483480026297 -0.037093398026706303 -0.08169198406116074
492 133 492 651 651 347 347 812 456 33 456 613 1112 712|0.001 0.10420111242712249 -0.06849487736677706 0.003828683188831228
1248 1000 1536 756 701 701 756 533 51 533 205 1708 1094 745|0.001 0.022595977150274837 -0.07508821549976008 0.028142428013646636
1732 816 2309 816 493 752 816 188 1046 153 1155 2449 976 1251|0.001 0.0144887834406493 -0.025118445664878974 0.0011574672335190606
1414 1000 2828 1000 187 230 1225 921 1282 604 2121 2236 1106 1295|0.001 0.08590902543017753 -0.03530977165304261 -0.07286197074411804
921 187 1000 2828 2121 1282 1414 1225 604 230 1000 1106 2345 2074|0.001 0.1599364699155692 -0.08400203517586857 -0.03934537767779411
433 750 354 354 354 214 326 500 81 453 66 829 791 422|0.001 0.07680701953084679 -0.022002522078935494 -0.010228905707150293
707 2000 707 133 162 866 707 906 427 1500 651 1581 916 500|0.001 -0.03674826221992333 -0.08939109165261971 0.029771850533957256
1000 921 187 1414 2828 2121 1282 1000 1225 604 230 1000 2236 2345|0.001 0.056745099177555325 -0.27907550519453483 0.048522194292928145
6835 1225 7542 5333 4910 3223 5333 5333 11314 6532 15085 6908 5333 8172|0.001 0.33728288670183737 -0.05125529336724388 -0.023518278197567355
133 906 162 707 707 651 427 2000 707 1500 866 1009 1581 707|0.001 0.11039731250921614 -0.12536141089131925 -0.0022727901918440097
816 188 493 1732 2309 1155 1046 816 816 153 752 577 1915 1826|0.001 0.11413080148683363 -0.09938906838340644 0.02105523570572254
471 1333 577 285 434 471 471 604 88 667 108 1106 722 471|0.001 -0.03169341320555463 -0.12578468783774444 0.0333199620716762
2121 1523 3510 2027 380 310 1655 1655 2340 1655 4680 2535 1170 2143|0.001 0.09788838386686205 -0.03917471704797948 -0.07550531374227454
2828 1225 2121 921 1000 1000 604 187 1414 230 1282 3000 1000 2236|0.001 0.010557042054260002 -0.09454518949468471 0.006818432620574466
179 1103 146 718 472 780 780 1655 956 2207 780 1113 1196 932|0.001 0.08498696823310059 -0.11407440658080747 0.008146765968399805
6158 816 5581 2632 4355 4355 4009 5333 12317 4355 9238 5640 5203 9737|0.001 0.41051758487293144 -0.04448796446660519 -0.008384519552852021
2027 1655 380 2121 3510 4680 2340 1523 1655 1655 310 1977 3432 3881|0.001 0.04479301202523267 -0.4547924063393993 0.02418203536401542
718 1655 472 179 146 780 956 1103 780 2207 780 1618 1011 863|0.001 0.0006027502468031187 -0.09733963120963751 0.010223616727584872
1000 1000 1000 162 162 133 133 812 906 812 906 1414 916 1009|0.001 0.03429712143070862 -0.10214176357038474 -0.007890740071296864
5004 1000 6158 6158 5581 5581 6158 816 5004 816 6158 5640 6212 7496|0.001 0.1117797721632563 -0.03861821008618205 -0.03828900165426807
133 906 162 1000 1000 812 812 1000 133 906 162 1009 1414 911|0.001 0.07306308778470161 -0.11613278358593382 -0.0015451303579305797
1000 1000 1000 162 133 133 162 906 812 906 812 1414 1009 911|0.001 0.07703174802792034 -0.016523416428030346 -0.008864659494458582
5581 816 6158 6158 5004 5004 6158 1000 5581 816 6158 6212 5640 7496|0.001 0.0033293713640669687 -0.08069047785318362 0.006607635467104078
162 812 162 1000 1000 906 906 1000 133 812 133 916 1414 1009|0.001 0.11968109083684064 -0.0068311296086820406 -0.03200511652185378
1000 1000 1000 133 133 162 162 812 906 812 906 1414 911 916|0.001 0.09872606160978403 -0.0416724693429138 -0.007796858718761568
162 906 133 1000 1000 812 812 1000 162 906 133 916 1414 916|0.001 0.019835196331050575 -0.11831716095215494 0.015327763219807888
6128 1000 7542 7542 6835 6835 7542 1225 6128 1225 7542 6872 6908 9180|0.001 0.09162148058499353 -0.020779483815844824 -0.029371354982561382
1000 1000 1000 133 162 162 133 906 812 906 812 1414 916 916|0.001 0.01840697577769168 -0.13237263331742355 0.040584918181196805
133 812 133 1000 1000 906 906 1000 162 812 162 911 1414 916|0.001 0.09045549007523412 -0.09200606581316384 0.011025275736107343
6835 1225 7542 7542 6128 6128 7542 1000 6835 1225 7542 6908 6872 9180|0.001 0.06456769932492223 -0.06910749130743632 0.006949176446633398
6158 816 5581 5004 6158 6158 5004 1000 6158 816 5581 5640 5640 8709|0.001 0.02577241629556193 -0.165671254248696 0.0646374163395591
200 1231 200 1115 1115 1231 1231 1000 163 1231 163 1127 1498 1127|0.001 -0.012323913226981453 -0.12021855534387615 0.021112394111020283
897 1000 897 179 146 146 179 1103 1103 1103 1103 1343 1011 1005|0.001 0.12241064115798839 -0.07052263641600831 -0.015396605401810648
6158 1000 5004 5581 6158 6158 5581 816 6158 816 5004 5640 5640 8709|0.001 0.020633925487476557 -0.12959772021600924 0.0012683334079954811
146 1103 179 897 897 1103 1103 1000 146 1103 179 1011 1343 1005|0.001 0.04130186115575141 -0.12709171404225672 0.023205196779818582
1115 1000 1115 200 200 163 163 1231 1231 1231 1231 1498 1127 1127|0.001 0.09003840134114371 -0.07578472274620829 0.0046103600219282725
7542 1225 6835 6128 7542 7542 6128 1000 7542 1225 6835 7608 6872 10667|0.001 0.12335374985365188 -0.02307951778527939 -0.017137752580070886
897 1000 897 146 179 179 146 1103 1103 1103 1103 1343 1113 1011|0.001 -0.006580022135849184 -0.11208403252524479 0.025402858330803024
163 1231 163 1115 1115 1231 1231 1000 200 1231 200 1121 1498 1242|0.001 -0.03501241742812189 -0.1530854117483782 0.033748599972565074
7542 1000 6128 6835 7542 7542 6835 1225 7542 1225 6128 6872 7608 10667|0.001 0.0942629992881705 -0.0868497098579446 0.020271540954728273
179 1103 146 897 897 1103 1103 1000 179 1103 146 1113 1343 1011|0.001 0.0373805787721726 -0.1275508848322171 0.037224294936462066
1115 1000 1115 163 163 200 200 1231 1231 1231 1231 1498 1121 1242|0.001 0.11377315672224775 -0.02558126486461254 -0.02395618758903817
3000 1000 3000 566 566 693 693 200 2600 200 2600 3162 721 2661|0.001 0.019175951926964085 -0.03729613290720302 -0.006812937951405917
333 1000 333 189 231 231 189 867 67 867 67 1054 887 275|0.001 0.057377336694193204 -0.05986247089102337 -0.005379201523144639
4596 1225 5303 1768 354 354 1768 1000 4596 1225 5303 4704 1275 4610|0.001 0.12112634245826426 -0.05034901268117786 -0.09976101408859739
566 200 566 3000 3000 2600 2600 1000 693 200 693 721 3162 2661|0.001 0.13721855626010138 -0.0849784320731295 0.01709450789379785
3000 1000 3000 693 693 566 566 200 2600 200 2600 3162 825 3053|0.001 0.022325807834679967 -0.03738164636661212 -0.009612669980751942
333 1000 333 231 189 189 231 867 67 867 67 1054 1018 240|0.001 0.08244671840896389 -0.04825352767668045 -0.003329705452946863
693 200 693 3000 3000 2600 2600 1000 566 200 566 825 3162 3053|0.001 0.09537469161656542 -0.07324222931508584 0.01790855547572967
3753 816 4330 1443 289 289 1443 1000 3753 816 4330 4406 1190 3764|0.001 0.09686515721973654 -0.07348719325487418 -0.07994772244806159
77 1000 77 218 266 266 218 1154 385 1154 385 1003 1174 317|0.001 0.03427742920743437 -0.10582182118124228 0.004958465109385912
1768 1000 354 4596 5303 5303 4596 1225 1768 1225 354 1275 5397 5590|0.001 0.11426231194172853 -0.20302930022943255 0.03386903357723847
266 1154 218 77 77 385 385 1000 266 1154 218 1174 1003 317|0.001 0.07718011064060448 -0.07819523760036362 0.03119705439015963
13000 1000 13000 2828 2828 3464 3464 5000 15000 5000 15000 13038 3606 15264|0.001 0.4531378440356071 -0.09749492039699659 0.029934495266557004
77 1000 77 266 218 218 266 1154 385 1154 385 1003 1023 277|0.001 0.049181393700270526 -0.09281858112460184 -0.004378931411425091
1443 1000 289 3753 4330 4330 3753 816 1443 816 289 1190 3841 4564|0.001 0.023354504349704097 -0.593554130970182 0.058940445622572835
218 1154 266 77 77 385 385 1000 218 1154 266 1023 1003 277|0.001 0.07282162403630776 -0.08596883930800825 0.026168810931959108
13000 1000 13000 3464 3464 2828 2828 5000 15000 5000 15000 13038 4123 13304|0.001 0.5435394064780019 -0.079973152973557 0.030014034057268546
1104 533 1000 1061 566 302 566 738 1209 394 1116 1133 1456 1053|0.001 0.1350608663851527 -0.08632049900838878 -0.04461150673141345
696 533 943 943 1052 1140 1040 533 371 284 503 1373 1083 1070|0.001 0.07354602379818109 -0.021129145621592293 -0.026366691551937826
566 1116 1061 1000 533 394 738 1104 302 1209 566 1149 1133 777|0.001 0.08614145918033334 -0.02507948040162633 -0.03938755654294468
483 906 906 513 273 513 961 1096 357 1011 669 1282 955 382|0.001 0.10046502286307879 -0.035257318702750506 -0.06243654942799548
2137 533 1951 1768 1305 696 943 1875 1972 1000 1768 1862 1398 2500|0.001 0.18823732166003415 -0.11443421103518481 0.03923507667835224
1061 738 566 1104 1000 1116 1209 533 566 394 302 791 1414 1149|0.001 0.02785417834899162 -0.1438302743600428 0.03271491194123621
1875 1875 2069 566 1061 1989 1061 738 2092 1384 2267 2125 791 2733|0.001 -0.017948444283111264 -0.09694037385745147 0.08055118753963031
513 1096 273 483 906 669 357 906 961 1011 513 1253 1027 716|0.001 0.0371488975497658 -0.10604148264417135 0.022799692636017443
1305 1875 1768 3658 4007 3698 3315 1875 2447 3516 3315 1398 4582 3762|0.001 0.12854848871221236 -0.06023653923607486 -0.014640383028843296
566 738 1061 1875 2069 2267 2092 1875 1061 1384 1989 1456 2652 2592|0.001 0.14550240275590598 -0.04144468302150983 -0.00975047100047699
1972 1875 1768 943 696 1305 1768 533 2137 1000 1951 2577 1373 2500|0.001 -0.021322499109773796 -0.07695361911167375 -0.002768365549201679
943 533 1052 696 943 503 371 533 1040 284 1140 1374 745 1069|0.001 0.05955179345938255 -0.06466350809934629 0.011457907902625575
766 1355 1437 1511 1638 1495 1355 533 409 722 766 1071 1537 1873|0.001 0.022627013668490292 -0.06376047191224199 0.01159386547172625
353 1084 662 951 507 270 507 896 478 989 896 1017 1306 378|0.001 0.08972241593726782 -0.03107820048393828 -0.04271207352230855
1768 1875 1305 2137 1951 1768 1972 533 943 1000 696 2574 2444 2500|0.001 0.04740731702053136 -0.025079732193320492 -0.021287071898631327
250 913 468 611 326 441 827 923 468 827 877 1143 1170 642|0.001 0.06094913041648775 -0.04925882329831599 -0.03400189192235614
3658 1875 4007 1305 1768 3315 2447 1875 3315 3516 3698 3492 2574 3757|0.001 0.10298881811138916 -0.05061676835991902 0.008774265041184837
611 923 326 250 468 877 468 913 827 827 441 939 871 1204|0.001 0.03569105165541986 -0.18100379362161356 0.025892478313274125
1437 1355 766 3071 2834 2540 2803 1875 2694 2540 1437 1972 2882 2918|0.001 0.10350186731690192 -0.1358650724127819 0.001765723812081621
943 533 696 1972 1768 1951 2137 1875 1768 1000 1305 745 2031 2500|0.001 0.18395555797262597 -0.06754211830060197 0.022110655750986474
951 896 507 353 662 896 478 1084 507 989 270 1030 1267 709|0.001 0.11974505413922198 -0.11536962761437453 0.10521326734445502
3071 1875 2834 1437 766 1437 2694 1355 2803 2540 2540 3592 1071 2675|0.001 -0.0013934712442209563 -0.08489552702240166 -0.03137006954866628
366 1000 366 1006 1605 1903 1434 1690 1690 1690 1690 1065 2556 2128|0.001 0.14491582301515482 -0.07566540478384676 0.013681403100724854
2731 1000 2731 4383 5196 3915 2746 4615 4615 4615 4615 2908 5811 3320|0.001 0.17875169763771126 -0.061397041398993935 -0.011362303014968989
1053 1185 228 623 1053 1053 623 626 1053 893 228 1326 410 1489|0.001 0.14505735166578715 -0.11484450047244965 0.006506125205028024
1006 1690 1605 366 366 1690 1690 1000 1434 1690 1903 659 1065 1721|0.001 -0.030323876047086973 -0.11326546837309492 0.01657851334412319
366 1000 366 1903 1434 1006 1605 1690 1690 1690 1690 1065 1216 1158|0.001 0.051792651185922356 -0.08214988468597584 0.009308683303843601
2731 1000 2731 3915 2746 4383 5196 4615 4615 4615 4615 2908 3163 6980|0.001 0.1543917179508547 -0.17053012378497434 0.03217479168331927
1903 1690 1434 366 366 1690 1690 1000 1605 1690 1006 2753 1065 1705|0.001 -0.017949115959684514 -0.10828625835582195 0.028213520919011525
1179 701 255 698 1179 1179 698 1327 1179 1120 255 808 1920 1667|0.001 0.13761817755537864 -0.023518777047817352 0.0009041213484839439
1000 1000 1000 595 848 1126 950 217 592 217 592 1414 685 719|0.001 0.03120297781692205 -0.031268644881012886 -0.006553384867917789
623 626 1053 1053 228 228 1053 1185 623 893 1053 1593 1062 664|0.001 0.07912405728508709 -0.054417666408217436 -0.06755897616867901
1126 217 950 1000 1000 592 592 1000 848 217 595 1009 1414 1629|0.001 0.11899891437599175 -0.06377774030109973 0.009644902708250136
1000 1000 1000 950 595 848 1126 592 217 592 217 1414 1512 685|0.001 0.04948338452961387 -0.0690274257452761 -0.013490573391158334
1000 1000 1000 1126 950 595 848 217 592 217 592 1414 1259 1512|0.001 0.04163913786865869 -0.05458208098926831 -0.02943621884230585
698 1327 1179 1179 255 255 1179 701 698 1120 1179 848 1201 743|0.001 0.09742816236275154 -0.049289289376330814 -0.07881135948627382
595 217 848 1000 1000 592 592 1000 950 217 1126 1018 1414 390|0.001 0.12661593845318064 -0.10113905319574679 0.020891188092895252
1000 1000 1000 848 1126 950 595 592 217 592 217 1414 719 1259|0.001 0.046382736990637774 -0.07955212219176833 0.003412063143475308
3000 1000 3000 693 693 693 693 200 2200 200 2200 3162 825 2661|0.001 0.029784008509639026 -0.06687300223052861 -0.018916320450919066
333 1000 333 231 231 231 231 733 67 733 67 1054 887 275|0.001 0.06228798524848589 -0.07992222047798259 0.009916072348590266
3175 1000 4330 1443 289 289 1443 1000 3175 1000 4330 3841 1190 3189|0.001 0.09065259755127064 -0.07675783366897226 -0.07429894410991622
693 200 693 3000 3000 2200 2200 1000 693 200 693 825 3162 2661|0.001 0.12321939232925683 -0.08626374170063289 0.012860007522144112
3000 1000 3000 693 693 693 693 200 2200 200 2200 3162 825 2661|0.001 0.04280739698002467 -0.04621881102576442 -0.01962061748992605
333 1000 333 231 231 231 231 733 67 733 67 1054 887 275|0.001 0.07296968996418407 -0.08243703985779005 -0.011156040883150142
693 200 693 3000 3000 2200 2200 1000 693 200 693 825 3162 2661|0.001 0.1496586893870533 -0.13123604107704967 0.032492935283883195
3175 1000 4330 1443 289 289 1443 1000 3175 1000 4330 3841 1190 3189|0.001 0.10508640678036141 -0.05279667794745979 -0.08938322356702666
91 1000 91 315 315 315 315 1364 455 1364 455 1004 1209 375|0.001 0.09311855429887661 -0.10242268992235348 0.002684529876648689
1443 1000 289 3175 4330 4330 3175 1000 1443 1000 289 1190 3841 4564|0.001 0.051571509112045 -0.30912273587969885 0.002803768403689677
315 1364 315 91 91 455 455 1000 315 1364 315 1209 1004 375|0.001 0.030450240021651087 -0.08464095667305327 0.02261159752765529
11000 1000 11000 3464 3464 3464 3464 5000 15000 5000 15000 11045 4123 13304|0.001 0.3276889425116192 -0.05585157504737981 0.006711242857357913
91 1000 91 315 315 315 315 1364 455 1364 455 1004 1209 375|0.001 0.0532486322511283 -0.11689703687053576 0.030265754498448594
1443 1000 289 3175 4330 4330 3175 1000 1443 1000 289 1190 3841 4564|0.001 0.0323888835506958 -0.4008898120762616 -0.0018672159218446893
315 1364 315 91 91 455 455 1000 315 1364 315 1209 1004 375|0.001 0.018101278956847988 -0.11328018966220044 0.002258906864882615
11000 1000 11000 3464 3464 3464 3464 5000 15000 5000 15000 11045 4123 13304|0.001 0.17348479408670014 -0.13990975938853234 0.008065552741898241
2828 1000 2828 1000 921 921 1000 187 1414 187 1414 3000 1106 2202|0.001 0.014515176480347503 -0.06848944216522379 -0.008572402946709357
1414 1000 2828 1000 187 187 1000 921 1414 921 2828 2236 1106 1427|0.001 0.07413073997970088 -0.050508051330867554 -0.06477364715003042
921 187 1000 2828 2828 1414 1414 1000 921 187 1000 1106 3000 2202|0.001 0.14442206616604558 -0.11414308263781425 -0.0017020557711344697
354 1000 354 354 354 326 326 500 66 500 66 1061 791 391|0.001 0.09686977114258921 -0.021709624938340832 -0.03501046536530161
707 2000 707 133 133 707 707 1000 651 2000 651 1581 1009 707|0.001 -0.04500665903519274 -0.09849989155538474 0.008804317089607938
1000 921 187 1414 2828 2828 1414 1000 1000 921 187 1000 2236 3000|0.001 0.0643219919256266 -0.4295417268848156 0.028351037381981747
7542 1000 7542 5333 4910 4910 5333 5333 15085 5333 15085 7608 5333 11743|0.001 0.512391544144386 -0.09725511522587382 0.023034444401617282
133 1000 133 707 707 651 651 2000 707 2000 707 1009 1581 707|0.001 0.11302130901440943 -0.08119496172939389 0.014470373682431426
1000 187 921 2828 2828 1414 1414 1000 1000 187 921 1000 3000 2236|0.001 0.1377808036416095 -0.12744950289529933 0.04154236479131157
354 1000 354 326 326 354 354 500 66 500 66 1061 778 354|0.001 0.020728639187861386 -0.0924367913635582 0.002424924283994656
1536 1000 3072 1086 204 204 1086 1086 1536 1086 3072 2391 1086 1549|0.001 0.09609622835710763 -0.03752640066790991 -0.07440684544959386
2828 1000 2828 921 1000 1000 921 187 1414 187 1414 3000 1000 2236|0.001 0.04442878376828441 -0.03022367557918737 -0.027913751983510426
133 1000 133 651 651 707 707 2000 707 2000 707 1009 1557 782|0.001 0.12957315528513202 -0.09724358232836794 -0.0032228102756082233
7542 1000 7542 4910 5333 5333 4910 5333 15085 5333 15085 7608 5897 11926|0.001 0.4489940727335484 -0.10750923759982545 0.014847466616028093
1086 1086 204 1536 3072 3072 1536 1000 1086 1086 204 1201 2391 3258|0.001 0.03316511617337259 -0.47414188323918194 0.04852224454164
651 2000 651 133 133 707 707 1000 707 2000 707 1557 1009 782|0.001 -0.040167947062837994 -0.1110636357281436 0.029474351657239328
2719 1000 906 273 513 513 273 1096 2719 1096 906 1861 1253 2766|0.001 0.11636989237374218 -0.11584255037002888 0.08025029152341379
4007 1875 3658 3315 3315 9944 9944 1000 4007 1875 3658 4582 3462 7001|0.001 0.025874727032904055 -0.07511624252712457 0.02326557968090892
302 1000 302 1104 1104 1209 1209 3000 566 3000 566 1045 2054 1382|0.001 0.27663607015369074 -0.050415476010888804 0.007461885620623221
368 333 368 189 189 101 101 1000 403 333 403 685 1018 351|0.001 0.1251582234541715 -0.07900108495912161 -0.007987789807922807
5303 1000 5303 1951 2137 2137 1951 533 1768 533 1768 5397 1862 3734|0.001 0.0677230294166753 -0.007032089723159052 -0.01929150138104241
273 1096 513 2719 906 906 2719 1000 273 1096 513 955 1861 947|0.001 0.05550847489738775 -0.06545477322689508 -0.0392644029511835
906 1000 2719 513 273 273 513 1096 906 1096 2719 1861 955 947|0.001 0.04716521118762529 -0.04524069607015013 -0.020808701159725773
189 1000 189 368 368 403 403 333 101 333 101 1018 685 351|0.001 0.018324398459073077 -0.08149122559958921 0.00018451233654959154
2137 533 1951 5303 5303 1768 1768 1000 2137 533 1951 1862 5397 3734|0.001 0.12993626475910958 -0.08261607578080588 -0.023370744510053942
1104 3000 1104 302 302 566 566 1000 1209 3000 1209 2054 1045 1382|0.001 0.020246837676973772 -0.05308944742951072 -0.0011958434045389321
513 1096 273 906 2719 2719 906 1000 513 1096 273 1253 1861 2766|0.001 0.07363574491077607 -0.1405166283912196 0.2436074446054426
3315 1000 3315 3658 4007 4007 3658 1875 9944 1875 9944 3462 4582 7001|0.001 0.14296901956420305 -0.08366045472971928 -0.01079400240112438
3315 1000 3315 4007 3658 3658 4007 1875 9944 1875 9944 3462 3492 6807|0.001 0.05102865424654546 -0.06602192144707475 0.0026520083805414707
468 913 250 827 2481 2481 827 1000 468 913 250 871 1747 2525|0.001 0.07673656171021337 -0.170095484611813 0.20814193193779085
1209 3000 1209 302 302 566 566 1000 1104 3000 1104 2112 1045 1053|0.001 0.033080303166426184 -0.04696603818169165 0.0025584623472907353
1951 533 2137 5303 5303 1768 1768 1000 1951 533 2137 2444 5397 3631|0.001 0.14851136590354752 -0.07958669531633489 -0.013567489590379234
189 1000 189 403 403 368 368 333 101 333 101 1018 704 461|0.001 0.07056287025374308 0.001447391235485096 -0.024121628261279948
827 1000 2481 468 250 250 468 913 827 913 2481 1747 1143 864|0.001 0.053243309807871064 -0.03729871961673292 -0.029106410820365358
5303 1000 5303 2137 1951 1951 2137 533 1768 533 1768 5397 2444 3631|0.001 0.027603204596717834 -0.09053786330373015 0.010422360254835894
403 333 403 189 189 101 101 1000 368 333 368 704 1018 461|0.001 0.11781037656427795 -0.05930274677064973 0.024821117464657316
250 913 468 2481 827 827 2481 1000 250 913 468 1143 1747 864|0.001 0.07957740316152817 -0.039483889288913776 -0.055549353015938996
3658 1875 4007 3315 3315 9944 9944 1000 3658 1875 4007 3492 3462 6807|0.001 -0.018692738424294086 -0.09562292459814437 0.01567158277562264
302 1000 302 1209 1209 1104 1104 3000 566 3000 566 1045 2112 1053|0.001 0.3480039531254442 -0.0050897367617563916 -0.01957858107827337
2481 1000 827 250 468 468 250 913 2481 913 827 1747 871 2525|0.001 0.09630828297559679 -0.17395762394483483 0.08013345235449165
3000 1000 3000 693 1299 1061 566 817 2250 738 2600 3162 1090 3182|0.001 0.048378715233399205 -0.10474382760329082 0.07233937941510948
1179 1875 1443 4330 3753 3248 4330 816 1066 1531 1443 1573 4406 3901|0.001 0.040077768845954154 -0.05545944909389644 -0.006317264034746417
189 867 231 333 333 246 272 1000 354 750 433 1018 1054 264|0.001 0.07936211240946234 -0.08269164779708849 0.02041290534483764
333 1000 333 433 354 189 231 750 246 867 272 1054 1061 485|0.001 0.08888643778829142 -0.0236739391682661 -0.017133569468912313
1732 816 2309 770 629 568 770 533 2001 435 2309 2449 1162 1823|0.001 0.06663085931228885 -0.04390313822171921 -0.01077813150311524
693 817 1299 3000 3000 2600 2250 1000 566 738 1061 1510 3162 3053|0.001 0.014635083244705083 -0.05846366107246759 0.02357855898513339
3000 1000 3000 1061 566 693 1299 738 2600 817 2250 3162 1456 2661|0.001 0.13595871801692416 -0.008852569903768925 -0.074868677754788
433 750 354 333 333 272 246 1000 231 867 189 829 1054 503|0.001 0.07537662968345682 -0.10939524768680986 0.04012463735241001
696 533 943 2828 2121 2451 2828 1225 770 653 943 1373 2345 2548|0.001 0.08257607166767711 -0.09494230491018829 -0.012205616636095096
333 1000 333 189 231 433 354 867 272 750 246 1054 887 363|0.001 0.11904781785134544 -0.04004873731794145 -0.019354476217321448
1061 738 566 3000 3000 2250 2600 1000 1299 817 693 791 3162 2487|0.001 0.032362590494241505 -0.14934605168029247 0.0270577229248814
4596 1225 5303 1768 1305 1444 1768 1875 3977 2296 5303 4704 1398 4186|0.001 0.14647013169085676 -0.03785990048595589 -0.009463806890898097
4330 816 3753 1179 1443 1443 1066 1875 4330 1531 3248 3841 2179 4564|0.001 0.09680146951348334 -0.1078523483236371 -0.011128822850519082
1590 1224 848 3182 2754 3672 3672 904 1298 1224 692 1848 3308 3045|0.001 0.09135953536719921 -0.16613005698792427 -0.008656597562582968
284 865 314 266 218 408 500 1154 385 1154 385 1040 1023 560|0.001 0.12114279104954884 -0.07142627866014606 -0.00870398688952334
770 533 629 1732 2309 2309 2001 816 770 435 568 839 1915 2434|0.001 0.13956517789742717 -0.07517470556019368 -0.003486175090675614
471 1333 577 363 328 444 444 1156 251 1333 308 1106 1052 351|0.001 0.03842403500670333 -0.10775038547036209 0.029008018570853
3182 904 2754 1590 848 692 1298 1224 3672 1224 3672 2898 1334 3257|0.001 0.05119588546836917 -0.1198685271669353 -0.014204042716119414
2828 1225 2121 696 943 943 770 533 2828 653 2451 3000 745 2981|0.001 0.027383050245992635 -0.1381775360598847 0.019611578196099266
363 1156 328 471 577 308 251 1333 444 1333 444 1201 1414 484|0.001 0.09107077322218826 -0.041295633125637554 -0.02804643338510826
766 1355 1437 3048 3522 4064 4064 1107 938 1355 1760 1071 3661 4135|0.001 0.043826482431243985 -0.06773889156590274 0.018132803044270673
1768 1875 1305 4596 5303 5303 3977 1225 1768 2296 1444 2574 5397 5590|0.001 0.15577570944084185 -0.0039578964640307746 -0.016879316194078342
266 1154 218 284 314 385 385 865 500 1154 408 1174 911 581|0.001 0.022261060575288205 -0.10989129466803971 0.03894292446222858
3048 1107 3522 766 1437 1760 938 1355 4064 1355 4064 3208 1972 4310|0.001 0.03143310176135339 -0.11035348007684687 0.04709501759418089
625 1000 625 573 573 573 573 333 625 333 625 1179 814 848|0.001 0.05754101319704441 -0.03022278715265725 -0.01882864507949389
581 1000 1744 1090 1090 1090 1090 1000 581 1000 1744 1419 1479 1235|0.001 0.005616944877586683 -0.044860699874239574 0.014178026427020818
1600 1000 1600 918 918 918 918 1000 533 1000 533 1887 1357 1302|0.001 0.016653882023862643 -0.13306155249988572 0.011328574227515986
1090 1000 1090 1744 581 581 1744 1000 1090 1000 1090 1479 1419 1235|0.001 0.11733860793624373 -0.06006470570871891 -0.0828854258302747
573 333 573 625 625 625 625 1000 573 333 573 814 1179 848|0.001 0.1078233850028898 -0.003955280937515404 -0.018717072049343475
625 1000 625 573 573 573 573 333 625 333 625 1179 814 848|0.001 0.022768212661821163 -0.081238569362303 0.0040177069463043225
581 1000 1744 1090 1090 1090 1090 1000 581 1000 1744 1419 1479 1235|0.001 0.004952376637639144 -0.046676759548223146 0.008751467419971792
1600 1000 1600 918 918 918 918 1000 533 1000 533 1887 1357 1302|0.001 0.02508957819521651 -0.10432958968612627 0.0256385683846605
573 333 573 625 625 625 625 1000 573 333 573 814 1179 848|0.001 0.0839715049356049 -0.0022001299715179723 -0.010737976268831995
1090 1000 1090 1744 581 581 1744 1000 1090 1000 1090 1479 1419 1235|0.001 0.09959753116880021 -0.05945053581089654 -0.07559616552080706
1720 3000 1720 1875 1875 1875 1875 1000 1720 3000 1720 2441 2125 2545|0.001 0.0960784407734594 -0.02362707110353357 -0.013247597149949053
533 1000 533 918 918 918 918 1000 1600 1000 1600 1133 1357 1302|0.001 0.0535835761540171 -0.07191339973109612 -0.0029117687408053428
1744 1000 581 1090 1090 1090 1090 1000 1744 1000 581 1419 1479 2056|0.001 0.1657076818416825 -0.014172230055068402 -0.061503436403315126
918 1000 918 533 533 1600 1600 1000 918 1000 918 1357 1133 1302|0.001 0.06517620409906222 -0.11218649789676238 0.0070054668264285525
1875 1000 1875 1720 1720 1720 1720 3000 1875 3000 1875 2125 2441 2545|0.001 0.2392140178959834 -0.05996136843358091 -0.019285955675015787
533 1000 533 918 918 918 918 1000 1600 1000 1600 1133 1357 1302|0.001 0.006336744176418385 -0.1517603444717186 0.04461751401950709
1720 3000 1720 1875 1875 1875 1875 1000 1720 3000 1720 2441 2125 2545|0.001 0.13946721550713415 7.748176067856605e-05 -0.02153679697781241
1744 1000 581 1090 1090 1090 1090 1000 1744 1000 581 1419 1479 2056|0.001 0.01063300192777783 -0.34856493925590093 0.02101897036496103
918 1000 918 533 533 1600 1600 1000 918 1000 918 1357 1133 1302|0.001 0.10770163902403596 -0.07404087368370393 -0.020541693754764223
1875 1000 1875 1720 1720 1720 1720 3000 1875 3000 1875 2125 2441 2545|0.001 0.12145000988702304 -0.14467110055769172 0.04623698434532697
2719 1000 906 335 628 513 273 960 2356 1096 713 1861 1022 2766|0.001 0.13965698831513773 -0.09331150869993254 0.07520006053231665
2868 1875 2987 2706 2129 7036 8119 816 3272 1531 2987 3051 2827 5173|0.001 -0.0031678846321048226 -0.1017390937550966 -0.025246813389839806
302 787 370 1104 1104 1209 1060 3000 566 2600 693 1045 2054 1382|0.001 0.2687446836358398 -0.012899314113383742 -0.007517525887058563
368 333 368 231 189 101 123 867 403 262 353 685 1018 351|0.001 0.09573050539423589 -0.06168742759286361 -0.016222966689657392
3753 816 4330 1593 1530 1745 1593 533 1135 435 1443 4406 1815 2509|0.001 0.01908000228482809 -0.09054170184530475 0.02098625058399417
335 960 628 2719 906 713 2356 1000 273 1096 513 1140 1861 947|0.001 0.08428457443972359 -0.05803405117526528 -0.05841615548917933
906 1000 2719 513 273 335 628 1096 713 960 2356 1861 955 763|0.001 0.054285954996076136 -0.04032150040957916 -0.03188262463887925
231 867 189 368 368 353 403 333 123 262 101 887 685 419|0.001 0.015390175717757693 -0.10448479184110626 0.021663370944695615
2137 533 1951 5303 4596 1391 1768 1225 1873 653 1951 1862 4704 3379|0.001 0.14267235681301393 -0.03125703224831189 -0.03756268421193587
1104 3000 1104 302 370 693 566 787 1060 2600 1209 2054 843 1127|0.001 -0.003870282203360942 -0.05186280343188021 0.005452312697238337
2607 1225 3315 3658 4007 3513 3658 1875 8618 2296 9944 2793 4582 5762|0.001 0.1361438426621664 -0.10095606117894729 0.03931692288244193
2706 816 2129 2868 2987 2987 3272 1875 8119 1531 7036 2280 3404 5558|0.001 0.02336926808333084 -0.170255212194943 0.02482878710256875
654 1041 349 742 2453 2831 944 1141 534 1041 285 1187 1804 2511|0.001 0.07163154248110759 -0.1749015468606363 0.2929030279172906
1537 3305 1347 470 384 719 881 1271 1403 3814 1403 2430 1071 1339|0.001 0.018322140257442943 -0.05818021010358221 -0.0033260578291449683
218 1154 266 408 465 424 424 303 116 385 142 1023 669 532|0.001 0.06853566889187812 -0.021215833251652105 -0.04271883313929026
742 1141 2453 654 349 285 534 1041 944 1041 2831 1640 1064 795|0.001 0.058544803005944335 -0.03498036911751434 -0.028407343350376202
5303 1225 4596 2137 1951 1951 1873 533 1768 653 1391 5397 2444 3631|0.001 0.0038725341722178896 -0.07865077704831358 0.010243134362646344
408 303 465 218 266 142 116 1154 424 385 424 735 1174 434|0.001 0.12021546965188978 -0.1264227158427711 -0.008973478185643202
250 913 468 2151 651 827 2481 877 306 913 573 1143 1581 864|0.001 0.09994032211235293 -0.03391743754670107 -0.06784276734289385
3658 1875 4007 2607 3315 9944 8618 1225 3658 2296 3513 3492 3462 6807|0.001 -0.05038617346703522 -0.10483178154909845 0.03113191515232705
470 1271 384 1537 1347 1403 1403 3305 881 3814 719 1328 2210 1599|0.001 0.31029694502563876 -0.04379324454648503 -0.024983870840413758
2151 877 651 250 468 573 306 913 2481 913 827 1438 871 2525|0.001 0.0991822097283479 -0.2538698899668168 0.10184604102090544
1000 1000 1000 1299 693 87 693 817 817 817 817 1414 1510 1052|0.001 0.11408351911580183 -0.05205785248577843 -0.05703344954146927
629 533 770 770 629 629 770 533 629 67 770 1162 1162 630|0.001 0.05717277823541922 -0.01476460984953687 -0.018853080777869735
693 817 1299 1000 1000 817 817 1000 87 817 693 1510 1414 1052|0.001 0.03778993320691759 -0.062316676041641594 0.01688846637317276
1000 1000 1000 693 87 693 1299 817 817 817 817 1414 1052 825|0.001 0.09406668483838088 -0.08903867182948111 -0.08297933031027105
1179 125 1443 1443 1179 1179 1443 1875 1179 1000 1443 1519 1573 2041|0.001 0.2170352451418145 -0.07063964324696692 0.005485790867816309
1299 817 693 1000 1000 817 817 1000 693 817 87 1090 1414 1510|0.001 0.047396908256931436 -0.11750262088553565 0.017742418721680142
1000 1000 1000 87 693 1299 693 817 817 817 817 1414 825 1090|0.001 0.025649608581657102 -0.10311321904168724 0.47568026163614663
693 817 87 1000 1000 817 817 1000 1299 817 693 825 1414 1090|0.001 0.10729568648180754 -0.3122228111027725 0.0010564472238017153
9434 8000 11547 11547 9434 9434 11547 8000 9434 15000 11547 9522 9522 9452|0.001 0.5461313825508385 -0.03745626723824835 -0.008072405919704595
770 533 629 629 770 770 629 533 770 67 629 839 839 1089|0.001 0.059174849997676304 -0.06333781350671086 0.014842802570287361
848 1224 1590 1000 1000 1224 1224 1000 106 1224 848 1334 1002 1009|0.001 0.025254111145072144 -0.05886255196646095 0.014720158945644712
1000 1000 1000 1590 848 106 848 1224 1224 1224 1224 1002 1334 1009|0.001 0.1373344080261618 -0.009093395743805521 -0.09121412352896208
11547 8000 9434 9434 11547 11547 9434 8000 11547 15000 9434 12152 12152 16330|0.001 0.3520817225424655 -0.05720727347832466 -0.026800434234756088
1000 1000 1000 106 848 1590 848 1224 1224 1224 1224 1002 1288 1848|0.001 0.08380762737419722 -0.10349626540919754 0.6879032853324762
848 1224 106 1000 1000 1224 1224 1000 1590 1224 848 1288 1002 1848|0.001 0.03750996167159126 -0.6045986255461822 -0.011263057580072067
1443 125 1179 1179 1443 1443 1179 1875 1443 1000 1179 1190 2179 2041|0.001 0.18448107574971617 -0.1261538423753561 0.0069459471946120566
1590 1224 848 1000 1000 1224 1224 1000 848 1224 106 1848 1731 1334|0.001 0.08846607585577315 -0.1390018504798174 0.015849590909553513
1000 1000 1000 848 106 848 1590 1224 1224 1224 1224 1731 1009 1288|0.001 0.08168488950580866 -0.09699561998156803 -0.07519378888724004
1000 1000 1000 87 87 87 87 900 900 900 900 1414 953 953|0.001 0.08953778578421723 -0.07159770704401103 0.007465600301070907
10392 1000 11547 11547 10392 10392 11547 1000 10392 1000 11547 11000 11000 14697|0.001 0.08828377600787585 -0.06290222283277469 -0.003026823974680015
87 900 87 1000 1000 900 900 1000 87 900 87 953 1414 953|0.001 0.03526447508471087 -0.12510133914923616 0.007472637994285769
1000 1000 1000 87 87 87 87 900 900 900 900 1414 953 953|0.001 0.05929062164243826 -0.05131181893666681 -0.005540878037416652
10392 1000 11547 11547 10392 10392 11547 1000 10392 1000 11547 11000 11000 14697|0.001 0.09417937905976226 -0.056959389226024504 -0.005231041878751563
87 900 87 1000 1000 900 900 1000 87 900 87 953 1414 953|0.001 0.11113610635710591 -0.050527382984727476 0.014353832199935912
1000 1000 1000 87 87 87 87 900 900 900 900 1414 953 953|0.001 0.07943926014181146 -0.09265703597093888 -0.017983586258619733
87 900 87 1000 1000 900 900 1000 87 900 87 953 1414 953|0.001 0.05698329308920336 -0.0960245139791549 0.021930922308381895
10392 1000 11547 11547 10392 10392 11547 1000 10392 1000 11547 11000 11000 14697|0.001 0.09919339966381058 -0.01280623565351413 -0.027810949657437467
1000 1000 1000 87 87 87 87 900 900 900 900 1414 953 953|0.001 0.07512273746671294 -0.04226293077293164 -0.008319661961158076
87 900 87 1000 1000 900 900 1000 87 900 87 953 1414 953|0.001 0.10123740485475485 -0.06610232985689746 -0.00803268942354829
10392 1000 11547 11547 10392 10392 11547 1000 10392 1000 11547 11000 11000 14697|0.001 0.10296908869048771 -0.07777040130567014 -0.013005431136897672
11547 1000 10392 10392 11547 11547 10392 1000 11547 1000 10392 11000 11000 16330|0.001 0.0009884144772298598 -0.13587890750233922 0.01703916050984189
96 1111 96 1000 1000 1111 1111 1000 96 1111 96 1058 1414 1058|0.001 0.11059567720163477 -0.012168868795520149 -0.01623986982728698
1000 1000 1000 96 96 96 96 1111 1111 1111 1111 1414 1058 1058|0.001 0.1571741594549847 -0.031355118694261774 -0.03587534442911933
11547 1000 10392 10392 11547 11547 10392 1000 11547 1000 10392 11000 11000 16330|0.001 0.11692930240251975 0.005436423276359292 -0.015809004750602096
96 1111 96 1000 1000 1111 1111 1000 96 1111 96 1058 1414 1058|0.001 0.0107008084021043 -0.13629612448922246 0.04137987064819049
1000 1000 1000 96 96 96 96 1111 1111 1111 1111 1414 1058 1058|0.001 0.055647174867623495 -0.10455755965489866 -0.02168622143870702
11547 1000 10392 10392 11547 11547 10392 1000 11547 1000 10392 11000 11000 16330|0.001 0.0724525189815628 -0.09351568520690967 -0.003951475366610335
1000 1000 1000 96 96 96 96 1111 1111 1111 1111 1414 1058 1058|0.001 0.025754421574426534 -0.145429530618002 0.027223758602512582
96 1111 96 1000 1000 1111 1111 1000 96 1111 96 1058 1414 1058|0.001 0.08777580600876744 -0.03609396852556124 -0.0013144721496460843
11547 1000 10392 10392 11547 11547 10392 1000 11547 1000 10392 11000 11000 16330|0.001 0.07183383410954036 -0.05766318423141015 -0.009839859399202178
96 1111 96 1000 1000 1111 1111 1000 96 1111 96 1058 1414 1058|0.001 0.11428906208645229 -0.028113783460116393 -0.018206439474508507
1000 1000 1000 96 96 96 96 1111 1111 1111 1111 1414 1058 1058|0.001 -0.0081097317705503 -0.14533141475190803 0.02845768623730871
1000 1000 1000 908 908 908 908 2444 222 2444 222 1414 1808 1023|0.001 0.14596124520879217 -0.11188108267586871 -0.006572514754066283
2693 1000 1102 1102 245 245 1102 1000 2693 1000 1102 1992 1127 2704|0.001 0.08683608450834379 -0.17186724206584514 -0.07209825538780579
908 222 908 1000 1000 2444 2444 1000 908 222 908 1023 1414 1808|0.001 0.11677839859268291 -0.05984376248198586 0.007749770301987979
1000 1000 1000 908 908 908 908 2444 222 2444 222 1414 1808 1023|0.001 0.14048295298918934 -0.09686378276155816 -0.004993161663284784
908 222 908 1000 1000 2444 2444 1000 908 222 908 1023 1414 1808|0.001 0.12472458663760122 -0.07652343809614104 -0.011734140541812543
2693 1000 1102 1102 245 245 1102 1000 2693 1000 1102 1992 1127 2704|0.001 0.07402498023711068 -0.16894594609052294 -0.0622930288715795
1102 1000 245 2693 1102 1102 2693 1000 1102 1000 245 1127 1992 1558|0.001 0.061557462478059044 -0.2987499924873527 -0.041564278777503905
371 409 371 91 91 409 409 1000 371 409 371 740 1004 418|0.001 0.11974574895995183 -0.08503702101970712 0.03053098088835471
11000 1000 11000 4085 4085 4085 4085 4500 4500 4500 4500 11045 4603 8136|0.001 0.47005914787835 -0.04641900150050393 -0.006408871932529481
1102 1000 245 2693 1102 1102 2693 1000 1102 1000 245 1127 1992 1558|0.001 0.05567032685601436 -0.39655302068502873 -0.03296766313902966
371 409 371 91 91 409 409 1000 371 409 371 740 1004 418|0.001 0.12378019951473584 -0.07467357018043908 0.013266304099814885
11000 1000 11000 4085 4085 4085 4085 4500 4500 4500 4500 11045 4603 8136|0.001 0.2681797063357094 -0.10887266087098113 -0.004153068182175534
1102 1000 245 1000 1000 1000 1000 1000 2693 1000 1836 1127 1731 1992|0.001 0.04298585687290579 -0.41154122691001827 0.02766688830031505
1000 1000 1000 245 1836 2693 1102 1000 1000 1000 1000 1731 1204 2438|0.001 -0.0033618104488242206 -0.15001896544694193 0.3583699551798114
4085 7500 4085 4085 4085 4085 4085 4500 4085 11000 4085 4918 4603 7071|0.001 0.5168146732397028 -0.0012825835082830306 -0.019344453997901523
908 222 908 908 908 908 908 2444 908 1667 908 1023 1808 909|0.001 0.2406939195787472 -0.007420894148094659 -0.0303607821782248
2693 1000 1102 1000 1000 1000 1000 1000 1836 1000 245 1992 1002 2438|0.001 0.11714897891154763 -0.09580572980891655 -0.02604835487035495
1000 1000 1000 1102 245 1836 2693 1000 1000 1000 1000 1002 1127 1204|0.001 0.07523655978226573 -0.10377007388080561 -0.05789998087000314
4085 4500 4085 4085 4085 4085 4085 7500 4085 11000 4085 4603 4918 7071|0.001 0.3810386661383358 -0.05518589198412083 -0.004353651750369503
1000 1000 1000 245 1102 2693 1836 1000 1000 1000 1000 1731 1127 1992|0.001 0.023329797224183046 -0.12572070632256072 0.2618291204269507
1836 1000 245 1000 1000 1000 1000 1000 2693 1000 1102 1204 1731 2438|0.001 0.06284379344527524 -0.32634803344279595 -0.001116405090505479
1000 1000 1000 2693 1102 245 1836 1000 1000 1000 1000 1731 1992 1127|0.001 0.09942459756961952 -0.043578455468651356 -0.055704572806202224
371 409 371 371 371 371 371 682 371 91 371 740 905 643|0.001 0.09809119093451057 0.0061925486408842545 -0.04356086612329113
1836 1000 2693 1000 1000 1000 1000 1000 245 1000 1102 2438 1731 1204|0.001 0.023719572932345834 -0.06822861205836528 -0.003080951814589117
1102 1000 2693 1000 1000 1000 1000 1000 245 1000 1836 1992 1731 1127|0.001 0.012861045350922584 -0.055084969258240024 0.0264251094342427
371 682 371 371 371 371 371 409 371 91 371 905 740 643|0.001 0.07095541523380433 -0.05814747735494952 -0.01924101314393356
1000 1000 1000 2693 1836 245 1102 1000 1000 1000 1000 1731 2438 1204|0.001 0.149096767262491 0.019207811006183295 -0.08847249513631028
1000 1000 1000 1836 245 1102 2693 1000 1000 1000 1000 1002 1204 1127|0.001 0.08889786763481622 -0.08469637534609387 -0.07915082452310318
545 133 545 545 545 545 545 1467 545 600 545 656 1328 546|0.001 0.15219672698154163 -0.07298749370901136 0.0007318385318955123
2693 1000 1836 1000 1000 1000 1000 1000 1102 1000 245 2438 1002 1992|0.001 0.06485113248964058 -0.09507672401306566 -0.008110532791730796
1104 533 1000 1061 566 302 566 1116 956 595 738 1133 1149 1317|0.001 0.13687997078026592 -0.05833940245050573 -0.06956822116282235
1052 533 943 943 696 901 1040 533 561 284 503 1083 1373 836|0.001 0.0899993314832015 -0.04244966149416274 -0.013622668400743443
566 738 1061 1000 533 595 1116 1104 302 956 566 1456 1133 613|0.001 0.10954816539134438 -0.03479144130000056 -0.06587586246168509
483 906 906 513 273 513 961 866 539 669 1011 1282 1194 705|0.001 0.067344709592978 -0.05004418193296112 -0.038854538508170666
1690 533 1951 1768 1972 1052 943 1875 1305 1000 1768 2329 2577 2500|0.001 0.1279693988907482 -0.10168814378002211 0.00934499831562352
1061 1116 566 1104 1000 738 956 533 566 595 302 1458 1414 1456|0.001 0.030798729155760984 -0.18274913605886622 0.009140325262078086
1875 1875 2069 566 1061 1989 1061 1116 1384 2092 1793 2125 1458 1482|0.001 0.009828230342916466 -0.06606294729170292 0.08486154128232393
513 866 273 483 906 1011 539 906 961 669 513 778 1027 1321|0.001 0.05810738032525631 -0.08925884677772333 0.03939154355787844
1972 1875 1768 3658 3169 2447 3315 1875 3698 3516 3315 2577 2847 2941|0.001 0.07748036845365514 -0.08062197556582551 -0.018977215445062923
566 1116 1061 1875 2069 1793 1384 1875 1061 2092 1989 1149 2652 1611|0.001 0.030930845612049396 -0.04092462245775308 0.007718343842755271
1305 1875 1768 943 1052 1972 1768 533 1690 1000 1951 1398 1083 2500|0.001 0.009967788723754811 -0.050165703926291494 0.005067105752882828
943 533 696 1052 943 503 561 533 1040 284 901 745 1374 1069|0.001 0.06039854534592992 -0.03941393126056347 -0.007167623502688514
507 896 951 662 857 989 896 533 270 478 507 1306 795 770|0.001 0.024246552376705477 -0.036083133606259477 0.008530998636053777
806 1295 1511 1437 766 409 766 1355 722 1495 1355 1202 1071 1053|0.001 0.11281379247348955 -0.013698470102797566 -0.04644680723473571
1768 1875 1972 1690 1951 1768 1305 533 943 1000 1052 2031 1518 2500|0.001 -0.005030198153810339 -0.06071666342661319 -0.0008676992189149413
316 1154 592 1167 622 558 1046 772 592 1046 1109 898 1479 641|0.001 0.08975585439812583 -0.02597550567154938 -0.049653680935526356
3658 1875 3169 1972 1768 3315 3698 1875 3315 3516 2447 4367 2031 3757|0.001 0.05070707374781325 -0.08181180723580983 -0.011602206002843118
1167 772 622 316 592 1109 592 1154 1046 1046 558 928 1378 1202|0.001 0.1325652651757081 -0.05881075536973146 0.08653036028755112
951 896 507 1607 1241 1680 1854 1875 1782 1680 951 1030 1491 2447|0.001 0.10045189477616123 -0.23049659024280356 0.016128663351817618
943 533 1052 1305 1768 1951 1690 1875 1768 1000 1972 1374 2574 2500|0.001 0.1631104546903206 -0.11222323010915303 -0.009000635780774813
1437 1355 766 806 1511 1355 722 1295 766 1495 409 1972 1916 1975|0.001 0.032607545987584086 -0.20463045433431248 0.07982902865867336
1607 1875 1241 951 507 951 1782 896 1854 1680 1680 2376 1306 2214|0.001 0.024441726544721654 -0.07840862087630684 -0.04589846308137635
1875 1000 1875 1061 566 566 1061 1116 1075 1116 375 2125 1149 1528|0.001 0.10024407639227739 -0.07026909799004666 -0.06802458541104173
1052 533 943 1768 354 1014 1768 1000 1052 533 943 1083 1275 1210|0.001 0.13083720820965095 -0.09319545330359724 -0.07735811467802556
566 200 566 533 533 595 595 1000 302 573 302 721 1133 613|0.001 0.15292563582174346 -0.09277704890046201 -0.006375268683420643
533 1000 533 302 302 566 566 573 595 200 595 1133 815 777|0.001 0.01824760780087864 -0.09489836098639848 0.010871664000819958
1900 1000 3315 1768 1972 1972 1768 1875 663 1875 3315 2702 2577 2269|0.001 0.07636350968608152 -0.06411263515623156 0.017949753793375933
1061 1116 566 1875 1875 375 1075 1000 1061 1116 566 1458 2125 1352|0.001 0.1118367860850733 -0.048641901910836394 -0.053980495847651966
1875 1000 1875 566 1061 1061 566 1116 375 1116 1075 2125 1458 1352|0.001 0.011352818096819206 -0.12470743005367213 0.01585396539935946
302 573 302 533 533 595 595 1000 566 200 566 815 1133 777|0.001 0.08903882507433014 -0.11451922724761254 0.017361783535785325
1972 1875 1768 3315 1900 663 3315 1000 1972 1875 1768 2577 2702 2269|0.001 0.04027476934917784 -0.056542124870219146 -0.03689459156537622
354 1000 1768 943 1052 1052 943 533 1014 533 1768 1275 1083 1210|0.001 0.006780270250366094 -0.024813104795408103 0.006660419475890134
1768 1000 354 1052 943 943 1052 533 1768 533 1014 1275 1374 2003|0.001 0.10026139266116951 -0.07613199473822996 -0.046857882186597255
507 896 951 336 963 1680 1680 1000 507 896 951 1306 1151 1370|0.001 0.030004848034976828 -0.07550284221122916 0.192620375486261
2975 2867 2975 2828 2828 1508 1508 5000 2667 5000 2667 3423 3606 3887|0.001 0.5241466357957281 -0.007164328144434462 -0.01717259121806536
526 1744 526 1038 1038 930 930 349 987 1744 987 1422 1194 1069|0.001 0.033969811859790866 -0.01834883675103538 -0.006981181348220122
3315 1000 1900 1972 1768 1768 1972 1875 3315 1875 663 2702 2031 3757|0.001 0.12588660931306395 -0.17323222886382217 0.030357013545572187
1038 349 1038 526 526 987 987 1744 930 1744 930 1194 1422 1069|0.001 0.14611620723904872 -0.06361591445758985 -0.012587157496296575
951 896 507 963 336 1680 1680 1000 951 896 507 1030 1151 1212|0.001 0.09572404446146043 -0.13141533015674223 -0.05083420432512753
943 533 1052 354 1768 1768 1014 1000 943 533 1052 1374 1275 2003|0.001 0.06210638371541677 -0.15019310303424072 0.36605604171556116
2828 5000 2828 2975 2975 2667 2667 2867 1508 5000 1508 3606 3423 3887|0.001 0.18505075165448304 -0.035408098222784457 -0.015778142819388163
963 1000 336 951 507 507 951 896 1680 896 1680 1151 1306 1370|0.001 0.06538659331900787 -0.23981549141079084 -0.03430427055988505
250 1000 250 1021 1604 1604 1021 1875 1875 1875 1875 1031 2490 1744|0.001 0.10515882218303574 -0.013068003333476241 -0.010197673262218876
4000 1000 4000 6418 6418 4085 4085 7500 7500 7500 7500 4123 6978 4323|0.001 0.5002349626150715 -0.030095392407913923 -0.008068415733509804
1169 1000 156 623 1169 1169 623 637 1169 637 156 1087 674 1653|0.001 0.06608609681440836 -0.33026386161603916 0.025443644945393196
1021 1875 1604 250 250 1875 1875 1000 1021 1875 1604 1081 1031 1230|0.001 -0.014682509291609191 -0.10586554786718216 -0.006967795017820411
250 1000 250 1604 1021 1021 1604 1875 1875 1875 1875 1031 1081 1230|0.001 0.0989071699045807 -0.029334390551021272 -0.007134374657559173
4000 1000 4000 4085 4085 6418 6418 7500 7500 7500 7500 4123 4918 9959|0.001 0.47158695375516313 -0.042431723990953296 -0.03120899162357582
1604 1875 1021 250 250 1875 1875 1000 1604 1875 1021 2490 1031 1744|0.001 -0.005963242311667338 -0.09422246777410659 0.028548900952241052
1836 1000 245 979 1836 1836 979 1571 1836 1571 245 1204 2438 2596|0.001 0.09903525083502673 -0.3091365706870586 0.08490328130043245
1000 1000 1000 545 545 856 856 133 533 133 533 1414 656 576|0.001 -0.007983844023954356 -0.06369981299570782 0.014777964535419574
623 637 1169 1169 156 156 1169 1000 623 637 1169 1552 1087 642|0.001 0.09080322609503311 -0.047559107570545045 -0.07983494500970911
856 133 856 1000 1000 533 533 1000 545 133 545 930 1414 1328|0.001 0.1160112834542737 -0.06926350267954962 0.01983633304321275
1000 1000 1000 856 545 545 856 533 133 533 133 1414 1328 656|0.001 0.005371372174571842 -0.0942710587150386 0.03021296743957569
1000 1000 1000 856 856 545 545 133 533 133 533 1414 930 1328|0.001 -0.006426291036434328 -0.0616736018670061 0.016116951602263008
979 1571 1836 1836 245 245 1836 1000 979 1571 1836 1058 1204 1009|0.001 0.09464649162618022 -0.04517857264645486 -0.08093348400434519
545 133 545 1000 1000 533 533 1000 856 133 856 656 1414 576|0.001 0.15139226473735112 -0.06563077744701662 -0.015153636783959978
1000 1000 1000 545 856 856 545 533 133 533 133 1414 576 930|0.001 0.01040453860856605 -0.09898115423798148 0.009849342428018826
2719 1000 906 273 513 513 273 866 1994 866 520 1861 778 2384|0.001 0.10996572887529421 -0.07664097187594199 0.08866304203628772
3169 1875 3658 3315 1900 7292 9944 1000 3169 1875 3658 2847 2702 4889|0.001 -0.040511784822899743 -0.11397840756433131 -0.031568396062076065
302 573 302 1104 1104 956 956 3000 566 2200 566 815 2054 859|0.001 0.1507850554530954 -0.18394909445366703 0.03911345472776606
368 333 368 189 189 101 101 733 319 191 319 685 877 439|0.001 0.09590767794910526 -0.08253342762762572 -0.00838879025982675
3889 1000 5303 1951 1690 1690 1951 533 1014 533 1768 4650 2329 2607|0.001 0.05929909013205226 -0.06283070166641869 -0.01518005970292391
273 866 513 2719 906 520 1994 1000 273 866 513 1194 1861 739|0.001 0.08705611953590431 -0.04358474178213667 -0.05989103876124613
906 1000 2719 513 273 273 513 866 520 866 1994 1861 1194 739|0.001 0.049657150768152025 -0.0403363611142582 -0.02448725209797331
189 733 189 368 368 319 319 333 101 191 101 877 685 439|0.001 0.01958497846374696 -0.10832012072179542 0.03465096699723169
1690 533 1951 5303 3889 1014 1768 1000 1690 533 1951 2329 4650 2607|0.001 0.11751160402941663 0.00032045039457306856 -0.06665556987300869
1104 3000 1104 302 302 566 566 573 956 2200 956 2054 815 859|0.001 -0.023848036148004237 -0.04705209777769559 0.00927036497802236
1900 1000 3315 3658 3169 3169 3658 1875 7292 1875 9944 2702 2847 4889|0.001 0.1187208597171896 -0.05782510319664591 -0.017569752922318438
3315 1000 1900 3169 3658 3658 3169 1875 9944 1875 7292 2702 4367 6807|0.001 0.19080065815486158 -0.03975239272962727 -0.002234815020698555
592 1154 316 600 2301 3138 1046 1000 592 1154 316 1378 1543 2751|0.001 0.011447162921791598 -0.2534827580364518 0.1914258994473439
1668 3837 1668 526 526 987 987 1744 1925 5233 1925 2573 1422 2298|0.001 0.1197585050825456 -0.040724561216923805 0.006549092316057159
257 1364 257 435 435 502 502 261 137 455 137 1196 670 390|0.001 -0.03757482638959253 -0.10524803063210575 0.0271595177943329
600 1000 2301 592 316 316 592 1154 1046 1154 3138 1543 898 853|0.001 0.04523019747513235 -0.03411996467727274 -0.025361749852060855
5303 1000 3889 1690 1951 1951 1690 533 1768 533 1014 4650 1518 3631|0.001 0.08512150825802589 -0.02317918366477545 -0.010052590432808595
435 261 435 257 257 137 137 1364 502 455 502 670 1196 390|0.001 0.16945425764954614 -0.12138421067031224 0.024301251573977112
316 1154 592 2301 600 1046 3138 1000 316 1154 592 898 1543 853|0.001 0.1027430543630703 -0.03872242101488399 -0.06757908055171513
3658 1875 3169 1900 3315 9944 7292 1000 3658 1875 3169 4367 2702 6807|0.001 -0.04246409802653561 -0.10714380530781109 0.030800757668028034
526 1744 526 1668 1668 1925 1925 3837 987 5233 987 1422 2573 2298|0.001 0.2080853715887443 -0.10556251562426455 -0.011927190134102261
2301 1000 600 316 592 592 316 1154 3138 1154 1046 1543 1378 2751|0.001 0.10993147812858206 -0.2207887575658407 0.0882783739917814
2069 1875 1875 1061 566 1061 1989 1116 1793 2092 1384 2652 1149 1611|0.001 0.05778644612950412 -0.06650244056864096 -0.06885818571161884
1052 533 943 1768 1305 1690 1951 1875 1972 1000 1768 1083 1398 2500|0.001 0.143267243905707 -0.15598401912998994 0.04103581876446771
1061 738 566 533 1000 1116 595 1104 566 956 302 791 1414 1149|0.001 0.036642809837885704 -0.1403140482865306 0.014703358712417902
906 906 483 273 513 961 513 866 1011 669 539 1027 778 1321|0.001 0.1143920719189051 -0.11164866439625998 0.06325321477251844
3169 1875 3658 1768 1972 3698 3315 1875 2447 3516 3315 2847 2577 2941|0.001 0.11228397816287261 -0.061309073683760706 -0.006728876886201718
1061 1116 566 2069 1875 1384 1793 1875 1989 2092 1061 1458 2125 1482|0.001 0.18608764470811723 -0.08742483745530105 -0.03497623564297503
273 866 513 906 483 539 1011 906 513 669 961 1194 1282 705|0.001 0.0695535083620169 -0.0598735133888173 -0.033636750779072466
1972 1875 1768 1951 1690 1305 1768 533 1052 1000 943 2577 2329 2500|0.001 0.024188184411555458 -0.036059115317471635 0.003386653528743011
533 1104 1000 1061 566 302 566 738 595 956 1116 1133 1456 613|0.001 0.09304188153408832 -0.025828761375893405 -0.04714299930562604
566 1116 1061 1000 1104 956 738 533 302 595 566 1149 1133 1317|0.001 0.04190110811485015 -0.05216690439293292 0.00017287256724562994
696 533 943 943 1052 561 503 533 901 284 1040 1373 1083 836|0.001 0.05710423393224584 -0.07785138705214467 -0.01070565250796296
1768 1875 1305 1052 943 1768 1972 533 1951 1000 1690 2574 1374 2500|0.001 -0.06548723173606996 -0.09190826290244147 0.029416302139546602
507 896 951 1241 1607 1854 1680 1875 951 1680 1782 1306 2376 2214|0.001 0.06051856148269641 -0.05239568994087174 -0.003024431115790094
1768 1875 1972 3169 3658 3315 2447 1875 3315 3516 3698 2031 4367 3757|0.001 0.09220063142895585 -0.05304466168085442 -0.0034667292715107045
592 1154 316 622 1167 1046 558 772 1109 1046 592 1378 928 1202|0.001 0.07884158453625112 -0.07368396619033213 0.04103226524561299
1241 1875 1607 507 951 1782 951 896 1680 1680 1854 1491 1030 2447|0.001 0.01189223154273833 -0.06236574132470363 0.07209032117144076
1951 533 1690 1972 1768 943 1052 1875 1768 1000 1305 1518 2031 2500|0.001 0.13444830758949866 -0.12304895405363281 0.040258092426521674
622 772 1167 592 316 592 1109 1154 558 1046 1046 1479 898 641|0.001 0.09924139072919225 -0.03357752395199198 -0.055145197225359155
951 896 507 857 662 896 989 533 507 478 270 1030 1267 709|0.001 -0.010923396249147288 -0.243682108369232 0.04297855056847766
943 533 1052 696 943 1040 901 533 503 284 561 1374 745 1069|0.001 0.07590589475414689 -0.10033761336818214 -0.006147036973396247
766 1355 1437 1511 806 722 1355 1295 409 1495 766 1071 1202 1053|0.001 0.07894090848601598 -0.03993896778007433 -0.049820025341231755
857 533 662 951 507 270 507 896 989 478 896 795 1306 770|0.001 0.13010106166618352 -0.028044644436628907 -0.06782798426677616
963 1000 336 1241 1607 1607 1241 1875 3697 1875 2521 1151 2376 2479|0.001 0.03328086923419127 -0.39437540605972266 0.0313384244585202
1038 349 1038 1668 1668 1288 1288 3837 1946 2616 1946 1194 2573 1547|0.001 0.20332791466870725 -0.03865860923490061 -0.016676122623560108
2301 1000 600 622 1167 1167 622 772 1569 772 209 1543 928 2230|0.001 0.13134045595537325 -0.14245355645061575 0.05633896571803243
1241 1875 1607 963 336 2521 3697 1000 1241 1875 1607 1491 1151 1545|0.001 -0.0207895772990907 -0.11152230791316775 -0.05460698311981149
336 1000 963 1607 1241 1241 1607 1875 2521 1875 3697 1151 1491 1545|0.001 0.09715188253230256 -0.011115510324083422 -0.012193072095705304
2975 2867 2975 3691 3691 4781 4781 7500 5579 11000 5579 3423 4596 7071|0.001 0.4668270593357726 -0.08595973977351679 -0.018598734978000353
1607 1875 1241 336 963 3697 2521 1000 1607 1875 1241 2376 1151 2479|0.001 -0.04610211414294296 -0.10153531207166666 0.05964327222503396
2032 1000 271 806 1511 1511 806 1295 2980 1295 777 1245 1916 2888|0.001 0.1386328277961857 -0.13455526143382412 0.0138662099186182
744 1467 744 492 492 637 637 133 397 382 397 1421 613 591|0.001 -0.02895741748490166 -0.055468331901190604 0.0103811891288208
622 772 1167 2301 600 209 1569 1000 622 772 1167 1479 1543 716|0.001 0.10164526301922994 -0.022982417693471202 -0.07261393016164575
435 261 435 507 507 270 270 682 336 91 336 670 969 643|0.001 0.10012725611504347 -0.1013619580764702 0.01783355097399353
1344 1000 1972 857 662 662 857 533 179 533 514 1911 1267 824|0.001 -0.003488389657118063 -0.08678524003483457 0.024641645428928882
507 682 507 435 435 336 336 261 270 91 270 969 670 643|0.001 0.04016468111719185 0.0054299698110060746 -0.019568060644388208
806 1295 1511 2032 271 777 2980 1000 806 1295 1511 1202 1245 927|0.001 0.09718917652776549 -0.04463451638521909 -0.08331386463688806
492 133 492 744 744 397 397 1467 637 382 637 613 1421 591|0.001 0.18702341756428265 -0.11563337717077737 -0.003047912394179564
1972 1000 1344 662 857 857 662 533 514 533 179 1911 795 1322|0.001 -0.009278385990122429 -0.15761424946169722 0.04281967514960128
1000 1000 1000 693 87 71 566 817 950 738 600 1414 1052 1002|0.001 0.08156268297166758 -0.0964036913626054 -0.07500327643708116
1179 125 1443 1443 866 1371 1443 816 1066 102 1443 1519 1658 1373|0.001 0.1443764081581378 -0.08734997461590899 -0.04156533270475937
566 600 693 1000 1000 738 817 1000 71 950 87 1149 1414 1051|0.001 0.0607047188784815 -0.08860015758744177 0.0015099660800865777
1000 1000 1000 87 71 566 693 950 738 600 817 1414 1002 721|0.001 0.07663219380317887 -0.08902498741899967 0.001173033903385523
10970 816 11547 11547 9434 8524 11547 8000 6928 6532 11547 11576 9522 13892|0.001 0.7951232094015959 -0.027312250185578257 -0.01673461360971351
693 817 87 1000 1000 600 950 1000 566 738 71 825 1414 1149|0.001 0.07317711575012265 -0.3856366998281746 -0.009967770641133855
14142 1225 13435 10440 14142 14142 11554 8000 14142 9798 8485 14177 14866 20000|0.001 0.46551855175146706 -0.10275402166241454 0.0013243485472869132
860 632 777 74 91 729 595 1053 1053 1053 1053 1001 1055 1108|0.001 0.11435952458685339 -0.08564657744613235 0.027887351441719943
766 1355 96 1287 813 1355 1355 1107 938 1355 117 1424 1289 1556|0.001 0.08381977710059996 -0.42843220150064143 -0.04029179725583809
1768 125 1305 1061 1768 1768 1679 1225 1768 153 1444 1275 2031 2500|0.001 0.13874841518049408 -0.12759253723002462 0.06537908366101464
1155 1667 943 1230 1362 1667 1667 1583 144 1667 118 1915 2005 1374|0.001 -0.011308336668927055 -0.11192517699215032 0.03406030043614949
1287 1107 813 766 96 117 938 1355 1355 1355 1355 1630 977 1358|0.001 0.08576337203111795 -0.1290455942807256 -0.07746116342354892
1000 1000 1000 87 87 71 71 900 950 900 950 1414 953 1002|0.001 0.08550185726878823 -0.09732338987387013 0.001738148471641665
10392 1000 11547 11547 10970 10970 11547 816 10392 816 11547 11000 11576 15111|0.001 0.13887309950953108 -0.033161642402299574 -0.0557981754795156
71 950 87 1000 1000 900 900 1000 71 950 87 1002 1414 951|0.001 0.015078972372932764 -0.1395176923140129 0.04885987002853476
1000 1000 1000 87 71 71 87 950 900 950 900 1414 1002 951|0.001 0.0029338004494317005 -0.120230175812438 0.014336550912665835
10970 816 11547 11547 10392 10392 11547 1000 10970 816 11547 11576 11000 15111|0.001 -0.0008674312569711962 -0.12403222392674329 0.032071757732619055
87 900 87 1000 1000 950 950 1000 71 900 71 953 1414 1002|0.001 0.006686468749776964 -0.15990370726203795 0.04523328710169139
1000 1000 1000 71 71 87 87 900 950 900 950 1414 951 953|0.001 0.015255605215098722 -0.14627272936413416 0.05478761831178236
87 950 71 1000 1000 900 900 1000 87 950 71 953 1414 953|0.001 0.13795051810653547 -0.0006806124178548867 -0.029496086846142466
12728 1000 14142 14142 13435 13435 14142 1225 12728 1225 14142 13454 13472 18507|0.001 0.11636104490018617 -0.01589618327112574 -0.03830250409750824
1000 1000 1000 71 87 87 71 950 900 950 900 1414 953 953|0.001 0.013963966314429754 -0.10496445571193114 0.006408262897439343
71 900 71 1000 1000 950 950 1000 87 900 87 951 1414 953|0.001 0.09722907879857523 -0.06509876684401728 -0.004327251826886647
13435 1225 14142 14142 12728 12728 14142 1000 13435 1225 14142 13472 13454 18507|0.001 0.06662814003485451 -0.05041246777456654 -0.01081036864396756
11547 816 10970 10392 11547 11547 10392 1000 11547 816 10970 11000 11000 16330|0.001 0.14050400078983616 0.01838672541710773 -0.02607204123373008
96 1111 96 1056 1056 1111 1111 1000 79 1111 79 1058 1454 1058|0.001 0.08613960323030412 -0.07507190847916512 0.0054164170322046346
947 1000 947 91 74 74 91 1053 1053 1053 1053 1378 1003 1001|0.001 -0.014648929678072742 -0.1429169011673137 0.034717403648745204
11547 1000 10392 10970 11547 11547 10970 816 11547 816 10392 11000 11000 16330|0.001 0.016188387406645965 -0.12976019132307504 0.003872668305242577
74 1053 91 947 947 1053 1053 1000 74 1053 91 1003 1378 1001|0.001 0.09677164432888796 -0.07096606397958394 0.016411398988436243
1056 1000 1056 96 96 79 79 1111 1111 1111 1111 1454 1058 1058|0.001 0.052011599012486975 -0.1002625668204471 -0.005048237705304048
14142 1225 13435 12728 14142 14142 12728 1000 14142 1225 13435 14177 13454 20000|0.001 0.06104642787016612 -0.06986373520091349 -0.011037373295603725
947 1000 947 74 91 91 74 1053 1053 1053 1053 1378 1055 1003|0.001 0.02978352157311237 -0.13227695816706908 0.043162712564868144
79 1111 79 1056 1056 1111 1111 1000 96 1111 96 1057 1454 1114|0.001 0.03783212600403818 -0.12862349123137773 0.03552115000420297
14142 1000 12728 13435 14142 14142 13435 1225 14142 1225 12728 13454 14177 20000|0.001 0.06657861900500217 -0.11241832540340835 0.031033359652852255
91 1053 74 947 947 1053 1053 1000 91 1053 74 1055 1378 1003|0.001 0.07122822331067091 -0.0747398074891481 -0.025673896361776416
1056 1000 1056 79 79 96 96 1111 1111 1111 1111 1454 1057 1114|0.001 0.12738161117486602 -0.07457393316164018 -0.01982313535088598
1000 1000 1000 566 71 87 693 738 950 817 600 1414 1051 953|0.001 0.09068723066829154 -0.08028189288624366 -0.07879910797510714
693 600 566 1000 1000 817 738 1000 87 950 71 825 1414 1052|0.001 0.11865749878452236 -0.08352704785198672 0.011690156480705927
1305 125 1768 1768 1061 1679 1768 1225 1444 153 1768 1858 1458 2127|0.001 0.15231904243918182 -0.11133745057243405 -0.03565918839436577
1000 1000 1000 71 87 693 566 950 817 600 738 1414 953 825|0.001 0.07502112421838847 -0.08667380741258612 0.019965703224364972
566 738 71 1000 1000 600 950 1000 693 817 87 721 1414 825|0.001 0.08904566285807602 -0.33126865729170785 -0.026384077187624477
13435 1225 14142 14142 10440 11554 14142 8000 8485 9798 14142 13472 10198 13454|0.001 0.6831844793960373 -0.1054369699493829 0.013676742774453299
11547 816 10970 9434 11547 11547 8524 8000 11547 6532 6928 11000 12152 16330|0.001 0.5084327193758198 -0.13501607680109662 0.02706579229809991
848 1224 106 1163 734 1224 1224 904 692 1224 87 1288 1473 1009|0.001 0.05366656002832704 -0.6523778752741494 -0.02927198581896162
777 632 860 91 74 595 729 1053 1053 1053 1053 1266 1003 1107|0.001 0.12463155250375335 -0.09843105302506316 0.004974970053077676
1443 125 1179 866 1443 1443 1371 816 1443 102 1066 1190 1190 2041|0.001 0.11178786894870729 -0.038236986460603584 0.018541000013589937
943 1667 1155 1362 1230 1667 1667 1583 118 1667 144 1374 1586 1202|0.001 0.06649646908465368 -0.0789737049405792 -0.004127424594740914
1163 904 734 848 106 87 692 1224 1224 1224 1224 1164 1009 1166|0.001 0.08702872732810452 -0.12495560916232273 -0.07918888604995233
3000 1000 3000 566 1061 1061 566 738 3000 738 3000 3162 791 3182|0.001 0.05955236352057858 -0.12714323159730978 0.09640428002162471
1305 1875 1768 5303 5303 5303 5303 1000 1305 1875 1768 1398 5397 5462|0.001 0.15186703081684128 -0.006871697969313972 -0.025636475232871936
189 1000 189 333 333 246 246 1000 354 1000 354 1018 1054 264|0.001 0.017214544050783154 -0.1397293198026084 0.05172894344403822
333 1000 333 354 354 189 189 1000 246 1000 246 1054 1061 485|0.001 0.11300367091479968 -0.07283328523093768 -0.017604290774291265
2828 1000 2828 943 696 696 943 533 2828 533 2828 3000 1373 2913|0.001 0.03813720303519119 -0.08299617980832008 0.022551009375364472
566 738 1061 3000 3000 3000 3000 1000 566 738 1061 1456 3162 3053|0.001 0.02938178700925942 -0.0380132762843044 0.005966714557679165
3000 1000 3000 1061 566 566 1061 738 3000 738 3000 3162 1456 3053|0.001 0.07890923793499871 -0.08294833181095806 -0.03764010048063482
354 1000 354 333 333 246 246 1000 189 1000 189 1061 1054 485|0.001 0.0914856931972663 -0.08262098908591309 -0.01977916086555731
696 533 943 2828 2828 2828 2828 1000 696 533 943 1373 3000 2913|0.001 0.15742225967630086 -0.020017541256611704 -0.06435447481463075
333 1000 333 189 189 354 354 1000 246 1000 246 1054 1018 264|0.001 0.1330686690841132 -0.046015039208539 -0.01263550249328338
1061 738 566 3000 3000 3000 3000 1000 1061 738 566 791 3162 3182|0.001 0.13712960650185346 -0.07351026699275232 -0.02796929675737303
5303 1000 5303 1768 1305 1305 1768 1875 5303 1875 5303 5397 1398 5462|0.001 0.16297455497913838 -0.09384276792444357 0.027186499112008544
5303 1000 5303 1305 1768 1768 1305 1875 5303 1875 5303 5397 2574 5590|0.001 0.20164845324770253 -0.020091055698786553 -0.02234828366017405
1437 1355 766 4064 4064 4064 4064 1000 1437 1355 766 1972 4185 4310|0.001 0.07332948678831608 -0.09016950848588556 -0.009885331978569667
246 1000 246 189 189 354 354 1000 333 1000 333 1030 1018 485|0.001 0.09008288609990478 -0.08194986566089857 0.025767291894660538
943 533 696 2828 2828 2828 2828 1000 943 533 696 745 3000 2981|0.001 0.13646585781210474 -0.05800707592738319 -0.035682270180826814
354 1000 354 246 246 333 333 1000 189 1000 189 1061 1030 264|0.001 0.17986921489410612 0.007658406707362619 -0.05293240108804609
4064 1000 4064 1437 766 766 1437 1355 4064 1355 4064 4185 1071 4135|0.001 0.1427882615795606 -0.01868834175258627 -0.09161635911234423
2828 1000 2828 696 943 943 696 533 2828 533 2828 3000 745 2981|0.001 0.07659402558722883 0.0038101125102807387 -0.020127533561909994
246 1000 246 354 354 189 189 1000 333 1000 333 1030 1061 264|0.001 0.11110216521040828 -0.07060062681616408 -0.02581651752092462
766 1355 1437 4064 4064 4064 4064 1000 766 1355 1437 1071 4185 4135|0.001 -0.009029989581440523 -0.06714151684502845 0.027430225479438963
1768 1875 1305 5303 5303 5303 5303 1000 1768 1875 1305 2574 5397 5590|0.001 0.03236238486397314 -0.05255505733512522 -0.006019250128845854
189 1000 189 246 246 333 333 1000 354 1000 354 1018 1030 485|0.001 0.09559996849905161 -0.017612069036108124 -0.030656898203806904
4064 1000 4064 766 1437 1437 766 1355 4064 1355 4064 4185 1972 4310|0.001 0.0005398298585079786 -0.08659761427401214 0.06906404097918095
1000 1000 1000 566 71 566 1061 738 1116 738 1116 1414 1051 1149|0.001 0.08790535610313732 -0.09401428282869051 -0.07770564156936333
1305 125 1768 1768 1972 1972 1768 1875 1305 1000 1768 1858 2577 2500|0.001 0.20021239895122722 -0.047155644323249035 -0.02224356186470544
1061 1116 566 1000 1000 738 738 1000 566 1116 71 1458 1414 1456|0.001 0.06021501030143206 -0.16536836173633884 -0.002329018833086005
1000 1000 1000 71 566 1061 566 1116 738 1116 738 1414 1149 791|0.001 0.05584947796063666 -0.10090389324354798 0.5809345996408966
15780 8000 14142 14142 10440 10440 14142 8000 15780 15000 14142 16248 10198 17776|0.001 0.9013977910640381 -0.004197375541692416 -0.023663606352581912
566 738 71 1000 1000 1116 1116 1000 1061 738 566 721 1414 1458|0.001 0.03383492329569693 -0.8355871909924328 0.03286517437353975
1000 1000 1000 1061 566 71 566 1116 738 1116 738 1414 1149 1051|0.001 0.10321611792772467 -0.02323329620192438 -0.06850987717223034
566 738 1061 1000 1000 1116 1116 1000 71 738 566 1456 1414 1002|0.001 0.03058592697647411 -0.06038709544893828 0.027275019419512603
1052 533 943 943 696 696 943 533 1052 67 943 1083 1373 1185|0.001 0.09335483894702401 -0.0856563554784584 -0.02282331270153093
14142 8000 10440 15780 14142 14142 15780 8000 14142 15000 10440 14866 14177 20000|0.001 0.6471828879936647 -0.020648173832870098 -0.027661721275561435
507 896 63 662 662 896 896 1000 951 896 507 898 1127 1305|0.001 0.027887589592123785 -0.6691691487746398 -0.002562184204121243
1511 1000 1511 96 766 1437 766 1355 1355 1355 1355 1703 1424 1556|0.001 0.015985751218867694 -0.11444401215466748 0.4503355538813447
1768 125 1972 1305 1768 1768 1305 1875 1768 1000 1972 2031 2574 2500|0.001 0.18543927808711613 -0.08350011543733937 -0.023603850906641632
662 1000 662 507 63 507 951 896 896 896 896 1267 1030 942|0.001 0.08912183329113477 -0.09265235031436725 -0.0790533613215072
1437 1355 766 1511 1511 1355 1355 1000 766 1355 96 1972 1916 1975|0.001 0.10236488061517113 -0.11808103641003154 0.0057122362459161025
943 533 696 1052 943 943 1052 533 943 67 696 745 1374 1333|0.001 0.0717435998692495 -0.09246450694318731 -0.001153585329605189
507 896 951 662 662 896 896 1000 63 896 507 1306 1127 646|0.001 0.03892812255998024 -0.05596121413581567 0.009168955198397555
1511 1000 1511 1437 766 96 766 1355 1355 1355 1355 1703 1071 1556|0.001 0.11812712188521424 -0.022856124949343082 -0.07496032785842766
1000 1000 1000 71 566 1061 566 738 1116 738 1116 1414 721 1458|0.001 0.03256119844971428 -0.09362573826629195 0.5649250469013478
10440 8000 14142 14142 15780 15780 14142 8000 10440 15000 14142 10198 16248 17776|0.001 0.5705996226216103 -0.03850552642908678 -0.004906713083563385
566 1116 71 1000 1000 738 738 1000 1061 1116 566 1149 1414 791|0.001 0.02939486307390826 -0.5672650267681778 0.009203971844045089
1000 1000 1000 1061 566 71 566 738 1116 738 1116 1414 1456 1002|0.001 0.0936148054795316 -0.06688945588555262 -0.05855621310854486
566 1116 1061 1000 1000 738 738 1000 71 1116 566 1149 1414 1051|0.001 0.012333255372856122 -0.0632630602416373 0.023025890245964575
696 533 943 943 1052 1052 943 533 696 67 943 1373 1083 1185|0.001 0.08409652955662095 -0.04496449214167031 -0.026028108981854814
1000 1000 1000 566 71 566 1061 1116 738 1116 738 1414 1002 721|0.001 0.09411206200729438 -0.08285411361626749 -0.07937374183628054
1061 738 566 1000 1000 1116 1116 1000 566 738 71 791 1414 1149|0.001 0.01245977492273953 -0.1825124941605183 0.014495711688091717
1972 125 1768 1768 1305 1305 1768 1875 1972 1000 1768 1772 1398 2500|0.001 0.22117399907112256 -0.034198708427399804 -0.03051768785559905
14142 8000 15780 10440 14142 14142 10440 8000 14142 15000 15780 14177 14866 20000|0.001 0.6126550186952628 -0.011918630869395264 -0.021253121059336966
766 1355 96 1511 1511 1355 1355 1000 1437 1355 766 1424 1703 1556|0.001 0.010572321584609856 -0.6096648796543336 0.01316861018577642
662 1000 662 63 507 951 507 896 896 896 896 1127 898 1305|0.001 0.07086507056077052 -0.11302042785837463 0.6121451698440827
1768 125 1305 1972 1768 1768 1972 1875 1768 1000 1305 1275 2031 2500|0.001 0.18077038951453073 -0.0015602831093708414 -0.026079268612365647
951 896 507 662 662 896 896 1000 507 896 63 1030 1267 709|0.001 0.02136208357211178 -0.15938722341524603 0.025929465483938152
1511 1000 1511 766 96 766 1437 1355 1355 1355 1355 1916 977 1358|0.001 0.08510268815816291 -0.09469796915706263 -0.07702249220152058
943 533 1052 696 943 943 696 533 943 67 1052 1374 745 1333|0.001 0.10058708149634166 -0.04528275328841924 -0.04204675245908174
662 1000 662 951 507 63 507 896 896 896 896 1127 1306 646|0.001 0.12089429249290795 -0.05417041542176371 -0.07631615842912165
766 1355 1437 1511 1511 1355 1355 1000 96 1355 766 1071 1703 1556|0.001 0.02872980714641704 -0.0647791030742062 -0.006282209274174333
947 1000 947 860 1175 1175 860 2737 211 2737 211 1378 2118 1257|0.001 0.21346986865501627 -0.10105591438743677 0.032992679523931034
3182 1366 1163 1102 245 245 1102 1000 3182 1366 1163 2462 1127 3192|0.001 0.08385354929308475 -0.19227694405601237 -0.07013147242954543
908 222 908 1056 1056 2889 2889 1000 1240 222 1240 1023 1454 2235|0.001 0.1163147231282724 -0.07026395467602087 0.016000655802885788
947 1000 947 1175 860 860 1175 2737 211 2737 211 1378 1763 969|0.001 0.26229146497953604 -0.08853311792335172 0.022165805170237807
1240 222 1240 1056 1056 2889 2889 1000 908 222 908 1326 1454 1861|0.001 0.12344363151613802 -0.07491968053042752 0.028898722278152267
2330 732 851 807 179 179 807 1000 2330 732 851 1501 1070 2337|0.001 0.07363305282611421 -0.20287145315122768 -0.062952957202419
1102 1000 245 3182 1163 1163 3182 1366 1102 1366 245 1127 2050 1602|0.001 0.048980144613453014 -0.3865802364688986 -0.03838187930619408
429 365 314 77 77 346 346 1000 429 365 314 644 1003 459|0.001 0.1220027558680159 -0.07404161640115814 0.026421836413323962
13000 1000 13000 4085 4085 5579 5579 4500 4750 4500 4750 13038 4603 8374|0.001 0.39546268023212594 -0.07469851720637855 0.012193981137844645
807 1000 179 2330 851 851 2330 732 807 732 179 1070 1803 1173|0.001 0.087221514493101 -0.2646878269731967 -0.06958079630590364
314 365 429 77 77 346 346 1000 314 365 429 774 1003 354|0.001 0.12593951620892607 -0.07677293446099687 0.012903139362017146
13000 1000 13000 5579 5579 4085 4085 4500 4750 4500 4750 13038 5969 10059|0.001 0.3647408382097672 -0.07863031696223044 -0.001295826740242978
1163 904 734 1000 1000 1366 1366 1000 3182 904 2754 1164 1731 2462|0.001 0.06690478477238138 -0.1819752504366945 0.029390789792420602
1000 1000 1000 734 2754 3182 1163 1366 904 1366 904 1731 2050 2898|0.001 0.008264305108853787 -0.12608941079917613 0.25688403891777956
1860 3750 1362 1362 1230 1230 1362 1583 1860 4333 1362 2791 1586 2357|0.001 0.12586430543636062 -0.02849942965069574 -0.02859486072073092
777 632 860 860 1175 1175 860 2737 777 2368 860 1266 2118 1323|0.001 0.29111803195141395 0.011752370113158328 -0.046960152621385864
3182 1366 1163 1000 1000 904 904 1000 2754 1366 734 2462 1002 3308|0.001 0.0920013609359116 -0.05840578969128596 -0.023013394748375715
1000 1000 1000 1163 734 2754 3182 904 1366 904 1366 1002 1473 2050|0.001 0.06088425606221248 -0.1119150546232206 -0.021626429177017403
813 1107 1287 1511 1511 1107 1107 1000 3048 1107 3522 1289 1703 1821|0.001 0.04513274206504603 -0.05732540149777865 0.011383172397763097
860 2737 1175 777 860 860 777 632 860 2368 1175 1763 1001 862|0.001 0.0838477085084155 -0.0061212867080817635 -0.015760180104680277
1362 1583 1230 1860 1362 1362 1860 3750 1362 4333 1230 2005 2241 2357|0.001 0.11998397201306688 -0.046360877051130345 -0.0018885451576444723
1511 1000 1511 813 1287 3522 3048 1107 1107 1107 1107 1916 1630 2269|0.001 0.11858500894450286 -0.06962148979162142 0.06751104390971596
2016 732 538 662 662 732 732 1000 2330 732 851 1205 1267 2422|0.001 0.03150977599541527 -0.24291742018886064 0.010920860386154363
734 1366 2754 1000 1000 904 904 1000 1163 1366 3182 1646 1002 1164|0.001 -0.01937735773742455 -0.042193048559107105 0.025893516575543618
328 1156 363 363 496 496 363 267 328 422 363 1052 598 559|0.001 0.04369021986734056 -0.02528494498567402 -0.02596195834069337
1000 1000 1000 3182 1163 734 2754 1366 904 1366 904 1731 2050 1473|0.001 0.10026495377992495 -0.07705965307242546 -0.0679302070827481
429 365 314 314 284 284 314 865 429 231 314 644 1040 544|0.001 0.11552881024249784 -0.04689438504950516 -0.04021867991022221
2754 904 3182 1000 1000 1366 1366 1000 734 904 1163 3308 1731 1646|0.001 0.09489649966920588 -0.040570012908731634 0.007006986772666313
851 732 2330 662 662 732 732 1000 538 732 2016 1803 1267 853|0.001 0.004925544154039674 -0.054170258160793905 0.02976383920587411
314 865 284 429 314 314 429 365 314 231 284 911 774 544|0.001 0.08467966434619001 -0.030103251446930157 -0.04814753870579169
1511 1000 1511 3522 3048 813 1287 1107 1107 1107 1107 1916 3208 2269|0.001 0.15419677036842439 -0.014228829495345208 -0.07020640853947935
662 1000 662 2016 538 851 2330 732 732 732 732 1127 1501 1078|0.001 0.10842833201520241 -0.0510064311527747 -0.09023428889735396
363 267 496 328 363 363 328 1156 363 422 496 744 1201 364|0.001 0.15771462409020387 -0.029745928255151544 0.0009523041088321804
3522 1107 3048 1511 1511 1107 1107 1000 1287 1107 813 3661 1703 2725|0.001 0.1037623994093817 -0.09889872979041314 -0.007005050185618922
734 904 1163 1000 1000 1366 1366 1000 2754 904 3182 1473 1002 2050|0.001 0.07714564986723182 -0.049852973860977645 -0.007510825294512191
1175 2737 860 860 777 777 860 632 1175 2368 860 2118 1266 1323|0.001 0.07170571922195723 -0.012516419493924236 -0.007126701013412395
1230 1583 1362 1362 1860 1860 1362 3750 1230 4333 1362 1586 2791 2357|0.001 0.2915888533841482 -0.07830567313299786 0.010786517210163993
2754 1366 734 1000 1000 904 904 1000 3182 1366 1163 2050 1731 2898|0.001 0.028073552347978037 -0.4836996952594774 0.042305066921866086
1000 1000 1000 734 1163 3182 2754 904 1366 904 1366 1731 1164 2462|0.001 0.12732971070197996 -0.05296682857613977 0.06638635767798329
1287 1107 813 1511 1511 1107 1107 1000 3522 1107 3048 1630 1916 2269|0.001 0.07535952301684468 -0.17428802503703822 0.022965756188753073
1362 3750 1860 1230 1362 1362 1230 1583 1362 4333 1860 2241 2005 2357|0.001 0.1690041855662039 -0.014820559039755432 -0.02326666590312887
662 1000 662 538 2016 2330 851 732 732 732 732 1267 1205 2422|0.001 0.01732904027623272 -0.13512398377577228 0.24770031946655058
860 632 777 1175 860 860 1175 2737 860 2368 777 1001 1763 862|0.001 0.12050431394118322 -0.12147004366987235 -0.014319168445504626
1511 1000 1511 1287 813 3048 3522 1107 1107 1107 1107 1703 1289 1821|0.001 0.06602738579815082 -0.11216912780316557 -0.003388284155712018
2330 732 851 662 662 732 732 1000 2016 732 538 1501 1127 2122|0.001 0.09345760132327907 -0.20015328585371583 -0.02730632767355634
1163 1366 3182 1000 1000 904 904 1000 734 1366 2754 2050 1731 1473|0.001 0.006563851762637629 -0.053935031929794874 0.027943846852322984
1000 1000 1000 3182 2754 734 1163 904 1366 904 1366 1731 3308 1646|0.001 0.15145966041139491 -0.00984434438225601 -0.0676076555699201
284 865 314 314 429 429 314 365 284 231 314 1040 644 544|0.001 0.055159785107712356 -0.07076015593798668 -0.017441564260700648
1000 1000 1000 2754 734 1163 3182 1366 904 1366 904 1002 1646 1164|0.001 0.08793150785339376 -0.07542118117975338 -0.06314690315519011
496 267 363 363 328 328 363 1156 496 422 363 598 1052 559|0.001 0.15320119945859467 -0.0869035710808963 -0.006244216010514725
3182 904 2754 1000 1000 1366 1366 1000 1163 904 734 2898 1002 2050|0.001 0.11839471073046504 -0.06296806773295804 -0.016843675906970113
538 732 2016 662 662 732 732 1000 851 732 2330 1501 1127 1078|0.001 -0.0010969062085641745 -0.03510488541732859 0.018483666654180997
363 1156 328 496 363 363 496 267 363 422 328 1201 744 364|0.001 0.023950587151211344 -0.057280849844674186 -0.01481770346366873
662 1000 662 2330 851 538 2016 732 732 732 732 1267 1803 853|0.001 0.08660244578195364 -0.05695338830975172 -0.0598940483566579
314 365 429 284 314 314 284 865 314 231 429 774 911 544|0.001 0.10383862254915055 -0.06107772533881395 -0.021577536097232564
3048 1107 3522 1511 1511 1107 1107 1000 813 1107 1287 3208 1916 2269|0.001 0.030242215748408352 -0.0675986222881797 -0.00017078659524494277
573 533 333 433 433 231 231 500 428 267 272 629 829 772|0.001 0.050172475902718894 -0.08678154373209401 0.018761105894975483
1155 1000 2309 770 629 988 1324 533 616 533 1232 1915 1162 666|0.001 0.007594779231407944 -0.05055689283077314 0.00201721904754093
693 817 1299 3000 1600 800 1500 1720 693 1284 1299 1510 1887 1327|0.001 0.06730893808002403 -0.06281649665923372 -0.030981496573506684
930 581 1744 755 403 403 755 746 465 475 872 1838 1346 771|0.001 0.06439113245883421 -0.05484497085137097 -0.02777797691207562
988 533 1324 2309 1155 616 1232 1000 629 533 770 1782 1915 1533|0.001 0.10903483434878014 -0.0878154168118539 -0.045543750142378325
433 500 433 573 333 272 428 533 231 267 231 829 1054 503|0.001 0.09373536866467358 -0.06687019093542301 -0.025375544724908217
625 1875 1075 433 433 812 812 500 511 938 802 1179 829 681|0.001 0.013078754988600227 -0.05541440089856353 -0.00946301475814093
1155 1000 2309 2483 1853 1179 1443 1875 2165 1875 4330 1915 1477 1248|0.001 0.016076578397075103 -0.07217933296899903 0.034686091336653124
3000 1720 1600 693 1299 1299 693 817 1500 1284 800 3162 1090 2487|0.001 0.13880252510850344 -0.013038788653295663 0.07414930450814872
433 500 433 625 1075 802 511 1875 812 938 812 829 1976 640|0.001 0.1657288989815564 -0.07721000018386492 -0.007550446904359687
1179 1875 1443 2309 1155 2165 4330 1000 1853 1875 2483 1573 1915 2875|0.001 -0.002073222968360655 -0.0942623922631769 -0.03657278695721189
866 2000 866 545 856 1147 667 533 462 1067 462 1658 576 682|0.001 -0.04123579479946571 -0.0928962011345813 -0.016734721162587896
979 1571 1836 1590 848 848 1590 1224 1958 2106 3672 1058 1334 1624|0.001 0.05339846756625466 -0.058644736936330766 -0.021497468255271546
2309 1000 1155 988 1324 770 629 533 1232 533 616 1915 788 2434|0.001 0.03913884062440198 -0.14305320034214586 0.006803692030259434
540 1340 1012 1169 623 1247 2337 637 540 779 1012 797 1552 1034|0.001 0.061327537021171885 -0.049550517456836696 -0.03282240980730822
545 533 856 866 866 462 462 2000 667 1067 1147 1328 1658 726|0.001 0.20469930087828603 -0.036624966728473485 -0.036344481767958126
2483 1875 1853 1155 2309 4330 2165 1000 1443 1875 1179 3342 1915 2723|0.001 0.05923653390356609 -0.05792646972458737 0.10830699008884448
1169 637 623 540 1012 1012 540 1340 2337 779 1247 674 1804 1938|0.001 0.054885932065633636 -0.07669243372200318 0.0530069340891659
866 2000 866 1604 1021 1250 2151 1875 1624 3750 1624 1658 1081 1887|0.001 0.09515290909609897 -0.0632780362576002 -0.01761862241119294
2309 1000 1155 1179 1443 2483 1853 1875 4330 1875 2165 1915 2179 4564|0.001 0.04865871689503143 -0.14996487020661586 0.012214557722778352
1590 1224 848 979 1836 3672 1958 1571 1590 2106 848 1848 2438 3045|0.001 0.060512212762657835 -0.20570918402641136 0.0840875512615824
1604 1875 1021 866 866 1624 1624 2000 2151 3750 1250 2490 1658 2894|0.001 0.05223497090031115 -0.08556833176638134 0.012231166794840487
2540 1000 2540 2834 3071 3071 2834 1875 7619 1875 7619 2730 3592 5365|0.001 0.011461835316006752 -0.12497447818410445 0.026224171034201493
662 1084 353 896 2689 2689 896 1000 662 1084 353 1267 1847 2769|0.001 0.06826143926665473 -0.15462774074435526 0.207509313824481
1116 3000 1116 394 394 738 738 1000 1209 3000 1209 2060 1075 1414|0.001 -0.00347816797172662 -0.0578083662025064 0.0006820060546575135
394 1000 394 1209 1209 1116 1116 3000 738 3000 738 1075 2112 1135|0.001 0.08597360777836904 -0.12976032464511178 -0.00036205646707032635
2481 1000 827 326 611 611 326 923 2481 923 827 1747 939 2555|0.001 0.07690578790509717 -0.17037216624056217 0.10431307305996285
2834 1875 3071 2540 2540 7619 7619 1000 2834 1875 3071 2882 2730 5233|0.001 -0.011899974622880949 -0.09355927460916957 -0.007611754674093918
2540 1000 2540 3071 2834 2834 3071 1875 7619 1875 7619 2730 2882 5233|0.001 0.17319380730671075 -0.05551746384735656 -0.008710520148063061
1209 3000 1209 394 394 738 738 1000 1116 3000 1116 2112 1075 1135|0.001 0.013996593650669187 -0.055003463078007186 0.00933497396563121
611 923 326 827 2481 2481 827 1000 611 923 326 939 1747 2555|0.001 0.06502358061385216 -0.2070445901271034 0.1600452317303125
394 1000 394 1116 1116 1209 1209 3000 738 3000 738 1075 2060 1414|0.001 0.13473217937487236 -0.15646823822586753 0.029108293338941937
3071 1875 2834 2540 2540 7619 7619 1000 3071 1875 2834 3592 2730 5365|0.001 0.02021355562266125 -0.08373103383089053 0.017360952129161777
2689 1000 896 353 662 662 353 1084 2689 1084 896 1847 1267 2769|0.001 0.06485490547686101 -0.2547222414167949 0.1142832684231232
896 1000 2689 662 353 353 662 1084 896 1084 2689 1847 1017 963|0.001 0.0628395129769177 -0.036802194150602485 -0.030960030213291745
1638 533 1511 4064 4064 1355 1355 1000 1638 533 1511 1537 4185 2861|0.001 0.1344039259535501 -0.06322178754840202 -0.013939988646359813
246 1000 246 372 372 403 403 333 131 333 131 1030 687 378|0.001 0.038641850572394 -0.04169274020306091 -0.0013150415221374612
326 923 611 2481 827 827 2481 1000 326 923 611 1170 1747 889|0.001 0.09188858251209187 -0.04646772085659334 -0.054750275503523405
403 333 403 246 246 131 131 1000 372 333 372 704 1030 471|0.001 0.13198641542165657 -0.042655777423269425 -0.038686234292663046
4064 1000 4064 1638 1511 1511 1638 533 1355 533 1355 4185 1916 2791|0.001 0.008707561661662755 -0.07974442872252463 0.009249672107329854
827 1000 2481 611 326 326 611 923 827 923 2481 1747 1170 889|0.001 0.045608794772933337 -0.04458895004863739 -0.022199796784346804
246 1000 246 403 403 372 372 333 131 333 131 1030 704 471|0.001 0.020883363802706167 -0.09792094968278042 -0.013546960552671683
1511 533 1638 4064 4064 1355 1355 1000 1511 533 1638 1916 4185 2791|0.001 0.13864676666506925 -0.09309660713412882 -0.014861706470150615
353 1084 662 2689 896 896 2689 1000 353 1084 662 1017 1847 963|0.001 0.11578399584314614 -0.023592783120831573 -0.08519357099554647
372 333 372 246 246 131 131 1000 403 333 403 687 1030 378|0.001 0.14115999182182648 -0.07126400156973078 0.008596238144837898
4064 1000 4064 1511 1638 1638 1511 533 1355 533 1355 4185 1537 2861|0.001 0.04940451130684975 -0.07676029929335249 -0.02598989761603665
625 1000 625 433 433 354 354 500 375 500 375 1179 829 718|0.001 -0.008611416907791103 -0.1170827037087574 0.026117582774460857
1155 1000 2309 1443 866 866 1443 816 1155 816 2309 1915 1658 1443|0.001 0.049205748013019246 -0.056122081319611716 -0.01893112690523946
566 600 693 1600 1600 800 800 1000 566 600 693 1149 1887 1265|0.001 0.1025493761228291 -0.011625541546387286 -0.011322359868916054
1600 1000 1600 693 566 566 693 600 800 600 800 1887 1149 1265|0.001 0.05131512413573347 -0.07304286116693537 -0.010382441024616718
866 816 1443 2309 1155 1155 2309 1000 866 816 1443 1658 1915 1443|0.001 0.09569014022558608 -0.041563162284325994 -0.04119032452201132
433 500 433 625 625 375 375 1000 354 500 354 829 1179 718|0.001 0.13289179668194206 -0.0008768269630454739 -0.03262369122960185
625 1000 625 354 354 433 433 500 375 500 375 1179 791 515|0.001 0.09044553768535968 -0.027808093227057462 -0.04041297649015174
693 600 566 1600 1600 800 800 1000 693 600 566 825 1887 1327|0.001 0.08999403587362842 -0.11945767787917227 0.0007551343209066808
1414 1000 2828 1768 1061 1061 1768 1225 1414 1225 2828 2236 1458 1768|0.001 0.08767763610675772 -0.040034576942605815 -0.04990817791071911
1600 1000 1600 566 693 693 566 600 800 600 800 1887 825 1327|0.001 -0.006562657359044932 -0.12367667386537606 0.03776859607278027
354 500 354 625 625 375 375 1000 433 500 433 791 1179 515|0.001 0.11573693852616307 -0.0062852002027635745 -0.03643442903915162
1061 1225 1768 2828 1414 1414 2828 1000 1061 1225 1768 1458 2236 1768|0.001 0.14142532281211206 -0.017550248106111832 -0.07925513502737735
1443 816 866 1155 2309 2309 1155 1000 1443 816 866 1190 1915 2723|0.001 0.07603018846042975 -0.15931135627195725 0.08261832846429451
866 2000 866 750 750 1250 1250 1000 707 2000 707 1658 1250 1031|0.001 -0.01339399033114863 -0.06883725696276932 0.013940849973146374
1333 1000 1333 1155 943 943 1155 1667 2667 1667 2667 1667 1374 2108|0.001 0.07530875683413152 -0.13254883235264026 0.03240447747347108
2309 1000 1155 866 1443 1443 866 816 2309 816 1155 1915 1190 2723|0.001 0.05010828598650763 -0.20462881352851792 0.09640007283096219
943 1667 1155 1333 1333 2667 2667 1000 943 1667 1155 1374 1667 2108|0.001 -0.0319353680614598 -0.10474877111737335 0.029013123052341605
750 1000 750 866 866 707 707 2000 1250 2000 1250 1250 1658 1031|0.001 0.09789111521962601 -0.0796744384243786 0.01650904134498754
1768 1225 1061 1414 2828 2828 1414 1000 1768 1225 1061 2031 2236 3335|0.001 0.05302804498735769 -0.12412843341916835 0.10420914032041262
1333 1000 1333 943 1155 1155 943 1667 2667 1667 2667 1667 1915 2211|0.001 0.15503648491075772 -0.05084292643228738 -0.02111191272257118
707 2000 707 750 750 1250 1250 1000 866 2000 866 1581 1250 1436|0.001 0.05621890456014356 -0.05020177889116462 0.003126779431685822
2828 1000 1414 1061 1768 1768 1061 1225 2828 1225 1414 2236 2031 3335|0.001 0.029134394800025554 -0.2372649870501664 0.07921998851148526
1155 1667 943 1333 1333 2667 2667 1000 1155 1667 943 1915 1667 2211|0.001 0.011537195835358283 -0.1030937416953881 0.00791227382893167
750 1000 750 707 707 866 866 2000 1250 2000 1250 1250 1581 1436|0.001 0.14391971348930221 -0.04074562147550864 -0.005883028316772121
1744 1000 581 403 755 616 329 746 1308 867 349 1419 595 1849|0.001 0.10421551781974348 -0.22738317902234462 0.0848719638946327
1853 1875 2483 1443 866 3248 4330 816 2153 1531 2483 1477 1658 2808|0.001 0.013615581810697552 -0.08142345966597464 -0.013857909149939118
566 600 693 1720 1720 1492 1284 3000 1061 2250 1299 1149 2441 1409|0.001 0.29678113808149 -0.07491617958416574 -0.006081673882054606
573 333 573 433 354 189 231 750 497 200 428 814 1061 699|0.001 0.07241890402408524 -0.028719056848355295 -0.021996802758635914
1732 816 2309 1324 988 1148 1324 533 462 435 770 2449 1782 1285|0.001 0.0019267176179904588 -0.08267807817236017 0.021831859972418766
403 746 755 1744 581 349 1308 1000 329 867 616 1346 1419 668|0.001 0.099731404527581 -0.04148845450878902 -0.06879897182003325
581 1000 1744 616 329 403 755 867 349 746 1308 1419 1219 479|0.001 0.044272391996285076 -0.04312401933265542 -0.022288496344964326
433 750 354 573 573 428 497 333 231 200 189 829 814 772|0.001 0.05379328525639826 -0.009363487965099448 -0.018641367816575327
1406 533 1622 2828 2121 566 943 1225 1210 653 1622 1978 2345 1834|0.001 0.1130159525812724 -0.05490425271530763 -0.052310684642388194
1720 3000 1720 566 693 1299 1061 600 1284 2250 1492 2441 825 1023|0.001 -0.025705271086458037 -0.050293749140736255 0.006707687706029031
1061 1225 1768 3041 2637 2269 3041 1875 3977 2296 5303 1458 2491 2951|0.001 0.09954920474696038 -0.020723651988665548 -0.00605255418452133
1443 816 866 1853 2483 2483 2153 1875 4330 1531 3248 1190 3342 3524|0.001 0.09919551785309233 -0.11409783484111369 -0.013505881488413696
1012 1340 540 467 1753 2337 779 1162 826 1340 441 1804 1516 1938|0.001 0.009237490596138986 -0.19614584098084142 0.14829453431042694
2486 3750 2139 1155 943 1768 2165 1667 2867 5000 2867 3243 1374 3496|0.001 0.03601820730854799 -0.059036549512846426 -0.0016800377368342279
471 1333 577 570 663 765 765 267 251 444 308 1106 742 626|0.001 0.003406231014848604 -0.08204456952661032 -0.008088884787664785
467 1162 1753 1012 540 441 826 1340 779 1340 2337 1301 797 642|0.001 0.044875805737134566 -0.033748062379751476 -0.025641275145887876
2828 1225 2121 1406 1622 1622 1210 533 943 653 566 3000 1328 2302|0.001 0.06869846788931877 -0.039333838817176 -0.018421079310654287
570 267 663 471 577 308 251 1333 765 444 765 865 1414 455|0.001 0.1894665836199283 -0.03717077301947258 -0.010447574980161356
379 1153 711 1508 402 670 2011 860 464 1153 871 945 1304 770|0.001 0.11385838734431664 -0.02771909201785494 -0.09393267949373563
3041 1875 2637 1061 1768 5303 3977 1225 3041 2296 2269 3708 2031 4316|0.001 -0.053578509916000217 -0.11053703466598841 0.03949881480858286
1155 1667 943 2486 2139 2867 2867 3750 2165 5000 1768 1915 2783 3859|0.001 0.3299444583370281 -0.057556077707865416 -0.002619338482586775
1508 860 402 379 711 871 464 1153 2011 1153 670 1119 1406 2133|0.001 0.07742089996962243 -0.33661264019764436 0.05619341591025506
1075 1875 625 354 354 663 663 500 932 938 697 1976 791 881|0.001 0.00677465159081958 -0.05083850753142882 0.0033257905760830653
1414 1000 2828 1768 1972 2637 3041 1875 2652 1875 5303 2236 2577 3769|0.001 0.002926082032737032 -0.06423073810700175 0.026447086034573353
1744 581 930 329 616 616 329 867 872 649 465 1097 819 1379|0.001 0.051123701970814395 -0.1837224001514215 0.049798788732329236
2637 1875 3041 2828 1414 2652 5303 1000 1972 1875 1768 2491 2236 2035|0.001 0.09588294891101468 -0.043425537662349356 -0.0645908608870327
354 500 354 1075 625 697 932 1875 663 938 663 791 1179 911|0.001 0.15109048061618724 -0.037504817050243444 -0.023375965708483104
333 533 573 354 354 189 189 500 372 267 497 1054 791 383|0.001 0.08519940936575043 -0.09606003062469615 -0.007564763203279368
329 867 616 1744 930 465 872 581 329 649 616 1219 1838 735|0.001 0.07842634012896976 -0.04823109697231209 -0.03152819805702811
1414 1000 2828 1622 1406 1052 943 533 754 533 1508 2236 1978 2010|0.001 0.030156724029226645 -0.05703542398542871 0.011759356096519014
1600 1720 3000 1061 566 566 1061 1116 800 1492 1500 1887 1149 1265|0.001 0.044642862321855326 -0.06943096301306406 -0.014375069932286433
354 500 354 333 573 497 372 533 189 267 189 791 629 699|0.001 0.07776296352393963 -0.09713065728222614 0.005380225611859579
1052 533 943 2828 1414 754 1508 1000 1406 533 1622 1083 2236 1085|0.001 0.1333117297691122 -0.06354381249704888 -0.06895827184032255
1768 1875 1972 1414 2828 5303 2652 1000 3041 1875 2637 2031 2236 5590|0.001 -0.012287728518242114 -0.06200517548966333 0.07177057727900893
707 2000 707 1395 1865 2151 1250 1875 1326 3750 1326 1581 2665 2622|0.001 0.1944846209734763 -0.03601958563025476 -0.008700279451214765
1344 1337 717 507 951 951 507 896 2689 1542 1434 1911 1030 2126|0.001 0.09314711181499957 -0.07525618173466309 0.09598706416340752
2828 1000 1414 2637 3041 1768 1972 1875 5303 1875 2652 2236 3708 3335|0.001 0.20942659021600862 -0.04198439522658526 -0.001403453758472839
711 1153 379 536 1006 2011 1073 748 711 670 379 1406 772 1590|0.001 0.057064668978596966 -0.11144965798732032 0.06628462844912697
1395 1875 1865 707 707 1326 1326 2000 1250 3750 2151 1439 1581 1436|0.001 0.07339242675887814 -0.0899140485577532 -0.002071333127044994
536 748 1006 711 379 379 711 1153 1073 670 2011 1429 945 848|0.001 0.09493029908092199 -0.04565584977153092 -0.0579864316042733
707 2000 707 994 744 667 1147 533 377 1067 377 1581 1421 972|0.001 0.0682951142798105 -0.00589573525667797 -0.015938738951601916
2828 1000 1414 1052 943 1622 1406 533 1508 533 754 2236 1374 1779|0.001 0.02167110799498495 -0.09964067242685615 0.0008273577647632813
507 896 951 1344 717 1434 2689 1337 507 1542 951 1306 1032 1134|0.001 0.07090853102621253 -0.04974962364938884 -0.03623722041078081
994 533 744 707 707 377 377 2000 1147 1067 667 767 1581 939|0.001 0.1747037037585275 -0.019513091199063748 -0.045426235228751555
750 1000 750 1021 1604 1865 1395 1875 2812 1875 2812 1250 2490 2432|0.001 0.1255628856477098 -0.03848472672081216 -0.011269402268737627
1860 3750 1362 1333 1333 2500 2500 1000 2486 3750 2139 2791 1667 3553|0.001 0.02424049902446601 -0.040228465565246285 0.00911561141420103
1333 1000 1333 2139 2486 1860 1362 3750 2500 3750 2500 1667 3243 1918|0.001 0.11086046445755171 -0.11269566485307969 -0.0031062039971219146
1753 1162 467 623 1169 1169 623 637 1753 869 467 1516 674 2107|0.001 0.09507917835271273 -0.2843893617782478 0.13486697151251947
1021 1875 1604 750 750 2812 2812 1000 1395 1875 1865 1081 1250 2094|0.001 0.000126721118853812 -0.09160932018615342 -0.025978108791737675
750 1000 750 1865 1395 1021 1604 1875 2812 1875 2812 1250 1439 1681|0.001 0.1234031758611942 -0.09368309500388916 0.018463954748106914
2139 3750 2486 1333 1333 2500 2500 1000 1362 3750 1860 2783 1667 1441|0.001 0.02313979544515954 -0.040618657812422354 0.008554546157477638
1333 1000 1333 1860 1362 2139 2486 3750 2500 3750 2500 1667 2241 3320|0.001 0.13070516104767504 -0.12036970598564456 0.01673840170603791
1865 1875 1395 750 750 2812 2812 1000 1604 1875 1021 2665 1250 2087|0.001 -0.0341269077724049 -0.11560562049756418 0.012484120256888165
2016 732 538 717 1344 1344 717 1337 2016 1150 538 1205 1911 2424|0.001 0.09184561123033008 -0.15812044243896262 0.024454790364558665
734 1366 2754 1836 979 979 1836 1571 734 1826 2754 1646 1058 1224|0.001 0.040372490147051465 -0.035914941000392275 -0.023564151997992333
667 1000 667 363 496 663 570 267 356 267 356 1202 598 512|0.001 0.006740759250265516 -0.10838971984921231 0.011897702562426726
623 637 1169 1753 467 467 1753 1162 623 869 1169 1552 1301 779|0.001 0.09371225069173761 -0.015460318390303485 -0.07401367095418054
663 267 570 667 667 356 356 1000 496 267 363 742 1202 948|0.001 0.09350144091624824 -0.052943445325875915 -0.010840784415409033
1500 1000 1500 856 545 744 994 533 400 533 400 1803 1328 896|0.001 0.06799083537213368 -0.037280335442783086 0.004797904191597979
402 860 1508 1006 536 536 1006 748 402 548 1508 1304 1429 670|0.001 0.03923082039062997 -0.03609894014284243 -0.023137967988492436
667 1000 667 663 570 363 496 267 356 267 356 1202 865 885|0.001 0.014822123134901055 -0.057627319965289914 0.0013653268988567113
717 1337 1344 2016 538 538 2016 732 717 1150 1344 1032 1501 896|0.001 0.10712217791503331 -0.013856102899666434 -0.0841045714395372
363 267 496 667 667 356 356 1000 570 267 663 744 1202 384|0.001 0.1317159828243719 -0.0991806007135132 0.0009518105688410827
1500 1000 1500 744 994 856 545 533 400 533 400 1803 767 1297|0.001 0.051593937893077424 -0.06029034177826631 0.0066953846991246735
625 1000 625 433 433 433 433 500 125 500 125 1179 829 515|0.001 0.01506586689066891 -0.08585036799809487 0.025055756520748762
1155 1000 2309 1443 289 289 1443 1000 1155 1000 2309 1915 1190 1190|0.001 0.1039898743757961 -0.028149953880596268 -0.08273924874457217
693 200 693 1600 1600 800 800 1000 693 200 693 825 1887 1327|0.001 0.13446974994014482 -0.07924737485111355 -0.023948398067796806
1600 1000 1600 693 693 693 693 200 800 200 800 1887 825 1327|0.001 0.05309650826654799 -0.01719612514499591 -0.0271779535799499
625 1000 625 433 433 433 433 500 125 500 125 1179 829 515|0.001 0.0792962857866053 -0.013251110224552498 -0.030727565627903797
693 200 693 1600 1600 800 800 1000 693 200 693 825 1887 1327|0.001 0.09366925400853043 -0.04643856380119993 -0.005876602118913832
1155 1000 2309 1443 289 289 1443 1000 1155 1000 2309 1915 1190 1190|0.001 0.10891024077857692 -0.026545082972923018 -0.08926272059092577
1600 1000 1600 693 693 693 693 200 800 200 800 1887 825 1327|0.001 0.028610183040347348 -0.04496789010634772 -0.007613382899401833
1443 1000 289 1155 2309 2309 1155 1000 1443 1000 289 1190 1915 2723|0.001 0.08773505987626384 -0.3051192995924734 0.056529822536479646
866 2000 866 250 250 1250 1250 1000 866 2000 866 1658 1031 1031|0.001 0.01540786684485429 -0.08711478995949595 -0.0013065170662074355
4000 1000 4000 3464 3464 3464 3464 5000 8000 5000 8000 4123 4123 6633|0.001 0.42124948317904254 -0.02090100493493008 -0.029521583822604835
250 1000 250 866 866 866 866 2000 1250 2000 1250 1031 1658 1031|0.001 0.08190916019299443 -0.11809332474807421 0.0057589518726253175
1443 1000 289 1155 2309 2309 1155 1000 1443 1000 289 1190 1915 2723|0.001 0.09461877428702303 -0.12746155148783855 0.08891947090567731
4000 1000 4000 3464 3464 3464 3464 5000 8000 5000 8000 4123 4123 6633|0.001 0.5396467351600731 -0.031549278532156944 -0.000810490989109347
866 2000 866 250 250 1250 1250 1000 866 2000 866 1658 1031 1031|0.001 -0.016944553114456307 -0.09170876312708076 0.01942916066389966
250 1000 250 866 866 866 866 2000 1250 2000 1250 1031 1658 1031|0.001 0.1155143976176376 -0.09576761290188585 0.007387754480752129
3563 5000 3563 3717 3717 5518 5518 7500 6680 15000 6680 4206 4617 8559|0.001 0.7781322527733114 -0.0025410238187473233 -0.02093245593397519
2018 1000 269 959 1797 1797 959 1484 4035 1484 1345 1242 2303 3372|0.001 0.10621335106555385 -0.3112141796671597 0.048333415496315535
1403 1000 281 1043 1549 1549 1043 1875 4210 1875 2105 1181 2402 2882|0.001 0.14469504931531985 -0.3800582380127182 0.030695390813959555
3717 7500 3717 3563 3563 6680 6680 5000 5518 15000 5518 4617 4206 8559|0.001 0.3888750678995656 -0.03726134156537109 0.009384407541155326
1797 1484 959 269 2018 4035 1345 1000 1797 1484 959 2303 1242 3372|0.001 0.04674235713074015 -0.21389195022588403 0.5478729380574654
713 200 713 1104 1104 743 743 3000 1336 1500 1336 841 2054 863|0.001 0.2971735899187178 -0.0037120926430533885 -0.035360841670227794
1043 1875 1549 1403 281 2105 4210 1000 1043 1875 1549 1211 1181 1296|0.001 0.019696534867195137 -0.08986900349216786 -0.07853571889016697
2719 1000 906 646 1211 1211 646 674 1359 674 181 1861 782 2272|0.001 0.015106712895593954 -0.3337909039931364 0.05264394928917726
906 1000 2719 1211 646 646 1211 674 181 674 1359 1861 1551 762|0.001 0.043833956408760866 -0.04012036020925369 -0.024053024569999915
556 533 826 2245 1123 150 748 1000 556 533 826 1281 1876 691|0.001 0.14847532491646387 -0.05566690688818876 -0.07638153748576793
445 500 445 368 368 248 248 333 238 67 238 836 685 571|0.001 0.035152309765258405 -0.06208379392891317 0.01925273686967932
959 1484 1797 2018 269 1345 4035 1000 959 1484 1797 1161 1242 1132|0.001 0.08862332014718755 -0.049299291560553904 -0.07664628589229561
496 133 496 891 891 475 475 2000 736 667 736 616 1671 575|0.001 0.2449672433886474 -0.0654300566648458 0.019335479455011573
2245 1000 1123 556 826 826 556 533 748 533 150 1876 646 1537|0.001 0.05362435519876474 -0.08553986455579143 -0.007924479268099915
368 333 368 445 445 238 238 500 248 67 248 685 836 571|0.001 0.08007778582606928 -0.13582551963932654 0.04157600169401032
1123 1000 2245 826 556 556 826 533 150 533 748 1876 1281 691|0.001 0.016049089219678514 -0.05702878895584185 0.0024397049838320584
1075 1875 625 333 333 625 625 1000 1114 1875 690 1976 1054 1244|0.001 0.04306370179577801 -0.06459138890281602 -0.01629254741202235
3000 1000 3000 1875 2069 3342 3226 1875 5625 1875 5625 3162 2652 5993|0.001 0.10834540747696186 -0.08731744262998609 -0.003125906221261854
1000 1104 533 1600 3000 3000 1600 1720 1000 1783 533 1414 3162 3162|0.001 0.04657716819286284 -0.164136085198191 0.03246706532085142
1744 581 930 310 581 581 310 1036 1744 641 930 1097 1157 1838|0.001 0.10698640132877246 -0.0445581507608539 0.03577121276568507
3342 1875 3226 3000 3000 5625 5625 1000 2069 1875 1875 3731 3162 3644|0.001 -0.051031266081233984 -0.10844916819333195 0.0040578220823084266
333 1000 333 1075 625 690 1114 1875 625 1875 625 1054 1179 884|0.001 0.08500989899674183 -0.10194691019372981 0.007508923280348245
333 533 573 333 333 178 178 1000 368 533 594 1054 1054 378|0.001 0.10131824568314851 -0.016125080351037102 -0.03453208489631043
310 1036 581 1744 930 930 1744 581 310 641 581 1047 1838 980|0.001 0.0930079655767857 -0.0333982039799563 -0.04790189170090331
3000 1000 3000 1720 1783 1104 1000 533 1600 533 1600 3162 1801 3197|0.001 0.05124821048690942 -0.07798369999807875 -0.023868244499648528
1600 1720 3000 1000 533 533 1000 1104 1600 1783 3000 1887 1133 1687|0.001 0.0948131551887954 -0.020039176374498924 -0.04522360394268121
333 1000 333 333 573 594 368 533 178 533 178 1054 629 600|0.001 0.09355396691641982 -0.03434636967914906 -0.041482239839294444
1104 533 1000 3000 3000 1600 1600 1000 1783 533 1720 1133 3162 1944|0.001 0.07918178094670436 -0.06438867533027803 -0.0074979321372148355
1875 1875 2069 3000 3000 5625 5625 1000 3226 1875 3342 2125 3162 5929|0.001 0.012959683827800106 -0.07925659368155369 -0.016549052496789285
333 1000 333 690 1114 1075 625 1875 625 1875 625 1054 1998 1126|0.001 0.14807470722402405 -0.05788960635266904 -0.01184733934119886
2719 1615 1450 483 906 906 483 906 2719 1559 1450 2897 1027 2866|0.001 0.12010576748276547 -0.12139303807030655 0.08774938385080588
3000 1000 3000 3342 3226 1875 2069 1875 5625 1875 5625 3162 3377 3538|0.001 0.028035575015499248 -0.10897290982506358 0.007821989066121304
561 965 299 898 1683 1683 898 619 561 561 299 1010 1090 1774|0.001 0.057085412850550465 -0.14356327443791228 0.007871511825834343
690 1875 1114 333 333 625 625 1000 625 1875 1075 1215 1054 708|0.001 -0.01839228473484722 -0.08838129344755696 0.024043007264404892
1720 533 1783 3000 3000 1600 1600 1000 1000 533 1104 1990 3162 3162|0.001 0.13587823440344815 -0.0758320791664191 -0.015481282038600774
898 619 1683 561 299 299 561 965 898 561 1683 1793 1116 946|0.001 0.06671861910744203 -0.054697138737250794 -0.04022203257900481
333 1000 333 594 368 333 573 533 178 533 178 1054 1066 471|0.001 0.09025205392037217 -0.05333000317083836 -0.040758774936665576
3000 1000 3000 1104 1000 1720 1783 533 1600 533 1600 3162 1414 1887|0.001 0.020014517381246044 -0.07726392215099298 0.01807007700224572
483 906 906 2719 1450 1450 2719 1615 483 1559 906 1282 1761 1528|0.001 0.06152167472039061 -0.040425662432058695 -0.030532074341159676
594 533 368 333 333 178 178 1000 573 533 333 648 1054 663|0.001 0.12625125469798215 -0.09486305368814674 -0.023307756379058464
1075 1875 625 433 433 812 812 500 802 938 511 1976 829 640|0.001 -0.028521823836127336 -0.09155370183088207 -0.0065856015946730295
1155 1000 2309 1443 1179 1853 2483 1875 2165 1875 4330 1915 1573 2875|0.001 0.018969746652632846 -0.06710903328557061 0.03141741667160192
1744 581 930 403 755 755 403 746 872 475 465 1097 595 1446|0.001 0.011648500417729135 -0.23102544265275804 0.03919034454162196
1853 1875 2483 2309 1155 2165 4330 1000 1179 1875 1443 1477 1915 1248|0.001 0.048356526422750346 -0.049369067687686785 -0.044493653229403796
433 500 433 1075 625 511 802 1875 812 938 812 829 1179 681|0.001 0.1936068276207492 -0.03264423299673469 -0.04161490243211108
333 533 573 433 433 231 231 500 272 267 428 1054 829 503|0.001 0.05879131915979663 -0.0844610468289686 0.02185579651676539
403 746 755 1744 930 465 872 581 403 475 755 1346 1838 771|0.001 0.09528199714071484 -0.03697331228838863 -0.0398509238257283
1155 1000 2309 1324 988 629 770 533 616 533 1232 1915 1782 1533|0.001 0.04317529776317608 -0.050181290849657945 0.012754631934288607
1600 1720 3000 1299 693 693 1299 817 800 1284 1500 1887 1510 1327|0.001 0.10385726771318993 -0.02463841035305836 -0.05356860567383381
433 500 433 333 573 428 272 533 231 267 231 829 629 772|0.001 0.05579992036376824 -0.06698436602497693 -0.007107919177480326
629 533 770 2309 1155 616 1232 1000 988 533 1324 1162 1915 666|0.001 0.11066464552967226 -0.0817880664116255 -0.038924295207442006
1443 1875 1179 1155 2309 4330 2165 1000 2483 1875 1853 2179 1915 4564|0.001 0.01628097822748531 -0.06010566526439831 0.0713721851831628
866 2000 866 1021 1604 2151 1250 1875 1624 3750 1624 1658 2490 2894|0.001 0.20815282325330475 -0.011102245108950415 -0.030132267756289854
1836 1571 979 848 1590 1590 848 1224 3672 2106 1958 2438 1848 3045|0.001 0.05559877357521836 -0.19866044889211842 0.03562456257697022
2309 1000 1155 1853 2483 1443 1179 1875 4330 1875 2165 1915 3342 2723|0.001 0.17862929709061115 -0.10525404975822328 -0.03640078129626856
1012 1340 540 623 1169 2337 1247 637 1012 779 540 1804 674 1938|0.001 0.05542539677724223 -0.15425244334408617 0.03285874640050812
1021 1875 1604 866 866 1624 1624 2000 1250 3750 2151 1081 1658 1887|0.001 -0.027984016308816306 -0.12022617696274995 -0.023181020456655155
623 637 1169 1012 540 540 1012 1340 1247 779 2337 1552 797 1034|0.001 0.07630059507505838 -0.03416806466770672 -0.04004822173085398
866 2000 866 856 545 667 1147 533 462 1067 462 1658 1328 726|0.001 0.05911133845294625 -0.03086287009887112 -0.021824052206810274
2309 1000 1155 629 770 1324 988 533 1232 533 616 1915 839 1452|0.001 0.06431602065648523 -0.13712700512582998 -0.025417020660729595
848 1224 1590 1836 979 1958 3672 1571 848 2106 1590 1334 1058 1624|0.001 0.07123986571324181 -0.04219190965880082 -0.048284032412373445
856 533 545 866 866 462 462 2000 1147 1067 667 576 1658 682|0.001 0.19734655871886275 -0.0007602545885432299 -0.039283055158791935
573 533 333 433 354 189 231 750 528 400 272 629 1061 673|0.001 0.07975326975066643 -0.07017794044250403 0.019380119606702273
1732 816 2309 770 629 1218 1324 533 924 435 1232 2449 1162 867|0.001 0.05944682632293752 -0.048705242195430376 -0.01825983902427608
693 817 1299 3000 1600 1200 2250 1720 566 1583 1061 1510 1887 1697|0.001 0.08591232144510963 -0.021474917866580734 -0.04431779723672369
930 581 1744 616 329 403 755 920 697 475 1308 1838 1174 771|0.001 0.04755167049579345 -0.06861995434119361 -0.014599686973228998
1492 533 1622 2828 2121 1131 1508 1225 770 653 943 1904 2345 2548|0.001 0.08483097526301941 -0.04100291313804294 -0.022599549340429625
433 750 354 573 333 272 528 533 231 400 189 829 1054 503|0.001 0.05449482774552372 -0.06561628213849868 -0.013790693748022553
625 1875 1075 354 433 812 663 750 511 1406 989 1179 829 681|0.001 -0.020290496516354173 -0.08080485922411174 0.024852825305476944
616 920 329 930 1744 1308 697 581 755 475 403 935 1097 1446|0.001 0.08213319755245418 -0.10408290276605281 0.07601812206051273
2121 1225 2828 3041 2798 1444 1768 1875 3977 2296 5303 2345 2842 1990|0.001 0.18456343382865725 -0.04474426896681649 -0.035421189332417446
3000 1720 1600 693 1299 1061 566 817 2250 1583 1200 3162 1090 3182|0.001 0.0690648323835541 -0.18597334055010406 0.13015812638446977
354 750 433 625 1075 989 511 1875 663 1406 812 1061 1976 1005|0.001 0.052386468499490135 -0.16721355150650208 0.03953544547544929
1179 1875 1443 2309 1732 3248 4330 816 2284 1531 2483 1573 2449 3901|0.001 -0.03451991628376616 -0.10563309321502068 -0.019272557428846593
770 533 629 1732 2309 1232 924 816 1324 435 1218 839 1915 1452|0.001 0.09640907855070546 -0.11134009934182676 0.06154586082176339
471 1333 577 363 703 765 444 533 251 711 308 1106 500 715|0.001 -0.02428364193550303 -0.08602384490065007 0.006735700297089142
1469 1937 2754 1590 848 692 1298 1224 1958 2106 3672 1378 1334 1624|0.001 0.0723174179694297 -0.04323283084827878 -0.03327069932614113
2828 1225 2121 1492 1622 943 770 533 1508 653 1131 3000 1516 2981|0.001 0.0215455498677386 -0.16187733047080766 0.021191514836473857
357 1087 670 1422 758 1011 1895 516 438 632 821 1016 1708 1072|0.001 0.08820973056073989 -0.0505270996538254 -0.04771633833582811
363 533 703 471 577 308 251 1333 444 711 765 1201 1414 484|0.001 0.08336138288834283 -0.15231310788978214 0.01756920704267584
3041 1875 2798 2121 2828 5303 3977 1225 1768 2296 1444 3571 3000 3335|0.001 0.04372510452670619 -0.06022126472693623 0.023528556782272947
1422 516 758 357 670 821 438 1087 1895 632 1011 711 1276 2010|0.001 0.06075926049038394 -0.19808972664445257 0.07998736337623935
577 1333 471 1319 681 833 1434 1875 1083 2500 884 1414 938 1258|0.001 0.05790938363239517 -0.10617922094627752 0.005310312408806084
2309 816 1732 1179 1443 2483 2284 1875 4330 1531 3248 1915 2179 4564|0.001 0.1891093604633376 -0.0869786981031595 -0.009520549587576088
1590 1224 848 1469 2754 3672 1958 1937 1298 2106 692 1848 3308 3045|0.001 0.01701070748425515 -0.1929843387026131 0.008030359215127625
1319 1875 681 577 471 884 1083 1333 1434 2500 833 2252 1106 1683|0.001 0.041301609265591566 -0.07146223919191175 -0.0015384439890375745
1744 1000 581 329 616 616 329 920 872 920 116 1419 935 1379|0.001 0.03480296997631971 -0.33316970047564287 0.020697509238087886
2798 1875 3041 1768 354 2652 5303 1000 2798 1875 3041 2842 1275 2961|0.001 0.0037194608110446836 -0.0994455714848208 -0.06888673883457264
566 200 566 1720 1720 1583 1583 3000 1061 1500 1061 721 2441 1608|0.001 0.3422648614146717 -0.11781487246870004 0.04179495764744523
573 333 573 354 354 189 189 500 528 67 528 814 791 673|0.001 0.0633213849179759 -0.08350156255509611 0.030492485950650572
1414 1000 2828 1622 1492 1492 1622 533 189 533 943 2236 1904 1579|0.001 -0.016411107380236434 -0.06522826945851157 0.030526034397215795
581 1000 1744 616 329 329 616 920 116 920 872 1419 1174 419|0.001 0.03483419674944699 -0.042038387123768395 -0.02134642156519817
354 500 354 573 573 528 528 333 189 67 189 791 814 673|0.001 0.043338536326067434 -0.006964410933378851 -0.014557702035659092
1492 533 1622 2828 1414 189 943 1000 1492 533 1622 1904 2236 1579|0.001 0.1277462049328526 -0.032366463932264056 -0.07353224023061267
1768 1000 354 2798 3041 3041 2798 1875 5303 1875 2652 1275 3571 4316|0.001 0.1251331510785536 -0.42375187946662396 0.031080520115560617
670 1087 357 126 948 1895 632 1000 670 1087 357 1276 1058 1499|0.001 0.04523938240143632 -0.20066736214744418 0.6161644347273465
7914 7500 7914 2828 2828 5303 5303 5000 8602 15000 8602 8374 3606 10100|0.001 0.35864470857069897 -0.04319215425999667 0.010195065123945746
2828 1000 1414 1492 1622 1622 1492 533 943 533 189 2236 1516 2302|0.001 0.04325934130583908 -0.12414966241881875 0.00955629000550795
1055 133 1055 707 707 377 377 2000 1147 667 1147 1117 1581 1072|0.001 0.20545197480962063 -0.06286617509625447 -0.01409689400794778
357 1087 670 948 126 632 1895 1000 357 1087 670 1016 1058 456|0.001 0.09612401263128456 -0.04324720508372293 -0.0805280589308155
2828 5000 2828 7914 7914 8602 8602 7500 5303 15000 5303 3606 8374 10100|0.001 0.6818310984217768 -0.01632212746598971 -0.007661970461806389
948 1000 126 357 670 670 357 1087 1895 1087 632 1058 1276 1499|0.001 0.04989345764366382 -0.2837333254441321 0.0177995049061086
1075 1875 625 433 354 663 812 750 989 1406 511 1976 1061 1005|0.001 -0.0377623749604461 -0.0800307646931997 0.015112997643553783
1732 816 2309 1443 1179 2284 2483 1875 3248 1531 4330 2449 1573 3901|0.001 0.08256612057192525 -0.09071094097942267 0.027231838393622088
1299 817 693 1600 3000 2250 1200 1720 1061 1583 566 1090 3162 3182|0.001 0.08039299267556199 -0.16314949494517061 0.04068307444951902
1744 581 930 329 616 755 403 920 1308 475 697 1097 935 1446|0.001 0.07363991453852137 -0.14355109639217156 0.006540436702262564
2798 1875 3041 2828 2121 3977 5303 1225 1444 2296 1768 2842 2345 1990|0.001 -0.029690419556280823 -0.11213592871450406 0.007597012081839161
433 750 354 1075 625 511 989 1875 812 1406 663 829 1179 681|0.001 0.16220200719711642 -0.05217528185685105 -0.01688429741655062
333 533 573 354 433 231 189 750 272 400 528 1054 829 503|0.001 0.05299513973245906 -0.018856677767037366 -0.01791000145651811
329 920 616 1744 930 697 1308 581 403 475 755 1174 1838 771|0.001 0.07841599591915438 -0.056299719070442844 -0.041875689759657275
2121 1225 2828 1622 1492 770 943 533 1131 653 1508 2345 1904 2548|0.001 0.010529800016656488 -0.058153236055380475 0.017420934026675106
1600 1720 3000 1299 693 566 1061 817 1200 1583 2250 1887 1510 1697|0.001 0.07655778488986353 -0.057837814967711676 -0.041203034533580096
354 750 433 333 573 528 272 533 189 400 231 1061 629 673|0.001 0.08091421677986821 -0.05942763074079038 -0.01699308639771635
629 533 770 2309 1732 924 1232 816 1218 435 1324 1162 2449 867|0.001 0.10652741908684371 -0.10677173242486515 -0.0045884399851880975
1443 1875 1179 1732 2309 4330 3248 816 2483 1531 2284 2179 1915 4564|0.001 -0.02309438022449095 -0.08844207069725885 0.04841901692392181
471 1333 577 681 1319 1434 833 1875 884 2500 1083 1106 2252 1683|0.001 0.17093880785036264 -0.03567172266827123 -0.027105324590797064
2754 1937 1469 848 1590 1298 692 1224 3672 2106 1958 3308 1848 3045|0.001 0.05037267387259847 -0.17601905934397033 0.10937389901544803
2828 1225 2121 2798 3041 1768 1444 1875 5303 2296 3977 3000 3571 3335|0.001 0.18219869302201763 -0.0927489515921176 0.002271843377652516
670 1087 357 758 1422 1895 1011 516 821 632 438 1276 711 2010|0.001 0.1301514570327167 -0.03628386910053849 0.052069185510541516
681 1875 1319 471 577 1083 884 1333 833 2500 1434 938 1414 1258|0.001 -0.03187506698276388 -0.09261898170817906 0.016341636554992878
1622 533 1492 2121 2828 1508 1131 1225 943 653 770 1516 3000 2981|0.001 0.05254173170755383 -0.03528983433729205 0.009962353747268171
758 516 1422 670 357 438 821 1087 1011 632 1895 1708 1016 1072|0.001 0.10056204510850097 -0.044686366203853245 -0.05648898598978325
577 1333 471 703 363 444 765 533 308 711 251 1414 1201 484|0.001 -0.036860442032912166 -0.12258128911898147 0.02593276137288658
2309 816 1732 629 770 1324 1218 533 1232 435 924 1915 839 1452|0.001 0.09583971011863035 -0.016271750971393883 -0.021866874226159627
848 1224 1590 2754 1469 1958 3672 1937 692 2106 1298 1334 1378 1624|0.001 0.06305267330434239 -0.047639389890996586 -0.0257421033058014
703 533 363 577 471 251 308 1333 765 711 444 500 1106 715|0.001 0.12229538094652437 -0.03187861968620087 -0.0024639044857621695
573 533 333 354 354 189 189 500 497 267 372 629 791 699|0.001 0.059434801828399664 -0.12699921603216535 0.010332712854770332
1414 1000 2828 943 1052 1406 1622 533 754 533 1508 2236 1083 1085|0.001 0.0157029659759389 -0.043175320147007534 0.008811107585973144
566 1116 1061 3000 1600 800 1500 1720 566 1492 1061 1149 1887 1265|0.001 0.0898310808468139 -0.041040250007162715 -0.04468521473403708
930 581 1744 616 329 329 616 867 465 649 872 1838 1219 735|0.001 0.06831340786814355 -0.021107710189467443 -0.038390489735422584
1406 533 1622 2828 1414 754 1508 1000 1052 533 943 1978 2236 2010|0.001 0.09710892946055871 -0.14137626338979414 -0.009342301793247021
354 500 354 573 333 372 497 533 189 267 189 791 1054 383|0.001 0.05377448647505778 -0.10769725550111797 0.04716618986487342
625 1875 1075 354 354 663 663 500 697 938 932 1179 791 911|0.001 -0.04601981378483888 -0.09565558731692181 0.0007049389674484985
1414 1000 2828 3041 2637 1972 1768 1875 2652 1875 5303 2236 2491 2035|0.001 0.09388207545142135 -0.06261733089476085 0.02539541507716736
3000 1720 1600 566 1061 1061 566 1116 1500 1492 800 3162 1458 2372|0.001 0.1411146071664171 -0.04922191908457885 0.10297481331652536
354 500 354 625 1075 932 697 1875 663 938 663 791 1976 881|0.001 0.11738633841935409 -0.113848086961722 0.027015755358239524
1972 1875 1768 2828 1414 2652 5303 1000 2637 1875 3041 2577 2236 3769|0.001 0.015696040728478966 -0.07168998073045496 -0.03151753851398653
707 2000 707 744 994 1147 667 533 377 1067 377 1581 767 939|0.001 -0.024170724732122117 -0.052208877791025676 0.010569487650062825
717 1337 1344 951 507 507 951 896 1434 1542 2689 1032 1306 1134|0.001 0.11091361101563724 -0.026140972258928974 -0.05348187173928487
2828 1000 1414 1406 1622 943 1052 533 1508 533 754 2236 1328 2981|0.001 -0.0014240594813019758 -0.23743524852387288 0.03394533913041675
379 1153 711 1006 536 1073 2011 748 379 670 711 945 1429 848|0.001 0.10362377240137777 -0.03144683924554692 -0.039440222247035805
744 533 994 707 707 377 377 2000 667 1067 1147 1421 1581 972|0.001 0.11106878027209444 -0.10636166465799235 0.0281916207539612
3041 1875 2637 1414 2828 5303 2652 1000 1768 1875 1972 3708 2236 3335|0.001 -0.0074872661779623595 -0.07859742284964555 0.08724001499029521
1006 748 536 379 711 711 379 1153 2011 670 1073 772 1406 1590|0.001 0.058959916692600256 -0.06262850313227375 0.06799249493260273
707 2000 707 1865 1395 1250 2151 1875 1326 3750 1326 1581 1439 1436|0.001 0.18691556355847405 -0.026661139225251373 -0.01183225683693001
2828 1000 1414 1972 1768 3041 2637 1875 5303 1875 2652 2236 2031 5590|0.001 0.14057091453546722 -0.14572661514797747 -0.015489382188235146
951 896 507 717 1344 2689 1434 1337 951 1542 507 1030 1911 2126|0.001 0.027306120295005343 -0.12199752620725368 0.06470541158219767
1865 1875 1395 707 707 1326 1326 2000 2151 3750 1250 2665 1581 2622|0.001 0.05397573051673987 -0.08846865657050396 0.005548639976074021
1744 1000 581 329 616 755 403 867 1308 746 349 1419 819 1446|0.001 0.016517720280537773 -0.3544688233853832 0.009853572095210872
2637 1875 3041 1768 1061 3977 5303 1225 2269 2296 3041 2491 1458 2951|0.001 0.00426026752143871 -0.08536878634125333 -0.013596611560023897
693 600 566 1720 1720 1284 1492 3000 1299 2250 1061 825 2441 1023|0.001 0.13046589186479052 -0.1757122014632373 0.03504235456843752
573 333 573 354 433 231 189 750 428 200 497 814 829 772|0.001 0.09473745161892255 -0.1250691960092909 0.027791553821940873
2121 1225 2828 1622 1406 1210 1622 533 566 653 943 2345 1978 1834|0.001 0.0014189801857744655 -0.05744537112741033 0.014459043863364052
329 867 616 1744 581 349 1308 1000 403 746 755 1219 1419 479|0.001 0.06370883172608144 -0.05394985046004219 -0.04399559155472521
581 1000 1744 755 403 329 616 746 349 867 1308 1419 1346 668|0.001 0.04557535596121154 -0.03913410852631527 -0.025980682034738578
354 750 433 573 573 497 428 333 189 200 231 1061 814 699|0.001 0.062469980777841716 -0.03986599786539591 -0.020618737221828054
988 533 1324 2309 1732 462 770 816 1148 435 1324 1782 2449 1285|0.001 0.13882050110294308 -0.01007090960593926 -0.052483808063865656
1720 3000 1720 693 566 1061 1299 600 1492 2250 1284 2441 1149 1409|0.001 -0.013049192157643663 -0.04401790094101243 0.008688774725031934
866 816 1443 2483 1853 2153 2483 1875 3248 1531 4330 1658 1477 2808|0.001 0.16919943047570163 -0.03838027022717183 0.00272819416990977
1768 1225 1061 2637 3041 3041 2269 1875 5303 2296 3977 2031 3708 4316|0.001 0.1737438876255082 -0.1180496386466956 0.010077710764946346
711 1153 379 402 1508 2011 670 860 871 1153 464 1406 1119 2133|0.001 0.08050771857696759 -0.20356336068619196 0.25048796061503786
2139 3750 2486 943 1155 2165 1768 1667 2867 5000 2867 2783 1915 3859|0.001 0.012766543169164812 -0.06577288720105656 -0.008225935711333454
577 1333 471 663 570 765 765 267 308 444 251 1414 865 455|0.001 0.01813893217003315 -0.042336581989713684 0.0006391309411912793
402 860 1508 711 379 464 871 1153 670 1153 2011 1304 945 770|0.001 0.047216838703436625 -0.03392573347160921 -0.026961739883023528
2309 816 1732 988 1324 1324 1148 533 770 435 462 1915 788 1879|0.001 0.0625114379025371 -0.04328826791420215 -0.01617732697271501
663 267 570 577 471 251 308 1333 765 444 765 742 1106 626|0.001 0.18056921351662814 -0.10788684732854548 0.03911260791629401
540 1340 1012 1753 467 779 2337 1162 441 1340 826 797 1301 642|0.001 0.1226203139188442 -0.022704241949106363 -0.10163804102277907
2483 1875 1853 866 1443 4330 3248 816 2483 1531 2153 3342 1190 3524|0.001 -0.012976409290420543 -0.08572547864711177 0.07169121995546313
943 1667 1155 2139 2486 2867 2867 3750 1768 5000 2165 1374 3243 3496|0.001 0.2703396808704106 -0.062352839423407413 -0.0030819024078398982
1753 1162 467 540 1012 826 441 1340 2337 1340 779 1516 1804 1938|0.001 0.06762987292161293 -0.172461000598656 0.05645792746861833
750 1000 750 1395 1865 1604 1021 1875 2812 1875 2812 1250 2665 2087|0.001 0.11309626875812606 -0.11100533444025062 0.03924840115085093
1362 3750 1860 1333 1333 2500 2500 1000 2139 3750 2486 2241 1667 3320|0.001 0.022557437798651492 -0.0409002669935532 0.008255592347901075
1333 1000 1333 2486 2139 1362 1860 3750 2500 3750 2500 1667 2783 1441|0.001 0.3186580260941274 -0.03486889090349776 -0.02003917473914041
1508 860 402 536 1006 1006 536 748 1508 548 402 1119 772 1813|0.001 0.004041365992402124 -0.4026570709507826 0.024518653333205354
1395 1875 1865 750 750 2812 2812 1000 1021 1875 1604 1439 1250 1681|0.001 -0.025129929299885223 -0.10469451067024349 -0.008128740614651297
750 1000 750 1604 1021 1395 1865 1875 2812 1875 2812 1250 1081 2094|0.001 0.13471821378462812 -0.09688704945669313 -0.02271958902758997
2486 3750 2139 1333 1333 2500 2500 1000 1860 3750 1362 3243 1667 1918|0.001 0.024805718136162724 -0.040167387688014866 0.008407578484532774
1333 1000 1333 1362 1860 2486 2139 3750 2500 3750 2500 1667 2791 3553|0.001 0.11503356927352382 -0.14856209921855434 0.006868642075179565
1604 1875 1021 750 750 2812 2812 1000 1865 1875 1395 2490 1250 2432|0.001 -0.015069749453654468 -0.10500197510903586 0.023630241634207128
2754 1366 734 979 1836 1836 979 1571 2754 1826 734 2050 2438 3310|0.001 0.11485553952899963 -0.2826652730252188 0.0711096851386972
538 732 2016 1344 717 717 1344 1337 538 1150 2016 1501 1032 896|0.001 0.04005659091857128 -0.03590652604634759 -0.0233434549533329
667 1000 667 496 363 570 663 267 356 267 356 1202 744 384|0.001 0.010464599046668965 -0.0736060483179013 0.005336318812405594
536 748 1006 1508 402 402 1508 860 536 548 1006 1429 1304 670|0.001 0.10641450048177292 -0.024263878782213588 -0.08240221035315187
570 267 663 667 667 356 356 1000 363 267 496 865 1202 885|0.001 0.10356864088663542 -0.07971562396908438 0.028197537575542775
1500 1000 1500 994 744 545 856 533 400 533 400 1803 1421 1117|0.001 0.08589845632986037 -0.02662280189558497 -0.022754654512169292
467 1162 1753 1169 623 623 1169 637 467 869 1753 1301 1552 779|0.001 0.03964356845408634 -0.035870760174117056 -0.02328838138527911
667 1000 667 570 663 496 363 267 356 267 356 1202 742 948|0.001 0.038107894172956236 -0.08642847040543633 -0.018385289385272063
979 1571 1836 2754 734 734 2754 1366 979 1826 1836 1058 1646 1224|0.001 0.10077837398237532 -0.024973257172020702 -0.07953709198720516
496 267 363 667 667 356 356 1000 663 267 570 598 1202 512|0.001 0.12829261053570074 -0.12237455966389699 0.0511876430772773
1500 1000 1500 545 856 994 744 533 400 533 400 1803 576 1113|0.001 0.0033279792464879776 -0.09618792396033249 0.017843773177106392
573 533 333 333 333 178 178 1000 594 533 368 629 1054 600|0.001 0.06278106467253464 -0.040959368229092075 -0.007003651330828031
3000 1000 3000 1000 1104 1783 1720 533 1600 533 1600 3162 1133 1944|0.001 0.11263628693559458 0.01122478500051649 -0.04764377612983095
533 1104 1000 3000 1600 1600 3000 1720 533 1783 1000 1133 1887 1687|0.001 0.07913593220056248 -0.04652250962495996 -0.03844462860004838
930 581 1744 581 310 310 581 1036 930 641 1744 1838 1047 980|0.001 0.11642508469577262 -0.03268580321409531 -0.06128623279972434
1783 533 1720 3000 3000 1600 1600 1000 1104 533 1000 1801 3162 3197|0.001 0.1126523332465812 -0.0615402714373714 -0.03643799702677586
333 1000 333 573 333 368 594 533 178 533 178 1054 1054 378|0.001 0.09010243555479969 0.006572649493621352 -0.025465383041679557
625 1875 1075 333 333 625 625 1000 690 1875 1114 1179 1054 884|0.001 -0.008023251424635891 -0.07798588963581987 0.006993539830739692
581 1036 310 930 1744 1744 930 581 581 641 310 1157 1097 1838|0.001 0.0832416654018675 -0.12443267123697144 0.050276018896580066
3000 1000 3000 3226 3342 2069 1875 1875 5625 1875 5625 3162 3731 3644|0.001 0.1677064206831469 -0.06340773599482596 0.01872847838311653
3000 1720 1600 533 1000 1000 533 1104 3000 1783 1600 3162 1414 3162|0.001 0.11798677388758838 -0.12182329986364149 0.07581365728920098
333 1000 333 625 1075 1114 690 1875 625 1875 625 1054 1976 1244|0.001 0.10096432473202688 -0.12467670485180382 0.03928506439081936
2069 1875 1875 3000 3000 5625 5625 1000 3342 1875 3226 2652 3162 5993|0.001 0.03686748233279191 -0.07344942428251233 0.007383729689220964
1000 533 1104 3000 3000 1600 1600 1000 1720 533 1783 1414 3162 1887|0.001 0.08693928948567686 -0.1369975815989144 0.023865367710227403
333 1000 333 368 594 573 333 533 178 533 178 1054 648 663|0.001 0.05607348271360335 -0.06361711539145332 0.0018070549658655288
1450 1615 2719 906 483 483 906 906 1450 1559 2719 1761 1282 1528|0.001 0.11686220955736015 -0.03609637313992553 -0.056214065971514904
3000 1000 3000 1783 1720 1000 1104 533 1600 533 1600 3162 1990 3162|0.001 0.048101585620203835 -0.056238213024432104 0.01486074199698928
299 965 561 1683 898 898 1683 619 299 561 561 1116 1793 946|0.001 0.09237753575208174 -0.01982828863621444 -0.04186695092082582
368 533 594 333 333 178 178 1000 333 533 573 1066 1054 471|0.001 0.07546968694211786 -0.06256855280190932 -0.0023040731654955238
3226 1875 3342 3000 3000 5625 5625 1000 1875 1875 2069 3377 3162 3538|0.001 0.008444274226320214 -0.08087674474041351 0.004046840728260115
1683 619 898 299 561 561 299 965 1683 561 898 1090 1010 1774|0.001 0.12051101498000039 -0.10091828580894857 0.06024750487135577
333 1000 333 1114 690 625 1075 1875 625 1875 625 1054 1215 708|0.001 0.17931442571842648 -0.020563773955630804 -0.03923322483207037
3000 1000 3000 2069 1875 3226 3342 1875 5625 1875 5625 3162 2125 5929|0.001 0.1840942601621398 -0.07013639668117633 -0.0231176281115808
906 906 483 1450 2719 2719 1450 1615 906 1559 483 1027 2897 2866|0.001 0.08880291920352335 -0.1574337468830156 0.060776701695339774
1114 1875 690 333 333 625 625 1000 1075 1875 625 1998 1054 1126|0.001 0.044288863978274584 -0.07769125611107319 0.000364694901255902
493 188 816 1443 289 72 289 1000 493 188 816 976 1190 514|0.001 0.11700417045383382 -0.03853114444524186 -0.07881509844452794
693 200 693 566 566 342 342 200 130 50 130 825 721 676|0.001 0.037266305125345234 -0.03153274574163922 0.0048087791383455425
385 1000 1540 4355 2632 2632 4355 5333 1540 5333 7698 1262 3079 2742|0.001 0.24728970067842804 -0.04181686286004571 0.027085334786884907
1768 1000 354 230 1225 1225 230 604 354 604 88 1275 707 1458|0.001 0.008220139018189077 -0.5106603092735318 0.20497792829121897
650 250 650 2828 2828 1709 1709 5000 3464 1000 3464 820 3606 2000|0.001 0.312080597676041 -0.03202184081082193 -0.03925959744722873
2632 5333 4355 1540 385 1540 7698 1000 2632 5333 4355 3079 1262 2742|0.001 -0.27766559614462616 -0.08612619988996983 -0.06818584960744833
1443 1000 289 493 816 816 493 188 289 188 72 1190 577 1041|0.001 0.01944049290227179 -0.42192881299262575 -0.005313744080611693
380 1655 2027 585 146 585 2925 1000 380 1655 2027 1170 1042 480|0.001 0.09374259840046362 -0.018555408864715517 -0.06960989990977384
1709 250 1709 3464 3464 650 650 5000 2828 1000 2828 1781 4123 2000|0.001 0.2477568428665755 -0.030651589885848374 -0.04970594310610643
1540 1000 385 2632 4355 4355 2632 5333 7698 5333 1540 1262 5203 5551|0.001 0.4739602856476499 -0.20671361407704536 0.0024399069567948573
2027 1655 380 146 585 2925 585 1000 2027 1655 380 1977 1042 2412|0.001 0.04338178114838609 -0.45871289672201443 0.31061261398426243
3464 5000 3464 1709 1709 2828 2828 250 650 1000 650 4123 1781 2000|0.001 -0.03607468242717404 -0.02401525046103914 -0.02499612854752753
2032 1000 271 176 330 330 176 975 1651 975 68 1245 977 1861|0.001 0.04759737766331318 -0.6177772328623721 0.08765845855852383
650 250 650 3691 3691 3601 3601 7500 1218 6094 1218 820 4596 3605|0.001 0.6167468806695653 -0.01736341482204362 -0.03865577314502544
492 133 492 162 162 87 87 812 480 33 480 613 916 519|0.001 0.09971129952253799 -0.046046031375306384 -0.002540626240707944
5004 1000 6158 3031 2956 2956 3031 533 205 533 821 5640 3198 3125|0.001 0.016114299740650484 -0.09258396564021498 0.011643208120153403
176 975 330 2032 271 68 1651 1000 176 975 330 1055 1245 222|0.001 0.09664085173619386 -0.03520796489390188 -0.08208543668920987
162 812 162 492 492 480 480 133 87 33 87 916 613 519|0.001 0.011850684192764582 -0.057759598729867356 0.005596104554257408
1540 1000 385 5543 5683 5683 5543 1875 11547 1875 9382 1262 5997 7076|0.001 0.10990182463161524 -0.13779132418653806 -0.000517291062895886
6158 1000 5004 2956 3031 3031 2956 533 821 533 205 5640 2960 3774|0.001 0.0956659312597119 -0.023428468918123002 -0.031190073342323155
591 41 591 200 200 107 107 1231 606 164 606 625 1127 592|0.001 0.16826492425083162 -0.09583107792556111 -0.0019642586655876926
5683 1875 5543 385 1540 11547 9382 1000 5683 1875 5543 5997 1262 7076|0.001 -0.01941037929112821 -0.09811207495305396 0.14288529948222717
2598 4000 2598 14402 14402 14765 14765 24375 4871 30000 4871 3279 15225 15580|0.001 1.5447695817713814 -0.01898803926195125 -0.014817994304420212
1692 1000 69 180 338 338 180 1025 2083 1025 278 1057 1082 1908|0.001 0.12343757786530407 -1.000179019755848 0.06980774061969841
6837 4000 6837 14402 14402 16340 16340 24375 12820 30000 12820 7124 15225 20561|0.001 1.0544943900048365 -0.06326916464399424 -0.011799669384190414
1692 1000 69 475 890 890 475 1135 2083 1135 278 1057 1428 2078|0.001 0.11204775376489673 -1.1889447026326094 0.08954244670742462
2390 1875 2106 146 585 4388 3565 1000 2390 1875 2106 3007 1042 2877|0.001 -0.016185092880467433 -0.09716358632997135 0.15470915168649846
585 1000 146 2106 2390 2390 2106 1875 4388 1875 3565 1042 3007 2877|0.001 0.10974355515658285 -0.1353414348453108 -0.002422016306737884
1709 250 1709 4085 4085 3601 3601 7500 3205 6094 3205 1781 4918 3766|0.001 0.7767792504623849 -0.11596612868632117 0.014531568805566941
1836 1000 245 418 785 785 418 881 1492 881 61 1204 922 1831|0.001 0.10683930776538952 -0.302705261251045 0.046480228366381215
427 812 427 545 545 480 480 133 228 33 228 998 656 685|0.001 0.011853598224462747 -0.057017248457094105 0.004071942317096511
591 41 591 526 526 281 281 1231 670 164 670 625 1228 618|0.001 0.12842392432610872 -0.0569814257730028 0.00011273400899680652
2340 1000 1901 1123 1275 1275 1123 533 312 533 78 2334 1175 1534|0.001 0.08267885086737481 -0.05638739500213097 -0.03515756031127193
418 881 785 1836 245 61 1492 1000 418 881 785 1258 1204 436|0.001 0.09631011482759799 -0.03904301113112352 -0.08165145591615519
545 133 545 427 427 228 228 812 480 33 480 656 998 685|0.001 0.11915970586823921 -0.06770126839900414 0.00012201172014725259
1901 1000 2340 1275 1123 1123 1275 533 78 533 312 2334 1604 1188|0.001 0.03819993565383317 -0.07678100488692108 0.012618341300019154
1414 1000 2828 1000 921 921 1000 187 1149 187 1414 2236 1106 1572|0.001 0.011674844090978631 -0.0259175760362218 -0.004909571026910919
1414 1000 2828 1000 187 187 1000 921 1149 921 1414 2236 1106 1288|0.001 0.09208481911682442 -0.04261382806201919 -0.07551018428235468
921 187 1000 2828 1414 1149 1414 1000 921 187 1000 1106 2236 1572|0.001 0.14401469257335764 -0.1197777941851319 -0.03155833538625141
354 500 354 354 354 326 326 500 66 406 66 791 791 391|0.001 0.049101777788145284 -0.13744659287685312 0.04025572060547544
707 2000 707 133 133 707 707 812 651 1000 651 1581 911 707|0.001 -0.03103144066411212 -0.08999286382428862 0.025650728407553558
1000 921 187 1414 2828 1414 1149 1000 1000 921 187 1000 2236 2236|0.001 0.07442982479036964 -0.17920827655545923 0.00016056222785998386
6128 1000 7542 5333 4910 4910 5333 5333 7542 5333 15085 6872 5333 8386|0.001 0.3834418736458489 -0.11480989127298558 0.027118145393632
133 812 133 707 707 651 651 2000 707 1000 707 911 1581 707|0.001 0.1447051319421888 -0.07344068200903942 0.008186672378756032
1000 187 921 1414 2828 1414 1149 1000 1000 187 921 1000 2236 2236|0.001 0.1410898295943519 -0.14932048097135442 0.09197896817594753
707 2000 707 651 651 707 707 812 133 1000 133 1581 1112 707|0.001 -0.01416315179777805 -0.06527927226739672 -0.0024050057458990803
1248 1000 1536 1086 204 204 1086 1086 1536 1086 3072 1708 1086 1399|0.001 0.09258104174527881 -0.06273129549107415 -0.07956164219339756
2828 1000 1414 921 1000 1000 921 187 1414 187 1149 2236 1000 2236|0.001 -0.005883277551896882 -0.11691966678785914 0.012866186809599167
163 1231 163 801 801 870 870 1231 870 2462 870 1121 1368 962|0.001 0.055343193283940995 -0.05451242283773694 -0.0043801272576482475
7542 1000 6128 4910 5333 5333 4910 5333 15085 5333 7542 6872 5897 11926|0.001 0.4756288306207246 -0.13819685876055865 0.02022628713640673
1086 1086 204 1248 1536 3072 1536 1000 1086 1086 204 1201 1708 2429|0.001 0.1030611163584716 -0.2864427065995001 0.03151484412831529
801 1231 801 163 163 870 870 1231 870 2462 870 1368 1121 962|0.001 0.04289672735912964 -0.08735634959254779 0.013667184772259144
696 533 943 1000 188 100 533 921 730 491 1052 1373 1106 669|0.001 0.12365753332057139 -0.07768460981607883 -0.07231907811602767
921 188 1000 943 1052 730 696 533 491 100 533 1106 1083 1488|0.001 0.07576335892126584 -0.0018891439199675286 -0.02601238249291704
566 1116 1061 1061 566 521 977 738 106 774 199 1149 1456 625|0.001 0.08666537989266754 -0.05146671235568445 -0.034381717660175726
766 1355 1437 269 144 766 1437 1049 705 1511 1323 1071 961 766|0.001 0.09857792129230658 -0.046770688428298124 -0.04716226500545706
3893 533 3712 5333 4910 2619 2844 5333 5611 2844 5028 3569 5333 3061|0.001 0.4194336385958919 -0.01472690994618886 -0.025451621742093034
1000 921 188 696 943 1052 730 533 533 491 100 1000 745 1083|0.001 0.08009171147154603 -0.20199237935362935 -0.028927068090472963
187 921 1000 1768 1305 1369 1972 1875 352 1726 1875 1106 1398 1461|0.001 0.008025406838563232 -0.0297614107975952 0.01932000897286512
5333 5333 4910 3893 3712 5028 5611 533 2844 2844 2619 5897 4156 3975|0.001 0.08750340170698312 0.0007822374974586488 -0.014600606560022378
6960 1875 7300 4910 5333 10000 9207 5333 9428 10000 10520 6692 5897 13728|0.001 0.5895038305358358 -0.021699144457238972 0.008871174442428575
1261 1441 673 137 257 1370 731 953 1370 1291 731 2038 917 1515|0.001 0.09959276011373364 -0.15453297703049151 0.1046908958219328
1086 1086 204 1487 2142 1920 1417 1875 2037 2037 382 1201 3031 2206|0.001 0.18109199114830998 -0.23791851578041312 -0.023058847689885198
1000 187 921 1972 1768 1305 1369 1875 1875 352 1726 1000 2031 1398|0.001 0.2142922087386956 -0.06032940763761041 -0.023109941911259035
951 896 507 467 875 951 507 694 178 662 95 1030 546 951|0.001 0.021701625144934233 -0.1727827682688987 0.05225767489313027
1487 1875 2142 1086 204 382 2037 1086 1417 2037 1920 1169 1086 1363|0.001 0.0352216037230102 -0.08063892334429723 -0.0878816067732513
921 187 1000 1768 1061 221 354 1225 604 230 1000 1106 1458 1100|0.001 0.13291176746024425 -0.08104092334384472 -0.04391940218808621
693 600 566 566 566 342 521 200 130 125 106 825 721 676|0.001 0.06138948591966287 0.0027529175951501728 -0.041210255566784815
1179 1225 1886 5333 4910 3223 5333 5333 5657 6532 9428 1546 5333 3667|0.001 0.23530562227457308 -0.06349659386555295 0.0007138645307347424
530 625 650 2828 2828 2604 1709 5000 2828 3000 3464 1132 3606 2828|0.001 0.2886964065589792 -0.0936215982293398 -0.04321808067452526
866 816 1443 816 493 752 816 188 180 153 289 1658 976 561|0.001 -0.011807872027040922 -0.06063947788568447 0.02146486765281619
1768 1225 1061 921 1000 1000 604 187 354 230 221 2031 1000 1275|0.001 0.01540471286193057 -0.09392826056692449 -0.0023286003938538524
1039 1600 849 4167 2735 4525 4525 4800 5543 8000 4525 1811 3111 5407|0.001 0.34091740345926436 -0.004971371468492913 -0.019757303035400353
1540 816 962 2632 4355 4355 4009 5333 7698 4355 4619 1262 5203 5551|0.001 0.2539696182642448 -0.18056003767286888 0.005692683513685015
2027 1655 380 366 1755 2925 585 1523 1655 1655 310 1977 1819 2412|0.001 0.05719532848238895 -0.4634262532129152 0.3598032634193049
943 1667 1155 570 868 943 943 208 177 333 217 1374 648 943|0.001 -0.007950648616651401 -0.0467951980027248 -0.0030513719727864874
2032 1000 271 144 269 330 176 1049 1841 975 169 1245 1119 1861|0.001 0.08887640212672965 -0.5941388026462635 0.090025648127805
7300 1875 6960 1886 1179 12816 14142 1225 6789 2296 6960 7792 1546 7776|0.001 -0.014153830736092221 -0.10508057850294183 -0.028855207043355646
650 625 530 3691 3691 3601 3872 7500 1218 6797 994 820 4596 3605|0.001 0.46902970146321055 -0.0106918551362023 -0.022571787504103158
492 133 492 133 162 87 71 906 480 83 516 613 916 519|0.001 0.1358501855860883 -0.12252142008682076 0.005733378391530319
6835 1225 7542 3712 3893 3621 3712 533 629 653 1006 6908 3569 4434|0.001 0.08314421262470839 -0.03064517107276732 -0.029539191352424554
144 1049 269 2032 271 169 1841 1000 176 975 330 961 1245 222|0.001 0.09701079611312835 -0.052223991837186956 -0.08346439725260835
133 906 162 492 492 516 480 133 71 83 87 1009 613 473|0.001 0.0004098417295761436 -0.05817687487396084 0.009132154084778854
1886 1225 1179 7300 6960 6960 6789 1875 14142 2296 12816 2134 6692 8667|0.001 0.1027802877711359 -0.059024475254360054 -0.007713211792270691
6158 816 5581 2956 3031 3031 3179 533 821 435 513 5640 2960 3774|0.001 0.029732892239420217 -0.06824689022682073 0.015564483498180515
570 92 530 179 146 78 96 1103 543 147 543 607 1011 608|0.001 0.09591521400957648 -0.022162781421751765 -0.027871488780575326
180 1025 338 1888 174 278 2083 1075 147 1025 276 1001 1145 228|0.001 0.09851468487125592 -0.039613617902026776 -0.09366791734133573
5683 1875 5543 962 1540 11547 10464 816 5683 1531 5961 5997 1262 7076|0.001 -0.027338127067885187 -0.10779763688773314 0.04257241528977218
849 1600 1039 5761 6194 5906 5906 10875 1591 12000 1949 1311 7055 5678|0.001 1.02735826725457 -0.023334810891418867 -0.027986398057328055
1888 1075 174 180 338 276 147 1025 2083 1025 278 1225 1082 1908|0.001 0.07437887184553293 -0.6904418754873187 0.034350102403115645
2735 4800 4167 6194 5761 6536 8926 10875 5128 18000 7812 3111 6598 8224|0.001 0.8975453802703126 -0.0371462944025569 0.005041284576319249
1756 930 161 673 1261 828 442 1441 2906 1055 775 1065 2038 2099|0.001 0.11099748715925006 -0.23510086730685775 0.05342566997151632
2142 1875 1487 240 1152 4320 2610 656 1569 1231 1383 3031 747 2581|0.001 -0.03446466378512758 -0.10017004641093563 0.13699332273929388
1755 1523 366 2106 2390 3264 2265 1875 6581 2856 3976 1819 3007 4899|0.001 0.07103898342582626 -0.5601184668580961 0.04200640662635813
890 1135 475 174 1888 3125 833 1075 1356 1549 723 1428 1225 3055|0.001 -0.009193483002475356 -0.3014615457340264 0.5222062983372378
868 208 570 1362 1860 1291 1200 3750 1628 2266 1068 648 2791 1014|0.001 0.34867781328601577 -0.0582879772687761 -0.03846230154414432
2106 1875 2390 1755 366 3976 6581 1523 2265 2856 3264 2203 1138 2580|0.001 0.000326887236892226 -0.09686370304713421 -0.0671920535262871
2754 1366 734 418 785 1195 637 881 1664 948 153 2050 922 1989|0.001 0.009766038509002595 -0.3503427950012017 0.04016459580624021
793 533 1143 2304 1392 128 614 656 737 350 837 1616 2253 903|0.001 0.14929602084976956 0.014793932631631534 -0.09637188410829056
285 604 434 496 363 320 344 267 152 56 231 978 744 457|0.001 0.05574450284985266 -0.0949193892025324 -0.008050973416791063
673 1441 1261 1756 161 775 2906 930 442 1055 828 786 1139 502|0.001 0.0898707414940092 -0.047589492622616136 -0.0827885483619073
530 92 570 718 472 251 383 1655 601 441 821 649 1196 554|0.001 0.20747426295774307 -0.03294105959373628 -0.039206012034168625
2304 656 1392 793 1143 837 737 533 614 350 128 1664 623 1715|0.001 0.0208433985474632 -0.19012955344937188 0.008584511824860641
418 881 785 2754 734 153 1664 1366 637 948 1195 1258 1646 476|0.001 0.10013339665751575 -0.028007026900196408 -0.0699114757408148
496 267 363 285 434 231 152 604 344 56 320 598 722 701|0.001 0.09075997956290882 -0.12336153033288166 0.03278267549103431
2121 1523 3510 1275 1123 1208 1741 533 195 812 936 2535 1604 1287|0.001 0.018269768887180238 -0.05867386051232604 0.008670253553371143
2121 1225 2828 1000 921 604 1000 187 1282 230 1414 2345 1106 2074|0.001 0.011575173176017195 -0.05405515514669612 0.006687153630078324
1414 1000 2828 1225 230 187 1000 604 1282 921 2121 2236 1195 1427|0.001 0.10542248128014631 -0.027836047553992938 -0.09085575928536094
493 188 816 2309 1732 1046 1155 816 752 153 816 976 2449 1251|0.001 0.11650993267210863 -0.10578785769398524 -0.0031988635357849127
354 750 433 354 354 326 214 500 66 453 81 1061 791 391|0.001 0.024891801512363365 -0.10887374888526757 0.02981422996373384
707 2000 707 162 133 707 866 906 651 1500 427 1581 1009 707|0.001 -0.05332964711718735 -0.10880179295170267 0.016367366876806067
1225 604 230 1414 2828 2121 1282 1000 1000 921 187 707 2236 3000|0.001 0.047295895241870056 -0.29370150185731303 0.009560595201818511
5581 816 6158 4355 2632 4009 4355 5333 9238 4355 12317 6212 3079 9033|0.001 0.4177694513669472 -0.07102908424177601 0.0007687220422525343
162 906 133 707 707 427 651 2000 866 1500 707 916 1581 500|0.001 0.13584649198894239 -0.10437570431158116 -0.0016774764715221657
1000 187 921 2121 2828 1414 1282 1225 1000 230 604 1000 3000 2236|0.001 0.12131922631038572 -0.11896109074196914 0.04974085593647981
577 1333 471 434 285 471 471 604 108 667 88 1414 978 333|0.001 0.05043647961062936 -0.06961037888109423 -0.020602329508361272
1392 656 2304 1086 204 249 1330 1086 1536 1086 3072 2253 1086 1549|0.001 0.1136837931956114 -0.03165568280141029 -0.09417798685872558
2309 816 1732 493 816 816 752 188 1155 153 1046 1915 577 1826|0.001 0.034218931942764375 -0.10991087105429509 -0.019828399948237374
146 1103 179 472 718 780 780 1655 780 2207 956 1011 1618 863|0.001 0.01137517134756072 -0.11745362424755657 0.018726228851910776
7542 1225 6835 4910 5333 5333 3223 5333 15085 6532 11314 7608 5897 11926|0.001 0.34418320969835214 -0.0790645900954301 -0.023164557025003862
1086 1086 204 1392 2304 3072 1536 656 1330 1086 249 1201 1664 3258|0.001 0.023697074004738194 -0.46768253281983974 0.09309122027991945
472 1655 718 146 179 956 780 1103 780 2207 780 1196 1113 932|0.001 -0.010238741650089311 -0.10458162250241654 -0.007958252721940173
1000 1000 1000 1000 1000 1000 1000 1000 1000 1000 1000 1414 1414 1414|0.001 0.08358712916174404 -0.050840309368964665 0.005474324716265855
1000 1000 1000 1000 1000 1000 1000 1000 1000 1000 1000 1414 1414 1414|0.001 0.0001563523719849691 -0.14348296217797762 0.046058169253835324
1000 1000 1000 1000 1000 1000 1000 1000 1000 1000 1000 1414 1414 1414|0.001 0.09002423044153662 -0.03667415387278217 -0.006160840061369965
1000 1000 1000 1000 1000 1000 1000 1000 1000 1000 1000 1414 1414 1414|0.001 0.031451943085172296 -0.10218765253040996 0.0244877007697486
1000 1000 1000 1000 1000 1000 1000 1000 1000 1000 1000 1414 1414 1414|0.001 0.004885642797085588 -0.09430401681695177 0.012244847089166733
1000 1000 1000 1000 1000 1000 1000 1000 1000 1000 1000 1414 1414 1414|0.001 0.03205029702628259 -0.1400614858238236 0.015006326998567854
1000 1000 1000 1000 1000 1000 1000 1000 1000 1000 1000 1414 1414 1414|0.001 0.03727151575117604 -0.12860431297642694 0.023619408334312197
1000 1000 1000 1000 1000 1000 1000 1000 1000 1000 1000 1414 1414 1414|0.001 0.01302918713621537 -0.15592125186717043 0.04824117871777833
1000 1000 1000 1000 1000 1000 1000 1000 1000 1000 1000 1414 1414 1414|0.001 0.10123053429826223 -0.03931290582670832 -0.009949446090569136
1000 1000 1000 1000 1000 1000 1000 1000 1000 1000 1000 1414 1414 1414|0.001 0.09778764192327927 -0.0696638021329421 -0.022967548555343775
1000 1000 1000 1000 1000 1000 1000 1000 1000 1000 1000 1414 1414 1414|0.001 0.06465703671781453 -0.08670535803194546 0.020274663592567688
1000 1000 1000 1000 1000 1000 1000 1000 1000 1000 1000 1414 1414 1414|0.001 0.07303172665181545 -0.08557762313942563 0.023461910081785664
1000 1000 1000 1000 1000 1000 1000 1000 1000 1000 1000 1414 1414 1414|0.001 0.07799812742391943 -0.0578362107509689 0.00925357988372566
1000 1000 1000 1000 1000 1000 1000 1000 1000 1000 1000 1414 1414 1414|0.001 0.04554403562249787 -0.07818358878188936 0.021094371918752852
1000 1000 1000 1000 1000 1000 1000 1000 1000 1000 1000 1414 1414 1414|0.001 -0.01024954034202663 -0.15942994475983907 0.05543604761008014
1000 1000 1000 1000 1000 1000 1000 1000 1000 1000 1000 1414 1414 1414|0.001 0.09268130015831932 -0.044301216636999374 -0.010359803738908546
1000 1000 1000 1000 1000 1000 1000 1000 1000 1000 1000 1414 1414 1414|0.001 0.08913035439251482 -0.039346406405288414 0.008660112880130022
1000 1000 1000 1000 1000 1000 1000 1000 1000 1000 1000 1414 1414 1414|0.001 0.07899155154624138 -0.10014346592644441 0.018502555926775965
1000 1000 1000 1000 1000 1000 1000 1000 1000 1000 1000 1414 1414 1414|0.001 -0.00020638412377538273 -0.15098826105116148 0.05176675340951009
1000 1000 1000 1000 1000 1000 1000 1000 1000 1000 1000 1414 1414 1414|0.001 0.06988361694611811 -0.1122419570362243 0.018777635567015505
1000 1000 1000 1000 1000 1000 1000 1000 1000 1000 1000 1414 1414 1414|0.001 -0.011356875800079269 -0.1595011478417241 0.04990218920654099
1000 1000 1000 1000 1000 1000 1000 1000 1000 1000 1000 1414 1414 1414|0.001 0.11268736748968555 -0.06353613496394517 0.0005788681321527989
1000 1000 1000 1000 1000 1000 1000 1000 1000 1000 1000 1414 1414 1414|0.001 0.0373928100524612 -0.10181342960389972 0.015449504110065515
1000 1000 1000 1000 1000 1000 1000 1000 1000 1000 1000 1414 1414 1414|0.001 0.00031926384019609344 -0.12451612075575991 0.017453067997927896
625 1000 625 333 333 333 333 1000 625 1000 625 1179 1054 708|0.001 0.03117213650122297 -0.0923317955265146 0.007162881833964185
3000 1000 3000 1875 1875 1875 1875 1000 3000 1000 3000 3162 2125 3538|0.001 0.08870276483539774 -0.02320437811811793 -0.017919196208469046
533 1000 533 1600 1600 1600 1600 1000 533 1000 533 1133 1887 1687|0.001 0.02281466399064902 -0.1211971577626536 0.004323728987796205
1600 1000 1600 533 533 533 533 1000 1600 1000 1600 1887 1133 1687|0.001 0.017595060789168393 -0.08100740570702203 0.013485433584528028
1875 1000 1875 3000 3000 3000 3000 1000 1875 1000 1875 2125 3162 3538|0.001 0.09632688599294337 -0.08294487565572939 -0.006280442040849099
333 1000 333 625 625 625 625 1000 333 1000 333 1054 1179 708|0.001 -0.011282354729781341 -0.12084457235414958 0.028949450071296123
625 1000 625 333 333 333 333 1000 625 1000 625 1179 1054 708|0.001 0.08363978823117568 -0.03946034501220996 -0.014628585367707503
533 1000 533 1600 1600 1600 1600 1000 533 1000 533 1133 1887 1687|0.001 0.0647661357688678 -0.0642097547787912 -0.013952238514521875
3000 1000 3000 1875 1875 1875 1875 1000 3000 1000 3000 3162 2125 3538|0.001 0.09338378338940023 -0.022558522383021584 -0.000292512656708821
1600 1000 1600 533 533 533 533 1000 1600 1000 1600 1887 1133 1687|0.001 0.10735016555578403 -0.05745979146668745 0.002206784992277999
333 1000 333 625 625 625 625 1000 333 1000 333 1054 1179 708|0.001 0.029157049219497022 -0.12529756559372718 0.020462075448859363
1875 1000 1875 3000 3000 3000 3000 1000 1875 1000 1875 2125 3162 3538|0.001 0.08459325814287544 -0.07610858038235913 -0.006058424080522817
1875 1000 1875 3000 3000 3000 3000 1000 1875 1000 1875 2125 3162 3538|0.001 0.11427587450702603 -0.056093370055079195 -0.011641760974713256
333 1000 333 625 625 625 625 1000 333 1000 333 1054 1179 708|0.001 0.13633683245680261 -0.04125053660766098 -0.01934901520386778
1600 1000 1600 533 533 533 533 1000 1600 1000 1600 1887 1133 1687|0.001 0.16291913743037512 -0.0036584922612870052 -0.04403598143067455
3000 1000 3000 1875 1875 1875 1875 1000 3000 1000 3000 3162 2125 3538|0.001 0.07741621057110848 -0.06339956783649958 -0.027708387668040624
533 1000 533 1600 1600 1600 1600 1000 533 1000 533 1133 1887 1687|0.001 0.06705760861069221 -0.09180534496936454 0.00043106965587735857
625 1000 625 333 333 333 333 1000 625 1000 625 1179 1054 708|0.001 0.03346379672873878 -0.10056872466340794 0.01600356046073559
1875 1000 1875 3000 3000 3000 3000 1000 1875 1000 1875 2125 3162 3538|0.001 -0.0063926286245219455 -0.13934436785641324 0.039305725432148275
1600 1000 1600 533 533 533 533 1000 1600 1000 1600 1887 1133 1687|0.001 0.08492007522751033 -0.02056845700875387 -0.01785685410347182
333 1000 333 625 625 625 625 1000 333 1000 333 1054 1179 708|0.001 0.04933947852633791 -0.0725971349151211 -0.009860697810201158
3000 1000 3000 1875 1875 1875 1875 1000 3000 1000 3000 3162 2125 3538|0.001 0.11368649231449757 -0.014840682185960352 -0.011340451574936017
533 1000 533 1600 1600 1600 1600 1000 533 1000 533 1133 1887 1687|0.001 0.05376404334931584 -0.0902388250848285 0.03336076117683495
625 1000 625 333 333 333 333 1000 625 1000 625 1179 1054 708|0.001 0.12186417769593172 -0.036010036376254995 -0.008889221714766249
1744 1000 581 310 581 581 310 1036 1744 1036 581 1419 1157 1838|0.001 0.039494185937634096 -0.1539533097872403 0.0292695444163793
3342 1875 3226 1875 1875 5625 5625 1000 3342 1875 3226 3731 2125 4660|0.001 0.040528525338903165 -0.0668385325280152 0.013173920274995865
533 1000 533 1720 1720 1783 1783 3000 1000 3000 1000 1133 2441 1990|0.001 0.34288122482317274 -0.04076497952281488 0.01663859598290962
573 333 573 333 333 178 178 1000 594 333 594 814 1054 600|0.001 0.1301675197181429 -0.05671330739349112 0.0007176059752111996
3000 1000 3000 1720 1783 1783 1720 533 1000 533 1000 3162 1801 2486|0.001 0.030480683705025324 -0.0970490629738896 0.03027279790776438
310 1036 581 1744 581 581 1744 1000 310 1036 581 1047 1419 659|0.001 0.08905534054864273 -0.052635370219493716 -0.057010348598488525
581 1000 1744 581 310 310 581 1036 581 1036 1744 1419 1047 659|0.001 0.04005978885933681 -0.04480323977164247 -0.022335901732045693
333 1000 333 573 573 594 594 333 178 333 178 1054 814 600|0.001 0.05218854373796766 -0.0424665459774487 -0.013757604189628125
1783 533 1720 3000 3000 1000 1000 1000 1783 533 1720 1801 3162 2486|0.001 0.12997405770388326 -0.03599145232162315 -0.009463209003170991
1720 3000 1720 533 533 1000 1000 1000 1783 3000 1783 2441 1133 1990|0.001 -0.021409969462992118 -0.06795924686947563 -0.0023852929247170085
581 1036 310 581 1744 1744 581 1000 581 1036 310 1157 1419 1838|0.001 0.06680989421989691 -0.20644698573447973 0.1588356721962958
1875 1000 1875 3226 3342 3342 3226 1875 5625 1875 5625 2125 3731 4660|0.001 0.1466891956833405 -0.06893602034409474 0.01902088639826882
1875 1000 1875 3342 3226 3226 3342 1875 5625 1875 5625 2125 3377 4577|0.001 0.09246338538383636 -0.07998342900166433 -0.00393758076948636
561 965 299 561 1683 1683 561 1000 561 965 299 1010 1394 1774|0.001 0.08933221221799403 -0.17885884924687345 0.23093068810208894
1783 3000 1783 533 533 1000 1000 1000 1720 3000 1720 2486 1133 1801|0.001 -0.014027127931869332 -0.06236491073172923 -0.0012282131128094065
1720 533 1783 3000 3000 1000 1000 1000 1720 533 1783 1990 3162 2441|0.001 0.1271123846355593 -0.08449145133444524 -0.029696349667988065
333 1000 333 594 594 573 573 333 178 333 178 1054 829 663|0.001 -0.00010724477283230449 -0.08741690878042774 0.019307383191360383
561 1000 1683 561 299 299 561 965 561 965 1683 1394 1116 636|0.001 0.056939681043628454 -0.03969229747275871 -0.03582404570518172
3000 1000 3000 1783 1720 1720 1783 533 1000 533 1000 3162 1990 2441|0.001 0.0778549676168816 -0.062632915886075 -0.023048953180450082
594 333 594 333 333 178 178 1000 573 333 573 829 1054 663|0.001 0.13707565488487283 -0.10300397071458134 0.030923760044974102
299 965 561 1683 561 561 1683 1000 299 965 561 1116 1394 636|0.001 0.09675532118361696 -0.047087284250840744 -0.067598108212793
3226 1875 3342 1875 1875 5625 5625 1000 3226 1875 3342 3377 2125 4577|0.001 -0.05353097518620231 -0.09844533267956868 0.021274180546793087
533 1000 533 1783 1783 1720 1720 3000 1000 3000 1000 1133 2486 1801|0.001 0.2491756795683986 -0.10993439805129346 0.04355893645858089
1683 1000 561 299 561 561 299 965 1683 965 561 1394 1010 1774|0.001 0.1119720004006508 -0.18174091682400806 0.08163873913719755
625 1000 625 690 1114 1114 690 1875 1875 1875 1875 1179 1998 1553|0.001 0.09635196566168958 -0.10348332105522773 0.007056957041429168
2719 1615 1450 906 2719 2719 906 1000 2719 1615 1450 2897 1861 3845|0.001 0.07896908970399741 -0.16521003494787134 0.23791132326977493
1104 3000 1104 1600 1600 3000 3000 1000 1783 3000 1783 2054 1887 3197|0.001 0.014740635004359959 -0.05395951834269552 0.005314324153637973
1600 1000 1600 1783 1783 1104 1104 3000 3000 3000 3000 1887 2486 1944|0.001 0.13851745854256414 -0.0610729637555274 -0.0008883541377202597
1683 1000 561 898 1683 1683 898 619 1683 619 561 1394 1090 2380|0.001 0.04348772911126453 -0.30435061130984264 0.09083366351547495
690 1875 1114 625 625 1875 1875 1000 690 1875 1114 1215 1179 1284|0.001 0.04377169551284865 -0.0765110056228524 -0.007710633009034851
625 1000 625 1114 690 690 1114 1875 1875 1875 1875 1179 1215 1284|0.001 0.018246615872539174 -0.10346096231007129 0.010127859752040447
1783 3000 1783 1600 1600 3000 3000 1000 1104 3000 1104 2486 1887 1944|0.001 -0.00017874259069960985 -0.05078881222442044 0.00837773985345347
1683 619 898 561 1683 1683 561 1000 1683 619 898 1090 1394 2380|0.001 0.08089067904336833 -0.20574156186417558 0.2136057783174583
1600 1000 1600 1104 1104 1783 1783 3000 3000 3000 3000 1887 2054 3197|0.001 0.25501685757902903 -0.11288267188820589 0.008792210135535328
1114 1875 690 625 625 1875 1875 1000 1114 1875 690 1998 1179 1553|0.001 -0.06552935617918143 -0.1078789329836316 0.01673911805838868
2719 1000 906 1450 2719 2719 1450 1615 2719 1615 906 1861 2897 3845|0.001 0.08801550268391356 -0.1849608107588241 0.03412350808277509
906 1000 2719 2719 1450 1450 2719 1615 906 1615 2719 1861 1761 1710|0.001 0.055030488875538186 -0.03306358245550922 -0.02923732856675465
594 533 368 1000 1000 333 333 1000 594 533 368 648 1414 829|0.001 0.11554044923172802 -0.04010179350978693 -0.02016899933129701
1000 1000 1000 368 368 594 594 333 533 333 533 1414 685 648|0.001 0.03024174286746506 -0.06149050120772048 0.008708517270830107
898 619 1683 1683 561 561 1683 1000 898 619 1683 1793 1394 1058|0.001 0.09058494098607817 -0.015152298118302765 -0.06155910987431956
594 333 594 1000 1000 533 533 1000 368 333 368 829 1414 1066|0.001 0.0857678233562531 -0.06285096626132858 -0.005032879093700426
1000 1000 1000 594 368 368 594 533 333 533 333 1414 1066 685|0.001 0.03186615760717437 -0.06995145479343323 0.0009340744600394579
561 1000 1683 1683 898 898 1683 619 561 619 1683 1394 1793 1058|0.001 0.051781982470906485 -0.03411378493305861 -0.02851145762046481
1000 1000 1000 594 594 368 368 333 533 333 533 1414 829 1066|0.001 0.020346312973194003 -0.09512032806856974 0.005532782735868658
368 533 594 1000 1000 333 333 1000 368 533 594 1066 1414 685|0.001 0.1378143872774773 -0.06707491302171187 -0.017156318963342798
1450 1615 2719 2719 906 906 2719 1000 1450 1615 2719 1761 1861 1710|0.001 0.06538878470414566 -0.0475641937197091 -0.05050491096662779
368 333 368 1000 1000 533 533 1000 594 333 594 685 1414 648|0.001 0.1592408187565275 -0.049134533588529594 -0.021061233040395866
1000 1000 1000 368 594 594 368 533 333 533 333 1414 648 829|0.001 0.06833171310703712 -0.03451214994227625 -0.02159426734029468
333 1000 333 1000 1000 1000 1000 1000 333 1000 333 1054 1414 1054|0.001 0.08030640585981796 -0.02325926952054469 -0.01746798242290959
1000 1000 1000 333 333 333 333 1000 1000 1000 1000 1414 1054 1054|0.001 0.0716084310036158 -0.06286375911810138 -0.00917663749414488
3000 1000 3000 3000 3000 3000 3000 1000 3000 1000 3000 3162 3162 4243|0.001 0.06587358241761931 -0.08120758209881784 0.0033302352419428694
3000 1000 3000 3000 3000 3000 3000 1000 3000 1000 3000 3162 3162 4243|0.001 0.08998207685266602 -0.05245200429261021 -0.03284065470354425
333 1000 333 1000 1000 1000 1000 1000 333 1000 333 1054 1414 1054|0.001 0.13183735745197378 0.0015380555490773773 -0.027439094378207685
1000 1000 1000 333 333 333 333 1000 1000 1000 1000 1414 1054 1054|0.001 0.040675552521578506 -0.1208627562770126 0.0149714052775618
333 1000 333 1000 1000 1000 1000 1000 333 1000 333 1054 1414 1054|0.001 0.11852634886547753 -0.07343273576623677 -0.014445911906074693
3000 1000 3000 3000 3000 3000 3000 1000 3000 1000 3000 3162 3162 4243|0.001 0.09392885176614296 -0.06178856561888213 -0.011892271647854225
1000 1000 1000 333 333 333 333 1000 1000 1000 1000 1414 1054 1054|0.001 0.010526345853985042 -0.15456342142907364 0.020686752222356386
3000 1000 3000 3000 3000 3000 3000 1000 3000 1000 3000 3162 3162 4243|0.001 0.1271475426666746 -0.021945166927724857 -0.006073649310561757
1000 1000 1000 333 333 333 333 1000 1000 1000 1000 1414 1054 1054|0.001 0.049155107796081676 -0.11651608293446025 0.0016543617834474666
333 1000 333 1000 1000 1000 1000 1000 333 1000 333 1054 1414 1054|0.001 0.0749488245953045 -0.03656028717992532 -0.016587477422619346
333 1000 333 1000 1000 1000 1000 1000 333 1000 333 1054 1414 1054|0.001 0.0880408955228984 -0.06610769212622714 0.013006078211161842
1000 1000 1000 333 333 333 333 1000 1000 1000 1000 1414 1054 1054|0.001 0.1223053576033184 -0.03720871469116371 -0.026961469425009765
3000 1000 3000 3000 3000 3000 3000 1000 3000 1000 3000 3162 3162 4243|0.001 0.0060105449199543415 -0.130045829937544 0.024185615055585252
1000 1000 1000 333 333 333 333 1000 1000 1000 1000 1414 1054 1054|0.001 0.04651588174756194 -0.05009924365421803 -0.006064628468398503
3000 1000 3000 3000 3000 3000 3000 1000 3000 1000 3000 3162 3162 4243|0.001 0.07026635193602138 -0.09688192273597185 0.0004394841096222457
333 1000 333 1000 1000 1000 1000 1000 333 1000 333 1054 1414 1054|0.001 0.036295503680312535 -0.12780931678417096 0.03737084899664289
333 1000 333 1000 1000 1000 1000 1000 333 1000 333 1054 1414 1054|0.001 0.04795985929833657 -0.11201173998969693 0.02550010225711663
3000 1000 3000 3000 3000 3000 3000 1000 3000 1000 3000 3162 3162 4243|0.001 0.04836065973758297 -0.08883844471181512 0.0023411231143199984
1000 1000 1000 333 333 333 333 1000 1000 1000 1000 1414 1054 1054|0.001 0.009608256530120318 -0.1611724989502472 0.060165002684660074
1000 1000 1000 333 333 333 333 1000 1000 1000 1000 1414 1054 1054|0.001 0.07012113017397237 -0.05136086763456893 -0.013826995403469766
3000 1000 3000 3000 3000 3000 3000 1000 3000 1000 3000 3162 3162 4243|0.001 0.05224101826802885 -0.09784807483026459 -0.0054948630359963335
333 1000 333 1000 1000 1000 1000 1000 333 1000 333 1054 1414 1054|0.001 0.010834905838776887 -0.08074434203253156 0.011763738621495268
333 1000 333 178 178 178 178 1000 333 1000 333 1054 1016 378|0.001 0.09704160006117846 -0.07439675389951383 -0.03537876305588883
5625 1000 5625 1875 1875 1875 1875 1000 5625 1000 5625 5713 2125 5929|0.001 0.04271259627590451 -0.07436549670244208 -0.002064412001473448
533 1000 533 3000 3000 3000 3000 1000 533 1000 533 1133 3162 3047|0.001 0.12729348162398235 -0.04119426357347411 -0.0010793355066640586
3000 1000 3000 533 533 533 533 1000 3000 1000 3000 3162 1133 3047|0.001 0.0055073458948018406 -0.10825012147788637 0.029592198250942836
1875 1000 1875 5625 5625 5625 5625 1000 1875 1000 1875 2125 5713 5929|0.001 -0.02086735622701341 -0.16927840028058805 0.05783896957443968
178 1000 178 333 333 333 333 1000 178 1000 178 1016 1054 378|0.001 0.11347606977219149 0.006237762648491074 -0.01141269419576929
333 1000 333 178 178 178 178 1000 333 1000 333 1054 1016 378|0.001 0.1043368485012075 -0.03843277181083016 -0.02607925630251917
533 1000 533 3000 3000 3000 3000 1000 533 1000 533 1133 3162 3047|0.001 0.13217167595803492 0.010634695041404907 -0.026501464435609856
5625 1000 5625 1875 1875 1875 1875 1000 5625 1000 5625 5713 2125 5929|0.001 0.11740002025832252 -0.014949954167251533 -0.03953782953052043
3000 1000 3000 533 533 533 533 1000 3000 1000 3000 3162 1133 3047|0.001 0.0020630568239621283 -0.15424410189783133 0.04866339336917713
178 1000 178 333 333 333 333 1000 178 1000 178 1016 1054 378|0.001 0.08774154349849628 -0.07599841827539366 0.0023449012362619648
1875 1000 1875 5625 5625 5625 5625 1000 1875 1000 1875 2125 5713 5929|0.001 0.12258225915197762 -0.03570997863987846 -0.02557019727224885
1875 1000 1875 5625 5625 5625 5625 1000 1875 1000 1875 2125 5713 5929|0.001 0.06314211790453772 -0.08471320987418762 0.02494667442716869
178 1000 178 333 333 333 333 1000 178 1000 178 1016 1054 378|0.001 0.006148030564614437 -0.14045079843368669 0.04064116682748198
3000 1000 3000 533 533 533 533 1000 3000 1000 3000 3162 1133 3047|0.001 0.016891951785797943 -0.10535248528468988 0.026966515324933216
5625 1000 5625 1875 1875 1875 1875 1000 5625 1000 5625 5713 2125 5929|0.001 0.09668897091019035 -0.06531991491832145 -0.03135341728698671
533 1000 533 3000 3000 3000 3000 1000 533 1000 533 1133 3162 3047|0.001 0.04567196027306819 -0.11070461649541619 0.02340891508204379
333 1000 333 178 178 178 178 1000 333 1000 333 1054 1016 378|0.001 0.08796247837814075 -0.0683477357839013 -0.005226034861093298
1875 1000 1875 5625 5625 5625 5625 1000 1875 1000 1875 2125 5713 5929|0.001 0.04255071225074181 -0.1307932142795365 0.026551958210498938
3000 1000 3000 533 533 533 533 1000 3000 1000 3000 3162 1133 3047|0.001 0.16271759584434387 0.007264771232318168 -0.0592930399498004
178 1000 178 333 333 333 333 1000 178 1000 178 1016 1054 378|0.001 0.010014411003622659 -0.11479701301541856 0.028060049606672965
5625 1000 5625 1875 1875 1875 1875 1000 5625 1000 5625 5713 2125 5929|0.001 0.02103083587884136 -0.14399892452480412 0.03023227100739101
533 1000 533 3000 3000 3000 3000 1000 533 1000 533 1133 3162 3047|0.001 0.007922157951689712 -0.1616925010145509 0.06167864425139724
333 1000 333 178 178 178 178 1000 333 1000 333 1054 1016 378|0.001 0.1583899972808389 -0.0004697939021636177 -0.03344640553413547
906 1000 906 1000 1000 1000 1000 1000 2719 1000 2719 1350 1282 1861|0.001 0.03575138534597011 -0.14336501396055024 0.032581035724568164
1104 3000 1104 1104 1104 1104 1104 1000 1104 3000 1104 2054 1489 1414|0.001 0.12336821156833766 -0.007916076181775367 -0.014862390776834156
1104 1000 1104 1104 1104 1104 1104 3000 1104 3000 1104 1489 2054 1694|0.001 0.1183235475793154 -0.17713344053092328 0.05763089797275134
2719 1000 906 1000 1000 1000 1000 1000 2719 1000 906 1861 1535 2897|0.001 0.06435480661058923 -0.2985553275849817 0.024222936780871063
1000 1000 1000 906 906 2719 2719 1000 1000 1000 1000 1535 1350 1861|0.001 0.09796923907261945 -0.08280655304819362 0.033498856260452126
906 1000 906 1000 1000 1000 1000 1000 2719 1000 2719 1350 1535 1861|0.001 0.011400581297602574 -0.12453285682861748 0.027292153234592664
1104 3000 1104 1104 1104 1104 1104 1000 1104 3000 1104 2054 1489 1694|0.001 0.09099966626838318 -0.021102367495682284 -0.021473783782702816
1104 1000 1104 1104 1104 1104 1104 3000 1104 3000 1104 1489 2054 1414|0.001 0.08766234401796913 -0.14867809569653168 0.030087642030238726
1000 1000 1000 906 906 2719 2719 1000 1000 1000 1000 1282 1350 1861|0.001 0.05884199398793255 -0.10675183862493887 0.014940931559652704
2719 1000 906 1000 1000 1000 1000 1000 2719 1000 906 1861 1282 2897|0.001 0.10374105847631654 -0.206914619188856 -0.008777169011922048
906 1000 2719 1000 1000 1000 1000 1000 906 1000 2719 1861 1535 1350|0.001 0.016413541109800978 -0.04624891779238416 0.020753044355150685
368 1000 368 368 368 368 368 333 368 333 368 1066 685 565|0.001 0.04743407886927287 -0.01944334937484915 -0.020040400385326063
1000 1000 1000 2719 906 906 2719 1000 1000 1000 1000 1282 1861 1350|0.001 0.07463116250815416 -0.09855890413755453 -0.052651683405202654
368 333 368 368 368 368 368 1000 368 333 368 685 1066 471|0.001 0.12695207207156445 -0.07584235824645846 0.01130048770025871
2719 1000 2719 1000 1000 1000 1000 1000 906 1000 906 2897 1282 1861|0.001 0.1737312720508477 -0.00926680805661606 -0.05218228506021272
906 1000 2719 1000 1000 1000 1000 1000 906 1000 2719 1861 1282 1350|0.001 -0.001330622193582709 -0.0509453184924602 0.020207708526296386
368 1000 368 368 368 368 368 333 368 333 368 1066 685 471|0.001 0.04982593241781297 -0.07888484563520537 -0.031788260294780546
1000 1000 1000 2719 906 906 2719 1000 1000 1000 1000 1535 1861 1350|0.001 0.12375847448269361 -0.04060114103164425 -0.09377059413348876
368 333 368 368 368 368 368 1000 368 333 368 685 1066 565|0.001 0.12684948880309577 -0.13001302842828855 0.0031736532503812143
2719 1000 2719 1000 1000 1000 1000 1000 906 1000 906 2897 1535 1861|0.001 0.0877331203591658 -0.09273756359946872 0.010386866201510525
333 1000 333 368 368 368 368 1000 1000 1000 1000 1054 1066 685|0.001 0.0230334576554303 -0.13800760724298922 0.0364340546987707
1104 3000 1104 3000 3000 3000 3000 1000 1104 3000 1104 2054 3162 3197|0.001 0.1069271469354538 -0.007544260092011701 -0.0071820066583416775
3000 1000 3000 1104 1104 1104 1104 3000 3000 3000 3000 3162 2054 3197|0.001 0.18465329021651655 -0.14013914893628132 0.03648008768158073
2719 1000 906 2719 2719 2719 2719 1000 2719 1000 906 1861 2897 3845|0.001 0.11102543835426193 -0.08928096382842865 -0.009226802085037233
368 1000 368 333 333 1000 1000 1000 368 1000 368 1066 1054 685|0.001 0.08430105570628399 -0.09069150791013669 0.019991184370131698
333 1000 333 368 368 368 368 1000 1000 1000 1000 1054 1066 685|0.001 0.06949140263509346 -0.08590331784794847 0.03130552136782594
1104 3000 1104 3000 3000 3000 3000 1000 1104 3000 1104 2054 3162 3197|0.001 0.06911794841883978 -0.024553046573758674 -0.01929602056176316
3000 1000 3000 1104 1104 1104 1104 3000 3000 3000 3000 3162 2054 3197|0.001 0.2395431093997713 -0.08053496270262861 -0.029134249260936995
368 1000 368 333 333 1000 1000 1000 368 1000 368 1066 1054 685|0.001 0.07001808661861064 -0.09764800994880196 0.029229664220382645
2719 1000 906 2719 2719 2719 2719 1000 2719 1000 906 1861 2897 3845|0.001 0.14639586854074071 -0.06333398571630511 -0.02259133682182779
906 1000 2719 2719 2719 2719 2719 1000 906 1000 2719 1861 2897 2866|0.001 0.015337422684236213 -0.050549936472519263 0.026935279328912376
1000 1000 1000 368 368 368 368 333 1000 333 1000 1414 685 1066|0.001 0.026757723970813885 -0.07915229926513945 0.001687435329023046
2719 1000 2719 2719 906 906 2719 1000 2719 1000 2719 2897 1861 2866|0.001 0.07690184651434118 -0.09210693361532574 -0.05609725804838095
368 333 368 1000 1000 1000 1000 1000 368 333 368 685 1414 1066|0.001 0.1421080533084429 -0.05259903455838266 -0.027548618979522654
1000 1000 1000 368 368 368 368 1000 333 1000 333 1414 1066 685|0.001 0.0732334996903683 -0.08382024417309286 0.02370871941825614
906 1000 2719 2719 2719 2719 2719 1000 906 1000 2719 1861 2897 2866|0.001 -0.014811428352672351 -0.04558178101766841 0.020737720632766354
1000 1000 1000 368 368 368 368 333 1000 333 1000 1414 685 1066|0.001 0.010813092502151012 -0.08670597471786112 0.006646889198080874
2719 1000 2719 2719 906 906 2719 1000 2719 1000 2719 2897 1861 2866|0.001 0.06334001989712457 -0.09961185072778433 -0.04460757664630832
368 333 368 1000 1000 1000 1000 1000 368 333 368 685 1414 1066|0.001 0.09817438195616646 -0.10408048824924632 0.02339567215665861
1000 1000 1000 368 368 368 368 1000 333 1000 333 1414 1066 685|0.001 0.005899854858610887 -0.14211427446762404 0.05053363351926299
696 533 943 943 177 94 503 1260 701 672 1040 1373 1016 702|0.001 0.1352276943688291 -0.06693098013814458 -0.09407754464891838
1336 188 1061 1000 1104 743 738 533 713 100 566 1077 1133 1712|0.001 0.07329305646622597 -0.02603600231293357 -0.005662419586786038
533 1104 1000 1061 566 713 1336 738 100 743 188 1133 1456 574|0.001 0.09263524461274208 -0.05046207017822324 -0.026348899519367253
766 1355 1437 254 135 722 1355 1007 965 1495 1810 1071 1009 1053|0.001 0.0920731889372628 -0.050640667534711525 -0.03105897318396389
3965 533 3937 5657 7126 3800 3017 5333 5885 2844 5333 3973 7775 4602|0.001 0.33737338926025595 -0.09149816635977137 -0.026579710288475722
943 1260 177 696 943 1040 701 533 503 672 94 1374 745 1069|0.001 0.02814302102637667 -0.5079644344988787 0.006656417943067261
177 1260 943 1768 1305 1314 1951 1875 331 2362 1768 1016 1398 1346|0.001 0.017708314151207993 -0.030387464021126576 0.020674966611011758
5657 5333 7126 3965 3937 5333 5885 533 3017 2844 3800 5745 4062 4216|0.001 0.11538577807946648 0.003364253840756337 -0.022418155572997422
7382 1875 7434 7126 5657 10607 13361 5333 10000 10000 11035 7450 5745 14560|0.001 0.28973819466922457 -0.101489529731974 -0.01644709664358035
1797 1484 959 135 252 1345 717 993 1427 1345 761 2303 1002 1449|0.001 0.09278515748879501 -0.1603527794549664 0.15904766284946525
748 794 140 1043 1549 1403 1036 1875 1403 1488 263 806 2402 1590|0.001 0.09438574750327167 -0.4424262948228441 0.013867561976734777
1061 188 1336 2069 1875 1384 1394 1875 1989 352 2505 1458 2125 1482|0.001 0.17042838645293212 -0.11449789153351153 2.2924033309390524e-05
906 906 483 646 1211 961 513 674 170 669 91 1027 782 1321|0.001 0.0445065750399376 -0.18340267747712025 0.11660366449225856
1043 1875 1549 748 140 263 1403 794 1036 1488 1403 1211 1091 1045|0.001 0.00926010270198896 -0.08180507028324846 -0.0694606725175273
533 1000 533 566 566 713 713 200 100 200 100 1133 721 574|0.001 0.007649396741542525 -0.04436283852621181 0.011137010499318034
2000 1000 2000 5657 7126 7126 5657 5333 10000 5333 10000 2236 7775 8413|0.001 0.30340765820800586 -0.1615967323618006 0.03637430385255547
500 1000 500 2828 2828 3563 3563 5000 2667 5000 2667 1118 3606 3887|0.001 0.38384269673099825 -0.06799465053046516 -0.019521831588058536
1875 1000 1875 1061 1336 1336 1061 188 375 188 375 2125 1077 1577|0.001 0.04869206920534275 -0.056563623060750245 -0.03144067133438844
1875 1000 1875 1336 1061 1061 1336 188 375 188 375 2125 1458 1352|0.001 0.004365327766850946 -0.08350350347836932 0.011128210851669706
500 1000 500 3563 3563 2828 2828 5000 2667 5000 2667 1118 4206 2872|0.001 0.42675478370996167 -0.14050843505712618 0.045609177727354844
2000 1000 2000 7126 5657 5657 7126 5333 10000 5333 10000 2236 5745 7211|0.001 0.3829117698836759 -0.014035489417327796 -0.023329049134223068
533 1000 533 713 713 566 566 200 100 200 100 1133 841 777|0.001 0.06779203758675134 -0.016522044345588238 -0.040801065726832064
2032 1000 271 135 254 254 135 1007 2032 1007 271 1245 1032 2048|0.001 0.09766485704801875 -0.3207429103797954 0.03787709436594122
7434 1875 7382 2000 2000 15000 15000 1000 7434 1875 7382 7617 2236 9234|0.001 -0.014104278054392072 -0.10528161787456414 0.03696492051130207
500 1000 500 3691 3691 3717 3717 7500 938 7500 938 1118 4596 3808|0.001 0.4639353191046247 -0.17285878032920365 0.05181956596540527
492 133 492 125 125 67 67 1000 496 133 496 613 1008 497|0.001 0.13687042078710965 -0.10320079829229556 -0.020587224079432476
8000 1000 8000 3937 3965 3965 3937 533 1067 533 1067 8062 3973 4925|0.001 0.09213146983426901 -0.051099743877658366 -0.045304057225928895
135 1007 254 2032 271 271 2032 1000 135 1007 254 1009 1245 303|0.001 0.10073428575558374 -0.03899168138254194 -0.08789123336570559
125 1000 125 492 492 496 496 133 67 133 67 1008 613 497|0.001 0.0008564569770275199 -0.056622616826166317 0.003142419080388592
2000 1000 2000 7382 7434 7434 7382 1875 15000 1875 15000 2236 7617 9234|0.001 0.10553651372357198 -0.03796677918442293 -0.008845939356419974
2000 1000 2000 7434 7382 7382 7434 1875 15000 1875 15000 2236 7450 9192|0.001 0.10601435995437836 -0.03619172936465631 -0.009622850805626193
125 1000 125 496 496 492 492 133 67 133 67 1008 616 508|0.001 -0.0058200504649374984 -0.058170534667200124 0.014045194529217486
8000 1000 8000 3965 3937 3937 3965 533 1067 533 1067 8062 4062 4903|0.001 0.015550978083564981 -0.09542428031514616 0.021517648942910306
496 133 496 125 125 67 67 1000 492 133 492 616 1008 508|0.001 0.11367380076656719 -0.07009267604949909 -0.019033414429691087
135 993 252 2018 269 269 2018 1000 135 993 252 1025 1242 301|0.001 0.09432591026574011 -0.05207604220575979 -0.08238866973342418
7382 1875 7434 2000 2000 15000 15000 1000 7382 1875 7434 7450 2236 9192|0.001 -0.01877982175534809 -0.10055246248088068 0.0012393996030768406
500 1000 500 3717 3717 3691 3691 7500 938 7500 938 1118 4617 3725|0.001 0.3586506916116816 -0.12404236319397799 0.01955189723975126
2018 1000 269 135 252 252 135 993 2018 993 269 1242 1002 2033|0.001 0.1178742119300713 -0.21788151423187796 0.04000686984873436
1305 1875 1768 943 177 331 1768 1260 1314 2362 1951 1398 1016 1346|0.001 0.021649135282886256 -0.08451733357364155 -0.075394998277164
1336 188 1061 1875 2069 1394 1384 1875 2505 352 1989 1077 2652 1618|0.001 0.22556813105134577 -0.03301524853931648 -0.036951038781490864
1000 1104 533 566 1061 1336 713 738 188 743 100 1414 791 1077|0.001 0.07549505371666765 -0.1435272387419151 0.07768723888696316
1437 1355 766 135 254 1355 722 1007 1810 1495 965 1972 1032 1975|0.001 0.07371699616275595 -0.18692905714720487 0.1004594655964608
7434 1875 7382 5657 7126 13361 10607 5333 11035 10000 10000 7617 7775 17117|0.001 0.4276511530758853 -0.08237749394633731 0.015337466286451384
943 1260 177 1305 1768 1951 1314 1875 1768 2362 331 1374 2574 2500|0.001 0.12257859113972147 -0.3150334555656209 0.01734970994757612
7126 5333 5657 3937 3965 5885 5333 533 3800 2844 3017 7775 3973 4602|0.001 0.06776398001266504 -0.00713066134314988 -0.021685265354074446
140 794 748 1549 1043 1036 1403 1875 263 1488 1403 1091 1211 1045|0.001 0.009149090159001894 -0.03137565796056174 0.01827851052050411
3937 533 3965 7126 5657 3017 3800 5333 5333 2844 5885 4062 5745 4216|0.001 0.34496189495628826 -0.11572246160917454 0.01091507038728512
959 1484 1797 252 135 717 1345 993 761 1345 1427 1161 1025 773|0.001 0.0782449745334346 -0.04955933400168533 -0.05012076792200948
748 794 140 556 826 748 553 533 399 423 75 806 646 1058|0.001 0.027420675692215735 -0.3691535068976959 0.02919135642969861
1061 188 1336 1104 1000 738 743 533 566 100 713 1458 1414 1456|0.001 0.0729252937689906 -0.06765876567120577 0.029683409917926618
483 906 906 1211 646 513 961 674 91 669 170 1282 1551 705|0.001 0.09702619002208035 -0.03374543836724753 -0.05458165109013535
556 533 826 748 140 75 399 794 553 423 748 1281 1091 570|0.001 0.1274420050328251 -0.07076258880417963 -0.07363204450509975
3000 1000 3000 1061 1336 1336 1061 188 1500 188 1500 3162 1077 2507|0.001 0.0021091230084868684 -0.04881191551163955 0.012612564531191417
1414 1000 2828 943 177 177 943 1260 1414 1260 2828 2236 1016 1425|0.001 0.09138544701449147 -0.029945331794699603 -0.07938901830680911
1336 188 1061 3000 3000 1500 1500 1000 1336 188 1061 1077 3162 2507|0.001 0.09905330418767289 -0.013497162692700515 -0.00988831611718477
333 1000 333 354 354 445 445 500 62 500 62 1054 791 359|0.001 0.01922103308160228 -0.07103004507573507 0.019013364631990104
707 2000 707 125 125 667 667 1000 891 2000 891 1581 1008 972|0.001 -0.045634454526362056 -0.10818278333257325 -0.014839307915047728
943 1260 177 1414 2828 2828 1414 1000 943 1260 177 1374 2236 2981|0.001 0.04157230644117549 -0.29423824959922795 0.0390675974538679
8000 1000 8000 5657 7126 7126 5657 5333 16000 5333 16000 8062 7775 13371|0.001 0.4877008472814093 -0.056812577464420144 -0.023905281109519727
125 1000 125 707 707 891 891 2000 667 2000 667 1008 1581 972|0.001 0.08050095364883436 -0.08810617585714331 -0.005416985466127899
1061 188 1336 3000 3000 1500 1500 1000 1061 188 1336 1458 3162 2372|0.001 0.09665438514092406 -0.04431669438904273 0.005707803051990812
333 1000 333 445 445 354 354 500 62 500 62 1054 836 486|0.001 0.03231747172748989 -0.09730543920216328 0.012623190709026844
1123 1000 2245 748 140 140 748 794 1123 794 2245 1876 1091 1131|0.001 0.10262826239247458 -0.043130482223863176 -0.08200653600888619
3000 1000 3000 1336 1061 1061 1336 188 1500 188 1500 3162 1458 2372|0.001 0.008408268288757625 -0.05260036618486952 0.002844847042433596
125 1000 125 891 891 707 707 2000 667 2000 667 1008 1671 718|0.001 0.16025308589756593 -0.08391711545459812 0.019190898392256184
8000 1000 8000 7126 5657 5657 7126 5333 16000 5333 16000 8062 5745 12649|0.001 0.5270996163505659 -0.06780750552409454 0.005002866731576017
748 794 140 1123 2245 2245 1123 1000 748 794 140 806 1876 2367|0.001 0.028661646306558097 -0.20341913393451483 0.06414358500322459
891 2000 891 125 125 667 667 1000 707 2000 707 1671 1008 718|0.001 0.007357945248480657 -0.0893968539443657 -0.015050922350056117
573 533 333 354 354 189 189 1000 528 533 246 629 1061 673|0.001 0.08452294612504963 -0.01494380567468201 -0.00874510212041879
2828 1000 2828 943 696 1492 1622 533 1508 533 1508 3000 1373 1661|0.001 0.010081758408853059 -0.06330531975792919 0.00840069002554733
566 738 1061 3000 1600 1600 3000 1720 566 1583 1061 1456 1887 1697|0.001 0.12264474115461832 -0.032710440024730225 -0.06690185366339918
930 581 1744 616 329 329 616 920 930 429 1744 1838 1174 986|0.001 0.0966811204611373 -0.041525395625561234 -0.04908536474390934
1492 533 1622 2828 2828 1508 1508 1000 696 533 943 1904 3000 2913|0.001 0.09261621666486475 -0.14033266117863819 0.0350346615212227
354 1000 354 573 333 246 528 533 189 533 189 1061 1054 485|0.001 0.09666576556661255 -0.034112213332531116 -0.039493948118474176
625 1875 1075 354 354 663 663 1000 461 1875 989 1179 1061 494|0.001 0.01971050304036437 -0.059665139684879076 0.0059516698490313935
616 920 329 930 1744 1744 930 581 616 429 329 935 1097 1849|0.001 0.042292721058254656 -0.22039259614134887 0.08934423113988288
2828 1000 2828 3041 2798 1305 1768 1875 5303 1875 5303 3000 2842 3115|0.001 0.03335985473655212 -0.09502276779753682 0.016457200656359028
3000 1720 1600 566 1061 1061 566 738 3000 1583 1600 3162 791 3182|0.001 0.0467741763318541 -0.094164583172065 0.05943159508745355
354 1000 354 625 1075 989 461 1875 663 1875 663 1061 1976 1005|0.001 0.08461174600278287 -0.08162365190728438 0.019196655967732568
1305 1875 1768 2828 2828 5303 5303 1000 2798 1875 3041 1398 3000 5462|0.001 0.01889768993881269 -0.07455798541675551 -0.007460540991122144
943 533 696 2828 2828 1508 1508 1000 1622 533 1492 745 3000 1779|0.001 0.10003213826029533 0.010149535041072966 -0.027476520178745245
354 1000 354 246 528 573 333 533 189 533 189 1061 587 536|0.001 0.05983845656964748 -0.010773881047236866 -0.012179013451910636
2167 2144 4064 1437 766 766 1437 1355 2167 2330 4064 2387 1071 2299|0.001 0.09140137655571978 -0.03562871306189486 -0.05130828830792189
2828 1000 2828 1492 1622 943 696 533 1508 533 1508 3000 1516 2981|0.001 0.08986126058128985 -0.009100748482043786 -0.01868051657503811
357 1087 670 1895 1011 1011 1895 466 357 632 670 1016 1952 1072|0.001 0.08397110240195849 -0.034739105775529744 -0.037742717989406316
246 533 528 354 354 189 189 1000 333 533 573 1030 1061 264|0.001 0.11962838841195422 -0.010457938954310242 -0.028647390579096266
3041 1875 2798 2828 2828 5303 5303 1000 1768 1875 1305 3571 3000 3335|0.001 0.0006109062333536919 -0.08381710313211 0.0015382851707457235
1895 466 1011 357 670 670 357 1087 1895 632 1011 1113 1276 2010|0.001 0.05667507694692597 -0.15317338272979542 0.006733680726489499
354 1000 354 989 461 625 1075 1875 663 1875 663 1061 1101 910|0.001 0.12606306883513163 -0.10707344025185139 0.037273206661994074
2828 1000 2828 1305 1768 3041 2798 1875 5303 1875 5303 3000 2574 5590|0.001 0.15286850068875868 -0.021269814572935086 -0.022978332720796635
1437 1355 766 2167 4064 4064 2167 2144 1437 2330 766 1972 4185 4310|0.001 0.05337059847977388 -0.051134756295887485 0.0387260616120777
989 1875 461 354 354 663 663 1000 1075 1875 625 1931 1061 1262|0.001 0.05040224493972234 -0.06341301020665546 0.019768375424800144
625 1000 625 354 354 354 354 1000 125 1000 125 1179 1061 451|0.001 0.11926003453124778 -0.044226202555217586 0.0076167366560531136
2828 1000 2828 1768 354 354 1768 1000 2828 1000 2828 3000 1275 2850|0.001 0.08969621598419408 -0.08500404197115285 -0.06732538008906608
566 200 566 1600 1600 1600 1600 1000 566 200 566 721 1887 1697|0.001 0.09415240557660409 -0.008791841143395152 -0.005767850841945643
1600 1000 1600 566 566 566 566 200 1600 200 1600 1887 721 1697|0.001 0.010667258616947617 -0.026430598244111536 -0.0011572620691002733
354 1000 1768 2828 2828 2828 2828 1000 354 1000 1768 1275 3000 2850|0.001 -0.015051462694550821 -0.03321121088813328 0.021568458359018106
625 1000 625 354 354 354 354 1000 125 1000 125 1179 1061 451|0.001 0.1316627747663235 -0.03634429856629762 -0.024797298215533115
566 200 566 1600 1600 1600 1600 1000 566 200 566 721 1887 1697|0.001 0.138662126615825 -0.0035363659411347115 -0.0479419922003832
2828 1000 2828 1768 354 354 1768 1000 2828 1000 2828 3000 1275 2850|0.001 0.08694084532473667 -0.08137517250264681 -0.07176510336605824
1600 1000 1600 566 566 566 566 200 1600 200 1600 1887 721 1697|0.001 0.007064461886272522 -0.029253492061864783 0.0008510580874721008
354 1000 1768 2828 2828 2828 2828 1000 354 1000 1768 1275 3000 2850|0.001 -0.016931883192751185 -0.03357146299497904 0.02248894797221679
1768 1000 354 2828 2828 2828 2828 1000 1768 1000 354 1275 3000 3335|0.001 0.08523324585803627 -0.39049603820053846 0.015630154500918536
354 1000 354 125 125 625 625 1000 354 1000 354 1061 1008 451|0.001 0.10429675817420492 -0.07455702729823321 0.011652872590166563
8000 1000 8000 2828 2828 2828 2828 5000 8000 5000 8000 8062 3606 8485|0.001 0.3125971894498103 -0.05063241076881053 0.006154381988185964
2828 5000 2828 8000 8000 8000 8000 1000 2828 5000 2828 3606 8062 8485|0.001 0.22044132722553345 0.014869343246894928 -0.021093977749387927
125 1000 125 354 354 354 354 1000 625 1000 625 1008 1061 451|0.001 0.03188211379049566 -0.03877146457281211 -0.001481155290509184
1768 1000 354 2828 2828 2828 2828 1000 1768 1000 354 1275 3000 3335|0.001 0.02878317865975033 -0.3948952127754046 0.023659801415778503
8000 1000 8000 2828 2828 2828 2828 5000 8000 5000 8000 8062 3606 8485|0.001 0.3034190272226134 -0.14312890122571087 0.0246864119800283
354 1000 354 125 125 625 625 1000 354 1000 354 1061 1008 451|0.001 0.06920579875332233 -0.11520753050797139 0.009269616893137211
2828 5000 2828 8000 8000 8000 8000 1000 2828 5000 2828 3606 8062 8485|0.001 0.23491087482723216 0.01662488271867435 -0.022965119704152492
125 1000 125 354 354 354 354 1000 625 1000 625 1008 1061 451|0.001 0.03733489986887495 -0.03034861051685489 -0.0036712643245162546
1075 1875 625 354 354 663 663 1000 989 1875 461 1976 1061 1005|0.001 0.059693857717724175 -0.05094784698780441 0.0007402683380997033
2828 1000 2828 1768 1305 2798 3041 1875 5303 1875 5303 3000 1398 5462|0.001 0.04957749874463735 -0.16431472921877188 0.0376873457331528
1061 738 566 1600 3000 3000 1600 1720 1061 1583 566 791 3162 3182|0.001 0.03212211837062107 -0.23957231868132478 0.10322371024764188
1744 581 930 329 616 616 329 920 1744 429 930 1097 935 1849|0.001 0.07547698303900896 -0.15842025465616083 0.07859599975011511
2798 1875 3041 2828 2828 5303 5303 1000 1305 1875 1768 2842 3000 3115|0.001 -0.020626516902496617 -0.10180953441353502 -0.010015471213323801
354 1000 354 1075 625 461 989 1875 663 1875 663 1061 1179 494|0.001 0.1298008905629855 -0.09517004663995188 -0.006155204336806275
333 533 573 354 354 189 189 1000 246 533 528 1054 1061 485|0.001 0.07812677203772322 -0.03397587748963704 -0.0007625027076318958
329 920 616 1744 930 930 1744 581 329 429 616 1174 1838 986|0.001 0.07140796438629637 -0.05279362583502034 -0.04560766347433631
2828 1000 2828 1622 1492 696 943 533 1508 533 1508 3000 1904 2913|0.001 0.011203125761674038 -0.11178931293980732 0.03746321639459538
1600 1720 3000 1061 566 566 1061 738 1600 1583 3000 1887 1456 1697|0.001 0.09817194798178219 -0.026798581782622177 -0.04395553504702887
354 1000 354 333 573 528 246 533 189 533 189 1061 629 673|0.001 0.02111628612922578 -0.06690789416313514 0.01834876823189724
696 533 943 2828 2828 1508 1508 1000 1492 533 1622 1373 3000 1661|0.001 0.09218193332420244 -0.02873235067803681 -0.01607366426936041
1768 1875 1305 2828 2828 5303 5303 1000 3041 1875 2798 2574 3000 5590|0.001 0.08243544806626257 -0.05053656474909518 -0.005272043459677578
354 1000 354 461 989 1075 625 1875 663 1875 663 1061 1931 1262|0.001 0.14391698609162784 -0.04683475064068854 -0.0016661554970620607
4064 2144 2167 766 1437 1437 766 1355 4064 2330 2167 4185 1972 4310|0.001 0.04734553609239356 -0.19932404504640844 0.07877041035837973
2828 1000 2828 2798 3041 1768 1305 1875 5303 1875 5303 3000 3571 3335|0.001 0.03877334025435886 -0.10995662952700047 0.013925210534631027
670 1087 357 1011 1895 1895 1011 466 670 632 357 1276 1113 2010|0.001 0.130426437923441 -0.1049497268337618 0.04815745010910755
461 1875 989 354 354 663 663 1000 625 1875 1075 1101 1061 910|0.001 -0.014336443035551927 -0.09339205201391643 -0.00026441613602323777
1622 533 1492 2828 2828 1508 1508 1000 943 533 696 1516 3000 2981|0.001 0.12318855609959822 -0.0886531424537984 0.019169082697132467
1011 466 1895 670 357 357 670 1087 1011 632 1895 1952 1016 1072|0.001 0.10501864379241388 -0.031188199549978535 -0.04663435596772625
354 1000 354 528 246 333 573 533 189 533 189 1061 1030 264|0.001 0.09317675717421148 0.017368345457702272 -0.03802548696343
2828 1000 2828 696 943 1622 1492 533 1508 533 1508 3000 745 1779|0.001 -0.0035310555785605935 -0.12433375787153866 0.03154075911907084
766 1355 1437 4064 2167 2167 4064 2144 766 2330 1437 1071 2387 2299|0.001 0.09121830517792473 -0.0361496769903924 -0.041581379571825616
528 533 246 354 354 189 189 1000 573 533 333 587 1061 536|0.001 0.14715050039207478 -0.07226015732538338 -0.02034373908319065
3000 1000 3000 566 566 566 566 1000 2200 1000 2200 3162 1149 2631|0.001 0.08613870391716016 -0.028493478180133813 -0.0006288777330776263
1768 1000 1768 5303 3889 3889 5303 1000 1768 1000 1768 2031 4650 4272|0.001 0.07125275539171749 -0.06712745671788811 -0.007963241210071637
189 733 189 333 333 333 333 1000 189 733 189 877 1054 383|0.001 0.13022192954948553 -0.05714843286690252 -0.020095769496927263
333 1000 333 189 189 189 189 733 333 733 333 1054 877 383|0.001 0.12085018127472757 0.005308406334412208 -0.03849535142329441
3889 1000 5303 1768 1768 1768 1768 1000 3889 1000 5303 4650 2031 4272|0.001 0.033659275642612396 -0.06832849028987509 0.018992065192997565
566 1000 566 3000 3000 2200 2200 1000 566 1000 566 1149 3162 2631|0.001 0.11621407532187655 -0.025922210316001726 0.0016631016324319958
3000 1000 3000 566 566 566 566 1000 2200 1000 2200 3162 1149 2631|0.001 0.06258786849199893 -0.11456123685002151 0.0144212873443883
189 733 189 333 333 333 333 1000 189 733 189 877 1054 383|0.001 0.08896193329356761 -0.025357357622937116 -0.004818792668885852
1768 1000 1768 5303 3889 3889 5303 1000 1768 1000 1768 2031 4650 4272|0.001 0.12524703281413974 -0.010272036786730387 -0.05740698476239148
333 1000 333 189 189 189 189 733 333 733 333 1054 877 383|0.001 0.06556916444318661 -0.09526913762969769 0.008725684703210224
566 1000 566 3000 3000 2200 2200 1000 566 1000 566 1149 3162 2631|0.001 0.07113991832139455 -0.06913473482849763 0.014280581037016127
3889 1000 5303 1768 1768 1768 1768 1000 3889 1000 5303 4650 2031 4272|0.001 -0.013211250761527848 -0.09619895844386384 0.03534517200324494
5303 1000 3889 1768 1768 1768 1768 1000 5303 1000 3889 4650 2031 5590|0.001 0.06562332870250209 -0.10208528680790696 0.026666110809716592
566 1000 566 2200 2200 3000 3000 1000 566 1000 566 1149 2417 2631|0.001 0.0029430325557489034 -0.11283608825136682 0.028237274114901734
455 1000 455 257 257 257 257 1364 455 1364 455 1098 1196 522|0.001 0.03130547161876329 -0.13338330705206847 0.03422602473106107
1768 1000 1768 3889 5303 5303 3889 1000 1768 1000 1768 2031 4650 5590|0.001 0.08016430878384995 -0.021276182066297666 0.02035729632599903
257 1364 257 455 455 455 455 1000 257 1364 257 1196 1098 522|0.001 0.07102699847496785 -0.0561712733453712 -0.01509773521184532
2200 1000 2200 566 566 566 566 1000 3000 1000 3000 2417 1149 2631|0.001 0.07218949960410947 -0.10804545773149266 0.02191073510626751
5303 1000 3889 1768 1768 1768 1768 1000 5303 1000 3889 4650 2031 5590|0.001 0.09436503643435623 -0.11098388162602446 -0.028837954654032938
455 1000 455 257 257 257 257 1364 455 1364 455 1098 1196 522|0.001 0.07479610219047306 -0.08926465556440277 -0.00011063991522730632
566 1000 566 2200 2200 3000 3000 1000 566 1000 566 1149 2417 2631|0.001 0.036588277030717986 -0.10738580982627033 0.023366397759352342
1768 1000 1768 3889 5303 5303 3889 1000 1768 1000 1768 2031 4650 5590|0.001 0.025859183325303015 -0.1368237784274995 0.04940403766886092
257 1364 257 455 455 455 455 1000 257 1364 257 1196 1098 522|0.001 0.09843271459127667 0.00400377915729111 -0.020070908812961363
2200 1000 2200 566 566 566 566 1000 3000 1000 3000 2417 1149 2631|0.001 0.06436510786264726 -0.03933758305840196 -0.013136822479851151
125 1000 125 461 989 989 461 1875 938 1875 938 1008 1931 1047|0.001 0.11507304931152706 -0.0225291287361995 -0.009208504456097444
8000 1000 8000 7914 7914 3691 3691 7500 15000 7500 15000 8062 8374 8811|0.001 0.4633159002419118 -0.03689958746326605 -0.011682972095637956
948 1000 126 1011 1895 1895 1011 466 948 466 126 1058 1113 2119|0.001 0.07000722029868012 -0.6286083259364972 0.1270667079674248
461 1875 989 125 125 938 938 1000 461 1875 989 1101 1008 575|0.001 0.03560926740102888 -0.08385431012213895 0.012833513064842705
125 1000 125 989 461 461 989 1875 938 1875 938 1008 1101 575|0.001 0.10524386618312676 -0.042912237411002474 -0.012364506781311624
8000 1000 8000 3691 3691 7914 7914 7500 15000 7500 15000 8062 4596 15447|0.001 0.6567629545811671 -0.08940931557026133 0.022713609365347942
989 1875 461 125 125 938 938 1000 989 1875 461 1931 1008 1047|0.001 -0.023713356514062367 -0.09937409734224523 0.00811035103391644
2032 1000 271 2167 4064 4064 2167 2144 2032 2144 271 1245 4185 4543|0.001 0.0807687167610105 -0.33757413380849033 0.07691063230969686
2000 1000 2000 492 492 1055 1055 133 1067 133 1067 2236 613 1175|0.001 -0.002196537685974498 -0.059539981503423656 0.011335460066190794
1011 466 1895 948 126 126 948 1000 1011 466 1895 1952 1058 1019|0.001 0.10152446344069865 -0.04348439754219502 -0.09289663998383602
1055 133 1055 2000 2000 1067 1067 1000 492 133 492 1117 2236 2060|0.001 0.12778184564939288 -0.04632813983698747 0.011634410788241567
500 1000 500 528 246 246 528 533 67 533 67 1118 1030 306|0.001 0.019978505587217033 -0.10955097608424169 0.009563394494465083
2000 1000 2000 1055 1055 492 492 133 1067 133 1067 2236 1117 2060|0.001 -0.008775459519545503 -0.06456862521442286 0.014535570114284635
2167 2144 4064 2032 271 271 2032 1000 2167 2144 4064 2387 1245 2184|0.001 0.08086569404788913 -0.05092692080001293 -0.0732234594767267
492 133 492 2000 2000 1067 1067 1000 1055 133 1055 613 2236 1175|0.001 0.1359441040994369 -0.1072242699346393 0.03604209618608856
500 1000 500 246 528 528 246 533 67 533 67 1118 587 558|0.001 0.007407262674463677 -0.11909393721512562 0.028608737659754357
625 1000 625 354 354 354 354 500 625 500 625 1179 791 718|0.001 0.030486236851305915 -0.06951687300484122 0.005890426963206519
1414 1000 2828 1768 1768 1768 1768 1000 1414 1000 2828 2236 2031 2264|0.001 -0.004080327619062629 -0.07657976173653602 0.0264696139286813
566 1000 566 1600 1600 800 800 1000 566 1000 566 1149 1887 1265|0.001 0.11975424020281844 0.014438808975718587 -0.03784626206130959
1600 1000 1600 566 566 566 566 1000 800 1000 800 1887 1149 1265|0.001 0.11889729104661573 -0.05950385535314351 -0.03391331468703629
1768 1000 1768 2828 1414 1414 2828 1000 1768 1000 1768 2031 2236 2264|0.001 0.09188539789605654 -0.05459363466797207 -0.057196311500086194
354 500 354 625 625 625 625 1000 354 500 354 791 1179 718|0.001 0.15783205464045436 -0.016934540395557862 -0.07067158637240611
625 1000 625 354 354 354 354 500 625 500 625 1179 791 718|0.001 0.0031603517866263253 -0.10794352426791165 0.02830840636285359
566 1000 566 1600 1600 800 800 1000 566 1000 566 1149 1887 1265|0.001 0.07643716322256244 -0.08288170774128578 -0.011385848644014374
1414 1000 2828 1768 1768 1768 1768 1000 1414 1000 2828 2236 2031 2264|0.001 0.006756232464038003 -0.040479477631036875 0.009469519086837686
1600 1000 1600 566 566 566 566 1000 800 1000 800 1887 1149 1265|0.001 -0.007412350174338389 -0.14652745910918807 0.046059563342815135
354 500 354 625 625 625 625 1000 354 500 354 791 1179 718|0.001 0.16802498184705916 0.013538169627105301 -0.07574343629329627
1768 1000 1768 2828 1414 1414 2828 1000 1768 1000 1768 2031 2236 2264|0.001 0.06736585613463353 -0.11235978914844291 -0.02794334199160864
1768 1000 1768 1414 2828 2828 1414 1000 1768 1000 1768 2031 2236 3335|0.001 0.02758946377981575 -0.1177988567688859 0.008561101113200298
707 2000 707 1250 1250 1250 1250 1000 707 2000 707 1581 1601 1436|0.001 0.08051106413287767 -0.04566255959948751 -0.017355238329227474
800 1000 800 566 566 566 566 1000 1600 1000 1600 1281 1149 1265|0.001 0.04664722184800185 -0.12404233250756458 0.016143593828763514
2828 1000 1414 1768 1768 1768 1768 1000 2828 1000 1414 2236 2031 3335|0.001 0.1122142329496878 -0.08251476513873035 0.016162479419012943
566 1000 566 800 800 1600 1600 1000 566 1000 566 1149 1281 1265|0.001 0.048610872561005714 -0.09816367933558112 0.0232904669988776
1250 1000 1250 707 707 707 707 2000 1250 2000 1250 1601 1581 1436|0.001 0.07418524157517314 -0.14876184045592544 0.04409743792789689
1768 1000 1768 1414 2828 2828 1414 1000 1768 1000 1768 2031 2236 3335|0.001 0.029270879084748458 -0.12879162872668992 0.11395087236131252
800 1000 800 566 566 566 566 1000 1600 1000 1600 1281 1149 1265|0.001 0.10797167490631532 -0.04056575388606154 0.012229793452258608
707 2000 707 1250 1250 1250 1250 1000 707 2000 707 1581 1601 1436|0.001 0.03737094251996309 -0.057406394936403426 -0.010848760460693274
2828 1000 1414 1768 1768 1768 1768 1000 2828 1000 1414 2236 2031 3335|0.001 0.08824895136721356 -0.15416353110887848 0.025841226014193808
566 1000 566 800 800 1600 1600 1000 566 1000 566 1149 1281 1265|0.001 0.07925775011038416 -0.09768794519027124 0.016430360309116487
1250 1000 1250 707 707 707 707 2000 1250 2000 1250 1601 1581 1436|0.001 0.0840404904156844 -0.11568445675721462 -0.005015112523392151
1744 1000 581 329 616 616 329 867 1744 867 581 1419 819 1849|0.001 0.009646967238685633 -0.1960171853874404 0.04025673202114888
2637 1875 3041 1768 1768 5303 5303 1000 2637 1875 3041 2491 2031 4041|0.001 -0.028296085767187673 -0.1007908041991612 0.01484573081562024
566 1000 566 1720 1720 1492 1492 3000 1061 3000 1061 1149 2441 1409|0.001 0.05606158716047416 -0.07689986557461892 0.0063592286279878785
573 333 573 354 354 189 189 1000 497 333 497 814 1061 699|0.001 0.09952499602174925 -0.0786680114601701 -0.0012610305386784315
2828 1000 2828 1622 1406 1406 1622 533 943 533 943 3000 1978 2155|0.001 0.02699084160601828 -0.05467212535968713 0.012237134397246052
329 867 616 1744 581 581 1744 1000 329 867 616 1219 1419 668|0.001 0.1001764204826916 -0.037341704771602924 -0.0643923874218777
581 1000 1744 616 329 329 616 867 581 867 1744 1419 1219 668|0.001 0.048645224413135235 -0.03920114463961122 -0.02829423867642844
354 1000 354 573 573 497 497 333 189 333 189 1061 814 699|0.001 -0.01480900464503776 -0.0987684511764042 0.03550578376545488
1406 533 1622 2828 2828 943 943 1000 1406 533 1622 1978 3000 2155|0.001 0.1297479387069389 -0.04105945483750095 -0.01190991734878688
1720 3000 1720 566 566 1061 1061 1000 1492 3000 1492 2441 1149 1409|0.001 0.019068246601507965 -0.05215846568574434 0.004680320171681629
616 867 329 581 1744 1744 581 1000 616 867 329 819 1419 1849|0.001 0.08094856550279639 -0.17108171517214 0.21669467855868207
1768 1000 1768 3041 2637 2637 3041 1875 5303 1875 5303 2031 2491 4041|0.001 0.1150364701909301 -0.06529607867300724 -0.008624944234155718
1768 1000 1768 2637 3041 3041 2637 1875 5303 1875 5303 2031 3708 4316|0.001 0.15572675881382336 -0.04103961469912987 -0.03098280331945369
711 1153 379 670 2011 2011 670 1000 711 1153 379 1406 1532 2133|0.001 0.05691139078490837 -0.19739579387829775 0.15674370051579345
1492 3000 1492 566 566 1061 1061 1000 1720 3000 1720 2286 1149 2098|0.001 0.013308717464175501 -0.049004161288908055 0.010507346657999683
1622 533 1406 2828 2828 943 943 1000 1622 533 1406 1328 3000 2302|0.001 0.1415426903265038 -0.06455779975920062 -0.015078133834223184
354 1000 354 497 497 573 573 333 189 333 189 1061 762 470|0.001 0.05567529262712645 -0.01876800670711387 -0.030179271873604918
670 1000 2011 711 379 379 711 1153 670 1153 2011 1532 945 770|0.001 0.05316918778784041 -0.03779563815256237 -0.027140197751317485
2828 1000 2828 1406 1622 1622 1406 533 943 533 943 3000 1328 2302|0.001 0.006502514442274787 -0.12057270384741248 0.029094742552924213
497 333 497 354 354 189 189 1000 573 333 573 762 1061 470|0.001 0.0955216950847304 -0.13860875378167603 0.02981457013289779
379 1153 711 2011 670 670 2011 1000 379 1153 711 945 1532 770|0.001 0.09833924266523075 -0.040713397556767505 -0.0760170282643946
3041 1875 2637 1768 1768 5303 5303 1000 3041 1875 2637 3708 2031 4316|0.001 -0.027155623062314893 -0.09827918733514407 0.024476821275458693
566 1000 566 1492 1492 1720 1720 3000 1061 3000 1061 1149 2286 2098|0.001 0.18062417705182687 -0.10744337258573489 -0.02089836103056686
2011 1000 670 379 711 711 379 1153 2011 1153 670 1532 1406 2133|0.001 0.008919316730555682 -0.2808361057295916 0.022203740642325887
1250 1000 1250 1395 1865 1865 1395 1875 3750 1875 3750 1601 2665 2857|0.001 0.12666585524359286 -0.09062875028097661 -0.03186352000611792
1344 1337 717 896 2689 2689 896 1000 1344 1337 717 1911 1847 3006|0.001 0.07554477265226511 -0.17970914457766773 0.20817879915630444
1116 3000 1116 800 800 1500 1500 1000 1492 3000 1492 2060 1281 2132|0.001 0.011152889455823267 -0.051942975944488934 0.009596984295086042
800 1000 800 1492 1492 1116 1116 3000 1500 3000 1500 1281 2286 1151|0.001 0.2136906202993738 -0.061866764579653344 -0.025662207569189244
2011 1000 670 536 1006 1006 536 748 2011 748 670 1532 772 2249|0.001 0.04872593668860725 -0.17400963450356355 0.018889010832607855
1395 1875 1865 1250 1250 3750 3750 1000 1395 1875 1865 1439 1601 2575|0.001 0.00629539456705519 -0.07112849969250545 0.008705716923189666
1250 1000 1250 1865 1395 1395 1865 1875 3750 1875 3750 1601 1439 2575|0.001 0.06869900962558573 -0.059014467486318 0.004341339882460993
1492 3000 1492 800 800 1500 1500 1000 1116 3000 1116 2286 1281 1151|0.001 0.024375272320245056 -0.046859145420118375 0.012336242213297766
1006 748 536 670 2011 2011 670 1000 1006 748 536 772 1532 2249|0.001 0.04241839656481394 -0.1932680771963058 0.13632120215342436
800 1000 800 1116 1116 1492 1492 3000 1500 3000 1500 1281 2060 2132|0.001 0.3019456150688016 -0.07270568789802367 0.016207606977849398
1865 1875 1395 1250 1250 3750 3750 1000 1865 1875 1395 2665 1601 2857|0.001 -0.05958921208676804 -0.11152950947763696 0.004450612256707842
2689 1000 896 717 1344 1344 717 1337 2689 1337 896 1847 1911 3006|0.001 0.06583140288703104 -0.15364154422964793 0.0646783819341934
896 1000 2689 1344 717 717 1344 1337 896 1337 2689 1847 1032 1148|0.001 0.048491274060504796 -0.038961926452074636 -0.02488975452958453
994 533 744 2000 2000 667 667 1000 994 533 744 767 2236 1524|0.001 0.14510391312025694 -0.08032472942661628 -0.01985565606790085
500 1000 500 372 372 497 497 333 267 333 267 1118 687 384|0.001 0.054098029493940825 -0.03950059351011115 -0.021768951066782893
536 748 1006 2011 670 670 2011 1000 536 748 1006 1429 1532 859|0.001 0.0998937545388312 -0.0419350564423937 -0.07265846396106279
497 333 497 500 500 267 267 1000 372 333 372 762 1118 711|0.001 0.08844949294736448 -0.06780425486427433 -0.011484866916356973
2000 1000 2000 994 744 744 994 533 667 533 667 2236 1421 1374|0.001 0.05036793079770563 -0.0614451447659603 -0.008341124968314073
670 1000 2011 1006 536 536 1006 748 670 748 2011 1532 1429 859|0.001 0.05823399411207353 -0.035575835245512666 -0.03117097378237288
500 1000 500 497 497 372 372 333 267 333 267 1118 762 711|0.001 0.008162576064405513 -0.10886799433793115 0.01495532746006667
744 533 994 2000 2000 667 667 1000 744 533 994 1421 2236 1374|0.001 0.11345419761949804 -0.08244843313188643 -0.03182300119482839
717 1337 1344 2689 896 896 2689 1000 717 1337 1344 1032 1847 1148|0.001 0.06008222619022341 -0.04321822545661047 -0.04445622627687218
372 333 372 500 500 267 267 1000 497 333 497 687 1118 384|0.001 0.12308022874004232 -0.04685287070604449 -0.044289538252391125
2000 1000 2000 744 994 994 744 533 667 533 667 2236 767 1524|0.001 0.08361742816119566 -0.04403884342172648 -0.035681648886642936
2200 1000 2200 1116 1116 1116 1116 3000 1500 3000 1500 2417 2060 2132|0.001 0.3050330398819856 -0.044218447728067156 0.007860288782608471
2689 1000 896 1972 1344 1344 1972 1000 2689 1000 896 1847 1911 3006|0.001 0.1091992085848914 -0.09595498670618374 -0.034732264351778896
507 682 507 455 455 1364 1364 1000 507 682 507 969 1098 937|0.001 0.10110755547821482 -0.09077685727976514 -0.005106876064618904
455 1000 455 507 507 507 507 682 1364 682 1364 1098 969 937|0.001 0.06049698954107452 -0.07494392183943765 -0.011583847128401326
1116 3000 1116 2200 2200 1500 1500 1000 1116 3000 1116 2060 2417 2132|0.001 0.18449653615355555 0.01930247670869134 -0.045181178400820476
2200 1000 2200 1116 1116 1116 1116 3000 1500 3000 1500 2417 2060 2132|0.001 0.2959348934202244 -0.07131328089123312 -0.011457486643803305
507 682 507 455 455 1364 1364 1000 507 682 507 969 1098 937|0.001 0.1074636978011334 -0.07593938480831786 -0.0027475383915787077
2689 1000 896 1972 1344 1344 1972 1000 2689 1000 896 1847 1911 3006|0.001 0.02523413699010657 -0.2995574259936662 -0.012643043244319196
455 1000 455 507 507 507 507 682 1364 682 1364 1098 969 937|0.001 0.041424476360973905 -0.079530836123054 0.0032920261768110137
1116 3000 1116 2200 2200 1500 1500 1000 1116 3000 1116 2060 2417 2132|0.001 0.1978732717091014 0.022286418199242153 -0.04523065403700843
1972 1000 1344 2689 896 896 2689 1000 1972 1000 1344 1911 1847 2166|0.001 0.08025643257890014 -0.1102008298072843 -0.05954761809963793
372 333 372 500 500 733 733 1000 372 333 372 687 1118 711|0.001 0.13720241561552937 -0.11913736100612415 0.007098852388172094
2000 1000 2000 744 744 744 744 1467 667 1467 667 2236 1421 1374|0.001 0.059642088730198495 -0.06595065340382344 0.0018551983038817
896 1000 2689 1344 1972 1972 1344 1000 896 1000 2689 1847 1911 2166|0.001 -0.01626179079535217 -0.058572721838264785 0.0654340303988743
500 1000 500 372 372 372 372 333 733 333 733 1118 687 711|0.001 0.03872670861549077 -0.06991398112683456 -0.008772041954767662
1972 1000 1344 2689 896 896 2689 1000 1972 1000 1344 1911 1847 2166|0.001 0.1056088453559334 -0.09995212863366132 -0.07551478384356214
2000 1000 2000 744 744 744 744 1467 667 1467 667 2236 1421 1374|0.001 0.09191694615154233 -0.1037340423445765 0.01636807888667491
372 333 372 500 500 733 733 1000 372 333 372 687 1118 711|0.001 0.14806730036064586 -0.03204412423553182 -0.04122527458618963
896 1000 2689 1344 1972 1972 1344 1000 896 1000 2689 1847 1911 2166|0.001 -0.009032891371792973 -0.0527015609099446 0.06645857818908807
500 1000 500 372 372 372 372 333 733 333 733 1118 687 711|0.001 0.04921129358002707 -0.06695989510259737 -0.017491810111115447
3000 1000 3000 566 566 566 566 200 3000 200 3000 3162 721 3053|0.001 0.0033174503008748246 -0.03684414697282756 0.003945625189163415
354 1000 1768 5303 5303 5303 5303 1000 354 1000 1768 1275 5397 5315|0.001 -0.014556023673857332 -0.03364986605310816 0.022834239247611077
333 1000 333 189 189 189 189 1000 67 1000 67 1054 1018 240|0.001 0.09631973214888845 -0.08262930654379996 0.03741632644463255
5303 1000 5303 1768 354 354 1768 1000 5303 1000 5303 5397 1275 5315|0.001 0.11207219519513423 -0.0765518451902314 -0.09148995090242806
566 200 566 3000 3000 3000 3000 1000 566 200 566 721 3162 3053|0.001 0.11570500190494215 -0.06835429363320933 -0.017858753764228297
3000 1000 3000 566 566 566 566 200 3000 200 3000 3162 721 3053|0.001 0.006164043836494049 -0.03327265212698327 0.0016627824714388062
354 1000 1768 5303 5303 5303 5303 1000 354 1000 1768 1275 5397 5315|0.001 -0.015473562022304543 -0.03338583483008306 0.022025478177241098
333 1000 333 189 189 189 189 1000 67 1000 67 1054 1018 240|0.001 0.09429834030118212 -0.05847395110076148 -0.025289941436017482
566 200 566 3000 3000 3000 3000 1000 566 200 566 721 3162 3053|0.001 0.1064698361385008 -0.03842920834999819 -0.013070597755070468
5303 1000 5303 1768 354 354 1768 1000 5303 1000 5303 5397 1275 5315|0.001 0.09488542153360591 -0.08596832361458362 -0.07877092284771958
2828 5000 2828 15000 15000 15000 15000 1000 2828 5000 2828 3606 15033 15264|0.001 0.2281903187210399 0.015963088116857094 -0.022371985353550894
67 1000 67 189 189 189 189 1000 333 1000 333 1002 1018 240|0.001 0.033414364327324364 -0.0385489526185534 -0.0034731643464824824
1768 1000 354 5303 5303 5303 5303 1000 1768 1000 354 1275 5397 5590|0.001 0.08070706992973964 -0.40563951811167454 0.044890680994804644
189 1000 189 67 67 333 333 1000 189 1000 189 1018 1002 240|0.001 0.07649431417002583 -0.10075316644841181 0.00014443971291022706
15000 1000 15000 2828 2828 2828 2828 5000 15000 5000 15000 15033 3606 15264|0.001 0.3883220042277502 -0.08242882961356002 -0.01397294174408703
67 1000 67 189 189 189 189 1000 333 1000 333 1002 1018 240|0.001 0.039904494991294115 -0.0288938085008128 -0.005813092307194179
2828 5000 2828 15000 15000 15000 15000 1000 2828 5000 2828 3606 15033 15264|0.001 0.22220572598024013 0.014703247814105147 -0.021601987166486314
1768 1000 354 5303 5303 5303 5303 1000 1768 1000 354 1275 5397 5590|0.001 0.07981469054592294 -0.32005948669053486 0.03125092488480696
189 1000 189 67 67 333 333 1000 189 1000 189 1018 1002 240|0.001 0.06400399673674784 -0.11228740284864092 0.034709552217424555
15000 1000 15000 2828 2828 2828 2828 5000 15000 5000 15000 15033 3606 15264|0.001 0.46371651904273614 -0.07685598764768375 -0.00085117769287546
1875 1000 1875 1061 566 566 1061 738 1875 738 1875 2125 1456 1958|0.001 0.10959351888964353 -0.034441058171333916 -0.07170556783743343
696 533 943 1768 1768 1768 1768 1000 696 533 943 1373 2031 1900|0.001 0.12316376203326262 -0.0846404741150697 0.002406553185634319
566 1000 566 533 533 394 394 1000 302 1000 302 1149 1133 777|0.001 0.10943779699191136 -0.07602003857095418 0.0034140734958798546
533 1000 533 302 302 566 566 1000 394 1000 394 1133 1045 422|0.001 0.04214546876992742 -0.09444153271902622 0.02889992224960336
3315 1000 3315 1768 1305 1305 1768 1875 3315 1875 3315 3462 1398 3562|0.001 0.18649861877554796 -0.05642785745201384 0.00390793027168268
1061 738 566 1875 1875 1875 1875 1000 1061 738 566 791 2125 2154|0.001 0.05871070655950161 -0.14152963672990904 0.0030961613150348732
1875 1000 1875 566 1061 1061 566 738 1875 738 1875 2125 791 2154|0.001 0.0269224806553936 -0.10765434786285555 0.06282354982847904
302 1000 302 533 533 394 394 1000 566 1000 566 1045 1133 422|0.001 0.011173482103126187 -0.09252235684321874 0.020496542955728003
1305 1875 1768 3315 3315 3315 3315 1000 1305 1875 1768 1398 3462 3562|0.001 0.03370210366642645 -0.05787179436862244 -0.012467953811156063
533 1000 533 566 566 302 302 1000 394 1000 394 1133 1149 777|0.001 0.11518564750549132 -0.020117863777400213 -0.03688045967291331
566 738 1061 1875 1875 1875 1875 1000 566 738 1061 1456 2125 1958|0.001 0.011370142500288782 -0.07296314354986233 0.01723884323423075
1768 1000 1768 943 696 696 943 533 1768 533 1768 2031 1373 1900|0.001 0.03713222399561511 -0.09199484570136862 -0.0006644330978977653
1768 1000 1768 696 943 943 696 533 1768 533 1768 2031 745 2003|0.001 0.04092670334489901 -0.051332461252883155 -0.005458740019311792
766 1355 1437 2540 2540 2540 2540 1000 766 1355 1437 1071 2730 2653|0.001 0.030015509244587513 -0.07236625072035152 0.018846686673716917
394 1000 394 566 566 302 302 1000 533 1000 533 1075 1149 422|0.001 0.11677298206641984 -0.025146959592758922 0.001673168072897635
1768 1875 1305 3315 3315 3315 3315 1000 1768 1875 1305 2574 3462 3757|0.001 0.08827985577841924 -0.04043441384141033 -0.023035800937196704
302 1000 302 394 394 533 533 1000 566 1000 566 1045 1075 777|0.001 0.07816785364247902 -0.07800685500432891 0.013355793671916416
2540 1000 2540 766 1437 1437 766 1355 2540 1355 2540 2730 1972 2918|0.001 0.017624678519467807 -0.10990371965869161 0.03734435392663826
3315 1000 3315 1305 1768 1768 1305 1875 3315 1875 3315 3462 2574 3757|0.001 0.03715080277231886 -0.17582763490064934 0.04252833237597953
394 1000 394 302 302 566 566 1000 533 1000 533 1075 1045 777|0.001 0.006161283473975487 -0.139283055892242 0.03099100733541027
1437 1355 766 2540 2540 2540 2540 1000 1437 1355 766 1972 2730 2918|0.001 0.08196538521149543 -0.04827948004760163 0.004807160806428179
943 533 696 1768 1768 1768 1768 1000 943 533 696 745 2031 2003|0.001 0.0731216064627116 -0.13326769895169455 0.042033828182495014
566 1000 566 394 394 533 533 1000 302 1000 302 1149 1075 422|0.001 0.04546443031129055 -0.0909022589308961 0.022098910294758856
2540 1000 2540 1437 766 766 1437 1355 2540 1355 2540 2730 1071 2653|0.001 0.11695862043989314 -0.028317199375546 -0.060070065602698675
1000 1000 1000 2000 2000 2000 2000 1000 1000 1000 1000 1414 2236 2236|0.001 0.12806404641333646 -0.026675076566253786 -0.020809955632982158
500 1000 500 500 500 500 500 1000 500 1000 500 1118 1118 707|0.001 0.07275268090400466 -0.08817466354295811 0.01934596386834464
2000 1000 2000 1000 1000 1000 1000 1000 2000 1000 2000 2236 1414 2236|0.001 0.13647700066081514 -0.009625728314479609 -0.024728954920298918
1000 1000 1000 2000 2000 2000 2000 1000 1000 1000 1000 1414 2236 2236|0.001 0.11895901531214559 -0.04194281770144803 0.01673586333709176
500 1000 500 500 500 500 500 1000 500 1000 500 1118 1118 707|0.001 0.018514399838875928 -0.09605532082543555 0.004847335995012969
2000 1000 2000 1000 1000 1000 1000 1000 2000 1000 2000 2236 1414 2236|0.001 0.13132404508044537 0.008863689701761324 -0.02636926892352176
1000 1000 1000 2000 2000 2000 2000 1000 1000 1000 1000 1414 2236 2236|0.001 0.1374455645011219 -0.039206979662584907 -0.046871472882600296
2000 1000 2000 1000 1000 1000 1000 1000 2000 1000 2000 2236 1414 2236|0.001 0.04695581328155729 -0.09182825887663282 0.008289946280968241
500 1000 500 500 500 500 500 1000 500 1000 500 1118 1118 707|0.001 0.06837715617709517 -0.09196946180471621 0.004756277673851894
1000 1000 1000 2000 2000 2000 2000 1000 1000 1000 1000 1414 2236 2236|0.001 0.13859642652479742 -0.030601743108269464 -0.022835942237160456
2000 1000 2000 1000 1000 1000 1000 1000 2000 1000 2000 2236 1414 2236|0.001 0.014244733428143697 -0.11057980466664397 0.01634446518964383
500 1000 500 500 500 500 500 1000 500 1000 500 1118 1118 707|0.001 -0.002466177485740406 -0.08810718639629789 0.01955629011503257
500 1000 500 500 500 500 500 1000 500 1000 500 1118 1118 707|0.001 0.06972046948768185 -0.1134892004684318 0.021367069719437914
2000 1000 2000 1000 1000 1000 1000 1000 2000 1000 2000 2236 1414 2236|0.001 0.09144341696335934 -0.07169868212599018 0.01951462802116888
1000 1000 1000 2000 2000 2000 2000 1000 1000 1000 1000 1414 2236 2236|0.001 0.06642576399361166 -0.09675575537772096 -0.025709585267897905
500 1000 500 500 500 500 500 1000 500 1000 500 1118 1118 707|0.001 0.005553478970350412 -0.07818609144879085 0.012748073083364009
2000 1000 2000 1000 1000 1000 1000 1000 2000 1000 2000 2236 1414 2236|0.001 0.0845158313871952 -0.0789923303628226 -0.0044047557712489915
1000 1000 1000 2000 2000 2000 2000 1000 1000 1000 1000 1414 2236 2236|0.001 0.14368177213566646 0.014578832250897733 -0.038942954764221716
500 1000 500 500 500 500 500 1000 500 1000 500 1118 1118 707|0.001 0.10678493684941781 -0.07948862697699233 -0.015002683363025682
1000 1000 1000 2000 2000 2000 2000 1000 1000 1000 1000 1414 2236 2236|0.001 0.03673321752984071 -0.05598284548675725 0.0032486094225903095
2000 1000 2000 1000 1000 1000 1000 1000 2000 1000 2000 2236 1414 2236|0.001 0.16020466852709747 -0.012622037569619549 -0.05199945957764407
500 1000 500 500 500 500 500 1000 500 1000 500 1118 1118 707|0.001 0.1574887711217965 0.009971438339058114 -0.04804242812131543
2000 1000 2000 1000 1000 1000 1000 1000 2000 1000 2000 2236 1414 2236|0.001 0.1115755717043454 -0.06154347345735611 -0.004203183140804034
1000 1000 1000 2000 2000 2000 2000 1000 1000 1000 1000 1414 2236 2236|0.001 0.09477317944151409 -0.07569418387125992 -0.011641252509578814
566 1000 566 566 566 521 521 200 106 200 106 1149 721 625|0.001 -0.02220317952798978 -0.09729738777401575 0.03509955216268956
1886 1000 1886 5333 4910 4910 5333 5333 9428 5333 9428 2134 5333 6472|0.001 0.14013253385223967 -0.13135120708889003 0.02039377283329369
530 1000 530 2828 2828 2604 2604 5000 2828 5000 2828 1132 3606 2828|0.001 0.2840240888976475 -0.11782133543357776 0.024582190743047683
1768 1000 1768 1000 921 921 1000 187 354 187 354 2031 1106 1214|0.001 -0.016449052966676092 -0.08430044040260376 0.031413341066617306
1768 1000 1768 921 1000 1000 921 187 354 187 354 2031 1000 1275|0.001 0.026662665985279776 -0.057605049335665015 -0.016235147619446666
530 1000 530 2604 2604 2828 2828 5000 2828 5000 2828 1132 3432 3127|0.001 0.4727953862803602 -0.0750279650728436 0.020050535569109407
1886 1000 1886 4910 5333 5333 4910 5333 9428 5333 9428 2134 5897 6799|0.001 0.12602209950733245 -0.1533132505290069 0.01895761684454156
566 1000 566 521 521 566 566 200 106 200 106 1149 686 566|0.001 0.014451438036482411 -0.06003556328629145 -0.0008626501932551545
1000 1000 1000 533 67 67 533 1104 1000 1104 1000 1414 1002 1002|0.001 0.09136989340451818 -0.07550582704248354 -0.08397097310788415
2069 125 1875 1875 1875 1875 1875 1000 2069 125 1875 1879 2125 2792|0.001 0.14554547902996706 -0.060593272143558696 -0.021761923002343586
533 1000 533 1000 1000 1104 1104 1000 67 1000 67 1133 1414 1002|0.001 0.08294798775764001 -0.08445283556719585 0.02888563297878788
1000 1000 1000 67 67 533 533 1000 1104 1000 1104 1414 1002 1133|0.001 0.081460162141207 -0.09169885811384226 0.02372042302514643
533 1104 67 1000 1000 1000 1000 1000 533 1104 67 1133 1414 1133|0.001 0.01368567540000365 -0.7948598263059614 0.021506095321326413
15000 1000 15000 15000 16553 16553 15000 8000 15000 8000 15000 15033 17000 22338|0.001 0.3499959845542566 -0.13446376693975304 0.0007067305865082751
1875 125 2069 1875 1875 1875 1875 1000 1875 125 2069 2125 2125 2652|0.001 0.12774106929278384 -0.05966987414199987 -0.01019375208273332
533 1000 533 1104 1104 1000 1000 1000 67 1000 67 1133 1489 1133|0.001 0.08523892466915761 -0.057862004238535825 -0.003081849797271774
906 1000 906 483 60 60 483 906 906 906 906 1350 1027 908|0.001 0.08890844254160868 -0.08656164734332727 -0.07878027948238775
15000 1000 15000 16553 15000 15000 16553 8000 15000 8000 15000 15033 15033 21213|0.001 0.47112330445943984 -0.11906610401722806 0.0051533924858437885
483 906 60 906 906 906 906 1000 483 906 60 908 1350 1027|0.001 0.11107001399800032 -0.3764733115629548 0.020548127297230767
1104 1000 1104 67 67 533 533 1000 1000 1000 1000 1489 1002 1002|0.001 0.07881879815321957 -0.0985991301406941 0.010762782542950156
2032 1000 271 144 269 269 144 1049 2032 1049 271 1245 1119 2050|0.001 0.09509075461697547 -0.48409687392235945 0.09605027529682397
7300 1875 6960 1886 1886 14142 14142 1000 7300 1875 6960 7792 2134 8942|0.001 0.010317215535493585 -0.09052983144009485 0.0188439567912857
530 1000 530 3691 3691 3872 3872 7500 994 7500 994 1132 4596 4132|0.001 0.48537603295630616 -0.054411619448682114 -0.0021281705033626697
492 133 492 133 133 71 71 1000 516 133 516 613 1009 473|0.001 0.1423760687097575 -0.10153093972157357 0.04284303291076874
7542 1000 7542 3712 3893 3893 3712 533 1006 533 1006 7608 3569 4769|0.001 0.05174387194161634 -0.0827262174180099 -0.01352350133171365
144 1049 269 2032 271 271 2032 1000 144 1049 269 961 1245 307|0.001 0.09496703651869165 -0.044005271737463936 -0.08057916826887612
133 1000 133 492 492 516 516 133 71 133 71 1009 613 473|0.001 -0.0028897496487079177 -0.05896653445644495 0.012133220651957544
1886 1000 1886 6960 7300 7300 6960 1875 14142 1875 14142 2134 7792 8942|0.001 0.10202364003189413 -0.029914621876966363 -0.01578438904202839
1886 1000 1886 7300 6960 6960 7300 1875 14142 1875 14142 2134 6692 8667|0.001 0.09888110329189459 -0.06516579835449288 -0.019096323113099167
133 1000 133 516 516 492 492 133 71 133 71 1009 632 551|0.001 -0.0004847633282045738 -0.06188732403478059 0.0052633831229553785
7542 1000 7542 3893 3712 3712 3893 533 1006 533 1006 7608 4156 4622|0.001 0.03109818147691179 -0.06607181346173774 0.008806876990758994
516 133 516 133 133 71 71 1000 492 133 492 632 1009 551|0.001 0.15071874207037483 -0.10296500013959653 0.01307267814732338
137 953 257 1937 258 258 1937 1000 137 953 257 1067 1225 292|0.001 0.10710548967882483 -0.03746862407089324 -0.09170741415708838
6960 1875 7300 1886 1886 14142 14142 1000 6960 1875 7300 6692 2134 8667|0.001 -0.0010381110028501173 -0.10190183109694773 -0.0030088614202228303
530 1000 530 3872 3872 3691 3691 7500 994 7500 994 1132 4742 3549|0.001 0.4860380539501086 -0.023430551185754656 -0.025328114030616078
1937 1000 258 137 257 257 137 953 1937 953 258 1225 917 1954|0.001 0.03465967497907396 -0.46026873399000356 0.03851482572349019
1699 1000 1699 1875 1922 1922 1875 1875 5097 1875 5097 1972 2403 3515|0.001 0.12833922352287974 -0.12880006679754974 0.021263321152078518
1000 1025 533 906 2719 2719 906 1000 1000 1025 533 1282 1861 2897|0.001 0.05688737251013043 -0.2118148946337428 0.15276171262699867
1104 3000 1104 589 589 1104 1104 1000 1131 3000 1131 2054 1160 1414|0.001 0.01814867733130221 -0.053556323397521144 -0.0007609627764393334
589 1000 589 1131 1131 1104 1104 3000 1104 3000 1104 1160 2069 1340|0.001 0.2631478764713924 -0.07675408601357403 -0.01228219195585023
2652 1000 884 520 975 975 520 975 2652 975 884 1829 1185 2826|0.001 0.044896432620431526 -0.27906773603030177 0.03473704718415016
1875 1875 1922 1699 1699 5097 5097 1000 1875 1875 1922 2277 1972 3489|0.001 -0.038274105687740034 -0.08338658246245134 0.008294827718033915
1699 1000 1699 1922 1875 1875 1922 1875 5097 1875 5097 1972 2277 3489|0.001 0.15050258320546073 -0.08932461481929388 0.03304890610090094
1131 3000 1131 589 589 1104 1104 1000 1104 3000 1104 2069 1160 1340|0.001 -0.017522681483624902 -0.06843808149935349 -0.006269637930643723
975 975 520 884 2652 2652 884 1000 975 975 520 1185 1829 2826|0.001 0.05457139165089275 -0.19899929631961633 0.14765119879068145
589 1000 589 1104 1104 1131 1131 3000 1104 3000 1104 1160 2054 1414|0.001 0.2401413739172531 -0.08385800763954343 -0.01224970253192792
1922 1875 1875 1699 1699 5097 5097 1000 1922 1875 1875 2403 1972 3515|0.001 -0.07871061035368276 -0.1204473444545473 0.013231908771460521
2719 1000 906 533 1000 1000 533 1025 2719 1025 906 1861 1282 2897|0.001 0.007383777565050931 -0.2638692802653342 0.05957954177445268
906 1000 2719 1000 533 533 1000 1025 906 1025 2719 1861 1215 1051|0.001 0.050206320420629336 -0.03792654060569833 -0.029710980114187047
1025 533 1000 2719 2719 906 906 1000 1025 533 1000 1215 2897 1875|0.001 0.12137332040670579 -0.061944657227810396 -0.024319823036735855
368 1000 368 368 368 377 377 333 196 333 196 1066 685 447|0.001 0.02789963727895417 -0.06829013891138214 0.011903215687698587
520 975 975 2652 884 884 2652 1000 520 975 975 1250 1829 1026|0.001 0.0841318197350649 -0.040247673539721696 -0.0650213517438436
377 333 377 368 368 196 196 1000 368 333 368 690 1066 471|0.001 0.13460115660814287 -0.0544640652398809 -0.021043726205351998
2719 1000 2719 1025 1000 1000 1025 533 906 533 906 2897 1282 1861|0.001 0.030155158442819463 -0.06641493470547988 0.015649460934266113
884 1000 2652 975 520 520 975 975 884 975 2652 1829 1250 1026|0.001 0.05292708493437548 -0.03627978318166747 -0.03118204843458483
368 1000 368 377 377 368 368 333 196 333 196 1066 690 471|0.001 0.005475657694400393 -0.09265327299955328 0.023449153804331324
1000 533 1025 2719 2719 906 906 1000 1000 533 1025 1282 2897 1861|0.001 0.12788673917462967 -0.08371734483798354 -0.01856088703040326
533 1025 1000 2719 906 906 2719 1000 533 1025 1000 1215 1861 1051|0.001 0.09590852320706 -0.045997187061735945 -0.06670102872778472
368 333 368 368 368 196 196 1000 377 333 377 685 1066 447|0.001 0.13540766382982072 -0.0724800747296328 -0.02690197286052909
2719 1000 2719 1000 1025 1025 1000 533 906 533 906 2897 1215 1875|0.001 -0.0037114074448318934 -0.12613340634919257 0.05003970873990626
2604 5000 2604 3872 3872 5579 5579 7500 4883 15000 4883 3432 4742 7892|0.001 0.6588843330068572 -0.0176059858922073 -0.02111763036486969
1937 1000 258 673 1261 1261 673 1441 3874 1441 1291 1225 2038 3016|0.001 0.08387692736993912 -0.3480942228572803 0.011979488037456854
1920 1000 384 1487 2142 2142 1487 1875 5760 1875 2880 1318 3031 3956|0.001 0.05840716738546581 -0.330929207915277 -0.007200004744838395
3872 7500 3872 2604 2604 4883 4883 5000 5579 15000 5579 4742 3432 7892|0.001 0.4471361323614498 -0.035566090565365416 0.011264965145258987
1261 1441 673 258 1937 3874 1291 1000 1261 1441 673 2038 1225 3016|0.001 -0.008939387550666034 -0.2812113035172825 0.3591473324831562
521 200 521 1116 1116 774 774 3000 977 1500 977 686 2060 609|0.001 0.20264083316863912 -0.13014247008154012 -0.00045671260337387665
1487 1875 2142 1920 384 2880 5760 1000 1487 1875 2142 1169 1318 1821|0.001 -0.016208014148085814 -0.10865005328476118 -0.06090960309230842
2689 1000 896 467 875 875 467 694 1344 694 179 1847 546 2093|0.001 0.025954776673426938 -0.2970919865898447 0.06759652297389396
896 1000 2689 875 467 467 875 694 179 694 1344 1847 1415 615|0.001 0.041905753316675565 -0.04096403746931543 -0.023985466206476458
793 533 1143 3072 1536 205 1024 1000 793 533 1143 1616 2391 971|0.001 0.13516753324731345 -0.016108291847741762 -0.07994085423263186
326 500 326 372 372 258 258 333 174 67 174 778 687 526|0.001 0.0382090013117975 -0.03155257716715987 -0.002833705543169307
673 1441 1261 1937 258 1291 3874 1000 673 1441 1261 786 1225 887|0.001 0.08520338115633797 -0.05092275564191673 -0.07986860832338127
516 133 516 651 651 347 347 2000 744 667 744 632 1557 406|0.001 0.17211723747067476 -0.05109457629249525 0.0027356661017496897
3072 1000 1536 793 1143 1143 793 533 1024 533 205 2391 623 2110|0.001 0.059280268654720025 -0.1370988212101243 -0.022495364643104754
372 333 372 326 326 174 174 500 258 67 258 687 778 526|0.001 0.08074257545621633 -0.12318789575701428 0.02633781300958038
1536 1000 3072 1143 793 793 1143 533 205 533 1024 2391 1616 971|0.001 -0.001381281005550239 -0.06133035607371107 0.024995396781288814
812 1000 812 651 651 651 651 2000 1000 2000 1000 1288 1557 1112|0.001 0.17009499040228526 -0.1021638202512265 0.013684434260190503
3072 1000 1536 1248 1536 1536 1248 1000 3072 1000 1536 2391 1708 3435|0.001 0.06916432336637524 -0.09804570720556294 0.0007016518268576633
801 1231 801 1231 1231 2462 2462 1000 801 1231 801 1368 1586 1916|0.001 -0.015617616163288162 -0.1137940745059618 0.028676490779790953
1231 1000 1231 801 801 801 801 1231 2462 1231 2462 1586 1368 1916|0.001 0.12555630648680705 -0.033413105117005015 0.0005740269372078721
1536 1000 1248 1536 3072 3072 1536 1000 1536 1000 1248 1708 2391 3435|0.001 0.031102020572297828 -0.12378417766318206 0.10401366776338072
651 2000 651 812 812 1000 1000 1000 651 2000 651 1557 1288 1112|0.001 0.04126995321364069 -0.044145949114852145 -0.0022921602317027556
812 1000 812 651 651 651 651 2000 1000 2000 1000 1288 1557 1112|0.001 0.121136552539447 -0.10584373391222535 0.009322858148954616
801 1231 801 1231 1231 2462 2462 1000 801 1231 801 1368 1586 1916|0.001 0.02610738219968045 -0.10785372773807755 0.036338734864291844
3072 1000 1536 1248 1536 1536 1248 1000 3072 1000 1536 2391 1708 3435|0.001 0.1140705653277041 -0.14134576845322488 0.013157648527029053
1231 1000 1231 801 801 801 801 1231 2462 1231 2462 1586 1368 1916|0.001 0.0614685248038227 -0.0578582540384176 0.010554925404793192
651 2000 651 812 812 1000 1000 1000 651 2000 651 1557 1288 1112|0.001 0.012301790509958721 -0.08618829415533491 -0.019628507577788
1536 1000 1248 1536 3072 3072 1536 1000 1536 1000 1248 1708 2391 3435|0.001 0.05160048266452 -0.1261905906553995 0.07269112507023667
1248 1000 1536 3072 1536 1536 3072 1000 1248 1000 1536 1708 2391 1979|0.001 0.1023579359650384 -0.015221476746031248 -0.06154010877506
326 500 326 500 500 406 406 1000 326 500 326 778 1118 556|0.001 0.0708212496107552 -0.011864074943305214 -0.020197246516459044
2000 1000 2000 651 651 651 651 812 1000 812 1000 2236 1112 1557|0.001 0.11625106282998621 -0.011659832418613458 -0.04229237036155742
1536 1000 3072 1536 1248 1248 1536 1000 1536 1000 3072 2391 1708 1979|0.001 0.033361315622779664 -0.06802733556183882 0.004617360176910612
651 812 651 2000 2000 1000 1000 1000 651 812 651 1112 2236 1557|0.001 0.08162410162222855 -0.03788014741828771 -0.028315042382512923
500 1000 500 326 326 326 326 500 406 500 406 1118 778 556|0.001 0.02423409243937913 -0.08675718361595752 -0.0005220672838601725
1248 1000 1536 3072 1536 1536 3072 1000 1248 1000 1536 1708 2391 1979|0.001 0.10700866846482748 -0.02274198952498918 -0.06966825298945878
2000 1000 2000 651 651 651 651 812 1000 812 1000 2236 1112 1557|0.001 0.0056592760215057325 -0.1288297030033514 0.015935445186665564
326 500 326 500 500 406 406 1000 326 500 326 778 1118 556|0.001 0.06762447789998127 -0.0971812173584563 -0.004692605213185708
1536 1000 3072 1536 1248 1248 1536 1000 1536 1000 3072 2391 1708 1979|0.001 0.07835511539213247 -0.044110288405823095 -0.011257134540694214
651 812 651 2000 2000 1000 1000 1000 651 812 651 1112 2236 1557|0.001 0.12266095444956937 -0.08066171772281638 -0.017640488730512605
500 1000 500 326 326 326 326 500 406 500 406 1118 778 556|0.001 0.04817570317177555 -0.006706860291011418 -0.008382916985449906
1000 1000 1000 133 133 133 133 1000 812 1000 812 1414 1009 911|0.001 -0.00549838533559166 -0.147370477213995 0.03147771901237606
7542 1000 7542 7542 6128 6128 7542 1000 7542 1000 7542 7608 6872 9718|0.001 0.09179272448123443 -0.0798346706605002 -0.02534412832995825
133 812 133 1000 1000 1000 1000 1000 133 812 133 911 1414 1009|0.001 0.0464030644603608 -0.13740724218945788 0.02950912106299386
1000 1000 1000 133 133 133 133 812 1000 812 1000 1414 911 1009|0.001 0.015781873162643567 -0.1371529063806065 0.032853575463520635
6128 1000 7542 7542 7542 7542 7542 1000 6128 1000 7542 6872 7608 9718|0.001 0.0992015089606002 -0.027951796058225398 -0.016546736142243335
133 1000 133 1000 1000 812 812 1000 133 1000 133 1009 1414 911|0.001 0.09302235584498941 -0.02827726010407816 -0.021089253484150028
1000 1000 1000 133 133 133 133 1000 812 1000 812 1414 1009 911|0.001 0.14422314120713597 -0.00538821784693666 -0.017427734355016655
133 812 133 1000 1000 1000 1000 1000 133 812 133 911 1414 1009|0.001 0.0606944384817254 -0.12237797887024948 0.027399550993985056
7542 1000 7542 7542 6128 6128 7542 1000 7542 1000 7542 7608 6872 9718|0.001 0.12079937858612722 -0.00486943512264526 -0.053786649853159174
1000 1000 1000 133 133 133 133 812 1000 812 1000 1414 911 1009|0.001 0.07821142107895529 -0.08072796556523598 0.0019709503694032016
133 1000 133 1000 1000 812 812 1000 133 1000 133 1009 1414 911|0.001 0.11523548934686989 -0.05193902081143453 -0.0062332622916772
6128 1000 7542 7542 7542 7542 7542 1000 6128 1000 7542 6872 7608 9718|0.001 0.05021161547071884 -0.08199096136671469 0.00841929176814249
7542 1000 6128 7542 7542 7542 7542 1000 7542 1000 6128 6872 7608 10667|0.001 0.014433623320460054 -0.19097784498906867 0.05482284940321325
133 1000 133 812 812 1000 1000 1000 133 1000 133 1009 1288 911|0.001 0.07001015314974213 -0.05894454842219954 -0.0011982458779546956
1231 1000 1231 163 163 163 163 1231 1231 1231 1231 1586 1121 1242|0.001 0.1298024150851118 -0.052651613921887996 -0.004767373037545264
7542 1000 7542 6128 7542 7542 6128 1000 7542 1000 7542 7608 6872 10667|0.001 0.11743758691499018 -0.035234086296033196 0.013752989999982201
163 1231 163 1231 1231 1231 1231 1000 163 1231 163 1121 1586 1242|0.001 0.11463140454337717 -0.016491386170022215 -0.02401477632399618
812 1000 812 133 133 133 133 1000 1000 1000 1000 1288 1009 911|0.001 0.0016551415227894495 -0.1543082015236319 0.03635106002457311
7542 1000 6128 7542 7542 7542 7542 1000 7542 1000 6128 6872 7608 10667|0.001 0.1771702391177321 0.022357510584232188 -0.05369016272278038
1231 1000 1231 163 163 163 163 1231 1231 1231 1231 1586 1121 1242|0.001 0.17461291816369684 -0.009379371572475481 -0.030536424065690237
133 1000 133 812 812 1000 1000 1000 133 1000 133 1009 1288 911|0.001 0.06689126232046982 -0.08911256641975673 -0.0007954034119950215
7542 1000 7542 6128 7542 7542 6128 1000 7542 1000 7542 7608 6872 10667|0.001 0.09064619047667088 -0.04127230330411513 0.017243693877773136
163 1231 163 1231 1231 1231 1231 1000 163 1231 163 1121 1586 1242|0.001 0.06620745154443997 -0.08348760988179271 -0.009214164455056961
812 1000 812 133 133 133 133 1000 1000 1000 1000 1288 1009 911|0.001 0.15034037115527754 0.01619607844615123 -0.045784271556800205
1000 1000 1000 566 71 71 566 738 1000 738 1000 1414 1051 1002|0.001 0.08791361694163946 -0.073646004428225 -0.08162865124019647
1305 125 1768 1768 1768 1768 1768 1000 1305 125 1768 1858 2031 2197|0.001 0.12031395188100591 -0.014527089081263211 -0.011825900655955124
566 1000 566 1000 1000 738 738 1000 71 1000 71 1149 1414 1051|0.001 0.132781513475686 -0.0455603539012317 -0.008604160369179992
1000 1000 1000 71 71 566 566 1000 738 1000 738 1414 1002 721|0.001 0.08695718548312081 -0.09239873615624838 -0.00039963405587539746
14142 1000 14142 14142 10440 10440 14142 8000 14142 8000 14142 14177 10198 17578|0.001 0.6394364939300767 -0.03559792388058369 0.004998171113081984
566 738 71 1000 1000 1000 1000 1000 566 738 71 721 1414 1149|0.001 0.12491331504322467 -0.2758477906962209 -0.023939096379413938
14142 1000 14142 10440 14142 14142 10440 8000 14142 8000 14142 14177 14866 20000|0.001 0.7080137628064298 -0.09679724232431797 0.02431979614859303
738 1000 738 71 71 566 566 1000 1000 1000 1000 1243 1002 1051|0.001 0.08483094494136978 -0.09482561974844095 -0.011186840778469875
766 1355 96 1355 1355 1355 1355 1000 766 1355 96 1424 1684 1556|0.001 0.03902051224657033 -0.47666386885618195 0.00022192427876488452
1768 125 1305 1768 1768 1768 1768 1000 1768 125 1305 1275 2031 2500|0.001 0.1067065390581412 -0.02675878065414472 -0.010347594314682462
566 1000 566 738 738 1000 1000 1000 71 1000 71 1149 1243 721|0.001 0.12356185811575049 -0.03325674896617503 -0.002812769837173823
1355 1000 1355 766 96 96 766 1355 1355 1355 1355 1684 977 1358|0.001 0.08427240147171 -0.09302692792027778 -0.077154005537996
1000 1000 1000 71 71 71 71 900 1000 900 1000 1414 951 1002|0.001 0.02149330844063213 -0.09931972178153337 0.011293945301638075
12728 1000 14142 14142 14142 14142 14142 1000 12728 1000 14142 13454 14177 19026|0.001 0.12557368413580017 -0.02957842954677825 -0.006360522538483293
71 1000 71 1000 1000 900 900 1000 71 1000 71 1002 1414 951|0.001 0.09653584693565254 -0.05304471849718939 0.012848248027403919
1000 1000 1000 71 71 71 71 1000 900 1000 900 1414 1002 951|0.001 0.008706208489932532 -0.1086872690631957 0.015800630552409434
14142 1000 14142 14142 12728 12728 14142 1000 14142 1000 14142 14177 13454 19026|0.001 0.028253677272969124 -0.14549114706995714 0.01847061692254126
71 900 71 1000 1000 1000 1000 1000 71 900 71 951 1414 1002|0.001 0.11446420269302315 -0.045156107021675496 -0.012080283222956067
1000 1000 1000 71 71 71 71 900 1000 900 1000 1414 951 1002|0.001 0.021734064005065612 -0.07340181924736733 0.0019663639944078604
71 1000 71 1000 1000 900 900 1000 71 1000 71 1002 1414 951|0.001 0.0031485326501989874 -0.08500041605593811 0.01832581197407812
12728 1000 14142 14142 14142 14142 14142 1000 12728 1000 14142 13454 14177 19026|0.001 0.04433406655181882 -0.12129596573139723 0.0199063302577418
1000 1000 1000 71 71 71 71 1000 900 1000 900 1414 1002 951|0.001 0.06458011308581035 -0.06574774472728029 -0.006642344245880727
71 900 71 1000 1000 1000 1000 1000 71 900 71 951 1414 1002|0.001 0.04523702564364962 -0.13465791333168498 0.028723254504754436
14142 1000 14142 14142 12728 12728 14142 1000 14142 1000 14142 14177 13454 19026|0.001 0.06975907771246348 -0.10842711450110398 -0.00825051558014378
14142 1000 14142 12728 14142 14142 12728 1000 14142 1000 14142 14177 13454 20000|0.001 0.09151913196649097 -0.0648058866918011 -0.006826276232932971
79 1111 79 1111 1111 1111 1111 1000 79 1111 79 1057 1495 1114|0.001 0.0023632624193825613 -0.1429310648180382 0.05299763783503719
900 1000 900 71 71 71 71 1000 1000 1000 1000 1345 1002 951|0.001 0.052231105514874976 -0.11200314474644202 0.017886266868216705
14142 1000 12728 14142 14142 14142 14142 1000 14142 1000 12728 13454 14177 20000|0.001 0.09143648533697979 -0.06107768750374554 -0.022483672302281432
71 1000 71 900 900 1000 1000 1000 71 1000 71 1002 1345 951|0.001 0.07366869299134882 -0.05242581224321308 0.0034979754665731555
1111 1000 1111 79 79 79 79 1111 1111 1111 1111 1495 1057 1114|0.001 0.10638018752779699 -0.009291424907509338 -0.003460299901252295
14142 1000 14142 12728 14142 14142 12728 1000 14142 1000 14142 14177 13454 20000|0.001 0.08881584580090252 -0.07009188083475282 -0.004000603652150048
900 1000 900 71 71 71 71 1000 1000 1000 1000 1345 1002 951|0.001 0.056915873612601864 -0.0949800243824539 -0.005477279870609308
79 1111 79 1111 1111 1111 1111 1000 79 1111 79 1057 1495 1114|0.001 0.1247763103158328 -0.05037665772240185 -0.044232708725311376
14142 1000 12728 14142 14142 14142 14142 1000 14142 1000 12728 13454 14177 20000|0.001 0.13358134551447076 0.000778133959675742 -0.03572292283214207
71 1000 71 900 900 1000 1000 1000 71 1000 71 1002 1345 951|0.001 0.012300180254698478 -0.08924049853871407 0.01584059186030995
1111 1000 1111 79 79 79 79 1111 1111 1111 1111 1495 1057 1114|0.001 0.04357917522226362 -0.07504526492300934 0.005133603221920691
900 1000 900 1116 1116 1116 1116 3000 200 3000 200 1345 2060 1194|0.001 0.11299033248077794 -0.10384003234477746 0.0006023104898433829
2689 1000 896 807 179 179 807 1000 2689 1000 896 1847 1070 2695|0.001 0.07714216666951268 -0.22582501501082874 -0.06248607260537553
1240 222 1240 1111 1111 3333 3333 1000 1240 222 1240 1326 1495 2289|0.001 0.11713340312870635 -0.07039618731516706 0.030388550953779347
900 1000 900 1116 1116 1116 1116 3000 200 3000 200 1345 2060 1194|0.001 0.19847275599354397 -0.10378020017188572 0.0008370069104657318
1240 222 1240 1111 1111 3333 3333 1000 1240 222 1240 1326 1495 2289|0.001 0.12705748737827038 -0.07439854287396686 0.025965163663888013
2689 1000 896 807 179 179 807 1000 2689 1000 896 1847 1070 2695|0.001 0.07297302205784506 -0.21895733463360156 -0.06259678650343492
807 1000 179 2689 896 896 2689 1000 807 1000 179 1070 1847 1206|0.001 0.05911555099418875 -0.33648469176170814 -0.047613732744357096
372 333 372 67 67 300 300 1000 372 333 372 687 1002 398|0.001 0.11794942898186722 -0.0706332565020662 0.03231012832638713
15000 1000 15000 5579 5579 5579 5579 4500 5000 4500 5000 15033 5969 10302|0.001 0.4377235189292006 -0.09070164771528999 0.005331202336080754
807 1000 179 2689 896 896 2689 1000 807 1000 179 1070 1847 1206|0.001 0.05931868555902664 -0.3150141874557366 -0.04744280671371448
372 333 372 67 67 300 300 1000 372 333 372 687 1002 398|0.001 0.12400345878503138 -0.07149321179301227 0.029314167911542732
15000 1000 15000 5579 5579 5579 5579 4500 5000 4500 5000 15033 5969 10302|0.001 0.2929735056858429 -0.09572629345373396 0.016812494795281907
1355 1000 1355 1511 1511 1511 1511 1000 4064 1000 4064 1684 1916 2791|0.001 0.06029170281986573 -0.05968537272183383 -0.005379297287305684
1116 3000 1116 738 738 738 738 1000 1116 3000 1116 2060 1243 1414|0.001 0.1822559904910115 0.006755449087556542 -0.03365305170342059
738 1000 738 1116 1116 1116 1116 3000 738 3000 738 1243 2060 1257|0.001 0.16273233001548704 -0.11323637025802968 0.022802205832337386
2689 1000 896 662 662 662 662 1000 2689 1000 896 1847 1127 2769|0.001 0.008534298180660205 -0.46157483157665435 0.067509490130373
1511 1000 1511 1355 1355 4064 4064 1000 1511 1000 1511 1703 1684 2791|0.001 0.05706148451264603 -0.08610313928223867 0.02362167952441263
1355 1000 1355 1511 1511 1511 1511 1000 4064 1000 4064 1684 1703 2791|0.001 0.03791795185116298 -0.11971679999605356 0.04129305007156914
1116 3000 1116 738 738 738 738 1000 1116 3000 1116 2060 1243 1257|0.001 0.10111032465019765 -0.01597072217008999 -0.00708654797907271
738 1000 738 1116 1116 1116 1116 3000 738 3000 738 1243 2060 1414|0.001 0.3366386462236459 -0.03862954533258467 -0.009158617013355075
1511 1000 1511 1355 1355 4064 4064 1000 1511 1000 1511 1916 1684 2791|0.001 0.040541116934744714 -0.10831014089338287 0.008704948268627444
2689 1000 896 662 662 662 662 1000 2689 1000 896 1847 1267 2769|0.001 0.005658763653098031 -0.40991478822154925 0.05076121196522898
896 1000 2689 662 662 662 662 1000 896 1000 2689 1847 1127 1114|0.001 0.016131005739099535 -0.03871114470346382 0.016819981090034908
246 1000 246 372 372 372 372 333 246 333 246 1030 687 419|0.001 0.06228159007423795 -0.043201518240312264 -0.04031608310130497
662 1000 662 2689 896 896 2689 1000 662 1000 662 1267 1847 1114|0.001 0.08853985890037164 -0.058914695454147514 -0.06761823386418842
372 333 372 246 246 246 246 1000 372 333 372 687 1030 471|0.001 0.1351279743979239 -0.09874434894598938 0.010598154061138843
4064 1000 4064 1511 1511 1511 1511 1000 1355 1000 1355 4185 1916 2791|0.001 0.06518317737822743 -0.08603947750466356 0.016645863686224338
896 1000 2689 662 662 662 662 1000 896 1000 2689 1847 1267 1114|0.001 -0.004288092143160949 -0.05443741125840451 0.02321645889681756
246 1000 246 372 372 372 372 333 246 333 246 1030 687 471|0.001 0.03285199356737545 -0.07454583626394728 0.003899179127948571
662 1000 662 2689 896 896 2689 1000 662 1000 662 1127 1847 1114|0.001 0.09091534120152511 -0.09892296503636211 -0.05933961545240729
372 333 372 246 246 246 246 1000 372 333 372 687 1030 419|0.001 0.12213570425373854 -0.08009944577510919 -0.03609521886803746
4064 1000 4064 1511 1511 1511 1511 1000 1355 1000 1355 4185 1703 2791|0.001 0.0663639354847656 -0.09959436292575341 0.008907550631438443
1000 1000 1000 354 354 354 354 500 1000 500 1000 1414 791 1061|0.001 0.07817828287108641 -0.015916865087183263 -0.02083695024806209
1414 1000 2828 2828 2828 2828 2828 1000 1414 1000 2828 2236 3000 3162|0.001 0.030835088678953237 -0.05885885225838883 0.009392025817795968
354 1000 354 1000 1000 500 500 1000 354 1000 354 1061 1414 791|0.001 0.1065442383295645 -0.03341396443864997 -0.019969654053121344
1000 1000 1000 354 354 354 354 1000 500 1000 500 1414 1061 791|0.001 0.12857121922698278 -0.03738332080225337 0.008204605593133962
2828 1000 2828 2828 1414 1414 2828 1000 2828 1000 2828 3000 2236 3162|0.001 0.10007651812635299 -0.0700992746372553 -0.054879687107447506
354 500 354 1000 1000 1000 1000 1000 354 500 354 791 1414 1061|0.001 0.07651992113473227 -0.13451299003438 0.018355860776146926
1000 1000 1000 354 354 354 354 500 1000 500 1000 1414 791 1061|0.001 0.07758302006354079 -0.05955494629391933 -0.03225421667807815
354 1000 354 1000 1000 500 500 1000 354 1000 354 1061 1414 791|0.001 0.1491566311366288 0.0054381807422410056 -0.021895578390354054
1414 1000 2828 2828 2828 2828 2828 1000 1414 1000 2828 2236 3000 3162|0.001 0.08313491932292472 -0.04797006657590641 0.007211577706516259
1000 1000 1000 354 354 354 354 1000 500 1000 500 1414 1061 791|0.001 0.08936227010848397 -0.09285363898656196 0.007415751947457139
354 500 354 1000 1000 1000 1000 1000 354 500 354 791 1414 1061|0.001 0.12287077906638189 -0.060717931928794266 0.0030439678048899133
2828 1000 2828 2828 1414 1414 2828 1000 2828 1000 2828 3000 2236 3162|0.001 0.0788794726161135 -0.058049859832461914 -0.04360845891798526
2828 1000 2828 1414 2828 2828 1414 1000 2828 1000 2828 3000 2236 4000|0.001 0.01516850448425977 -0.10696907415732704 0.040596661017040514
707 2000 707 2000 2000 2000 2000 1000 707 2000 707 1581 2236 2121|0.001 0.08418864321813713 -0.033415467817696776 -0.01811079027124074
500 1000 500 354 354 354 354 1000 1000 1000 1000 1118 1061 791|0.001 0.0065088926194345476 -0.09116567270845866 0.01042293269946759
2828 1000 1414 2828 2828 2828 2828 1000 2828 1000 1414 2236 3000 4000|0.001 -0.007201763348066992 -0.2863653947975786 0.040178686589273926
354 1000 354 500 500 1000 1000 1000 354 1000 354 1061 1118 791|0.001 0.10152368795022015 -0.07290854507925548 -0.025701820353383198
2000 1000 2000 707 707 707 707 2000 2000 2000 2000 2236 1581 2121|0.001 0.23768503998442103 -0.05483014866213276 0.008937154462207442
2828 1000 2828 1414 2828 2828 1414 1000 2828 1000 2828 3000 2236 4000|0.001 0.05409053729802604 -0.06577498750993116 0.10038406113208831
500 1000 500 354 354 354 354 1000 1000 1000 1000 1118 1061 791|0.001 0.10240684077240214 -0.05419499863560162 -0.014709164211281767
707 2000 707 2000 2000 2000 2000 1000 707 2000 707 1581 2236 2121|0.001 0.044746880708299575 -0.06663973976179571 0.0032645045663803884
2828 1000 1414 2828 2828 2828 2828 1000 2828 1000 1414 2236 3000 4000|0.001 0.054046286184776804 -0.21188336933302687 0.020768572154352682
354 1000 354 500 500 1000 1000 1000 354 1000 354 1061 1118 791|0.001 0.06094633117435633 -0.11438075540354475 0.03891835690549961
2000 1000 2000 707 707 707 707 2000 2000 2000 2000 2236 1581 2121|0.001 0.0348527399745846 -0.1679516661806224 0.05015578388220865
1104 533 1000 1000 533 284 533 1104 1131 589 1104 1133 1133 1140|0.001 0.08882938836304088 -0.07531614156363498 -0.025683071022826187
1104 533 1000 1000 1104 1131 1104 533 589 284 533 1133 1133 1340|0.001 0.061320608833101975 -0.13980070135201528 0.020734735792413694
533 1104 1000 1000 533 589 1104 1104 284 1131 533 1133 1133 604|0.001 0.08386541486667287 -0.048684504677275475 -0.03188348977842703
483 906 906 483 258 483 906 1025 533 1000 1000 1282 1033 683|0.001 0.0732318614027716 -0.04385793648044811 -0.05071388186460579
2121 533 2069 1875 2069 1104 1000 1875 2069 1000 1875 2137 2652 2652|0.001 0.18839973408057542 -0.02773231685351152 0.004636913693796263
1000 1104 533 1104 1000 1104 1131 533 533 589 284 1414 1414 1133|0.001 0.05767815192546211 -0.07317954931898574 -0.007426900467617514
1875 1875 2069 533 1000 1875 1000 1104 2069 2069 2121 2125 1414 2652|0.001 0.0680376714378772 -0.04905371746461995 0.07576324681502822
483 1025 258 483 906 1000 533 906 906 1000 483 1111 1027 1282|0.001 0.044218620944356246 -0.16474690200536823 0.0344681851844264
2069 1875 1875 3880 3977 3880 3516 1875 3880 3516 3516 2652 4309 4712|0.001 0.15120854579174559 -0.048086950121912775 -0.019450162753104072
533 1104 1000 1875 2069 2121 2069 1875 1000 2069 1875 1133 2652 2298|0.001 0.12294291352517694 -0.05441637195879534 0.004292468852111764
2069 1875 1875 1000 1104 2069 1875 533 2121 1000 2069 2652 1133 2652|0.001 0.041280563439638485 -0.03294700345024881 -0.006165346273908634
1000 533 1104 1104 1000 533 589 533 1104 284 1131 1414 1414 1133|0.001 0.07142138476823767 -0.05891953876031253 -0.01890026173552939
483 906 906 1000 1025 1000 906 533 258 483 483 1282 1215 1111|0.001 0.014803136580050502 -0.05104585919535887 0.007174826172156035
533 1025 1000 906 483 258 483 906 483 1000 906 1215 1282 683|0.001 0.06097131414212198 -0.055025124880259124 -0.02013590964296319
1875 1875 2069 2121 2069 1875 2069 533 1000 1000 1104 2125 2298 2652|0.001 0.07351867533825773 -0.007156938193041418 -0.011218673398588619
251 975 471 975 520 471 884 975 471 884 884 1083 1250 534|0.001 0.08341570971254875 -0.055042114163399436 -0.029210998923039355
3880 1875 3977 2069 1875 3516 3880 1875 3516 3516 3880 4006 2125 3984|0.001 0.09817930622397775 -0.06942050181174553 0.0034666894985124763
975 975 520 251 471 884 471 975 884 884 471 1185 1007 1002|0.001 0.14076218280526742 -0.06004387185912008 0.07147397228161045
906 906 483 1922 1875 1699 1875 1875 1699 1699 906 1027 2277 1926|0.001 0.22353924809508374 -0.047460396770726554 -0.014261049928175895
1000 533 1104 2069 1875 2069 2121 1875 1875 1000 2069 1414 2125 2652|0.001 0.15056903383151798 -0.0122274048907689 -0.03314058820116261
906 906 483 533 1000 906 483 1025 483 1000 258 1027 1282 1282|0.001 0.09489616976098514 -0.11959645523423434 0.04873929781741726
1922 1875 1875 906 483 906 1699 906 1875 1699 1699 2403 1282 1936|0.001 -0.01626268687379695 -0.08618036505967264 -0.028300242694908606
1875 1000 1875 1000 533 533 1000 1104 1875 1104 1875 2125 1133 1949|0.001 0.10692335687792376 -0.05334372841508617 -0.046855390637838834
1104 533 1000 1875 1875 1875 1875 1000 1104 533 1000 1133 2125 2176|0.001 0.11134822162039537 -0.05711737733839706 -0.03343540984442783
533 1000 533 533 533 589 589 1000 284 1000 284 1133 1133 604|0.001 0.03524257232585537 -0.11288325591928605 0.03191740861893333
533 1000 533 284 284 533 533 1000 589 1000 589 1133 1040 754|0.001 0.11006691472762231 -0.04428649608715585 0.0010856141775694717
3516 1000 3516 1875 2069 2069 1875 1875 3516 1875 3516 3655 2652 4079|0.001 0.18929735627523314 -0.09214833851808102 0.008401660085388674
1000 1104 533 1875 1875 1875 1875 1000 1000 1104 533 1414 2125 2125|0.001 0.1086633565532269 -0.05905562136174436 -0.021411672418277794
1875 1000 1875 533 1000 1000 533 1104 1875 1104 1875 2125 1414 2125|0.001 0.0071961346947801985 -0.10692599292898342 0.04299494864874909
284 1000 284 533 533 589 589 1000 533 1000 533 1040 1133 754|0.001 0.091150523342447 -0.03790132876693164 -0.002227560359392422
2069 1875 1875 3516 3516 3516 3516 1000 2069 1875 1875 2652 3655 4079|0.001 0.18476794074037572 0.02553618836520055 -0.04366568028203788
533 1000 533 533 533 284 284 1000 589 1000 589 1133 1133 604|0.001 0.09641128241165031 -0.03500465213326476 -0.025741714482380162
533 1104 1000 1875 1875 1875 1875 1000 533 1104 1000 1133 2125 1949|0.001 0.06093256551843451 -0.04725976645847396 0.007703864005104144
1875 1000 1875 1000 1104 1104 1000 533 1875 533 1875 2125 1133 2176|0.001 -0.008293671826766769 -0.13711489530167986 0.02565230055335599
1875 1000 1875 1104 1000 1000 1104 533 1875 533 1875 2125 1414 2125|0.001 0.037336096105324845 -0.05241217567134804 -0.002020620088128977
483 906 906 1699 1699 1699 1699 1000 483 906 906 1282 1972 1766|0.001 0.007442096524454822 -0.06916417674157405 0.03178960924670848
589 1000 589 533 533 284 284 1000 533 1000 533 1160 1133 754|0.001 0.12058966229000712 -0.03461655245851403 -0.026105669374703044
1875 1875 2069 3516 3516 3516 3516 1000 1875 1875 2069 2125 3655 3984|0.001 0.06290937346963954 -0.059260439010464516 0.008407760520963148
284 1000 284 589 589 533 533 1000 533 1000 533 1040 1160 604|0.001 -0.0025116721175832968 -0.09802125639694514 0.014461587407914589
1699 1000 1699 483 906 906 483 906 1699 906 1699 1972 1027 1926|0.001 0.023587111103462455 -0.09565431936404356 0.024728335506953858
3516 1000 3516 2069 1875 1875 2069 1875 3516 1875 3516 3655 2125 3984|0.001 0.1903827745607578 -0.062262126514015526 0.015176006451689261
589 1000 589 284 284 533 533 1000 533 1000 533 1160 1040 604|0.001 0.04251000075033318 -0.09833923479548701 0.029692893226060946
906 906 483 1699 1699 1699 1699 1000 906 906 483 1027 1972 1926|0.001 0.07971967777667288 -0.12733732086249727 -0.007368086633591231
1000 533 1104 1875 1875 1875 1875 1000 1000 533 1104 1414 2125 2125|0.001 0.06730951431126453 -0.07795614015669972 0.016296738256649235
533 1000 533 589 589 533 533 1000 284 1000 284 1133 1160 754|0.001 0.0436983239260913 -0.060005630060913084 -0.001976443075605294
1699 1000 1699 906 483 483 906 906 1699 906 1699 1972 1282 1766|0.001 0.11152239831078159 -0.03253264184518656 -0.07281577752096036
2719 1000 906 258 483 483 258 1025 2719 1025 906 1861 1111 2761|0.001 0.0836319081529302 -0.15352131167319594 0.07488105476706863
3977 1875 3880 3516 3516 10547 10547 1000 3977 1875 3880 4309 3655 7273|0.001 -0.04694810135073446 -0.10658189439153976 -0.01063296381170864
284 1000 284 1104 1104 1131 1131 3000 533 3000 533 1040 2054 1226|0.001 0.24418055175026376 -0.05786392607688873 -0.025311564725889468
368 333 368 178 178 95 95 1000 377 333 377 685 1016 380|0.001 0.14902170450457275 -0.11037780723522128 -0.001032109163708883
5625 1000 5625 2069 2121 2121 2069 533 1875 533 1875 5713 2137 3879|0.001 0.0515453332469451 -0.08391476608056503 -0.00805754413722215
258 1025 483 2719 906 906 2719 1000 258 1025 483 1033 1861 942|0.001 0.10343680433828828 -0.021903530027465035 -0.07148959874642036
906 1000 2719 483 258 258 483 1025 906 1025 2719 1861 1033 942|0.001 0.062434106695206104 -0.03831793558723873 -0.031446815245892434
178 1000 178 368 368 377 377 333 95 333 95 1016 685 380|0.001 0.031979378184570084 -0.07384230967523053 -0.0031199934379055883
2121 533 2069 5625 5625 1875 1875 1000 2121 533 2069 2137 5713 3879|0.001 0.12262226083503691 -0.05875747470432957 -0.018586468388445132
1104 3000 1104 284 284 533 533 1000 1131 3000 1131 2054 1040 1226|0.001 -0.01037359969747742 -0.0566490068915404 0.008166970078742342
483 1025 258 906 2719 2719 906 1000 483 1025 258 1111 1861 2761|0.001 0.06797152173068088 -0.1473526789802715 0.21641642200124878
3516 1000 3516 3880 3977 3977 3880 1875 10547 1875 10547 3655 4309 7273|0.001 0.18762095943985813 -0.06163973319599503 0.012354933811322688
3516 1000 3516 3977 3880 3880 3977 1875 10547 1875 10547 3655 4006 7220|0.001 0.1057916438988471 -0.07168018625142047 -0.020580802523014752
471 975 251 884 2652 2652 884 1000 471 975 251 1007 1829 2694|0.001 0.06343264158574557 -0.17335743451284302 0.18134751655277226
1131 3000 1131 284 284 533 533 1000 1104 3000 1104 2069 1040 1140|0.001 0.0007750011088170083 -0.05687806989494004 0.004078356094381341
2069 533 2121 5625 5625 1875 1875 1000 2069 533 2121 2298 5713 3851|0.001 0.13165531560235477 -0.04344392162838662 -0.010177535588964393
178 1000 178 377 377 368 368 333 95 333 95 1016 690 409|0.001 0.006437529488096949 -0.07988819247182422 0.00935805693435876
884 1000 2652 471 251 251 471 975 884 975 2652 1829 1083 919|0.001 0.05199821091615542 -0.041599895049559965 -0.02963370706199342
5625 1000 5625 2121 2069 2069 2121 533 1875 533 1875 5713 2298 3851|0.001 0.04017844110202118 -0.0799719932774079 0.011353875300565974
377 333 377 178 178 95 95 1000 368 333 368 690 1016 409|0.001 0.1280893126851934 -0.11688990442108582 0.006389772884582978
251 975 471 2652 884 884 2652 1000 251 975 471 1083 1829 919|0.001 0.07863682366522795 -0.05405508496189371 -0.049688693999953015
3880 1875 3977 3516 3516 10547 10547 1000 3880 1875 3977 4006 3655 7220|0.001 -0.03518811304150771 -0.0998217350949715 0.02910495834843152
284 1000 284 1131 1131 1104 1104 3000 533 3000 533 1040 2069 1140|0.001 0.12116838183122036 -0.1462422022002452 0.04375201371427773
2652 1000 884 251 471 471 251 975 2652 975 884 1829 1007 2694|0.001 0.05347661907574741 -0.14705767341989473 0.07011009208313768
2069 1875 1875 1000 533 1000 1875 1104 2121 2069 2069 2652 1133 2298|0.001 -0.00107207444323687 -0.0897072810316013 -0.02257094742833865
1104 533 1000 1875 2069 2121 2069 1875 2069 1000 1875 1133 2652 2652|0.001 0.21574692185901023 -0.08382237495308531 -0.012114661478572764
1000 1104 533 533 1000 1104 589 1104 533 1131 284 1414 1414 1133|0.001 0.01763105823983313 -0.1817013126381395 0.07806685884236941
906 906 483 258 483 906 483 1025 1000 1000 533 1027 1111 1282|0.001 0.1122711255801212 -0.12983505816644758 0.12755871237169814
3977 1875 3880 1875 2069 3880 3516 1875 3880 3516 3516 4309 2652 4712|0.001 0.07665822365128472 -0.09245265101541666 0.009840181444416007
1000 1104 533 2069 1875 2069 2121 1875 1875 2069 1000 1414 2125 2652|0.001 0.044800083149707515 -0.30975006364782565 0.04318667377460228
258 1025 483 906 483 533 1000 906 483 1000 906 1033 1282 683|0.001 0.052659823267064976 -0.05554543015302671 -0.025597151556073783
2069 1875 1875 2069 2121 2069 1875 533 1104 1000 1000 2652 2137 2652|0.001 0.05447886942047786 -0.006217200880360707 -0.015604689825872153
533 1104 1000 1000 533 284 533 1104 589 1131 1104 1133 1133 604|0.001 0.08681434085449746 -0.051447374196308404 -0.03172059945559691
533 1104 1000 1000 1104 1131 1104 533 284 589 533 1133 1133 1140|0.001 0.0333784519264535 -0.03900700229804155 -0.0009019336774507281
1104 533 1000 1000 1104 589 533 533 1131 284 1104 1133 1133 1340|0.001 0.09208753424369887 -0.0579952174250109 -0.00896746382138991
1875 1875 2069 1104 1000 1875 2069 533 2069 1000 2121 2125 1414 2652|0.001 0.02028826196688982 -0.03820695820915265 0.007230055515439204
483 906 906 1875 1922 1875 1699 1875 906 1699 1699 1282 2403 1936|0.001 0.024097427468574573 -0.07516592636180985 0.004069688598045129
1875 1875 2069 3977 3880 3516 3880 1875 3516 3516 3880 2125 4006 3984|0.001 0.13482853391067362 -0.05739110640824552 -0.013144698641851527
471 975 251 520 975 884 471 975 884 884 471 1007 1185 1002|0.001 0.12028995026111433 -0.04337535453675434 0.08543400742840435
1875 1875 1922 483 906 1699 906 906 1699 1699 1875 2277 1027 1926|0.001 -0.00398674903023033 -0.0798783594942587 0.04889590204377958
2069 533 2121 2069 1875 1000 1104 1875 1875 1000 2069 2298 2125 2652|0.001 0.11528724062323858 -0.019706136521834283 -0.024334630098605814
520 975 975 471 251 471 884 975 471 884 884 1250 1083 534|0.001 0.06432451038855591 -0.05728691947082698 -0.023405210486729944
906 906 483 1025 1000 906 1000 533 483 483 258 1027 1282 1282|0.001 0.02133446024290997 -0.2134381356896331 0.028498876705598253
1000 533 1104 1104 1000 1104 1131 533 533 284 589 1414 1414 1133|0.001 0.09180617901084043 -0.0634348304358523 -0.012763219518457936
483 906 906 1000 533 483 906 1025 258 1000 483 1282 1215 683|0.001 0.06424953397680788 -0.047672957133778615 -0.04083684478311311
1025 533 1000 906 483 258 483 906 1000 483 906 1215 1282 1111|0.001 0.1319426163760995 -0.03277141173861464 -0.06187422597238368
1000 1000 1000 3000 1600 200 1600 1720 1720 1720 1720 1414 1887 1020|0.001 0.08084791719978002 -0.056499140669182824 -0.049540580513735
573 533 333 333 573 573 333 533 573 67 333 629 629 1046|0.001 0.05445992666185617 -0.045337226352301085 0.004272407255501154
1600 1720 3000 1000 1000 1720 1720 1000 200 1720 1600 1887 1414 1020|0.001 0.021158984647751122 -0.06216230131948941 0.02005322856492686
1000 1000 1000 1600 200 1600 3000 1720 1720 1720 1720 1414 1020 1887|0.001 0.09485578062319311 -0.08407447450516248 -0.07970694542495216
1075 125 625 625 1075 1075 625 1875 1075 1000 625 637 1976 884|0.001 0.18104458197337525 -0.1339005101013524 0.005617748281627755
3000 1720 1600 1000 1000 1720 1720 1000 1600 1720 200 3162 1414 1887|0.001 0.06770760163137934 -0.14251868705215331 -0.005416566641633924
1000 1000 1000 200 1600 3000 1600 1720 1720 1720 1720 1414 1887 3162|0.001 0.0016285004085059285 -0.1271099020267985 0.3691268022161842
1600 1720 200 1000 1000 1720 1720 1000 3000 1720 1600 1887 1414 3162|0.001 0.014773530281786407 -0.8270823529714777 0.026844224624702484
8602 8000 5000 5000 8602 8602 5000 8000 8602 15000 5000 9434 9434 15684|0.001 0.5010918592368752 -0.02849413716432103 -0.02493682260932273
333 533 573 573 333 333 573 533 333 67 573 1054 1054 471|0.001 0.06511234958149537 -0.07207970844690159 0.015836433806490913
930 581 1744 1000 1000 581 581 1000 116 581 930 1838 1823 1097|0.001 0.03735197403022639 -0.06482154840366405 0.00015651649316605898
1000 1000 1000 1744 930 116 930 581 581 581 581 1823 1838 1097|0.001 0.10065997555337658 -0.03487180492474651 -0.06008374680438244
5000 8000 8602 8602 5000 5000 8602 8000 5000 15000 8602 5099 5099 7071|0.001 0.5191518379875015 -0.012884801320400818 -0.01280759661414721
1000 1000 1000 116 930 1744 930 581 581 581 581 1823 593 1097|0.001 0.07791683134229066 -0.1001556312102081 0.7619353972465759
930 581 116 1000 1000 581 581 1000 1744 581 930 593 1823 1097|0.001 0.08021168876063633 -0.556108511344704 0.0020143824746043926
625 125 1075 1075 625 625 1075 1875 625 1000 1075 1179 1179 884|0.001 0.18407397322405483 -0.08258151824516391 0.007611151173967379
1744 581 930 1000 1000 581 581 1000 930 581 116 1097 822 1838|0.001 0.08486195210253289 -0.16029717441945257 -0.026105246115712966
1000 1000 1000 930 116 930 1744 581 581 581 581 822 1097 593|0.001 0.09530160733708604 -0.08550847608754464 -0.08210737689349545
1000 1000 1000 1600 200 200 1600 1720 1000 1720 1000 1414 1020 1020|0.001 0.09623101293364744 -0.07439902941167698 -0.08802137364812834
1075 125 625 625 625 625 625 1000 1075 125 625 637 1179 1244|0.001 0.08881415767789447 -0.019661854169851223 -0.003797656952361228
1600 1000 1600 1000 1000 1720 1720 1000 200 1000 200 1887 1414 1020|0.001 0.0993932703389877 -0.08238392710031239 0.02389501368134539
1000 1000 1000 200 200 1600 1600 1000 1720 1000 1720 1414 1020 1887|0.001 0.08481754502174477 -0.09166642204165965 0.0015730614344589
1600 1720 200 1000 1000 1000 1000 1000 1600 1720 200 1887 1414 1887|0.001 0.10531196830603218 -0.2839548359417965 0.003054950570970938
5000 1000 5000 5000 8602 8602 5000 8000 5000 8000 5000 5099 9434 9950|0.001 0.717009574380687 -0.02085728637758244 0.0012055292813784035
625 125 1075 625 625 625 625 1000 625 125 1075 1179 1179 884|0.001 0.14398401326011 -0.07502872813017536 -0.03209764970236173
1600 1000 1600 1720 1720 1000 1000 1000 200 1000 200 1887 1990 1887|0.001 0.11687943566870418 -0.052197678277854376 -0.02410668591689813
581 1000 581 930 116 116 930 581 581 581 581 1157 1097 593|0.001 0.08382146265522916 -0.09391291241304223 -0.07661175535203513
5000 1000 5000 8602 5000 5000 8602 8000 5000 8000 5000 5099 5099 7071|0.001 0.5054003564338361 -0.11210494051957065 0.014591036607045638
930 581 116 581 581 581 581 1000 930 581 116 593 1157 1097|0.001 0.024496225131738214 -0.84066934197075 0.04183167744626681
1720 1000 1720 200 200 1600 1600 1000 1000 1000 1000 1990 1020 1020|0.001 0.07421746767910298 -0.08736189873834732 0.026811081714985807
1000 1000 1000 200 200 200 200 1000 1000 1000 1000 1414 1020 1020|0.001 0.08735564991655176 -0.068041107750626 -0.0030786774560875863
5000 1000 5000 5000 5000 5000 5000 1000 5000 1000 5000 5099 5099 7071|0.001 0.02989964947322621 -0.137497556268098 0.04322466500553457
200 1000 200 1000 1000 1000 1000 1000 200 1000 200 1020 1414 1020|0.001 0.0778058280745042 -0.09925333849554185 -0.020280915128906285
1000 1000 1000 200 200 200 200 1000 1000 1000 1000 1414 1020 1020|0.001 0.029877412345966636 -0.10589057507857658 0.03179904094085417
5000 1000 5000 5000 5000 5000 5000 1000 5000 1000 5000 5099 5099 7071|0.001 -0.008635276349835408 -0.16534968037662634 0.05382244711311657
200 1000 200 1000 1000 1000 1000 1000 200 1000 200 1020 1414 1020|0.001 0.09135979665353844 -0.07582150914503427 0.023812351464922443
1000 1000 1000 200 200 200 200 1000 1000 1000 1000 1414 1020 1020|0.001 0.11231338599084095 -0.04821980082917898 -0.039842302220917114
200 1000 200 1000 1000 1000 1000 1000 200 1000 200 1020 1414 1020|0.001 0.12653700347046382 0.0015079997997524686 -0.040395076548241926
5000 1000 5000 5000 5000 5000 5000 1000 5000 1000 5000 5099 5099 7071|0.001 0.01494941538376704 -0.13474285744490166 0.0475611222692196
1000 1000 1000 200 200 200 200 1000 1000 1000 1000 1414 1020 1020|0.001 0.04927355350778706 -0.08204003587404252 0.014469295707313368
200 1000 200 1000 1000 1000 1000 1000 200 1000 200 1020 1414 1020|0.001 0.10699472067350557 -0.06915565946290059 -0.021610248173170588
5000 1000 5000 5000 5000 5000 5000 1000 5000 1000 5000 5099 5099 7071|0.001 0.023628275995217773 -0.09233344687913925 0.01261307179439397
5000 1000 5000 5000 5000 5000 5000 1000 5000 1000 5000 5099 5099 7071|0.001 0.11550479090255861 -0.06085591723010819 0.0009745870986610505
200 1000 200 1000 1000 1000 1000 1000 200 1000 200 1020 1414 1020|0.001 0.001598054666844817 -0.15610348244801564 0.05680588537095188
1000 1000 1000 200 200 200 200 1000 1000 1000 1000 1414 1020 1020|0.001 0.14621623333727518 -0.005059468532627731 -0.022272474919026175
5000 1000 5000 5000 5000 5000 5000 1000 5000 1000 5000 5099 5099 7071|0.001 0.07640101449235548 -0.10712406272565644 0.003510312059442633
200 1000 200 1000 1000 1000 1000 1000 200 1000 200 1020 1414 1020|0.001 0.09156247701848752 -0.02774652635414876 -0.024712709170235936
1000 1000 1000 200 200 200 200 1000 1000 1000 1000 1414 1020 1020|0.001 0.11338039841655156 -0.029690621496248903 0.009454063990239625
5000 1000 5000 5000 5000 5000 5000 1000 5000 1000 5000 5099 5099 7071|0.001 0.07055029168361981 -0.021427444206475466 -0.0036267544596935153
1000 1000 1000 200 200 200 200 1000 1000 1000 1000 1414 1020 1020|0.001 0.10543383628062841 -0.06664784530205581 -0.03612830300094738
200 1000 200 1000 1000 1000 1000 1000 200 1000 200 1020 1414 1020|0.001 0.10629935556817127 -0.02424811990907272 -0.01534812623423365
5000 1000 5000 5000 5000 5000 5000 1000 5000 1000 5000 5099 5099 7071|0.001 0.034877077955739466 -0.13515068696651977 0.008279695779511709
200 1000 200 1000 1000 1000 1000 1000 200 1000 200 1020 1414 1020|0.001 0.049843247184861994 -0.13191248172334302 0.03484724285931717
1000 1000 1000 200 200 200 200 1000 1000 1000 1000 1414 1020 1020|0.001 -0.01143563293371841 -0.11700094538897088 0.02232411039236437
1000 1000 1000 1720 1720 1720 1720 1000 3000 1000 3000 1414 1990 2441|0.001 0.03302336670996997 -0.12331477075179342 0.043280483009677795
1720 3000 1720 1000 1000 1000 1000 1000 1720 3000 1720 2441 1414 1990|0.001 0.1647271375191428 0.014140075096031879 -0.023011517260146386
1000 1000 1000 1720 1720 1720 1720 3000 1000 3000 1000 1414 2441 1990|0.001 0.18594164886548858 -0.06449594958018778 -0.004570761438174031
1744 1000 581 581 581 581 581 1000 1744 1000 581 1419 1157 1838|0.001 0.09993627279557105 -0.2160767200841629 -0.02490525091205731
1720 1000 1720 1000 1000 3000 3000 1000 1720 1000 1720 1990 1414 2441|0.001 0.06178653115675781 -0.11063405230523404 0.008262381806471986
1000 1000 1000 1720 1720 1720 1720 1000 3000 1000 3000 1414 1990 2441|0.001 0.06812887021187874 -0.09051569102076162 -0.020249617828065336
1720 3000 1720 1000 1000 1000 1000 1000 1720 3000 1720 2441 1414 1990|0.001 0.1488643060862027 0.011053859307732505 -0.017394605584911682
1000 1000 1000 1720 1720 1720 1720 3000 1000 3000 1000 1414 2441 1990|0.001 0.20009865758131573 -0.11321273392434383 0.037180374372765
1720 1000 1720 1000 1000 3000 3000 1000 1720 1000 1720 1990 1414 2441|0.001 0.07654030005277868 -0.08725884745813706 -0.02715891415825289
1744 1000 581 581 581 581 581 1000 1744 1000 581 1419 1157 1838|0.001 0.07730745815198281 -0.14511615328528182 -0.025808156194592202
581 1000 1744 581 581 581 581 1000 581 1000 1744 1419 1157 822|0.001 0.013994481490184896 -0.047594458640795034 0.0272475080910195
333 1000 333 573 573 573 573 333 333 333 333 1054 814 663|0.001 0.018934524339682124 -0.09939016354749253 0.0043006125160327535
581 1000 581 1744 581 581 1744 1000 581 1000 581 1157 1419 822|0.001 0.1030072860024367 -0.07971706339522933 -0.07425010002728327
573 333 573 333 333 333 333 1000 573 333 573 814 1054 663|0.001 0.1318181306109545 -0.046516350475954704 -0.03049310755357304
3000 1000 3000 1720 1720 1720 1720 1000 1000 1000 1000 3162 1990 2441|0.001 0.038240541252716476 -0.09042566359912518 0.007998160332605142
581 1000 1744 581 581 581 581 1000 581 1000 1744 1419 1157 822|0.001 0.011891421876293329 -0.039933819990881636 0.018406198744731483
333 1000 333 573 573 573 573 333 333 333 333 1054 814 663|0.001 0.06070508102828942 -0.018161000889580503 -0.02621620770468347
581 1000 581 1744 581 581 1744 1000 581 1000 581 1157 1419 822|0.001 0.08306604267912743 -0.09771730265970557 -0.0603443917778923
573 333 573 333 333 333 333 1000 573 333 573 814 1054 663|0.001 0.10006210521459113 -0.08188687106571724 0.0230321702495484
3000 1000 3000 1720 1720 1720 1720 1000 1000 1000 1000 3162 1990 2441|0.001 0.06920754839597754 -0.11441131748320732 0.017253279759177342
581 1000 581 1000 1000 1000 1000 1000 1744 1000 1744 1157 822 1419|0.001 0.08410758169631993 -0.09629499810152486 0.013682942759347672
1720 3000 1720 1720 1720 1720 1720 1000 1720 3000 1720 2441 1990 1414|0.001 0.08844058359932738 -0.01560644057367555 -0.013371944748088449
1720 1000 1720 1720 1720 1720 1720 3000 1720 3000 1720 1990 2441 3137|0.001 0.2903324275004948 -0.06060903295642128 -0.026706442897427296
1744 1000 581 1000 1000 1000 1000 1000 1744 1000 581 1419 1823 2010|0.001 0.11577166808856232 -0.1372974652411496 -0.038965729891283774
1000 1000 1000 581 581 1744 1744 1000 1000 1000 1000 1823 1157 1419|0.001 0.11311432786703213 -0.04835479261079301 0.010977796599696
581 1000 581 1000 1000 1000 1000 1000 1744 1000 1744 1157 1823 1419|0.001 0.006434877351912949 -0.1466422271208001 0.039052229371661085
1720 3000 1720 1720 1720 1720 1720 1000 1720 3000 1720 2441 1990 3137|0.001 0.13139250874966812 -0.0031199397677372787 -0.017363004909605184
1720 1000 1720 1720 1720 1720 1720 3000 1720 3000 1720 1990 2441 1414|0.001 0.27650087305110205 -0.08713690202004631 0.016604468739813694
1000 1000 1000 581 581 1744 1744 1000 1000 1000 1000 822 1157 1419|0.001 0.10647579598328072 -0.06466174035733241 0.006017943122083036
1744 1000 581 1000 1000 1000 1000 1000 1744 1000 581 1419 822 2010|0.001 0.13855193708169233 -0.04898452058667013 -0.043925476444308664
581 1000 1744 1000 1000 1000 1000 1000 581 1000 1744 1419 1823 1157|0.001 0.014889875406438602 -0.03974463678032336 0.017738025071232233
573 1000 573 573 573 573 573 333 573 333 573 1153 814 1046|0.001 0.013458143635853848 -0.06586320545347468 0.00972591254369437
1000 1000 1000 1744 581 581 1744 1000 1000 1000 1000 822 1419 1157|0.001 0.09058726898235614 -0.0836694996551346 -0.06522941086675949
573 333 573 573 573 573 573 1000 573 333 573 814 1153 471|0.001 0.12463870497169793 -0.10486929671602918 0.02157666861051233
1744 1000 1744 1000 1000 1000 1000 1000 581 1000 581 2010 822 1419|0.001 0.09958242132298345 -0.027173333057697313 -0.018593921412911607
581 1000 1744 1000 1000 1000 1000 1000 581 1000 1744 1419 822 1157|0.001 0.00650877082415624 -0.038120569306479 0.019283296821368534
573 1000 573 573 573 573 573 333 573 333 573 1153 814 471|0.001 0.007329377411424698 -0.07488442011627128 0.0013131733680871172
1000 1000 1000 1744 581 581 1744 1000 1000 1000 1000 1823 1419 1157|0.001 0.0988488380265995 -0.06052752760108193 -0.0740369943429997
573 333 573 573 573 573 573 1000 573 333 573 814 1153 1046|0.001 0.08756079800960048 -0.024126675105174966 -0.0004487894941196391
1744 1000 1744 1000 1000 1000 1000 1000 581 1000 581 2010 1823 1419|0.001 0.11274210726851974 -0.05612163462139219 -0.024369215190215288
1104 533 1000 1000 1000 533 533 1000 1198 533 1104 1133 1414 1226|0.001 0.09187772750866463 -0.026013000327201885 -0.004997115534902674
1000 1000 1000 1000 1104 1198 1104 533 533 533 533 1414 1133 1226|0.001 0.028142077999526727 -0.10802008569895216 0.003241279493022553
533 1104 1000 1000 533 533 1000 1104 533 1198 1000 1133 1133 754|0.001 0.07249733424061988 -0.028170062093303416 -0.04171063727074986
483 906 906 906 483 483 906 1086 483 1000 906 1282 1111 683|0.001 0.10431961907910514 -0.03170539245516468 -0.047155864171218864
1198 533 1104 1000 1000 533 533 1000 1104 533 1000 1226 1414 1489|0.001 0.11653593665455153 -0.03326965589923514 -0.009276727464370138
1000 1000 1000 1104 1000 1104 1198 533 533 533 533 1414 1414 1133|0.001 0.04312288477087867 -0.07323814415010066 -0.0036681049657172338
1875 1875 2069 1000 1000 1875 1875 1000 2069 1875 2247 2125 1414 2652|0.001 -0.041107024537400116 -0.1078231388138351 0.0032027137572332443
906 1086 483 483 906 906 483 906 906 1000 483 1350 1027 1282|0.001 0.07190776388972697 -0.1599506209673307 0.028715150500786546
1000 1000 1000 2069 2247 2069 1875 1875 1875 1875 1875 1414 2792 2298|0.001 0.20927950100602777 -0.021800654561453525 -0.04245845064879017
1000 1104 533 533 1000 1000 533 1104 1000 1198 533 1414 1414 1414|0.001 0.018806011718195403 -0.15270146585813937 0.06020052286899169
1000 1000 1000 1875 2069 2247 2069 1875 1875 1875 1875 1414 2652 2792|0.001 0.05118004057543368 -0.129909506042587 -0.0006714166426202706
2069 1875 1875 1000 1000 1875 1875 1000 2247 1875 2069 2652 1414 2792|0.001 0.023879189339930385 -0.08013313620854001 0.0021714297125563498
1000 533 1104 1000 1000 533 533 1000 1104 533 1198 1414 1414 1133|0.001 0.08976478970617263 -0.13202746840176083 0.004019463860087669
1000 1000 1000 1104 1198 1104 1000 533 533 533 533 1414 1226 1489|0.001 0.07808394848263234 -0.022918738140211836 -0.014777820856962665
483 1086 906 906 483 483 906 906 483 1000 906 1111 1282 683|0.001 0.05336701985561021 -0.049972856202323834 -0.031099621329124805
1000 1000 1000 1198 1104 1000 1104 533 533 533 533 1414 1489 1414|0.001 0.029334806536298608 -0.051327565253954655 -0.0021652615925560337
445 921 835 835 445 445 835 921 445 835 835 1243 1243 630|0.001 0.10564185938038761 -0.039377763722049375 -0.048847670028370205
1104 533 1198 1000 1000 533 533 1000 1000 533 1104 1489 1414 1414|0.001 0.08651580701320549 -0.12129219612657449 0.016034079866842355
2069 1875 2247 1000 1000 1875 1875 1000 1875 1875 2069 2298 1414 2125|0.001 -0.0015956259357763347 -0.07840481229319574 -0.002005881380937602
835 921 445 445 835 835 445 921 835 835 445 1023 1023 1180|0.001 0.007811851579377915 -0.17944016926481066 0.05132118309536082
1000 1000 1000 2247 2069 1875 2069 1875 1875 1875 1875 1414 2298 2125|0.001 0.08304890004032783 -0.0674926137250631 -0.01090320775617215
1000 1000 1000 2069 1875 2069 2247 1875 1875 1875 1875 1414 2125 2652|0.001 0.1743181858696663 -0.0577932888509336 0.010003030124037249
906 906 483 483 906 906 483 1086 906 1000 483 1027 1350 1282|0.001 0.12413002889314129 -0.07028446088166551 0.02895191507515049
2247 1875 2069 1000 1000 1875 1875 1000 2069 1875 1875 2792 1414 2298|0.001 -0.010367735663794342 -0.08393063872892514 0.01605794394004434
2719 1000 906 483 906 906 483 1086 2719 1086 906 1861 1350 2866|0.001 0.11813222500389964 -0.10412740632209205 0.08713826583689466
2247 1875 2069 1875 1875 5625 5625 1000 2247 1875 2069 2792 2125 3949|0.001 -0.06804910072293668 -0.12346582203292211 -0.0040022547650764295
533 1000 533 1104 1104 1198 1198 3000 1000 3000 1000 1133 2054 1489|0.001 0.3011809688334477 -0.091095265049701 0.018377579069812633
368 333 368 333 333 178 178 1000 399 333 399 685 1054 409|0.001 0.11840005338572546 -0.06857280086735806 -0.031573741100520136
3000 1000 3000 1104 1198 1198 1104 533 1000 533 1000 3162 1226 2106|0.001 0.09057136178952874 -0.022133201988553397 -0.0388978035318277
483 1086 906 2719 906 906 2719 1000 483 1086 906 1111 1861 1027|0.001 0.0893901809501374 -0.023087594930802924 -0.05733515698653102
906 1000 2719 906 483 483 906 1086 906 1086 2719 1861 1111 1027|0.001 0.05039838966676591 -0.04039748629942497 -0.02336321025451782
333 1000 333 368 368 399 399 333 178 333 178 1054 685 409|0.001 0.016349231690433452 -0.07933344666201214 0.0046639793829506004
1198 533 1104 3000 3000 1000 1000 1000 1198 533 1104 1226 3162 2106|0.001 0.13986957087364527 -0.07572173485674294 -0.012575845579219092
1104 3000 1104 533 533 1000 1000 1000 1198 3000 1198 2054 1133 1489|0.001 0.011704611070690873 -0.04643683659854014 0.010901078452087987
906 1086 483 906 2719 2719 906 1000 906 1086 483 1350 1861 2866|0.001 0.05116394219533804 -0.19228612501718034 0.14909545555391146
1875 1000 1875 2069 2247 2247 2069 1875 5625 1875 5625 2125 2792 3949|0.001 0.13496564430852453 -0.08066351963623153 -0.018954848913130817
1875 1000 1875 2247 2069 2069 2247 1875 5625 1875 5625 2125 2298 3851|0.001 0.16574575120179125 -0.015117297308150368 -0.01370663292711849
835 921 445 835 2504 2504 835 1000 835 921 445 1023 1758 2639|0.001 0.06387100524428035 -0.19745313911448958 0.16539568169324337
1198 3000 1198 533 533 1000 1000 1000 1104 3000 1104 2106 1133 1226|0.001 0.05143007015890211 -0.04048169336242413 0.001348974811439252
1104 533 1198 3000 3000 1000 1000 1000 1104 533 1198 1489 3162 2054|0.001 0.09629562419399607 -0.0549727891962315 -0.0340780726970169
333 1000 333 399 399 368 368 333 178 333 178 1054 702 496|0.001 0.0476092213276913 0.0017914007084218753 -0.009590641164523017
835 1000 2504 835 445 445 835 921 835 921 2504 1758 1243 946|0.001 0.05702692679741661 -0.03694924686738488 -0.027455643558175202
3000 1000 3000 1198 1104 1104 1198 533 1000 533 1000 3162 1489 2054|0.001 0.09540884489145807 -0.031156641119454154 -0.038494369912281945
399 333 399 333 333 178 178 1000 368 333 368 702 1054 496|0.001 0.08642505954314039 -0.08935094786401199 -0.009342117179141907
445 921 835 2504 835 835 2504 1000 445 921 835 1243 1758 946|0.001 0.09937432694177684 -0.04402234846746178 -0.0741845405809316
2069 1875 2247 1875 1875 5625 5625 1000 2069 1875 2247 2298 2125 3851|0.001 -0.07761924059180192 -0.12219868776493281 0.0019104920757428978
533 1000 533 1198 1198 1104 1104 3000 1000 3000 1000 1133 2106 1226|0.001 0.2969791459854476 -0.015851147535961285 -0.0020469217678698026
2504 1000 835 445 835 835 445 921 2504 921 835 1758 1023 2639|0.001 0.12621556022242242 -0.0009444583928219785 0.0468242486736381
3000 1000 3000 1000 1000 1000 1000 1000 3000 1000 3000 3162 1414 3162|0.001 0.04922226211823366 -0.11491335619265519 0.03389199782759089
1000 1000 1000 3000 3000 3000 3000 1000 1000 1000 1000 1414 3162 3162|0.001 0.08591138660685393 -0.04434352227281391 -0.012192861383819587
333 1000 333 333 333 333 333 1000 333 1000 333 1054 1054 471|0.001 0.03571207672852683 -0.12951546755338272 0.006697561644306571
333 1000 333 333 333 333 333 1000 333 1000 333 1054 1054 471|0.001 0.051292462175511755 -0.10468536976177778 0.0397332969141706
3000 1000 3000 1000 1000 1000 1000 1000 3000 1000 3000 3162 1414 3162|0.001 0.07114093009416678 -0.1046571210284275 -0.005952338170343019
1000 1000 1000 3000 3000 3000 3000 1000 1000 1000 1000 1414 3162 3162|0.001 0.17402449077806859 0.014115349851435699 -0.057926326382214954
3000 1000 3000 1000 1000 1000 1000 1000 3000 1000 3000 3162 1414 3162|0.001 0.008247081730932138 -0.1357937054042624 0.03924300974173622
333 1000 333 333 333 333 333 1000 333 1000 333 1054 1054 471|0.001 0.11763232336491125 -0.034769587042243755 -0.03621067290170421
1000 1000 1000 3000 3000 3000 3000 1000 1000 1000 1000 1414 3162 3162|0.001 0.08026628717004103 -0.024394541653410817 -0.011826369960915573
333 1000 333 333 333 333 333 1000 333 1000 333 1054 1054 471|0.001 0.06250755942889485 -0.07840174560950985 0.015875795637498857
1000 1000 1000 3000 3000 3000 3000 1000 1000 1000 1000 1414 3162 3162|0.001 0.03314896157153413 -0.11588667325727497 0.00041836649104620705
3000 1000 3000 1000 1000 1000 1000 1000 3000 1000 3000 3162 1414 3162|0.001 0.06068546910716455 -0.11728632858732047 0.01561995208586131
3000 1000 3000 1000 1000 1000 1000 1000 3000 1000 3000 3162 1414 3162|0.001 -0.01733561456755406 -0.14893307038467585 0.04859006233594698
1000 1000 1000 3000 3000 3000 3000 1000 1000 1000 1000 1414 3162 3162|0.001 0.0074964010960365535 -0.12772702902687505 0.043083172212370346
333 1000 333 333 333 333 333 1000 333 1000 333 1054 1054 471|0.001 0.08088827281148792 -0.08320083875542283 -0.00347579227917727
1000 1000 1000 3000 3000 3000 3000 1000 1000 1000 1000 1414 3162 3162|0.001 0.0045507698243563155 -0.14019087549778542 0.03293243551712566
333 1000 333 333 333 333 333 1000 333 1000 333 1054 1054 471|0.001 0.06039252840875253 -0.10715269415091266 -0.014416566153746535
3000 1000 3000 1000 1000 1000 1000 1000 3000 1000 3000 3162 1414 3162|0.001 0.08858893010813773 -0.02476948154748415 -0.016588934470349592
3000 1000 3000 1000 1000 1000 1000 1000 3000 1000 3000 3162 1414 3162|0.001 0.06038347750130457 -0.10103648016259847 -0.012993450426942443
333 1000 333 333 333 333 333 1000 333 1000 333 1054 1054 471|0.001 0.16250698718496714 0.02139803703061105 -0.05773556993489137
1000 1000 1000 3000 3000 3000 3000 1000 1000 1000 1000 1414 3162 3162|0.001 0.1021516251484611 -0.07426273631679581 -0.03590678989658591
1000 1000 1000 3000 3000 3000 3000 1000 1000 1000 1000 1414 3162 3162|0.001 0.07609502723112671 -0.11248926298674022 0.00880065790481721
333 1000 333 333 333 333 333 1000 333 1000 333 1054 1054 471|0.001 0.030123560551669204 -0.11069188785202133 -0.00843688600773329
3000 1000 3000 1000 1000 1000 1000 1000 3000 1000 3000 3162 1414 3162|0.001 0.12407492917165586 -0.03222945559642976 -0.02935516312777664
1075 1875 625 573 573 1075 1075 333 947 625 802 1976 814 1104|0.001 -0.016478582773934436 -0.0764804150295817 -0.019170115150477507
581 1000 1744 1090 1398 1652 1875 1875 1090 1875 3269 1419 2169 2061|0.001 0.04805959174022156 -0.03240597531355083 0.00737531908495237
1744 581 930 533 1000 1000 533 881 581 745 310 1097 1027 1419|0.001 0.06590463326958229 -0.1970735624013631 0.11759874942251392
1652 1875 1875 1744 581 1090 3269 1000 1398 1875 1090 1925 1419 1304|0.001 -0.03172542783438481 -0.10337430429145145 -0.041036531228084705
573 333 573 1075 625 802 947 1875 1075 625 1075 814 1179 1244|0.001 0.169253785458241 -0.1548726907282305 0.027148840371038485
333 533 573 573 573 306 306 333 427 178 505 1054 814 452|0.001 0.04882203894865933 -0.09496942447799417 0.02158482519222238
581 1000 1744 1000 881 745 581 533 310 533 930 1419 1338 1099|0.001 -0.006373585004312288 -0.044128047270018955 0.017947590420646087
1600 1720 3000 1720 918 918 1720 1282 533 1516 1000 1887 1357 1302|0.001 0.10320299335975003 -0.01855235981044312 -0.06364416554217156
573 333 573 333 573 505 427 533 306 178 306 814 629 767|0.001 0.080844835398457 0.006379034886661028 -0.026024495211073306
745 533 581 1744 581 310 930 1000 881 533 1000 789 1419 695|0.001 0.11834195363490618 -0.0458937997790787 -0.06455148935827326
1720 3000 1720 2405 2842 3226 1875 1875 3226 5625 3226 2441 3547 4315|0.001 0.23960139280687187 0.006571031737534483 -0.019281911269956042
780 1182 416 716 1342 1342 716 780 2339 1342 1248 1475 1058 1904|0.001 0.11912554050469204 -0.11080255615828594 0.07015440598101552
1744 1000 581 1652 1875 1090 1398 1875 3269 1875 1090 1419 2508 2056|0.001 0.12460555581250476 -0.29150000267453846 0.03630642756336622
1135 1135 605 352 660 1979 1055 846 1135 660 605 1518 789 1610|0.001 0.08593591758425001 -0.17427202727375635 0.04377043289400584
2405 1875 2842 1720 1720 3226 3226 3000 1875 5625 3226 2243 2441 2545|0.001 0.16423526727626703 -0.09346789555418344 -0.010032402924766703
352 846 660 1135 605 605 1135 1135 1055 660 1979 1248 1165 859|0.001 0.05552905952334486 -0.06626543358379311 -0.030572067271543713
1720 3000 1720 1516 1282 1000 1720 533 918 1600 918 2441 1892 1990|0.001 0.01817463200557201 -0.027818689799643526 -0.011244185687339092
1744 1000 581 745 581 1000 881 533 930 533 310 1419 1157 1097|0.001 0.0645520041564418 -0.20060747209284857 -0.01886419678402418
716 780 1342 780 416 1248 2339 1182 716 1342 1342 1552 933 1015|0.001 0.09925555550231113 -0.0467160292098423 -0.05047942543867534
1516 533 1282 1720 1720 918 918 3000 1720 1600 1000 1196 2441 1766|0.001 0.257519374623596 -0.06983877439418196 -0.02369184200342378
1000 1000 1000 1000 1000 533 533 1000 1104 1000 1104 1414 1414 1133|0.001 0.12467187636745924 -0.05278241590655264 -0.02414629024280024
1000 1000 1000 1000 1104 1104 1000 533 1000 533 1000 1414 1133 1489|0.001 0.03277528610688751 -0.042372146821864076 -0.003100982194779167
533 1104 1000 1000 1000 1000 1000 1000 533 1104 1000 1133 1414 1133|0.001 0.08098501293029914 -0.04190314782575477 7.414036840680538e-05
1000 1000 1000 1000 533 533 1000 1104 1000 1104 1000 1414 1133 1133|0.001 0.09496525443537074 -0.049765494090524554 -0.04242099744236283
1104 533 1000 1000 1000 1000 1000 1000 1104 533 1000 1133 1414 1489|0.001 0.07167265854907567 -0.06820731111756628 0.01080340646775646
1000 1000 1000 1000 1000 1104 1104 1000 533 1000 533 1414 1414 1133|0.001 0.06414054303267358 -0.10742810165057737 0.009996707235644386
1000 1000 1000 533 533 1000 1000 1000 1104 1000 1104 1414 1133 1414|0.001 0.0820315413255801 -0.07775243982460323 -0.02355690233503127
1000 1104 533 1000 1000 1000 1000 1000 1000 1104 533 1414 1414 1414|0.001 0.07602581333155056 -0.14852353289377063 0.02724819942238943
1875 1000 1875 1875 2069 2069 1875 1875 1875 1875 1875 2125 2652 2792|0.001 0.031113689533142086 -0.133771317961473 0.003272294231282391
1000 1000 1000 533 1000 1000 533 1104 1000 1104 1000 1414 1414 1414|0.001 0.020360062797177836 -0.11980436950336681 0.06460990666088406
533 1000 533 1000 1000 1104 1104 1000 1000 1000 1000 1133 1414 1414|0.001 0.09949505235151035 -0.0834615706938946 0.0059738423951061215
2069 1875 1875 1875 1875 1875 1875 1000 2069 1875 1875 2652 2125 2792|0.001 0.07558163937283258 -0.054459159130514356 -0.008871733685300587
1000 533 1104 1000 1000 1000 1000 1000 1000 533 1104 1414 1414 1414|0.001 0.14912644800533448 -0.013706237850508174 -0.027416573226837215
1000 1000 1000 1104 1104 1000 1000 1000 533 1000 533 1414 1489 1414|0.001 0.14468197866257526 -0.02480495379539871 -0.017440046081806937
906 1000 906 906 483 483 906 906 906 906 906 1350 1282 1027|0.001 0.06327872995744777 -0.07064221415209904 -0.030713286137356022
1000 1000 1000 1104 1000 1000 1104 533 1000 533 1000 1414 1414 1414|0.001 0.015556334707540476 -0.12568680847756086 0.024394568504375602
483 906 906 906 906 906 906 1000 483 906 906 1282 1350 1027|0.001 -0.008942580487453222 -0.06528746269151453 0.024204082491925405
1104 1000 1104 1000 1000 533 533 1000 1000 1000 1000 1489 1414 1414|0.001 0.09162057498843135 -0.05188325689397866 -0.021369208575837684
1875 1875 2069 1875 1875 1875 1875 1000 1875 1875 2069 2125 2125 2652|0.001 0.08489386940494503 -0.05229216670572634 -0.030170626165549885
906 1000 906 483 906 906 483 906 906 906 906 1350 1027 1282|0.001 0.04112088464877539 -0.13954664906624004 0.09551972237303863
533 1000 533 1104 1104 1000 1000 1000 1000 1000 1000 1133 1489 1133|0.001 0.07143618407952745 -0.05702272708465461 -0.019518021452442635
1875 1000 1875 2069 1875 1875 2069 1875 1875 1875 1875 2125 2125 2652|0.001 0.08035865089429883 -0.08060388380850325 -0.007376393523029767
906 906 483 906 906 906 906 1000 906 906 483 1027 1350 1282|0.001 0.13078990400708257 -0.04184129157354666 -0.04354360046407102
1104 1000 1104 533 533 1000 1000 1000 1000 1000 1000 1489 1133 1133|0.001 0.03990530176667395 -0.08503878634877449 -0.008023586546713757
1000 1000 1000 1104 1104 1104 1104 1000 3000 1000 3000 1414 1489 2054|0.001 0.03280041033291825 -0.10720026084056422 0.02442589558362629
1104 3000 1104 1000 1000 1000 1000 1000 1104 3000 1104 2054 1414 1489|0.001 0.18769237700366315 0.017951136271139312 -0.026875173663950536
1000 1000 1000 1104 1104 1104 1104 3000 1000 3000 1000 1414 2054 1489|0.001 0.24712072254285067 -0.07607302750341272 -0.010536470507187534
2719 1000 906 906 906 906 906 1000 2719 1000 906 1861 1350 2866|0.001 0.05295555704030619 -0.18728885547923957 0.00440466150634089
1104 1000 1104 1000 1000 3000 3000 1000 1104 1000 1104 1489 1414 2054|0.001 0.041363567489014486 -0.07761113029482791 0.024037746840532837
1000 1000 1000 1104 1104 1104 1104 1000 3000 1000 3000 1414 1489 2054|0.001 0.082785161036385 -0.08897548984756254 0.01710982346923906
1104 3000 1104 1000 1000 1000 1000 1000 1104 3000 1104 2054 1414 1489|0.001 0.16153448343592336 0.010874271524574652 -0.019036872000418592
1000 1000 1000 1104 1104 1104 1104 3000 1000 3000 1000 1414 2054 1489|0.001 0.18296425280500905 -0.10467002097723666 -0.019681763663932372
1104 1000 1104 1000 1000 3000 3000 1000 1104 1000 1104 1489 1414 2054|0.001 0.060005058556016344 -0.10153750263953043 0.0006284874256734518
2719 1000 906 906 906 906 906 1000 2719 1000 906 1861 1350 2866|0.001 0.011531326155735933 -0.3195891927771499 0.03210356217913324
906 1000 2719 906 906 906 906 1000 906 1000 2719 1861 1350 1282|0.001 0.01577740071552647 -0.050834193560859164 0.029188604105918614
333 1000 333 368 368 368 368 333 333 333 333 1054 685 496|0.001 0.00034771590228688254 -0.08399696103479015 0.03054593128645866
906 1000 906 2719 906 906 2719 1000 906 1000 906 1350 1861 1282|0.001 0.102389473409914 -0.04793516605594128 -0.07886670941136265
368 333 368 333 333 333 333 1000 368 333 368 685 1054 496|0.001 0.13368098616417967 -0.027683006471456162 0.0043791989631314365
3000 1000 3000 1104 1104 1104 1104 1000 1000 1000 1000 3162 1489 2054|0.001 0.07563842370383878 -0.07050533502043765 -0.018718454802763018
906 1000 2719 906 906 906 906 1000 906 1000 2719 1861 1350 1282|0.001 -0.003142659115793478 -0.054047540321295884 0.03257302971357179
333 1000 333 368 368 368 368 333 333 333 333 1054 685 496|0.001 0.041447505911913485 -0.0712441577865286 -0.026336498542862685
906 1000 906 2719 906 906 2719 1000 906 1000 906 1350 1861 1282|0.001 0.10510859602260725 -0.037966114097208736 -0.08229831829366763
368 333 368 333 333 333 333 1000 368 333 368 685 1054 496|0.001 0.11952665997650325 -0.13746565250831289 0.012772916216834407
3000 1000 3000 1104 1104 1104 1104 1000 1000 1000 1000 3162 1489 2054|0.001 0.0633782883235634 -0.06573068286770178 0.0015244876388775808
573 533 333 739 573 268 345 533 506 316 317 629 1153 739|0.001 0.06541869058509064 -0.08921346908618011 -0.002843195133112042
721 776 1353 451 429 685 776 467 427 362 721 1559 829 281|0.001 0.019819658019797348 -0.047013308761695294 0.002112635632531834
1035 952 2218 3000 1600 947 1600 1720 803 1519 1720 1838 1887 1790|0.001 0.06749790215013318 -0.04829930886240952 -0.03174777861814082
930 581 1744 1000 467 602 1289 883 550 553 930 1838 1288 721|0.001 0.08702642954613093 -0.047498671595647135 -0.04543302465499943
883 467 1000 1744 930 550 930 1289 553 602 581 1288 1366 1406|0.001 0.10570476145119523 -0.05391724701782841 -0.05274110938300325
739 533 573 573 333 317 506 533 345 316 268 783 1054 613|0.001 0.05252034577660547 -0.07874616424955683 0.002941180790194675
625 1875 1075 502 647 1386 1075 592 595 1000 950 1179 776 1104|0.001 -0.036924261086780374 -0.08167429869262777 0.005564729545082248
1000 883 467 930 1744 930 550 581 1289 553 602 1027 1097 1366|0.001 0.11823962160793178 -0.07391048568702652 0.02249820144621495
1179 1289 1993 2143 1892 1186 1246 2143 1993 2763 3737 1546 2200 776|0.001 0.10385490568681544 -0.07964757357185714 0.005468108757835655
3000 1720 1600 1035 2218 1720 803 952 1600 1519 947 3162 1766 3458|0.001 0.032205716861501976 -0.19742330965639932 0.10884557815702856
502 592 647 625 1075 950 595 1875 1075 1000 1386 1119 1976 1104|0.001 0.14170806954485915 -0.09022354640622954 -0.023378494210554157
920 2143 966 1546 915 1546 2898 776 1468 1662 1662 1706 1729 2338|0.001 0.03344597243152281 -0.05768096742450046 -0.043357285101127685
451 467 429 721 1353 721 427 776 776 362 685 796 1059 851|0.001 0.11699243460560504 -0.1228397299207129 0.12904782910819534
1075 1875 1386 595 950 1075 625 592 502 1000 647 1468 390 1104|0.001 -0.015232933978075458 -0.07262702807912635 0.003792004716709485
994 1596 1681 2330 1087 843 1807 1051 1681 1807 3152 655 1856 1304|0.001 0.09484931068275193 -0.03729321728580648 -0.046658402466130955
1744 1289 930 883 1000 581 553 467 930 602 550 2010 1027 1838|0.001 0.06160472732633426 -0.06657413373118426 -0.014197576971750614
528 1132 1132 1053 623 1053 1974 626 681 658 1460 1163 1593 1178|0.001 0.09600541494130921 -0.037836436008148455 -0.03993036511268255
595 592 950 1075 1386 647 502 1875 625 1000 1075 1512 2161 1104|0.001 0.14623451389865094 -0.10055407772499914 -0.0246994757957697
2143 2143 1892 1179 1993 3737 1993 1289 1246 2763 1186 2760 2230 2350|0.001 0.051310023463380094 -0.05623817200640202 0.0654693616878621
1053 626 623 528 1132 1460 681 1132 1974 658 1053 410 1459 2276|0.001 0.06699825830255302 -0.14558329119869762 0.08546514979005604
1093 1690 848 1605 1006 1056 1817 1690 2343 3169 1817 1891 659 1942|0.001 0.19183433118809434 -0.011716637233272209 -0.03228565132079808
1546 776 915 920 966 1662 1468 2143 2898 1662 1546 1199 1776 3055|0.001 0.19922907823114677 -0.15809129023370172 0.03958454815213397
2330 1051 1087 994 1681 3152 1681 1596 1807 1807 843 1931 2542 2468|0.001 0.04259855765369469 -0.21971996993682574 0.06457040055869001
1605 1690 1006 1093 848 1817 2343 1690 1817 3169 1056 2556 1311 2341|0.001 0.13978915692160587 -0.06149954669447566 0.007349684145256941
625 1000 625 647 502 292 502 592 217 592 217 1179 1119 690|0.001 0.06038902168853166 -0.07128618069258019 -0.028587804861188726
915 776 1546 966 335 335 966 776 915 451 1546 1729 1239 974|0.001 0.09073542059557127 -0.02545628990159865 -0.062305753647122764
803 347 1035 1600 1600 947 947 1000 467 347 803 1282 1887 1667|0.001 0.1500849783956748 -0.06093679049154477 -0.046542366073571984
1600 1000 1600 803 467 803 1035 347 947 347 947 1887 1104 1055|0.001 0.0413405692097335 -0.03105075648697886 -0.011927051940217037
432 581 1246 1993 1179 1179 1993 1289 432 1000 1246 1374 1546 1256|0.001 0.05873250902620697 -0.04150602532815739 -0.022287829872575937
647 592 502 625 625 217 217 1000 502 592 292 776 1179 802|0.001 0.1133576084433674 -0.06237749792908809 -0.027484855761693572
625 1000 625 292 502 647 502 592 217 592 217 1179 660 547|0.001 0.06592009406569899 -0.050263729210218155 -0.00830586652741716
803 347 467 1600 1600 947 947 1000 1035 347 803 581 1887 1241|0.001 0.1434689669271494 -0.1196871138597766 0.023459375828229767
2029 1720 3429 2143 743 743 2143 1720 2029 2218 3429 2262 1246 2160|0.001 0.07059234710720341 -0.05040012327254928 -0.04620804691124136
1600 1000 1600 803 1035 803 467 347 947 347 947 1887 875 1790|0.001 0.026500742777022523 -0.06337945773862153 0.007757234305840743
292 592 502 625 625 217 217 1000 502 592 647 1042 1179 363|0.001 0.134331827508809 -0.057952113310453246 -0.018851075313960353
432 1289 1246 1993 1179 1179 1993 581 432 1000 1246 1089 2076 1256|0.001 0.03741692788210571 -0.045357120139103424 -0.016101183267563934
966 776 335 915 1546 1546 915 776 966 451 335 845 1199 1823|0.001 0.09644190442084977 -0.13586704626518564 0.10937944436840707
848 1690 1093 366 366 1056 1056 1000 493 1690 848 1311 1065 614|0.001 -0.005590640147160597 -0.08320961503821778 0.02513929577124374
2731 1000 2731 2986 2316 1346 2316 2885 4615 2885 4615 2908 2523 3045|0.001 0.23668453889367447 -0.07472029767095045 -0.009575652254246725
1993 1289 1179 432 1246 1246 432 581 1993 1000 1179 2230 724 2350|0.001 0.05512252172335863 -0.15881517298456882 0.17441726426883797
1346 2885 2316 2731 2731 4615 4615 1000 2316 2885 2986 1677 2908 4808|0.001 -0.014214038322748479 -0.06916650241818534 -0.011398297751107345
366 1000 366 848 1093 848 493 1690 1056 1690 1056 1065 1891 924|0.001 0.14786766227878 -0.09793948057113644 0.009332844149716468
2143 1720 743 2029 3429 3429 2029 1720 2143 2218 743 2365 3571 4043|0.001 0.08083200558217651 -0.26521920486544226 0.04713191221679125
2731 1000 2731 1346 2316 2986 2316 2885 4615 2885 4615 2908 3183 5164|0.001 0.21733600254255636 -0.06951917356481374 -0.009753139637276309
848 1690 493 366 366 1056 1056 1000 1093 1690 848 1761 1065 1355|0.001 -0.04223118102944623 -0.1236308934136332 0.013332932275316178
1993 581 1179 432 1246 1246 432 1289 1993 1000 1179 1315 1597 2350|0.001 0.056774401730661506 -0.18154068410999646 0.1668279482792978
2986 2885 2316 2731 2731 4615 4615 1000 2316 2885 1346 3699 2908 3581|0.001 0.029805936943780864 -0.0432287363840933 0.002515565566738598
366 1000 366 848 493 848 1093 1690 1056 1690 1056 1065 1115 1166|0.001 0.16897817513867652 -0.04889138531907089 -0.000613849403319211
1744 1000 581 467 1000 581 271 883 930 1047 201 1419 1027 1838|0.001 0.05492114777756907 -0.306249648305017 0.13296586819418366
1892 2143 2143 1246 432 1993 3737 581 2243 1246 2143 2200 1374 2509|0.001 -0.04369233706213449 -0.10500472925200288 -0.052667245104423
467 347 803 1720 1720 1801 1519 3000 1000 1600 1720 1104 2441 1990|0.001 0.2522538791177631 -0.0421876389435627 -0.03094707702241184
573 333 573 573 333 156 268 533 600 116 506 814 1054 594|0.001 0.0894359116076604 -0.11918796698433876 0.034986240293986004
930 581 1744 1000 883 1047 1000 467 201 271 581 1838 1288 938|0.001 0.005667721128883585 -0.05983444316549291 0.026371533353923837
581 1000 1744 581 271 467 1000 1047 201 883 930 1419 1036 338|0.001 0.059336148108608544 -0.03478801726677583 -0.03719755831597227
573 533 333 573 573 506 600 333 268 116 156 629 814 739|0.001 0.04103013943580036 -0.05130417458361958 0.021613816580565715
1801 467 1720 3000 1600 347 1000 1720 1519 803 1720 1783 1887 2014|0.001 0.12077694494349922 -0.05880896811759406 -0.06467789343985841
743 1720 2143 3687 3860 3256 3687 2143 3429 3687 6429 1246 4264 3458|0.001 0.08348692609548625 -0.04530888117686538 0.00677959617396473
1246 581 432 1892 2143 2143 2243 2143 3737 1246 1993 724 2760 3041|0.001 0.21078287747820168 -0.08173341532353051 -0.015057055035626599
1132 1132 528 228 1053 1974 658 1185 658 1132 307 1459 1326 1242|0.001 0.002094747233893912 -0.2895011730056063 0.17854232686645988
5196 4615 4383 2316 1346 2885 4963 2885 4963 8654 4963 5811 1677 5142|0.001 0.11721479153647518 -0.0541426860896943 0.014222308541618212
625 1875 1075 950 1126 1075 1075 217 292 625 502 1179 1009 1244|0.001 0.0006140938218734959 -0.039271935830758053 -0.010566574765882297
3000 1720 1600 1801 1720 1720 1519 467 1000 803 347 3162 1990 2441|0.001 0.02515327942163026 -0.07506659210870903 0.009907175768988363
950 217 1126 625 1075 502 292 1875 1075 625 1075 1259 1976 1104|0.001 0.18947567603085247 -0.09155613942901097 -0.023712542826748173
259 955 555 888 192 555 1666 844 446 955 955 1105 1118 613|0.001 0.09242669875318743 -0.04305068787859079 -0.06964134775574005
2316 2885 1346 5196 4383 4963 4963 4615 4963 8654 2885 3183 4655 6393|0.001 0.4074024953118749 -0.03268987277176727 -0.003579415541374864
888 844 192 259 555 955 446 955 1666 955 555 896 990 1756|0.001 0.1093724244353278 -0.21386922929435226 0.056371661456435795
1075 1875 625 502 292 625 1075 592 1126 1000 848 1976 1042 1244|0.001 -0.04582981543470588 -0.06961853823544195 0.016128287082959325
1179 581 1993 1246 1690 2243 2143 2143 1993 1246 3737 2076 2479 3246|0.001 0.13368427770215074 -0.06045460271679404 -0.002580481692943115
1720 1357 803 1600 3000 1600 947 1720 1000 1801 467 1990 3162 3162|0.001 0.13032041968128683 -0.023850499480325693 0.044208882953276074
1744 581 930 271 581 1000 467 1047 930 789 550 1097 1157 1097|0.001 0.0434813402520029 -0.127239174144258 0.04634264309462566
3860 2143 3687 3429 2029 3429 6429 1720 2908 3687 2143 4264 2262 2466|0.001 -0.001051470169490809 -0.0746140774150239 -0.018792450652489467
502 592 292 1075 625 848 1126 1875 1075 1000 625 660 1179 1244|0.001 0.20423885754167426 -0.038039428044222 -0.056560255844053664
333 533 573 333 573 268 156 533 452 316 600 1054 629 427|0.001 0.07466440103651051 -0.09329302492143143 -0.0067676481207568084
271 1047 581 1744 930 550 930 581 467 789 1000 1036 1838 613|0.001 0.07625603338161202 -0.04558105095050391 -0.027071617931847536
1600 1720 3000 1720 1801 1357 1000 467 947 803 1600 1887 1783 2606|0.001 0.02133001099261289 -0.03736115562123277 0.008054387054945433
1600 1720 3000 1720 803 467 1000 1357 947 1801 1600 1887 1282 1667|0.001 0.10698021671122104 -0.031151311410597682 -0.05239735733497897
333 533 573 333 573 600 452 533 156 316 268 1054 629 594|0.001 0.05330920262747396 -0.11022866761808525 0.02930655274581806
789 467 581 1744 930 550 930 581 1047 271 1000 745 1838 669|0.001 0.1365066588727437 -0.06177097468394788 -0.041642667524208754
1246 2143 1690 1179 1993 3737 1993 581 2143 1246 2243 1597 1315 3939|0.001 -0.018129087911860076 -0.09747251573377191 0.0615902389630163
493 1690 848 1434 1903 1817 1056 1690 1056 3169 1817 1115 2753 1883|0.001 0.08648339870056532 -0.09493165196336584 -0.003173492438197645
1179 1327 698 592 1268 737 344 737 2210 1268 1179 1920 945 1390|0.001 0.04207286336620486 -0.08442986269376895 0.048863575029562956
3429 1720 2029 3860 3687 2143 2908 2143 6429 3687 3429 3571 3820 4043|0.001 0.1850621407155728 -0.11847842110712659 0.03198897896330877
555 955 259 526 888 1666 888 753 955 555 446 990 639 1756|0.001 0.0485235683816021 -0.2415765121039104 0.03450470764313707
1434 1690 1903 493 848 1817 1056 1690 1056 3169 1817 1216 1761 1355|0.001 -0.006754081235607057 -0.11157970609386836 0.016590006126269152
1720 467 1801 1600 3000 1600 947 1720 1000 803 1357 1990 3162 3162|0.001 0.10913700423263784 -0.10562747368666914 0.12951050851493173
526 753 888 555 259 446 955 955 888 555 1666 1447 1105 925|0.001 0.09394900559343888 -0.04593282154388034 -0.06326112344909762
1075 1875 625 1126 848 625 1075 592 502 1000 292 1976 1629 1244|0.001 0.0076290448444216175 -0.057748044282436295 0.008469797706061044
1744 581 930 789 581 1000 1047 467 930 271 550 1097 1157 1097|0.001 -0.003150560893604437 -0.22436472163246401 0.01659319199913245
592 737 1268 1179 698 1179 2210 1327 344 1268 737 1466 848 778|0.001 0.06014282259287018 -0.04835469013580784 -0.03954048125910381
1126 592 848 1075 625 292 502 1875 1075 1000 625 719 1179 1244|0.001 0.16346855870314592 -0.03952918311902809 -0.04913981734870787
581 1000 1744 581 789 883 1000 467 387 467 930 1419 745 730|0.001 -0.01108225805685259 -0.047290938562254414 0.02618852540899219
930 581 1744 1000 467 467 1000 883 387 789 581 1838 1288 760|0.001 0.08896794017337895 -0.03156510289238912 -0.05978976411524117
883 467 1000 1744 581 387 930 1000 789 467 581 1288 1419 1149|0.001 0.11949157188122062 -0.07619836449858419 -0.05145544098997923
573 333 573 573 333 452 506 533 268 222 268 814 1054 427|0.001 0.11271307852356305 -0.03182050364848865 -0.046482761476204226
625 1875 1075 502 502 1075 1075 417 848 625 950 1179 818 1244|0.001 -0.04331256558445129 -0.082131332415597 0.0016310545582642888
830 1000 1993 2143 1892 1690 1246 2143 1246 2143 3737 1629 2200 1563|0.001 0.08461356620768301 -0.04199007655770859 0.005541858205135863
3000 1720 1600 803 1720 1720 803 1357 1000 1519 667 3162 1990 2441|0.001 0.06249821895256025 -0.15560681351005967 0.08271087201744853
502 417 502 625 1075 950 848 1875 1075 625 1075 818 1976 1104|0.001 0.1928220926426638 -0.060700191299958295 -0.048565814968443144
1690 2143 1246 1993 830 1246 3737 1000 1892 2143 2143 2479 1629 2462|0.001 0.042488419211801354 -0.04934213602422188 -0.05891218918186336
1720 3000 1720 1357 1519 1720 1000 667 803 1600 803 2441 1255 1766|0.001 0.12111758714863807 -0.00049766969072218 -0.026358196057444383
491 1120 737 1268 592 592 1268 737 1179 1268 2210 925 1466 964|0.001 0.09135352061632185 -0.04421723643772357 -0.04455231377268665
1744 1000 581 883 1000 581 789 467 930 467 387 1419 1027 1838|0.001 0.05013059544695775 -0.1477680267705983 -0.01797427007070529
528 1132 1132 658 439 1053 1974 893 528 658 1132 1163 1301 861|0.001 0.05024537398190754 -0.061476803368973876 -0.0056140939352788966
1357 667 1519 1720 1720 803 803 3000 1000 1600 1720 1977 2441 1990|0.001 0.28863973015856637 -0.08087349543303035 0.0042048563940277894
1204 2400 1204 2279 2036 1500 2581 1500 2581 4500 2581 1962 1883 1924|0.001 0.177415495158324 -0.00790272810605508 -0.01155877322765897
1993 1000 830 1690 1246 2143 1892 2143 3737 2143 1246 1629 1597 3939|0.001 0.07668476083213305 -0.21249725836020805 0.024148993644796946
1268 737 592 491 737 2210 1179 1120 1268 1268 592 945 1457 1799|0.001 0.06462286898566871 -0.22676709275106344 0.023259894402840597
2279 1500 2036 1204 1204 2581 2581 2400 2581 4500 1500 2966 1962 3324|0.001 0.11289283162715824 -0.11228179584401587 -0.001967727492824256
14200 1000 14200 24808 24808 17317 17317 15000 24000 15000 24000 14235 25109 13544|0.001 0.9756734662787347 -0.10849893339753502 0.009144371717173527
605 1000 40 572 967 967 572 698 605 698 40 1012 546 1141|0.001 0.06683134917293998 -0.7588304643419308 0.07456584476796868
1220 1690 1747 70 70 1056 1056 1000 1220 1690 1747 954 1002 1250|0.001 0.019550718044210047 -0.09304343266332005 0.0219062382412738
14200 1000 14200 17317 17317 24808 24808 15000 24000 15000 24000 14235 17745 37596|0.001 1.7092295492773446 -0.04616828893408975 0.016301467843649053
1747 1690 1220 70 70 1056 1056 1000 1747 1690 1220 2648 1002 1768|0.001 0.01855409009692055 -0.09487345012595738 0.014098066775072304
866 1000 58 820 1386 1386 820 1433 866 1433 58 1025 2171 1634|0.001 0.07709378968013159 -0.9401349051222507 0.09930128919441783
572 698 967 605 40 40 605 1000 572 698 967 1515 1012 574|0.001 0.09370977882721121 -0.048275572868227146 -0.08816269634358331
1654 67 1654 1600 1600 947 947 1000 1154 67 1154 1674 1887 2506|0.001 0.10386532611577959 -0.03046608203396417 -0.0038972262212366715
625 1000 625 1034 722 722 1034 592 42 592 42 1179 1567 739|0.001 0.008566103557205995 -0.11953039141772259 0.044246463339780995
820 1433 1386 866 58 58 866 1000 820 1433 1386 782 1025 822|0.001 0.0961001214828694 -0.049559845065677566 -0.08922031731875779
1154 67 1154 1600 1600 947 947 1000 1654 67 1654 1183 1887 903|0.001 0.12203805455898609 -0.0813444988601697 0.019453676457070745
625 1000 625 722 1034 1034 722 592 42 592 42 1179 564 1046|0.001 0.039473848617759266 -0.07450173524833792 -0.0029628338742992977
625 1000 625 502 502 647 647 417 217 417 217 1179 818 547|0.001 0.0579537517754769 -0.03598098248496662 -0.012969118634535981
830 1000 1993 1246 432 432 1246 1289 830 1289 1993 1629 1089 936|0.001 0.08272118878191792 -0.03960836638672416 -0.05045689397111364
1035 347 803 1600 1600 667 667 1000 1035 347 803 875 1887 1462|0.001 0.08258873664262589 -0.08035620395358212 0.003159658994091874
1600 1000 1600 803 1035 1035 803 347 667 347 667 1887 875 1462|0.001 0.010693106606558533 -0.07339615713407133 0.01790087548438013
432 1289 1246 1993 830 830 1993 1000 432 1289 1246 1089 1629 936|0.001 0.0766141942300802 -0.0329029142526005 -0.05081879365379183
502 417 502 625 625 217 217 1000 647 417 647 818 1179 547|0.001 0.10938896111554186 -0.10015013786189852 -0.013730432044505303
625 1000 625 647 647 502 502 417 217 417 217 1179 914 802|0.001 0.04907470698877425 -0.049614361101582016 0.0010030060298937826
803 347 1035 1600 1600 667 667 1000 803 347 1035 1282 1887 1308|0.001 0.12034763088827338 -0.12508723012952694 0.026500971501766113
644 1000 1546 966 335 335 966 776 644 776 1546 1413 1239 726|0.001 0.09537986329106518 -0.03297825185116454 -0.06845325057957208
1600 1000 1600 1035 803 803 1035 347 667 347 667 1887 1282 1308|0.001 0.03906340314597134 -0.052725532902136996 -0.0036359184265943867
647 417 647 625 625 217 217 1000 502 417 502 914 1179 802|0.001 0.1230259470638817 -0.08462603895064036 -0.001584038106389185
335 776 966 1546 644 644 1546 1000 335 776 966 1239 1413 726|0.001 0.07431096082934241 -0.029031547357822873 -0.0456635647966519
1246 1289 432 830 1993 1993 830 1000 1246 1289 432 1597 1629 2350|0.001 0.08210751030657937 -0.1647117146340793 0.15012089093086267
1204 2400 1204 520 520 1500 1500 1000 1553 2400 1553 1962 1127 1924|0.001 -0.0386563248923677 -0.09489796602464295 0.003347417729571145
1923 1000 1923 2316 2986 2986 2316 2885 4615 2885 4615 2168 3699 4218|0.001 0.077372110910372 -0.10547952481821499 -0.00952997950412815
1993 1000 830 432 1246 1246 432 1289 1993 1289 830 1629 1597 2350|0.001 0.07480906703366097 -0.1554036646839385 0.1795358498798416
2986 2885 2316 1923 1923 4615 4615 1000 2986 2885 2316 3699 2168 4218|0.001 -0.019765801797677618 -0.06845669338196969 0.01685843833890921
520 1000 520 1204 1204 1553 1553 2400 1500 2400 1500 1127 1962 1924|0.001 0.07883325306093703 -0.09519088725723268 0.0058326592217072815
966 776 335 644 1546 1546 644 1000 966 776 335 845 1413 1823|0.001 0.037860477327933406 -0.15527330308148346 0.07141368813456728
1923 1000 1923 2986 2316 2316 2986 2885 4615 2885 4615 2168 2523 3774|0.001 0.11292292656662095 -0.08687061609433111 -0.006822489988012048
1553 2400 1553 520 520 1500 1500 1000 1204 2400 1204 2193 1127 1312|0.001 -0.09697721363307266 -0.0999456091735973 -0.0014541260187039828
1546 1000 644 335 966 966 335 776 1546 776 644 1413 845 1823|0.001 0.10944541581935363 -0.13675061417579126 0.24067471916474403
2316 2885 2986 1923 1923 4615 4615 1000 2316 2885 2986 2523 2168 3774|0.001 -0.00704814721201652 -0.06620094918289077 0.011656746047672417
520 1000 520 1553 1553 1204 1204 2400 1500 2400 1500 1127 2193 1312|0.001 0.22174417316588313 -0.07208788979646386 -0.014475027199408741
1744 1000 581 467 1000 1289 602 883 930 681 201 1419 1027 1366|0.001 0.009075168940588796 -0.30641472774839085 0.04201192860422642
1892 2143 2143 1246 432 1993 3737 1289 1459 2763 2143 2200 1089 1609|0.001 -0.040127570761896436 -0.09892171245818537 -0.05452376218825328
1035 347 803 1720 1720 1172 1519 3000 2218 1600 1720 875 2441 1510|0.001 0.17931342455660415 -0.11586415884464407 -0.018090805765201834
573 333 573 573 739 345 268 533 391 116 506 814 783 859|0.001 0.08364167274812928 -0.13883920710392017 0.03474264048934694
930 1289 1744 1000 883 681 1000 467 201 602 581 1366 1288 1027|0.001 -0.012027685475927141 -0.06934172622838797 0.029819001261817135
581 1000 1744 1289 602 467 1000 681 201 883 930 1419 1498 745|0.001 0.05771200364754758 -0.036728235866720915 -0.036472029065613976
573 533 739 573 573 506 391 333 268 116 345 1153 814 739|0.001 0.0763768817246846 -0.014892623301199226 -0.04068938030955538
528 467 776 1353 721 156 451 776 685 362 776 1162 1559 582|0.001 0.14645055401557805 -0.04801678207687288 -0.06821801161383867
335 776 966 1662 1132 1468 1662 2143 1546 1662 2898 1239 1459 1707|0.001 0.09617084066686044 -0.048334974298713806 0.01401041619972121
1246 1289 432 1892 2143 2143 1459 2143 3737 2763 1993 1597 2760 3041|0.001 0.07838286983080422 -0.2179249490359192 -0.011389407284080333
1132 1132 528 228 1053 1974 658 771 1460 1132 681 1459 850 2276|0.001 0.0278499196506532 -0.2289823563010862 0.23190238343286707
3380 4615 4383 2316 2986 6398 4963 2885 4963 8654 4963 3726 3699 7436|0.001 0.12463944356501555 -0.059905803102277 0.008629976266674166
1386 1875 1075 950 732 1075 1075 217 647 625 502 2161 1104 944|0.001 -0.04938310959587633 -0.06495990469183033 0.0035780362891468798
1353 776 721 528 776 776 685 467 451 362 156 1059 681 1101|0.001 0.01719962749584747 -0.15078643054474372 0.004457094262093619
950 217 732 1386 1075 502 647 1875 1075 625 1075 807 1468 1104|0.001 0.22419232559674152 -0.03427173116644866 -0.02885676895229672
883 1468 1893 1366 296 853 2560 1297 685 1468 1468 1289 1102 746|0.001 0.07839806226158652 -0.044881486392981396 -0.06703480244070859
2316 2885 2986 3380 4383 4963 4963 4615 4963 8654 6398 2523 5097 6393|0.001 0.4501213591302178 0.0001267585169384411 -0.023562779877427387
1366 1297 296 883 1893 1468 685 1468 2560 1468 853 1508 2200 2005|0.001 0.07945663412865622 -0.18795059931107194 0.05654241268285176
1075 1875 625 647 647 1386 1386 417 732 625 595 1976 914 944|0.001 -0.019063499240612458 -0.061676206971785774 0.0027562531251201783
644 1000 1546 966 920 1132 1662 2143 966 2143 2898 1413 1706 1666|0.001 0.13312061797575048 -0.052877421234088784 0.01719611413862232
1744 581 930 602 1289 1289 602 681 581 553 387 1097 878 1636|0.001 0.11090928857635074 -0.0866608796596513 0.15792702637943412
1132 2143 1662 1546 644 966 2898 1000 920 2143 966 1459 1413 773|0.001 0.07076694487059498 -0.049508608796624554 -0.07564448536873769
647 417 647 1075 625 595 732 1875 1386 625 1386 914 1179 1104|0.001 0.20404724992087786 -0.03455118006046476 -0.013435853139456277
451 1000 1353 776 528 429 451 467 301 467 721 1269 1162 777|0.001 -0.0017384318786572983 -0.04367959197723592 0.017054864114738333
1600 1720 3000 2218 1035 1035 2218 952 667 1172 1000 1887 1838 1462|0.001 0.08404477658892073 -0.041482413043437694 -0.05078523177841521
739 333 739 333 573 391 317 533 345 222 345 938 629 859|0.001 0.09340287846352657 -0.09726107221459168 -0.0009909348563774678
429 467 451 1353 451 301 721 1000 528 467 776 829 1269 361|0.001 0.13716452989068317 -0.019570015366441318 -0.10552745227329852
1553 2400 1553 1428 1757 2581 1500 1500 3327 4500 3327 2193 2586 3867|0.001 0.1900798631870737 0.005129232317797605 -0.01801929873947894
1546 1000 644 1132 1662 966 920 2143 2898 2143 966 1413 2490 1823|0.001 0.17600721294874777 -0.10411788057950067 -0.015110541234388819
1893 1468 883 569 853 2560 1366 812 1893 853 883 2200 683 2402|0.001 0.07016607053345059 -0.19654812036507874 0.04463154012104953
1428 1500 1757 1553 1553 3327 3327 2400 1500 4500 2581 1199 2193 2757|0.001 0.24673287454234583 -0.06849723673593155 0.012476657314577366
569 812 853 1893 883 883 1893 1468 1366 853 2560 1472 1289 1248|0.001 0.05127291430266023 -0.06050149242937786 -0.02559750947524142
2218 3000 2218 1172 952 1000 1720 667 1035 1600 1035 2814 1724 1766|0.001 0.09210177142954912 -0.01091026716079857 -0.031954578091980546
1353 1000 451 429 451 776 528 467 721 467 301 1269 796 851|0.001 0.028161040253344982 -0.20007664357062582 0.010805861611655754
1087 1051 2330 1051 700 1681 3152 1231 1087 1807 2330 1856 840 1536|0.001 0.08290665829408628 -0.042444902105617244 -0.032539575844430235
1172 667 952 2218 2218 1035 1035 3000 1720 1600 1000 800 2814 1510|0.001 0.19619989770097046 -0.1625212264213749 0.03385918873102689
520 1000 520 2036 2279 1757 1428 1500 2400 1500 2400 1127 2966 1938|0.001 0.10618678609588983 -0.09970495157418435 -0.01840613748284703
1923 1000 1923 4383 3380 2746 3915 4615 2885 4615 2885 2168 3726 2307|0.001 0.5043601366518002 -0.06025013036911275 0.003943291089076872
1053 771 228 439 658 658 439 893 1053 626 228 850 826 1242|0.001 0.015457685009707678 -0.44849003871518467 0.029607461456631068
2036 1500 2279 520 520 2400 2400 1000 1428 1500 1757 1883 1127 1645|0.001 0.04554695724040103 -0.0868071888889077 -0.016836850734378572
520 1000 520 1757 1428 2036 2279 1500 2400 1500 2400 1127 1199 2444|0.001 0.07197049364596975 -0.09019052250332504 0.002488741062991462
1923 1000 1923 2746 3915 4383 3380 4615 2885 4615 2885 2168 4701 5703|0.001 0.44903004709213823 -0.08808937552646223 -0.0070977385063719645
1757 1500 1428 520 520 2400 2400 1000 2279 1500 2036 2586 1127 2650|0.001 0.01927476654931759 -0.0919965760138608 -0.009182183158713553
1681 1426 364 700 1051 1051 700 1231 1681 1596 364 1712 1811 1982|0.001 0.03381036548576688 -0.31788009272365025 0.011856038813431446
625 1000 625 848 595 732 950 217 417 217 417 1179 1018 500|0.001 0.022271747492421667 -0.03759809638872125 0.0031179059720010116
439 893 658 1053 228 228 1053 771 439 626 658 1301 1163 495|0.001 0.10463338249655951 -0.03400138383720552 -0.08705811253547191
732 217 950 625 625 417 417 1000 595 217 848 1104 1179 1078|0.001 0.15311046203390077 -0.09749823455905582 0.005632177566872176
1600 1000 1600 1519 1357 952 1172 667 347 667 347 1887 1977 1630|0.001 0.03324465336433935 -0.10356449582619165 -0.006651657483907059
625 1000 625 732 950 848 595 217 417 217 417 1179 807 1236|0.001 0.021818628083474234 -0.05289365726592887 -0.00034783865261123204
700 1231 1051 1681 364 364 1681 1426 700 1596 1051 840 1152 789|0.001 0.08877578802140018 -0.061040796353958315 -0.07293943143958925
848 217 595 625 625 417 417 1000 950 217 732 685 1179 784|0.001 0.08268202686380954 -0.006838065907621704 -0.015448499836425711
1600 1000 1600 952 1172 1519 1357 667 347 667 347 1887 800 1292|0.001 0.02278221974223671 -0.09737372122020194 0.023451098787723446
451 1000 1353 451 429 528 776 467 301 467 721 1269 829 361|0.001 -0.009303002254892334 -0.04293035812072965 0.019100475029918407
930 581 1744 1289 602 602 1289 681 387 553 581 1838 1498 850|0.001 0.11030565330890862 -0.027721193947702893 -0.04797904995397895
528 467 776 1353 451 301 721 1000 429 467 451 1162 1269 777|0.001 0.10721844753963206 -0.09606905969099855 -0.045983788292702776
739 333 739 573 333 317 391 533 345 222 345 938 1054 613|0.001 0.07597185734547374 -0.055154788091139606 0.02126658613762933
625 1875 1075 647 647 1386 1386 417 595 625 732 1179 914 1104|0.001 -0.05859652378531477 -0.093452765347255 0.007985750149521742
644 1000 1546 1662 1132 920 966 2143 966 2143 2898 1413 1459 773|0.001 0.14580598501098274 -0.0503111720266225 0.0246726808204234
3000 1720 1600 1035 2218 2218 1035 952 1000 1172 667 3162 1766 2814|0.001 0.021971838241667818 -0.20379967249420927 0.057285744573893904
647 417 647 625 1075 732 595 1875 1386 625 1386 914 1976 944|0.001 0.20614990053588578 -0.07082039547782082 0.0026934923539667643
920 2143 966 1546 644 966 2898 1000 1132 2143 1662 1706 1413 1666|0.001 -0.007183089291514788 -0.08843037910751694 -0.053363471612375424
2218 3000 2218 952 1172 1720 1000 667 1035 1600 1035 2814 800 1510|0.001 0.06895760916849403 -0.012116190460370602 -0.01795112499834217
700 1231 1051 2330 1087 1087 2330 1051 1681 1807 3152 840 1856 1536|0.001 0.09748397045245438 -0.005679330771387603 -0.053560290556641243
1353 1000 451 528 776 451 429 467 721 467 301 1269 681 1426|0.001 0.010398997032592394 -0.20728682738191173 0.022508278597488385
883 1468 1893 853 569 1366 2560 812 883 853 1893 1289 1472 1248|0.001 0.10403166419443277 -0.03126349066479017 -0.0377873739868384
952 667 1172 2218 2218 1035 1035 3000 1000 1600 1720 1724 2814 1766|0.001 0.16714400036963228 -0.11808733595854659 -0.002162921987273192
1553 2400 1553 1757 1428 1500 2581 1500 3327 4500 3327 2193 1199 2757|0.001 0.18517122457588409 0.004375517904775528 -0.017041954863207254
1546 1000 644 920 966 1662 1132 2143 2898 2143 966 1413 1776 3055|0.001 0.17058747289549814 -0.19948468735630054 0.008519259413606317
2330 1051 1087 700 1051 3152 1681 1231 2330 1807 1087 1931 1811 2956|0.001 0.0923867578734705 -0.21013235758591264 0.03794396676660261
1757 1500 1428 1553 1553 3327 3327 2400 2581 4500 1500 2586 2193 3867|0.001 0.04658731741600475 -0.10514080657352598 -0.0022902960776116643
1744 1000 581 602 1289 1000 467 681 930 883 201 1419 878 2010|0.001 0.07185378761030092 -0.2076557512619681 0.0990960666650853
1132 2143 1662 966 335 1546 2898 776 1468 1662 1662 1459 1239 1707|0.001 0.02026238793096491 -0.07454677651246411 -0.057825775178104166
803 347 1035 1720 1720 1519 1172 3000 1720 1600 2218 1282 2441 1766|0.001 0.2607021606379689 -0.10334498787129665 0.003908606410403248
573 333 573 739 573 268 345 533 506 116 391 814 1153 739|0.001 0.08238904462282814 -0.11389382965719008 0.021722213885151387
721 776 1353 776 528 685 776 467 156 362 451 1559 1162 582|0.001 0.004668029844681065 -0.06159890391319034 0.014955432743501973
581 1000 1744 1000 467 602 1289 883 201 681 930 1419 1288 508|0.001 0.05473344002424607 -0.0335414869391204 -0.034377650519935576
739 533 573 573 573 391 506 333 345 116 268 783 814 859|0.001 0.07212368278293857 -0.0658595294580222 -0.028296163979250055
883 467 1000 1744 930 201 581 1289 681 602 1000 1288 1366 1027|0.001 0.12154394727968976 -0.04766965625372266 -0.05491505657962081
432 1289 1246 2143 1892 1459 2143 2143 1993 2763 3737 1089 2200 1609|0.001 0.08029562654242373 -0.04518151708146734 0.013191146392532715
966 776 335 1132 1662 1662 1468 2143 2898 1662 1546 845 2490 2358|0.001 0.12685625935982214 -0.154774921732882 -0.018855698434816492
1893 1468 883 296 1366 2560 853 1297 1468 1468 685 2200 1508 2005|0.001 0.0938075013483175 -0.19801997530420223 0.3821695936114655
4383 4615 3380 2986 2316 4963 6398 2885 4963 8654 4963 5097 2523 6393|0.001 0.21721881647089214 -0.04308926827231052 0.014588903997010405
1075 1875 1386 732 950 1075 1075 217 502 625 647 1468 807 1104|0.001 -0.00591776732652205 -0.05137296251399137 -0.01772594716598297
1744 1289 930 883 1000 1000 681 467 581 602 201 2010 1027 1419|0.001 -0.003507317309890956 -0.19757806931145483 0.01812078870133904
732 217 950 1075 1386 647 502 1875 1075 625 1075 1104 2161 944|0.001 0.10010446376851778 -0.04015389095734401 -0.021477488530647904
528 1132 1132 1053 228 658 1974 771 681 1132 1460 1163 1163 844|0.001 0.09678691984529753 -0.04517649174835103 -0.0739593896284163
2986 2885 2316 4383 3380 4963 4963 4615 6398 8654 4963 3699 3726 7436|0.001 0.42416280237481896 -0.05417837643464818 0.00610941910474283
1053 771 228 528 1132 1460 681 1132 1974 1132 658 850 1459 2276|0.001 0.11156561894095418 -0.10158134312455491 0.09946574311375134
1075 1875 625 502 502 1075 1075 417 950 625 848 1976 818 1104|0.001 -0.07330123915196607 -0.09048046114333297 0.01073393088917074
830 1000 1993 1246 1690 1892 2143 2143 1246 2143 3737 1629 2479 2462|0.001 0.048142666187145355 -0.0661115638291454 0.03784061026708585
1744 581 930 467 1000 1000 467 883 581 789 387 1097 1027 1419|0.001 0.003913020650148091 -0.2435697254161806 0.11658819327829084
1892 2143 2143 1993 830 1246 3737 1000 1690 2143 1246 2200 1629 1563|0.001 -0.014477018659541097 -0.08853991778075887 -0.05559964425762676
502 417 502 1075 625 848 950 1875 1075 625 1075 818 1179 1244|0.001 0.16836323898622885 -0.001926423630514984 -0.013858409646269054
581 1000 1744 1000 883 789 581 467 387 467 930 1419 1288 1149|0.001 0.0012590698499304054 -0.04460653541037751 0.00996894254039038
1600 1720 3000 1720 803 803 1720 1357 667 1519 1000 1887 1282 1308|0.001 0.06927747609725365 -0.04947404028771363 -0.031906139153877744
573 333 573 333 573 506 452 533 268 222 268 814 629 739|0.001 0.09493645474164314 -0.1026854138003841 0.018451264766137232
789 467 581 1744 581 387 930 1000 883 467 1000 745 1419 730|0.001 0.12087166007877181 -0.05019119609874445 -0.06525662655721742
1204 2400 1204 2036 2279 2581 1500 1500 2581 4500 2581 1962 2966 3324|0.001 0.16563374080369453 0.0014034660880279937 -0.014517669048730308
1993 1000 830 1892 2143 1246 1690 2143 3737 2143 1246 1629 2760 2350|0.001 0.01857151395426415 -0.36972762271032855 0.03548369363647108
1132 1132 528 439 658 1974 1053 893 1132 658 528 1459 826 1607|0.001 0.03818798410430757 -0.20442380072035804 0.08585128452685664
2036 1500 2279 1204 1204 2581 2581 2400 1500 4500 2581 1883 1962 1924|0.001 0.07179279757778101 -0.11871164634895348 -0.013074073420448196
439 893 658 1132 528 528 1132 1132 1053 658 1974 1301 1163 861|0.001 0.09026490316979663 -0.060217675214098154 -0.05055422810928856
1720 3000 1720 1519 1357 1000 1720 667 803 1600 803 2441 1977 1990|0.001 0.13846011633065647 0.004439719007471865 -0.04161725255392046
1744 1000 581 789 581 1000 883 467 930 467 387 1419 1157 1097|0.001 0.015769048250551254 -0.20953315050297072 -0.0002728580090138877
592 737 1268 737 491 1179 2210 1120 592 1268 1268 1466 925 964|0.001 0.05159594309720683 -0.05034127260585053 -0.0314437346816443
1519 667 1357 1720 1720 803 803 3000 1720 1600 1000 1255 2441 1766|0.001 0.2373598871877669 -0.03132217403042481 -0.006105961575224583
520 1000 520 1428 1757 2279 2036 1500 2400 1500 2400 1127 2586 2650|0.001 0.1152434855322837 -0.09100320876530232 0.02471767759348209
1923 1000 1923 3380 4383 3915 2746 4615 2885 4615 2885 2168 5097 3620|0.001 0.23336953258675575 -0.11743241624304068 0.015574833241380759
1366 1297 296 569 853 853 569 812 1366 1158 296 1508 683 1610|0.001 0.06532571668685039 -0.2927108901791786 -1.6207247874877595e-05
1428 1500 1757 520 520 2400 2400 1000 2036 1500 2279 1199 1127 2444|0.001 0.05491069813840177 -0.0841112118163656 0.008323979819007121
520 1000 520 2279 2036 1428 1757 1500 2400 1500 2400 1127 1883 1645|0.001 0.05909419684607897 -0.11799508637104661 -0.012950677879358663
1923 1000 1923 3915 2746 3380 4383 4615 2885 4615 2885 2168 3163 4974|0.001 0.3100102470354149 -0.1285398569643792 0.02448622424411795
2279 1500 2036 520 520 2400 2400 1000 1757 1500 1428 2966 1127 1938|0.001 0.02640742897261017 -0.10198717499381615 0.020896106308865292
1179 701 255 491 737 737 491 1120 1179 863 255 808 1457 1390|0.001 0.08428678391951605 -0.3374664045280795 0.07733902540283832
625 1000 625 595 848 950 732 217 417 217 417 1179 685 784|0.001 0.0032551481501741364 -0.06891286752281567 0.014807249079114015
569 812 853 1366 296 296 1366 1297 569 1158 853 1472 1102 641|0.001 0.0830218886114431 -0.03522174259409705 -0.06728130239226471
950 217 732 625 625 417 417 1000 848 217 595 807 1179 1236|0.001 0.15817231676621857 -0.03188136491322435 -0.04812578378242449
1600 1000 1600 1172 952 1357 1519 667 347 667 347 1887 1724 1096|0.001 0.0798227951200925 -0.04335408322476475 0.00872241753174352
625 1000 625 950 732 595 848 217 417 217 417 1179 1104 1078|0.001 0.022249327650691875 -0.020714147517947312 -0.0071467759824384025
491 1120 737 1179 255 255 1179 701 491 863 737 925 1201 554|0.001 0.09775565603931557 -0.05623468400346554 -0.08025129121597807
595 217 848 625 625 417 417 1000 732 217 950 1018 1179 500|0.001 0.12712528351102037 -0.07486539168791273 0.0038435688390636713
1600 1000 1600 1357 1519 1172 952 667 347 667 347 1887 1255 1767|0.001 0.10016546625327027 -0.047204567622757265 -0.014179555639903807
573 533 333 573 573 306 306 333 505 178 427 629 814 767|0.001 0.04108701026363182 -0.0713382246198524 0.023196696719900434
581 1000 1744 581 745 881 1000 533 310 533 930 1419 789 695|0.001 -0.01086676607022441 -0.04218279224916022 0.021834827575388793
930 581 1744 1000 533 533 1000 881 310 745 581 1838 1338 757|0.001 0.11507405296831585 -0.03304142278982902 -0.04511345700081493
881 533 1000 1744 581 310 930 1000 745 533 581 1338 1419 1099|0.001 0.10414613537458761 -0.037430043177809624 -0.07107786333271915
573 333 573 573 333 427 505 533 306 178 306 814 1054 452|0.001 0.09833130440736193 -0.11917159026681778 0.013736013313483397
625 1875 1075 573 573 1075 1075 333 802 625 947 1179 814 1244|0.001 -0.007328919800342337 -0.05176333986235848 -0.0009497838460359453
581 1000 1744 1875 1652 1398 1090 1875 1090 1875 3269 1419 1925 1304|0.001 0.03247577522641043 -0.04957587891494475 0.016704435110039828
3000 1720 1600 918 1720 1720 918 1282 1000 1516 533 3162 1990 2441|0.001 0.04080461785443523 -0.12223690594671655 0.05750848221025118
573 333 573 625 1075 947 802 1875 1075 625 1075 814 1976 1104|0.001 0.13734855330223228 -0.10449067682877566 -0.011919485322202661
1398 1875 1090 1744 581 1090 3269 1000 1652 1875 1875 2169 1419 2061|0.001 0.0037762405411290167 -0.10041329590854242 -0.06670411170189294
1720 3000 1720 1282 1516 1720 1000 533 918 1600 918 2441 1196 1766|0.001 0.08548865667151073 -0.004506301581782557 -0.0304048918126254
416 1182 780 1342 716 716 1342 780 1248 1342 2339 933 1552 1015|0.001 0.08043125576619348 -0.04968802659647387 -0.03197114597582651
1744 1000 581 881 1000 581 745 533 930 533 310 1419 1027 1838|0.001 0.06532076203186632 -0.10245430126076815 -0.0016223637338597108
605 1135 1135 660 352 1055 1979 846 605 660 1135 1165 1248 859|0.001 0.106972255089266 -0.045471159128886995 -0.045001232925390156
1282 533 1516 1720 1720 918 918 3000 1000 1600 1720 1892 2441 1990|0.001 0.168337525018174 -0.0784513470819248 -0.00033504426540154064
660 846 352 605 1135 1135 605 1135 1979 660 1055 789 1518 1610|0.001 0.05734174959959537 -0.11538474145219801 0.011060043266055697
1720 3000 1720 2842 2405 1875 3226 1875 3226 5625 3226 2441 2243 2545|0.001 0.24445113105886485 -0.002318957392507537 -0.015376442433343573
1744 1000 581 1398 1090 1875 1652 1875 3269 1875 1090 1419 1479 3446|0.001 0.16338048808822503 -0.20477761682706985 -0.0010452654387949067
1342 780 716 416 780 2339 1248 1182 1342 1342 716 1058 1475 1904|0.001 0.05617968159352893 -0.18169699010296747 0.0934340724854743
2842 1875 2405 1720 1720 3226 3226 3000 3226 5625 1875 3547 2441 4315|0.001 0.1497497956672289 -0.06498692059919486 0.007130772568535448
1744 1000 581 533 1000 1000 533 881 1744 881 581 1419 1027 2010|0.001 0.05626490234474257 -0.3146642786128828 0.04759505961396737
1652 1875 1875 1090 1090 3269 3269 1000 1652 1875 1875 1925 1479 2508|0.001 0.020047048576656845 -0.07313923499804864 0.007528646558836449
918 1000 918 1720 1720 1516 1516 3000 1720 3000 1720 1357 2441 1766|0.001 0.19273055961091634 -0.05216930692630961 -0.02311612531235463
573 333 573 573 573 306 306 1000 505 333 505 814 1153 767|0.001 0.11953788735528992 -0.12761908019444324 0.03234840997388355
1744 1000 1744 1000 881 881 1000 533 581 533 581 2010 1338 1338|0.001 0.07012165442133567 -0.04903155167436002 -0.0168503945526155
533 881 1000 1744 581 581 1744 1000 533 881 1000 1338 1419 789|0.001 0.08613264157428135 -0.041329536555931856 -0.053479428174532107
581 1000 1744 1000 533 533 1000 881 581 881 1744 1419 1338 789|0.001 0.05023107032337437 -0.03602148523727755 -0.026964904579699356
573 1000 573 573 573 505 505 333 306 333 306 1153 814 767|0.001 0.07861051969602073 0.004275634767898495 -0.03872989313280284
881 533 1000 1744 1744 581 581 1000 881 533 1000 1338 2010 1338|0.001 0.1277337580724014 -0.0630951263874957 -0.021110923549215732
1720 3000 1720 918 918 1720 1720 1000 1516 3000 1516 2441 1357 1766|0.001 -0.0020291305173558705 -0.059363059742074675 -0.0033027113784334095
1000 881 533 581 1744 1744 581 1000 1000 881 533 1027 1419 2010|0.001 0.07205023672575805 -0.19509362398160368 0.20286218709086645
1090 1000 1090 1875 1652 1652 1875 1875 3269 1875 3269 1479 1925 2508|0.001 0.06592483086372836 -0.13140056210824147 -0.006520305622594869
1090 1000 1090 1652 1875 1875 1652 1875 3269 1875 3269 1479 2508 2661|0.001 0.015419392495599205 -0.11005637299137616 0.009069071568676979
1135 1135 605 660 1979 1979 660 1000 1135 1135 605 1518 1518 2281|0.001 0.08547849340654778 -0.16852640240605732 0.22027130867998013
1516 3000 1516 918 918 1720 1720 1000 1720 3000 1720 2302 1357 2301|0.001 -0.024299715988539417 -0.06984938528044937 -0.007073098540804068
1000 533 881 1744 1744 581 581 1000 1000 533 881 1027 2010 1419|0.001 0.11896679742931182 -0.03361444273762282 -0.015824965827041515
573 1000 573 505 505 573 573 333 306 333 306 1153 767 589|0.001 0.06981192885566978 -0.04611538414180605 -0.03331972245360415
660 1000 1979 1135 605 605 1135 1135 660 1135 1979 1518 1165 895|0.001 0.05698256194695439 -0.03870994050558685 -0.0279187953802007
1744 1000 1744 881 1000 1000 881 533 581 533 581 2010 1027 1419|0.001 0.06588642229630404 -0.04904840042222691 0.004011021281555838
505 333 505 573 573 306 306 1000 573 333 573 767 1153 589|0.001 0.13301846501339476 -0.07516677611310474 -0.005147761814208174
605 1135 1135 1979 660 660 1979 1000 605 1135 1135 1165 1518 895|0.001 0.11450821675887513 -0.025055254502281965 -0.07284198090438898
1875 1875 1652 1090 1090 3269 3269 1000 1875 1875 1652 2508 1479 2661|0.001 -0.009083566404742838 -0.10393741970152637 -0.007399698992632819
918 1000 918 1516 1516 1720 1720 3000 1720 3000 1720 1357 2302 2301|0.001 0.21916155922397262 -0.13260190598356592 0.050197579963970895
1979 1000 660 605 1135 1135 605 1135 1979 1135 660 1518 1518 2281|0.001 0.026160124976841725 -0.24381156026554773 0.04042116955860209
1875 1000 1875 2405 2842 2842 2405 1875 5625 1875 5625 2125 3547 4316|0.001 0.09344331303966724 -0.14245088829982988 0.03854113878129173
780 1182 416 780 2339 2339 780 1000 780 1182 416 1475 1681 2466|0.001 0.04349696883406917 -0.2121797081660548 0.1258580039575552
1282 3000 1282 533 533 1000 1000 1000 1516 3000 1516 2155 1133 1892|0.001 0.037645451857768464 -0.047238676898663234 0.005238935346436602
533 1000 533 1516 1516 1282 1282 3000 1000 3000 1000 1133 2302 1196|0.001 0.2891581498403406 -0.040805565073033234 -0.015295326919297914
1979 1000 660 352 660 660 352 846 1979 846 660 1518 789 2086|0.001 0.02058700553622561 -0.34668603668243314 0.03681509747806011
2405 1875 2842 1875 1875 5625 5625 1000 2405 1875 2842 2243 2125 4041|0.001 -0.019711485334430456 -0.0785992485125675 0.004719675127173861
1875 1000 1875 2842 2405 2405 2842 1875 5625 1875 5625 2125 2243 4041|0.001 0.12476244359071575 -0.040939805109441174 -0.007441285107647744
1516 3000 1516 533 533 1000 1000 1000 1282 3000 1282 2302 1133 1196|0.001 0.041128999235855446 -0.03857291923911932 0.008142640421080483
660 846 352 660 1979 1979 660 1000 660 846 352 789 1518 2086|0.001 0.08109315326904953 -0.16358816156649136 0.21716073006733616
533 1000 533 1282 1282 1516 1516 3000 1000 3000 1000 1133 2155 1892|0.001 0.2428389620986282 -0.08433906025001714 0.020357813023568205
2842 1875 2405 1875 1875 5625 5625 1000 2842 1875 2405 3547 2125 4316|0.001 -0.009323525900089003 -0.08192486605987703 0.007872924344916044
2339 1000 780 416 780 780 416 1182 2339 1182 780 1681 1475 2466|0.001 0.04929612847498044 -0.3156436827683362 0.07277764908568463
780 1000 2339 780 416 416 780 1182 780 1182 2339 1681 933 884|0.001 0.05197578841159567 -0.040486385615928766 -0.031939194565853146
1516 533 1282 3000 3000 1000 1000 1000 1516 533 1282 1196 3162 2302|0.001 0.12118667177740017 -0.05716774357273913 -0.022627765676275224
333 1000 333 427 427 505 505 333 178 333 178 1054 718 399|0.001 0.04453006899471701 -0.052065639680983766 -0.023505843010194205
352 846 660 1979 660 660 1979 1000 352 846 660 1248 1518 748|0.001 0.11729224297158947 -0.01887286329027904 -0.07790402809879304
505 333 505 333 333 178 178 1000 427 333 427 767 1054 631|0.001 0.13741720504869104 -0.0870171801441677 0.013405934823182974
3000 1000 3000 1516 1282 1282 1516 533 1000 533 1000 3162 1892 2155|0.001 0.0658259660420013 -0.0625331759312453 0.0007368385232164876
660 1000 1979 660 352 352 660 846 660 846 1979 1518 1248 748|0.001 0.039782425776466734 -0.04365353331048927 -0.020166541043770136
333 1000 333 505 505 427 427 333 178 333 178 1054 767 631|0.001 0.04090737673147604 -0.029874702078236393 -0.015294889046156834
1282 533 1516 3000 3000 1000 1000 1000 1282 533 1516 1892 3162 2155|0.001 0.13181835983563372 -0.08234770729822705 -0.01885584240288174
416 1182 780 2339 780 780 2339 1000 416 1182 780 933 1681 884|0.001 0.08452438685990327 -0.054628099210257686 -0.05636984365579134
427 333 427 333 333 178 178 1000 505 333 505 718 1054 399|0.001 0.12124803890414038 -0.08108335830098623 -0.01919510957578585
3000 1000 3000 1282 1516 1516 1282 533 1000 533 1000 3162 1196 2302|0.001 0.02285821282683509 -0.09337787187722268 0.02010094849384192
1075 1875 625 647 502 1075 1386 592 950 1000 595 1976 1119 1104|0.001 -0.015879342502832516 -0.08177062451738659 0.0055730395212783
915 776 1546 966 920 1468 1662 2143 1546 1662 2898 1729 1706 2338|0.001 0.02200129944914586 -0.0936244502677086 0.030452577273745174
2218 952 1035 1600 3000 1600 947 1720 1720 1519 803 1766 3162 3458|0.001 0.08346137873684878 -0.06382334497707531 0.007083592744827616
1744 581 930 467 1000 1289 602 883 930 553 550 1097 1027 1366|0.001 0.022746538863744892 -0.2329926013303374 0.059892173524569436
1892 2143 2143 1993 1179 1993 3737 1289 1186 2763 1246 2200 1546 776|0.001 0.010695241461831095 -0.07530876078849169 -0.019884399917016182
647 592 502 1075 625 595 950 1875 1386 1000 1075 776 1179 1104|0.001 0.14039459117137998 -0.05623286894729462 -0.018127280385783484
333 533 573 573 739 345 268 533 317 316 506 1054 783 613|0.001 0.06475555781471076 -0.06526726248290982 -0.0027673602803179875
467 883 1000 1744 930 550 930 581 602 553 1289 1288 1838 721|0.001 0.07341690487495667 -0.05017916968470204 -0.03879037186400702
930 1289 1744 1000 883 553 581 467 550 602 930 1366 1288 1406|0.001 0.01694885937886248 -0.06542332447265653 0.01086029993303983
1600 1720 3000 2218 1035 803 1720 952 947 1519 1600 1887 1838 1790|0.001 0.050284947817922365 -0.06336758477823445 -0.021426331241218843
573 533 739 333 573 506 317 533 268 316 345 1153 629 739|0.001 0.0765930743994625 -0.039566906237843424 0.016123049037097825
429 467 451 1353 721 427 721 776 685 362 776 829 1559 281|0.001 0.1279755485328593 -0.07016586227251431 -0.050824256598867024
966 2143 920 915 1546 2898 1546 776 1662 1662 1468 1776 1199 3055|0.001 -0.015460517327574586 -0.09224914714545673 0.044513081154040623
848 1690 1093 1006 1605 1817 1056 1690 1817 3169 2343 1311 2556 2341|0.001 0.156614825781336 -0.03443839428561413 -0.02829929253014951
1681 1596 994 1087 2330 1807 843 1051 3152 1807 1681 2542 1931 2468|0.001 0.05229320543961524 -0.0703077682032538 0.07651929976417948
1993 1289 1179 1892 2143 1246 1186 2143 3737 2763 1993 2230 2760 2350|0.001 0.10318729851826802 -0.1499441901511811 0.011184507888144513
1132 1132 528 623 1053 1974 1053 626 1460 658 681 1459 410 2276|0.001 0.09247200169613778 -0.11600159418737044 0.038216861326885176
1006 1690 1605 848 1093 2343 1817 1690 1056 3169 1817 659 1891 1942|0.001 0.06819759464262498 -0.07043165734455958 0.009944716213736715
1000 467 883 930 1744 930 550 1289 581 602 553 1027 2010 1838|0.001 0.10909950630248799 -0.11022648347140063 0.13779002996587186
623 626 1053 1132 528 681 1460 1132 1053 658 1974 1593 1163 1178|0.001 0.050426150260478586 -0.05323897383710974 -0.03242737207156843
1386 1875 1075 950 595 625 1075 592 647 1000 502 2161 1512 1104|0.001 0.08058495158078882 -0.010230317620512075 -0.023022573640330002
1353 776 721 429 451 776 685 467 721 362 427 1059 796 851|0.001 0.03405386214385464 -0.11432141573778032 0.009200821034298645
1087 1051 2330 1681 994 1681 3152 1596 843 1807 1807 1856 655 1304|0.001 0.06487973065450792 -0.04352502326097074 -0.028494046610563206
950 592 595 1386 1075 502 647 1875 1075 1000 625 390 1468 1104|0.001 0.1626122722692469 -0.02174566976898107 -0.01331791887649536
573 533 333 573 333 178 306 533 594 284 427 629 1054 600|0.001 0.03792857919930448 -0.01296109558983738 -0.008869260039811033
930 581 1744 581 745 1036 1000 533 496 310 930 1838 789 652|0.001 0.025642113829149604 -0.05330041864422097 -0.00028825223174155923
918 1282 1720 3000 1600 853 1600 1720 533 1783 1000 1357 1887 1687|0.001 0.06222175237424299 -0.0669608378878539 -0.015034156639998075
930 581 1744 581 310 533 1000 1036 496 745 930 1838 1047 585|0.001 0.07604609208333946 -0.04881355489243955 -0.04644970307251306
1783 533 1720 3000 1600 853 1600 1720 1282 918 1000 1801 1887 2509|0.001 0.13533032203936646 -0.04803112936876519 -0.07354166751650015
573 533 333 573 333 427 594 533 306 284 178 629 1054 452|0.001 0.049480820578367 -0.10735268951359123 0.02113616262112039
625 1875 1075 333 573 1075 625 533 802 1000 1114 1179 629 1244|0.001 -0.00622049132894098 -0.06588982846759128 0.0169018872223492
1600 1720 3000 3226 3342 2405 1875 1875 3000 3226 5625 1887 3731 2103|0.001 0.1352912975044407 -0.03926685653692363 -0.012751185946210386
3000 1720 1600 918 1720 1000 533 1282 1600 1783 853 3162 1990 3162|0.001 0.1377300792343128 -0.076858206324103 0.043144402133517
333 533 573 625 1075 1114 802 1875 625 1000 1075 1054 1976 1244|0.001 0.17264618529082343 -0.08552184001944685 -0.010329482588299355
1398 1875 1090 1744 930 1744 3269 581 1943 1090 1875 2169 1838 2734|0.001 0.0386567473238153 -0.07347211570782108 -0.04407414282047828
625 1875 1075 802 1114 1075 625 533 333 1000 573 1179 701 1244|0.001 0.027676736312873818 -0.030935991195557566 -0.0037365733136263124
665 1390 1248 1342 716 416 780 780 1248 1342 2339 875 1552 785|0.001 0.044449880564749744 -0.07190722601692068 -0.010570655334914969
3000 1720 1600 1783 1720 1000 1282 533 1600 918 853 3162 1990 3162|0.001 0.04149195815390083 -0.13355799390049494 -0.0037866731603997117
299 965 561 898 479 898 1683 719 515 561 965 1116 1407 946|0.001 0.07371405671649622 -0.05448006977996189 -0.04603950360229092
802 533 1114 625 1075 573 333 1875 625 1000 1075 1568 1976 1244|0.001 0.13676537259868393 -0.13654904523821232 0.005771351066163888
3226 1875 3342 1600 3000 5625 3000 1720 1875 3226 2405 3377 3162 3538|0.001 0.027689414528366818 -0.08315730330813675 0.11242653082841114
898 719 479 299 561 965 515 965 1683 561 898 629 1010 1774|0.001 0.09938925514881625 -0.1280745474300471 0.04292128215173996
1075 1875 625 2089 1503 1172 2016 1875 2016 3516 1172 1976 1314 1590|0.001 0.14764236868493041 -0.06454691830013015 0.0019814197768641684
1744 581 930 1398 1090 1875 1943 1875 3269 1090 1744 1097 1479 3446|0.001 0.1214409376286385 -0.16243880364165242 -0.016380094204629936
1342 780 716 665 1248 2339 1248 1390 780 1342 416 1058 1956 1471|0.001 0.0433062377421245 -0.1756935791400438 0.12096033102958925
2089 1875 1503 1075 625 1172 2016 1875 2016 3516 1172 2940 1179 2111|0.001 0.04120978275143683 -0.0932497841017943 -0.020147148367198886
1172 1000 1172 1503 2089 2089 1503 1875 3516 1875 3516 1541 2940 2913|0.001 0.022173665682638788 -0.1872069220498751 0.05788252662173754
1248 1390 665 780 2339 2339 780 1000 1248 1390 665 1956 1681 2651|0.001 0.06803576564783809 -0.19378428892060984 0.19424343269098587
1282 3000 1282 853 853 1600 1600 1000 1783 3000 1783 2155 1315 2509|0.001 0.05588048519561628 -0.039190769801675795 0.001870280283080561
853 1000 853 1783 1783 1282 1282 3000 1600 3000 1600 1315 2486 1122|0.001 0.32808952635147826 0.009065939475012552 -0.04397680321329367
1683 1000 561 479 898 898 479 719 1683 719 561 1394 629 1907|0.001 0.09475565525019825 -0.2520214787946662 0.12153299626319614
1503 1875 2089 1172 1172 3516 3516 1000 1503 1875 2089 1314 1541 2526|0.001 -0.013559995962212357 -0.08583765670040933 0.01726131945938958
1172 1000 1172 2089 1503 1503 2089 1875 3516 1875 3516 1541 1314 2526|0.001 0.13804739400677057 -0.04093977328091136 -0.007331217075022822
1783 3000 1783 853 853 1600 1600 1000 1282 3000 1282 2486 1315 1122|0.001 0.021008323722406796 -0.05289460118604761 0.001194075897097413
898 719 479 561 1683 1683 561 1000 898 719 479 629 1394 1907|0.001 0.04918264209725409 -0.2212460892898649 0.12607148020230552
853 1000 853 1282 1282 1783 1783 3000 1600 3000 1600 1315 2155 2509|0.001 0.33742112418382764 -0.04021691907815095 -0.014670733544149828
2089 1875 1503 1172 1172 3516 3516 1000 2089 1875 1503 2940 1541 2913|0.001 -0.0338912519042156 -0.09103822534037964 -0.009979618183952876
2339 1000 780 665 1248 1248 665 1390 2339 1390 780 1681 1956 2651|0.001 0.08632626731075455 -0.18547341152892804 0.03784926856317927
780 1000 2339 1248 665 665 1248 1390 780 1390 2339 1681 875 1025|0.001 0.05930965044976366 -0.036732911121676315 -0.029699011337380732
1114 533 802 1875 1875 625 625 1000 1114 533 802 701 2125 1553|0.001 0.13902479705777182 -0.06660990581794701 -0.016253025120519515
533 1000 533 427 427 594 594 333 284 333 284 1133 718 374|0.001 0.08940600738465143 0.011378140201858677 -0.044101178058132406
479 719 898 1683 561 561 1683 1000 479 719 898 1407 1394 737|0.001 0.09038964745829992 -0.047069297235321494 -0.060430694239288485
594 333 594 533 533 284 284 1000 427 333 427 829 1133 836|0.001 0.1459580812642436 -0.1067462583281864 0.022087554250005415
1875 1000 1875 1114 802 802 1114 533 625 533 625 2125 1568 1347|0.001 0.05663047574365088 -0.057497368901794355 -0.022447708200266092
561 1000 1683 898 479 479 898 719 561 719 1683 1394 1407 737|0.001 0.05325744005652 -0.039622742671115985 -0.0332412629284351
533 1000 533 594 594 427 427 333 284 333 284 1133 829 836|0.001 0.06171202233202333 -0.007673340584091193 -0.01471443039626541
802 533 1114 1875 1875 625 625 1000 802 533 1114 1568 2125 1347|0.001 0.13142700560373255 -0.029817002160900108 -0.007681912453119111
665 1390 1248 2339 780 780 2339 1000 665 1390 1248 875 1681 1025|0.001 0.09614330814988747 -0.024629381717182763 -0.062067826541160054
427 333 427 533 533 284 284 1000 594 333 594 718 1133 374|0.001 0.13618050227791612 -0.020211052292532505 -0.01295355733014647
1875 1000 1875 802 1114 1114 802 533 625 533 625 2125 701 1553|0.001 0.014529431228422762 -0.10875727942193936 0.02187599649724925
1000 1000 1000 3000 3000 1600 1600 1000 1720 1000 1720 1414 3162 1887|0.001 0.1177226799058384 -0.008111429102607426 -0.006131684331480702
333 1000 333 333 573 573 333 533 333 533 333 1054 629 663|0.001 0.10608113425832677 -0.0015682202595601602 -0.03935079688066945
1600 1720 3000 1000 1000 1000 1000 1000 1600 1720 3000 1887 1414 1887|0.001 0.07580257321263106 -0.061005583888360526 0.01107616674971501
1000 1000 1000 3000 1600 1600 3000 1720 1000 1720 1000 1414 1887 1887|0.001 0.04545653090736401 -0.09309162963258677 -0.019049650388446304
573 533 333 333 333 333 333 1000 573 533 333 629 1054 663|0.001 0.09579001682404442 -0.11692978906093776 0.019080951552801206
3000 1000 3000 1000 1000 1720 1720 1000 1600 1000 1600 3162 1414 1887|0.001 0.04441672414805531 -0.10556190943849963 0.015873717792194153
1000 1000 1000 1600 1600 3000 3000 1000 1720 1000 1720 1414 1887 3162|0.001 0.04791467337466493 -0.1284938479346176 0.0068711453193559535
3000 1720 1600 1000 1000 1000 1000 1000 3000 1720 1600 3162 1414 3162|0.001 0.013731974792214885 -0.28133061938175996 0.05611430340469736
625 1000 625 625 1075 1075 625 1875 625 1875 625 1179 1976 1244|0.001 0.21286582481450989 -0.01914888518570912 0.0033979411249540625
1000 1000 1000 1600 3000 3000 1600 1720 1000 1720 1000 1414 3162 3162|0.001 -0.005386984786098781 -0.10521738465363639 0.01728264388470624
1600 1000 1600 1000 1000 1720 1720 1000 3000 1000 3000 1887 1414 3162|0.001 0.07397777958023433 -0.014986672091784614 -0.006901721960542728
1075 1875 625 625 625 625 625 1000 1075 1875 625 1976 1179 1244|0.001 0.009178060895329576 -0.06671753172059369 -0.006508377540248578
333 533 573 333 333 333 333 1000 333 533 573 1054 1054 471|0.001 0.07106272163841743 -0.023261590667617016 -0.010321180260257634
3000 1000 3000 1720 1720 1000 1000 1000 1600 1000 1600 3162 1990 3162|0.001 0.1270724247460242 -0.026992390843668668 -0.012664863446706365
581 1000 581 1744 930 930 1744 581 581 581 581 1157 1838 1097|0.001 0.13650471468667824 -0.034231287360916296 -0.0774645778225902
333 1000 333 573 333 333 573 533 333 533 333 1054 1054 471|0.001 0.07428118917665705 -0.07325610179898412 -0.023084748952379996
930 581 1744 581 581 581 581 1000 930 581 1744 1838 1157 1097|0.001 0.050501660901844936 -0.054960193432320725 0.022069362996879338
1720 1000 1720 3000 3000 1600 1600 1000 1000 1000 1000 1990 3162 3162|0.001 0.12316475659441606 -0.05812411541635587 -0.02739729339313768
625 1875 1075 625 625 625 625 1000 625 1875 1075 1179 1179 884|0.001 0.019591571387269635 -0.08476395764844269 -0.0034595506715684454
581 1000 581 930 1744 1744 930 581 581 581 581 1157 1097 1838|0.001 0.06549776963074683 -0.10047477143085404 0.11095109878733078
1600 1000 1600 1720 1720 1000 1000 1000 3000 1000 3000 1887 1990 1887|0.001 0.08148887036488084 -0.06637144263677008 -0.004144079269607914
625 1000 625 1075 625 625 1075 1875 625 1875 625 1179 1179 884|0.001 0.17549634963034855 -0.06287730161610106 0.0064393976227594685
1744 581 930 581 581 581 581 1000 1744 581 930 1097 1157 1838|0.001 0.08450310369856995 -0.0472581793321214 0.006472514559809905
1720 1000 1720 1600 1600 3000 3000 1000 1000 1000 1000 1990 1887 1887|0.001 0.0889035100414759 -0.05550675109475822 -0.004485004958315608
1000 1000 1000 1600 1600 1600 1600 1000 1000 1000 1000 1414 1887 1887|0.001 0.035944374665863865 -0.09928552979798888 0.01988540699450425
625 1000 625 625 625 625 625 1000 625 1000 625 1179 1179 884|0.001 0.07569183127197565 -0.04929230088811298 -0.011519312682325422
1600 1000 1600 1000 1000 1000 1000 1000 1600 1000 1600 1887 1414 1887|0.001 0.07751599450658508 -0.02743942486095219 -0.007425953008814989
1000 1000 1000 1600 1600 1600 1600 1000 1000 1000 1000 1414 1887 1887|0.001 0.07043284970762675 -0.06442754538738327 -0.01081075228059114
625 1000 625 625 625 625 625 1000 625 1000 625 1179 1179 884|0.001 0.028198256171090286 -0.1136758698795437 -0.008642499045453667
1600 1000 1600 1000 1000 1000 1000 1000 1600 1000 1600 1887 1414 1887|0.001 0.09628906358581935 -0.017488967695959978 -0.004837877723966599
1000 1000 1000 1600 1600 1600 1600 1000 1000 1000 1000 1414 1887 1887|0.001 0.1137286326673248 -0.030722543374568367 -0.025828493362214378
1600 1000 1600 1000 1000 1000 1000 1000 1600 1000 1600 1887 1414 1887|0.001 0.057176617807785934 -0.04382735370563218 -0.007495501735429455
625 1000 625 625 625 625 625 1000 625 1000 625 1179 1179 884|0.001 0.07614638826629161 -0.021948530653308485 -0.004456997985299305
1000 1000 1000 1600 1600 1600 1600 1000 1000 1000 1000 1414 1887 1887|0.001 0.1433383924394338 -0.023439060720493732 -0.02313663339698846
1600 1000 1600 1000 1000 1000 1000 1000 1600 1000 1600 1887 1414 1887|0.001 0.11613257805826338 -0.04334555190406819 0.012791768231654732
625 1000 625 625 625 625 625 1000 625 1000 625 1179 1179 884|0.001 0.09899974434335768 -0.06535490772586527 0.009438002084665165
625 1000 625 625 625 625 625 1000 625 1000 625 1179 1179 884|0.001 0.021002464642287944 -0.11799947543264522 0.03717717938515497
1600 1000 1600 1000 1000 1000 1000 1000 1600 1000 1600 1887 1414 1887|0.001 0.021282441007812736 -0.08675615591242636 0.009049817704978036
1000 1000 1000 1600 1600 1600 1600 1000 1000 1000 1000 1414 1887 1887|0.001 0.07365956007575836 -0.06488922600619729 -9.360573936745276e-05
625 1000 625 625 625 625 625 1000 625 1000 625 1179 1179 884|0.001 0.027116061555672033 -0.10833143423007896 0.011023207594464957
1600 1000 1600 1000 1000 1000 1000 1000 1600 1000 1600 1887 1414 1887|0.001 0.024554147187181297 -0.09336281851052619 0.022370266999414135
1000 1000 1000 1600 1600 1600 1600 1000 1000 1000 1000 1414 1887 1887|0.001 0.16843866877646052 0.016438001988652307 -0.06202449023108292
625 1000 625 625 625 625 625 1000 625 1000 625 1179 1179 884|0.001 0.13801777581150754 -0.01843058500087036 -0.040297327013114614
1000 1000 1000 1600 1600 1600 1600 1000 1000 1000 1000 1414 1887 1887|0.001 0.11058769743034214 -0.038911328208334206 0.003822922731981926
1600 1000 1600 1000 1000 1000 1000 1000 1600 1000 1600 1887 1414 1887|0.001 0.04194859891179625 -0.12034924081620102 0.019223561520673726
625 1000 625 625 625 625 625 1000 625 1000 625 1179 1179 884|0.001 0.05845266823673034 -0.12082262487259854 0.023942523175641828
1600 1000 1600 1000 1000 1000 1000 1000 1600 1000 1600 1887 1414 1887|0.001 0.0772014360920803 -0.06719557356755557 0.00024324991295454623
1000 1000 1000 1600 1600 1600 1600 1000 1000 1000 1000 1414 1887 1887|0.001 0.016580883995884754 -0.15767533877590556 0.05565748340374821
573 533 333 573 333 156 268 533 600 316 452 629 1054 594|0.001 0.07008729643664946 -0.06856764814156535 0.0077616066221142255
930 581 1744 581 789 1047 1000 467 550 271 930 1838 745 669|0.001 0.026075748223415296 -0.04223867950334026 -0.004506895339236872
803 1357 1720 3000 1600 947 1600 1720 467 1801 1000 1282 1887 1667|0.001 0.06402748704483319 -0.03885958452386484 -0.028267527855587726
930 581 1744 581 271 467 1000 1047 550 789 930 1838 1036 613|0.001 0.099743138155437 -0.03457277925432489 -0.04603219642184464
1801 467 1720 3000 1600 947 1600 1720 1357 803 1000 1783 1887 2606|0.001 0.1384373909058767 -0.03989126090761297 -0.06103201656080803
573 533 333 573 333 452 600 533 268 316 156 629 1054 427|0.001 0.08883659331669014 -0.026368637942516537 -0.021033840280104688
625 1875 1075 292 502 1075 625 592 848 1000 1126 1179 660 1244|0.001 -0.025028536367702747 -0.07459520618946724 0.0026064394218350273
581 1047 271 930 1744 930 550 581 1000 789 467 1157 1097 1097|0.001 0.10902076197780719 -0.08648790145473484 0.012566871860004714
2029 1720 3429 3687 3860 2908 2143 2143 3429 3687 6429 2262 4264 2466|0.001 0.17104335154048078 -0.031094649688959697 0.00410812185988263
3000 1720 1600 803 1720 1000 467 1357 1600 1801 947 3162 1990 3162|0.001 0.052899559937000795 -0.19644288992875625 0.04654522900738867
292 592 502 625 1075 1126 848 1875 625 1000 1075 1042 1976 1244|0.001 0.12812526125074442 -0.06100969104767984 -0.0024326267710406135
1690 2143 1246 1993 1179 1993 3737 581 2243 1246 2143 2479 2076 3246|0.001 0.006962556105885032 -0.06679063533677532 -0.02291789170268843
581 467 789 930 1744 930 550 581 1000 271 1047 1157 1097 1097|0.001 0.07111779677030583 -0.12492402771945965 0.06368398882330872
625 1875 1075 848 1126 1075 625 592 292 1000 502 1179 719 1244|0.001 0.0994638694834582 0.0002983055318406258 -0.0244784424224731
698 1327 1179 1268 592 344 737 737 1179 1268 2210 848 1466 778|0.001 0.06797830122308168 -0.05088790584981462 -0.040485354872779045
3000 1720 1600 1801 1720 1000 1357 467 1600 803 947 3162 1990 3162|0.001 0.040664862372261634 -0.14787387183745948 -0.006380019642402424
259 955 555 888 526 888 1666 753 446 555 955 1105 1447 925|0.001 0.07754849105392259 -0.047857019176644755 -0.04200336462574783
848 592 1126 625 1075 502 292 1875 625 1000 1075 1629 1976 1244|0.001 0.15450530904808302 -0.029534654214937728 -0.03356480289819164
3687 2143 3860 2029 3429 6429 3429 1720 2143 3687 2908 3820 3571 4043|0.001 -0.033153074772608315 -0.09307048953560937 0.02045977435549906
888 753 526 259 555 955 446 955 1666 555 888 639 990 1756|0.001 0.10415984329406269 -0.08391769804292792 0.15788817436142244
848 1690 493 1903 1434 1056 1817 1690 1817 3169 1056 1761 1216 1355|0.001 0.1627007443411599 -0.04161968225212864 0.015159620340461366
1993 581 1179 1690 1246 2143 2243 2143 3737 1246 1993 1315 1597 3939|0.001 0.22295409163236135 -0.11872162723043145 0.027532598004842423
1268 737 592 698 1179 2210 1179 1327 737 1268 344 945 1920 1390|0.001 0.12740965017649541 -0.07823575153038553 0.06695025786402686
1903 1690 1434 848 493 1056 1817 1690 1817 3169 1056 2753 1115 1883|0.001 0.0603579078467642 -0.08919469209269448 0.013476557409135559
625 1000 625 502 292 502 647 592 217 592 217 1179 1042 363|0.001 0.08062970567121797 -0.05157954396814213 -0.018020891783266935
1179 581 1993 1246 432 432 1246 1289 1179 1000 1993 2076 1089 1256|0.001 0.07516605328452108 -0.06358862925276987 -0.040344428776389885
1035 347 803 1600 1600 947 947 1000 803 347 467 875 1887 1790|0.001 0.11205565520902239 -0.10717601705071744 -0.012308252486629145
1600 1000 1600 467 803 1035 803 347 947 347 947 1887 581 1241|0.001 0.04542262759924531 -0.01504401791919685 -0.020817136226755073
743 1720 2143 3429 2029 2029 3429 1720 743 2218 2143 1246 2262 2160|0.001 0.0694755775699063 -0.04172987079419155 -0.02162960092223054
502 592 292 625 625 217 217 1000 647 592 502 660 1179 547|0.001 0.12106851075454728 -0.07519451240641017 -0.026450941822895313
625 1000 625 502 647 502 292 592 217 592 217 1179 776 802|0.001 0.01958616990392459 -0.11395049555288028 0.03356733321510985
467 347 803 1600 1600 947 947 1000 803 347 1035 1104 1887 1055|0.001 0.14702376669494477 -0.10855341990397727 -0.005007596879874621
1179 1289 1993 1246 432 432 1246 581 1179 1000 1993 1546 1374 1256|0.001 0.09521675199778423 -0.04927588270325245 -0.07012791852296418
1600 1000 1600 1035 803 467 803 347 947 347 947 1887 1282 1667|0.001 0.046440396694933384 -0.06789361990347742 -0.01542991326327181
502 592 647 625 625 217 217 1000 292 592 502 1119 1179 690|0.001 0.1339779075574321 -0.06313961913331778 -0.022035733541108105
335 776 966 1546 915 915 1546 776 335 451 966 1239 1729 974|0.001 0.045498639739203206 -0.04393877202614083 -0.02439547418578991
1246 1289 432 1179 1993 1993 1179 581 1246 1000 432 1597 1315 2350|0.001 0.08337647372828938 -0.15068172788841538 0.044926481732396883
493 1690 848 366 366 1056 1056 1000 848 1690 1093 1115 1065 1166|0.001 -0.00660414127076292 -0.10422206061585948 0.033365117307844194
2731 1000 2731 2316 2986 2316 1346 2885 4615 2885 4615 2908 3699 3581|0.001 0.19849725993635214 -0.10661757529519256 0.014501802141329012
3429 1720 2029 743 2143 2143 743 1720 3429 2218 2029 3571 2365 4043|0.001 0.0671366433847087 -0.18391224943170026 0.18283828575999417
2316 2885 1346 2731 2731 4615 4615 1000 2986 2885 2316 3183 2908 5164|0.001 0.023380006035911283 -0.05148596775723213 0.004688104390255798
366 1000 366 493 848 1093 848 1690 1056 1690 1056 1065 1761 1355|0.001 0.16700686174796475 -0.08791700841433658 -0.0009036323218980513
1246 581 432 1179 1993 1993 1179 1289 1246 1000 432 724 2230 2350|0.001 0.11338600408801414 -0.09743538003944563 0.07820995213629889
2731 1000 2731 2316 1346 2316 2986 2885 4615 2885 4615 2908 1677 4808|0.001 0.1389093608375136 -0.09018994878409514 0.013469059745112588
1093 1690 848 366 366 1056 1056 1000 848 1690 493 1891 1065 924|0.001 0.047939639277922996 -0.08101001454934864 0.028486702667178676
1546 776 915 335 966 966 335 776 1546 451 915 1199 845 1823|0.001 0.04963010217638564 -0.18212373039546703 0.15618340902828987
2316 2885 2986 2731 2731 4615 4615 1000 1346 2885 2316 2523 2908 3045|0.001 0.060398507239183274 -0.03926454109593469 0.0002871612885169128
366 1000 366 1093 848 493 848 1690 1056 1690 1056 1065 1311 614|0.001 -0.011779268160667655 -0.11789790725275417 0.02488477370186093
1744 1000 581 271 581 1000 467 1047 930 883 201 1419 1157 1097|0.001 0.02121998295207206 -0.2872740803767715 0.06371288620776516
3860 2143 3687 2143 743 3429 6429 1720 3256 3687 3687 4264 1246 3458|0.001 -0.005005981532619774 -0.09339489354310393 -0.06984571847910015
803 347 467 1720 1720 1519 1801 3000 1720 1600 1000 581 2441 1766|0.001 0.250181945716057 -0.09220694889578218 0.025233656342520394
573 333 573 333 573 268 156 533 506 116 600 814 629 739|0.001 0.059879585106634714 -0.0864415172272448 0.015627086124294642
1600 1720 3000 1720 1801 1519 1720 467 347 803 1000 1887 1783 2014|0.001 0.018601633151835717 -0.05390400143509555 0.023422436867612806
581 1000 1744 1000 467 271 581 883 201 1047 930 1419 1288 641|0.001 0.062429179370946386 -0.037822977781376554 -0.03978468288155623
333 533 573 573 573 600 506 333 156 116 268 1054 814 594|0.001 0.06828638633382011 -0.0910228963657922 -0.008959821092056064
883 467 1000 1744 930 201 581 581 1047 271 1000 1288 1838 938|0.001 0.15642745191295493 -0.06364598344764882 -0.0698481072416901
432 581 1246 2143 1892 2243 2143 2143 1993 1246 3737 1374 2200 2509|0.001 0.10784149557198974 -0.043765467785776835 0.006195997885407589
2143 1720 743 3860 3687 3687 3256 2143 6429 3687 3429 2365 3820 5231|0.001 0.1254061789061467 -0.19415279458926848 -0.019922586141309928
555 955 259 192 888 1666 555 844 955 955 446 990 896 1756|0.001 0.06939012430168479 -0.2399445720903548 0.3650002093873339
4383 4615 5196 1346 2316 4963 2885 2885 4963 8654 4963 4655 3183 6393|0.001 0.1275717447500213 -0.05963982050225192 0.01419083374894159
1075 1875 625 1126 950 1075 1075 217 502 625 292 1976 1259 1104|0.001 0.004392693822141691 -0.03218381348573662 -0.007428853759805509
1744 581 930 883 1000 1000 1047 467 581 271 201 1097 1027 1419|0.001 0.07426995240128909 -0.085554101417743 -0.032359726588427895
1126 217 950 1075 625 292 502 1875 1075 625 1075 1009 1179 1244|0.001 0.15308428384740003 -0.04564278094684071 -0.016585242648408105
528 1132 1132 1053 228 658 1974 1185 307 1132 658 1163 1062 383|0.001 0.08461041852131368 -0.037615581164482936 -0.07188923904778655
1346 2885 2316 4383 5196 4963 4963 4615 2885 8654 4963 1677 5811 5142|0.001 0.3838515456197089 -0.04345868345576487 -0.010037131769716767
1053 1185 228 528 1132 658 307 1132 1974 1132 658 1326 1459 1242|0.001 0.133385682652174 -0.2146420504313673 0.053046011727675424
366 1000 366 1434 1903 1605 1006 1690 1690 1690 1690 1065 2753 1705|0.001 0.11437398986906544 -0.12016473303985697 0.04442611619332126
2731 1000 2731 5196 4383 2746 3915 4615 4615 4615 4615 2908 4655 1798|0.001 0.3605675536118458 -0.11029267427331901 0.016533685487323257
888 844 192 526 888 888 526 753 888 528 192 896 639 1256|0.001 0.07298181129081982 -0.2697972547545324 0.05688154603137985
1434 1690 1903 366 366 1690 1690 1000 1006 1690 1605 1216 1065 1158|0.001 -0.029106805370098243 -0.1202360500556987 0.005975490646867865
366 1000 366 1605 1006 1434 1903 1690 1690 1690 1690 1065 659 1721|0.001 0.14862928905408745 -0.10007712611175501 0.001184723864513515
2731 1000 2731 2746 3915 5196 4383 4615 4615 4615 4615 2908 4701 7517|0.001 0.4880829905769768 -0.059594152980774195 0.010615307844776822
1605 1690 1006 366 366 1690 1690 1000 1903 1690 1434 2556 1065 2128|0.001 0.013281321553606507 -0.08325382884099675 0.012034521192714198
1681 1426 364 994 1681 1681 994 1596 1681 1892 364 1712 2542 2377|0.001 0.08966733746879285 -0.18617754965948752 0.007423085049578226
1000 1000 1000 848 595 950 1126 217 592 217 592 1414 1018 390|0.001 0.006331824125656027 -0.09048269138267173 0.0061912530343621874
526 753 888 888 192 192 888 844 526 528 888 1447 1118 560|0.001 0.08800574390680937 -0.045189511170040664 -0.06973276659687389
950 217 1126 1000 1000 592 592 1000 595 217 848 1259 1414 1512|0.001 0.1010276934205745 -0.04633914111642712 -0.005067444596701387
1000 1000 1000 1126 848 595 950 592 217 592 217 1414 1629 1018|0.001 0.04375902765020978 -0.10060157592604924 -0.016624363568027434
1000 1000 1000 950 1126 848 595 217 592 217 592 1414 1009 1629|0.001 0.007195198097276201 -0.0755620948343172 0.008333311591643966
994 1596 1681 1681 364 364 1681 1426 994 1892 1681 655 1152 1059|0.001 0.08668573950081582 -0.056383843235908726 -0.07343436434877337
848 217 595 1000 1000 592 592 1000 1126 217 950 685 1414 719|0.001 0.13326690886021453 -0.0033908402569393647 -0.013619503680184497
1000 1000 1000 595 950 1126 848 592 217 592 217 1414 390 1009|0.001 0.06819922696645442 -0.06953362421300846 -0.014913175623246788
1000 1000 1000 1000 533 67 533 1104 1104 1104 1104 1414 1133 1002|0.001 0.10141235057212539 -0.04080820554014153 -0.052199743943148746
1104 533 1000 1000 1104 1104 1000 533 1104 67 1000 1133 1133 1694|0.001 0.08150959801754842 -0.029288812393836183 -0.017636920980093063
533 1104 1000 1000 1000 1104 1104 1000 67 1104 533 1133 1414 1002|0.001 0.005962143009206056 -0.06783186254566642 0.019354939773956747
1000 1000 1000 533 67 533 1000 1104 1104 1104 1104 1414 1002 1133|0.001 0.09629175685512026 -0.08222517791494854 -0.08120321969558808
2069 125 1875 1875 2069 2069 1875 1875 2069 1000 1875 1879 2652 2652|0.001 0.20345753650013343 -0.13903279362554644 0.02803309102998197
1000 1104 533 1000 1000 1104 1104 1000 533 1104 67 1414 1414 1133|0.001 0.12005186794846967 -0.09637662200645658 0.00602766780938957
1000 1000 1000 67 533 1000 533 1104 1104 1104 1104 1414 1133 1414|0.001 0.10482025518595117 -0.07735570260211655 0.8180231619333367
533 1104 67 1000 1000 1104 1104 1000 1000 1104 533 1133 1414 1414|0.001 0.09477800759454258 -0.3284550810065634 -0.008556331444100618
16553 8000 15000 15000 16553 16553 15000 8000 16553 15000 15000 17000 17000 25417|0.001 0.42699909827989657 -0.042026430288824024 -0.017778784221355037
1000 533 1104 1104 1000 1000 1104 533 1000 67 1104 1414 1414 1414|0.001 0.06278289394382908 -0.004016510774212945 -0.019639481521290802
483 906 906 1000 1000 906 906 1000 60 906 483 1282 1535 1027|0.001 0.0209577830777552 -0.06596225130805156 0.015790375930195832
1000 1000 1000 906 483 60 483 906 906 906 906 1535 1282 1027|0.001 0.09247722388372015 -0.09338565515260577 -0.04129433115219072
15000 8000 16553 16553 15000 15000 16553 8000 15000 15000 16553 15033 15033 21213|0.001 0.44351578902372957 -0.04037415853132331 -0.02976391626636765
1000 1000 1000 60 483 906 483 906 906 906 906 1535 908 1027|0.001 0.05806997058131369 -0.11682813458577357 0.6393339318467306
483 906 60 1000 1000 906 906 1000 906 906 483 908 1535 1027|0.001 0.12306298737812638 -0.32381660854181593 -0.011479746905500576
1875 125 2069 2069 1875 1875 2069 1875 1875 1000 2069 2125 2125 2652|0.001 0.25667062039173016 -0.1056362736800065 0.011855651857202165
906 906 483 1000 1000 906 906 1000 483 906 60 1027 1282 1282|0.001 0.09477879104769826 -0.08951283609119898 -0.004513427761069222
1000 1000 1000 483 60 483 906 906 906 906 906 1282 1027 908|0.001 0.08974140325140878 -0.09030388022557734 -0.07967337936014562
1000 1000 1000 67 67 67 67 1000 1000 1000 1000 1414 1002 1002|0.001 0.07417542007250422 -0.06898741683733056 0.023601041651539756
15000 1000 15000 15000 15000 15000 15000 1000 15000 1000 15000 15033 15033 21213|0.001 0.08510827879304017 -0.06570891149001112 0.013536673482743566
67 1000 67 1000 1000 1000 1000 1000 67 1000 67 1002 1414 1002|0.001 0.08465698475858208 -0.09911302805457822 0.013048065730507652
1000 1000 1000 67 67 67 67 1000 1000 1000 1000 1414 1002 1002|0.001 0.04871789470599852 -0.10733876796120145 0.016110430249132168
15000 1000 15000 15000 15000 15000 15000 1000 15000 1000 15000 15033 15033 21213|0.001 0.02736855858498144 -0.10602646129469151 -0.006348831321337789
67 1000 67 1000 1000 1000 1000 1000 67 1000 67 1002 1414 1002|0.001 0.08657160503193984 -0.02792508749485334 -0.0037580791200464425
1000 1000 1000 67 67 67 67 1000 1000 1000 1000 1414 1002 1002|0.001 0.10842101566116868 -0.06572194221804994 -0.00466109286354266
67 1000 67 1000 1000 1000 1000 1000 67 1000 67 1002 1414 1002|0.001 -0.012071476493497046 -0.11699084002021243 0.029686929068859502
15000 1000 15000 15000 15000 15000 15000 1000 15000 1000 15000 15033 15033 21213|0.001 0.1365562516025709 -0.008491417111962107 -0.036924711100189134
1000 1000 1000 67 67 67 67 1000 1000 1000 1000 1414 1002 1002|0.001 0.05402692761748984 -0.048777553486057945 0.00216054926102327
67 1000 67 1000 1000 1000 1000 1000 67 1000 67 1002 1414 1002|0.001 0.02491625141876508 -0.09147997355168802 0.006437384814497182
15000 1000 15000 15000 15000 15000 15000 1000 15000 1000 15000 15033 15033 21213|0.001 0.0005755016362662957 -0.09816504949979654 0.025258383353587988
15000 1000 15000 15000 15000 15000 15000 1000 15000 1000 15000 15033 15033 21213|0.001 0.13273240903709738 0.013268131478207934 -0.028156819220896967
67 1000 67 1000 1000 1000 1000 1000 67 1000 67 1002 1414 1002|0.001 0.1492199348428258 0.008396104826002837 -0.03662202138766113
1000 1000 1000 67 67 67 67 1000 1000 1000 1000 1414 1002 1002|0.001 0.09083438976102531 -0.04864622605547542 0.011799699666588115
15000 1000 15000 15000 15000 15000 15000 1000 15000 1000 15000 15033 15033 21213|0.001 0.08317820516914987 -0.08327725357882176 0.02386832133459027
67 1000 67 1000 1000 1000 1000 1000 67 1000 67 1002 1414 1002|0.001 0.08896570442028073 -0.07718111999568178 -0.013932863337867696
1000 1000 1000 67 67 67 67 1000 1000 1000 1000 1414 1002 1002|0.001 0.021905671550803696 -0.13168918060817658 0.03252373138798337
15000 1000 15000 15000 15000 15000 15000 1000 15000 1000 15000 15033 15033 21213|0.001 -0.017120567721132796 -0.17652360856049487 0.06045397904157035
1000 1000 1000 67 67 67 67 1000 1000 1000 1000 1414 1002 1002|0.001 0.18266163307334216 0.027939663630804912 -0.06136375226162283
67 1000 67 1000 1000 1000 1000 1000 67 1000 67 1002 1414 1002|0.001 0.052606263859420466 -0.10839765914768096 0.03718068419765297
15000 1000 15000 15000 15000 15000 15000 1000 15000 1000 15000 15033 15033 21213|0.001 0.10498598842250129 -0.061313538794758315 -0.014414227242297573
67 1000 67 1000 1000 1000 1000 1000 67 1000 67 1002 1414 1002|0.001 0.0798167500037783 -0.1018734195526605 0.0111047733284253
1000 1000 1000 67 67 67 67 1000 1000 1000 1000 1414 1002 1002|0.001 0.16591216787998686 0.00015609815301020902 -0.05814661378317432
573 533 333 739 573 268 345 533 551 316 385 629 1153 710|0.001 0.038943727254789895 -0.01318370557453874 -0.005608460103413426
721 776 1353 451 520 746 776 467 427 362 721 1559 781 407|0.001 0.0046490379187225095 -0.04880772053856397 0.01958571883418081
1035 1154 2218 3000 1600 947 1600 1720 803 1654 1720 1733 1887 1790|0.001 0.07573792432086668 -0.035424655749515255 -0.03878073937134019
930 581 1744 1000 467 602 1289 961 550 671 930 1838 1238 721|0.001 0.09997576928721275 -0.026971585700568124 -0.06932520158573263
961 467 1000 1744 930 550 930 1289 671 602 581 1238 1366 1457|0.001 0.10259302447308105 -0.08320115473348988 -0.030954333635652143
739 533 573 573 333 385 551 533 345 316 268 783 1054 578|0.001 0.055341731792608595 -0.11150171497289807 0.009234853271422594
625 1875 1075 502 647 1386 1075 592 722 1000 1034 1179 776 1237|0.001 -0.06370473023122103 -0.09377035279362955 0.0005103221706903582
1000 961 467 930 1744 930 550 581 1289 671 602 1151 1097 1366|0.001 0.1505358011715341 -0.01143739584978154 0.06324859155850904
1179 1289 1993 2143 2060 1438 1246 2143 1993 2763 3737 1546 2466 1125|0.001 0.15462903900846703 -0.055239078557750565 0.007957384248418187
3000 1720 1600 1035 2218 1720 803 1154 1600 1654 947 3162 1980 3458|0.001 0.05602120508221731 -0.13221469399751662 0.12596216931962223
502 592 647 625 1075 1034 722 1875 1075 1000 1386 1119 1976 1237|0.001 0.11157361699547952 -0.11217195556840198 -0.020024665974532896
1115 2143 966 1546 915 1546 2898 776 1598 1662 1662 1913 1729 2421|0.001 -0.04120201268190682 -0.10278851810020195 -0.0338112972792326
451 467 520 721 1353 721 427 776 776 362 746 893 1059 851|0.001 0.08208105436311675 -0.12419573463648081 0.08281116988589021
1075 1875 1386 722 1034 1075 625 592 502 1000 647 1468 564 1237|0.001 0.07911946910148071 -0.012434083241763538 -0.013837216102878802
820 1433 1386 1921 897 695 1490 866 1386 1490 2599 782 1715 1075|0.001 0.08761030939532066 -0.03149603548147528 -0.05898879598755791
1744 1289 930 961 1000 581 671 467 930 602 550 2010 1151 1838|0.001 0.04437057999477689 -0.09189179202205078 -0.0009548600027042831
485 1040 1040 967 572 967 1814 698 626 605 1341 1197 1515 1082|0.001 0.08910906207551195 -0.035808834390022026 -0.045016601986862526
722 592 1034 1075 1386 647 502 1875 625 1000 1075 1567 2161 1237|0.001 0.196445263685745 -0.0843432986148529 0.018475989862767328
2143 2143 2060 1179 1993 3737 1993 1289 1246 2763 1438 2653 2230 2350|0.001 0.04731166173939538 -0.0623222431410797 0.08900392391776091
967 698 572 485 1040 1341 626 1040 1814 605 967 546 1288 2091|0.001 0.07647000668261406 -0.05609046727799716 0.09600200894700706
1093 1690 848 1747 1220 1056 1817 1690 2343 3169 1817 1891 954 1831|0.001 0.12188631893101487 -0.060615501868022115 0.009133226570703368
1546 776 915 1115 966 1662 1598 2143 2898 1662 1546 1199 1675 3055|0.001 0.08869171580859536 -0.21484670453656762 0.03321091632347617
1921 866 897 820 1386 2599 1386 1433 1490 1490 695 1501 2171 2035|0.001 0.07912806047521981 -0.182612774242229 0.02533055282089247
1747 1690 1220 1093 848 1817 2343 1690 1817 3169 1056 2648 1311 2250|0.001 -0.0002308203444967294 -0.0978324456570423 0.00815708901403589
625 1000 625 647 502 502 647 592 42 592 42 1179 1119 527|0.001 0.08630467814311427 -0.033242961250656844 -0.024237074720563356
915 776 1546 966 64 64 966 1000 915 776 1546 1729 1031 917|0.001 0.09512879837370258 -0.04821091644466313 -0.09024667300545186
1035 67 1035 1600 1600 947 947 1000 803 67 803 1067 1887 1790|0.001 0.13124750949013775 -0.08796812774523266 -0.0022876218613787636
625 1000 625 502 647 647 502 592 42 592 42 1179 776 667|0.001 0.028503253853460198 -0.06937214192933583 0.021259097366677082
803 67 803 1600 1600 947 947 1000 1035 67 1035 843 1887 1241|0.001 0.1444168967792936 -0.08111280990198311 0.019170079269423823
1179 1289 1993 1246 83 83 1246 1000 1179 1289 1993 1546 1050 1182|0.001 0.09503156528912315 -0.04852829530764602 -0.08936914457459144
966 1000 64 915 1546 1546 915 776 966 776 64 1031 1199 1823|0.001 0.1422947835632593 -0.4027307378192435 0.06188622037975211
848 1690 1093 70 70 1056 1056 1000 848 1690 1093 1311 1002 891|0.001 0.014530209527123805 -0.09548681826486827 0.02308125109878434
14200 1000 14200 15527 15527 12043 12043 15000 24000 15000 24000 14235 16002 18619|0.001 0.6592648577318694 -0.06711879966935119 -0.017680713144053728
1246 1000 83 1179 1993 1993 1179 1289 1246 1289 83 1050 2230 2350|0.001 0.06370032520570668 -0.9088611351239895 0.045677747204189156
14200 1000 14200 12043 12043 15527 15527 15000 24000 15000 24000 14235 12651 26852|0.001 0.6031769199725612 -0.11349953016946968 -0.010544315939782223
1093 1690 848 70 70 1056 1056 1000 1093 1690 848 1891 1002 1127|0.001 0.016773020392846227 -0.09354037335593923 0.020343299765805956
1744 1000 581 467 1000 1000 467 961 581 961 39 1419 1151 1419|0.001 0.05182091017812418 -0.272949535271918 0.16607996625428667
803 67 803 1720 1720 1654 1654 3000 1720 1000 1720 843 2441 1980|0.001 0.32225040197314536 -0.08297111927907164 0.026343176979699567
573 333 573 573 573 551 551 333 268 22 268 814 814 710|0.001 0.06945248791110581 -0.05557853273524205 -0.019286639098187175
961 467 1000 1744 581 39 581 1000 961 467 1000 1238 1419 973|0.001 0.14345115996311275 -0.03957024402410636 -0.0938366934067758
1246 1000 83 2060 2143 2143 2060 2143 3737 2143 1246 1050 2653 3041|0.001 0.0427679404829151 -1.1897302084934713 0.0023290404083642358
1040 1040 485 40 605 1814 605 1000 1040 1040 485 1288 1012 1476|0.001 0.09069982929044373 -0.20031151353130827 1.3729239073403288
1744 1000 581 961 1000 1000 961 467 581 467 39 1419 1151 1419|0.001 -0.013627050499952498 -0.38399210963259933 0.05702418178717972
1654 67 1654 1720 1720 803 803 3000 1720 1000 1720 1674 2441 1980|0.001 0.34007988420182045 -0.1042288541729286 0.021277558535990337
1075 1875 625 647 502 1075 1386 592 1034 1000 722 1976 1119 1237|0.001 -0.04051847083870963 -0.09452099187003515 -0.01500857965348934
915 776 1546 966 1115 1598 1662 2143 1546 1662 2898 1729 1913 2421|0.001 0.11232256731471102 -0.06614818782350262 0.0160665186889708
2218 1154 1035 1600 3000 1600 947 1720 1720 1654 803 1980 3162 3458|0.001 0.12873107953270013 -0.056404650620784924 0.0243166553007379
1744 581 930 467 1000 1289 602 961 930 671 550 1097 1151 1366|0.001 0.07745822838072236 -0.11190362205598325 0.08444117109787763
2060 2143 2143 1993 1179 1993 3737 1289 1438 2763 1246 2466 1546 1125|0.001 -0.04538028226714452 -0.10785146612869667 -0.03385243906469326
647 592 502 1075 625 722 1034 1875 1386 1000 1075 776 1179 1237|0.001 0.10433313691214696 -0.02700141991544891 -0.007693614225444678
333 533 573 573 739 345 268 533 385 316 551 1054 783 578|0.001 0.06498542013299913 -0.06533194357162264 0.016906450615743474
467 961 1000 1744 930 550 930 581 602 671 1289 1238 1838 721|0.001 0.06344206077508519 -0.056887775383085426 -0.023633020538970095
930 1289 1744 1000 961 671 581 467 550 602 930 1366 1238 1457|0.001 0.03910080188541665 -0.05037829623527723 0.005846496851698024
1600 1720 3000 2218 1035 803 1720 1154 947 1654 1600 1887 1733 1790|0.001 0.09684332395630157 -0.04532616699585157 -0.062121054165618084
573 533 739 333 573 551 385 533 268 316 345 1153 629 710|0.001 0.04844170311568252 -0.11352611737327489 0.037320732688195246
520 467 451 1353 721 427 721 776 746 362 776 781 1559 407|0.001 0.10769076381359266 -0.06666102888075676 -0.04692262862887375
966 2143 1115 915 1546 2898 1546 776 1662 1662 1598 1675 1199 3055|0.001 0.07519734050259519 -0.04726009041490675 0.06938737028289843
848 1690 1093 1220 1747 1817 1056 1690 1817 3169 2343 1311 2648 2250|0.001 0.12378840645072442 -0.0658971258346519 -0.026102549688302723
1386 1433 820 897 1921 1490 695 866 2599 1490 1386 2171 1501 2035|0.001 0.07981699447596524 -0.13542104473051153 0.06274863596464009
1993 1289 1179 2060 2143 1246 1438 2143 3737 2763 1993 2230 2653 2350|0.001 0.2581063198405853 -0.0593721672067371 0.008758432586353226
1040 1040 485 572 967 1814 967 698 1341 605 626 1288 546 2091|0.001 0.08149171587175319 -0.202408001326021 0.06595409645576034
1220 1690 1747 848 1093 2343 1817 1690 1056 3169 1817 954 1891 1831|0.001 -0.02340772269244007 -0.13571120008740833 0.010727194929889272
1000 467 961 930 1744 930 550 1289 581 602 671 1151 2010 1838|0.001 0.09660799830430333 -0.10676756358734996 0.10465389120416946
572 698 967 1040 485 626 1341 1040 967 605 1814 1515 1197 1082|0.001 0.04991093439827177 -0.07360300071336812 -0.0216115638983716
1386 1875 1075 1034 722 625 1075 592 647 1000 502 2161 1567 1237|0.001 0.09478520044738925 -0.006105825684987742 -0.0108817599298483
1353 776 721 520 451 776 746 467 721 362 427 1059 893 851|0.001 0.05311975124762114 -0.07769658745121033 0.009414789095731901
897 866 1921 1386 820 1386 2599 1433 695 1490 1490 1715 782 1075|0.001 0.1061719557863694 -0.031601098549813855 -0.04164632967611048
1034 592 722 1386 1075 502 647 1875 1075 1000 625 564 1468 1237|0.001 0.17072809390592747 -0.10308478242477825 -0.010169535925058648
1744 1000 1744 581 1744 1744 581 1000 1744 1000 1744 2010 1419 2466|0.05 0.009810822555611498 -0.13653398863908484 0.1845382601369394
1744 1000 1744 581 1744 1744 581 1000 1744 1000 1744 2010 1419 2466|0.05 -0.03859748013390063 -0.08965923044410129 0.08373898822588766
573 1000 573 1000 1000 333 333 1000 573 1000 573 1153 1414 814|0.05 0.10634484156337498 -0.05919394628635666 -0.04289352953576131
573 1000 573 1000 1000 333 333 1000 573 1000 573 1153 1414 814|0.05 0.11984845307340786 -0.04629614144887606 -0.0264854289242189
611 923 326 651 2151 1861 496 877 676 676 360 939 1438 1959|0.05 0.04938020089288564 -0.215149782235039 0.1495691247440889
1297 533 1000 2754 3182 963 734 904 1480 482 1366 868 2898 2128|0.05 0.14540016068070205 -0.08140652267597415 0.006200746067051011
1000 533 1104 1600 3000 1600 853 1720 1720 918 1332 1414 3162 1887|0.05 0.07272044598612526 -0.08189653542015951 0.06090217877732229
1000 774 533 930 1744 930 496 581 581 641 310 822 1097 1838|0.05 0.05334227866977459 -0.18080443591531714 0.00584733499662482
1720 1282 918 1600 3000 1600 853 1720 1000 1783 533 1990 3162 3162|0.05 0.0836158519550767 0.011128143821819148 0.04564763774034697
1720 533 1783 1600 3000 1600 853 1720 1000 918 1282 1990 3162 3162|0.05 0.033454857413333094 -0.12150590084680557 0.01665276076650457
628 960 335 906 2719 2356 713 1000 513 1096 273 1022 1861 2766|0.05 0.05702532704750629 -0.14297731110269774 0.15715791296030845
1951 533 2137 4596 5303 1768 1391 1225 1951 653 1873 2444 5397 3631|0.05 0.12796969385183488 -0.0496912635589164 0.001041180009557774
6452 1875 6960 1886 471 11490 14142 1000 6452 1875 6960 5976 1374 6859|0.05 -0.005622303228750569 -0.0955311484061605 -0.03224329993630204
155 1079 291 1781 73 292 2192 1000 155 1079 291 926 1063 213|0.05 0.09971771514627692 -0.04547843589567391 -0.0975998855288418
289 1000 1443 2309 1732 1732 2309 816 289 816 1443 1190 2449 1756|0.05 0.00626207300338244 -0.03686254967106062 0.006347954716687809
354 1000 1768 2828 2121 2121 2828 1225 354 1225 1768 1275 2345 2151|0.05 0.003945734876396045 -0.03990736014975016 0.00961896726741962
3464 5000 3464 6000 6000 8000 8000 1000 2828 5000 2828 4123 6083 6633|0.05 0.17832553338201995 -0.005828702077690373 -0.006077108088791139
2828 5000 2828 6000 6000 8000 8000 1000 3464 5000 3464 3606 6083 8485|0.05 0.1268624544636654 -0.01642907253631587 -0.016211612303398404
771 771 411 742 2453 2123 566 1141 697 1053 372 669 1804 2550|0.05 0.06729324495099442 -0.18072445348967792 0.21441089648464695
1638 533 1511 3048 3522 1066 813 1107 1436 590 1107 1537 3661 2589|0.05 0.1480661960752383 -0.05740783910744618 -0.004899951817692871
403 746 755 1744 581 116 872 1000 403 746 755 1346 1419 479|0.05 0.1391010835837947 -0.006793315656989929 -0.09818814696850198
1720 3000 1720 693 693 1299 1299 200 1284 1500 1284 2441 825 1023|0.05 -0.04477311978972387 -0.03126910562136764 0.014997944252037598
289 1000 1443 2483 1853 1853 2483 1875 2165 1875 4330 1190 1477 2014|0.05 0.0617979398148516 -0.05236036313978176 0.0705500579367424
866 2000 866 856 856 1147 1147 133 462 667 462 1658 930 682|0.05 0.08997652720220461 0.002089107717662131 -0.05986111861032262
156 1000 1169 1012 540 540 1012 1340 779 1340 2337 1087 797 642|0.05 0.03892366487549648 -0.02387057915717805 -0.029261371650266543
2483 1875 1853 289 1443 4330 2165 1000 2483 1875 1853 3342 1190 3524|0.05 -0.0821381889110595 -0.13630147301248008 0.24381684259405123
1000 533 1104 566 1061 566 302 738 1116 394 1209 1414 791 1149|0.05 0.048947722041530195 -0.08823056666402707 0.045802134911610004
662 1084 353 507 951 507 270 896 896 989 478 1267 1030 709|0.05 0.15981406986503188 0.006415265457437869 0.048532371881688796
628 960 335 906 2719 1994 520 1000 628 960 335 1022 1861 2411|0.05 0.0764311503207038 -0.15506038752329254 0.15926651136551673
1593 533 1530 3175 4330 1443 828 1000 1593 533 1530 1627 3841 2964|0.05 0.11441548867962004 -0.030025785356001533 0.02713986624374165
1000 533 1104 693 1299 693 370 817 817 436 1060 1414 1090 1510|0.05 0.09160424383660049 -0.07182766229911763 0.09235133313836075
1000 1297 533 848 1590 848 452 1224 1224 1351 653 1731 1848 1334|0.05 0.0766750442234665 -0.03455587091572454 0.02635991052144515
1000 1104 533 1600 3000 1600 853 1720 1720 1332 918 1414 3162 1887|0.05 0.0749982273074834 -0.10001268417766607 0.03112025912484384
1000 533 774 930 1744 930 496 581 581 310 641 822 1097 1838|0.05 0.10268292170253712 -0.14299261252538442 0.07253899500857974
354 1000 1768 1000 187 187 1000 921 88 921 354 1275 1106 258|0.05 0.09357718358480538 -0.021741476955505767 -0.08156124130048403
2828 5000 2828 530 530 2828 2828 250 2604 1000 2604 3606 729 2828|0.05 -0.2111036166059721 -0.06077916011664408 0.00671246051108243
10416 4000 10416 2121 2121 11314 11314 4000 11314 20000 11314 10607 2915 12510|0.05 -0.22074757396123967 -0.12662265050433552 -0.043292859489312274
96 1000 384 1086 204 204 1086 1086 384 1086 1920 1018 1086 280|0.05 0.06004549075629306 -0.03737517783505173 -0.050307114806132924
176 975 330 1437 766 463 868 1355 938 1107 1760 1055 1071 542|0.05 0.03324481919731337 -0.005615872396355082 -0.02429836297847654
230 604 1225 943 696 679 770 533 122 322 653 1195 1373 734|0.05 -0.022256543277356933 -0.03365192300358699 0.0237767367803543
629 533 770 816 493 263 435 188 554 100 568 1162 976 791|0.05 0.05127139073348275 -0.09197439339069469 0.0008734135827470624
1443 1875 1179 493 816 1531 925 188 1066 352 1039 2179 577 1141|0.05 -0.08121369992530991 -0.06568152810024763 0.023393738386321417
4355 5333 2632 5543 5683 7698 6289 1875 8165 10000 4934 5203 5997 11208|0.05 0.4204475558342802 0.028271194130735644 -0.023866279829194426
338 1025 180 475 890 1473 786 1135 1804 1389 962 1082 1428 1760|0.05 0.026756070075930616 -0.30928588067784424 0.05940356624492882
4085 7500 4085 11000 11000 7500 7500 1000 4085 7500 4085 4918 11045 9959|0.05 0.5435849755697175 0.05252201980388005 -0.04512895509849346
4085 7500 4085 11000 11000 7500 7500 1000 4085 7500 4085 4918 11045 9959|0.05 0.5115015638738774 0.04213260140877306 -0.041604110552787565
245 1000 1836 1836 2693 2693 1836 1000 245 1000 1836 1204 2438 2704|0.05 -0.049194088554820325 -0.029879395738754422 0.048986394388286225
245 1000 1836 1836 2693 2693 1836 1000 245 1000 1836 1204 2438 2704|0.05 -0.03605012057960044 -0.030436600911712963 0.048840405470118586
1000 1000 1000 71 71 566 566 900 1116 200 1116 1414 951 1149|0.05 0.05507109543706479 -0.07255643372722331 0.08886780155880292
15780 8000 14142 14142 12728 2828 14142 1000 15780 8000 14142 16248 13454 16882|0.05 0.42128415292553845 0.027526388536212032 -0.0802323825188711
1972 125 1768 1768 354 1591 1768 1000 1972 125 1768 1772 1275 2110|0.05 0.14278795592414628 -0.09155813301253257 -0.057448344624513314
507 896 63 807 179 896 896 1000 507 896 63 898 1070 646|0.05 0.08148209006424434 -0.5802817335362132 -0.05727900167804778
807 1000 179 507 63 63 507 896 896 896 896 1070 1030 853|0.05 0.07558118341467246 -0.284966961960722 -0.0776511002451552
63 896 507 179 807 896 896 1000 63 896 507 1030 1070 853|0.05 -0.025750813845615284 -0.031764800012517025 0.17420171241347315
1344 1000 1972 538 2016 2016 538 732 1344 732 1972 1911 1205 2424|0.05 0.0027254409674193347 -0.11260004786026512 0.250893959467553
1836 1000 2693 734 2754 2754 734 1366 1836 1366 2693 2438 2050 3310|0.05 0.0018521118542369486 -0.0943882181845146 0.2621522491378858
744 1467 744 1500 1500 400 400 1000 545 1467 545 1421 1803 1117|0.05 0.14261240918798546 -0.002431954479377163 -0.07089418357163146
545 1467 545 1500 1500 400 400 1000 744 1467 744 1328 1803 896|0.05 0.13355946039244948 -0.014270419176447557 -0.0703870536624196
1000 1104 533 693 1299 693 370 817 817 1060 436 1414 1090 1510|0.05 0.16643881084540402 -0.021620295811951573 0.021266893575906387
1000 533 1297 848 1590 848 452 1224 1224 653 1351 1731 1848 1334|0.05 0.09945090194727335 -0.10338764990622584 0.04690135361166803
2828 1000 1414 230 1225 1225 230 604 1414 604 1149 2236 707 2345|0.05 0.016625407329078357 -0.25396023982427685 0.39942778877392726
2632 5333 4355 6158 5004 6158 12317 1000 2632 5333 4355 3079 5640 6143|0.05 0.07248125637064007 -0.017328631835643593 -0.02402403101925188
380 1655 2027 2340 1901 2340 4680 1000 380 1655 2027 1170 2334 2143|0.05 -0.0027067893579757474 -0.02190535211494815 0.0017816291094852055
427 812 427 866 866 162 162 2000 707 1000 707 998 1658 500|0.05 0.1951803395920204 -0.018134750288544277 -0.05774163447802794
354 1000 1768 1225 230 187 1000 604 221 921 1061 1275 1195 400|0.05 0.07343452042224863 -0.02885405868961799 -0.06534815615078071
2828 5000 2828 650 530 2828 3464 625 2604 3000 1709 3606 1132 2828|0.05 -0.2147323539354029 -0.07995628275189515 -0.008357134411983713
1768 1000 354 187 1000 1225 230 921 1061 604 221 1275 1000 1458|0.05 0.012938616606692488 -0.6308416037804832 0.24366771153126354
4910 5333 5333 1886 1179 5657 9428 1225 3223 6532 5333 5333 1546 3667|0.05 -0.19970621382130016 -0.08001789195079878 -0.045855898520995586
566 200 566 566 693 130 106 600 342 125 521 721 825 676|0.05 0.11980912161015045 -0.1349698518390252 0.004882838956501434
380 1655 2027 1755 366 585 2925 1523 310 1655 1655 1170 1138 480|0.05 0.09332004332856192 -0.026185084619646526 -0.07368313603566046
868 208 570 1155 943 177 217 1667 943 333 943 648 1374 943|0.05 0.10858025706473429 -0.03183858061883482 -0.04321142639964082
1755 1523 366 380 2027 1655 310 1655 2925 1655 585 1819 1977 2412|0.05 0.13401006252472758 -0.1301970848712397 0.5488957262617644
2735 4800 4167 849 1039 5543 4525 1600 4525 8000 4525 3111 1811 5407|0.05 -0.13129003489873448 -0.09024390439740237 -0.02018247740326884
240 656 1152 1086 204 249 1330 1086 384 1086 1920 1194 1086 435|0.05 0.0875392716132839 -0.031879389651190415 -0.06479636036214154
1179 125 1443 1443 289 1299 1443 1000 1179 125 1443 1519 1190 1329|0.05 0.1331815656420421 -0.07068744496245283 -0.05728327296192992
1000 1000 1000 87 87 693 693 900 817 200 817 1414 953 825|0.05 0.04703452595752333 -0.07932888512374392 0.09812096841672835
9434 8000 11547 11547 10392 2309 11547 1000 9434 8000 11547 9522 11000 10630|0.05 0.39256071084432964 0.02927850407371313 -0.07330104721211206
1102 1000 245 848 106 106 848 1224 1224 1224 1224 1127 1009 1166|0.05 0.0753153458438316 -0.29036647398213433 -0.07601001063930801
106 1224 848 245 1102 1224 1224 1000 106 1224 848 1009 1127 1166|0.05 -0.028893745690690142 -0.029904430577597507 0.18308943887082707
848 1224 106 1102 245 1224 1224 1000 848 1224 106 1288 1127 1009|0.05 0.06505781437616598 -0.6037668539145769 -0.0526233257261266
366 1523 1755 2390 2106 2265 3264 1875 3976 2856 6581 1138 2203 2580|0.05 0.13722060213244403 -0.0016709110193680043 -0.006187922086285935
1860 3750 1362 570 868 1628 1068 208 1291 2266 1200 2791 648 1014|0.05 -0.03532201983922789 -0.0320117696864608 0.008782339310093867
5761 10875 6194 4167 2735 5128 7812 4800 6536 18000 8926 6598 3111 8224|0.05 0.5563222060264827 -0.02310582027674757 0.004779027586452322
734 1366 2754 785 418 637 1195 881 153 948 1664 1646 1258 476|0.05 0.02834575519748528 -0.032484545302063905 -0.020967017335736804
161 930 1756 1261 673 442 828 1441 775 1055 2906 1139 786 502|0.05 0.027337160509934844 -0.02642801710951881 -0.019440106584851513
472 1655 718 570 530 601 821 92 251 441 383 1196 649 554|0.05 -0.017878676389880832 -0.026019452951313582 0.0005229159589514865
533 1000 533 693 693 370 370 200 436 573 436 1133 825 805|0.05 0.04646259587851587 -0.0281285332375536 -0.022802707587278315
459 1000 1316 848 1590 1590 848 1224 2295 1224 2295 1266 1848 1892|0.05 0.03384705864779791 -0.03605353147953738 0.06488961358660283
1000 1297 533 245 1836 2693 702 1000 1000 1297 533 1731 1204 2438|0.05 -0.04605325218589695 -0.2713740128963027 0.28597131136439247
4085 7500 4085 2179 2179 4085 4085 2867 5299 11000 5299 4918 2759 7071|0.05 0.0705505678742524 -0.04885048443058371 -0.0014162600527312108
1849 3837 1849 760 760 1425 1425 349 1425 2616 1425 2693 963 1237|0.05 -0.05219588581895973 -0.044450245577180025 0.006715149357530148
245 1000 1836 1000 533 533 1000 1297 702 1297 2693 1204 868 675|0.05 0.034620329155956586 -0.028122081444731384 -0.01961403166762521
541 1000 2076 771 411 411 771 771 189 771 1415 1457 1334 521|0.05 0.05137321381333937 -0.03845652919998832 -0.023268196320072043
1000 533 1297 2693 1836 245 702 1000 1000 533 1297 1731 2438 1204|0.05 0.1352505982600971 0.00402099499106523 -0.07800174844067809
330 975 176 766 1437 868 463 1355 1760 1107 938 977 1972 1016|0.05 -0.0022083763005043 -0.06391851168597418 0.03666175081291856
2632 5333 4355 5683 5543 6289 7698 1875 4934 10000 8165 3079 5551 7914|0.05 0.4182081866074383 0.028037652198298346 -0.024667772198703197
1179 1875 1443 816 493 925 1531 188 1039 352 1066 1573 976 1087|0.05 -0.0344070976203259 -0.03700041327586945 0.011806941290457562
770 533 629 493 816 435 263 188 568 100 554 839 577 1121|0.05 0.03714876735104511 -0.021127215372988006 -0.012048381199198932
380 1655 2027 1275 1123 1152 1560 533 203 882 1081 1170 1604 1125|0.05 -0.026935716747072957 -0.034829471680581925 0.027287002727263143
180 1025 338 890 475 786 1473 1135 962 1389 1804 1001 1046 939|0.05 0.07801343273749373 0.0055315331332272955 -0.0534815995896476
67 1000 67 246 246 246 246 1000 500 1000 500 1002 1030 306|0.05 0.010544009110529107 0.02558342772486455 0.002855324776043222
3691 7500 3691 15000 15000 15000 15000 1000 3691 7500 3691 4596 15033 15447|0.05 0.2914178253162869 0.007478372783022991 -0.03149824363619658
67 1000 67 246 246 246 246 1000 500 1000 500 1002 1030 306|0.05 0.023860031678790694 0.043743618750931024 -0.004975428488580569
3691 7500 3691 15000 15000 15000 15000 1000 3691 7500 3691 4596 15033 15447|0.05 0.3132721531919014 0.01748042888487733 -0.024892506601272846
271 1000 2032 4064 4064 4064 4064 1000 271 1000 2032 1245 4185 4073|0.05 -0.017433737332469557 -0.029671701974051112 0.02722329083131081
2000 1000 2000 492 492 492 492 133 2000 133 2000 2236 613 2060|0.05 -0.0003095161662858281 -0.009331712451092766 -0.002364540410868532
271 1000 2032 4064 4064 4064 4064 1000 271 1000 2032 1245 4185 4073|0.05 -0.019020433106479162 -0.027848830176020467 0.021727930931532136
2000 1000 2000 492 492 492 492 133 2000 133 2000 2236 613 2060|0.05 -0.002398004169525958 -0.011374219686151044 -0.0017528153093770982
1179 1225 1886 6960 7300 6789 6960 1875 12816 2296 14142 1546 7792 7776|0.05 0.052761345900813605 -0.007626981671220445 0.009534467093048615
146 1103 179 530 570 543 543 92 78 147 96 1011 607 608|0.05 -0.002048634915218228 -0.04012296831277795 -0.002370023471534033
3691 7500 3691 13000 13000 11250 11250 1000 4085 7500 4085 4596 13038 11840|0.05 0.422937599379698 0.034661687095565163 -0.035439754303359106
4085 7500 4085 13000 13000 11250 11250 1000 3691 7500 3691 4918 13038 13514|0.05 0.3269493960582581 0.013528023323252647 -0.041496493232058285
271 1000 2032 3048 3522 3522 3048 1107 271 1107 2032 1245 3661 3532|0.05 -0.034679899561542715 -0.025528612689359464 0.03113176169084575
245 1000 1836 2754 3182 3182 2754 904 245 904 1836 1204 2898 3192|0.05 -0.031849481516138534 -0.021180326279280903 0.03278271869819438
144 1049 269 1437 766 705 1323 1355 766 1511 1437 961 1071 766|0.05 0.030977485983412212 -0.01635569021859684 -0.01867867360644926
188 921 1000 943 696 730 1052 533 100 491 533 1106 1373 669|0.05 -0.026880668653256334 -0.03389189437643436 0.025821980296483193
1052 533 943 1000 921 491 533 188 730 100 696 1083 1106 1488|0.05 0.03913148092052898 -0.03725162816714089 -0.022016940897674475
1768 1875 1972 921 1000 1875 1726 187 1305 352 1369 2031 1000 1398|0.05 -0.07910969685736569 -0.06767518818052598 0.022847165342108067
5333 5333 4910 7300 6960 9428 10520 1875 10000 10000 9207 5897 6692 13728|0.05 0.4246770039456904 0.029812819897394593 -0.02542625304643331
257 953 137 673 1261 1370 731 1441 1370 1291 731 917 2038 1515|0.05 0.014215899184042424 -0.05866307225242173 0.05866829726567824
269 927 144 766 1437 1323 705 1355 1437 1000 766 859 1972 1437|0.05 0.03261888810109692 -0.17635697587400023 0.0477888970771545
4910 5333 5333 6960 6452 6960 9428 1875 9207 10000 10000 5333 5976 10072|0.05 0.41983255958985444 0.01996358833501466 -0.026891242544389016
1305 1875 1768 1000 921 1726 1875 187 1210 352 1305 1398 1106 1667|0.05 -0.09703143515237267 -0.08144708997929517 0.022656904011932877
943 533 696 921 1000 533 491 188 696 100 645 745 1000 1373|0.05 0.0458133983566289 -0.0814609653505971 0.0016267651477241962
204 1086 1086 756 701 756 1024 533 109 579 579 1086 1094 649|0.05 -0.027602074991182057 -0.032802374683992275 0.026633219995086943
155 1079 291 1427 761 827 1550 1079 827 1461 1550 926 1378 914|0.05 0.024716604537857734 -0.026400583872483452 -0.014298314042184845
144 927 269 1437 766 705 1323 1355 766 1000 1437 1095 1071 766|0.05 0.056490681967480416 0.005239326389727683 -0.03879996165689015
188 921 1000 943 696 645 696 533 100 491 533 1106 1373 762|0.05 -0.026241814576798417 -0.035557844350113665 0.02734789907219426
696 533 943 1000 921 491 533 188 645 100 696 1373 1106 1007|0.05 0.019871691442976402 -0.024118520028032497 0.001909193224876038
1768 1875 1305 921 1000 1875 1726 187 1305 352 1210 2574 1000 1398|0.05 -0.059150911418245355 -0.05602896329554907 0.014032267060335446
5333 5333 4910 6452 6960 9428 6960 1875 10000 10000 9207 5897 7623 13728|0.05 0.4478098720534329 0.027769149555947337 -0.029171176527895692
291 1079 155 761 1427 1550 827 1079 1550 1461 827 1182 1561 1714|0.05 0.09165447925653103 -0.007323338055416073 0.1119662819492162
1314 1875 1417 384 96 2340 2880 1000 1314 1875 1417 1811 1018 1397|0.05 -0.019228977342045095 -0.10462811428015306 -0.038031388701094127
761 1079 1427 1781 73 292 2192 1000 761 1079 1427 1378 1063 775|0.05 0.10673295715048159 -0.03156154460013383 -0.10702735891211734
230 604 1225 2828 1414 1282 2121 1000 187 921 1000 1195 2236 1427|0.05 0.033446873891016526 -0.03376980973529564 -0.020635948594401876
2828 1000 1414 230 1225 1000 187 604 2121 921 1282 2236 707 3000|0.05 0.021954187385895274 -0.2539859010784673 0.3530771683131695
2632 5333 4355 6158 5581 9238 12317 816 4009 4355 4355 3079 6212 9033|0.05 0.10054236646095616 -0.011431604517749827 -0.0033046673419367956
204 1086 1086 2304 1392 1536 3072 656 249 1086 1330 1086 2253 1549|0.05 0.01630421626832579 -0.026359581722618097 -0.01202642649956065
285 604 434 471 577 108 88 1333 471 667 471 978 1414 333|0.05 0.14682402140328232 -0.05658507761047482 -0.05434962125888787
5333 5333 4910 6835 7542 15085 11314 1225 5333 6532 3223 5897 7608 11926|0.05 0.05209872173388863 -0.03041961463594367 0.02802439628053044
354 1000 1768 5303 4596 4596 5303 1225 354 1225 1768 1275 4704 4610|0.05 -0.028173937915840774 -0.03761322182103455 0.026655287947956463
289 1000 1443 4330 3753 3753 4330 816 289 816 1443 1190 4406 3764|0.05 0.007992323077299357 -0.03708652972606585 0.015665882181397084
2828 5000 2828 13000 13000 15000 15000 1000 3464 5000 3464 3606 13038 15264|0.05 0.107951439146321 -0.01895381147291819 -0.022336645410506728
3464 5000 3464 13000 13000 15000 15000 1000 2828 5000 2828 4123 13038 13304|0.05 0.19582722065003555 0.0030400298128308023 -0.01375170021225336
1000 1104 533 566 1061 566 302 1116 738 1209 394 1414 1458 1456|0.05 0.1447333496256875 -0.0047641368412054685 0.06433230593971384
1511 533 1638 766 1437 766 409 1355 1355 722 1495 1916 1972 1975|0.05 0.1132771701995905 -0.04817266461723202 0.10346909133689852
1681 1596 994 364 1681 1681 364 1426 1681 1892 994 2542 1712 2377|0.05 0.05493782057351737 -0.1809406954966053 0.39768798069350186
3915 4615 2746 2731 2731 4615 4615 1000 5196 4615 4383 4701 2908 7517|0.05 0.04831338629285309 -0.03594022009767328 -0.006891046165593551
4383 4615 5196 2731 2731 4615 4615 1000 2746 4615 3915 4655 2908 1798|0.05 0.03891096406374306 -0.02893370673849982 0.004911434498222622
888 753 526 192 888 888 192 844 888 528 526 639 896 1256|0.05 0.04365740322759937 -0.18553924107661213 0.40755032204176533
364 1426 1681 1681 994 994 1681 1596 364 1892 1681 1152 655 1059|0.05 0.03228265174436418 -0.03277630371778972 -0.01331930241980639
950 592 595 1000 1000 217 217 1000 1126 592 848 390 1414 1009|0.05 0.12415589928469029 -0.012067664617712026 -0.04593837563098835
192 844 888 888 526 526 888 753 192 528 888 1118 1447 560|0.05 0.031348363821641634 -0.038014273585877945 -0.009820195981677937
848 592 1126 1000 1000 217 217 1000 595 592 950 1629 1414 1018|0.05 0.12490617092335565 -0.04218868965040312 -0.044826132864392854
289 1000 1443 4330 3175 3175 4330 1000 289 1000 1443 1190 3841 3189|0.05 0.010625617781705454 -0.03663435823558103 0.005522606249703799
289 1000 1443 4330 3175 3175 4330 1000 289 1000 1443 1190 3841 3189|0.05 0.024069093979541822 -0.03716615196246553 -0.0008711700134811373
3464 5000 3464 11000 11000 15000 15000 1000 3464 5000 3464 4123 11045 13304|0.05 0.16275631770965582 -0.008796587845087966 -0.00396595287856738
3464 5000 3464 11000 11000 15000 15000 1000 3464 5000 3464 4123 11045 13304|0.05 0.11554200970830264 -0.014477792304543602 -0.003985943753395116
354 500 354 354 354 66 66 1000 326 500 326 791 1061 391|0.05 0.14078006709245638 -0.0579072712654527 -0.043191837007588996
187 921 1000 2828 1414 1414 2828 1000 187 921 1000 1106 2236 1427|0.05 0.03492393341875788 -0.029898309215986574 -0.023771267713408317
2828 1000 1414 187 1000 1000 187 921 2828 921 1414 2236 1000 3000|0.05 0.056564456505037164 -0.1999439096903366 0.5025480178021713
4910 5333 5333 7542 7542 15085 15085 1000 4910 5333 5333 5333 7608 11743|0.05 0.045376384958335514 -0.030134979832633357 0.012399160095657447
204 1086 1086 3072 1536 1536 3072 1000 204 1086 1086 1086 2391 1549|0.05 0.04062313196496081 -0.03225793213858519 -0.024676767599461913
326 500 326 354 354 66 66 1000 354 500 354 778 1061 354|0.05 0.16164167291686793 -0.03613863037440934 -0.031606517027363834
5333 5333 4910 7542 7542 15085 15085 1000 5333 5333 4910 5897 7608 11926|0.05 0.026298845564698414 -0.03506602806139347 0.019849709381583036
3072 1000 1536 204 1086 1086 204 1086 3072 1086 1536 2391 1201 3258|0.05 0.05091581725458427 -0.2630992394265774 0.39927824527362654
918 1000 918 1600 1600 533 533 1000 918 1000 918 1357 1887 1302|0.05 0.16399299098375675 0.034744253916405565 -0.03830590451264437
918 1000 918 1600 1600 533 533 1000 918 1000 918 1357 1887 1302|0.05 0.12073150108510289 0.01374832889814881 -0.04366271612575412
1090 1000 1090 581 1744 1744 581 1000 1090 1000 1090 1479 1419 2056|0.05 0.05666922844644651 -0.10449329648849703 0.20649304868068485
1090 1000 1090 581 1744 1744 581 1000 1090 1000 1090 1479 1419 2056|0.05 0.010250232558679517 -0.08202432777414503 0.14260757494379606
513 1096 273 906 2719 2356 713 1000 628 960 335 1253 1861 2411|0.05 -0.00106528865292832 -0.2677394141541145 0.06098535754998302
1593 533 1530 3753 4330 1443 1135 816 1593 435 1745 1627 3841 2964|0.05 0.10513119513223312 -0.01585918881723214 -0.009419163163072453
87 817 693 1000 1000 817 817 1000 693 817 1299 1052 1414 825|0.05 0.014391607601380585 -0.004328095425391032 -2.758940639724372e-05
1179 1875 1443 1443 1179 1179 1443 125 1179 1000 1443 1573 1519 2041|0.05 -0.01312633843751243 -0.020066905804972945 0.000218760080188396
1443 1875 1179 1179 1443 1443 1179 125 1443 1000 1179 2179 1190 2041|0.05 -0.020415777251622247 -0.02349892728260139 0.0043631083684170235
106 1224 848 1000 1000 1224 1224 1000 848 1224 1590 1009 1731 1288|0.05 0.014566127984809718 -0.004843290229965547 0.002271069234778267
245 1000 1102 1000 1000 1000 1000 1000 1836 1000 2693 1127 1002 1204|0.05 0.07357295129428731 0.016814401907352394 -0.02280113216680757
908 2444 908 908 908 908 908 222 908 1667 908 1808 1023 909|0.05 0.0734552149029799 -0.0022187189724720557 -0.03161414631790316
245 1000 1836 1000 1000 1000 1000 1000 1102 1000 2693 1204 1002 1127|0.05 0.005496350977909348 -0.032677547529760265 0.0036501336781480376
545 1467 545 545 545 545 545 133 545 600 545 1328 656 546|0.05 0.007696485800454678 -0.007737253294459734 -0.008089561923874111
1000 1104 533 566 1061 566 302 738 1116 956 595 1414 791 1149|0.05 0.07266031312388899 -0.06253818203334593 0.02842256210344729
662 533 857 507 951 507 270 896 896 478 989 1267 1030 709|0.05 0.07261027229125583 -0.08897405535961189 0.05632717421402811
533 1000 533 566 566 302 302 200 595 573 595 1133 721 613|0.05 0.038606889372736486 -0.02760228544189114 -0.03291034064388354
336 1000 963 507 951 951 507 896 1680 896 1680 1151 1030 1212|0.05 -0.015445626004533253 -0.0373020118768741 0.026649399241556182
513 866 273 906 2719 1994 520 1000 513 866 273 778 1861 2384|0.05 0.0716123411198244 -0.19955423721990773 0.14063606885468705
1951 533 1690 3889 5303 1768 1014 1000 1951 533 1690 1518 4650 3631|0.05 0.1474972106923511 -0.09482795068718075 0.02625246955350491
1000 533 1104 566 1061 566 302 1116 738 595 956 1414 1458 1456|0.05 0.0429110214629258 -0.10045833986807473 0.01480738752488886
1511 1295 806 766 1437 766 409 1355 1355 1495 722 1916 1972 1975|0.05 0.12305882127544132 -0.04104353305735664 0.05255155097148245
1511 1295 806 271 2032 2980 777 1000 1511 1295 806 1916 1245 2888|0.05 0.013878590278568748 -0.2222008608949566 0.6423447573040852
3691 7500 3691 2975 2975 5579 5579 2867 4781 11000 4781 4596 3423 7071|0.05 0.3264966303788053 -0.019498191525642028 0.005607473203326219
1668 3837 1668 1038 1038 1946 1946 349 1288 2616 1288 2573 1194 1547|0.05 -0.00973997875679311 -0.03188843364806626 0.0023123134307390103
271 1000 2032 1511 806 806 1511 1295 777 1295 2980 1245 1202 927|0.05 0.02530197592660821 -0.027563875537230942 -0.018785890515962134
600 1000 2301 1167 622 622 1167 772 209 772 1569 1543 1479 716|0.05 0.02385339227615857 -0.03564038269241121 -0.01634244622209069
662 533 857 1972 1344 179 514 1000 662 533 857 1267 1911 824|0.05 0.14394135454813162 -0.04694821198068633 -0.06938883002957308
10440 8000 14142 14142 13435 8485 14142 1225 11554 9798 14142 10198 13472 13454|0.05 0.4409056418355273 0.031408947634687934 -0.060595338534685794
71 738 566 1000 1000 950 600 1000 87 817 693 1051 1414 953|0.05 -0.033123332472878575 -0.030845035433254564 0.031837655354061134
106 1224 848 734 1163 1224 1224 904 87 1224 692 1009 1164 1166|0.05 -0.026937952124698183 -0.030117877174870022 0.06305803174853741
11547 8000 9434 10970 11547 11547 6928 816 11547 6532 8524 12152 11000 16330|0.05 0.47992541694687363 0.03323533900114084 -0.02072980309801964
9434 8000 11547 11547 10970 6928 11547 816 8524 6532 11547 9522 11576 13892|0.05 0.4369441309306654 0.033318158920971896 -0.05597526073824577
87 817 693 1000 1000 950 600 1000 71 738 566 1052 1414 1002|0.05 -0.03125592855938719 -0.032417118859617844 0.03362548683050859
96 1355 766 813 1287 1355 1355 1107 117 1355 938 977 1630 1358|0.05 -0.0316871058747481 -0.026633120818239098 0.056958851558392976
14142 8000 10440 13435 14142 14142 8485 1225 14142 9798 11554 14866 14177 20000|0.05 0.462140815490244 0.029754897932527946 -0.02333387689254951
71 1116 566 1000 1000 738 738 1000 566 1116 1061 1002 1414 721|0.05 0.02971138846435295 -0.003949563318862426 -0.005730355733186698
1305 1875 1768 1768 1972 1972 1768 125 1305 1000 1768 1398 1772 2500|0.05 -0.01306178946501202 -0.021807421511669256 -0.0023943075062304864
1768 1875 1972 1305 1768 1768 1305 125 1768 1000 1972 2031 1275 2500|0.05 -0.013996666354303411 -0.020008257979675648 0.00021813970118023107
96 1355 766 1511 1511 1355 1355 1000 766 1355 1437 977 1916 1358|0.05 0.016396139365397744 -0.0016435444961837575 -0.0006197910998595457
1972 1875 1768 1768 1305 1305 1768 125 1972 1000 1768 2577 1858 2500|0.05 -0.019672577441176564 -0.023419393301403746 0.0022406444495182143
71 738 566 1000 1000 1116 1116 1000 566 738 1061 1051 1414 1149|0.05 0.030275652343199067 -0.0009170676437020298 -0.0041896622402004535
1768 1875 1305 1972 1768 1768 1972 125 1768 1000 1305 2574 2031 2500|0.05 -0.021823649188847938 -0.02180697023201228 0.0024907486107728083
63 896 507 662 662 896 896 1000 507 896 951 1030 1267 942|0.05 0.020143888749601935 -0.002559970060775907 -0.0014310539021000768
662 1000 662 851 2330 2016 538 732 732 732 732 1127 1501 2122|0.05 0.03888432272072695 -0.14514275919222053 0.14872400922252726
1000 1000 1000 2754 3182 1163 734 904 1366 904 1366 1002 2898 2050|0.05 0.13184464187051326 -0.03614485641147969 -0.02986911688110938
1000 1000 1000 1163 3182 2754 734 1366 904 1366 904 1002 2462 3308|0.05 0.04528182545223025 -0.13358040547206462 0.16678587526331556
1511 1000 1511 3048 3522 1287 813 1107 1107 1107 1107 1703 3661 2725|0.05 0.10580155110712974 -0.01647484327796267 -0.031620655194045666
755 746 403 930 1744 872 465 581 755 475 403 595 1097 1446|0.05 0.14069846886134663 -0.010305337233401657 0.08531218220966252
770 533 629 1155 2309 1232 616 1000 1324 533 988 839 1915 1452|0.05 0.032065703845325366 -0.06864517437035755 0.026653889294903088
616 867 329 581 1744 1308 349 1000 755 746 403 819 1419 1446|0.05 0.048361580275870786 -0.1533109837985469 0.13772986306924473
1324 533 988 1732 2309 770 462 816 1324 435 1148 788 1915 1879|0.05 0.13149472906917037 -0.0802722871358641 0.021280404723154067
1061 1116 566 1600 3000 1500 800 1720 1061 1492 566 1458 3162 2372|0.05 0.13223706104198207 -0.004736132408328375 0.04084925659404659
1622 533 1406 1414 2828 1508 754 1000 943 533 1052 1328 2236 2981|0.05 0.05582137885330685 -0.07814393574965384 0.05802102910373197
1836 1571 979 734 2754 2754 734 1366 1836 1826 979 2438 2050 3310|0.05 0.04857938781511528 -0.19422119999327636 0.34970530554661705
1006 748 536 402 1508 1508 402 860 1006 548 536 772 1119 1813|0.05 0.04833645264787467 -0.1818467872759355 0.28544643829579996
856 533 545 1500 1500 400 400 1000 994 533 744 576 1803 1113|0.05 0.11091513221610505 0.013707976051700044 -0.04113497840887326
744 533 994 1500 1500 400 400 1000 545 533 856 1421 1803 1117|0.05 0.11117032688069628 -0.06864065652180784 -0.03912687511250179
289 1000 1443 2309 1155 1155 2309 1000 289 1000 1443 1190 1915 1190|0.05 0.029256466309488527 -0.03582232779424377 -0.01864250651963162
433 500 433 625 625 125 125 1000 433 500 433 829 1179 515|0.05 0.10439133491609187 -0.03287252620559511 -0.050781175271125134
433 500 433 625 625 125 125 1000 433 500 433 829 1179 515|0.05 0.1399739201049388 -0.0671536945669371 -0.034364164580275025
289 1000 1443 2309 1155 1155 2309 1000 289 1000 1443 1190 1915 1190|0.05 0.046523077440201455 -0.03337405802037785 -0.024291442064425794
2309 1000 1155 289 1443 1443 289 1000 2309 1000 1155 1915 1190 2723|0.05 0.042789737553623475 -0.27212869666780604 0.34901215855376533
3464 5000 3464 4000 4000 8000 8000 1000 3464 5000 3464 4123 4123 6633|0.05 0.005367944471812436 -0.037746718696558546 0.013165498738654247
2309 1000 1155 289 1443 1443 289 1000 2309 1000 1155 1915 1190 2723|0.05 0.03246247628328813 -0.17918416139483306 0.38979702129521954
3464 5000 3464 4000 4000 8000 8000 1000 3464 5000 3464 4123 4123 6633|0.05 0.03365803396173206 -0.035845752361607364 0.008513140062731406
281 1000 1403 1549 1043 1043 1549 1875 2105 1875 4210 1181 1211 1296|0.05 0.09390330335531605 -0.029460728896933963 0.04061661464828559
1104 3000 1104 713 713 1336 1336 200 743 1500 743 2054 841 863|0.05 -0.06684246518402492 -0.05501169852241805 0.0050671389754097795
1549 1875 1043 281 1403 4210 2105 1000 1549 1875 1043 2402 1181 2882|0.05 -0.02199327577990906 -0.10011204847237609 0.3512041609738925
269 1000 2018 1797 959 959 1797 1484 1345 1484 4035 1242 1161 1132|0.05 0.06159878034944333 -0.028926401251164746 -0.02494604172720072
891 2000 891 496 496 736 736 133 475 667 475 1671 616 575|0.05 -0.00944834868952027 -0.05056776710020583 -0.013582727186758348
646 674 1211 2719 906 181 1359 1000 646 674 1211 1551 1861 762|0.05 0.10738599830954598 -0.041039437179267724 -0.07069154862807125
1299 817 693 1600 3000 1500 800 1720 1299 1284 693 1090 3162 2487|0.05 0.11109059157712098 0.048734584116523205 0.04545188877941975
1324 533 988 1155 2309 1232 616 1000 770 533 629 788 1915 2434|0.05 0.06669750388679674 -0.16200001399054198 0.05092901654206061
329 920 616 1744 581 116 872 1000 329 920 616 1174 1419 419|0.05 0.10416677993684731 -0.02397767140003615 -0.07921212843391756
1720 3000 1720 566 566 1061 1061 200 1583 1500 1583 2441 721 1608|0.05 -0.06484742058992632 -0.04217363357446158 0.013450311222145128
354 1000 1768 3041 2798 2798 3041 1875 2652 1875 5303 1275 2842 2961|0.05 0.061537205226556146 -0.02079280150402929 -0.007167098865497046
707 2000 707 1055 1055 1147 1147 133 377 667 377 1581 1117 1072|0.05 -0.015568080179909627 -0.05545622251881932 -0.02560936217559595
126 1000 948 670 357 357 670 1087 632 1087 1895 1058 1016 456|0.05 0.053474308944556626 -0.02543570323937483 -0.022443568213064147
3041 1875 2798 354 1768 5303 2652 1000 3041 1875 2798 3571 1275 4316|0.05 0.01166036216333266 -0.09903005440841994 0.3631019226854848
616 867 329 930 1744 872 465 581 616 649 329 819 1097 1379|0.05 0.0770038783342386 -0.15086048004918085 -0.0006509594506198813
943 533 1052 1414 2828 1508 754 1000 1622 533 1406 1374 2236 1779|0.05 0.05947983022660752 -0.15597312876315939 0.08068966547182921
755 746 403 581 1744 1308 349 1000 616 867 329 595 1419 1849|0.05 0.1121046035152351 -0.10693392380179856 0.2561771030568205
1622 533 1406 2121 2828 943 566 1225 1622 653 1210 1328 3000 2302|0.05 0.1115838916682077 -0.08201849614037693 0.011290864563202607
1344 1337 717 538 2016 2016 538 732 1344 1150 717 1911 1205 2424|0.05 0.012074906238215277 -0.21881864508939697 0.1640219594438741
1169 637 623 467 1753 1753 467 1162 1169 869 623 674 1516 2107|0.05 0.07149816336716519 -0.20134076724974914 0.2686687332621762
994 533 744 1500 1500 400 400 1000 856 533 545 767 1803 1297|0.05 0.08218985435412662 -0.005226335261430126 -0.039202198700474256
545 533 856 1500 1500 400 400 1000 744 533 994 1328 1803 896|0.05 0.12689485053033245 -0.06435930701599868 -0.05207101420919402
354 1000 1768 1225 230 230 1225 604 88 604 354 1275 1195 290|0.05 0.07480876431223304 -0.01797739924239483 -0.07206505221722947
2828 5000 2828 650 650 3464 3464 250 1709 1000 1709 3606 820 2000|0.05 -0.21072509451824817 -0.060732373212224466 0.007069163986739291
6837 4000 6837 2598 2598 13856 13856 4000 11314 20000 11314 7124 3279 13519|0.05 0.014320087268582249 -0.10146700503876227 0.0038821534046085127
146 1000 585 2027 380 380 2027 1655 585 1655 2925 1042 1170 480|0.05 0.06137419260224375 -0.03711907354559618 -0.05078045426710642
5543 1875 5683 1540 385 9382 11547 1000 5543 1875 5683 5551 1262 5860|0.05 -0.009098172022156126 -0.10452875732519074 -0.05408415790019383
180 1025 338 1692 69 278 2083 1000 180 1025 338 1001 1057 228|0.05 0.09461891029754144 -0.03546944423941767 -0.09751595197175278
2106 1875 2390 585 146 3565 4388 1000 2106 1875 2390 2203 1042 2227|0.05 -0.03850761661849722 -0.11648285044415618 -0.05477171091438304
475 1135 890 1692 69 278 2083 1000 475 1135 890 1046 1057 495|0.05 0.1051917411714598 -0.04180557864397527 -0.09803385542595966
2828 1000 1414 187 1000 1000 187 921 1414 921 1149 2236 1000 2236|0.05 0.05459455515714362 -0.2273622674119391 0.5562119908114171
4910 5333 5333 7542 6128 7542 15085 1000 4910 5333 5333 5333 6872 8386|0.05 0.02719951909618601 -0.029281635509417203 -0.029518515514135313
204 1086 1086 1536 1248 1536 3072 1000 204 1086 1086 1086 1708 1399|0.05 0.026926032655343324 -0.030827428351444253 -0.00843233175347402
651 812 651 707 707 133 133 2000 707 1000 707 1112 1581 707|0.05 0.17946247575727714 -0.011422115410186784 -0.06356301730435776
269 1049 144 766 1437 1323 705 1355 1437 1511 766 1119 1972 1437|0.05 0.07933467671361161 -0.19507099693535257 0.061169585963076756
4910 5333 5333 6960 7300 10520 9428 1875 9207 10000 10000 5333 7792 14881|0.05 0.42678671252995404 0.021393960402065204 -0.026375092866539607
1972 1875 1768 1000 921 1726 1875 187 1369 352 1305 2577 1106 1076|0.05 -0.04731012891424746 -0.04558562330333804 0.015461431908032619
943 533 1052 921 1000 533 491 188 696 100 730 1374 1000 1373|0.05 0.04372085074705323 -0.07354725211834112 -0.0009641387538961155
204 1086 1086 1143 793 756 1024 533 109 579 579 1086 1616 846|0.05 -0.02226333751108811 -0.034841729587308246 0.026981653037994047
137 953 257 1261 673 731 1370 1441 731 1291 1370 1067 786 808|0.05 0.03562055558635313 -0.017979898405346972 -0.021513836167550426
354 1000 1768 1000 187 230 1225 921 221 604 1061 1275 1106 290|0.05 0.08888883007745152 -0.021621198207870673 -0.0726790675845912
2828 5000 2828 530 650 3464 2828 625 1709 3000 2604 3606 820 2000|0.05 -0.2502626150607601 -0.08877991760327553 -0.03523876600484477
1768 1000 354 230 1225 1000 187 604 1061 921 221 1275 707 2031|0.05 0.003704992293287468 -0.5715942237588201 0.24526661640663638
2632 5333 4355 1540 962 4619 7698 816 4009 4355 4355 3079 1743 4788|0.05 -0.19724906581059853 -0.07885450174331954 -0.05148552192330902
566 200 566 693 566 106 130 600 521 125 342 721 1149 625|0.05 0.11706046045495411 -0.13679686898569132 0.002479916052524622
204 1086 1086 1152 240 384 1920 656 249 1086 1330 1086 1194 435|0.05 0.0821770089406515 -0.027879335846299202 -0.072207283407002
570 208 868 943 1155 217 177 1667 943 333 943 1037 1915 667|0.05 0.12186863303305984 -0.002478946689471462 -0.04589080996965644
1152 656 240 204 1086 1330 249 1086 1920 1086 384 747 1201 2206|0.05 0.135162298924012 -0.10265628386588288 0.5623739307396214
4167 4800 2735 1039 849 4525 5543 1600 4525 8000 4525 4976 1311 5004|0.05 -0.24005435901228833 -0.10296327421545737 -0.037102701973393826
366 1523 1755 2027 380 310 1655 1655 585 1655 2925 1138 1170 480|0.05 0.08737721588926162 -0.03119312091222959 -0.06733768044315802
962 816 1540 5683 5543 5961 5683 1875 10464 1531 11547 1743 5551 6789|0.05 0.08173579072637605 -0.02052064172786805 0.020757180981154644
179 1103 146 570 530 543 543 92 96 147 78 1113 649 530|0.05 0.02504785382627217 -0.024630955240075858 -0.02862629833404795
240 656 1152 2142 1487 1383 1569 1875 2610 1231 4320 1194 1169 1584|0.05 0.07887239566864546 -0.020640384773600307 0.020530580239135343
1362 3750 1860 868 570 1068 1628 208 1200 2266 1291 2241 1037 1255|0.05 -0.02298511094959821 -0.02803629624184678 0.0066531903431754635
6194 10875 5761 2735 4167 7812 5128 4800 8926 18000 6536 7055 4976 12627|0.05 0.3233194385444804 -0.04036229351233711 0.008320560890837658
538 732 2016 875 467 306 574 694 112 645 1218 1501 1415 557|0.05 0.03548926041547107 -0.034583834810431036 -0.022460890556436075
174 1075 1888 890 475 723 1356 1135 833 1549 3125 1145 1046 864|0.05 0.030593758428703044 -0.025581550851930812 -0.019883558641785593
718 1655 472 530 570 821 601 92 383 441 251 1618 607 448|0.05 -0.015002812785503972 -0.04601963926260888 -0.0069910489619007254
187 921 1000 2828 1414 1282 2121 1000 230 604 1225 1106 2236 1295|0.05 0.03473601114826419 -0.03518790789833082 -0.020538417458562108
2828 1000 1414 187 1000 1225 230 921 2121 604 1282 2236 1000 2345|0.05 0.04887144307029079 -0.23779425543005273 0.5181069952654793
4910 5333 5333 7542 6835 11314 15085 1225 3223 6532 5333 5333 6908 8172|0.05 0.1341805225203685 -0.014090950330049035 -0.016831556858931673
380 1655 2027 3510 2121 2340 4680 1523 310 1655 1655 1170 2535 2143|0.05 0.018897180912726963 -0.02716284926573498 -0.01574766596139976
434 604 285 577 471 88 108 1333 471 667 471 722 1106 471|0.05 0.14344554938892307 -0.062425813847784006 -0.05689156731600198
4355 5333 2632 5581 6158 12317 9238 816 4355 4355 4009 5203 5640 9737|0.05 0.03506366714655984 -0.03515102853170138 0.02874909066754583
1000 1000 1000 906 2719 2719 906 1000 1000 1000 1000 1282 1861 2897|0.05 0.010149260612026811 -0.12505616595461344 0.10281915397895913
1000 1000 1000 906 2719 2719 906 1000 1000 1000 1000 1535 1861 2897|0.05 -0.028081991421616825 -0.1155205040540963 0.06860814663395276
1000 1000 1000 2719 2719 906 906 1000 1000 1000 1000 1535 2897 1861|0.05 0.135512525875916 -0.02927771015124203 -0.06362321762588108
1000 1000 1000 2719 2719 906 906 1000 1000 1000 1000 1282 2897 1861|0.05 0.16132620220054905 0.011296431865990275 -0.06162970953677571
2719 1000 2719 906 2719 2719 906 1000 2719 1000 2719 2897 1861 3845|0.05 0.003670054469462336 -0.12060074956817268 0.21277322613121097
2719 1000 2719 906 2719 2719 906 1000 2719 1000 2719 2897 1861 3845|0.05 -0.0014279367555758427 -0.12537961482776971 0.1595526493450783
368 1000 368 1000 1000 333 333 1000 368 1000 368 1066 1414 685|0.05 0.15613658276143694 -0.013065685138566874 -0.062296842147149256
368 1000 368 1000 1000 333 333 1000 368 1000 368 1066 1414 685|0.05 0.08963219759912988 0.04274540015356543 -0.04881580228298765
254 1007 135 766 1437 1810 965 1355 1355 1495 722 1032 1972 1975|0.05 0.07410289298441786 -0.08980420575565029 0.0759728757994882
7126 5333 5657 7382 7434 11035 10000 1875 13361 10000 10607 7775 7617 17117|0.05 0.4472674438113744 0.03045934181387544 -0.027203103839827936
2069 1875 1875 1061 1336 2505 1989 188 1394 352 1384 2652 1077 1618|0.05 -0.011237455968051702 -0.01815833960659763 0.005785942465226235
1000 533 1104 1336 1061 566 713 188 738 100 743 1414 1458 1456|0.05 0.034481533934100916 -0.031991361453991285 -0.01418205481939494
140 794 748 826 556 553 748 533 75 423 399 1091 1281 570|0.05 -0.022389541113028155 -0.035342658952310924 0.026412518825671416
135 993 252 1797 959 761 1427 1484 717 1345 1345 1025 1161 773|0.05 0.03280804912420665 -0.02567383756500785 -0.0212749961247527
354 1000 1768 943 177 177 943 1260 354 1260 1768 1275 1016 395|0.05 0.07439754642979413 -0.0258837400957157 -0.06481794396746454
1336 188 1061 1875 1875 375 375 1000 1336 188 1061 1077 2125 1577|0.05 0.1484535567439571 -0.09248416904285905 -0.018539813720713783
2828 5000 2828 500 500 2667 2667 1000 3563 5000 3563 3606 1118 3887|0.05 -0.17699457195596846 -0.08127212054059973 0.022667314708990638
943 1260 177 354 1768 1768 354 1000 943 1260 177 1374 1275 2003|0.05 0.0658907378228979 -0.3941889553506861 0.4271885261955988
1768 1000 354 177 943 943 177 1260 1768 1260 354 1275 1374 2003|0.05 0.0979131085679752 -0.38871957562687687 0.5001906615504192
7126 5333 5657 2000 2000 10000 10000 1000 7126 5333 5657 7775 2236 8413|0.05 -0.2165798825987597 -0.08518252801695825 -0.004534163753285858
566 200 566 533 533 100 100 1000 713 200 713 721 1133 574|0.05 0.14229477878622276 -0.08721786650048746 -0.019381458676509533
177 1260 943 1768 354 354 1768 1000 177 1260 943 1016 1275 395|0.05 0.08541135869083893 -0.028460942073497142 -0.06728781804280048
140 794 748 1403 281 281 1403 1000 140 794 748 1091 1181 314|0.05 0.08270829629180909 -0.027151092024454426 -0.06588167179258253
713 200 713 533 533 100 100 1000 566 200 566 841 1133 777|0.05 0.11890194413571864 -0.03813849756150067 -0.023110727323182312
5657 5333 7126 2000 2000 10000 10000 1000 5657 5333 7126 5745 2236 7211|0.05 -0.25221764764989385 -0.09084872542845956 -0.01769353312321642
1403 1000 281 140 748 748 140 794 1403 794 281 1181 806 1590|0.05 0.08019411857572267 -0.3933988474099226 0.4455001082797483
3563 5000 3563 500 500 2667 2667 1000 2828 5000 2828 4206 1118 2872|0.05 -0.24511711917929668 -0.09466293099547607 -0.03233595864190364
748 794 140 281 1403 1403 281 1000 748 794 140 806 1181 1590|0.05 0.11149915705210622 -0.2867844122474783 0.4696429379879641
1061 188 1336 1875 1875 375 375 1000 1061 188 1336 1458 2125 1352|0.05 0.11607645436606306 -0.09015957749422876 -0.020984781663282437
281 1000 1403 748 140 140 748 794 281 794 1403 1181 1091 314|0.05 0.08260492515632212 -0.027500856179456523 -0.06960420436799009
135 1007 254 1437 766 965 1810 1355 722 1495 1355 1009 1071 1053|0.05 0.027960727440208277 -0.030581925627978235 -0.01913198786923198
177 1260 943 943 696 701 1040 533 94 672 503 1016 1373 702|0.05 -0.026061346115389128 -0.03566192751371711 0.02947862101671861
1104 533 1000 1061 1336 713 566 188 743 100 738 1133 1077 1712|0.05 0.016377257100561593 -0.019958981738891213 -0.00667646821888912
1875 1875 2069 1336 1061 1989 2505 188 1384 352 1394 2125 1458 1482|0.05 -0.09263518749990429 -0.07011390276857599 0.03320298418232337
5657 5333 7126 7434 7382 10000 11035 1875 10607 10000 13361 5745 7450 14560|0.05 0.42802217482254434 0.02373423751246273 -0.028276183906864594
252 993 135 959 1797 1427 761 1484 1345 1345 717 1002 2303 1449|0.05 0.10946896958052177 -0.10802175996083907 0.06096326170067279
354 500 354 333 333 62 62 1000 445 500 445 791 1054 359|0.05 0.12812438058101172 -0.06833405307580143 -0.05058944248154784
177 1260 943 2828 1414 1414 2828 1000 177 1260 943 1016 2236 1425|0.05 0.03318044713545243 -0.031734432647787525 -0.022039172413633734
2828 1000 1414 177 943 943 177 1260 2828 1260 1414 2236 1374 2981|0.05 0.06177175531390633 -0.18555426181119383 0.5346449231316486
7126 5333 5657 8000 8000 16000 16000 1000 7126 5333 5657 7775 8062 13371|0.05 0.021312522150622737 -0.031611584451239905 0.02030179406217636
140 794 748 2245 1123 1123 2245 1000 140 794 748 1091 1876 1131|0.05 0.03570652149093689 -0.03336545469354357 -0.027860341226975116
445 500 445 333 333 62 62 1000 354 500 354 836 1054 486|0.05 0.14586621810481537 -0.057401096947102825 -0.043189777631091886
5657 5333 7126 8000 8000 16000 16000 1000 5657 5333 7126 5745 8062 12649|0.05 0.014714438990859335 -0.03190740527094671 0.015556050440737046
2245 1000 1123 140 748 748 140 794 2245 794 1123 1876 806 2367|0.05 0.061435411037096266 -0.20528421861346735 0.5172937863668858
1344 1000 1972 896 2689 2689 896 1000 1344 1000 1972 1911 1847 3006|0.05 -0.014681459919194673 -0.09153459728406976 0.1764285361862794
1344 1000 1972 896 2689 2689 896 1000 1344 1000 1972 1911 1847 3006|0.05 -0.02444068026463464 -0.11016123045353265 0.11247930697853459
744 1467 744 2000 2000 667 667 1000 744 1467 744 1421 2236 1374|0.05 0.15611080832103275 0.008811708785334549 -0.06826076859390962
744 1467 744 2000 2000 667 667 1000 744 1467 744 1421 2236 1374|0.05 0.16350745318339133 0.052482141447816044 -0.04632848482393537
354 1000 1768 1000 187 187 1000 921 354 921 1768 1275 1106 400|0.05 0.08402613604252984 -0.02824606665770224 -0.06890508880810331
921 187 1000 1768 1768 354 354 1000 921 187 1000 1106 2031 1214|0.05 0.1550549469104623 -0.09244287430973386 -0.008440546665611226
2828 5000 2828 530 530 2828 2828 1000 2604 5000 2604 3606 1132 2828|0.05 -0.12357027190156855 -0.0685503269405685 0.05909525678151173
1000 921 187 354 1768 1768 354 1000 1000 921 187 1000 1275 2031|0.05 0.03146664044194836 -0.417232721187798 0.24661098066901532
1768 1000 354 187 1000 1000 187 921 1768 921 354 1275 1000 2031|0.05 0.056173874286797876 -0.47726031724476425 0.35268485274720485
4910 5333 5333 1886 1886 9428 9428 1000 4910 5333 5333 5333 2134 6472|0.05 -0.14750496090911502 -0.07031785699461057 0.03451565614883911
566 200 566 566 566 106 106 1000 521 200 521 721 1149 625|0.05 0.1438807420613153 -0.05155321482898989 -0.007189977726730357
187 921 1000 1768 354 354 1768 1000 187 921 1000 1106 1275 400|0.05 0.09779516702072666 -0.025526609287828128 -0.07045709092841745
204 1086 1086 1920 384 384 1920 1000 204 1086 1086 1086 1318 435|0.05 0.08822838418024892 -0.028165372822096524 -0.06568917309255351
521 200 521 566 566 106 106 1000 566 200 566 686 1149 566|0.05 0.14429032920425744 -0.051894125848447326 -0.013532782095135865
5333 5333 4910 1886 1886 9428 9428 1000 5333 5333 4910 5897 2134 6799|0.05 -0.20984829904799107 -0.08243542573778018 -0.0024834919072658224
1920 1000 384 204 1086 1086 204 1086 1920 1086 384 1318 1201 2206|0.05 0.06281045633323767 -0.4364564730499354 0.36055393654085943
2604 5000 2604 530 530 2828 2828 1000 2828 5000 2828 3432 1132 3127|0.05 -0.1626627205177822 -0.07989185193649995 -0.0033751378647717267
1086 1086 204 384 1920 1920 384 1000 1086 1086 204 1201 1318 2206|0.05 0.11082483584320846 -0.22508568937478102 0.5072007335542228
1000 187 921 1768 1768 354 354 1000 1000 187 921 1000 2031 1275|0.05 0.1456364450778458 -0.10209975033448337 -0.0228130270010507
384 1000 1920 1086 204 204 1086 1086 384 1086 1920 1318 1086 435|0.05 0.06610009761417457 -0.032099622716610376 -0.06123640795121843
67 1104 533 1000 1000 1000 1000 1000 67 1104 533 1002 1414 1002|0.05 -0.016465546439378143 -0.02817157067541376 0.028397324466733487
16553 8000 15000 15000 15000 15000 15000 1000 16553 8000 15000 17000 15033 22338|0.05 0.28491564889242094 0.008422463594621732 -0.028547641262109957
60 906 483 906 906 906 906 1000 60 906 483 1027 1350 908|0.05 -0.016247013957054746 -0.027903127856508947 0.018528623483873297
15000 8000 16553 15000 15000 15000 15000 1000 15000 8000 16553 15033 15033 21213|0.05 0.32293064489247847 0.013002697202317837 -0.025129416894691392
384 1000 1920 2142 1487 1487 2142 1875 2880 1875 5760 1318 1169 1821|0.05 0.13639295587591693 -0.033197954040331545 -0.0011637790265572878
1116 3000 1116 521 521 977 977 200 774 1500 774 2060 686 609|0.05 -0.061714842373363776 -0.04791789673482705 0.007731695449368914
2142 1875 1487 384 1920 5760 2880 1000 2142 1875 1487 3031 1318 3956|0.05 -0.01561377103754813 -0.08635103513736198 0.3845715136804184
258 1000 1937 1261 673 673 1261 1441 1291 1441 3874 1225 786 887|0.05 0.04607677241262431 -0.023490384282666144 -0.023697433510010413
651 2000 651 516 516 744 744 133 347 667 347 1557 632 406|0.05 -0.04676903752116268 -0.054338979078834004 0.015635137511855746
467 694 875 2689 896 179 1344 1000 467 694 875 1415 1847 615|0.05 0.09846236469485792 -0.04690979512265048 -0.07317625353485346
10440 8000 14142 14142 14142 14142 14142 1000 10440 8000 14142 10198 14177 17578|0.05 0.4884125750840984 0.03556655244119966 -0.03280228567476007
71 738 566 1000 1000 1000 1000 1000 71 738 566 1051 1414 1002|0.05 -0.01988289659991982 -0.025846834971442467 0.022682278313577164
96 1355 766 1355 1355 1355 1355 1000 96 1355 766 977 1684 1358|0.05 -0.013808015131948626 -0.031022523035038052 0.02515861192868396
14142 8000 10440 14142 14142 14142 14142 1000 14142 8000 10440 14866 14177 20000|0.05 0.39062742368529246 0.02151744634686148 -0.025381898705988393
662 1000 662 896 2689 2689 896 1000 662 1000 662 1267 1847 2769|0.05 0.02394956813803084 -0.11625586040906133 0.17813296921021848
662 1000 662 896 2689 2689 896 1000 662 1000 662 1127 1847 2769|0.05 -0.05749643489334488 -0.13649599931269907 0.024183976038352206
1511 1000 1511 4064 4064 1355 1355 1000 1511 1000 1511 1703 4185 2791|0.05 0.1260371084022105 0.0344610233868492 -0.04614161723936916
1511 1000 1511 4064 4064 1355 1355 1000 1511 1000 1511 1916 4185 2791|0.05 0.14666952950563417 0.035747820721787615 -0.04428200407982197
1000 1104 533 533 1000 533 284 1104 1104 1131 589 1414 1414 1133|0.05 0.048774093095551585 -0.030632646013719622 0.02183336475849673
1000 533 1025 483 906 483 258 906 906 483 1000 1282 1027 1282|0.05 0.04519779021722847 -0.13428204304737235 0.03964735696707633
1000 533 1104 533 1000 533 284 1104 1104 589 1131 1414 1414 1133|0.05 0.07527382440285724 -0.1482873689068931 0.10227504744921623
1000 1025 533 483 906 483 258 906 906 1000 483 1282 1027 1282|0.05 0.11794255240972884 -0.08155324561822441 0.035268747606613804
200 1720 1600 1000 1000 1720 1720 1000 1600 1720 3000 1020 1414 1887|0.05 0.02882996119436987 -0.0008853810028586206 -0.004324625067799737
1075 1875 625 625 1075 1075 625 125 1075 1000 625 1976 637 884|0.05 -0.004554117522750367 -0.011130954006571825 -0.001395914631295847
625 1875 1075 1075 625 625 1075 125 625 1000 1075 1179 1179 884|0.05 -0.008083582706139847 -0.016328758372368135 -0.002434190444190465
116 581 930 1000 1000 581 581 1000 930 581 1744 1097 822 593|0.05 0.022223591959040778 -0.004391655507431924 0.004357890966841804
200 1720 1600 1000 1000 1000 1000 1000 200 1720 1600 1020 1414 1020|0.05 -0.02160654721992339 -0.025465691372870136 0.028575317853931637
8602 8000 5000 5000 5000 5000 5000 1000 8602 8000 5000 9434 5099 9950|0.05 0.3597770961881208 0.021538632170876593 -0.01874986914235044
116 581 930 581 581 581 581 1000 116 581 930 1097 1157 593|0.05 -0.03368556234919495 -0.025506920957945045 0.02793022092714814
5000 8000 8602 5000 5000 5000 5000 1000 5000 8000 8602 5099 5099 7071|0.05 0.3639376826739005 0.024160410075437788 -0.02703917350799334
581 1000 581 581 1744 1744 581 1000 581 1000 581 1157 1419 1838|0.05 -0.002832976443368773 -0.1051187656035435 0.12131104506128088
581 1000 581 581 1744 1744 581 1000 581 1000 581 1157 1419 1838|0.05 -0.0520408598726152 -0.0917095707730331 0.06406053022720348
1720 1000 1720 3000 3000 1000 1000 1000 1720 1000 1720 1990 3162 2441|0.05 0.11761213671577453 -0.006254539306881357 -0.04780718851550181
1720 1000 1720 3000 3000 1000 1000 1000 1720 1000 1720 1990 3162 2441|0.05 0.11937434265513414 0.01765416550113752 -0.057064812204888904
1000 1000 1000 581 1744 1744 581 1000 1000 1000 1000 822 1419 2010|0.05 -0.015596475606645122 -0.1280669945653501 0.16358579334287304
1000 1000 1000 581 1744 1744 581 1000 1000 1000 1000 1823 1419 2010|0.05 0.025684673793200385 -0.14775026141942482 0.18967814514654124
1000 1000 1000 1744 1744 581 581 1000 1000 1000 1000 1823 2010 1419|0.05 0.1107484979861506 -0.03077549145206193 -0.04993403665120466
1000 1000 1000 1744 1744 581 581 1000 1000 1000 1000 822 2010 1419|0.05 0.13160490546135328 0.011690404605573246 -0.03362658864439649
1720 1282 918 1600 3000 1000 533 1720 1720 1516 918 1990 3162 2441|0.05 0.12669983544127295 -0.08319670539887691 -0.009110113760480987
533 881 1000 1744 930 310 581 581 533 745 1000 1338 1838 757|0.05 0.0829184200098898 -0.030975716465897474 -0.05149870468489359
1090 1875 1398 581 1744 3269 1090 1000 1875 1875 1652 1479 1419 3446|0.05 -0.06279758764974774 -0.11882678600501628 0.09272694634531176
1000 533 881 581 1744 930 310 1000 581 533 745 1027 1419 1838|0.05 0.09880035225984907 -0.13575441243480535 0.26253127668815157
906 1000 906 906 2719 2719 906 1000 906 1000 906 1350 1861 2866|0.05 -0.03146829443458343 -0.1455347131628948 0.052866091732595155
906 1000 906 906 2719 2719 906 1000 906 1000 906 1350 1861 2866|0.05 0.02026236576933904 -0.11104868946882784 0.13452258952983742
1104 1000 1104 3000 3000 1000 1000 1000 1104 1000 1104 1489 3162 2054|0.05 0.12758845554473375 -0.010816907961823663 -0.043634718460798805
1104 1000 1104 3000 3000 1000 1000 1000 1104 1000 1104 1489 3162 2054|0.05 0.07444497071822598 0.046934337013593286 -0.05873552458419251
467 883 1000 1744 581 201 930 1000 271 1047 581 1288 1419 641|0.05 0.0998763738010422 -0.018095178966672787 -0.06489269594151637
1720 3000 1720 467 803 1720 1000 347 1519 1600 1801 2441 581 1766|0.05 -0.06893560767482043 -0.07119398834420365 -0.018571942696066213
228 1185 1053 1132 528 307 658 1132 658 1132 1974 1062 1163 383|0.05 0.0625008317098441 -0.03036155952993891 -0.03483318612035324
3687 2143 3860 743 2143 6429 3429 1720 3687 3687 3256 3820 2365 5231|0.05 -0.004579637276839188 -0.09931393043751235 0.21566590874380287
573 533 333 573 573 268 268 333 506 222 452 629 814 739|0.05 0.03462779574808561 0.015807178683961975 -0.027766838578748843
803 1357 1720 3000 1600 667 1000 1720 803 1519 1720 1282 1887 1308|0.05 0.09071363345078742 -0.04267038719905747 -0.038359136688965734
1000 883 467 930 1744 581 387 581 1000 789 467 1027 1097 1419|0.05 0.10955566820320062 -0.06539148849382781 -0.013888196558070609
581 467 789 581 1744 930 387 1000 1000 467 883 1157 1419 1097|0.05 0.09434158456994357 -0.12153872358291351 0.2624033638921297
2143 2143 1892 830 1993 3737 1246 1000 1246 2143 1690 2760 1629 2350|0.05 -0.008833028113097718 -0.10146054051651698 0.14838121549920258
658 893 439 528 1132 1132 528 1132 1974 658 1053 826 1459 1607|0.05 0.048638650041110676 -0.07836957370904396 0.041607796111586826
467 883 1000 1744 581 201 930 1000 602 681 1289 1288 1419 508|0.05 0.09774072946065138 -0.033414196421696074 -0.05852224143663598
1720 3000 1720 1035 803 1720 2218 347 1519 1600 1172 2441 1282 1766|0.05 -0.08776377592150886 -0.07464666517571827 -0.0018689427791263036
228 771 1053 1132 528 681 1460 1132 658 1132 1974 1163 1163 844|0.05 0.05823487805513228 -0.03364037910749129 -0.039174795262597595
1662 2143 1132 335 966 2898 1546 776 1662 1662 1468 2490 845 2358|0.05 -0.08371861454537277 -0.10084357170466074 0.08452920474358416
2218 952 1035 1600 3000 1000 667 1720 2218 1172 1035 1766 3162 2814|0.05 0.11657998653787915 0.00040232336932843893 0.0009154623369278525
333 533 573 739 739 345 345 333 317 222 391 1054 938 613|0.05 0.059890098714583395 -0.02968378440425634 -0.010565286489435666
602 681 1289 1744 930 387 581 581 602 553 1289 1498 1838 850|0.05 0.09457740659807978 -0.023302039298673805 -0.04932575385979798
966 2143 920 644 1546 2898 966 1000 1662 2143 1132 1776 1413 3055|0.05 -0.05071921403815627 -0.10768723742804576 0.09639465984544016
1051 1231 700 1087 2330 2330 1087 1051 3152 1807 1681 1811 1931 2956|0.05 -0.020035361347793268 -0.18144611044022763 0.03844667264385038
776 467 528 451 1353 721 301 1000 451 467 429 681 1269 1426|0.05 0.09565948330682694 -0.15902712891685655 0.25978482716694895
737 1120 491 255 1179 1179 255 701 737 863 491 1457 808 1390|0.05 0.05518592298320302 -0.16180381868839966 0.46281999581237354
2746 4615 3915 1923 1923 2885 2885 1000 3380 4615 4383 3163 2168 4974|0.05 0.1262801718471107 -0.01284260688764638 -0.0003460206654148923
4383 4615 3380 1923 1923 2885 2885 1000 3915 4615 2746 5097 2168 3620|0.05 0.09431425063096688 -0.01716243454182087 0.0036544561280460464
853 812 569 296 1366 1366 296 1297 853 1158 569 683 1508 1610|0.05 0.0316336063876399 -0.20132365930077833 0.34503846360240953
255 701 1179 737 491 491 737 1120 255 863 1179 1201 925 554|0.05 0.028236945000392755 -0.037994278763004985 -0.013062978921224433
1519 667 1357 1600 1600 347 347 1000 1172 667 952 1255 1887 1767|0.05 0.15061568918587787 -0.04073843183701964 -0.04140509019724847
296 1297 1366 853 569 569 853 812 296 1158 1366 1102 1472 641|0.05 0.03398678464061833 -0.036040836091078 -0.0050577365733228685
952 667 1172 1600 1600 347 347 1000 1357 667 1519 1724 1887 1096|0.05 0.13052885197943898 -0.04148431413570797 -0.052835717627266465
573 533 333 739 739 345 345 333 391 222 317 629 938 859|0.05 0.07492906896174434 -0.09224919201206605 -0.0014316656663637684
1035 952 2218 3000 1600 667 1000 1720 1035 1172 2218 1838 1887 1462|0.05 0.09424624374697599 -0.053657779120438454 -0.04169887788865401
1289 681 602 930 1744 581 387 581 1289 553 602 878 1097 1636|0.05 0.18530202712155663 0.04507657920454822 0.038057435379279525
451 467 429 451 1353 721 301 1000 776 467 528 796 1269 851|0.05 0.1140618070558963 -0.1157018177025837 0.26264212318903635
1662 2143 1132 644 1546 2898 966 1000 966 2143 920 2490 1413 1823|0.05 0.005032462544434235 -0.08704441606745883 0.1428035903039948
853 812 569 883 1893 1893 883 1468 2560 853 1366 683 2200 2402|0.05 0.02021907293947356 -0.1709151277165144 0.08345116332369562
602 681 1289 1744 581 201 930 1000 467 883 1000 1498 1419 745|0.05 0.07971115255950068 -0.05135372590216125 -0.0509115717538311
1720 3000 1720 803 1035 2218 1720 347 1172 1600 1519 2441 875 1510|0.05 -0.08143889076886124 -0.056980494692305816 0.012866790701473452
296 1297 1366 1893 883 685 1468 1468 853 1468 2560 1102 1289 746|0.05 0.04938760323163205 -0.03500803098978933 -0.038287868382061996
2143 2143 1892 432 1246 3737 1993 1289 2143 2763 1459 2760 1597 3041|0.05 0.047497624359840174 -0.07419487070162378 0.2065191760627605
1720 1357 803 1600 3000 1000 667 1720 1720 1519 803 1990 3162 2441|0.05 0.12775792013650422 -0.0434383302441399 -0.023117559167749047
333 533 573 573 573 268 268 333 452 222 506 1054 814 427|0.05 0.08352280526883415 -0.03539479200769913 -0.03968420200379463
467 883 1000 1744 930 387 581 581 467 789 1000 1288 1838 760|0.05 0.073932176652447 -0.054758912602714815 -0.0375082636321844
1246 2143 1690 830 1993 3737 1246 1000 2143 2143 1892 1597 1629 3939|0.05 -0.08087962891703437 -0.10924797553773735 0.058601893301595265
737 1120 491 592 1268 1268 592 737 2210 1268 1179 1457 945 1799|0.05 0.11445110519247459 -0.09695491647401577 0.10025835998640265
1000 467 883 581 1744 930 387 1000 581 467 789 1027 1419 1838|0.05 0.09116732701243135 -0.15877549430621474 0.21045699010021401
1051 1231 700 364 1681 1681 364 1426 1051 1596 700 1811 1712 1982|0.05 0.029999055204110725 -0.22100836087066478 0.315141055576722
3915 4615 2746 1923 1923 2885 2885 1000 4383 4615 3380 4701 2168 5703|0.05 0.10363465649677162 -0.021751111653027788 -0.011561020776563735
3380 4615 4383 1923 1923 2885 2885 1000 2746 4615 3915 3726 2168 2307|0.05 0.08449183815131489 -0.0186318858648149 -0.003986026693132416
658 893 439 228 1053 1053 228 771 658 626 439 826 850 1242|0.05 0.04396131881463594 -0.2085293540977673 0.34826968825561133
364 1426 1681 1051 700 700 1051 1231 364 1596 1681 1152 840 789|0.05 0.014811682386128844 -0.04195876342739324 0.0023041911580001795
1172 667 952 1600 1600 347 347 1000 1519 667 1357 800 1887 1292|0.05 0.1567659333324256 -0.04071629218964756 -0.04866824906682887
228 771 1053 658 439 439 658 893 228 626 1053 1163 1301 495|0.05 0.022949761507600197 -0.039960812705924775 -0.0019389911331157972
1357 667 1519 1600 1600 347 347 1000 952 667 1172 1977 1887 1630|0.05 0.12441590406199632 -0.05694016872176966 -0.05711780484494278
918 1282 1720 3000 1600 533 1000 1720 918 1516 1720 1357 1887 1302|0.05 0.1207906503353895 -0.025851953254572013 -0.05783296988247755
1000 881 533 930 1744 581 310 581 1000 745 533 1027 1097 1419|0.05 0.11924938555266884 -0.09083177550768373 -0.014517482896884149
581 533 745 581 1744 930 310 1000 1000 533 881 1157 1419 1097|0.05 0.10218966024649223 -0.1289474387519718 0.2734627255935629
1875 1875 1652 581 1744 3269 1090 1000 1090 1875 1398 2508 1419 2056|0.05 -0.06963791226151872 -0.1252295713294127 0.10027273623284705
581 1036 310 930 1744 930 496 581 1000 745 533 1157 1097 1097|0.05 0.09684132524356626 -0.03559296557385072 0.046797317679099226
581 533 745 930 1744 930 496 581 1000 310 1036 1157 1097 1097|0.05 0.08574716098119772 -0.11430562953502754 0.032717650892264416
271 1047 581 1744 581 201 930 1000 467 883 1000 1036 1419 338|0.05 0.06719606365460651 -0.058145591503468985 -0.0437021770132906
1720 3000 1720 803 467 1000 1720 347 1801 1600 1519 2441 1104 1990|0.05 -0.08704479515465935 -0.07150851460878016 -0.0009910116950895276
192 844 888 555 259 446 955 955 555 955 1666 1118 1105 613|0.05 0.026143531931521746 -0.03670091197116476 -0.019871935988954315
2143 2143 1892 432 1246 3737 1993 581 2143 1246 2243 2760 724 3041|0.05 0.011200197318057548 -0.07482843282523022 0.24615932894408
1179 1327 698 255 1179 1179 255 701 1179 1120 698 1920 808 1667|0.05 0.0436953017751085 -0.16810072235811102 0.38733366899814436
2746 4615 3915 2731 2731 4615 4615 1000 4383 4615 5196 3163 2908 6980|0.05 0.011722540404539572 -0.04459598345612381 -0.0024559429065285077
5196 4615 4383 2731 2731 4615 4615 1000 3915 4615 2746 5811 2908 3320|0.05 0.01653304559224189 -0.03927393955281078 0.002279511005496282
1053 626 623 228 1053 1053 228 1185 1053 893 623 410 1326 1489|0.05 0.022804734306309804 -0.24837238038436737 0.24223680846617412
255 701 1179 1179 698 698 1179 1327 255 1120 1179 1201 848 743|0.05 0.02447596551907072 -0.03497804960996609 -0.01386714908992892
1126 592 848 1000 1000 217 217 1000 950 592 595 719 1414 1259|0.05 0.12978279334289855 -0.016026980642513955 -0.04340706945309303
228 1185 1053 1053 623 623 1053 626 228 893 1053 1062 1593 664|0.05 0.017973834054931803 -0.04348096374881538 -0.0014579359614230736
595 592 950 1000 1000 217 217 1000 848 592 1126 1512 1414 685|0.05 0.12627992552685763 -0.053712276260196035 -0.05274027421013683
67 1104 533 1000 1000 1104 1104 1000 533 1104 1000 1002 1414 1133|0.05 0.009326899976462855 -0.007461177139206354 0.007227499165005646
2069 1875 1875 1875 2069 2069 1875 125 2069 1000 1875 2652 1879 2652|0.05 -0.023525828232332513 -0.02554692749024201 0.0039189473722123225
1875 1875 2069 2069 1875 1875 2069 125 1875 1000 2069 2125 2125 2652|0.05 -0.03480424943766658 -0.03376337998043266 0.006154577863026756
60 906 483 1000 1000 906 906 1000 483 906 906 1027 1282 908|0.05 0.027564686447112408 -0.0037463648419677753 -0.005993262185572945
2060 2143 2143 1246 83 1246 3737 1000 2060 2143 2143 2466 1050 2085|0.05 -0.02434426568015846 -0.10197453329433337 -0.08865771434617087
573 333 573 573 573 268 268 333 551 22 551 814 814 710|0.05 0.05092951336760354 -0.06562250626241384 0.016604846078984714
581 1000 1744 1000 961 961 1000 467 39 467 581 1419 1238 973|0.05 -0.011755647960368654 -0.04872405371854183 0.023532586096954855
581 1000 1744 1000 467 467 1000 961 39 961 581 1419 1238 490|0.05 0.07568510879293777 -0.036969114843995454 -0.03662209908552039
83 1000 1246 2143 2060 2060 2143 2143 1246 2143 3737 1050 2466 2085|0.05 0.07971815197115317 -0.015898104982360328 0.0273965430616685
24808 15000 24808 12043 12043 25807 25807 15000 25807 45000 25807 25109 12651 31954|0.05 0.8750379988981893 -0.06432189573067904 0.017744383321216528
1720 3000 1720 1654 1654 1720 1720 67 803 1000 803 2441 1674 1980|0.05 -0.03328763778600807 -0.03130598570814547 -0.014142283339871886
485 1040 1040 605 40 605 1814 1000 485 1040 1040 1197 1012 510|0.05 0.09124347654249743 -0.05374774961639739 -0.09751384638008842
12043 15000 12043 24808 24808 25807 25807 15000 25807 45000 25807 12651 25109 31954|0.05 2.1487946224145227 0.02182160744856443 -0.02342247032009248
605 1000 40 485 1040 1040 485 1040 1814 1040 605 1012 1288 1476|0.05 0.07247949891596495 -0.41362799791270444 0.09774402071960786
271 1000 2032 269 144 144 269 927 68 927 1651 1245 1095 197|0.1 0.01858632795346926 -0.031032971228055484 -0.01762961893591486
3441 533 3712 7542 6128 251 1006 1000 3441 533 3712 4066 6872 3658|0.1 0.14422731178369785 0.042252977975167916 -0.10404237728230514
3691 7500 3691 530 530 994 994 250 3422 6094 3422 4596 729 3169|0.1 -0.038317625800998734 -0.02906037718861776 0.0075996300031566655
471 1000 1886 6960 6452 6452 6960 1875 11490 1875 14142 1374 5976 6859|0.1 0.03694094190178632 0.05730361022922015 0.04691780288624825
291 1079 155 73 1781 2192 292 1000 291 1079 155 1182 1063 1997|0.1 -0.008949705154143173 -0.2941993678168975 1.7863571530177058
13687 24375 13687 2121 2121 3977 3977 4000 14765 30000 14765 14550 2915 16171|0.1 0.4746095760361002 -0.019329139295609643 0.009562701409251417
163 1231 163 561 561 606 606 41 87 164 87 1121 597 520|0.1 0.0404466536103576 0.03508956400630314 -0.03597246456640946
73 1000 1781 291 155 155 291 1079 292 1079 2192 1063 926 213|0.1 0.013845642155159155 -0.02304066782359171 -0.012819276089902631
3048 1739 1625 271 2032 2032 271 1000 3048 1739 1625 3208 1245 3663|0.1 0.036798620323357234 -0.18929143112284774 0.7708378726720388
3691 7500 3691 6000 6000 11250 11250 1000 6418 7500 6418 4596 6083 11840|0.1 0.09377376515641966 -0.013189073047432665 0.023468073348789087
6418 7500 6418 6000 6000 11250 11250 1000 3691 7500 3691 6978 6083 7045|0.1 0.12371175922163191 -0.018427320386399382 -0.0010934390961714335
1753 575 935 156 1169 1169 156 1000 1753 575 935 1098 1087 2107|0.1 0.013709161061237207 -0.2927396191260956 0.3629377170460413
271 1000 2032 3048 1625 1625 3048 1739 271 1739 2032 1245 1908 1648|0.1 0.017679798337109087 -0.03833773013222741 -0.0029296820133351
570 533 328 667 667 89 89 1000 570 533 328 626 1202 620|0.1 0.10928307383510028 0.0075939527073209945 -0.08373642008934312
156 1000 1169 1753 935 935 1753 575 156 575 1169 1087 1845 948|0.1 0.04457462998918027 -0.03660982144442437 -0.02635065431286332
328 533 570 667 667 89 89 1000 328 533 570 1052 1202 409|0.1 0.110329430564442 -0.018694184855790885 -0.06252058740385591
354 750 433 625 625 125 125 1000 354 750 433 1061 1179 451|0.1 0.1562038067223659 -0.010283098889367626 -0.025941397867224048
433 750 354 625 625 125 125 1000 433 750 354 829 1179 515|0.1 0.10093894342878551 0.036770362982592175 -0.08006577355809119
2309 816 1732 289 1443 1443 289 1000 2309 816 1732 1915 1190 2723|0.1 -0.023392142162986795 -0.15070759049502835 0.3274738610577921
2828 1225 2121 354 1768 1768 354 1000 2828 1225 2121 3000 1275 3335|0.1 -0.043243487195701036 -0.1624928228635969 0.0902964437113396
755 746 403 581 1744 872 116 1000 755 746 403 595 1419 1446|0.1 0.06989794448176045 -0.17419147752372854 0.10521479241163645
1324 533 988 1155 2309 770 154 1000 1324 533 988 788 1915 1879|0.1 0.13558487015547627 -0.0929638236347563 0.10990863629233072
566 200 566 566 566 106 106 200 521 50 521 721 721 625|0.1 0.07782724986056921 -0.07878279696693413 -0.009926950464064221
354 1000 1768 1000 921 921 1000 187 88 187 354 1275 1106 938|0.1 -0.025522393325163595 -0.03547732622092181 0.02378890496800956
2121 4000 2121 10416 10416 11314 11314 4000 11314 20000 11314 2915 10607 12510|0.1 0.7659291480825181 0.05529828115905522 -0.023271216565931008
384 1000 96 204 1086 1086 204 1086 1920 1086 384 1018 1201 1385|0.1 0.009707645894976302 -0.12350100590309387 0.21783891607774608
943 533 696 230 1225 653 122 604 770 322 679 745 707 1424|0.1 0.07404722668539199 -0.16968701522639074 0.4794905522554793
566 738 1061 1299 693 130 244 817 342 720 641 1456 1510 676|0.1 0.1514435609146192 -0.017564608777383972 -0.08038242046731203
785 881 418 848 1590 298 159 1224 1298 904 692 922 1848 918|0.1 0.1695867015801067 -0.008088009953014508 -0.026263475156499405
2390 1875 2106 380 2027 3800 712 1655 2925 3103 2159 3007 1977 4417|0.1 -0.11576783632715748 -0.162624978657957 0.19957641966181328
91 1000 91 371 371 371 371 682 682 682 682 1004 905 447|0.1 0 0 0
1836 1000 2693 245 1836 1836 245 1000 1836 1000 2693 2438 1204 2596|0.1 0.0008298548923568738 -0.11516894411693457 0.7082157912937581
91 1000 91 371 371 371 371 682 682 682 682 1004 905 447|0.1 0 0 0
1836 1000 2693 245 1836 1836 245 1000 1836 1000 2693 2438 1204 2596|0.1 -0.005674211250878969 -0.12988378888821206 0.6310582608386728
545 1467 545 1000 1000 133 133 1000 545 1467 545 1328 1414 656|0.1 0.198924529154485 0.01959622963442431 -0.08597303199730066
1000 1000 1000 545 545 545 545 133 1467 133 1467 1414 656 1328|0.1 0 0 0
545 1467 545 1000 1000 133 133 1000 545 1467 545 1328 1414 656|0.1 0.15873397055169436 -0.0011107114504782523 -0.08993239147803034
1000 1000 1000 545 545 545 545 133 1467 133 1467 1414 656 1328|0.1 0 0 0
1000 1000 1000 71 566 566 71 1116 200 1116 900 1414 1149 721|0.1 -0.027895135761467627 -0.161968136895696 0.5662016735370612
71 900 71 1000 1000 1116 1116 1000 566 200 566 951 1414 1149|0.1 0.05406472264241513 0.030222383316269585 -0.003655596734630784
1768 1000 354 1972 1768 1768 1972 125 1768 125 1591 1275 2031 2500|0.1 -0.0070268638912918124 -0.1479551957928782 0.007102009338768589
5579 4500 5579 2828 2828 354 354 5000 5000 5000 5000 5969 3606 5745|0.1 0.5370853786734764 0.02480448533868751 -0.09343780949008118
354 500 354 433 433 81 81 500 214 406 214 791 829 422|0.1 0.10645079741321783 -0.06197337580487905 -0.03257885487549572
230 604 1225 2828 1414 1149 1414 1000 230 604 1225 1195 2236 1295|0.1 0.05304409390623821 -0.039896502726550764 -0.021272274875935304
4355 5333 2632 5004 6158 12317 6158 1000 4355 5333 2632 5203 5640 9737|0.1 0.04870764796987448 -0.03567253305122864 0.040302212995895204
2340 1000 1901 380 2027 2027 380 1655 4680 1655 2340 2334 1977 3881|0.1 0.07704591327784005 -0.13590706133056685 0.45080409417667555
1225 604 230 354 1768 1061 221 1000 1000 921 187 707 1275 2031|0.1 0.11695036699414407 -0.4381095428583359 0.4012687117147373
187 921 1000 1768 354 221 1061 1000 230 604 1225 1106 1275 290|0.1 0.05911769004274037 -0.03300764414072899 -0.0577563682312654
4355 5333 2632 962 1540 7698 4619 816 4355 4355 4009 5203 1262 5551|0.1 -0.3180205888788201 -0.10607676714583514 -0.01884108841387011
1000 187 921 1061 1768 354 221 1225 1000 230 604 1000 2031 1275|0.1 0.11014499595033422 -0.107805465044718 0.010059706675860092
1000 1000 1000 87 693 693 87 817 200 817 900 1414 825 825|0.1 -0.004555650311601767 -0.15215473634431986 0.7434308550951418
87 900 87 1000 1000 817 817 1000 693 200 693 953 1414 825|0.1 0.06861969714920813 -0.024081172800440864 0.006811171279574868
1443 1000 289 1179 1443 1443 1179 125 1443 125 1299 1190 1190 2041|0.1 -0.01992477013404992 -0.25811387321894697 0.021967562420057707
4085 4500 4085 3464 3464 433 433 5000 5000 5000 5000 4603 4123 4123|0.1 0.49170945310013536 0.03444709650207933 -0.09817567454945109
785 881 418 734 2754 1664 153 1366 1195 948 637 922 2050 1989|0.1 0.08037468070219767 -0.2070858997073377 0.23455934023622005
1143 533 793 1392 2304 614 128 656 837 350 737 623 1664 1715|0.1 0.1430933568863324 -0.058120893778763616 0.06757299405633743
693 817 1299 1875 1875 1075 375 1000 693 817 1299 1510 2125 1580|0.1 0.06591317382706574 -0.07421472668058593 -0.0014814954894637467
1443 1875 1179 1552 2706 2706 541 1000 1443 1875 1179 2179 2280 3067|0.1 0.05498184256947036 -0.08035199007613292 0.05251815275910898
771 771 411 541 2076 1415 189 1000 771 771 411 669 1457 1879|0.1 0.06530192525144862 -0.18634387027466337 0.2724985398925761
1297 533 1000 1836 2693 702 245 1000 1297 533 1000 868 2438 1890|0.1 0.10923454598892324 -0.09795822865765857 0.002259123425336629
1768 1875 1305 230 1225 2296 431 604 1444 1133 1273 2574 707 1926|0.1 -0.10973653756041979 -0.15276096556191332 0.15984711301423538
1061 738 566 693 1299 244 130 817 641 720 342 791 1090 1267|0.1 0.1404984321488345 -0.024282532545943925 -0.033642358011677365
418 881 785 1590 848 159 298 1224 692 904 1298 1258 1334 490|0.1 0.13087801518740783 -0.012319880076090417 -0.07679774456069044
1275 533 1123 380 2027 1081 203 1655 1560 882 1152 1175 1977 1700|0.1 0.07770367185121474 -0.14591262021274365 0.4868029672422569
4064 1000 4064 271 2032 2032 271 1000 4064 1000 4064 4185 1245 4543|0.1 -0.004251106062146404 -0.12083910091723493 0.5939911048208124
4064 1000 4064 271 2032 2032 271 1000 4064 1000 4064 4185 1245 4543|0.1 -0.030628883621254266 -0.12388791642253372 0.44251092738126774
246 1000 246 500 500 67 67 1000 246 1000 246 1030 1118 306|0.1 0.16698173143683048 0.0016790104873321 -0.08263140521227674
246 1000 246 500 500 67 67 1000 246 1000 246 1030 1118 306|0.1 0.16902669492900202 0.018069644266456297 -0.0752860621671092
2754 1937 1469 245 1836 1836 245 1000 2754 1937 1469 3308 1204 3310|0.1 -0.031035060834051498 -0.25436120568456344 0.22587108284253254
4085 7500 4085 6000 6000 11250 11250 1000 7914 7500 7914 4918 6083 13514|0.1 0.23671455399693286 -0.007548356736118977 -0.009529581810502341
7914 7500 7914 6000 6000 11250 11250 1000 4085 7500 4085 8374 6083 5629|0.1 0.13013206476410355 -0.017004613220302778 0.01060106900776292
1422 516 758 126 948 948 126 1000 1422 516 758 711 1058 1709|0.1 -0.022319866193758475 -0.18382127270463067 0.3328404157873499
245 1000 1836 2754 1469 1469 2754 1937 245 1937 1836 1204 1378 1489|0.1 0.02655137896123927 -0.028520663750497555 -0.022983896876143106
703 533 363 667 667 89 89 1000 703 533 363 500 1202 744|0.1 0.1592884233467795 -0.02289004526931593 -0.05143246339795016
126 1000 948 1422 758 758 1422 516 126 516 948 1058 1708 769|0.1 0.04399995195921713 -0.03524851924799788 -0.023081249448981822
363 533 703 667 667 89 89 1000 363 533 703 1201 1202 437|0.1 0.11393233468180108 0.042406803139083404 -0.0721632884886736
271 1000 2032 269 144 176 330 1049 169 975 1841 1245 961 222|0.1 0.005839604380282193 -0.028590488960196225 -0.010943487547003805
3893 533 3712 7542 6835 629 1006 1225 3621 653 3712 3569 6908 4434|0.1 0.1137131163843863 0.004741873040565725 -0.08770299375803647
3691 7500 3691 530 650 1218 994 625 3601 6797 3872 4596 820 3605|0.1 0.13044944505221423 -0.010656105335078436 0.0008803984154126532
269 1049 144 271 2032 1841 169 1000 330 975 176 1119 1245 1861|0.1 0.0057431783633865585 -0.31631031394728115 0.3619283217088487
338 1025 180 174 1888 2083 278 1075 276 1025 147 1082 1225 1908|0.1 -0.049933704830755765 -0.2827342084378992 0.33814778547243796
6194 10875 5761 1039 849 1591 1949 1600 5906 12000 5906 7055 1311 5678|0.1 0.04670855135064711 -0.03859472727749336 0.0029976620515381747
3031 533 2956 5581 6158 821 513 816 3031 435 3179 2960 5640 3774|0.1 0.1265930566740403 0.0061309257104258386 -0.050771501582058676
174 1075 1888 338 180 147 276 1025 278 1025 2083 1145 1001 228|0.1 0.0150607842818129 -0.028158212830486917 -0.011095392815706484
77 1000 77 284 314 314 284 865 577 865 577 1003 911 378|0.1 0 0 0
3048 1107 3522 271 2032 2032 271 1000 3048 1107 3522 3208 1245 3663|0.1 -0.009077535741435216 -0.11213304782214051 0.6235980490153792
77 1000 77 314 284 284 314 865 577 865 577 1003 1040 354|0.1 0 0 0
2754 904 3182 245 1836 1836 245 1000 2754 904 3182 3308 1204 3310|0.1 -0.014084822356288385 -0.14276276897703277 0.5332110517121968
363 1156 328 667 667 89 89 1000 363 1156 328 1201 1202 437|0.1 0.16851516264774657 -0.00680125577359969 -0.08404566657028378
1500 1000 1500 492 492 545 545 133 1733 133 1733 1803 613 1802|0.1 0 0 0
328 1156 363 667 667 89 89 1000 328 1156 363 1052 1202 409|0.1 0.1412152572573011 0.006351339928167832 -0.08347694497571112
1500 1000 1500 545 545 492 492 133 1733 133 1733 1803 656 1579|0.1 0 0 0
943 533 696 188 1000 533 100 921 1052 491 730 745 1000 1083|0.1 0.07304060928301714 -0.19040483619260584 0.442253289857657
566 738 1061 1061 566 106 199 1116 521 774 977 1456 1149 625|0.1 0.12959331841317034 -0.027381357171585297 -0.07338885022343034
875 694 467 507 951 178 95 896 951 662 507 546 1030 951|0.1 0.12852707967253574 -0.013947052021859863 -0.036854993730036645
2142 1875 1487 204 1086 2037 382 1086 1920 2037 1417 3031 1201 2206|0.1 -0.11443455011472148 -0.15438752506649167 0.15378780144332138
1768 1875 1305 187 1000 1875 352 921 1305 1726 1210 2574 1000 1398|0.1 -0.049301582548267886 -0.12591547933127223 0.3819488178458119
1061 738 566 566 1061 199 106 738 977 684 521 791 791 1173|0.1 0.19012700563923568 0.045810153058021275 -0.005272385976385907
705 927 1323 1437 766 144 269 1355 766 1000 1437 1447 1071 766|0.1 0.14460162743933136 -0.027867293598695664 -0.07304825818332916
756 533 701 204 1086 579 109 1086 1024 579 756 966 1201 810|0.1 0.07429685222819726 -0.13996844894987204 0.5097035190789412
943 533 696 188 1000 533 100 921 696 491 645 745 1000 1373|0.1 0.06404693111672799 -0.17832207368407182 0.40601979164908597
566 738 1061 1061 566 106 199 738 521 684 977 1456 1456 625|0.1 0.15292424306504682 -0.0180268101074621 -0.0762655486571695
1323 927 705 766 1437 269 144 1355 1437 1000 766 1277 1972 1437|0.1 0.1375753206961039 -0.05341577270204567 -0.03108731669541176
1417 1875 1314 204 1086 2037 382 1086 1920 2037 1417 2051 1201 2796|0.1 -0.10173780372799257 -0.13372924201612402 0.21427054962790404
96 1000 384 1417 1314 1314 1417 1875 2340 1875 2880 1018 1811 1397|0.1 0.031738567203829504 0.06257267436245106 0.07729452516822555
3691 7500 3691 2604 2604 4883 4883 250 3422 6094 3422 4596 2652 4715|0.1 -0.06643404148146459 -0.02911218743111732 0.0027944974124416433
13687 24375 13687 10416 10416 19531 19531 4000 14765 30000 14765 14550 10607 21366|0.1 0.763302386852418 -0.002708007840258597 0.014723672551293365
1427 1079 761 73 1781 2192 292 1000 1427 1079 761 1561 1063 2437|0.1 -0.014778145120748487 -0.25181503354153034 2.2906123246750387
271 1000 2032 1323 705 705 1323 927 68 927 1651 1245 1447 718|0.1 0.026409854852229575 -0.028520854664674244 -0.016968766350959896
701 533 756 1536 1248 51 205 1000 701 533 756 1094 1708 745|0.1 0.11899192708682449 0.04629895199912637 -0.09524988254785427
73 1000 1781 1427 761 761 1427 1079 292 1079 2192 1063 1378 775|0.1 0.008527631197621233 -0.026237044236346874 -0.007018751141126822
801 1231 801 561 561 606 606 41 427 164 427 1368 597 774|0.1 0.015665375364841694 0.01310950151870438 -0.011402766660163488
354 500 354 433 354 66 81 750 326 453 214 791 1061 391|0.1 0.10580848444582402 -0.003254074763814341 -0.08442839347451603
2304 656 1392 204 1086 1330 249 1086 3072 1086 1536 1664 1201 3258|0.1 -0.00809347462962462 -0.17566695338649296 0.20913846477402132
231 867 189 333 333 67 67 1000 231 867 189 887 1054 275|0.1 0.14422533805879212 0.0292508039299344 -0.060312035162064515
189 867 231 333 333 67 67 1000 189 867 231 1018 1054 240|0.1 0.18219170864448797 0.03228866789614537 -0.06918205607328143
5303 1225 4596 354 1768 1768 354 1000 5303 1225 4596 5397 1275 5590|0.1 -0.005381466664076129 -0.19602455399176155 0.3144651210818039
4330 816 3753 289 1443 1443 289 1000 4330 816 3753 3841 1190 4564|0.1 -0.02520163696959954 -0.12128128237630875 0.2459147912802262
231 733 231 333 333 67 67 1000 231 733 231 887 1054 275|0.1 0.15253169411974632 0.015047419873448487 -0.08285903700461672
231 733 231 333 333 67 67 1000 231 733 231 887 1054 275|0.1 0.16971278457041716 0.009116322808653265 -0.05602821473478792
4330 1000 3175 289 1443 1443 289 1000 4330 1000 3175 3841 1190 4564|0.1 -0.0430145231465906 -0.22415564077473804 0.14801083515140645
4330 1000 3175 289 1443 1443 289 1000 4330 1000 3175 3841 1190 4564|0.1 0.018445783029648055 -0.11061790078277789 0.33049057588199204
1000 1000 1000 693 1299 693 87 817 817 817 817 1414 1090 1510|0.1 0.10653557111715672 -0.052064160733631404 0.10220890786322379
1000 1000 1000 848 1590 848 106 1224 1224 1224 1224 1731 1848 1334|0.1 0.12304874726851267 -0.04422931316014456 0.11918174692670869
1000 1000 1000 908 908 908 908 222 2444 222 2444 1414 1023 1808|0.1 0 0 0
245 1000 1102 1102 2693 2693 1102 1000 245 1000 1102 1127 1992 2704|0.1 -0.05442164579035569 -0.05233928667284449 0.08581331589735619
908 2444 908 1000 1000 222 222 1000 908 2444 908 1808 1414 1023|0.1 0.3033778145420518 0.054944620919759046 -0.06754852822729474
1000 1000 1000 908 908 908 908 222 2444 222 2444 1414 1023 1808|0.1 0 0 0
908 2444 908 1000 1000 222 222 1000 908 2444 908 1808 1414 1023|0.1 0.20058230462434823 0.01956524291198969 -0.08291820203312206
245 1000 1102 1102 2693 2693 1102 1000 245 1000 1102 1127 1992 2704|0.1 -0.015139878173000554 -0.055917187602462226 0.12814012075711645
1102 1000 2693 245 1102 1102 245 1000 1102 1000 2693 1992 1127 1558|0.1 -0.021930815287137806 -0.09008282280761115 0.30687818902732644
4085 4500 4085 11000 11000 4500 4500 1000 4085 4500 4085 4603 11045 8136|0.1 0.39648118837937174 0.050365797569342785 -0.0745301795171549
91 1000 91 371 371 371 371 409 409 409 409 1004 740 418|0.1 0 0 0
1102 1000 2693 245 1102 1102 245 1000 1102 1000 2693 1992 1127 1558|0.1 -0.04273151927970842 -0.09657785328499591 0.21320839682045456
91 1000 91 371 371 371 371 409 409 409 409 1004 740 418|0.1 0 0 0
4085 4500 4085 11000 11000 4500 4500 1000 4085 4500 4085 4603 11045 8136|0.1 0.335994881390953 0.06482766691759512 -0.062222771716129444
1000 1000 1000 1102 2693 1836 245 1000 1000 1000 1000 1002 1992 2438|0.1 0.08492686163559027 -0.08782855953191726 0.18933948234705955
1000 1000 1000 1836 2693 1102 245 1000 1000 1000 1000 1002 2438 1992|0.1 0.11256637276753967 -0.04410545437921076 0.017418803680513406
566 1116 1061 1875 1875 1075 375 1000 566 1116 1061 1149 2125 1528|0.1 0.08144547695537074 -0.04686472529747299 0.017859627992842242
1768 1875 1972 1900 3315 3315 663 1000 1768 1875 1972 2031 2702 3757|0.1 0.06561889262329146 -0.050784857109354986 0.08989209409770105
1836 1571 979 245 1836 1836 245 1000 1836 1571 979 2438 1204 2596|0.1 0.06391113545122895 -0.20152898953717857 0.8243009443627658
4085 7500 4085 4000 4000 7500 7500 1000 6418 7500 6418 4918 4123 9959|0.1 0.09452889894272731 -0.020242520347022452 0.015160947348245024
6418 7500 6418 4000 4000 7500 7500 1000 4085 7500 4085 6978 4123 4323|0.1 -0.03317201270077064 -0.042827540534476904 -0.007111751845712
1169 637 623 156 1169 1169 156 1000 1169 637 623 674 1087 1653|0.1 -0.0477050698697834 -0.22550204772508908 0.20663185948057494
245 1000 1836 1836 979 979 1836 1571 245 1571 1836 1204 1058 1009|0.1 0.0036983124484391006 -0.0360560065690918 0.00010626280384729014
856 533 545 1000 1000 133 133 1000 856 533 545 576 1414 930|0.1 0.12362663438743482 -0.018014854874991437 -0.0787932070830566
156 1000 1169 1169 623 623 1169 637 156 637 1169 1087 1552 642|0.1 0.03281335784314887 -0.03371363145314721 -0.01620962987784913
545 533 856 1000 1000 133 133 1000 545 533 856 1328 1414 656|0.1 0.10464479348311517 0.005545148398637956 -0.07408981553747918
1167 772 622 600 2301 1569 209 1000 1167 772 622 928 1543 2230|0.1 0.10158831617553599 -0.1781103120340466 0.31017600095438747
857 533 662 1344 1972 514 179 1000 857 533 662 795 1911 1322|0.1 0.11096080411012288 -0.07478521020877649 -0.011013838716134039
1000 1000 1000 71 566 693 87 738 600 817 950 1414 721 825|0.1 -0.0004958221547757269 -0.1611020044141731 0.7390663700099176
87 950 71 1000 1000 817 738 1000 693 600 566 953 1414 825|0.1 0 0 0
1000 1000 1000 566 693 87 71 600 817 950 738 1414 825 1052|0.1 0.12238456557536637 -0.010901621249558291 -0.08870147355687585
1061 1225 1768 1768 1305 1444 1768 125 1679 153 1768 1458 1858 2127|0.1 0.028610876256234263 0.026436804573670702 -0.030504755031220965
1443 816 866 1179 1443 1443 1066 125 1443 102 1371 1190 1190 2041|0.1 0 0 0
1230 1583 1362 1155 943 118 144 1667 1667 1667 1667 1586 1374 1202|0.1 0.19315923217024578 -0.005125700605430605 -0.09508155820272424
74 1053 91 860 777 1053 1053 632 595 1053 729 1003 1266 1107|0.1 -0.04694434314750806 0.00587324037267134 0.03203333741561565
734 904 1163 106 848 692 87 1224 1224 1224 1224 1473 1288 1009|0.1 0.0074955774073592885 -0.08360393038460145 0.7497013442228706
1000 1000 1000 87 693 566 71 817 600 738 950 1414 825 1149|0.1 -0.03160775311662367 -0.17840920745341715 0.45014023818926496
71 950 87 1000 1000 738 817 1000 566 600 693 1002 1414 721|0.1 0 0 0
1000 1000 1000 693 566 71 87 600 738 950 817 1414 1149 1051|0.1 0.1323260652958469 -0.018846060977855128 -0.08053845234758716
866 816 1443 1443 1179 1066 1443 125 1371 102 1443 1658 1519 1373|0.1 0.01543761978258118 0.028352537946041423 -0.023432645263036234
1768 1225 1061 1305 1768 1768 1444 125 1768 153 1679 2031 1275 2500|0.1 0 0 0
1362 1583 1230 943 1155 144 118 1667 1667 1667 1667 2005 1915 1374|0.1 0.26662525057558506 0.03697699678906874 -0.0846829561235296
91 1053 74 777 860 1053 1053 632 729 1053 595 1055 1001 1108|0.1 -0.040534916972267965 0.02621999835131561 0.04813595935471149
813 1107 1287 96 766 938 117 1355 1355 1355 1355 1289 1424 1556|0.1 0.010368890317451473 -0.10045014839942357 0.7728816886189205
1000 1000 1000 566 1061 566 71 738 1116 738 1116 1414 791 1149|0.1 0.03763919622300049 -0.11270760482837705 0.021174472691012358
662 1000 662 507 951 507 63 896 896 896 896 1267 1030 709|0.1 0.05926749124465225 -0.10853403512460558 0.05225899743915852
1000 1000 1000 566 1061 566 71 1116 738 1116 738 1414 1458 1456|0.1 0.09847054518479448 -0.0861729223387031 0.07752191105659723
1511 1000 1511 766 1437 766 96 1355 1355 1355 1355 1916 1972 1975|0.1 0.08389586940027005 -0.056902278789024985 0.07603132845455551
1056 1000 1056 908 908 1240 1240 222 2889 222 2889 1454 1023 2235|0.1 0 0 0
245 1000 1102 1163 3182 3182 1163 1366 245 1366 1102 1127 2462 3192|0.1 -0.06894597455457396 -0.06350150877245664 0.0690944197099097
1175 2737 860 947 947 211 211 1000 1175 2737 860 2118 1378 1257|0.1 0.2209985094211553 0.024622623315504466 -0.0859065417617022
1056 1000 1056 1240 1240 908 908 222 2889 222 2889 1454 1326 1861|0.1 0 0 0
860 2737 1175 947 947 211 211 1000 860 2737 1175 1763 1378 969|0.1 0.24615311137655027 0.03659256260480248 -0.09106257370000037
179 1000 807 851 2330 2330 851 732 179 732 807 1070 1501 2337|0.1 -0.05807596843816043 -0.057529148765188554 0.08493763105732688
1163 1366 3182 245 1102 1102 245 1000 1163 1366 3182 2050 1127 1602|0.1 -0.034463065227422485 -0.07461166200903091 0.22429956399248052
4085 4500 4085 13000 13000 4750 4750 1000 5579 4500 5579 4603 13038 8374|0.1 0.3999316525565155 0.041111521250061234 -0.06428026430824851
77 1000 77 314 429 429 314 365 346 365 346 1003 644 459|0.1 0 0 0
851 732 2330 179 807 807 179 1000 851 732 2330 1803 1070 1173|0.1 -0.06560170248174568 -0.0918090556336415 0.08909777031890664
77 1000 77 429 314 314 429 365 346 365 346 1003 774 354|0.1 0 0 0
5579 4500 5579 13000 13000 4750 4750 1000 4085 4500 4085 5969 13038 10059|0.1 0.3434878524395679 0.042814004258246996 -0.06260403174224272
1211 674 646 906 2719 1359 181 1000 1211 674 646 782 1861 2272|0.1 0.09215434624317176 -0.0913582455668982 0.14250190113958228
826 533 556 1123 2245 748 150 1000 826 533 556 646 1876 1537|0.1 0.12601901984437003 -0.09592321907663126 0.10504722162676616
616 920 329 581 1744 872 116 1000 616 920 329 935 1419 1379|0.1 0.1144086700996394 -0.09678610660374343 0.19511374954126026
1622 533 1492 1414 2828 943 189 1000 1622 533 1492 1516 2236 2302|0.1 0.1410902818198223 -0.10320170017643515 0.12038832716056103
566 200 566 693 693 130 130 200 342 50 342 721 825 676|0.1 0.07067893368202238 -0.09476946802915664 -0.002101696268712594
289 1000 1443 816 493 493 816 188 72 188 289 1190 976 514|0.1 -0.022575120476086008 -0.0361442005963486 0.024265998389125798
2598 4000 2598 6837 6837 11314 11314 4000 13856 20000 13856 3279 7124 13519|0.1 0.752100908294786 0.028304644324950168 -0.021428384581416715
585 1000 146 380 2027 2027 380 1655 2925 1655 585 1042 1977 2412|0.1 0.06196520879886869 -0.5101896058731248 0.32820399767615527
271 1000 2032 330 176 176 330 975 68 975 1651 1245 1055 222|0.1 0.01750762489984181 -0.028875338510483406 -0.015533301364617502
2956 533 3031 6158 5004 205 821 1000 2956 533 3031 3198 5640 3125|0.1 0.15707181689310845 0.0297088325232564 -0.09524097685915445
3691 7500 3691 650 650 1218 1218 250 3601 6094 3601 4596 820 3605|0.1 -0.06841058246958465 -0.03569415993091907 -0.009175063083854962
385 1000 1540 5683 5543 5543 5683 1875 9382 1875 11547 1262 5551 5860|0.1 0.007777507356763191 0.08174894843369973 0.018850646873085353
338 1025 180 69 1692 2083 278 1000 338 1025 180 1082 1057 1908|0.1 -0.029263978303591953 -0.35675818851416463 1.5935875318208814
14402 24375 14402 2598 2598 4871 4871 4000 14765 30000 14765 15225 3279 15580|0.1 0.7242156101450226 -0.010351363647764789 0.013009653954301204
200 1231 200 591 591 606 606 41 107 164 107 1127 625 592|0.1 0.02791678755557303 0.04467787376589927 -0.03182296426386344
69 1000 1692 338 180 180 338 1025 278 1025 2083 1057 1001 228|0.1 0.015205923623919926 -0.026152601107427564 -0.008032139421692008
146 1000 585 2390 2106 2106 2390 1875 3565 1875 4388 1042 2203 2227|0.1 0.006020873158383289 0.08770012634365276 0.05621025826017867
4085 7500 4085 1709 1709 3205 3205 250 3601 6094 3601 4918 1781 3766|0.1 0.019676886979855812 -0.018686739925630746 0.014546201261267377
14402 24375 14402 6837 6837 12820 12820 4000 16340 30000 16340 15225 7124 20561|0.1 0.3047695132370021 -0.027039212138006974 0.007147462045360431
890 1135 475 69 1692 2083 278 1000 890 1135 475 1428 1057 2078|0.1 -0.019761777127131896 -0.29925656578614346 1.6121959721175427
245 1000 1836 785 418 418 785 881 61 881 1492 1204 1258 436|0.1 0.016363178614287044 -0.03032690502068003 -0.013610821182418187
1123 533 1275 2340 1901 78 312 1000 1123 533 1275 1604 2334 1188|0.1 0.14599342393966985 -0.00025559165120037086 -0.09062940169665246
69 1000 1692 890 475 475 890 1135 278 1135 2083 1057 1046 495|0.1 0.009457276930131542 -0.01721690804654563 -0.011164266966811054
526 1231 526 591 591 670 670 41 281 164 281 1228 625 618|0.1 -0.019737685462987153 -0.043667839936779584 0.0021340469888642133
354 500 354 354 354 66 66 500 326 406 326 791 791 391|0.1 0.08843631756467074 -0.04518073121972166 -0.052604538754426056
187 921 1000 2828 1414 1149 1414 1000 187 921 1000 1106 2236 1288|0.1 0.03655182725414319 -0.03279104488173923 -0.024011290641217098
5333 5333 4910 6128 7542 15085 7542 1000 5333 5333 4910 5897 6872 11926|0.1 0.008004331741986448 -0.05007548034918541 0.030076753059096184
1536 1000 1248 204 1086 1086 204 1086 3072 1086 1536 1708 1201 2429|0.1 0.057960887641248515 -0.13019701005252293 0.5273174127238689
1768 1875 1305 187 1000 1875 352 921 1972 1726 1369 2574 1000 2577|0.1 -0.10103057285250072 -0.1442388046287657 0.20699780589462868
1061 738 566 566 1061 199 106 1116 977 774 521 791 1458 1173|0.1 0.13844607236250805 -0.04064724553846766 -0.04244053692619265
467 694 875 951 507 95 178 896 507 662 951 1415 1306 507|0.1 0.15359521799649167 -0.01713347842811297 -0.07469693427760826
1143 533 793 204 1086 579 109 1086 1024 579 756 623 1201 1493|0.1 0.052217064799431334 -0.11255642654044662 0.41554371765012643
1000 921 187 354 1768 1061 221 1000 1225 604 230 1000 1275 1458|0.1 0.08941137677155098 -0.28451594873462605 0.3831928669242135
230 604 1225 1768 354 221 1061 1000 187 921 1000 1195 1275 400|0.1 0.06223351333050742 -0.03339909250693607 -0.058751392410529846
5333 5333 4910 1179 1886 9428 5657 1225 5333 6532 3223 5897 2134 6799|0.1 -0.3103173609779386 -0.11283962851807883 0.010025362044374653
816 188 493 866 1443 289 180 816 816 153 752 577 1190 1041|0.1 0.1215414698653583 -0.11562868118638825 0.007701446052092997
271 1000 2032 330 176 144 269 975 169 1049 1841 1245 1055 307|0.1 0.014371736296336923 -0.035491652104993054 -0.00639789586211692
2956 533 3031 6158 5581 513 821 816 3179 435 3031 3198 6212 3386|0.1 0.15043213516348297 0.014270901735140562 -0.08037593239534124
3691 7500 3691 650 530 994 1218 625 3872 6797 3601 4596 1132 4132|0.1 0.10408391077434631 -0.0135120319387394 0.004675185712139651
330 975 176 271 2032 1841 169 1000 269 1049 144 977 1245 2050|0.1 0.026828186630645234 -0.26092192299961625 0.5361403350703542
257 953 137 161 1756 1937 258 930 315 953 168 917 1065 1954|0.1 -0.036791518036095594 -0.2787404267355831 0.317838732166007
5761 10875 6194 849 1039 1949 1591 1600 5906 12000 5906 6598 1811 6232|0.1 0.05642639783749903 -0.032176152571296024 0.006879159041162097
3712 533 3893 6835 7542 1006 629 1225 3712 653 3621 4156 7608 4622|0.1 0.1650459350515554 -0.009778843513146285 -0.04351406670193181
161 930 1756 257 137 168 315 953 258 953 1937 1139 1067 292|0.1 0.02147122454801087 -0.030520629808349353 -0.009349952204185108
875 694 467 538 2016 1218 112 732 574 645 306 546 1205 1972|0.1 0.09813454299439472 -0.15483333231411378 0.2822889189411848
1275 533 1123 2121 3510 936 195 1523 1741 812 1208 1175 3432 2097|0.1 0.11431456292722908 -0.09969971339821138 0.031869077516615274
354 500 354 354 433 81 66 750 214 453 326 791 829 422|0.1 0.10392830070736103 -0.01966424512303 -0.04707138366087382
3510 1523 2121 380 2027 1655 310 1655 4680 1655 2340 3432 1977 3881|0.1 0.054426503758318034 -0.16702812854399118 0.5572917104963726
1768 1875 1305 177 943 1768 331 1260 1951 2362 1314 2574 1374 2500|0.1 -0.11023921119919233 -0.14526288297917023 0.17486444450223404
1061 738 566 533 1000 188 100 1104 1336 743 713 791 1414 1077|0.1 0.13059608254668564 -0.0017439114627337826 -0.041134288502638894
646 674 1211 906 483 91 170 906 513 669 961 1551 1282 705|0.1 0.15602569336174765 -0.016906070297424414 -0.07705419253568269
826 533 556 140 748 399 75 794 748 423 553 646 806 1058|0.1 0.07927887017142865 -0.13252609745904587 0.529304582478678
271 1000 2032 254 135 135 254 1007 271 1007 2032 1245 1009 303|0.1 0.03724061509553955 -0.029876946601811172 -0.015565526515649575
3965 533 3937 8000 8000 1067 1067 1000 3965 533 3937 3973 8062 4925|0.1 0.17094680183431743 0.02211253287863313 -0.05256860955629272
3691 7500 3691 500 500 938 938 1000 3717 7500 3717 4596 1118 3808|0.1 0.06981636408813108 -0.029643385277956513 -0.001506388309593376
254 1007 135 271 2032 2032 271 1000 254 1007 135 1032 1245 2048|0.1 0.02395463258543673 -0.2633224752639207 0.5363238700156159
252 993 135 269 2018 2018 269 1000 252 993 135 1002 1242 2033|0.1 -0.045412142928199506 -0.24978819389391727 0.15604258556181305
3717 7500 3717 500 500 938 938 1000 3691 7500 3691 4617 1118 3725|0.1 0.08294760071577922 -0.01973002720166539 0.00486118943591185
3937 533 3965 8000 8000 1067 1067 1000 3937 533 3965 4062 8062 4903|0.1 0.16317208384144744 -0.007260382440068547 -0.05489575066250696
269 1000 2018 252 135 135 252 993 269 993 2018 1242 1025 301|0.1 0.04893594506211851 -0.034820553858951886 -0.014295892623420459
943 533 696 177 943 503 94 1260 1040 672 701 745 1374 1069|0.1 0.06893929344841565 -0.20021358874831918 0.3979499614989801
566 738 1061 1000 533 100 188 1104 713 743 1336 1456 1133 574|0.1 0.12762228759727545 -0.027602006416743707 -0.07290917646332606
1211 674 646 483 906 170 91 906 961 669 513 782 1027 1321|0.1 0.12814274893222954 -0.013744966883232346 -0.04103804641237496
1549 1875 1043 140 748 1403 263 794 1403 1488 1036 2402 806 1590|0.1 -0.10462021038678437 -0.12961223519910803 0.2050054115971589
354 1000 354 625 625 125 125 1000 354 1000 354 1061 1179 451|0.1 0.1425240322223087 0.07520721784488815 -0.07483401209357976
354 1000 354 625 625 125 125 1000 354 1000 354 1061 1179 451|0.1 0.11844242125127469 -0.036456253796030014 -0.049387863324559245
2828 1000 2828 354 1768 1768 354 1000 2828 1000 2828 3000 1275 3335|0.1 -0.045476811907222414 -0.14945853227971928 0.15438178103495792
2828 1000 2828 354 1768 1768 354 1000 2828 1000 2828 3000 1275 3335|0.1 -0.014462405341133522 -0.10333055319753037 0.3397370799559707
4064 2144 2167 271 2032 2032 271 1000 4064 2144 2167 4185 1245 4543|0.1 -0.041043247898086 -0.30597091457111203 0.21161288942870948
3691 7500 3691 8000 8000 15000 15000 1000 7914 7500 7914 4596 8062 15447|0.1 0.11333623062898424 -0.020893218836167682 0.006928706109536886
7914 7500 7914 8000 8000 15000 15000 1000 3691 7500 3691 8374 8062 8811|0.1 0.017536597468026383 -0.037002075551654245 -0.008729151315574057
1895 466 1011 126 948 948 126 1000 1895 466 1011 1113 1058 2119|0.1 -0.05533249586968658 -0.1539846304083159 0.2605542079879264
271 1000 2032 4064 2167 2167 4064 2144 271 2144 2032 1245 2387 2184|0.1 0.02021374460605907 -0.03145178065101395 -0.01507145699412904
528 533 246 500 500 67 67 1000 528 533 246 587 1118 558|0.1 0.164542167092685 0.013494168888850133 -0.07343802638262287
126 1000 948 1895 1011 1011 1895 466 126 466 948 1058 1952 1019|0.1 0.03883442549937888 -0.037463136429015664 -0.016856186774993898
246 533 528 500 500 67 67 1000 246 533 528 1030 1118 306|0.1 0.10552547376484256 0.03130259757117004 -0.06952084588717988
189 1000 189 333 333 67 67 1000 189 1000 189 1018 1054 240|0.1 0.136990348540158 0.050369216305143905 -0.06667777552136211
189 1000 189 333 333 67 67 1000 189 1000 189 1018 1054 240|0.1 0.17022381939429732 0.0022341009108783894 -0.06961992304223785
5303 1000 5303 354 1768 1768 354 1000 5303 1000 5303 5397 1275 5590|0.1 0.012663433173274452 -0.1417303317502705 0.3359916999593948
5303 1000 5303 354 1768 1768 354 1000 5303 1000 5303 5397 1275 5590|0.1 0.028373713951124202 -0.16589800959883383 0.3645583063760127
1000 1000 1000 533 533 67 67 1000 1104 1000 1104 1414 1133 1002|0.1 0.132549402140556 -0.02593136017981168 -0.07760945119932305
1875 1000 1875 1875 2069 2069 1875 125 1875 125 1875 2125 1879 2792|0.1 0 0 0
1000 1000 1000 67 533 533 67 1104 1000 1104 1000 1414 1133 1133|0.1 0.00963875334645481 -0.15714132980642948 0.685442900166322
67 1000 67 1000 1000 1104 1104 1000 533 1000 533 1002 1414 1133|0.1 0 0 0
1875 1000 1875 2069 1875 1875 2069 125 1875 125 1875 2125 2125 2652|0.1 0 0 0
1104 1000 1104 533 533 67 67 1000 1000 1000 1000 1489 1133 1133|0.1 0.13233375792871094 -0.010198144670231502 -0.08349540573651337
906 1000 906 60 483 483 60 906 906 906 906 1350 908 1027|0.1 -0.023871503708874364 -0.18796834557017195 0.43981273967165
67 1000 67 1104 1104 1000 1000 1000 533 1000 533 1002 1489 1002|0.1 0 0 0
271 1000 2032 269 144 144 269 1049 271 1049 2032 1245 961 307|0.1 0.024875228875558264 -0.028491036790843083 -0.01763130340208474
3893 533 3712 7542 7542 1006 1006 1000 3893 533 3712 3569 7608 4769|0.1 0.11483014458111951 -0.019449261310376942 -0.07706595709459196
3691 7500 3691 530 530 994 994 1000 3872 7500 3872 4596 1132 4132|0.1 -0.09074391426273087 -0.051971317000975015 -0.0012561051225679076
269 1049 144 271 2032 2032 271 1000 269 1049 144 1119 1245 2050|0.1 -0.02107561026050253 -0.15421158705237525 0.4197661628969862
257 953 137 258 1937 1937 258 1000 257 953 137 917 1225 1954|0.1 -0.0010648260357948303 -0.23581085157374226 0.4231857978422071
3872 7500 3872 530 530 994 994 1000 3691 7500 3691 4742 1132 3549|0.1 0.24238487012201437 -0.0011382177703900265 0.0030860778268948508
3712 533 3893 7542 7542 1006 1006 1000 3712 533 3893 4156 7608 4622|0.1 0.15596636822233334 -0.021384205332041217 -0.04465294787918794
258 1000 1937 257 137 137 257 953 258 953 1937 1225 1067 292|0.1 0.04091230896746234 -0.03317246317934397 -0.013481132294818066
875 694 467 896 2689 1344 179 1000 875 694 467 546 1847 2093|0.1 0.10496622435038017 -0.12074580526686307 0.16848691383969383
1143 533 793 1536 3072 1024 205 1000 1143 533 793 623 2391 2110|0.1 0.09464885119417676 -0.0976575823177872 0.07491951815014053
1000 1000 1000 71 566 566 71 738 1000 738 1000 1414 721 1149|0.1 -0.008679461732730154 -0.17885072681724457 0.5663527768815224
71 1000 71 1000 1000 738 738 1000 566 1000 566 1002 1414 721|0.1 0 0 0
1000 1000 1000 566 566 71 71 1000 738 1000 738 1414 1149 1051|0.1 0.18032913560390496 0.004283038246724047 -0.07437525570374248
1768 1000 1768 1768 1305 1305 1768 125 1768 125 1768 2031 1858 2197|0.1 0 0 0
1768 1000 1768 1305 1768 1768 1305 125 1768 125 1768 2031 1275 2500|0.1 0 0 0
738 1000 738 566 566 71 71 1000 1000 1000 1000 1243 1149 721|0.1 0.13882443805196099 0.023702621337566843 -0.08484815358327458
71 1000 71 738 738 1000 1000 1000 566 1000 566 1002 1243 1051|0.1 0 0 0
1355 1000 1355 96 766 766 96 1355 1355 1355 1355 1684 1424 1556|0.1 0.0031725578511232477 -0.16768963193280362 0.7182799591835098
1111 1000 1111 1240 1240 1240 1240 222 3333 222 3333 1495 1326 2289|0.1 0 0 0
179 1000 807 896 2689 2689 896 1000 179 1000 807 1070 1847 2695|0.1 -0.057998275719923775 -0.05862023684261697 0.07287010782389469
1116 3000 1116 900 900 200 200 1000 1116 3000 1116 2060 1345 1194|0.1 0.28200569923641394 0.029948635253689293 -0.07219021650199942
1111 1000 1111 1240 1240 1240 1240 222 3333 222 3333 1495 1326 2289|0.1 0 0 0
1116 3000 1116 900 900 200 200 1000 1116 3000 1116 2060 1345 1194|0.1 0.34157727634867463 0.055531042251322216 -0.0876677553096461
179 1000 807 896 2689 2689 896 1000 179 1000 807 1070 1847 2695|0.1 -0.02466890209254169 -0.057199623494352814 0.20268483432347661
896 1000 2689 179 807 807 179 1000 896 1000 2689 1847 1070 1206|0.1 -0.06308847903658155 -0.057700042769011084 0.15762565043337284
5579 4500 5579 15000 15000 5000 5000 1000 5579 4500 5579 5969 15033 10302|0.1 0.46166332019549783 0.07689846510944509 -0.07352601374727818
67 1000 67 372 372 372 372 333 300 333 300 1002 687 398|0.1 0 0 0
896 1000 2689 179 807 807 179 1000 896 1000 2689 1847 1070 1206|0.1 -0.060357145146240354 -0.08813591715307822 0.15674442398772692
67 1000 67 372 372 372 372 333 300 333 300 1002 687 398|0.1 0 0 0
5579 4500 5579 15000 15000 5000 5000 1000 5579 4500 5579 5969 15033 10302|0.1 0.44716590529354727 0.0585117258805079 -0.08439132625703727
1000 1000 1000 1600 3000 1600 200 1720 1720 1720 1720 1414 3162 1887|0.1 0.1264336999305904 -0.049546188255680246 0.1268716130423786
1000 1000 1000 930 1744 930 116 581 581 581 581 822 1097 1838|0.1 0.11242749800479679 -0.10266505886173172 0.08572280736947047
1000 1000 1000 1600 1600 200 200 1000 1720 1000 1720 1414 1887 1020|0.1 0.16421279792629528 -0.009932238207107646 -0.08730631969061986
625 1000 625 625 1075 1075 625 125 625 125 625 1179 637 1244|0.1 0 0 0
1000 1000 1000 200 1600 1600 200 1720 1000 1720 1000 1414 1887 1887|0.1 -0.019396313169744994 -0.17273514781865118 0.4974863959258058
200 1000 200 1000 1000 1720 1720 1000 1600 1000 1600 1020 1414 1887|0.1 0 0 0
625 1000 625 1075 625 625 1075 125 625 125 625 1179 1179 884|0.1 0 0 0
1720 1000 1720 1600 1600 200 200 1000 1000 1000 1000 1990 1887 1887|0.1 0.1726039207299035 -0.0090932005803257 -0.07412958634631206
581 1000 581 116 930 930 116 581 581 581 581 1157 593 1097|0.1 -0.010630136096605458 -0.17043659047089932 0.5550430533540784
200 1000 200 1720 1720 1000 1000 1000 1600 1000 1600 1020 1990 1020|0.1 0 0 0
581 1047 271 581 1744 930 201 1000 1000 883 467 1157 1419 1097|0.1 0.04131726956343673 -0.23978536301851427 0.10829705614729512
1000 467 883 930 1744 581 201 581 1000 271 1047 1027 1097 1419|0.1 0.14102374277315866 -0.05602242401414936 0.11004552405904366
70 1000 70 1220 1747 1747 1220 1690 1056 1690 1056 1002 2648 1768|0.1 0.03535328147815653 0.019006152968839007 0.07153221823328781
1386 1433 820 58 866 866 58 1000 1386 1433 820 2171 1025 1634|0.1 0.03649212686297476 -0.21020721019932687 1.7354719769357851
17317 15000 17317 14200 14200 24000 24000 1000 24808 15000 24808 17745 14235 37596|0.1 0.16612470194840245 -0.017725970280300096 -0.0029637374775037806
70 1000 70 1747 1220 1220 1747 1690 1056 1690 1056 1002 954 1250|0.1 0.002939806683570634 0.09950535835753005 0.03297889422434919
24808 15000 24808 14200 14200 24000 24000 1000 17317 15000 17317 25109 14235 13544|0.1 0.3946588825861097 0.0016022065129250862 0.0022381502226109795
967 698 572 40 605 605 40 1000 967 698 572 546 1012 1141|0.1 0.03649698369495802 -0.20855533778706192 1.7387300954673246
58 1000 866 1386 820 820 1386 1433 58 1433 866 1025 782 822|0.1 0.015531126166468123 -0.027778505242150864 -0.005667742838896261
1034 592 722 625 625 42 42 1000 1034 592 722 564 1179 1046|0.1 0.13802454511251394 -0.03666704581865465 -0.08199790271216978
1600 1000 1600 1154 1154 1654 1654 67 947 67 947 1887 1183 903|0.1 0.021547585102765776 0.00630916540751425 -0.015885016899997995
40 1000 605 967 572 572 967 698 40 698 605 1012 1515 574|0.1 0.010794560498166295 -0.024263173464090793 -0.009936071534202284
1600 1000 1600 1654 1654 1154 1154 67 947 67 947 1887 1674 2506|0.1 0.09718370623522876 0.03227463995962854 -0.08771245923434146
722 592 1034 625 625 42 42 1000 722 592 1034 1567 1179 739|0.1 0.13882115354472369 -0.03683387178745612 -0.08176624269227495
1289 681 602 581 1744 930 201 1000 1000 883 467 878 1419 2010|0.1 0.12721139856001873 -0.07416485780394444 0.143811230498887
1000 467 883 930 1744 581 201 1289 1000 602 681 1027 2010 1419|0.1 0.06761159725897192 -0.11190671570241006 0.05245699549798033
1000 883 467 581 1744 930 201 1000 1289 681 602 1027 1419 1366|0.1 0.1213522106172471 -0.1348857593710806 0.18479215912752256
776 467 528 721 1353 451 156 776 776 362 685 681 1059 1101|0.1 0.09214082496631582 -0.054841118302444425 0.06350060026478976
1000 883 467 581 1744 930 201 1000 581 1047 271 1027 1419 1838|0.1 0.14627694932178192 -0.02310216365239537 0.25247679120797173
1720 467 1801 1600 3000 1000 347 1720 1720 803 1519 1990 3162 2441|0.1 0.09695366704830732 -0.09915818460247139 0.081461097470239
1000 1000 1000 533 1000 533 67 1104 1104 1104 1104 1414 1414 1133|0.1 0.06868734322496683 -0.06238375946649888 0.05714224310718663
1000 1000 1000 483 906 483 60 906 906 906 906 1282 1027 1282|0.1 0.08104325140807056 -0.06915747694598906 0.07120991657459053
1600 1000 1600 803 803 1035 1035 67 947 67 947 1887 843 1241|0.1 0.048342275950741254 -0.010225006715919305 -0.06100134838939342
83 1000 1246 1993 1179 1179 1993 1289 83 1289 1246 1050 1546 1182|0.1 0.02448327566204389 -0.027933927904538747 -0.008107649887851842
647 592 502 625 625 42 42 1000 647 592 502 776 1179 667|0.1 0.13866658560094391 -0.03672606747130769 -0.08173913430810309
1600 1000 1600 1035 1035 803 803 67 947 67 947 1887 1067 1790|0.1 0.03592359710789861 0.004546341719975366 -0.04905072717719672
502 592 647 625 625 42 42 1000 502 592 647 1119 1179 527|0.1 0.13871609086238523 -0.03677623259872864 -0.08189039039286361
64 1000 966 1546 915 915 1546 776 64 776 966 1031 1729 917|0.1 0.00602222103029737 -0.024759716546605137 -0.005083070856046756
1993 1289 1179 83 1246 1246 83 1000 1993 1289 1179 2230 1050 2350|0.1 0.036992084406362036 -0.20921468438863555 1.743171830111343
12043 15000 12043 14200 14200 24000 24000 1000 15527 15000 15527 12651 14235 26852|0.1 0.2917038398787586 -0.0028080876768177276 0.006671005637250982
70 1000 70 848 1093 1093 848 1690 1056 1690 1056 1002 1891 1127|0.1 0.0729965414936462 0.21399741654862137 0.0022446317873647814
1546 776 915 64 966 966 64 1000 1546 776 915 1199 1031 1823|0.1 0.03641998433288274 -0.20770828782500694 1.7402036302336144
15527 15000 15527 14200 14200 24000 24000 1000 12043 15000 12043 16002 14235 18619|0.1 0.14537372260013504 -0.01710093256459433 -0.002299199976733002
70 1000 70 1093 848 848 1093 1690 1056 1690 1056 1002 1311 891|0.1 0.06545335027003274 -0.08928917932316538 -0.0019710996254973523
467 961 1000 1744 581 39 581 1000 467 961 1000 1238 1419 490|0.1 0.10345714404816242 -0.0065902371992465625 -0.08594318647062837
2143 2143 2060 83 1246 3737 1246 1000 2143 2143 2060 2653 1050 3041|0.1 -0.12354432594346765 -0.1353795459772711 0.6600889372476848
269 927 144 271 2032 1651 68 1000 269 927 144 859 1245 1851|0.15 -0.04134173832016752 -0.20946415246764882 0.27471270511973067
3712 533 3441 6128 7542 1006 251 1000 3712 533 3441 3187 6872 4622|0.15 0.10996046146171778 0.00042627183463705975 -0.029246841930576917
1000 921 187 354 1768 354 88 1000 1000 921 187 1000 1275 1275|0.15 0.17420123967519574 0.03766127037637901 0.3140215675339242
1000 187 921 354 1768 354 88 1000 1000 187 921 1000 1275 1275|0.15 0.08965531754555389 -0.2074880858175443 0.21271084737341184
1000 1000 1000 566 566 71 71 200 1116 900 1116 1414 721 1002|0.15 0.09721986245522451 0.0023671340043995848 -0.094141233764794
71 1116 566 1000 1000 900 200 1000 71 1116 566 1002 1414 951|0.15 -0.0012797106343687137 -0.04403317975992804 0.05324483461554452
354 1000 1768 1768 1972 1972 1768 125 1591 125 1768 1275 1772 2110|0.15 -0.012196053855576539 0.01822787082217836 -0.009250491538477235
14142 8000 15780 12728 14142 14142 2828 1000 14142 8000 15780 14177 13454 20000|0.15 0.35820959901906146 0.01939282068741166 -0.018948758159380574
79 1111 79 1240 1240 1111 1111 222 629 1111 629 1057 1326 1114|0.15 -0.052100937283423576 0.06961304133554558 0.030548436386019784
179 1000 807 63 507 507 63 896 896 896 896 1070 898 646|0.15 -0.03448873899333682 -0.03323327923601349 0.5215743078317314
1000 1000 1000 693 693 87 87 200 817 900 817 1414 825 1052|0.15 0.11085066148069922 0.03045487607828523 -0.08299243286485791
289 1000 1443 1443 1179 1179 1443 125 1299 125 1443 1190 1519 1329|0.15 0.006451106622615832 0.005300376805299489 -0.01902415889909359
87 817 693 1000 1000 900 200 1000 87 817 693 1052 1414 953|0.15 -0.02170675825930224 -0.020035067143731045 0.03261530923518441
11547 8000 9434 10392 11547 11547 2309 1000 11547 8000 9434 12152 11000 16330|0.15 0.3775091127362429 0.023741747127996593 -0.011960659312445499
245 1000 1102 106 848 848 106 1224 1224 1224 1224 1127 1288 1009|0.15 -0.0605964603386111 -0.07976552809931592 0.2639067833740927
96 1111 96 908 908 1111 1111 222 770 1111 770 1058 1023 1169|0.15 -0.06020722689249469 0.07062506557560688 0.06149577083419677
1323 927 705 271 2032 1651 68 1000 1323 927 705 1277 1245 2259|0.15 -0.04988898468424763 -0.3284495145012645 0.22025662974943128
756 533 701 1248 1536 205 51 1000 756 533 701 966 1708 941|0.15 0.16731449157705747 -0.04485797939219882 -0.013742216315443256
1225 604 230 354 1768 354 88 1000 1225 604 230 707 1275 1458|0.15 0.21517776421905443 0.42712901388761493 0.31927607165369354
816 188 493 289 1443 289 72 1000 816 188 493 577 1190 1041|0.15 0.11969503083234745 -0.18990784809459482 0.30673272880564095
330 975 176 271 2032 1651 68 1000 330 975 176 977 1245 1861|0.15 -0.0163249396313081 -0.17768202091205332 0.4617548276614958
3031 533 2956 5004 6158 821 205 1000 3031 533 2956 2960 5640 3774|0.15 0.11577961671675352 -0.0436103301583568 -0.06127172256479296
785 881 418 245 1836 1492 61 1000 785 881 418 922 1204 1831|0.15 0.06152057936842148 -0.16824229592042328 0.7573125213976817
1275 533 1123 1901 2340 312 78 1000 1275 533 1123 1175 2334 1534|0.15 0.16864523649362084 -0.031469962736142554 -0.0051113236431465925
1720 3000 1720 803 803 1720 1720 67 1654 1000 1654 2441 843 1980|0.15 0 0 0
1000 961 467 581 1744 581 39 1000 1000 961 467 1151 1419 1419|0.15 0.09426932519498443 0.026404069279584164 0.10076827595786986
1000 467 961 581 1744 581 39 1000 1000 467 961 1151 1419 1419|0.15 0.011376301518077891 -0.07571594798568615 0.027804605464689658
40 1000 605 1040 485 485 1040 1040 605 1040 1814 1012 1197 510|0.15 0 0 0
187 921 1000 1768 354 88 354 1000 187 921 1000 1106 1275 258|0.2 0.09788464447822554 -0.04366264004714515 -0.07242070822185309
5333 5333 4910 471 1886 9428 1886 1000 5333 5333 4910 5897 1374 6799|0.2 -0.5158643567627663 -0.15746400346469347 -0.08673406296692554
230 604 1225 1768 354 88 354 1000 230 604 1225 1195 1275 290|0.2 0.1385892318360793 -0.03066821897114158 -0.08918147675744725
4355 5333 2632 385 1540 7698 1540 1000 4355 5333 2632 5203 1262 5551|0.2 -0.25302965144965106 -0.10539208940548273 0.4990921675491111